crop,patient_id,image,fdi,icdas,fold,true,pred,confidence,p_no_caries,p_mild,p_moderate,p_advanced
crops/-10-_0.jpg,-10-,-10-_jpg.rf.85806b3c3d7496428912c8a14731318b.jpg,,0,0,no_caries,no_caries,0.4525,0.45248,0.43159,0.07895,0.03699
crops/-10-_1.jpg,-10-,-10-_jpg.rf.85806b3c3d7496428912c8a14731318b.jpg,,0,0,no_caries,no_caries,0.7864,0.78642,0.14165,0.05565,0.01628
crops/-10-_2.jpg,-10-,-10-_jpg.rf.85806b3c3d7496428912c8a14731318b.jpg,,0,0,no_caries,no_caries,0.8541,0.85414,0.03906,0.0821,0.0247
crops/-10-_3.jpg,-10-,-10-_jpg.rf.85806b3c3d7496428912c8a14731318b.jpg,,0,0,no_caries,mild,0.4523,0.39901,0.45232,0.07234,0.07633
crops/-10-_4.jpg,-10-,-10-_jpg.rf.85806b3c3d7496428912c8a14731318b.jpg,,2,0,mild,mild,0.9078,0.04338,0.90781,0.00873,0.04008
crops/-10-_5.jpg,-10-,-10-_jpg.rf.85806b3c3d7496428912c8a14731318b.jpg,,0,0,no_caries,mild,0.7343,0.22532,0.73432,0.01825,0.02211
crops/-10-_6.jpg,-10-,-10-_jpg.rf.85806b3c3d7496428912c8a14731318b.jpg,,0,0,no_caries,mild,0.9381,0.05234,0.93811,0.00238,0.00716
crops/-10-_7.jpg,-10-,-10-_jpg.rf.85806b3c3d7496428912c8a14731318b.jpg,,0,0,no_caries,mild,0.9207,0.0485,0.92071,0.0042,0.0266
crops/-10-_8.jpg,-10-,-10-_jpg.rf.85806b3c3d7496428912c8a14731318b.jpg,,0,0,no_caries,mild,0.6065,0.28592,0.60651,0.06832,0.03926
crops/-10-_9.jpg,-10-,-10-_jpg.rf.85806b3c3d7496428912c8a14731318b.jpg,,2,0,mild,mild,0.5545,0.29633,0.55446,0.12445,0.02476
crops/-10-_10.jpg,-10-,-10-_jpg.rf.85806b3c3d7496428912c8a14731318b.jpg,,5,0,advanced,advanced,0.687,0.01122,0.2884,0.01341,0.68697
crops/-10-_11.jpg,-10-,-10-_jpg.rf.85806b3c3d7496428912c8a14731318b.jpg,,0,0,no_caries,mild,0.7474,0.21789,0.74737,0.02077,0.01397
crops/-10-_12.jpg,-10-,-10-_jpg.rf.85806b3c3d7496428912c8a14731318b.jpg,,0,0,no_caries,mild,0.5003,0.39269,0.5003,0.07896,0.02806
crops/-10-_13.jpg,-10-,-10-_jpg.rf.85806b3c3d7496428912c8a14731318b.jpg,,0,0,no_caries,no_caries,0.7686,0.76863,0.11477,0.08356,0.03304
crops/-10-_14.jpg,-10-,-10-_jpg.rf.85806b3c3d7496428912c8a14731318b.jpg,,0,0,no_caries,no_caries,0.7653,0.76526,0.10001,0.06319,0.07154
crops/-10-_15.jpg,-10-,-10-_jpg.rf.85806b3c3d7496428912c8a14731318b.jpg,,0,0,no_caries,no_caries,0.7639,0.76386,0.13855,0.0505,0.04708
crops/-10-_16.jpg,-10-,-10-_jpg.rf.85806b3c3d7496428912c8a14731318b.jpg,,0,0,no_caries,mild,0.6827,0.25919,0.68274,0.01816,0.03992
crops/-10-_17.jpg,-10-,-10-_jpg.rf.85806b3c3d7496428912c8a14731318b.jpg,,2,0,mild,mild,0.9498,0.03664,0.94983,0.0044,0.00913
crops/-10-_18.jpg,-10-,-10-_jpg.rf.85806b3c3d7496428912c8a14731318b.jpg,,0,0,no_caries,mild,0.9077,0.05549,0.90775,0.01695,0.01981
crops/-10-_19.jpg,-10-,-10-_jpg.rf.85806b3c3d7496428912c8a14731318b.jpg,,5,0,advanced,moderate,0.4736,0.01888,0.13186,0.47363,0.37563
crops/-10-_20.jpg,-10-,-10-_jpg.rf.85806b3c3d7496428912c8a14731318b.jpg,,2,0,mild,mild,0.9165,0.04495,0.91653,0.02687,0.01164
crops/-10-_21.jpg,-10-,-10-_jpg.rf.85806b3c3d7496428912c8a14731318b.jpg,,2,0,mild,mild,0.9019,0.06965,0.90188,0.00961,0.01886
crops/-10-_22.jpg,-10-,-10-_jpg.rf.85806b3c3d7496428912c8a14731318b.jpg,,0,0,no_caries,no_caries,0.7177,0.71768,0.2418,0.02754,0.01299
crops/-10-_23.jpg,-10-,-10-_jpg.rf.85806b3c3d7496428912c8a14731318b.jpg,,0,0,no_caries,no_caries,0.6911,0.69108,0.13083,0.11578,0.06231
crops/-10-_24.jpg,-10-,-10-_jpg.rf.85806b3c3d7496428912c8a14731318b.jpg,,0,0,no_caries,no_caries,0.4775,0.4775,0.36341,0.10264,0.05645
crops/-10-_25.jpg,-10-,-10-_jpg.rf.85806b3c3d7496428912c8a14731318b.jpg,,0,0,no_caries,no_caries,0.6306,0.6306,0.2505,0.03998,0.07892
crops/005_00259_03_a091_0.jpg,005_00259_03_a091,005_00259_03_a091_jpg.rf.1c375e438ab34508efd1738845150cd0.jpg,,1,0,mild,no_caries,0.7618,0.7618,0.13944,0.05728,0.04148
crops/005_00259_03_a091_1.jpg,005_00259_03_a091,005_00259_03_a091_jpg.rf.1c375e438ab34508efd1738845150cd0.jpg,,1,0,mild,moderate,0.7121,0.17371,0.09527,0.71214,0.01887
crops/005_00259_03_a091_2.jpg,005_00259_03_a091,005_00259_03_a091_jpg.rf.1c375e438ab34508efd1738845150cd0.jpg,,0,0,no_caries,no_caries,0.6636,0.66357,0.24894,0.05245,0.03504
crops/005_00259_03_a091_3.jpg,005_00259_03_a091,005_00259_03_a091_jpg.rf.1c375e438ab34508efd1738845150cd0.jpg,,5,0,advanced,advanced,0.7234,0.00443,0.01582,0.25637,0.72338
crops/005_00259_03_a091_4.jpg,005_00259_03_a091,005_00259_03_a091_jpg.rf.1c375e438ab34508efd1738845150cd0.jpg,,0,0,no_caries,moderate,0.5978,0.09678,0.22475,0.59778,0.08069
crops/005_00259_03_a091_5.jpg,005_00259_03_a091,005_00259_03_a091_jpg.rf.1c375e438ab34508efd1738845150cd0.jpg,,0,0,no_caries,mild,0.7683,0.22008,0.76828,0.00681,0.00483
crops/005_00259_03_a091_6.jpg,005_00259_03_a091,005_00259_03_a091_jpg.rf.1c375e438ab34508efd1738845150cd0.jpg,,0,0,no_caries,no_caries,0.8226,0.82258,0.06861,0.03678,0.07202
crops/005_00259_03_a091_7.jpg,005_00259_03_a091,005_00259_03_a091_jpg.rf.1c375e438ab34508efd1738845150cd0.jpg,,0,0,no_caries,no_caries,0.7907,0.79067,0.08989,0.08796,0.03148
crops/005_00259_03_a091_8.jpg,005_00259_03_a091,005_00259_03_a091_jpg.rf.1c375e438ab34508efd1738845150cd0.jpg,,0,0,no_caries,no_caries,0.5965,0.59651,0.09126,0.2761,0.03614
crops/005_00259_03_a091_9.jpg,005_00259_03_a091,005_00259_03_a091_jpg.rf.1c375e438ab34508efd1738845150cd0.jpg,,0,0,no_caries,no_caries,0.5375,0.53747,0.10743,0.29889,0.05621
crops/005_00259_03_a091_10.jpg,005_00259_03_a091,005_00259_03_a091_jpg.rf.1c375e438ab34508efd1738845150cd0.jpg,,0,0,no_caries,no_caries,0.8355,0.83545,0.0745,0.0495,0.04054
crops/010_00506_10_a091_0.jpg,010_00506_10_a091,010_00506_10_a091_jpg.rf.c57782fddd7535d7e2b351508322fb8e.jpg,,2,0,mild,mild,0.4392,0.10014,0.43919,0.43294,0.02772
crops/010_00506_10_a091_1.jpg,010_00506_10_a091,010_00506_10_a091_jpg.rf.c57782fddd7535d7e2b351508322fb8e.jpg,,4,0,moderate,moderate,0.7148,0.00767,0.26943,0.71477,0.00812
crops/010_00506_10_a091_2.jpg,010_00506_10_a091,010_00506_10_a091_jpg.rf.c57782fddd7535d7e2b351508322fb8e.jpg,,2,0,mild,no_caries,0.7415,0.7415,0.08318,0.08135,0.09397
crops/010_00506_10_a091_3.jpg,010_00506_10_a091,010_00506_10_a091_jpg.rf.c57782fddd7535d7e2b351508322fb8e.jpg,,4,0,moderate,no_caries,0.7445,0.74452,0.09091,0.05424,0.11033
crops/010_00506_10_a091_4.jpg,010_00506_10_a091,010_00506_10_a091_jpg.rf.c57782fddd7535d7e2b351508322fb8e.jpg,,3,0,moderate,mild,0.9569,0.02224,0.95693,0.00569,0.01514
crops/010_00506_10_a091_5.jpg,010_00506_10_a091,010_00506_10_a091_jpg.rf.c57782fddd7535d7e2b351508322fb8e.jpg,,0,0,no_caries,no_caries,0.8556,0.85559,0.01648,0.08941,0.03852
crops/010_00506_10_a091_6.jpg,010_00506_10_a091,010_00506_10_a091_jpg.rf.c57782fddd7535d7e2b351508322fb8e.jpg,,0,0,no_caries,no_caries,0.7425,0.74247,0.07011,0.07878,0.10864
crops/010_00550_12_a091_0.jpg,010_00550_12_a091,010_00550_12_a091_jpg.rf.1c3993d9b87000928c818765215902ac.jpg,,3,0,moderate,no_caries,0.4125,0.41254,0.34529,0.2081,0.03407
crops/010_00550_12_a091_1.jpg,010_00550_12_a091,010_00550_12_a091_jpg.rf.1c3993d9b87000928c818765215902ac.jpg,,0,0,no_caries,mild,0.3656,0.27646,0.36562,0.26249,0.09543
crops/010_00550_12_a091_2.jpg,010_00550_12_a091,010_00550_12_a091_jpg.rf.1c3993d9b87000928c818765215902ac.jpg,,0,0,no_caries,no_caries,0.6583,0.6583,0.12372,0.19142,0.02656
crops/010_00550_12_a091_3.jpg,010_00550_12_a091,010_00550_12_a091_jpg.rf.1c3993d9b87000928c818765215902ac.jpg,,0,0,no_caries,no_caries,0.4598,0.45977,0.29786,0.21424,0.02813
crops/010_00550_12_a091_4.jpg,010_00550_12_a091,010_00550_12_a091_jpg.rf.1c3993d9b87000928c818765215902ac.jpg,,2,0,mild,mild,0.6231,0.15311,0.62312,0.14827,0.07549
crops/010_00550_12_a091_5.jpg,010_00550_12_a091,010_00550_12_a091_jpg.rf.1c3993d9b87000928c818765215902ac.jpg,,2,0,mild,no_caries,0.6327,0.63267,0.05379,0.23653,0.077
crops/010_00550_12_a091_6.jpg,010_00550_12_a091,010_00550_12_a091_jpg.rf.1c3993d9b87000928c818765215902ac.jpg,,0,0,no_caries,mild,0.7152,0.11671,0.71525,0.15014,0.01791
crops/010_00550_12_a091_7.jpg,010_00550_12_a091,010_00550_12_a091_jpg.rf.1c3993d9b87000928c818765215902ac.jpg,,1,0,mild,moderate,0.4894,0.1958,0.2924,0.48937,0.02244
crops/010_00550_12_a091_8.jpg,010_00550_12_a091,010_00550_12_a091_jpg.rf.1c3993d9b87000928c818765215902ac.jpg,,3,0,moderate,moderate,0.9179,0.00469,0.07096,0.91789,0.00646
crops/010_00550_12_a091_9.jpg,010_00550_12_a091,010_00550_12_a091_jpg.rf.1c3993d9b87000928c818765215902ac.jpg,,3,0,moderate,moderate,0.5558,0.05166,0.36028,0.55579,0.03227
crops/011_00510_05_a091_0.jpg,011_00510_05_a091,011_00510_05_a091_jpg.rf.7e1bf798d94c1cc8027e98105193c7fc.jpg,,0,0,no_caries,no_caries,0.5259,0.52586,0.25703,0.16686,0.05025
crops/011_00510_05_a091_1.jpg,011_00510_05_a091,011_00510_05_a091_jpg.rf.7e1bf798d94c1cc8027e98105193c7fc.jpg,,0,0,no_caries,no_caries,0.6469,0.64692,0.24988,0.04189,0.0613
crops/011_00510_05_a091_2.jpg,011_00510_05_a091,011_00510_05_a091_jpg.rf.7e1bf798d94c1cc8027e98105193c7fc.jpg,,0,0,no_caries,no_caries,0.7731,0.77305,0.16635,0.03932,0.02128
crops/011_00510_05_a091_3.jpg,011_00510_05_a091,011_00510_05_a091_jpg.rf.7e1bf798d94c1cc8027e98105193c7fc.jpg,,1,0,mild,no_caries,0.6999,0.69995,0.20358,0.03553,0.06094
crops/011_00510_05_a091_4.jpg,011_00510_05_a091,011_00510_05_a091_jpg.rf.7e1bf798d94c1cc8027e98105193c7fc.jpg,,1,0,mild,no_caries,0.7134,0.71344,0.21396,0.0407,0.0319
crops/011_00510_05_a091_5.jpg,011_00510_05_a091,011_00510_05_a091_jpg.rf.7e1bf798d94c1cc8027e98105193c7fc.jpg,,0,0,no_caries,no_caries,0.8899,0.88985,0.03531,0.04138,0.03346
crops/011_00510_05_a091_6.jpg,011_00510_05_a091,011_00510_05_a091_jpg.rf.7e1bf798d94c1cc8027e98105193c7fc.jpg,,0,0,no_caries,no_caries,0.7982,0.79817,0.11904,0.04951,0.03327
crops/011_00510_05_a091_7.jpg,011_00510_05_a091,011_00510_05_a091_jpg.rf.7e1bf798d94c1cc8027e98105193c7fc.jpg,,0,0,no_caries,no_caries,0.7236,0.72359,0.18883,0.06377,0.02381
crops/012_00399_07_a091_0.jpg,012_00399_07_a091,012_00399_07_a091_jpg.rf.d006f8edf3351c3cf1b06aaddb42c194.jpg,,5,0,advanced,advanced,0.916,0.01759,0.02005,0.04634,0.91603
crops/012_00399_07_a091_1.jpg,012_00399_07_a091,012_00399_07_a091_jpg.rf.d006f8edf3351c3cf1b06aaddb42c194.jpg,,5,0,advanced,advanced,0.6826,0.01975,0.03464,0.26306,0.68255
crops/012_00399_07_a091_2.jpg,012_00399_07_a091,012_00399_07_a091_jpg.rf.d006f8edf3351c3cf1b06aaddb42c194.jpg,,2,0,mild,mild,0.5514,0.12484,0.55138,0.26678,0.05701
crops/012_00399_07_a091_3.jpg,012_00399_07_a091,012_00399_07_a091_jpg.rf.d006f8edf3351c3cf1b06aaddb42c194.jpg,,1,0,mild,mild,0.7254,0.17022,0.7254,0.05521,0.04918
crops/012_00399_07_a091_4.jpg,012_00399_07_a091,012_00399_07_a091_jpg.rf.d006f8edf3351c3cf1b06aaddb42c194.jpg,,0,0,no_caries,no_caries,0.7913,0.79133,0.07247,0.11975,0.01645
crops/012_00399_07_a091_5.jpg,012_00399_07_a091,012_00399_07_a091_jpg.rf.d006f8edf3351c3cf1b06aaddb42c194.jpg,,0,0,no_caries,no_caries,0.7355,0.7355,0.01806,0.2381,0.00834
crops/012_00399_07_a091_6.jpg,012_00399_07_a091,012_00399_07_a091_jpg.rf.d006f8edf3351c3cf1b06aaddb42c194.jpg,,0,0,no_caries,moderate,0.6302,0.08364,0.16758,0.63024,0.11854
crops/1072_0.jpg,1072,1072_jpg.rf.3e4e844152f26b9de1845e90170c2635.jpg,,2,0,mild,mild,0.4435,0.08565,0.44349,0.41637,0.05449
crops/1072_1.jpg,1072,1072_jpg.rf.3e4e844152f26b9de1845e90170c2635.jpg,,4,0,moderate,advanced,0.5571,0.04745,0.02942,0.36606,0.55707
crops/1072_2.jpg,1072,1072_jpg.rf.3e4e844152f26b9de1845e90170c2635.jpg,,0,0,no_caries,no_caries,0.6981,0.69813,0.1545,0.04182,0.10555
crops/1072_3.jpg,1072,1072_jpg.rf.3e4e844152f26b9de1845e90170c2635.jpg,,6,0,advanced,advanced,0.8502,0.00123,0.01953,0.12905,0.8502
crops/1072_4.jpg,1072,1072_jpg.rf.3e4e844152f26b9de1845e90170c2635.jpg,,0,0,no_caries,no_caries,0.7346,0.73464,0.15924,0.04086,0.06526
crops/1072_5.jpg,1072,1072_jpg.rf.3e4e844152f26b9de1845e90170c2635.jpg,,0,0,no_caries,no_caries,0.8341,0.83408,0.06281,0.02831,0.0748
crops/1072_6.jpg,1072,1072_jpg.rf.3e4e844152f26b9de1845e90170c2635.jpg,,5,0,advanced,advanced,0.934,0.00494,0.006,0.05502,0.93404
crops/1072_7.jpg,1072,1072_jpg.rf.3e4e844152f26b9de1845e90170c2635.jpg,,5,0,advanced,moderate,0.9412,0.00309,0.00843,0.94118,0.04731
crops/1072_8.jpg,1072,1072_jpg.rf.3e4e844152f26b9de1845e90170c2635.jpg,,6,0,advanced,advanced,0.9256,0.00295,0.00582,0.06568,0.92556
crops/1072_9.jpg,1072,1072_jpg.rf.3e4e844152f26b9de1845e90170c2635.jpg,,2,0,mild,mild,0.7735,0.05531,0.77349,0.14154,0.02966
crops/1075_0.jpg,1075,1075_jpg.rf.66052dcff065fd43fa2f791130671ffa.jpg,,0,0,no_caries,no_caries,0.8631,0.86312,0.03596,0.0153,0.08562
crops/1075_1.jpg,1075,1075_jpg.rf.66052dcff065fd43fa2f791130671ffa.jpg,,0,0,no_caries,no_caries,0.6382,0.63824,0.15528,0.03463,0.17184
crops/1075_2.jpg,1075,1075_jpg.rf.66052dcff065fd43fa2f791130671ffa.jpg,,5,0,advanced,advanced,0.6635,0.15613,0.09352,0.0869,0.66346
crops/1075_3.jpg,1075,1075_jpg.rf.66052dcff065fd43fa2f791130671ffa.jpg,,2,0,mild,no_caries,0.578,0.57798,0.12384,0.05849,0.2397
crops/1075_4.jpg,1075,1075_jpg.rf.66052dcff065fd43fa2f791130671ffa.jpg,,2,0,mild,no_caries,0.6143,0.6143,0.26309,0.06127,0.06134
crops/1075_5.jpg,1075,1075_jpg.rf.66052dcff065fd43fa2f791130671ffa.jpg,,3,0,moderate,advanced,0.6232,0.04983,0.24745,0.07953,0.6232
crops/1075_6.jpg,1075,1075_jpg.rf.66052dcff065fd43fa2f791130671ffa.jpg,,3,0,moderate,mild,0.6716,0.01769,0.6716,0.03898,0.27173
crops/1075_7.jpg,1075,1075_jpg.rf.66052dcff065fd43fa2f791130671ffa.jpg,,0,0,no_caries,mild,0.5083,0.12325,0.50833,0.13616,0.23226
crops/1075_8.jpg,1075,1075_jpg.rf.66052dcff065fd43fa2f791130671ffa.jpg,,0,0,no_caries,no_caries,0.4976,0.49761,0.27921,0.10532,0.11786
crops/1075_9.jpg,1075,1075_jpg.rf.66052dcff065fd43fa2f791130671ffa.jpg,,0,0,no_caries,mild,0.5127,0.12214,0.51274,0.31673,0.04839
crops/1075_10.jpg,1075,1075_jpg.rf.66052dcff065fd43fa2f791130671ffa.jpg,,2,0,mild,mild,0.5955,0.05071,0.59546,0.31133,0.04249
crops/1075_11.jpg,1075,1075_jpg.rf.66052dcff065fd43fa2f791130671ffa.jpg,,2,0,mild,no_caries,0.3767,0.37668,0.36344,0.23448,0.0254
crops/1075_12.jpg,1075,1075_jpg.rf.66052dcff065fd43fa2f791130671ffa.jpg,,2,0,mild,mild,0.691,0.03558,0.69098,0.2208,0.05264
crops/1075_13.jpg,1075,1075_jpg.rf.66052dcff065fd43fa2f791130671ffa.jpg,,2,0,mild,mild,0.6605,0.25393,0.66054,0.0463,0.03923
crops/1075_14.jpg,1075,1075_jpg.rf.66052dcff065fd43fa2f791130671ffa.jpg,,2,0,mild,no_caries,0.7915,0.79153,0.04955,0.13796,0.02096
crops/1075_15.jpg,1075,1075_jpg.rf.66052dcff065fd43fa2f791130671ffa.jpg,,0,0,no_caries,advanced,0.5897,0.02419,0.36255,0.02352,0.58974
crops/1098_0.jpg,1098,1098_jpg.rf.545738cfad6445d62ee517152cad615f.jpg,,0,0,no_caries,no_caries,0.8392,0.83924,0.01068,0.03551,0.11456
crops/1098_1.jpg,1098,1098_jpg.rf.545738cfad6445d62ee517152cad615f.jpg,,0,0,no_caries,no_caries,0.7447,0.74465,0.06049,0.03132,0.16354
crops/1098_2.jpg,1098,1098_jpg.rf.545738cfad6445d62ee517152cad615f.jpg,,0,0,no_caries,no_caries,0.6994,0.69937,0.02552,0.08475,0.19037
crops/1098_3.jpg,1098,1098_jpg.rf.545738cfad6445d62ee517152cad615f.jpg,,0,0,no_caries,no_caries,0.8788,0.87883,0.00919,0.02968,0.0823
crops/1098_4.jpg,1098,1098_jpg.rf.545738cfad6445d62ee517152cad615f.jpg,,0,0,no_caries,no_caries,0.7719,0.77193,0.02714,0.02687,0.17406
crops/1098_5.jpg,1098,1098_jpg.rf.545738cfad6445d62ee517152cad615f.jpg,,0,0,no_caries,no_caries,0.8457,0.84575,0.0262,0.01962,0.10843
crops/1098_6.jpg,1098,1098_jpg.rf.545738cfad6445d62ee517152cad615f.jpg,,0,0,no_caries,no_caries,0.8477,0.84769,0.04204,0.04011,0.07016
crops/1098_7.jpg,1098,1098_jpg.rf.545738cfad6445d62ee517152cad615f.jpg,,0,0,no_caries,no_caries,0.8537,0.85365,0.03914,0.0522,0.055
crops/1098_8.jpg,1098,1098_jpg.rf.545738cfad6445d62ee517152cad615f.jpg,,0,0,no_caries,no_caries,0.916,0.91603,0.01136,0.03261,0.04001
crops/1098_9.jpg,1098,1098_jpg.rf.545738cfad6445d62ee517152cad615f.jpg,,0,0,no_caries,no_caries,0.876,0.87601,0.01365,0.03424,0.07609
crops/1098_10.jpg,1098,1098_jpg.rf.545738cfad6445d62ee517152cad615f.jpg,,0,0,no_caries,no_caries,0.9422,0.94219,0.00556,0.02786,0.02439
crops/1098_11.jpg,1098,1098_jpg.rf.545738cfad6445d62ee517152cad615f.jpg,,0,0,no_caries,no_caries,0.7769,0.77692,0.0356,0.10208,0.08539
crops/1098_12.jpg,1098,1098_jpg.rf.545738cfad6445d62ee517152cad615f.jpg,,0,0,no_caries,no_caries,0.6637,0.66366,0.1128,0.07974,0.1438
crops/1098_13.jpg,1098,1098_jpg.rf.545738cfad6445d62ee517152cad615f.jpg,,0,0,no_caries,no_caries,0.7667,0.76675,0.14529,0.03487,0.05309
crops/1098_14.jpg,1098,1098_jpg.rf.545738cfad6445d62ee517152cad615f.jpg,,2,0,mild,no_caries,0.7555,0.7555,0.12815,0.04427,0.07208
crops/1098_15.jpg,1098,1098_jpg.rf.545738cfad6445d62ee517152cad615f.jpg,,0,0,no_caries,no_caries,0.9122,0.91225,0.02972,0.02683,0.0312
crops/1098_16.jpg,1098,1098_jpg.rf.545738cfad6445d62ee517152cad615f.jpg,,0,0,no_caries,no_caries,0.9352,0.93521,0.02243,0.02979,0.01257
crops/1098_17.jpg,1098,1098_jpg.rf.545738cfad6445d62ee517152cad615f.jpg,,0,0,no_caries,no_caries,0.8389,0.83891,0.0273,0.10925,0.02454
crops/1098_18.jpg,1098,1098_jpg.rf.545738cfad6445d62ee517152cad615f.jpg,,0,0,no_caries,no_caries,0.8857,0.88572,0.03749,0.06071,0.01608
crops/1098_19.jpg,1098,1098_jpg.rf.545738cfad6445d62ee517152cad615f.jpg,,0,0,no_caries,no_caries,0.8855,0.88553,0.02771,0.04893,0.03783
crops/1098_20.jpg,1098,1098_jpg.rf.545738cfad6445d62ee517152cad615f.jpg,,0,0,no_caries,no_caries,0.9367,0.93672,0.009,0.02997,0.02431
crops/1098_21.jpg,1098,1098_jpg.rf.545738cfad6445d62ee517152cad615f.jpg,,0,0,no_caries,no_caries,0.8911,0.89113,0.03243,0.02906,0.04738
crops/1098_22.jpg,1098,1098_jpg.rf.545738cfad6445d62ee517152cad615f.jpg,,0,0,no_caries,no_caries,0.8049,0.80494,0.05667,0.07585,0.06254
crops/1196_0.jpg,1196,1196_jpg.rf.d4ab9650b2b381e81c1ba7847380b18f.jpg,,0,0,no_caries,no_caries,0.6798,0.67976,0.27733,0.01913,0.02378
crops/1196_1.jpg,1196,1196_jpg.rf.d4ab9650b2b381e81c1ba7847380b18f.jpg,,5,0,advanced,advanced,0.9337,0.00814,0.03784,0.02033,0.93369
crops/1196_2.jpg,1196,1196_jpg.rf.d4ab9650b2b381e81c1ba7847380b18f.jpg,,5,0,advanced,mild,0.827,0.00156,0.82695,0.04169,0.1298
crops/1196_3.jpg,1196,1196_jpg.rf.d4ab9650b2b381e81c1ba7847380b18f.jpg,,5,0,advanced,mild,0.9067,0.00386,0.90666,0.00778,0.08169
crops/1196_4.jpg,1196,1196_jpg.rf.d4ab9650b2b381e81c1ba7847380b18f.jpg,,5,0,advanced,advanced,0.9814,0.00448,0.004,0.01016,0.98137
crops/1196_5.jpg,1196,1196_jpg.rf.d4ab9650b2b381e81c1ba7847380b18f.jpg,,0,0,no_caries,no_caries,0.6414,0.6414,0.25611,0.05701,0.04548
crops/1196_6.jpg,1196,1196_jpg.rf.d4ab9650b2b381e81c1ba7847380b18f.jpg,,0,0,no_caries,mild,0.5326,0.36254,0.53256,0.08574,0.01915
crops/1196_7.jpg,1196,1196_jpg.rf.d4ab9650b2b381e81c1ba7847380b18f.jpg,,0,0,no_caries,no_caries,0.8327,0.83269,0.04659,0.04794,0.07279
crops/1196_8.jpg,1196,1196_jpg.rf.d4ab9650b2b381e81c1ba7847380b18f.jpg,,0,0,no_caries,no_caries,0.7613,0.7613,0.09829,0.05125,0.08916
crops/1196_9.jpg,1196,1196_jpg.rf.d4ab9650b2b381e81c1ba7847380b18f.jpg,,0,0,no_caries,no_caries,0.6144,0.61443,0.23057,0.06913,0.08587
crops/1196_10.jpg,1196,1196_jpg.rf.d4ab9650b2b381e81c1ba7847380b18f.jpg,,0,0,no_caries,no_caries,0.7378,0.73776,0.10834,0.12473,0.02918
crops/1196_11.jpg,1196,1196_jpg.rf.d4ab9650b2b381e81c1ba7847380b18f.jpg,,0,0,no_caries,no_caries,0.7887,0.78874,0.07605,0.07335,0.06186
crops/1196_12.jpg,1196,1196_jpg.rf.d4ab9650b2b381e81c1ba7847380b18f.jpg,,0,0,no_caries,no_caries,0.823,0.82302,0.10423,0.03765,0.0351
crops/1196_13.jpg,1196,1196_jpg.rf.d4ab9650b2b381e81c1ba7847380b18f.jpg,,0,0,no_caries,mild,0.5829,0.20183,0.5829,0.03898,0.17629
crops/1254_0.jpg,1254,1254_jpg.rf.cc9b5365254dd173e476dfe053387d0c.jpg,,0,0,no_caries,no_caries,0.7344,0.73437,0.07934,0.06146,0.12483
crops/1254_1.jpg,1254,1254_jpg.rf.cc9b5365254dd173e476dfe053387d0c.jpg,,0,0,no_caries,no_caries,0.6682,0.66817,0.12886,0.03837,0.1646
crops/1254_2.jpg,1254,1254_jpg.rf.cc9b5365254dd173e476dfe053387d0c.jpg,,0,0,no_caries,no_caries,0.5292,0.52917,0.22033,0.1626,0.08791
crops/1254_3.jpg,1254,1254_jpg.rf.cc9b5365254dd173e476dfe053387d0c.jpg,,0,0,no_caries,no_caries,0.6462,0.64625,0.23981,0.06405,0.04989
crops/1254_4.jpg,1254,1254_jpg.rf.cc9b5365254dd173e476dfe053387d0c.jpg,,0,0,no_caries,no_caries,0.7767,0.77666,0.13176,0.04409,0.0475
crops/1254_5.jpg,1254,1254_jpg.rf.cc9b5365254dd173e476dfe053387d0c.jpg,,0,0,no_caries,moderate,0.5275,0.22423,0.19575,0.52748,0.05254
crops/1254_6.jpg,1254,1254_jpg.rf.cc9b5365254dd173e476dfe053387d0c.jpg,,0,0,no_caries,no_caries,0.555,0.55495,0.16163,0.23862,0.0448
crops/1254_7.jpg,1254,1254_jpg.rf.cc9b5365254dd173e476dfe053387d0c.jpg,,0,0,no_caries,no_caries,0.6583,0.65833,0.14965,0.12601,0.06602
crops/1254_8.jpg,1254,1254_jpg.rf.cc9b5365254dd173e476dfe053387d0c.jpg,,0,0,no_caries,no_caries,0.749,0.74896,0.1209,0.08194,0.04821
crops/1258_0.jpg,1258,1258_jpg.rf.69751d47803d4ac3761186be51de6ca7.jpg,,0,0,no_caries,mild,0.4298,0.4024,0.4298,0.1176,0.0502
crops/1258_1.jpg,1258,1258_jpg.rf.69751d47803d4ac3761186be51de6ca7.jpg,,0,0,no_caries,no_caries,0.8861,0.88615,0.0433,0.03544,0.03511
crops/1258_2.jpg,1258,1258_jpg.rf.69751d47803d4ac3761186be51de6ca7.jpg,,0,0,no_caries,no_caries,0.7707,0.77075,0.14798,0.05189,0.02938
crops/1258_3.jpg,1258,1258_jpg.rf.69751d47803d4ac3761186be51de6ca7.jpg,,0,0,no_caries,no_caries,0.7172,0.71721,0.17819,0.06639,0.0382
crops/1258_4.jpg,1258,1258_jpg.rf.69751d47803d4ac3761186be51de6ca7.jpg,,0,0,no_caries,no_caries,0.7219,0.72188,0.19922,0.02592,0.05298
crops/1258_5.jpg,1258,1258_jpg.rf.69751d47803d4ac3761186be51de6ca7.jpg,,0,0,no_caries,no_caries,0.6659,0.66594,0.26031,0.03989,0.03385
crops/1258_6.jpg,1258,1258_jpg.rf.69751d47803d4ac3761186be51de6ca7.jpg,,5,0,advanced,no_caries,0.5691,0.56912,0.3547,0.0546,0.02158
crops/1258_7.jpg,1258,1258_jpg.rf.69751d47803d4ac3761186be51de6ca7.jpg,,5,0,advanced,moderate,0.4579,0.3794,0.16179,0.4579,0.0009
crops/1258_8.jpg,1258,1258_jpg.rf.69751d47803d4ac3761186be51de6ca7.jpg,,1,0,mild,moderate,0.8465,0.08085,0.07206,0.84648,0.00061
crops/1258_9.jpg,1258,1258_jpg.rf.69751d47803d4ac3761186be51de6ca7.jpg,,0,0,no_caries,no_caries,0.823,0.82303,0.07239,0.06941,0.03517
crops/1258_10.jpg,1258,1258_jpg.rf.69751d47803d4ac3761186be51de6ca7.jpg,,0,0,no_caries,mild,0.5565,0.39613,0.55653,0.01698,0.03036
crops/1258_11.jpg,1258,1258_jpg.rf.69751d47803d4ac3761186be51de6ca7.jpg,,0,0,no_caries,mild,0.5656,0.3287,0.56563,0.01247,0.0932
crops/1258_12.jpg,1258,1258_jpg.rf.69751d47803d4ac3761186be51de6ca7.jpg,,0,0,no_caries,no_caries,0.466,0.46603,0.43796,0.06364,0.03237
crops/1258_13.jpg,1258,1258_jpg.rf.69751d47803d4ac3761186be51de6ca7.jpg,,0,0,no_caries,no_caries,0.6414,0.64141,0.19786,0.07255,0.08818
crops/1258_14.jpg,1258,1258_jpg.rf.69751d47803d4ac3761186be51de6ca7.jpg,,0,0,no_caries,no_caries,0.6192,0.61921,0.28603,0.044,0.05076
crops/1258_15.jpg,1258,1258_jpg.rf.69751d47803d4ac3761186be51de6ca7.jpg,,0,0,no_caries,no_caries,0.8541,0.85412,0.06314,0.03741,0.04533
crops/1258_16.jpg,1258,1258_jpg.rf.69751d47803d4ac3761186be51de6ca7.jpg,,5,0,advanced,no_caries,0.6097,0.6097,0.04802,0.03674,0.30555
crops/1267_0.jpg,1267,1267_jpg.rf.5e476baeeb2f2f19876f26304f3ad4be.jpg,,1,0,mild,mild,0.4047,0.3696,0.40473,0.15816,0.06751
crops/1267_1.jpg,1267,1267_jpg.rf.5e476baeeb2f2f19876f26304f3ad4be.jpg,,3,0,moderate,moderate,0.9799,0.00223,0.00587,0.9799,0.012
crops/1267_2.jpg,1267,1267_jpg.rf.5e476baeeb2f2f19876f26304f3ad4be.jpg,,6,0,advanced,mild,0.7969,0.05177,0.79686,0.08844,0.06293
crops/1267_3.jpg,1267,1267_jpg.rf.5e476baeeb2f2f19876f26304f3ad4be.jpg,,3,0,moderate,advanced,0.5129,0.06699,0.32836,0.09173,0.51292
crops/1267_4.jpg,1267,1267_jpg.rf.5e476baeeb2f2f19876f26304f3ad4be.jpg,,0,0,no_caries,no_caries,0.7795,0.77953,0.09332,0.07499,0.05216
crops/1267_5.jpg,1267,1267_jpg.rf.5e476baeeb2f2f19876f26304f3ad4be.jpg,,0,0,no_caries,no_caries,0.7506,0.75061,0.10085,0.07227,0.07627
crops/1267_6.jpg,1267,1267_jpg.rf.5e476baeeb2f2f19876f26304f3ad4be.jpg,,2,0,mild,advanced,0.7351,0.04208,0.16747,0.05535,0.7351
crops/1267_7.jpg,1267,1267_jpg.rf.5e476baeeb2f2f19876f26304f3ad4be.jpg,,5,0,advanced,advanced,0.902,0.00285,0.07151,0.02364,0.902
crops/1267_8.jpg,1267,1267_jpg.rf.5e476baeeb2f2f19876f26304f3ad4be.jpg,,0,0,no_caries,mild,0.5035,0.3408,0.50349,0.14566,0.01005
crops/1267_9.jpg,1267,1267_jpg.rf.5e476baeeb2f2f19876f26304f3ad4be.jpg,,0,0,no_caries,no_caries,0.4776,0.47756,0.21242,0.11859,0.19144
crops/1267_10.jpg,1267,1267_jpg.rf.5e476baeeb2f2f19876f26304f3ad4be.jpg,,6,0,advanced,advanced,0.8534,0.02388,0.047,0.07569,0.85343
crops/1267_11.jpg,1267,1267_jpg.rf.5e476baeeb2f2f19876f26304f3ad4be.jpg,,6,0,advanced,moderate,0.4431,0.03752,0.16237,0.44307,0.35703
crops/1267_12.jpg,1267,1267_jpg.rf.5e476baeeb2f2f19876f26304f3ad4be.jpg,,3,0,moderate,mild,0.5042,0.12495,0.50421,0.36014,0.01069
crops/1267_13.jpg,1267,1267_jpg.rf.5e476baeeb2f2f19876f26304f3ad4be.jpg,,2,0,mild,mild,0.5549,0.33336,0.55492,0.09388,0.01784
crops/1267_14.jpg,1267,1267_jpg.rf.5e476baeeb2f2f19876f26304f3ad4be.jpg,,3,0,moderate,moderate,0.9016,0.005,0.07808,0.90156,0.01536
crops/1267_15.jpg,1267,1267_jpg.rf.5e476baeeb2f2f19876f26304f3ad4be.jpg,,2,0,mild,moderate,0.5928,0.11168,0.21012,0.59279,0.08541
crops/1267_16.jpg,1267,1267_jpg.rf.5e476baeeb2f2f19876f26304f3ad4be.jpg,,2,0,mild,mild,0.7325,0.01655,0.73246,0.22526,0.02573
crops/1267_17.jpg,1267,1267_jpg.rf.5e476baeeb2f2f19876f26304f3ad4be.jpg,,2,0,mild,no_caries,0.489,0.48902,0.34514,0.14273,0.02311
crops/1267_18.jpg,1267,1267_jpg.rf.5e476baeeb2f2f19876f26304f3ad4be.jpg,,0,0,no_caries,mild,0.4769,0.24653,0.47689,0.26213,0.01444
crops/1267_19.jpg,1267,1267_jpg.rf.5e476baeeb2f2f19876f26304f3ad4be.jpg,,0,0,no_caries,no_caries,0.7707,0.77074,0.122,0.05328,0.05398
crops/1267_20.jpg,1267,1267_jpg.rf.5e476baeeb2f2f19876f26304f3ad4be.jpg,,0,0,no_caries,no_caries,0.794,0.79403,0.06899,0.06584,0.07114
crops/127_0.jpg,127,127_jpg.rf.aa57fa6ee4bacb3df04ad82673c8fcb0.jpg,,6,0,advanced,advanced,0.9597,0.01064,0.00911,0.02056,0.95969
crops/127_1.jpg,127,127_jpg.rf.aa57fa6ee4bacb3df04ad82673c8fcb0.jpg,,5,0,advanced,moderate,0.9323,0.00097,0.00341,0.93234,0.06328
crops/127_2.jpg,127,127_jpg.rf.aa57fa6ee4bacb3df04ad82673c8fcb0.jpg,,0,0,no_caries,moderate,0.5028,0.07711,0.35935,0.50275,0.06078
crops/127_3.jpg,127,127_jpg.rf.aa57fa6ee4bacb3df04ad82673c8fcb0.jpg,,0,0,no_caries,no_caries,0.6159,0.61593,0.24237,0.09066,0.05103
crops/127_4.jpg,127,127_jpg.rf.aa57fa6ee4bacb3df04ad82673c8fcb0.jpg,,0,0,no_caries,no_caries,0.6214,0.62137,0.30595,0.02633,0.04635
crops/1291_0.jpg,1291,1291_jpg.rf.3cdc5f511add5873f00a946cfd7e7431.jpg,,0,0,no_caries,no_caries,0.8793,0.87932,0.02059,0.07386,0.02623
crops/1291_1.jpg,1291,1291_jpg.rf.3cdc5f511add5873f00a946cfd7e7431.jpg,,0,0,no_caries,no_caries,0.4142,0.41424,0.24953,0.15188,0.18434
crops/1291_2.jpg,1291,1291_jpg.rf.3cdc5f511add5873f00a946cfd7e7431.jpg,,2,0,mild,mild,0.4232,0.03235,0.42317,0.3119,0.23257
crops/1291_3.jpg,1291,1291_jpg.rf.3cdc5f511add5873f00a946cfd7e7431.jpg,,3,0,moderate,no_caries,0.6007,0.60071,0.238,0.07077,0.09052
crops/1291_4.jpg,1291,1291_jpg.rf.3cdc5f511add5873f00a946cfd7e7431.jpg,,1,0,mild,moderate,0.3626,0.24752,0.1146,0.36262,0.27525
crops/1291_5.jpg,1291,1291_jpg.rf.3cdc5f511add5873f00a946cfd7e7431.jpg,,3,0,moderate,moderate,0.7291,0.00746,0.13606,0.72909,0.12739
crops/1291_6.jpg,1291,1291_jpg.rf.3cdc5f511add5873f00a946cfd7e7431.jpg,,3,0,moderate,moderate,0.8877,0.0049,0.07855,0.88768,0.02887
crops/1291_7.jpg,1291,1291_jpg.rf.3cdc5f511add5873f00a946cfd7e7431.jpg,,2,0,mild,mild,0.6952,0.19904,0.69517,0.02337,0.08241
crops/1291_8.jpg,1291,1291_jpg.rf.3cdc5f511add5873f00a946cfd7e7431.jpg,,0,0,no_caries,no_caries,0.7615,0.76145,0.07658,0.10834,0.05363
crops/1291_9.jpg,1291,1291_jpg.rf.3cdc5f511add5873f00a946cfd7e7431.jpg,,0,0,no_caries,no_caries,0.9084,0.90841,0.00358,0.06705,0.02096
crops/1291_10.jpg,1291,1291_jpg.rf.3cdc5f511add5873f00a946cfd7e7431.jpg,,0,0,no_caries,no_caries,0.784,0.784,0.09544,0.04452,0.07605
crops/1291_11.jpg,1291,1291_jpg.rf.3cdc5f511add5873f00a946cfd7e7431.jpg,,1,0,mild,no_caries,0.5819,0.58191,0.28274,0.05394,0.08142
crops/1291_12.jpg,1291,1291_jpg.rf.3cdc5f511add5873f00a946cfd7e7431.jpg,,1,0,mild,no_caries,0.8357,0.83574,0.03217,0.09865,0.03344
crops/1291_13.jpg,1291,1291_jpg.rf.3cdc5f511add5873f00a946cfd7e7431.jpg,,1,0,mild,no_caries,0.652,0.65203,0.03484,0.30005,0.01308
crops/1291_14.jpg,1291,1291_jpg.rf.3cdc5f511add5873f00a946cfd7e7431.jpg,,0,0,no_caries,moderate,0.7578,0.21815,0.00683,0.75777,0.01725
crops/1291_15.jpg,1291,1291_jpg.rf.3cdc5f511add5873f00a946cfd7e7431.jpg,,0,0,no_caries,no_caries,0.5306,0.53062,0.03967,0.37441,0.0553
crops/1291_16.jpg,1291,1291_jpg.rf.3cdc5f511add5873f00a946cfd7e7431.jpg,,0,0,no_caries,no_caries,0.7165,0.71648,0.13359,0.13289,0.01704
crops/1291_17.jpg,1291,1291_jpg.rf.3cdc5f511add5873f00a946cfd7e7431.jpg,,0,0,no_caries,no_caries,0.6034,0.60344,0.04037,0.3173,0.03889
crops/1291_18.jpg,1291,1291_jpg.rf.3cdc5f511add5873f00a946cfd7e7431.jpg,,0,0,no_caries,no_caries,0.779,0.77898,0.11625,0.05567,0.04909
crops/1291_19.jpg,1291,1291_jpg.rf.3cdc5f511add5873f00a946cfd7e7431.jpg,,0,0,no_caries,no_caries,0.704,0.70404,0.15092,0.07344,0.0716
crops/1297_0.jpg,1297,1297_jpg.rf.719936eaba637f61e55179ad5dbdb77d.jpg,,0,0,no_caries,no_caries,0.9137,0.91371,0.04648,0.02428,0.01552
crops/1297_1.jpg,1297,1297_jpg.rf.719936eaba637f61e55179ad5dbdb77d.jpg,,0,0,no_caries,no_caries,0.6945,0.69454,0.17905,0.07625,0.05016
crops/1297_2.jpg,1297,1297_jpg.rf.719936eaba637f61e55179ad5dbdb77d.jpg,,0,0,no_caries,no_caries,0.504,0.50396,0.27169,0.17486,0.04949
crops/1297_3.jpg,1297,1297_jpg.rf.719936eaba637f61e55179ad5dbdb77d.jpg,,0,0,no_caries,no_caries,0.7236,0.72356,0.19664,0.0406,0.0392
crops/1297_4.jpg,1297,1297_jpg.rf.719936eaba637f61e55179ad5dbdb77d.jpg,,0,0,no_caries,no_caries,0.7421,0.7421,0.19009,0.02698,0.04083
crops/1297_5.jpg,1297,1297_jpg.rf.719936eaba637f61e55179ad5dbdb77d.jpg,,0,0,no_caries,mild,0.5329,0.37189,0.53291,0.05549,0.03971
crops/1297_6.jpg,1297,1297_jpg.rf.719936eaba637f61e55179ad5dbdb77d.jpg,,0,0,no_caries,no_caries,0.6297,0.62975,0.3162,0.03223,0.02182
crops/1297_7.jpg,1297,1297_jpg.rf.719936eaba637f61e55179ad5dbdb77d.jpg,,0,0,no_caries,no_caries,0.6349,0.63491,0.26031,0.04199,0.06279
crops/1297_8.jpg,1297,1297_jpg.rf.719936eaba637f61e55179ad5dbdb77d.jpg,,0,0,no_caries,no_caries,0.4364,0.43644,0.19791,0.24545,0.1202
crops/1297_9.jpg,1297,1297_jpg.rf.719936eaba637f61e55179ad5dbdb77d.jpg,,0,0,no_caries,mild,0.6217,0.24885,0.62171,0.05018,0.07926
crops/1313_0.jpg,1313,1313_jpg.rf.62e798b6b6758ef324af1da64d86160d.jpg,,0,0,no_caries,no_caries,0.6148,0.61479,0.14338,0.17478,0.06705
crops/1313_1.jpg,1313,1313_jpg.rf.62e798b6b6758ef324af1da64d86160d.jpg,,0,0,no_caries,no_caries,0.8535,0.85354,0.07751,0.03858,0.03037
crops/1313_2.jpg,1313,1313_jpg.rf.62e798b6b6758ef324af1da64d86160d.jpg,,0,0,no_caries,no_caries,0.6335,0.63346,0.26103,0.05307,0.05243
crops/1313_3.jpg,1313,1313_jpg.rf.62e798b6b6758ef324af1da64d86160d.jpg,,0,0,no_caries,no_caries,0.4859,0.48594,0.44551,0.03401,0.03454
crops/1313_4.jpg,1313,1313_jpg.rf.62e798b6b6758ef324af1da64d86160d.jpg,,0,0,no_caries,no_caries,0.4856,0.48563,0.15896,0.23917,0.11624
crops/1313_5.jpg,1313,1313_jpg.rf.62e798b6b6758ef324af1da64d86160d.jpg,,0,0,no_caries,mild,0.9041,0.08212,0.90411,0.00525,0.00851
crops/1313_6.jpg,1313,1313_jpg.rf.62e798b6b6758ef324af1da64d86160d.jpg,,0,0,no_caries,no_caries,0.4818,0.4818,0.39735,0.07141,0.04943
crops/1313_7.jpg,1313,1313_jpg.rf.62e798b6b6758ef324af1da64d86160d.jpg,,0,0,no_caries,mild,0.5833,0.33217,0.58329,0.07476,0.00978
crops/1313_8.jpg,1313,1313_jpg.rf.62e798b6b6758ef324af1da64d86160d.jpg,,4,0,moderate,moderate,0.6255,0.0156,0.35578,0.62546,0.00316
crops/1313_9.jpg,1313,1313_jpg.rf.62e798b6b6758ef324af1da64d86160d.jpg,,4,0,moderate,mild,0.731,0.02268,0.73098,0.07942,0.16693
crops/1313_10.jpg,1313,1313_jpg.rf.62e798b6b6758ef324af1da64d86160d.jpg,,5,0,advanced,advanced,0.5513,0.05528,0.27451,0.1189,0.55131
crops/1313_11.jpg,1313,1313_jpg.rf.62e798b6b6758ef324af1da64d86160d.jpg,,1,0,mild,mild,0.6426,0.07387,0.64257,0.27113,0.01243
crops/1313_12.jpg,1313,1313_jpg.rf.62e798b6b6758ef324af1da64d86160d.jpg,,0,0,no_caries,mild,0.7994,0.04187,0.79942,0.14998,0.00872
crops/1313_13.jpg,1313,1313_jpg.rf.62e798b6b6758ef324af1da64d86160d.jpg,,0,0,no_caries,mild,0.515,0.20462,0.51502,0.27031,0.01005
crops/1313_14.jpg,1313,1313_jpg.rf.62e798b6b6758ef324af1da64d86160d.jpg,,0,0,no_caries,no_caries,0.7868,0.78676,0.06658,0.10799,0.03867
crops/1313_15.jpg,1313,1313_jpg.rf.62e798b6b6758ef324af1da64d86160d.jpg,,0,0,no_caries,no_caries,0.4839,0.48394,0.08452,0.41611,0.01543
crops/1313_16.jpg,1313,1313_jpg.rf.62e798b6b6758ef324af1da64d86160d.jpg,,0,0,no_caries,no_caries,0.6292,0.62923,0.0988,0.22976,0.04221
crops/1313_17.jpg,1313,1313_jpg.rf.62e798b6b6758ef324af1da64d86160d.jpg,,0,0,no_caries,moderate,0.6548,0.28161,0.02793,0.65484,0.03563
crops/1313_18.jpg,1313,1313_jpg.rf.62e798b6b6758ef324af1da64d86160d.jpg,,0,0,no_caries,no_caries,0.4703,0.47034,0.22397,0.24849,0.0572
crops/1578_0.jpg,1578,1578_jpg.rf.00112fa761a7e7386604ac33d405a20c.jpg,,6,0,advanced,advanced,0.9566,0.00581,0.02715,0.01045,0.9566
crops/1578_1.jpg,1578,1578_jpg.rf.00112fa761a7e7386604ac33d405a20c.jpg,,5,0,advanced,advanced,0.9351,0.00551,0.01809,0.04131,0.93508
crops/1578_2.jpg,1578,1578_jpg.rf.00112fa761a7e7386604ac33d405a20c.jpg,,5,0,advanced,mild,0.8653,0.00174,0.86529,0.003,0.12997
crops/1578_3.jpg,1578,1578_jpg.rf.00112fa761a7e7386604ac33d405a20c.jpg,,5,0,advanced,mild,0.9182,0.00329,0.9182,0.00871,0.0698
crops/1578_4.jpg,1578,1578_jpg.rf.00112fa761a7e7386604ac33d405a20c.jpg,,5,0,advanced,mild,0.963,0.00378,0.96304,0.01474,0.01844
crops/1578_5.jpg,1578,1578_jpg.rf.00112fa761a7e7386604ac33d405a20c.jpg,,5,0,advanced,mild,0.6045,0.02472,0.6045,0.13484,0.23594
crops/1578_6.jpg,1578,1578_jpg.rf.00112fa761a7e7386604ac33d405a20c.jpg,,0,0,no_caries,no_caries,0.3453,0.34525,0.31411,0.28004,0.06059
crops/1578_7.jpg,1578,1578_jpg.rf.00112fa761a7e7386604ac33d405a20c.jpg,,0,0,no_caries,mild,0.4142,0.03606,0.41421,0.24128,0.30845
crops/1578_8.jpg,1578,1578_jpg.rf.00112fa761a7e7386604ac33d405a20c.jpg,,0,0,no_caries,moderate,0.6781,0.05451,0.21435,0.67809,0.05305
crops/1578_9.jpg,1578,1578_jpg.rf.00112fa761a7e7386604ac33d405a20c.jpg,,5,0,advanced,moderate,0.7893,0.00232,0.02267,0.78928,0.18572
crops/1578_10.jpg,1578,1578_jpg.rf.00112fa761a7e7386604ac33d405a20c.jpg,,5,0,advanced,advanced,0.9611,0.00534,0.00336,0.03016,0.96114
crops/1578_11.jpg,1578,1578_jpg.rf.00112fa761a7e7386604ac33d405a20c.jpg,,0,0,no_caries,advanced,0.8537,0.0878,0.04421,0.01433,0.85367
crops/1578_12.jpg,1578,1578_jpg.rf.00112fa761a7e7386604ac33d405a20c.jpg,,5,0,advanced,advanced,0.9326,0.01025,0.0387,0.01848,0.93256
crops/1578_13.jpg,1578,1578_jpg.rf.00112fa761a7e7386604ac33d405a20c.jpg,,6,0,advanced,advanced,0.8982,0.00822,0.0426,0.051,0.89819
crops/1578_14.jpg,1578,1578_jpg.rf.00112fa761a7e7386604ac33d405a20c.jpg,,5,0,advanced,advanced,0.9134,0.0122,0.0398,0.0346,0.91341
crops/158_0.jpg,158,158_jpg.rf.03c9f089c7eb7a3d524fe098f03962e8.jpg,,1,0,mild,no_caries,0.6271,0.62707,0.27419,0.04286,0.05588
crops/158_1.jpg,158,158_jpg.rf.03c9f089c7eb7a3d524fe098f03962e8.jpg,,2,0,mild,mild,0.332,0.11801,0.33198,0.23382,0.31619
crops/158_2.jpg,158,158_jpg.rf.03c9f089c7eb7a3d524fe098f03962e8.jpg,,2,0,mild,mild,0.9286,0.00988,0.92856,0.05974,0.00182
crops/158_3.jpg,158,158_jpg.rf.03c9f089c7eb7a3d524fe098f03962e8.jpg,,6,0,advanced,advanced,0.915,0.00929,0.00235,0.07339,0.91497
crops/158_4.jpg,158,158_jpg.rf.03c9f089c7eb7a3d524fe098f03962e8.jpg,,6,0,advanced,advanced,0.9702,0.00732,0.00556,0.01694,0.97017
crops/158_5.jpg,158,158_jpg.rf.03c9f089c7eb7a3d524fe098f03962e8.jpg,,5,0,advanced,advanced,0.9012,0.01281,0.02207,0.06392,0.9012
crops/158_6.jpg,158,158_jpg.rf.03c9f089c7eb7a3d524fe098f03962e8.jpg,,6,0,advanced,advanced,0.8935,0.01052,0.0073,0.08869,0.89349
crops/158_7.jpg,158,158_jpg.rf.03c9f089c7eb7a3d524fe098f03962e8.jpg,,5,0,advanced,advanced,0.9885,0.00412,0.00469,0.00272,0.98848
crops/158_8.jpg,158,158_jpg.rf.03c9f089c7eb7a3d524fe098f03962e8.jpg,,5,0,advanced,advanced,0.9754,0.00346,0.0079,0.01319,0.97545
crops/158_9.jpg,158,158_jpg.rf.03c9f089c7eb7a3d524fe098f03962e8.jpg,,0,0,no_caries,mild,0.6097,0.33924,0.60966,0.02067,0.03044
crops/158_10.jpg,158,158_jpg.rf.03c9f089c7eb7a3d524fe098f03962e8.jpg,,0,0,no_caries,mild,0.5627,0.37045,0.56271,0.03059,0.03625
crops/158_11.jpg,158,158_jpg.rf.03c9f089c7eb7a3d524fe098f03962e8.jpg,,1,0,mild,mild,0.5405,0.20585,0.5405,0.16146,0.09219
crops/158_12.jpg,158,158_jpg.rf.03c9f089c7eb7a3d524fe098f03962e8.jpg,,0,0,no_caries,mild,0.4511,0.21892,0.45112,0.27416,0.05581
crops/158_13.jpg,158,158_jpg.rf.03c9f089c7eb7a3d524fe098f03962e8.jpg,,0,0,no_caries,no_caries,0.636,0.63599,0.12326,0.1719,0.06885
crops/158_14.jpg,158,158_jpg.rf.03c9f089c7eb7a3d524fe098f03962e8.jpg,,0,0,no_caries,no_caries,0.8034,0.80338,0.06128,0.06445,0.07088
crops/1654_0.jpg,1654,1654_jpg.rf.2e896eda41ea5e90f02e1bb02d6abe4f.jpg,,5,0,advanced,advanced,0.9738,0.00394,0.00235,0.01992,0.97379
crops/1654_1.jpg,1654,1654_jpg.rf.2e896eda41ea5e90f02e1bb02d6abe4f.jpg,,0,0,no_caries,no_caries,0.7237,0.72372,0.10224,0.06759,0.10645
crops/1654_2.jpg,1654,1654_jpg.rf.2e896eda41ea5e90f02e1bb02d6abe4f.jpg,,0,0,no_caries,no_caries,0.5606,0.56065,0.32023,0.02379,0.09533
crops/1811_0.jpg,1811,1811_jpg.rf.5fcd82d5998ca4934ff1e6a2f68986fc.jpg,,2,0,mild,moderate,0.7666,0.13307,0.08406,0.76665,0.01622
crops/1811_1.jpg,1811,1811_jpg.rf.5fcd82d5998ca4934ff1e6a2f68986fc.jpg,,0,0,no_caries,no_caries,0.6252,0.62515,0.08744,0.23137,0.05604
crops/1811_2.jpg,1811,1811_jpg.rf.5fcd82d5998ca4934ff1e6a2f68986fc.jpg,,6,0,advanced,advanced,0.9367,0.0361,0.01231,0.01491,0.93668
crops/1811_3.jpg,1811,1811_jpg.rf.5fcd82d5998ca4934ff1e6a2f68986fc.jpg,,3,0,moderate,advanced,0.5256,0.0348,0.334,0.10562,0.52559
crops/1811_4.jpg,1811,1811_jpg.rf.5fcd82d5998ca4934ff1e6a2f68986fc.jpg,,1,0,mild,no_caries,0.7532,0.75316,0.10168,0.10184,0.04332
crops/1811_5.jpg,1811,1811_jpg.rf.5fcd82d5998ca4934ff1e6a2f68986fc.jpg,,0,0,no_caries,no_caries,0.5807,0.58075,0.24862,0.07811,0.09252
crops/1811_6.jpg,1811,1811_jpg.rf.5fcd82d5998ca4934ff1e6a2f68986fc.jpg,,0,0,no_caries,moderate,0.6514,0.31168,0.02487,0.65141,0.01203
crops/1811_7.jpg,1811,1811_jpg.rf.5fcd82d5998ca4934ff1e6a2f68986fc.jpg,,0,0,no_caries,advanced,0.3655,0.33287,0.07156,0.23005,0.36553
crops/1811_8.jpg,1811,1811_jpg.rf.5fcd82d5998ca4934ff1e6a2f68986fc.jpg,,0,0,no_caries,no_caries,0.4884,0.48839,0.38038,0.0894,0.04183
crops/1811_9.jpg,1811,1811_jpg.rf.5fcd82d5998ca4934ff1e6a2f68986fc.jpg,,6,0,advanced,advanced,0.9356,0.00399,0.0069,0.05356,0.93555
crops/1811_10.jpg,1811,1811_jpg.rf.5fcd82d5998ca4934ff1e6a2f68986fc.jpg,,2,0,mild,mild,0.6964,0.049,0.69644,0.24905,0.00551
crops/1_0.jpg,1,1_jpg.rf.15636baee6e7688effa2cd6f6ae3d828.jpg,,0,0,no_caries,mild,0.4277,0.17165,0.42771,0.01112,0.38952
crops/1_1.jpg,1,1_jpg.rf.15636baee6e7688effa2cd6f6ae3d828.jpg,,0,0,no_caries,no_caries,0.51,0.50997,0.22466,0.05434,0.21103
crops/1_2.jpg,1,1_jpg.rf.15636baee6e7688effa2cd6f6ae3d828.jpg,,0,0,no_caries,no_caries,0.7144,0.71441,0.1363,0.05934,0.08995
crops/1_3.jpg,1,1_jpg.rf.15636baee6e7688effa2cd6f6ae3d828.jpg,,0,0,no_caries,mild,0.7003,0.23789,0.70034,0.02342,0.03835
crops/1_4.jpg,1,1_jpg.rf.15636baee6e7688effa2cd6f6ae3d828.jpg,,0,0,no_caries,no_caries,0.4246,0.42457,0.30331,0.04984,0.22228
crops/1_5.jpg,1,1_jpg.rf.15636baee6e7688effa2cd6f6ae3d828.jpg,,0,0,no_caries,no_caries,0.8534,0.85344,0.05735,0.0258,0.06341
crops/1_6.jpg,1,1_jpg.rf.15636baee6e7688effa2cd6f6ae3d828.jpg,,0,0,no_caries,no_caries,0.7413,0.74132,0.1396,0.09674,0.02234
crops/1_7.jpg,1,1_jpg.rf.15636baee6e7688effa2cd6f6ae3d828.jpg,,0,0,no_caries,no_caries,0.7202,0.72021,0.1094,0.07885,0.09154
crops/1_8.jpg,1,1_jpg.rf.15636baee6e7688effa2cd6f6ae3d828.jpg,,0,0,no_caries,no_caries,0.4667,0.46671,0.28914,0.09601,0.14814
crops/1_9.jpg,1,1_jpg.rf.15636baee6e7688effa2cd6f6ae3d828.jpg,,0,0,no_caries,no_caries,0.7323,0.73226,0.13876,0.03425,0.09472
crops/1_10.jpg,1,1_jpg.rf.15636baee6e7688effa2cd6f6ae3d828.jpg,,0,0,no_caries,no_caries,0.7286,0.72858,0.12328,0.06162,0.08653
crops/1_11.jpg,1,1_jpg.rf.15636baee6e7688effa2cd6f6ae3d828.jpg,,0,0,no_caries,no_caries,0.6709,0.67093,0.19404,0.0844,0.05063
crops/1_12.jpg,1,1_jpg.rf.15636baee6e7688effa2cd6f6ae3d828.jpg,,2,0,mild,no_caries,0.7916,0.79163,0.0492,0.06047,0.09869
crops/1_13.jpg,1,1_jpg.rf.15636baee6e7688effa2cd6f6ae3d828.jpg,,0,0,no_caries,no_caries,0.6701,0.67006,0.14083,0.08531,0.1038
crops/204_0.jpg,204,204_jpg.rf.a995df396b81b7c0a39440386ab2be1d.jpg,,2,0,mild,no_caries,0.7209,0.72094,0.15081,0.07038,0.05787
crops/204_1.jpg,204,204_jpg.rf.a995df396b81b7c0a39440386ab2be1d.jpg,,2,0,mild,no_caries,0.584,0.58402,0.23136,0.13277,0.05185
crops/204_2.jpg,204,204_jpg.rf.a995df396b81b7c0a39440386ab2be1d.jpg,,2,0,mild,mild,0.6406,0.16781,0.64058,0.11986,0.07176
crops/204_3.jpg,204,204_jpg.rf.a995df396b81b7c0a39440386ab2be1d.jpg,,2,0,mild,moderate,0.7981,0.04029,0.14566,0.79809,0.01596
crops/204_4.jpg,204,204_jpg.rf.a995df396b81b7c0a39440386ab2be1d.jpg,,3,0,moderate,mild,0.6837,0.00742,0.68372,0.30323,0.00564
crops/204_5.jpg,204,204_jpg.rf.a995df396b81b7c0a39440386ab2be1d.jpg,,3,0,moderate,mild,0.6422,0.00131,0.64218,0.03895,0.31757
crops/204_6.jpg,204,204_jpg.rf.a995df396b81b7c0a39440386ab2be1d.jpg,,6,0,advanced,advanced,0.9361,0.00611,0.01253,0.04526,0.93609
crops/204_7.jpg,204,204_jpg.rf.a995df396b81b7c0a39440386ab2be1d.jpg,,2,0,mild,moderate,0.4845,0.00351,0.23632,0.48446,0.2757
crops/204_8.jpg,204,204_jpg.rf.a995df396b81b7c0a39440386ab2be1d.jpg,,2,0,mild,mild,0.3787,0.2844,0.37869,0.21673,0.12018
crops/204_9.jpg,204,204_jpg.rf.a995df396b81b7c0a39440386ab2be1d.jpg,,2,0,mild,no_caries,0.8471,0.8471,0.04176,0.04759,0.06354
crops/204_10.jpg,204,204_jpg.rf.a995df396b81b7c0a39440386ab2be1d.jpg,,2,0,mild,no_caries,0.5041,0.50414,0.25527,0.21839,0.0222
crops/204_11.jpg,204,204_jpg.rf.a995df396b81b7c0a39440386ab2be1d.jpg,,2,0,mild,no_caries,0.5565,0.55651,0.22852,0.18978,0.0252
crops/204_12.jpg,204,204_jpg.rf.a995df396b81b7c0a39440386ab2be1d.jpg,,2,0,mild,moderate,0.6055,0.29781,0.08917,0.60551,0.00751
crops/204_13.jpg,204,204_jpg.rf.a995df396b81b7c0a39440386ab2be1d.jpg,,3,0,moderate,moderate,0.7131,0.17736,0.08945,0.71313,0.02006
crops/204_14.jpg,204,204_jpg.rf.a995df396b81b7c0a39440386ab2be1d.jpg,,0,0,no_caries,no_caries,0.5713,0.57131,0.02803,0.33651,0.06415
crops/204_15.jpg,204,204_jpg.rf.a995df396b81b7c0a39440386ab2be1d.jpg,,0,0,no_caries,no_caries,0.5064,0.50635,0.38054,0.06384,0.04926
crops/204_16.jpg,204,204_jpg.rf.a995df396b81b7c0a39440386ab2be1d.jpg,,0,0,no_caries,no_caries,0.5784,0.57842,0.23067,0.17041,0.02051
crops/204_17.jpg,204,204_jpg.rf.a995df396b81b7c0a39440386ab2be1d.jpg,,0,0,no_caries,no_caries,0.5024,0.50244,0.36019,0.09345,0.04391
crops/204_18.jpg,204,204_jpg.rf.a995df396b81b7c0a39440386ab2be1d.jpg,,1,0,mild,no_caries,0.6183,0.6183,0.23868,0.04768,0.09534
crops/210_0.jpg,210,210_jpg.rf.72379546f04e8758fa9ecc839c63b11f.jpg,,0,0,no_caries,mild,0.5129,0.15417,0.51294,0.31775,0.01514
crops/210_1.jpg,210,210_jpg.rf.72379546f04e8758fa9ecc839c63b11f.jpg,,0,0,no_caries,mild,0.9606,0.01882,0.9606,0.01486,0.00572
crops/210_2.jpg,210,210_jpg.rf.72379546f04e8758fa9ecc839c63b11f.jpg,,5,0,advanced,mild,0.9552,0.00224,0.95519,0.00641,0.03617
crops/210_3.jpg,210,210_jpg.rf.72379546f04e8758fa9ecc839c63b11f.jpg,,5,0,advanced,mild,0.9827,0.01024,0.98271,0.00298,0.00407
crops/210_4.jpg,210,210_jpg.rf.72379546f04e8758fa9ecc839c63b11f.jpg,,5,0,advanced,mild,0.6512,0.25168,0.65125,0.03888,0.05819
crops/210_5.jpg,210,210_jpg.rf.72379546f04e8758fa9ecc839c63b11f.jpg,,0,0,no_caries,no_caries,0.8686,0.86863,0.06772,0.03088,0.03277
crops/210_6.jpg,210,210_jpg.rf.72379546f04e8758fa9ecc839c63b11f.jpg,,0,0,no_caries,no_caries,0.823,0.82303,0.04376,0.0518,0.0814
crops/210_7.jpg,210,210_jpg.rf.72379546f04e8758fa9ecc839c63b11f.jpg,,0,0,no_caries,no_caries,0.8886,0.88856,0.02922,0.02111,0.0611
crops/210_8.jpg,210,210_jpg.rf.72379546f04e8758fa9ecc839c63b11f.jpg,,0,0,no_caries,no_caries,0.876,0.87601,0.02572,0.06325,0.03503
crops/210_9.jpg,210,210_jpg.rf.72379546f04e8758fa9ecc839c63b11f.jpg,,0,0,no_caries,no_caries,0.662,0.662,0.14054,0.08139,0.11607
crops/210_10.jpg,210,210_jpg.rf.72379546f04e8758fa9ecc839c63b11f.jpg,,0,0,no_caries,no_caries,0.8052,0.80522,0.05965,0.04399,0.09114
crops/2897_0.jpg,2897,2897_jpg.rf.f9e9e37528ca11a89368bfee570392e2.jpg,,5,0,advanced,advanced,0.872,0.00488,0.00436,0.11871,0.87204
crops/2897_1.jpg,2897,2897_jpg.rf.f9e9e37528ca11a89368bfee570392e2.jpg,,3,0,moderate,no_caries,0.4513,0.45127,0.32237,0.06781,0.15855
crops/297_0.jpg,297,297_jpg.rf.012a2f13cc7052d05662c55c126cefd4.jpg,,0,0,no_caries,no_caries,0.6711,0.67113,0.05821,0.12071,0.14995
crops/297_1.jpg,297,297_jpg.rf.012a2f13cc7052d05662c55c126cefd4.jpg,,0,0,no_caries,no_caries,0.5042,0.5042,0.33999,0.0694,0.08641
crops/297_2.jpg,297,297_jpg.rf.012a2f13cc7052d05662c55c126cefd4.jpg,,0,0,no_caries,no_caries,0.6763,0.67634,0.19762,0.10563,0.02041
crops/297_3.jpg,297,297_jpg.rf.012a2f13cc7052d05662c55c126cefd4.jpg,,2,0,mild,moderate,0.9199,0.00668,0.05579,0.91988,0.01765
crops/297_4.jpg,297,297_jpg.rf.012a2f13cc7052d05662c55c126cefd4.jpg,,2,0,mild,mild,0.413,0.31956,0.41297,0.11594,0.15153
crops/297_5.jpg,297,297_jpg.rf.012a2f13cc7052d05662c55c126cefd4.jpg,,2,0,mild,mild,0.7403,0.1316,0.74027,0.03715,0.09097
crops/297_6.jpg,297,297_jpg.rf.012a2f13cc7052d05662c55c126cefd4.jpg,,2,0,mild,mild,0.4774,0.35859,0.47742,0.0736,0.09039
crops/297_7.jpg,297,297_jpg.rf.012a2f13cc7052d05662c55c126cefd4.jpg,,2,0,mild,no_caries,0.6157,0.61573,0.21542,0.04342,0.12543
crops/297_8.jpg,297,297_jpg.rf.012a2f13cc7052d05662c55c126cefd4.jpg,,2,0,mild,no_caries,0.6536,0.65355,0.20286,0.06954,0.07404
crops/297_9.jpg,297,297_jpg.rf.012a2f13cc7052d05662c55c126cefd4.jpg,,0,0,no_caries,no_caries,0.8319,0.83188,0.07608,0.04669,0.04535
crops/297_10.jpg,297,297_jpg.rf.012a2f13cc7052d05662c55c126cefd4.jpg,,0,0,no_caries,no_caries,0.8935,0.89349,0.03092,0.01656,0.05903
crops/297_11.jpg,297,297_jpg.rf.012a2f13cc7052d05662c55c126cefd4.jpg,,0,0,no_caries,no_caries,0.8315,0.83149,0.02318,0.05008,0.09525
crops/297_12.jpg,297,297_jpg.rf.012a2f13cc7052d05662c55c126cefd4.jpg,,0,0,no_caries,no_caries,0.7372,0.73718,0.0355,0.03311,0.19421
crops/297_13.jpg,297,297_jpg.rf.012a2f13cc7052d05662c55c126cefd4.jpg,,0,0,no_caries,no_caries,0.7569,0.75693,0.03619,0.07465,0.13224
crops/297_14.jpg,297,297_jpg.rf.012a2f13cc7052d05662c55c126cefd4.jpg,,0,0,no_caries,no_caries,0.8728,0.87276,0.05714,0.03165,0.03845
crops/297_15.jpg,297,297_jpg.rf.012a2f13cc7052d05662c55c126cefd4.jpg,,0,0,no_caries,mild,0.5357,0.38013,0.53565,0.04218,0.04204
crops/297_16.jpg,297,297_jpg.rf.012a2f13cc7052d05662c55c126cefd4.jpg,,0,0,no_caries,no_caries,0.8661,0.86612,0.0308,0.08021,0.02288
crops/30_0.jpg,30,30_jpg.rf.a0d9ea3a890a0799840d924e8a71d91b.jpg,,0,0,no_caries,no_caries,0.4393,0.43931,0.43909,0.05409,0.06751
crops/30_1.jpg,30,30_jpg.rf.a0d9ea3a890a0799840d924e8a71d91b.jpg,,0,0,no_caries,no_caries,0.4181,0.41814,0.28471,0.20821,0.08894
crops/30_2.jpg,30,30_jpg.rf.a0d9ea3a890a0799840d924e8a71d91b.jpg,,5,0,advanced,moderate,0.6536,0.06868,0.17586,0.65359,0.10187
crops/30_3.jpg,30,30_jpg.rf.a0d9ea3a890a0799840d924e8a71d91b.jpg,,2,0,mild,no_caries,0.3659,0.36592,0.17942,0.31749,0.13717
crops/30_4.jpg,30,30_jpg.rf.a0d9ea3a890a0799840d924e8a71d91b.jpg,,5,0,advanced,mild,0.475,0.17399,0.47502,0.22794,0.12305
crops/30_5.jpg,30,30_jpg.rf.a0d9ea3a890a0799840d924e8a71d91b.jpg,,0,0,no_caries,no_caries,0.7501,0.75014,0.10779,0.0188,0.12327
crops/30_6.jpg,30,30_jpg.rf.a0d9ea3a890a0799840d924e8a71d91b.jpg,,0,0,no_caries,no_caries,0.7402,0.74023,0.1596,0.02974,0.07044
crops/30_7.jpg,30,30_jpg.rf.a0d9ea3a890a0799840d924e8a71d91b.jpg,,0,0,no_caries,mild,0.8213,0.14491,0.82132,0.00505,0.02872
crops/3209_0.jpg,3209,3209_jpg.rf.44a5052b3b41f423c8351cc549767593.jpg,,2,0,mild,mild,0.6453,0.11009,0.64531,0.22994,0.01466
crops/3209_1.jpg,3209,3209_jpg.rf.44a5052b3b41f423c8351cc549767593.jpg,,0,0,no_caries,mild,0.5362,0.33775,0.53621,0.0451,0.08093
crops/3209_2.jpg,3209,3209_jpg.rf.44a5052b3b41f423c8351cc549767593.jpg,,2,0,mild,mild,0.571,0.28194,0.57099,0.09585,0.05122
crops/3209_3.jpg,3209,3209_jpg.rf.44a5052b3b41f423c8351cc549767593.jpg,,0,0,no_caries,mild,0.7218,0.14612,0.72178,0.0301,0.10201
crops/3209_4.jpg,3209,3209_jpg.rf.44a5052b3b41f423c8351cc549767593.jpg,,0,0,no_caries,mild,0.5194,0.2967,0.51938,0.08023,0.1037
crops/3209_5.jpg,3209,3209_jpg.rf.44a5052b3b41f423c8351cc549767593.jpg,,0,0,no_caries,moderate,0.3893,0.32933,0.24262,0.38933,0.03873
crops/3209_6.jpg,3209,3209_jpg.rf.44a5052b3b41f423c8351cc549767593.jpg,,0,0,no_caries,no_caries,0.6654,0.6654,0.11592,0.1457,0.07298
crops/3209_7.jpg,3209,3209_jpg.rf.44a5052b3b41f423c8351cc549767593.jpg,,1,0,mild,moderate,0.5844,0.14419,0.16688,0.58442,0.10451
crops/3209_8.jpg,3209,3209_jpg.rf.44a5052b3b41f423c8351cc549767593.jpg,,0,0,no_caries,mild,0.7597,0.18312,0.75974,0.02373,0.0334
crops/3209_9.jpg,3209,3209_jpg.rf.44a5052b3b41f423c8351cc549767593.jpg,,3,0,moderate,moderate,0.8319,0.02899,0.11451,0.83186,0.02464
crops/3209_10.jpg,3209,3209_jpg.rf.44a5052b3b41f423c8351cc549767593.jpg,,3,0,moderate,moderate,0.6478,0.00568,0.34409,0.64782,0.00241
crops/3209_11.jpg,3209,3209_jpg.rf.44a5052b3b41f423c8351cc549767593.jpg,,5,0,advanced,mild,0.8556,0.04458,0.8556,0.0823,0.01752
crops/hibogi_ai_01201_0.jpg,hibogi_ai_01201,HIBOGI_AI_01201_jpg.rf.8da1514a1e0ae6213005ed1c81b39dcf.jpg,,2,0,mild,mild,0.8123,0.15593,0.81228,0.02391,0.00788
crops/hibogi_ai_01201_1.jpg,hibogi_ai_01201,HIBOGI_AI_01201_jpg.rf.8da1514a1e0ae6213005ed1c81b39dcf.jpg,,0,0,no_caries,mild,0.6673,0.2774,0.66733,0.01562,0.03965
crops/hibogi_ai_01201_2.jpg,hibogi_ai_01201,HIBOGI_AI_01201_jpg.rf.8da1514a1e0ae6213005ed1c81b39dcf.jpg,,0,0,no_caries,mild,0.4643,0.45248,0.46433,0.02772,0.05547
crops/hibogi_ai_01201_3.jpg,hibogi_ai_01201,HIBOGI_AI_01201_jpg.rf.8da1514a1e0ae6213005ed1c81b39dcf.jpg,,0,0,no_caries,no_caries,0.733,0.73298,0.16924,0.03505,0.06273
crops/hibogi_ai_01201_4.jpg,hibogi_ai_01201,HIBOGI_AI_01201_jpg.rf.8da1514a1e0ae6213005ed1c81b39dcf.jpg,,0,0,no_caries,no_caries,0.8526,0.85257,0.05949,0.02238,0.06556
crops/hibogi_ai_01201_5.jpg,hibogi_ai_01201,HIBOGI_AI_01201_jpg.rf.8da1514a1e0ae6213005ed1c81b39dcf.jpg,,0,0,no_caries,no_caries,0.7849,0.7849,0.11793,0.03479,0.06239
crops/hibogi_ai_01201_6.jpg,hibogi_ai_01201,HIBOGI_AI_01201_jpg.rf.8da1514a1e0ae6213005ed1c81b39dcf.jpg,,0,0,no_caries,no_caries,0.5086,0.50864,0.12574,0.32969,0.03594
crops/hibogi_ai_01201_7.jpg,hibogi_ai_01201,HIBOGI_AI_01201_jpg.rf.8da1514a1e0ae6213005ed1c81b39dcf.jpg,,0,0,no_caries,mild,0.8646,0.06637,0.8646,0.00362,0.06542
crops/hibogi_ai_01201_8.jpg,hibogi_ai_01201,HIBOGI_AI_01201_jpg.rf.8da1514a1e0ae6213005ed1c81b39dcf.jpg,,0,0,no_caries,moderate,0.8376,0.0086,0.13601,0.83764,0.01775
crops/hibogi_ai_01328_png_0.jpg,hibogi_ai_01328_png,HIBOGI_AI_01328_png_jpg.rf.6fd70aa853d98f74240df3386d37c1fe.jpg,,1,0,mild,no_caries,0.3283,0.32834,0.25008,0.30375,0.11782
crops/hibogi_ai_01328_png_1.jpg,hibogi_ai_01328_png,HIBOGI_AI_01328_png_jpg.rf.6fd70aa853d98f74240df3386d37c1fe.jpg,,1,0,mild,no_caries,0.4941,0.4941,0.30948,0.07834,0.11807
crops/hibogi_ai_01328_png_2.jpg,hibogi_ai_01328_png,HIBOGI_AI_01328_png_jpg.rf.6fd70aa853d98f74240df3386d37c1fe.jpg,,5,0,advanced,advanced,0.9844,0.00404,0.00367,0.00787,0.98442
crops/hibogi_ai_01328_png_3.jpg,hibogi_ai_01328_png,HIBOGI_AI_01328_png_jpg.rf.6fd70aa853d98f74240df3386d37c1fe.jpg,,0,0,no_caries,no_caries,0.513,0.51298,0.42078,0.03161,0.03463
crops/hibogi_ai_01328_png_4.jpg,hibogi_ai_01328_png,HIBOGI_AI_01328_png_jpg.rf.6fd70aa853d98f74240df3386d37c1fe.jpg,,0,0,no_caries,no_caries,0.8548,0.85476,0.03909,0.05432,0.05182
crops/hibogi_ai_01328_png_5.jpg,hibogi_ai_01328_png,HIBOGI_AI_01328_png_jpg.rf.6fd70aa853d98f74240df3386d37c1fe.jpg,,0,0,no_caries,no_caries,0.5257,0.52574,0.3571,0.016,0.10116
crops/hibogi_ai_01328_png_6.jpg,hibogi_ai_01328_png,HIBOGI_AI_01328_png_jpg.rf.6fd70aa853d98f74240df3386d37c1fe.jpg,,5,0,advanced,advanced,0.9693,0.00718,0.00958,0.01399,0.96925
crops/hibogi_ai_01328_png_7.jpg,hibogi_ai_01328_png,HIBOGI_AI_01328_png_jpg.rf.6fd70aa853d98f74240df3386d37c1fe.jpg,,2,0,mild,moderate,0.6625,0.07051,0.14812,0.66253,0.11885
crops/hibogi_ai_01328_png_8.jpg,hibogi_ai_01328_png,HIBOGI_AI_01328_png_jpg.rf.6fd70aa853d98f74240df3386d37c1fe.jpg,,0,0,no_caries,no_caries,0.7672,0.76723,0.09072,0.08835,0.0537
crops/hibogi_ai_01328_png_9.jpg,hibogi_ai_01328_png,HIBOGI_AI_01328_png_jpg.rf.6fd70aa853d98f74240df3386d37c1fe.jpg,,0,0,no_caries,no_caries,0.6417,0.64173,0.09035,0.21331,0.05461
crops/hibogi_ai_01328_png_10.jpg,hibogi_ai_01328_png,HIBOGI_AI_01328_png_jpg.rf.6fd70aa853d98f74240df3386d37c1fe.jpg,,0,0,no_caries,no_caries,0.709,0.70904,0.09403,0.16507,0.03187
crops/hibogi_ai_01328_png_11.jpg,hibogi_ai_01328_png,HIBOGI_AI_01328_png_jpg.rf.6fd70aa853d98f74240df3386d37c1fe.jpg,,0,0,no_caries,no_caries,0.5472,0.54717,0.01809,0.39573,0.03901
crops/hibogi_ai_01777_png_0.jpg,hibogi_ai_01777_png,HIBOGI_AI_01777_png_jpg.rf.9918a8c89e4835106a254405ba25bc97.jpg,,0,0,no_caries,no_caries,0.6479,0.6479,0.26419,0.04211,0.0458
crops/hibogi_ai_01777_png_1.jpg,hibogi_ai_01777_png,HIBOGI_AI_01777_png_jpg.rf.9918a8c89e4835106a254405ba25bc97.jpg,,0,0,no_caries,no_caries,0.4877,0.48768,0.37745,0.08617,0.0487
crops/hibogi_ai_01777_png_2.jpg,hibogi_ai_01777_png,HIBOGI_AI_01777_png_jpg.rf.9918a8c89e4835106a254405ba25bc97.jpg,,0,0,no_caries,no_caries,0.8661,0.86613,0.04533,0.04235,0.04619
crops/hibogi_ai_01777_png_3.jpg,hibogi_ai_01777_png,HIBOGI_AI_01777_png_jpg.rf.9918a8c89e4835106a254405ba25bc97.jpg,,0,0,no_caries,no_caries,0.7254,0.72544,0.11782,0.05036,0.10638
crops/hibogi_ai_01777_png_4.jpg,hibogi_ai_01777_png,HIBOGI_AI_01777_png_jpg.rf.9918a8c89e4835106a254405ba25bc97.jpg,,0,0,no_caries,no_caries,0.7379,0.73791,0.13663,0.03899,0.08648
crops/hibogi_ai_01777_png_5.jpg,hibogi_ai_01777_png,HIBOGI_AI_01777_png_jpg.rf.9918a8c89e4835106a254405ba25bc97.jpg,,0,0,no_caries,no_caries,0.8377,0.83769,0.06323,0.05052,0.04856
crops/hibogi_ai_01777_png_6.jpg,hibogi_ai_01777_png,HIBOGI_AI_01777_png_jpg.rf.9918a8c89e4835106a254405ba25bc97.jpg,,0,0,no_caries,no_caries,0.8521,0.85208,0.0551,0.04919,0.04363
crops/hibogi_ai_01777_png_7.jpg,hibogi_ai_01777_png,HIBOGI_AI_01777_png_jpg.rf.9918a8c89e4835106a254405ba25bc97.jpg,,0,0,no_caries,no_caries,0.6596,0.65957,0.30563,0.01799,0.01681
crops/hibogi_ai_01777_png_8.jpg,hibogi_ai_01777_png,HIBOGI_AI_01777_png_jpg.rf.9918a8c89e4835106a254405ba25bc97.jpg,,0,0,no_caries,no_caries,0.7878,0.78778,0.08939,0.09647,0.02635
crops/hibogi_ai_01777_png_9.jpg,hibogi_ai_01777_png,HIBOGI_AI_01777_png_jpg.rf.9918a8c89e4835106a254405ba25bc97.jpg,,0,0,no_caries,no_caries,0.6693,0.66932,0.10676,0.16396,0.05996
crops/hibogi_ai_01777_png_10.jpg,hibogi_ai_01777_png,HIBOGI_AI_01777_png_jpg.rf.9918a8c89e4835106a254405ba25bc97.jpg,,0,0,no_caries,no_caries,0.806,0.80598,0.09014,0.05591,0.04797
crops/hibogi_ai_01777_png_11.jpg,hibogi_ai_01777_png,HIBOGI_AI_01777_png_jpg.rf.9918a8c89e4835106a254405ba25bc97.jpg,,0,0,no_caries,no_caries,0.6106,0.61057,0.29047,0.06613,0.03284
crops/hibogi_ai_01777_png_12.jpg,hibogi_ai_01777_png,HIBOGI_AI_01777_png_jpg.rf.9918a8c89e4835106a254405ba25bc97.jpg,,0,0,no_caries,no_caries,0.7305,0.73048,0.10617,0.10392,0.05943
crops/hibogi_ai_01777_png_13.jpg,hibogi_ai_01777_png,HIBOGI_AI_01777_png_jpg.rf.9918a8c89e4835106a254405ba25bc97.jpg,,0,0,no_caries,no_caries,0.7859,0.78589,0.12192,0.02513,0.06707
crops/hibogi_ai_02752_png_0.jpg,hibogi_ai_02752_png,HIBOGI_AI_02752_png_jpg.rf.7e5e443bc7478778a48ea5014aa11da8.jpg,,0,0,no_caries,no_caries,0.7406,0.7406,0.10712,0.10801,0.04426
crops/hibogi_ai_02752_png_1.jpg,hibogi_ai_02752_png,HIBOGI_AI_02752_png_jpg.rf.7e5e443bc7478778a48ea5014aa11da8.jpg,,0,0,no_caries,no_caries,0.8278,0.82779,0.06071,0.07908,0.03242
crops/hibogi_ai_02752_png_2.jpg,hibogi_ai_02752_png,HIBOGI_AI_02752_png_jpg.rf.7e5e443bc7478778a48ea5014aa11da8.jpg,,0,0,no_caries,no_caries,0.763,0.76299,0.10361,0.06438,0.06902
crops/hibogi_ai_02752_png_3.jpg,hibogi_ai_02752_png,HIBOGI_AI_02752_png_jpg.rf.7e5e443bc7478778a48ea5014aa11da8.jpg,,0,0,no_caries,no_caries,0.7413,0.74126,0.1795,0.02731,0.05193
crops/hibogi_ai_02752_png_4.jpg,hibogi_ai_02752_png,HIBOGI_AI_02752_png_jpg.rf.7e5e443bc7478778a48ea5014aa11da8.jpg,,0,0,no_caries,no_caries,0.744,0.74403,0.20786,0.01809,0.03002
crops/hibogi_ai_02752_png_5.jpg,hibogi_ai_02752_png,HIBOGI_AI_02752_png_jpg.rf.7e5e443bc7478778a48ea5014aa11da8.jpg,,0,0,no_caries,moderate,0.5965,0.16327,0.10964,0.59654,0.13056
crops/hibogi_ai_02752_png_6.jpg,hibogi_ai_02752_png,HIBOGI_AI_02752_png_jpg.rf.7e5e443bc7478778a48ea5014aa11da8.jpg,,0,0,no_caries,no_caries,0.7582,0.75818,0.07433,0.06794,0.09955
crops/hibogi_ai_02752_png_7.jpg,hibogi_ai_02752_png,HIBOGI_AI_02752_png_jpg.rf.7e5e443bc7478778a48ea5014aa11da8.jpg,,0,0,no_caries,no_caries,0.573,0.57298,0.04298,0.35333,0.03072
crops/hibogi_ai_02752_png_8.jpg,hibogi_ai_02752_png,HIBOGI_AI_02752_png_jpg.rf.7e5e443bc7478778a48ea5014aa11da8.jpg,,0,0,no_caries,no_caries,0.8208,0.82079,0.08169,0.06148,0.03604
crops/hibogi_ai_02752_png_9.jpg,hibogi_ai_02752_png,HIBOGI_AI_02752_png_jpg.rf.7e5e443bc7478778a48ea5014aa11da8.jpg,,0,0,no_caries,no_caries,0.8615,0.86154,0.06182,0.04036,0.03629
crops/hibogi_ai_02752_png_10.jpg,hibogi_ai_02752_png,HIBOGI_AI_02752_png_jpg.rf.7e5e443bc7478778a48ea5014aa11da8.jpg,,0,0,no_caries,no_caries,0.8252,0.82517,0.01895,0.11817,0.03772
crops/hibogi_ai_02752_png_11.jpg,hibogi_ai_02752_png,HIBOGI_AI_02752_png_jpg.rf.7e5e443bc7478778a48ea5014aa11da8.jpg,,0,0,no_caries,no_caries,0.8532,0.85321,0.04422,0.07206,0.03051
crops/hibogi_ai_02752_png_12.jpg,hibogi_ai_02752_png,HIBOGI_AI_02752_png_jpg.rf.7e5e443bc7478778a48ea5014aa11da8.jpg,,0,0,no_caries,no_caries,0.8116,0.81163,0.0775,0.0505,0.06038
crops/hibogi_ai_02752_png_13.jpg,hibogi_ai_02752_png,HIBOGI_AI_02752_png_jpg.rf.7e5e443bc7478778a48ea5014aa11da8.jpg,,5,0,advanced,advanced,0.9498,0.01233,0.01059,0.02722,0.94985
crops/hibogi_ai_02757_png_0.jpg,hibogi_ai_02757_png,HIBOGI_AI_02757_png_jpg.rf.c6558b756c04410e4fa005c9b7851da8.jpg,,2,0,mild,moderate,0.7966,0.00708,0.1856,0.79658,0.01075
crops/hibogi_ai_02757_png_1.jpg,hibogi_ai_02757_png,HIBOGI_AI_02757_png_jpg.rf.c6558b756c04410e4fa005c9b7851da8.jpg,,5,0,advanced,advanced,0.7993,0.06434,0.06671,0.0697,0.79925
crops/hibogi_ai_02757_png_2.jpg,hibogi_ai_02757_png,HIBOGI_AI_02757_png_jpg.rf.c6558b756c04410e4fa005c9b7851da8.jpg,,0,0,no_caries,no_caries,0.8326,0.83256,0.08266,0.06263,0.02215
crops/hibogi_ai_02757_png_3.jpg,hibogi_ai_02757_png,HIBOGI_AI_02757_png_jpg.rf.c6558b756c04410e4fa005c9b7851da8.jpg,,0,0,no_caries,no_caries,0.8998,0.89983,0.02956,0.04936,0.02125
crops/hibogi_ai_02757_png_4.jpg,hibogi_ai_02757_png,HIBOGI_AI_02757_png_jpg.rf.c6558b756c04410e4fa005c9b7851da8.jpg,,0,0,no_caries,no_caries,0.8169,0.81694,0.07557,0.05448,0.053
crops/hibogi_ai_02757_png_5.jpg,hibogi_ai_02757_png,HIBOGI_AI_02757_png_jpg.rf.c6558b756c04410e4fa005c9b7851da8.jpg,,0,0,no_caries,no_caries,0.8302,0.8302,0.05425,0.08375,0.0318
crops/hibogi_ai_02757_png_6.jpg,hibogi_ai_02757_png,HIBOGI_AI_02757_png_jpg.rf.c6558b756c04410e4fa005c9b7851da8.jpg,,0,0,no_caries,no_caries,0.8254,0.82536,0.05288,0.07139,0.05037
crops/hibogi_ai_02757_png_7.jpg,hibogi_ai_02757_png,HIBOGI_AI_02757_png_jpg.rf.c6558b756c04410e4fa005c9b7851da8.jpg,,0,0,no_caries,no_caries,0.5785,0.57852,0.31017,0.04844,0.06287
crops/hibogi_ai_02757_png_8.jpg,hibogi_ai_02757_png,HIBOGI_AI_02757_png_jpg.rf.c6558b756c04410e4fa005c9b7851da8.jpg,,6,0,advanced,moderate,0.5209,0.00665,0.22626,0.52085,0.24623
crops/hibogi_ai_02757_png_9.jpg,hibogi_ai_02757_png,HIBOGI_AI_02757_png_jpg.rf.c6558b756c04410e4fa005c9b7851da8.jpg,,5,0,advanced,advanced,0.3225,0.15833,0.23715,0.28199,0.32252
crops/hibogi_ai_03083_png_0.jpg,hibogi_ai_03083_png,HIBOGI_AI_03083_png_jpg.rf.8643aa00d05f449e04a74fa561b14342.jpg,,4,0,moderate,mild,0.9085,0.04017,0.90846,0.02752,0.02385
crops/hibogi_ai_03083_png_1.jpg,hibogi_ai_03083_png,HIBOGI_AI_03083_png_jpg.rf.8643aa00d05f449e04a74fa561b14342.jpg,,0,0,no_caries,no_caries,0.6911,0.69114,0.10517,0.12524,0.07844
crops/hibogi_ai_03083_png_2.jpg,hibogi_ai_03083_png,HIBOGI_AI_03083_png_jpg.rf.8643aa00d05f449e04a74fa561b14342.jpg,,0,0,no_caries,no_caries,0.5948,0.5948,0.21695,0.11249,0.07576
crops/hibogi_ai_03083_png_3.jpg,hibogi_ai_03083_png,HIBOGI_AI_03083_png_jpg.rf.8643aa00d05f449e04a74fa561b14342.jpg,,0,0,no_caries,mild,0.7328,0.2307,0.73276,0.02751,0.00903
crops/hibogi_ai_03083_png_4.jpg,hibogi_ai_03083_png,HIBOGI_AI_03083_png_jpg.rf.8643aa00d05f449e04a74fa561b14342.jpg,,0,0,no_caries,mild,0.6565,0.3154,0.65647,0.01322,0.0149
crops/hibogi_ai_03083_png_5.jpg,hibogi_ai_03083_png,HIBOGI_AI_03083_png_jpg.rf.8643aa00d05f449e04a74fa561b14342.jpg,,0,0,no_caries,no_caries,0.8021,0.80214,0.07318,0.05088,0.0738
crops/hibogi_ai_03083_png_6.jpg,hibogi_ai_03083_png,HIBOGI_AI_03083_png_jpg.rf.8643aa00d05f449e04a74fa561b14342.jpg,,6,0,advanced,advanced,0.9611,0.00553,0.01651,0.01689,0.96108
crops/hibogi_ai_03083_png_7.jpg,hibogi_ai_03083_png,HIBOGI_AI_03083_png_jpg.rf.8643aa00d05f449e04a74fa561b14342.jpg,,2,0,mild,no_caries,0.5097,0.50974,0.41292,0.03469,0.04265
crops/hibogi_ai_03083_png_8.jpg,hibogi_ai_03083_png,HIBOGI_AI_03083_png_jpg.rf.8643aa00d05f449e04a74fa561b14342.jpg,,1,0,mild,no_caries,0.7683,0.76825,0.13242,0.06099,0.03834
crops/hibogi_ai_03083_png_9.jpg,hibogi_ai_03083_png,HIBOGI_AI_03083_png_jpg.rf.8643aa00d05f449e04a74fa561b14342.jpg,,0,0,no_caries,no_caries,0.7009,0.70095,0.18842,0.06052,0.05011
crops/hibogi_ai_03083_png_10.jpg,hibogi_ai_03083_png,HIBOGI_AI_03083_png_jpg.rf.8643aa00d05f449e04a74fa561b14342.jpg,,0,0,no_caries,no_caries,0.8075,0.80746,0.11393,0.05248,0.02613
crops/hibogi_ai_03083_png_11.jpg,hibogi_ai_03083_png,HIBOGI_AI_03083_png_jpg.rf.8643aa00d05f449e04a74fa561b14342.jpg,,6,0,advanced,advanced,0.9797,0.0061,0.00823,0.00594,0.97973
crops/001_00114_05_a091_0.jpg,001_00114_05_a091,001_00114_05_a091_jpg.rf.b0b7c7f0f3dcbf8c3b433f2c99d3f220.jpg,,0,0,no_caries,no_caries,0.569,0.56897,0.23234,0.11252,0.08617
crops/001_00114_05_a091_1.jpg,001_00114_05_a091,001_00114_05_a091_jpg.rf.b0b7c7f0f3dcbf8c3b433f2c99d3f220.jpg,,0,0,no_caries,no_caries,0.7795,0.77954,0.07312,0.11483,0.03251
crops/001_00114_05_a091_2.jpg,001_00114_05_a091,001_00114_05_a091_jpg.rf.b0b7c7f0f3dcbf8c3b433f2c99d3f220.jpg,,0,0,no_caries,no_caries,0.6875,0.68747,0.17047,0.10299,0.03908
crops/001_00114_05_a091_3.jpg,001_00114_05_a091,001_00114_05_a091_jpg.rf.b0b7c7f0f3dcbf8c3b433f2c99d3f220.jpg,,1,0,mild,no_caries,0.6589,0.65886,0.12611,0.16106,0.05398
crops/001_00114_05_a091_4.jpg,001_00114_05_a091,001_00114_05_a091_jpg.rf.b0b7c7f0f3dcbf8c3b433f2c99d3f220.jpg,,0,0,no_caries,no_caries,0.7159,0.7159,0.0991,0.16566,0.01934
crops/001_00114_05_a091_5.jpg,001_00114_05_a091,001_00114_05_a091_jpg.rf.b0b7c7f0f3dcbf8c3b433f2c99d3f220.jpg,,0,0,no_caries,no_caries,0.7232,0.72319,0.10717,0.11561,0.05403
crops/001_00114_05_a091_6.jpg,001_00114_05_a091,001_00114_05_a091_jpg.rf.b0b7c7f0f3dcbf8c3b433f2c99d3f220.jpg,,0,0,no_caries,mild,0.5471,0.32257,0.54713,0.06758,0.06271
crops/001_00114_05_a091_7.jpg,001_00114_05_a091,001_00114_05_a091_jpg.rf.b0b7c7f0f3dcbf8c3b433f2c99d3f220.jpg,,2,0,mild,mild,0.9033,0.07658,0.90334,0.00814,0.01194
crops/001_00114_05_a091_8.jpg,001_00114_05_a091,001_00114_05_a091_jpg.rf.b0b7c7f0f3dcbf8c3b433f2c99d3f220.jpg,,0,0,no_caries,no_caries,0.6039,0.60389,0.34126,0.00534,0.0495
crops/001_00114_05_a091_9.jpg,001_00114_05_a091,001_00114_05_a091_jpg.rf.b0b7c7f0f3dcbf8c3b433f2c99d3f220.jpg,,0,0,no_caries,no_caries,0.6578,0.65781,0.24108,0.02679,0.07432
crops/001_00114_05_a091_10.jpg,001_00114_05_a091,001_00114_05_a091_jpg.rf.b0b7c7f0f3dcbf8c3b433f2c99d3f220.jpg,,0,0,no_caries,no_caries,0.7105,0.71046,0.14447,0.01462,0.13045
crops/001_00114_05_a091_11.jpg,001_00114_05_a091,001_00114_05_a091_jpg.rf.b0b7c7f0f3dcbf8c3b433f2c99d3f220.jpg,,2,0,mild,no_caries,0.4904,0.49042,0.38554,0.00607,0.11797
crops/001_00114_05_a091_12.jpg,001_00114_05_a091,001_00114_05_a091_jpg.rf.b0b7c7f0f3dcbf8c3b433f2c99d3f220.jpg,,0,0,no_caries,no_caries,0.5668,0.56677,0.25619,0.06922,0.10783
crops/001_00114_05_a091_13.jpg,001_00114_05_a091,001_00114_05_a091_jpg.rf.b0b7c7f0f3dcbf8c3b433f2c99d3f220.jpg,,2,0,mild,no_caries,0.7275,0.72746,0.16938,0.04895,0.05421
crops/001_00114_05_a091_14.jpg,001_00114_05_a091,001_00114_05_a091_jpg.rf.b0b7c7f0f3dcbf8c3b433f2c99d3f220.jpg,,2,0,mild,no_caries,0.7068,0.70681,0.21589,0.04671,0.03059
crops/003_00048_11_a091_0.jpg,003_00048_11_a091,003_00048_11_a091_jpg.rf.adf11a6f3184af172ec1caac3905eb4b.jpg,,0,0,no_caries,mild,0.6366,0.25253,0.63664,0.08565,0.02518
crops/003_00048_11_a091_1.jpg,003_00048_11_a091,003_00048_11_a091_jpg.rf.adf11a6f3184af172ec1caac3905eb4b.jpg,,0,0,no_caries,no_caries,0.5342,0.53415,0.32689,0.05184,0.08712
crops/003_00048_11_a091_2.jpg,003_00048_11_a091,003_00048_11_a091_jpg.rf.adf11a6f3184af172ec1caac3905eb4b.jpg,,0,0,no_caries,mild,0.8521,0.05883,0.85205,0.03045,0.05867
crops/003_00048_11_a091_3.jpg,003_00048_11_a091,003_00048_11_a091_jpg.rf.adf11a6f3184af172ec1caac3905eb4b.jpg,,0,0,no_caries,mild,0.7315,0.21051,0.73153,0.00811,0.04985
crops/003_00048_11_a091_4.jpg,003_00048_11_a091,003_00048_11_a091_jpg.rf.adf11a6f3184af172ec1caac3905eb4b.jpg,,0,0,no_caries,no_caries,0.7326,0.73257,0.21068,0.02391,0.03284
crops/003_00048_11_a091_5.jpg,003_00048_11_a091,003_00048_11_a091_jpg.rf.adf11a6f3184af172ec1caac3905eb4b.jpg,,0,0,no_caries,no_caries,0.7516,0.75164,0.14072,0.03984,0.06779
crops/003_00048_11_a091_6.jpg,003_00048_11_a091,003_00048_11_a091_jpg.rf.adf11a6f3184af172ec1caac3905eb4b.jpg,,0,0,no_caries,no_caries,0.6883,0.68827,0.16331,0.05631,0.0921
crops/003_00048_11_a091_7.jpg,003_00048_11_a091,003_00048_11_a091_jpg.rf.adf11a6f3184af172ec1caac3905eb4b.jpg,,0,0,no_caries,no_caries,0.8115,0.81154,0.10804,0.02458,0.05584
crops/003_00048_11_a091_8.jpg,003_00048_11_a091,003_00048_11_a091_jpg.rf.adf11a6f3184af172ec1caac3905eb4b.jpg,,0,0,no_caries,no_caries,0.7864,0.78639,0.12384,0.0441,0.04568
crops/003_00048_11_a091_9.jpg,003_00048_11_a091,003_00048_11_a091_jpg.rf.adf11a6f3184af172ec1caac3905eb4b.jpg,,0,0,no_caries,no_caries,0.5931,0.59315,0.24248,0.11702,0.04735
crops/003_00048_11_a091_10.jpg,003_00048_11_a091,003_00048_11_a091_jpg.rf.adf11a6f3184af172ec1caac3905eb4b.jpg,,0,0,no_caries,no_caries,0.4815,0.48153,0.25203,0.16454,0.1019
crops/003_00048_11_a091_11.jpg,003_00048_11_a091,003_00048_11_a091_jpg.rf.adf11a6f3184af172ec1caac3905eb4b.jpg,,0,0,no_caries,mild,0.4177,0.33853,0.41766,0.16416,0.07965
crops/005_00240_03_a091_0.jpg,005_00240_03_a091,005_00240_03_a091_jpg.rf.c6a3b7ea561e492901a53e99a26fa35c.jpg,,0,0,no_caries,no_caries,0.7528,0.75282,0.02077,0.18315,0.04327
crops/005_00240_03_a091_1.jpg,005_00240_03_a091,005_00240_03_a091_jpg.rf.c6a3b7ea561e492901a53e99a26fa35c.jpg,,4,0,moderate,moderate,0.8021,0.01307,0.17509,0.80211,0.00972
crops/005_00240_03_a091_2.jpg,005_00240_03_a091,005_00240_03_a091_jpg.rf.c6a3b7ea561e492901a53e99a26fa35c.jpg,,4,0,moderate,moderate,0.5224,0.19269,0.23975,0.52242,0.04515
crops/005_00240_03_a091_3.jpg,005_00240_03_a091,005_00240_03_a091_jpg.rf.c6a3b7ea561e492901a53e99a26fa35c.jpg,,0,0,no_caries,no_caries,0.6837,0.68367,0.17565,0.06221,0.07847
crops/005_00240_03_a091_4.jpg,005_00240_03_a091,005_00240_03_a091_jpg.rf.c6a3b7ea561e492901a53e99a26fa35c.jpg,,0,0,no_caries,no_caries,0.6342,0.63418,0.27042,0.07483,0.02057
crops/005_00240_03_a091_5.jpg,005_00240_03_a091,005_00240_03_a091_jpg.rf.c6a3b7ea561e492901a53e99a26fa35c.jpg,,1,0,mild,mild,0.5148,0.4349,0.51477,0.03147,0.01886
crops/005_00276_04_a091_0.jpg,005_00276_04_a091,005_00276_04_a091_jpg.rf.1b272ee84fd5fb1ed9f99296df269ff9.jpg,,3,0,moderate,no_caries,0.513,0.51295,0.3457,0.08762,0.05373
crops/005_00276_04_a091_1.jpg,005_00276_04_a091,005_00276_04_a091_jpg.rf.1b272ee84fd5fb1ed9f99296df269ff9.jpg,,5,0,advanced,moderate,0.6423,0.07479,0.24087,0.64229,0.04205
crops/005_00276_04_a091_2.jpg,005_00276_04_a091,005_00276_04_a091_jpg.rf.1b272ee84fd5fb1ed9f99296df269ff9.jpg,,5,0,advanced,advanced,0.7077,0.00089,0.00194,0.2895,0.70767
crops/005_00276_04_a091_3.jpg,005_00276_04_a091,005_00276_04_a091_jpg.rf.1b272ee84fd5fb1ed9f99296df269ff9.jpg,,0,0,no_caries,no_caries,0.632,0.63197,0.27425,0.03843,0.05535
crops/005_00276_04_a091_4.jpg,005_00276_04_a091,005_00276_04_a091_jpg.rf.1b272ee84fd5fb1ed9f99296df269ff9.jpg,,0,0,no_caries,mild,0.5268,0.36995,0.52678,0.09049,0.01278
crops/005_00276_04_a091_5.jpg,005_00276_04_a091,005_00276_04_a091_jpg.rf.1b272ee84fd5fb1ed9f99296df269ff9.jpg,,0,0,no_caries,no_caries,0.4688,0.46883,0.42572,0.06707,0.03838
crops/005_00276_04_a091_6.jpg,005_00276_04_a091,005_00276_04_a091_jpg.rf.1b272ee84fd5fb1ed9f99296df269ff9.jpg,,0,0,no_caries,no_caries,0.6566,0.65664,0.22923,0.05811,0.05603
crops/005_00276_04_a091_7.jpg,005_00276_04_a091,005_00276_04_a091_jpg.rf.1b272ee84fd5fb1ed9f99296df269ff9.jpg,,0,0,no_caries,no_caries,0.4969,0.49688,0.34377,0.09638,0.06298
crops/005_00276_04_a091_8.jpg,005_00276_04_a091,005_00276_04_a091_jpg.rf.1b272ee84fd5fb1ed9f99296df269ff9.jpg,,0,0,no_caries,no_caries,0.7195,0.71953,0.16534,0.07615,0.03898
crops/005_00276_04_a091_9.jpg,005_00276_04_a091,005_00276_04_a091_jpg.rf.1b272ee84fd5fb1ed9f99296df269ff9.jpg,,0,0,no_caries,moderate,0.9105,0.08264,0.00445,0.91045,0.00246
crops/005_00276_04_a091_10.jpg,005_00276_04_a091,005_00276_04_a091_jpg.rf.1b272ee84fd5fb1ed9f99296df269ff9.jpg,,0,0,no_caries,no_caries,0.6896,0.68956,0.05044,0.22657,0.03343
crops/005_00276_04_a091_11.jpg,005_00276_04_a091,005_00276_04_a091_jpg.rf.1b272ee84fd5fb1ed9f99296df269ff9.jpg,,0,0,no_caries,no_caries,0.5893,0.58927,0.11224,0.26323,0.03526
crops/005_00276_07_a091_0.jpg,005_00276_07_a091,005_00276_07_a091_jpg.rf.565eaf0ed1eebe46f2e807160f0a94c1.jpg,,0,0,no_caries,mild,0.4388,0.24582,0.43885,0.29106,0.02428
crops/005_00276_07_a091_1.jpg,005_00276_07_a091,005_00276_07_a091_jpg.rf.565eaf0ed1eebe46f2e807160f0a94c1.jpg,,3,0,moderate,moderate,0.9055,0.02439,0.06031,0.90553,0.00977
crops/005_00276_07_a091_2.jpg,005_00276_07_a091,005_00276_07_a091_jpg.rf.565eaf0ed1eebe46f2e807160f0a94c1.jpg,,1,0,mild,mild,0.4891,0.11425,0.48911,0.36015,0.03649
crops/005_00276_07_a091_3.jpg,005_00276_07_a091,005_00276_07_a091_jpg.rf.565eaf0ed1eebe46f2e807160f0a94c1.jpg,,3,0,moderate,moderate,0.4755,0.0298,0.45496,0.47551,0.03972
crops/005_00276_07_a091_4.jpg,005_00276_07_a091,005_00276_07_a091_jpg.rf.565eaf0ed1eebe46f2e807160f0a94c1.jpg,,6,0,advanced,advanced,0.7385,0.00203,0.00794,0.2515,0.73853
crops/005_00276_07_a091_5.jpg,005_00276_07_a091,005_00276_07_a091_jpg.rf.565eaf0ed1eebe46f2e807160f0a94c1.jpg,,6,0,advanced,advanced,0.8089,0.00561,0.04071,0.14479,0.80889
crops/010_00496_10_a091_0.jpg,010_00496_10_a091,010_00496_10_a091_jpg.rf.85b003fb7f05a275ecce262593a71b94.jpg,,1,0,mild,no_caries,0.4818,0.48182,0.33042,0.08913,0.09863
crops/010_00496_10_a091_1.jpg,010_00496_10_a091,010_00496_10_a091_jpg.rf.85b003fb7f05a275ecce262593a71b94.jpg,,1,0,mild,no_caries,0.4214,0.42144,0.25049,0.25948,0.0686
crops/010_00496_10_a091_2.jpg,010_00496_10_a091,010_00496_10_a091_jpg.rf.85b003fb7f05a275ecce262593a71b94.jpg,,2,0,mild,mild,0.5559,0.29248,0.55588,0.10794,0.04371
crops/010_00496_10_a091_3.jpg,010_00496_10_a091,010_00496_10_a091_jpg.rf.85b003fb7f05a275ecce262593a71b94.jpg,,2,0,mild,mild,0.7509,0.12537,0.75088,0.04494,0.07881
crops/010_00496_10_a091_4.jpg,010_00496_10_a091,010_00496_10_a091_jpg.rf.85b003fb7f05a275ecce262593a71b94.jpg,,1,0,mild,mild,0.5392,0.32008,0.53917,0.02775,0.113
crops/010_00496_10_a091_5.jpg,010_00496_10_a091,010_00496_10_a091_jpg.rf.85b003fb7f05a275ecce262593a71b94.jpg,,1,0,mild,no_caries,0.7677,0.76766,0.08908,0.03539,0.10788
crops/010_00496_10_a091_6.jpg,010_00496_10_a091,010_00496_10_a091_jpg.rf.85b003fb7f05a275ecce262593a71b94.jpg,,0,0,no_caries,mild,0.7416,0.08676,0.74163,0.12894,0.04267
crops/010_00551_12_a091_0.jpg,010_00551_12_a091,010_00551_12_a091_jpg.rf.cbe4aced8da04ea766b80a46fd4d9b9e.jpg,,1,0,mild,mild,0.768,0.057,0.76801,0.03984,0.13515
crops/010_00551_12_a091_1.jpg,010_00551_12_a091,010_00551_12_a091_jpg.rf.cbe4aced8da04ea766b80a46fd4d9b9e.jpg,,3,0,moderate,moderate,0.8526,0.00266,0.1332,0.85256,0.01158
crops/010_00551_12_a091_2.jpg,010_00551_12_a091,010_00551_12_a091_jpg.rf.cbe4aced8da04ea766b80a46fd4d9b9e.jpg,,3,0,moderate,moderate,0.9698,0.00306,0.02369,0.96978,0.00346
crops/010_00551_12_a091_3.jpg,010_00551_12_a091,010_00551_12_a091_jpg.rf.cbe4aced8da04ea766b80a46fd4d9b9e.jpg,,3,0,moderate,no_caries,0.4136,0.41357,0.24733,0.29533,0.04377
crops/010_00551_12_a091_4.jpg,010_00551_12_a091,010_00551_12_a091_jpg.rf.cbe4aced8da04ea766b80a46fd4d9b9e.jpg,,1,0,mild,moderate,0.8907,0.01625,0.01862,0.8907,0.07443
crops/010_00551_12_a091_5.jpg,010_00551_12_a091,010_00551_12_a091_jpg.rf.cbe4aced8da04ea766b80a46fd4d9b9e.jpg,,1,0,mild,moderate,0.6746,0.015,0.12734,0.67462,0.18304
crops/010_00551_12_a091_6.jpg,010_00551_12_a091,010_00551_12_a091_jpg.rf.cbe4aced8da04ea766b80a46fd4d9b9e.jpg,,5,0,advanced,moderate,0.9659,0.00348,0.01816,0.9659,0.01246
crops/010_00551_12_a091_7.jpg,010_00551_12_a091,010_00551_12_a091_jpg.rf.cbe4aced8da04ea766b80a46fd4d9b9e.jpg,,5,0,advanced,no_caries,0.3832,0.38322,0.23505,0.35201,0.02972
crops/010_00551_12_a091_8.jpg,010_00551_12_a091,010_00551_12_a091_jpg.rf.cbe4aced8da04ea766b80a46fd4d9b9e.jpg,,5,0,advanced,no_caries,0.4846,0.48462,0.06091,0.40837,0.0461
crops/022_00070_04_a091_0.jpg,022_00070_04_a091,022_00070_04_a091_jpg.rf.0e283bb8db38a4001619bd1ae462c9b5.jpg,,0,0,no_caries,no_caries,0.741,0.741,0.21361,0.01653,0.02886
crops/022_00070_04_a091_1.jpg,022_00070_04_a091,022_00070_04_a091_jpg.rf.0e283bb8db38a4001619bd1ae462c9b5.jpg,,0,0,no_caries,no_caries,0.7843,0.78433,0.12689,0.05166,0.03711
crops/022_00070_04_a091_2.jpg,022_00070_04_a091,022_00070_04_a091_jpg.rf.0e283bb8db38a4001619bd1ae462c9b5.jpg,,0,0,no_caries,mild,0.8844,0.05901,0.88438,0.03173,0.02488
crops/022_00070_04_a091_3.jpg,022_00070_04_a091,022_00070_04_a091_jpg.rf.0e283bb8db38a4001619bd1ae462c9b5.jpg,,0,0,no_caries,mild,0.5877,0.36097,0.58768,0.02978,0.02156
crops/022_00070_04_a091_4.jpg,022_00070_04_a091,022_00070_04_a091_jpg.rf.0e283bb8db38a4001619bd1ae462c9b5.jpg,,1,0,mild,moderate,0.4851,0.02569,0.42708,0.48513,0.0621
crops/022_00070_04_a091_5.jpg,022_00070_04_a091,022_00070_04_a091_jpg.rf.0e283bb8db38a4001619bd1ae462c9b5.jpg,,1,0,mild,mild,0.7343,0.13044,0.73426,0.10315,0.03215
crops/022_00070_04_a091_6.jpg,022_00070_04_a091,022_00070_04_a091_jpg.rf.0e283bb8db38a4001619bd1ae462c9b5.jpg,,0,0,no_caries,no_caries,0.3848,0.38476,0.35962,0.19035,0.06526
crops/022_00070_05_a091_0.jpg,022_00070_05_a091,022_00070_05_a091_jpg.rf.9ccffd156c5e8d4dec63dabfc48c388b.jpg,,0,0,no_caries,no_caries,0.5255,0.52549,0.40732,0.05859,0.0086
crops/022_00070_05_a091_1.jpg,022_00070_05_a091,022_00070_05_a091_jpg.rf.9ccffd156c5e8d4dec63dabfc48c388b.jpg,,0,0,no_caries,mild,0.6143,0.33846,0.61434,0.0251,0.0221
crops/022_00070_05_a091_2.jpg,022_00070_05_a091,022_00070_05_a091_jpg.rf.9ccffd156c5e8d4dec63dabfc48c388b.jpg,,2,0,mild,mild,0.7649,0.06334,0.76495,0.16302,0.00869
crops/022_00070_05_a091_3.jpg,022_00070_05_a091,022_00070_05_a091_jpg.rf.9ccffd156c5e8d4dec63dabfc48c388b.jpg,,0,0,no_caries,mild,0.8527,0.09877,0.85267,0.0343,0.01425
crops/022_00070_05_a091_4.jpg,022_00070_05_a091,022_00070_05_a091_jpg.rf.9ccffd156c5e8d4dec63dabfc48c388b.jpg,,2,0,mild,mild,0.4695,0.07497,0.46954,0.12627,0.32922
crops/022_00070_05_a091_5.jpg,022_00070_05_a091,022_00070_05_a091_jpg.rf.9ccffd156c5e8d4dec63dabfc48c388b.jpg,,2,0,mild,mild,0.6054,0.04671,0.60536,0.2955,0.05243
crops/022_00070_05_a091_6.jpg,022_00070_05_a091,022_00070_05_a091_jpg.rf.9ccffd156c5e8d4dec63dabfc48c388b.jpg,,0,0,no_caries,mild,0.5011,0.41209,0.50114,0.06192,0.02485
crops/022_00070_05_a091_7.jpg,022_00070_05_a091,022_00070_05_a091_jpg.rf.9ccffd156c5e8d4dec63dabfc48c388b.jpg,,0,0,no_caries,mild,0.8429,0.08526,0.84289,0.06326,0.00859
crops/022_00070_05_a091_8.jpg,022_00070_05_a091,022_00070_05_a091_jpg.rf.9ccffd156c5e8d4dec63dabfc48c388b.jpg,,0,0,no_caries,no_caries,0.6464,0.64643,0.30385,0.02322,0.0265
crops/022_00070_05_a091_9.jpg,022_00070_05_a091,022_00070_05_a091_jpg.rf.9ccffd156c5e8d4dec63dabfc48c388b.jpg,,0,0,no_caries,mild,0.4693,0.38009,0.46934,0.10461,0.04596
crops/031_00120_08_a091_0.jpg,031_00120_08_a091,031_00120_08_a091_jpg.rf.3a88f771f258089cfa237729566067b9.jpg,,5,0,advanced,moderate,0.8584,0.00367,0.12027,0.85838,0.01768
crops/031_00120_08_a091_1.jpg,031_00120_08_a091,031_00120_08_a091_jpg.rf.3a88f771f258089cfa237729566067b9.jpg,,0,0,no_caries,mild,0.9162,0.06718,0.9162,0.00416,0.01246
crops/031_00120_08_a091_2.jpg,031_00120_08_a091,031_00120_08_a091_jpg.rf.3a88f771f258089cfa237729566067b9.jpg,,0,0,no_caries,mild,0.6554,0.22244,0.65537,0.06337,0.05881
crops/031_00120_08_a091_3.jpg,031_00120_08_a091,031_00120_08_a091_jpg.rf.3a88f771f258089cfa237729566067b9.jpg,,0,0,no_caries,no_caries,0.493,0.49296,0.35518,0.1031,0.04876
crops/031_00120_08_a091_4.jpg,031_00120_08_a091,031_00120_08_a091_jpg.rf.3a88f771f258089cfa237729566067b9.jpg,,0,0,no_caries,no_caries,0.8282,0.82819,0.11686,0.03203,0.02292
crops/031_00120_08_a091_5.jpg,031_00120_08_a091,031_00120_08_a091_jpg.rf.3a88f771f258089cfa237729566067b9.jpg,,0,0,no_caries,no_caries,0.844,0.84402,0.05515,0.08829,0.01254
crops/031_00120_08_a091_6.jpg,031_00120_08_a091,031_00120_08_a091_jpg.rf.3a88f771f258089cfa237729566067b9.jpg,,0,0,no_caries,mild,0.8212,0.04317,0.82121,0.00622,0.1294
crops/031_00120_08_a091_7.jpg,031_00120_08_a091,031_00120_08_a091_jpg.rf.3a88f771f258089cfa237729566067b9.jpg,,0,0,no_caries,no_caries,0.5297,0.52967,0.33252,0.04754,0.09028
crops/031_00120_08_a091_8.jpg,031_00120_08_a091,031_00120_08_a091_jpg.rf.3a88f771f258089cfa237729566067b9.jpg,,2,0,mild,moderate,0.5732,0.0577,0.36279,0.57315,0.00636
crops/031_00120_08_a091_9.jpg,031_00120_08_a091,031_00120_08_a091_jpg.rf.3a88f771f258089cfa237729566067b9.jpg,,0,0,no_caries,moderate,0.5634,0.22409,0.18925,0.56336,0.0233
crops/031_00120_08_a091_10.jpg,031_00120_08_a091,031_00120_08_a091_jpg.rf.3a88f771f258089cfa237729566067b9.jpg,,0,0,no_caries,no_caries,0.4691,0.46908,0.36287,0.13046,0.0376
crops/031_00321_07_a091_0.jpg,031_00321_07_a091,031_00321_07_a091_jpg.rf.becdf23cec28b42b065e19076b546a5e.jpg,,5,0,advanced,advanced,0.6716,0.00154,0.01868,0.3082,0.67158
crops/031_00321_07_a091_1.jpg,031_00321_07_a091,031_00321_07_a091_jpg.rf.becdf23cec28b42b065e19076b546a5e.jpg,,5,0,advanced,moderate,0.3735,0.1558,0.29956,0.37347,0.17117
crops/031_00321_07_a091_2.jpg,031_00321_07_a091,031_00321_07_a091_jpg.rf.becdf23cec28b42b065e19076b546a5e.jpg,,5,0,advanced,mild,0.5562,0.04454,0.55622,0.24841,0.15084
crops/031_00321_07_a091_3.jpg,031_00321_07_a091,031_00321_07_a091_jpg.rf.becdf23cec28b42b065e19076b546a5e.jpg,,5,0,advanced,moderate,0.8582,0.00712,0.10154,0.85817,0.03317
crops/031_00321_07_a091_4.jpg,031_00321_07_a091,031_00321_07_a091_jpg.rf.becdf23cec28b42b065e19076b546a5e.jpg,,5,0,advanced,moderate,0.7397,0.00324,0.13977,0.73967,0.11732
crops/031_00321_07_a091_5.jpg,031_00321_07_a091,031_00321_07_a091_jpg.rf.becdf23cec28b42b065e19076b546a5e.jpg,,2,0,mild,mild,0.8384,0.12939,0.83838,0.01931,0.01292
crops/031_00321_07_a091_6.jpg,031_00321_07_a091,031_00321_07_a091_jpg.rf.becdf23cec28b42b065e19076b546a5e.jpg,,2,0,mild,advanced,0.6139,0.10042,0.09931,0.18633,0.61394
crops/031_00321_07_a091_7.jpg,031_00321_07_a091,031_00321_07_a091_jpg.rf.becdf23cec28b42b065e19076b546a5e.jpg,,0,0,no_caries,no_caries,0.5827,0.5827,0.01887,0.37684,0.02159
crops/031_00321_07_a091_8.jpg,031_00321_07_a091,031_00321_07_a091_jpg.rf.becdf23cec28b42b065e19076b546a5e.jpg,,0,0,no_caries,no_caries,0.679,0.67903,0.0718,0.21163,0.03754
crops/031_00321_07_a091_9.jpg,031_00321_07_a091,031_00321_07_a091_jpg.rf.becdf23cec28b42b065e19076b546a5e.jpg,,0,0,no_caries,no_caries,0.5989,0.59889,0.03847,0.33821,0.02443
crops/031_00321_07_a091_10.jpg,031_00321_07_a091,031_00321_07_a091_jpg.rf.becdf23cec28b42b065e19076b546a5e.jpg,,0,0,no_caries,no_caries,0.7289,0.72888,0.03936,0.19982,0.03194
crops/031_00321_07_a091_11.jpg,031_00321_07_a091,031_00321_07_a091_jpg.rf.becdf23cec28b42b065e19076b546a5e.jpg,,0,0,no_caries,moderate,0.5438,0.34662,0.06698,0.54382,0.04257
crops/031_00502_08_a091_0.jpg,031_00502_08_a091,031_00502_08_a091_jpg.rf.11f5e5e9bf2db75a6748e79f976b18e4.jpg,,0,0,no_caries,mild,0.5198,0.27066,0.51982,0.15096,0.05856
crops/031_00502_08_a091_1.jpg,031_00502_08_a091,031_00502_08_a091_jpg.rf.11f5e5e9bf2db75a6748e79f976b18e4.jpg,,0,0,no_caries,no_caries,0.5844,0.58436,0.19719,0.1292,0.08925
crops/031_00502_08_a091_2.jpg,031_00502_08_a091,031_00502_08_a091_jpg.rf.11f5e5e9bf2db75a6748e79f976b18e4.jpg,,0,0,no_caries,no_caries,0.8406,0.84064,0.07185,0.05386,0.03365
crops/031_00502_08_a091_3.jpg,031_00502_08_a091,031_00502_08_a091_jpg.rf.11f5e5e9bf2db75a6748e79f976b18e4.jpg,,0,0,no_caries,no_caries,0.6245,0.62447,0.28472,0.03618,0.05462
crops/031_00502_08_a091_4.jpg,031_00502_08_a091,031_00502_08_a091_jpg.rf.11f5e5e9bf2db75a6748e79f976b18e4.jpg,,0,0,no_caries,no_caries,0.8332,0.8332,0.04644,0.05091,0.06946
crops/031_00502_08_a091_5.jpg,031_00502_08_a091,031_00502_08_a091_jpg.rf.11f5e5e9bf2db75a6748e79f976b18e4.jpg,,0,0,no_caries,no_caries,0.8145,0.81454,0.10426,0.05316,0.02804
crops/031_00502_08_a091_6.jpg,031_00502_08_a091,031_00502_08_a091_jpg.rf.11f5e5e9bf2db75a6748e79f976b18e4.jpg,,0,0,no_caries,no_caries,0.6944,0.69442,0.10586,0.09351,0.10621
crops/031_00502_08_a091_7.jpg,031_00502_08_a091,031_00502_08_a091_jpg.rf.11f5e5e9bf2db75a6748e79f976b18e4.jpg,,0,0,no_caries,no_caries,0.7491,0.74909,0.14242,0.06644,0.04205
crops/031_00502_08_a091_8.jpg,031_00502_08_a091,031_00502_08_a091_jpg.rf.11f5e5e9bf2db75a6748e79f976b18e4.jpg,,0,0,no_caries,no_caries,0.8025,0.80254,0.04411,0.11297,0.04039
crops/031_00502_08_a091_9.jpg,031_00502_08_a091,031_00502_08_a091_jpg.rf.11f5e5e9bf2db75a6748e79f976b18e4.jpg,,0,0,no_caries,no_caries,0.6714,0.67144,0.13864,0.12694,0.06298
crops/031_00502_08_a091_10.jpg,031_00502_08_a091,031_00502_08_a091_jpg.rf.11f5e5e9bf2db75a6748e79f976b18e4.jpg,,0,0,no_caries,no_caries,0.523,0.52299,0.3534,0.05258,0.07103
crops/031_00502_08_a091_11.jpg,031_00502_08_a091,031_00502_08_a091_jpg.rf.11f5e5e9bf2db75a6748e79f976b18e4.jpg,,0,0,no_caries,no_caries,0.7385,0.73853,0.12224,0.07401,0.06523
crops/031_00502_08_a091_12.jpg,031_00502_08_a091,031_00502_08_a091_jpg.rf.11f5e5e9bf2db75a6748e79f976b18e4.jpg,,0,0,no_caries,moderate,0.4046,0.31316,0.24389,0.40464,0.03832
crops/031_00502_08_a091_13.jpg,031_00502_08_a091,031_00502_08_a091_jpg.rf.11f5e5e9bf2db75a6748e79f976b18e4.jpg,,0,0,no_caries,mild,0.4888,0.43119,0.48877,0.02616,0.05387
crops/034_00139_09_a091_0.jpg,034_00139_09_a091,034_00139_09_a091_jpg.rf.36b123eab702afbcf7648aa4c87024d1.jpg,,0,0,no_caries,no_caries,0.5039,0.5039,0.22351,0.06905,0.20354
crops/034_00139_09_a091_1.jpg,034_00139_09_a091,034_00139_09_a091_jpg.rf.36b123eab702afbcf7648aa4c87024d1.jpg,,0,0,no_caries,no_caries,0.7567,0.75671,0.06601,0.11395,0.06332
crops/034_00139_09_a091_2.jpg,034_00139_09_a091,034_00139_09_a091_jpg.rf.36b123eab702afbcf7648aa4c87024d1.jpg,,0,0,no_caries,no_caries,0.6547,0.65471,0.14251,0.11492,0.08787
crops/034_00139_09_a091_3.jpg,034_00139_09_a091,034_00139_09_a091_jpg.rf.36b123eab702afbcf7648aa4c87024d1.jpg,,0,0,no_caries,moderate,0.7946,0.08901,0.04808,0.79459,0.06832
crops/034_00139_09_a091_4.jpg,034_00139_09_a091,034_00139_09_a091_jpg.rf.36b123eab702afbcf7648aa4c87024d1.jpg,,0,0,no_caries,mild,0.7181,0.15906,0.7181,0.07438,0.04847
crops/034_00139_09_a091_5.jpg,034_00139_09_a091,034_00139_09_a091_jpg.rf.36b123eab702afbcf7648aa4c87024d1.jpg,,3,0,moderate,moderate,0.7042,0.09984,0.17787,0.70417,0.01812
crops/034_00139_09_a091_6.jpg,034_00139_09_a091,034_00139_09_a091_jpg.rf.36b123eab702afbcf7648aa4c87024d1.jpg,,3,0,moderate,moderate,0.8056,0.02048,0.1585,0.80565,0.01537
crops/034_00139_09_a091_7.jpg,034_00139_09_a091,034_00139_09_a091_jpg.rf.36b123eab702afbcf7648aa4c87024d1.jpg,,3,0,moderate,mild,0.896,0.05575,0.896,0.02631,0.02194
crops/034_00139_09_a091_8.jpg,034_00139_09_a091,034_00139_09_a091_jpg.rf.36b123eab702afbcf7648aa4c87024d1.jpg,,0,0,no_caries,moderate,0.6464,0.05042,0.29392,0.64641,0.00925
crops/034_00139_09_a091_9.jpg,034_00139_09_a091,034_00139_09_a091_jpg.rf.36b123eab702afbcf7648aa4c87024d1.jpg,,5,0,advanced,mild,0.7977,0.05961,0.79767,0.02143,0.12129
crops/042_00545_11_a091_0.jpg,042_00545_11_a091,042_00545_11_a091_jpg.rf.34c095e222ea90a0952f8c9768c045ae.jpg,,0,0,no_caries,mild,0.7668,0.03009,0.76676,0.18824,0.01491
crops/042_00545_11_a091_1.jpg,042_00545_11_a091,042_00545_11_a091_jpg.rf.34c095e222ea90a0952f8c9768c045ae.jpg,,0,0,no_caries,mild,0.5269,0.2915,0.52693,0.11091,0.07066
crops/042_00545_11_a091_2.jpg,042_00545_11_a091,042_00545_11_a091_jpg.rf.34c095e222ea90a0952f8c9768c045ae.jpg,,0,0,no_caries,mild,0.469,0.42034,0.46899,0.06512,0.04555
crops/042_00545_11_a091_3.jpg,042_00545_11_a091,042_00545_11_a091_jpg.rf.34c095e222ea90a0952f8c9768c045ae.jpg,,1,0,mild,mild,0.7175,0.06015,0.71754,0.01313,0.20918
crops/042_00545_11_a091_4.jpg,042_00545_11_a091,042_00545_11_a091_jpg.rf.34c095e222ea90a0952f8c9768c045ae.jpg,,0,0,no_caries,no_caries,0.49,0.48998,0.28427,0.21514,0.0106
crops/042_00545_11_a091_5.jpg,042_00545_11_a091,042_00545_11_a091_jpg.rf.34c095e222ea90a0952f8c9768c045ae.jpg,,0,0,no_caries,no_caries,0.7439,0.74393,0.11398,0.09882,0.04326
crops/042_00545_11_a091_6.jpg,042_00545_11_a091,042_00545_11_a091_jpg.rf.34c095e222ea90a0952f8c9768c045ae.jpg,,0,0,no_caries,no_caries,0.5474,0.54742,0.29964,0.11852,0.03442
crops/042_00545_11_a091_7.jpg,042_00545_11_a091,042_00545_11_a091_jpg.rf.34c095e222ea90a0952f8c9768c045ae.jpg,,0,0,no_caries,mild,0.5109,0.21905,0.51086,0.2637,0.00638
crops/042_00545_11_a091_8.jpg,042_00545_11_a091,042_00545_11_a091_jpg.rf.34c095e222ea90a0952f8c9768c045ae.jpg,,0,0,no_caries,mild,0.8035,0.12167,0.80346,0.05468,0.02019
crops/042_00545_11_a091_9.jpg,042_00545_11_a091,042_00545_11_a091_jpg.rf.34c095e222ea90a0952f8c9768c045ae.jpg,,0,0,no_caries,no_caries,0.6301,0.63012,0.20289,0.09991,0.06708
crops/042_00545_11_a091_10.jpg,042_00545_11_a091,042_00545_11_a091_jpg.rf.34c095e222ea90a0952f8c9768c045ae.jpg,,0,0,no_caries,no_caries,0.6309,0.6309,0.16408,0.14805,0.05698
crops/042_00545_11_a091_11.jpg,042_00545_11_a091,042_00545_11_a091_jpg.rf.34c095e222ea90a0952f8c9768c045ae.jpg,,0,0,no_caries,moderate,0.6174,0.17155,0.18162,0.61743,0.0294
crops/042_00545_11_a091_12.jpg,042_00545_11_a091,042_00545_11_a091_jpg.rf.34c095e222ea90a0952f8c9768c045ae.jpg,,3,0,moderate,moderate,0.9754,0.0013,0.00425,0.97545,0.01901
crops/1046_0.jpg,1046,1046_jpg.rf.84c4860f24bcdb67f1705c6715ade09b.jpg,,0,0,no_caries,mild,0.6723,0.21517,0.67231,0.05801,0.05451
crops/1046_1.jpg,1046,1046_jpg.rf.84c4860f24bcdb67f1705c6715ade09b.jpg,,0,0,no_caries,mild,0.7466,0.13358,0.74664,0.067,0.05278
crops/1046_2.jpg,1046,1046_jpg.rf.84c4860f24bcdb67f1705c6715ade09b.jpg,,0,0,no_caries,mild,0.5196,0.39999,0.51962,0.04334,0.03706
crops/1046_3.jpg,1046,1046_jpg.rf.84c4860f24bcdb67f1705c6715ade09b.jpg,,0,0,no_caries,no_caries,0.6023,0.60234,0.28782,0.06716,0.04268
crops/1046_4.jpg,1046,1046_jpg.rf.84c4860f24bcdb67f1705c6715ade09b.jpg,,4,0,moderate,mild,0.5831,0.22776,0.58313,0.15845,0.03066
crops/1046_5.jpg,1046,1046_jpg.rf.84c4860f24bcdb67f1705c6715ade09b.jpg,,3,0,moderate,mild,0.6887,0.19445,0.68866,0.08815,0.02874
crops/1046_6.jpg,1046,1046_jpg.rf.84c4860f24bcdb67f1705c6715ade09b.jpg,,5,0,advanced,advanced,0.7691,0.00346,0.05886,0.16854,0.76914
crops/1046_7.jpg,1046,1046_jpg.rf.84c4860f24bcdb67f1705c6715ade09b.jpg,,3,0,moderate,advanced,0.7839,0.00569,0.04781,0.1626,0.7839
crops/1046_8.jpg,1046,1046_jpg.rf.84c4860f24bcdb67f1705c6715ade09b.jpg,,5,0,advanced,moderate,0.9345,0.00074,0.02027,0.93447,0.04453
crops/1051_0.jpg,1051,1051_jpg.rf.dbf197656d3bfbbdcc0a02e54a8fbd86.jpg,,3,0,moderate,mild,0.6478,0.00264,0.64776,0.3387,0.0109
crops/1051_1.jpg,1051,1051_jpg.rf.dbf197656d3bfbbdcc0a02e54a8fbd86.jpg,,3,0,moderate,moderate,0.7559,0.00797,0.21491,0.75592,0.0212
crops/1051_2.jpg,1051,1051_jpg.rf.dbf197656d3bfbbdcc0a02e54a8fbd86.jpg,,5,0,advanced,mild,0.8321,0.06366,0.83209,0.03158,0.07267
crops/1051_3.jpg,1051,1051_jpg.rf.dbf197656d3bfbbdcc0a02e54a8fbd86.jpg,,2,0,mild,mild,0.8076,0.03325,0.80761,0.01385,0.14529
crops/1051_4.jpg,1051,1051_jpg.rf.dbf197656d3bfbbdcc0a02e54a8fbd86.jpg,,0,0,no_caries,mild,0.6102,0.29495,0.61024,0.05522,0.03958
crops/1051_5.jpg,1051,1051_jpg.rf.dbf197656d3bfbbdcc0a02e54a8fbd86.jpg,,0,0,no_caries,mild,0.5945,0.29932,0.59451,0.06198,0.04419
crops/1051_6.jpg,1051,1051_jpg.rf.dbf197656d3bfbbdcc0a02e54a8fbd86.jpg,,0,0,no_caries,mild,0.5616,0.25496,0.56162,0.13524,0.04819
crops/1051_7.jpg,1051,1051_jpg.rf.dbf197656d3bfbbdcc0a02e54a8fbd86.jpg,,0,0,no_caries,moderate,0.4318,0.34709,0.18697,0.43175,0.03419
crops/1051_8.jpg,1051,1051_jpg.rf.dbf197656d3bfbbdcc0a02e54a8fbd86.jpg,,0,0,no_caries,no_caries,0.426,0.42602,0.42128,0.13813,0.01457
crops/1051_9.jpg,1051,1051_jpg.rf.dbf197656d3bfbbdcc0a02e54a8fbd86.jpg,,0,0,no_caries,mild,0.4657,0.45597,0.4657,0.05574,0.02259
crops/1051_10.jpg,1051,1051_jpg.rf.dbf197656d3bfbbdcc0a02e54a8fbd86.jpg,,3,0,moderate,moderate,0.5805,0.07235,0.3391,0.58047,0.00808
crops/1051_11.jpg,1051,1051_jpg.rf.dbf197656d3bfbbdcc0a02e54a8fbd86.jpg,,0,0,no_caries,mild,0.535,0.31151,0.535,0.06704,0.08645
crops/1051_12.jpg,1051,1051_jpg.rf.dbf197656d3bfbbdcc0a02e54a8fbd86.jpg,,3,0,moderate,moderate,0.8252,0.04533,0.08873,0.82516,0.04079
crops/1051_13.jpg,1051,1051_jpg.rf.dbf197656d3bfbbdcc0a02e54a8fbd86.jpg,,3,0,moderate,moderate,0.5976,0.02061,0.35124,0.59762,0.03053
crops/1076_0.jpg,1076,1076_jpg.rf.a6d7e933ffa9b6039c34b096a609c0e4.jpg,,6,0,advanced,advanced,0.8896,0.00684,0.00913,0.09439,0.88964
crops/1076_1.jpg,1076,1076_jpg.rf.a6d7e933ffa9b6039c34b096a609c0e4.jpg,,5,0,advanced,advanced,0.5179,0.01177,0.16953,0.30079,0.51791
crops/1076_2.jpg,1076,1076_jpg.rf.a6d7e933ffa9b6039c34b096a609c0e4.jpg,,5,0,advanced,moderate,0.5943,0.01173,0.17365,0.59433,0.22029
crops/1076_3.jpg,1076,1076_jpg.rf.a6d7e933ffa9b6039c34b096a609c0e4.jpg,,5,0,advanced,advanced,0.6732,0.05058,0.15338,0.12285,0.67318
crops/1076_4.jpg,1076,1076_jpg.rf.a6d7e933ffa9b6039c34b096a609c0e4.jpg,,2,0,mild,moderate,0.7624,0.00736,0.20058,0.76244,0.02963
crops/1076_5.jpg,1076,1076_jpg.rf.a6d7e933ffa9b6039c34b096a609c0e4.jpg,,2,0,mild,mild,0.7797,0.01677,0.77969,0.12566,0.07788
crops/1076_6.jpg,1076,1076_jpg.rf.a6d7e933ffa9b6039c34b096a609c0e4.jpg,,2,0,mild,mild,0.4475,0.0835,0.44751,0.06794,0.40105
crops/1076_7.jpg,1076,1076_jpg.rf.a6d7e933ffa9b6039c34b096a609c0e4.jpg,,5,0,advanced,advanced,0.9549,0.0036,0.00656,0.03496,0.95488
crops/1076_8.jpg,1076,1076_jpg.rf.a6d7e933ffa9b6039c34b096a609c0e4.jpg,,6,0,advanced,advanced,0.9353,0.00332,0.04476,0.01667,0.93525
crops/1093_0.jpg,1093,1093_jpg.rf.7134138cd3e680a9e87983da0da8709f.jpg,,3,0,moderate,no_caries,0.4786,0.47857,0.27559,0.09691,0.14894
crops/1093_1.jpg,1093,1093_jpg.rf.7134138cd3e680a9e87983da0da8709f.jpg,,3,0,moderate,no_caries,0.4943,0.49426,0.22891,0.08466,0.19218
crops/1093_2.jpg,1093,1093_jpg.rf.7134138cd3e680a9e87983da0da8709f.jpg,,5,0,advanced,advanced,0.4122,0.1295,0.13625,0.32203,0.41222
crops/1093_3.jpg,1093,1093_jpg.rf.7134138cd3e680a9e87983da0da8709f.jpg,,5,0,advanced,moderate,0.4724,0.04787,0.22353,0.47237,0.25624
crops/1093_4.jpg,1093,1093_jpg.rf.7134138cd3e680a9e87983da0da8709f.jpg,,2,0,mild,moderate,0.7388,0.07117,0.1133,0.7388,0.07673
crops/1093_5.jpg,1093,1093_jpg.rf.7134138cd3e680a9e87983da0da8709f.jpg,,2,0,mild,mild,0.5627,0.07737,0.56274,0.32493,0.03496
crops/1093_6.jpg,1093,1093_jpg.rf.7134138cd3e680a9e87983da0da8709f.jpg,,2,0,mild,moderate,0.5267,0.12129,0.32365,0.52669,0.02837
crops/1093_7.jpg,1093,1093_jpg.rf.7134138cd3e680a9e87983da0da8709f.jpg,,2,0,mild,moderate,0.7194,0.13821,0.11374,0.71945,0.0286
crops/1093_8.jpg,1093,1093_jpg.rf.7134138cd3e680a9e87983da0da8709f.jpg,,2,0,mild,moderate,0.9446,0.00134,0.01947,0.94457,0.03462
crops/1093_9.jpg,1093,1093_jpg.rf.7134138cd3e680a9e87983da0da8709f.jpg,,3,0,moderate,moderate,0.552,0.01404,0.03243,0.55203,0.4015
crops/1093_10.jpg,1093,1093_jpg.rf.7134138cd3e680a9e87983da0da8709f.jpg,,0,0,no_caries,no_caries,0.4884,0.48844,0.07338,0.29246,0.14572
crops/1093_11.jpg,1093,1093_jpg.rf.7134138cd3e680a9e87983da0da8709f.jpg,,3,0,moderate,advanced,0.5607,0.12912,0.10472,0.20542,0.56075
crops/1093_12.jpg,1093,1093_jpg.rf.7134138cd3e680a9e87983da0da8709f.jpg,,0,0,no_caries,mild,0.5004,0.25767,0.5004,0.08617,0.15576
crops/1093_13.jpg,1093,1093_jpg.rf.7134138cd3e680a9e87983da0da8709f.jpg,,2,0,mild,no_caries,0.7477,0.74766,0.06765,0.09101,0.09368
crops/1093_14.jpg,1093,1093_jpg.rf.7134138cd3e680a9e87983da0da8709f.jpg,,0,0,no_caries,no_caries,0.7065,0.70648,0.02868,0.17195,0.09288
crops/1093_15.jpg,1093,1093_jpg.rf.7134138cd3e680a9e87983da0da8709f.jpg,,2,0,mild,moderate,0.6147,0.21095,0.13669,0.61467,0.03769
crops/1093_16.jpg,1093,1093_jpg.rf.7134138cd3e680a9e87983da0da8709f.jpg,,2,0,mild,mild,0.6719,0.06879,0.67194,0.24232,0.01695
crops/1093_17.jpg,1093,1093_jpg.rf.7134138cd3e680a9e87983da0da8709f.jpg,,2,0,mild,moderate,0.5064,0.02268,0.43409,0.50636,0.03686
crops/1093_18.jpg,1093,1093_jpg.rf.7134138cd3e680a9e87983da0da8709f.jpg,,3,0,moderate,moderate,0.9627,0.00028,0.009,0.96273,0.028
crops/1093_19.jpg,1093,1093_jpg.rf.7134138cd3e680a9e87983da0da8709f.jpg,,3,0,moderate,moderate,0.5881,0.00807,0.32078,0.58807,0.08307
crops/1093_20.jpg,1093,1093_jpg.rf.7134138cd3e680a9e87983da0da8709f.jpg,,3,0,moderate,mild,0.6503,0.01605,0.65031,0.2902,0.04343
crops/1093_21.jpg,1093,1093_jpg.rf.7134138cd3e680a9e87983da0da8709f.jpg,,3,0,moderate,moderate,0.718,0.00265,0.09187,0.71805,0.18744
crops/1093_22.jpg,1093,1093_jpg.rf.7134138cd3e680a9e87983da0da8709f.jpg,,2,0,mild,no_caries,0.5387,0.53868,0.15732,0.22923,0.07477
crops/1093_23.jpg,1093,1093_jpg.rf.7134138cd3e680a9e87983da0da8709f.jpg,,2,0,mild,no_caries,0.4635,0.4635,0.13581,0.33756,0.06313
crops/1093_24.jpg,1093,1093_jpg.rf.7134138cd3e680a9e87983da0da8709f.jpg,,5,0,advanced,advanced,0.6681,0.06824,0.14302,0.12069,0.66805
crops/1112_0.jpg,1112,1112_jpg.rf.cfb931fa0b6ba2f5435f21364c9de1f2.jpg,,0,0,no_caries,no_caries,0.5636,0.56358,0.28069,0.07656,0.07917
crops/1112_1.jpg,1112,1112_jpg.rf.cfb931fa0b6ba2f5435f21364c9de1f2.jpg,,0,0,no_caries,no_caries,0.5779,0.57793,0.20116,0.06327,0.15764
crops/1112_2.jpg,1112,1112_jpg.rf.cfb931fa0b6ba2f5435f21364c9de1f2.jpg,,0,0,no_caries,no_caries,0.5844,0.58439,0.16747,0.16634,0.0818
crops/1112_3.jpg,1112,1112_jpg.rf.cfb931fa0b6ba2f5435f21364c9de1f2.jpg,,0,0,no_caries,no_caries,0.6731,0.67314,0.1654,0.05779,0.10366
crops/1112_4.jpg,1112,1112_jpg.rf.cfb931fa0b6ba2f5435f21364c9de1f2.jpg,,0,0,no_caries,no_caries,0.8447,0.84474,0.11261,0.01755,0.0251
crops/1112_5.jpg,1112,1112_jpg.rf.cfb931fa0b6ba2f5435f21364c9de1f2.jpg,,0,0,no_caries,no_caries,0.7782,0.77818,0.12491,0.04245,0.05446
crops/1112_6.jpg,1112,1112_jpg.rf.cfb931fa0b6ba2f5435f21364c9de1f2.jpg,,0,0,no_caries,no_caries,0.7987,0.79871,0.08384,0.07726,0.04019
crops/1112_7.jpg,1112,1112_jpg.rf.cfb931fa0b6ba2f5435f21364c9de1f2.jpg,,0,0,no_caries,no_caries,0.8017,0.80171,0.09359,0.07356,0.03115
crops/1112_8.jpg,1112,1112_jpg.rf.cfb931fa0b6ba2f5435f21364c9de1f2.jpg,,0,0,no_caries,no_caries,0.8297,0.82972,0.06408,0.08416,0.02205
crops/1112_9.jpg,1112,1112_jpg.rf.cfb931fa0b6ba2f5435f21364c9de1f2.jpg,,0,0,no_caries,no_caries,0.7163,0.71625,0.19456,0.03916,0.05004
crops/1112_10.jpg,1112,1112_jpg.rf.cfb931fa0b6ba2f5435f21364c9de1f2.jpg,,0,0,no_caries,no_caries,0.8021,0.80212,0.13445,0.03436,0.02907
crops/1112_11.jpg,1112,1112_jpg.rf.cfb931fa0b6ba2f5435f21364c9de1f2.jpg,,0,0,no_caries,no_caries,0.5555,0.55545,0.23259,0.16469,0.04727
crops/1112_12.jpg,1112,1112_jpg.rf.cfb931fa0b6ba2f5435f21364c9de1f2.jpg,,0,0,no_caries,mild,0.4218,0.32754,0.42178,0.15155,0.09913
crops/1112_13.jpg,1112,1112_jpg.rf.cfb931fa0b6ba2f5435f21364c9de1f2.jpg,,3,0,moderate,moderate,0.7662,0.0938,0.11312,0.76617,0.02692
crops/1114_0.jpg,1114,1114_jpg.rf.f0da38cabb6eb391543cb7eaf21da7ef.jpg,,5,0,advanced,moderate,0.542,0.09883,0.26024,0.54203,0.09889
crops/1114_1.jpg,1114,1114_jpg.rf.f0da38cabb6eb391543cb7eaf21da7ef.jpg,,6,0,advanced,advanced,0.5579,0.03119,0.05909,0.35178,0.55794
crops/1114_2.jpg,1114,1114_jpg.rf.f0da38cabb6eb391543cb7eaf21da7ef.jpg,,0,0,no_caries,mild,0.774,0.13381,0.77402,0.02206,0.0701
crops/1114_3.jpg,1114,1114_jpg.rf.f0da38cabb6eb391543cb7eaf21da7ef.jpg,,0,0,no_caries,mild,0.7382,0.11923,0.73822,0.01878,0.12378
crops/1114_4.jpg,1114,1114_jpg.rf.f0da38cabb6eb391543cb7eaf21da7ef.jpg,,0,0,no_caries,mild,0.8561,0.02229,0.85613,0.0226,0.09898
crops/1114_5.jpg,1114,1114_jpg.rf.f0da38cabb6eb391543cb7eaf21da7ef.jpg,,0,0,no_caries,no_caries,0.466,0.46598,0.34018,0.12823,0.06561
crops/1114_6.jpg,1114,1114_jpg.rf.f0da38cabb6eb391543cb7eaf21da7ef.jpg,,0,0,no_caries,moderate,0.4108,0.16188,0.32299,0.4108,0.10432
crops/1114_7.jpg,1114,1114_jpg.rf.f0da38cabb6eb391543cb7eaf21da7ef.jpg,,0,0,no_caries,no_caries,0.6872,0.68725,0.10495,0.13388,0.07393
crops/1114_8.jpg,1114,1114_jpg.rf.f0da38cabb6eb391543cb7eaf21da7ef.jpg,,5,0,advanced,no_caries,0.5161,0.51605,0.36419,0.05999,0.05977
crops/1114_9.jpg,1114,1114_jpg.rf.f0da38cabb6eb391543cb7eaf21da7ef.jpg,,0,0,no_caries,advanced,0.4194,0.22234,0.25291,0.10536,0.41939
crops/1114_10.jpg,1114,1114_jpg.rf.f0da38cabb6eb391543cb7eaf21da7ef.jpg,,0,0,no_caries,no_caries,0.7064,0.70645,0.16757,0.04729,0.07869
crops/1123_0.jpg,1123,1123_jpg.rf.c2497110730816b44722ddb0393c1ae3.jpg,,3,0,moderate,mild,0.3972,0.36596,0.39722,0.15608,0.08074
crops/1123_1.jpg,1123,1123_jpg.rf.c2497110730816b44722ddb0393c1ae3.jpg,,0,0,no_caries,no_caries,0.6394,0.63944,0.24113,0.06639,0.05304
crops/1123_2.jpg,1123,1123_jpg.rf.c2497110730816b44722ddb0393c1ae3.jpg,,0,0,no_caries,no_caries,0.4315,0.43148,0.32236,0.13196,0.11421
crops/1123_3.jpg,1123,1123_jpg.rf.c2497110730816b44722ddb0393c1ae3.jpg,,5,0,advanced,advanced,0.5177,0.09283,0.1013,0.28818,0.5177
crops/1123_4.jpg,1123,1123_jpg.rf.c2497110730816b44722ddb0393c1ae3.jpg,,0,0,no_caries,mild,0.5377,0.37413,0.53772,0.04154,0.04661
crops/1123_5.jpg,1123,1123_jpg.rf.c2497110730816b44722ddb0393c1ae3.jpg,,2,0,mild,no_caries,0.327,0.32697,0.26099,0.31255,0.09949
crops/1123_6.jpg,1123,1123_jpg.rf.c2497110730816b44722ddb0393c1ae3.jpg,,2,0,mild,no_caries,0.6277,0.62769,0.32036,0.03837,0.01358
crops/125_0.jpg,125,125_jpg.rf.a0864735a082ed356ed4924f04e8f2de.jpg,,6,0,advanced,advanced,0.9315,0.01139,0.02148,0.03565,0.93148
crops/125_1.jpg,125,125_jpg.rf.a0864735a082ed356ed4924f04e8f2de.jpg,,3,0,moderate,moderate,0.498,0.00539,0.14497,0.49805,0.35159
crops/125_2.jpg,125,125_jpg.rf.a0864735a082ed356ed4924f04e8f2de.jpg,,3,0,moderate,advanced,0.6718,0.00726,0.26123,0.05974,0.67177
crops/125_3.jpg,125,125_jpg.rf.a0864735a082ed356ed4924f04e8f2de.jpg,,5,0,advanced,advanced,0.9579,0.00533,0.01792,0.01881,0.95794
crops/125_4.jpg,125,125_jpg.rf.a0864735a082ed356ed4924f04e8f2de.jpg,,5,0,advanced,advanced,0.9537,0.00617,0.01674,0.0234,0.95369
crops/125_5.jpg,125,125_jpg.rf.a0864735a082ed356ed4924f04e8f2de.jpg,,5,0,advanced,advanced,0.7608,0.01306,0.01435,0.21175,0.76084
crops/125_6.jpg,125,125_jpg.rf.a0864735a082ed356ed4924f04e8f2de.jpg,,2,0,mild,mild,0.6075,0.10312,0.60754,0.23299,0.05636
crops/125_7.jpg,125,125_jpg.rf.a0864735a082ed356ed4924f04e8f2de.jpg,,4,0,moderate,mild,0.4548,0.23518,0.45475,0.1216,0.18847
crops/1485_0.jpg,1485,1485_jpg.rf.8307e960af99b44fd7b1692c6b662ab0.jpg,,5,0,advanced,moderate,0.7087,0.01034,0.0072,0.70872,0.27374
crops/1485_1.jpg,1485,1485_jpg.rf.8307e960af99b44fd7b1692c6b662ab0.jpg,,5,0,advanced,advanced,0.3475,0.20941,0.25402,0.18903,0.34753
crops/1485_2.jpg,1485,1485_jpg.rf.8307e960af99b44fd7b1692c6b662ab0.jpg,,5,0,advanced,moderate,0.8803,0.03554,0.072,0.88029,0.01218
crops/1485_3.jpg,1485,1485_jpg.rf.8307e960af99b44fd7b1692c6b662ab0.jpg,,4,0,moderate,no_caries,0.6515,0.65151,0.0703,0.22494,0.05325
crops/1485_4.jpg,1485,1485_jpg.rf.8307e960af99b44fd7b1692c6b662ab0.jpg,,0,0,no_caries,no_caries,0.6516,0.65164,0.24137,0.0321,0.07489
crops/1485_5.jpg,1485,1485_jpg.rf.8307e960af99b44fd7b1692c6b662ab0.jpg,,0,0,no_caries,no_caries,0.767,0.76701,0.13535,0.0643,0.03333
crops/1485_6.jpg,1485,1485_jpg.rf.8307e960af99b44fd7b1692c6b662ab0.jpg,,0,0,no_caries,no_caries,0.7541,0.75408,0.16166,0.04974,0.03452
crops/1485_7.jpg,1485,1485_jpg.rf.8307e960af99b44fd7b1692c6b662ab0.jpg,,0,0,no_caries,no_caries,0.7979,0.79793,0.10747,0.04392,0.05068
crops/1485_8.jpg,1485,1485_jpg.rf.8307e960af99b44fd7b1692c6b662ab0.jpg,,0,0,no_caries,no_caries,0.6953,0.69531,0.14792,0.06955,0.08722
crops/1485_9.jpg,1485,1485_jpg.rf.8307e960af99b44fd7b1692c6b662ab0.jpg,,0,0,no_caries,no_caries,0.7424,0.74244,0.1142,0.05909,0.08428
crops/1485_10.jpg,1485,1485_jpg.rf.8307e960af99b44fd7b1692c6b662ab0.jpg,,5,0,advanced,advanced,0.9802,0.00312,0.00354,0.01312,0.98022
crops/1485_11.jpg,1485,1485_jpg.rf.8307e960af99b44fd7b1692c6b662ab0.jpg,,1,0,mild,advanced,0.979,0.00336,0.00843,0.00926,0.97895
crops/1485_12.jpg,1485,1485_jpg.rf.8307e960af99b44fd7b1692c6b662ab0.jpg,,0,0,no_caries,no_caries,0.6112,0.61117,0.07018,0.29075,0.0279
crops/1485_13.jpg,1485,1485_jpg.rf.8307e960af99b44fd7b1692c6b662ab0.jpg,,1,0,mild,moderate,0.528,0.42488,0.02647,0.52805,0.0206
crops/1485_14.jpg,1485,1485_jpg.rf.8307e960af99b44fd7b1692c6b662ab0.jpg,,0,0,no_caries,no_caries,0.8037,0.8037,0.01182,0.16606,0.01842
crops/1485_15.jpg,1485,1485_jpg.rf.8307e960af99b44fd7b1692c6b662ab0.jpg,,0,0,no_caries,no_caries,0.8563,0.85634,0.0318,0.06068,0.05118
crops/1485_16.jpg,1485,1485_jpg.rf.8307e960af99b44fd7b1692c6b662ab0.jpg,,0,0,no_caries,no_caries,0.5624,0.56242,0.04998,0.31767,0.06992
crops/1485_17.jpg,1485,1485_jpg.rf.8307e960af99b44fd7b1692c6b662ab0.jpg,,0,0,no_caries,no_caries,0.7732,0.77321,0.12834,0.05301,0.04545
crops/1485_18.jpg,1485,1485_jpg.rf.8307e960af99b44fd7b1692c6b662ab0.jpg,,1,0,mild,no_caries,0.5169,0.51685,0.22518,0.10439,0.15358
crops/1485_19.jpg,1485,1485_jpg.rf.8307e960af99b44fd7b1692c6b662ab0.jpg,,1,0,mild,mild,0.8297,0.09733,0.82972,0.01723,0.05572
crops/1487_0.jpg,1487,1487_jpg.rf.c9382117d66aa65742026d2c2914ecb8.jpg,,5,0,advanced,advanced,0.9738,0.00687,0.00872,0.01057,0.97384
crops/1487_1.jpg,1487,1487_jpg.rf.c9382117d66aa65742026d2c2914ecb8.jpg,,6,0,advanced,advanced,0.503,0.00264,0.42805,0.0663,0.50301
crops/1487_2.jpg,1487,1487_jpg.rf.c9382117d66aa65742026d2c2914ecb8.jpg,,6,0,advanced,no_caries,0.8745,0.87449,0.00808,0.00924,0.10818
crops/1487_3.jpg,1487,1487_jpg.rf.c9382117d66aa65742026d2c2914ecb8.jpg,,6,0,advanced,advanced,0.7036,0.00708,0.02372,0.26563,0.70357
crops/1487_4.jpg,1487,1487_jpg.rf.c9382117d66aa65742026d2c2914ecb8.jpg,,6,0,advanced,moderate,0.8623,0.00197,0.00768,0.86234,0.12801
crops/1487_5.jpg,1487,1487_jpg.rf.c9382117d66aa65742026d2c2914ecb8.jpg,,6,0,advanced,advanced,0.9727,0.00371,0.01002,0.01352,0.97275
crops/1487_6.jpg,1487,1487_jpg.rf.c9382117d66aa65742026d2c2914ecb8.jpg,,6,0,advanced,mild,0.851,0.09666,0.851,0.01403,0.03831
crops/1487_7.jpg,1487,1487_jpg.rf.c9382117d66aa65742026d2c2914ecb8.jpg,,5,0,advanced,advanced,0.9183,0.0018,0.00357,0.07637,0.91827
crops/1487_8.jpg,1487,1487_jpg.rf.c9382117d66aa65742026d2c2914ecb8.jpg,,5,0,advanced,advanced,0.9601,0.00334,0.00882,0.02772,0.96013
crops/1487_9.jpg,1487,1487_jpg.rf.c9382117d66aa65742026d2c2914ecb8.jpg,,6,0,advanced,no_caries,0.8858,0.8858,0.03791,0.0288,0.04749
crops/1487_10.jpg,1487,1487_jpg.rf.c9382117d66aa65742026d2c2914ecb8.jpg,,6,0,advanced,advanced,0.9563,0.00397,0.0349,0.00487,0.95626
crops/1487_11.jpg,1487,1487_jpg.rf.c9382117d66aa65742026d2c2914ecb8.jpg,,6,0,advanced,advanced,0.5042,0.3858,0.02937,0.0806,0.50423
crops/1487_12.jpg,1487,1487_jpg.rf.c9382117d66aa65742026d2c2914ecb8.jpg,,6,0,advanced,moderate,0.6396,0.00843,0.02019,0.63959,0.33179
crops/1487_13.jpg,1487,1487_jpg.rf.c9382117d66aa65742026d2c2914ecb8.jpg,,6,0,advanced,advanced,0.7769,0.01514,0.02758,0.18042,0.77686
crops/1487_14.jpg,1487,1487_jpg.rf.c9382117d66aa65742026d2c2914ecb8.jpg,,6,0,advanced,advanced,0.9703,0.00568,0.00792,0.01608,0.97033
crops/1487_15.jpg,1487,1487_jpg.rf.c9382117d66aa65742026d2c2914ecb8.jpg,,5,0,advanced,mild,0.5385,0.00718,0.53845,0.02759,0.42678
crops/1487_16.jpg,1487,1487_jpg.rf.c9382117d66aa65742026d2c2914ecb8.jpg,,5,0,advanced,advanced,0.9562,0.00274,0.02872,0.01238,0.95616
crops/1487_17.jpg,1487,1487_jpg.rf.c9382117d66aa65742026d2c2914ecb8.jpg,,5,0,advanced,advanced,0.9625,0.00153,0.0169,0.01908,0.9625
crops/1491_0.jpg,1491,1491_jpg.rf.51eeeb3589f7e1bd76f391e3055eb4ae.jpg,,0,0,no_caries,no_caries,0.6357,0.63566,0.26538,0.03903,0.05994
crops/1491_1.jpg,1491,1491_jpg.rf.51eeeb3589f7e1bd76f391e3055eb4ae.jpg,,0,0,no_caries,no_caries,0.5055,0.50553,0.38289,0.04508,0.06651
crops/1491_2.jpg,1491,1491_jpg.rf.51eeeb3589f7e1bd76f391e3055eb4ae.jpg,,5,0,advanced,advanced,0.4509,0.04184,0.35352,0.15376,0.45088
crops/1491_3.jpg,1491,1491_jpg.rf.51eeeb3589f7e1bd76f391e3055eb4ae.jpg,,5,0,advanced,mild,0.7082,0.00429,0.70819,0.0549,0.23261
crops/1491_4.jpg,1491,1491_jpg.rf.51eeeb3589f7e1bd76f391e3055eb4ae.jpg,,0,0,no_caries,mild,0.4642,0.45382,0.46417,0.03289,0.04912
crops/1491_5.jpg,1491,1491_jpg.rf.51eeeb3589f7e1bd76f391e3055eb4ae.jpg,,0,0,no_caries,no_caries,0.59,0.59004,0.29488,0.03819,0.07689
crops/1491_6.jpg,1491,1491_jpg.rf.51eeeb3589f7e1bd76f391e3055eb4ae.jpg,,0,0,no_caries,no_caries,0.5021,0.50209,0.12099,0.27069,0.10624
crops/1491_7.jpg,1491,1491_jpg.rf.51eeeb3589f7e1bd76f391e3055eb4ae.jpg,,0,0,no_caries,no_caries,0.5974,0.59742,0.24703,0.0768,0.07875
crops/1491_8.jpg,1491,1491_jpg.rf.51eeeb3589f7e1bd76f391e3055eb4ae.jpg,,1,0,mild,moderate,0.7815,0.05088,0.13593,0.7815,0.03169
crops/1491_9.jpg,1491,1491_jpg.rf.51eeeb3589f7e1bd76f391e3055eb4ae.jpg,,1,0,mild,moderate,0.7176,0.00858,0.13777,0.71764,0.13602
crops/1491_10.jpg,1491,1491_jpg.rf.51eeeb3589f7e1bd76f391e3055eb4ae.jpg,,0,0,no_caries,no_caries,0.7463,0.74632,0.14883,0.07091,0.03394
crops/1491_11.jpg,1491,1491_jpg.rf.51eeeb3589f7e1bd76f391e3055eb4ae.jpg,,0,0,no_caries,no_caries,0.7624,0.76235,0.04582,0.15853,0.03329
crops/1492_0.jpg,1492,1492_jpg.rf.142bbbdc7fcc9466ed0c85071af92716.jpg,,0,0,no_caries,no_caries,0.5133,0.51333,0.16391,0.26078,0.06198
crops/1492_1.jpg,1492,1492_jpg.rf.142bbbdc7fcc9466ed0c85071af92716.jpg,,0,0,no_caries,no_caries,0.554,0.55399,0.23606,0.07692,0.13303
crops/1492_2.jpg,1492,1492_jpg.rf.142bbbdc7fcc9466ed0c85071af92716.jpg,,0,0,no_caries,no_caries,0.8297,0.82975,0.03125,0.0691,0.06991
crops/1492_3.jpg,1492,1492_jpg.rf.142bbbdc7fcc9466ed0c85071af92716.jpg,,0,0,no_caries,no_caries,0.7328,0.73277,0.09346,0.06756,0.10621
crops/1492_4.jpg,1492,1492_jpg.rf.142bbbdc7fcc9466ed0c85071af92716.jpg,,0,0,no_caries,no_caries,0.7346,0.73464,0.17942,0.04332,0.04262
crops/1492_5.jpg,1492,1492_jpg.rf.142bbbdc7fcc9466ed0c85071af92716.jpg,,0,0,no_caries,no_caries,0.7905,0.79049,0.10736,0.06315,0.039
crops/1492_6.jpg,1492,1492_jpg.rf.142bbbdc7fcc9466ed0c85071af92716.jpg,,0,0,no_caries,no_caries,0.7342,0.73417,0.12951,0.08695,0.04937
crops/1492_7.jpg,1492,1492_jpg.rf.142bbbdc7fcc9466ed0c85071af92716.jpg,,0,0,no_caries,no_caries,0.8873,0.88734,0.04654,0.03828,0.02784
crops/1492_8.jpg,1492,1492_jpg.rf.142bbbdc7fcc9466ed0c85071af92716.jpg,,0,0,no_caries,no_caries,0.7623,0.76226,0.1618,0.04686,0.02908
crops/1492_9.jpg,1492,1492_jpg.rf.142bbbdc7fcc9466ed0c85071af92716.jpg,,0,0,no_caries,no_caries,0.8953,0.89532,0.0325,0.03723,0.03495
crops/1492_10.jpg,1492,1492_jpg.rf.142bbbdc7fcc9466ed0c85071af92716.jpg,,0,0,no_caries,no_caries,0.8046,0.80455,0.08715,0.0428,0.06549
crops/1492_11.jpg,1492,1492_jpg.rf.142bbbdc7fcc9466ed0c85071af92716.jpg,,0,0,no_caries,no_caries,0.701,0.70105,0.07027,0.07305,0.15563
crops/1492_12.jpg,1492,1492_jpg.rf.142bbbdc7fcc9466ed0c85071af92716.jpg,,0,0,no_caries,no_caries,0.5185,0.51849,0.15707,0.07572,0.24872
crops/1492_13.jpg,1492,1492_jpg.rf.142bbbdc7fcc9466ed0c85071af92716.jpg,,3,0,moderate,moderate,0.5538,0.07365,0.29493,0.55379,0.07763
crops/1505_0.jpg,1505,1505_jpg.rf.dc2334f0de8510a7d0d96ac8238ff8ff.jpg,,5,0,advanced,moderate,0.813,0.00297,0.04066,0.81301,0.14336
crops/1505_1.jpg,1505,1505_jpg.rf.dc2334f0de8510a7d0d96ac8238ff8ff.jpg,,5,0,advanced,moderate,0.6673,0.04287,0.10763,0.66728,0.18221
crops/1505_2.jpg,1505,1505_jpg.rf.dc2334f0de8510a7d0d96ac8238ff8ff.jpg,,0,0,no_caries,no_caries,0.5655,0.56553,0.25228,0.0732,0.10899
crops/1505_3.jpg,1505,1505_jpg.rf.dc2334f0de8510a7d0d96ac8238ff8ff.jpg,,0,0,no_caries,mild,0.5836,0.28734,0.58356,0.09507,0.03404
crops/1512_0.jpg,1512,1512_jpg.rf.38361a83cb0204c345b45f50a5e8e2b1.jpg,,3,0,moderate,moderate,0.3483,0.04862,0.30799,0.34833,0.29507
crops/1512_1.jpg,1512,1512_jpg.rf.38361a83cb0204c345b45f50a5e8e2b1.jpg,,3,0,moderate,moderate,0.8731,0.02288,0.04007,0.87308,0.06397
crops/1512_2.jpg,1512,1512_jpg.rf.38361a83cb0204c345b45f50a5e8e2b1.jpg,,3,0,moderate,moderate,0.8564,0.02246,0.08197,0.85638,0.03919
crops/1512_3.jpg,1512,1512_jpg.rf.38361a83cb0204c345b45f50a5e8e2b1.jpg,,5,0,advanced,moderate,0.6963,0.00694,0.07761,0.69634,0.21911
crops/1512_4.jpg,1512,1512_jpg.rf.38361a83cb0204c345b45f50a5e8e2b1.jpg,,3,0,moderate,moderate,0.9856,0.00021,0.00869,0.98564,0.00546
crops/1512_5.jpg,1512,1512_jpg.rf.38361a83cb0204c345b45f50a5e8e2b1.jpg,,3,0,moderate,mild,0.392,0.23615,0.39199,0.25488,0.11699
crops/1512_6.jpg,1512,1512_jpg.rf.38361a83cb0204c345b45f50a5e8e2b1.jpg,,3,0,moderate,moderate,0.7843,0.10341,0.07228,0.78427,0.04004
crops/1512_7.jpg,1512,1512_jpg.rf.38361a83cb0204c345b45f50a5e8e2b1.jpg,,0,0,no_caries,mild,0.4318,0.42543,0.43177,0.12681,0.01599
crops/1512_8.jpg,1512,1512_jpg.rf.38361a83cb0204c345b45f50a5e8e2b1.jpg,,0,0,no_caries,moderate,0.3966,0.24381,0.17054,0.39664,0.18902
crops/1512_9.jpg,1512,1512_jpg.rf.38361a83cb0204c345b45f50a5e8e2b1.jpg,,0,0,no_caries,no_caries,0.831,0.83098,0.00933,0.12656,0.03313
crops/1512_10.jpg,1512,1512_jpg.rf.38361a83cb0204c345b45f50a5e8e2b1.jpg,,0,0,no_caries,no_caries,0.6922,0.69219,0.0326,0.18295,0.09226
crops/1512_11.jpg,1512,1512_jpg.rf.38361a83cb0204c345b45f50a5e8e2b1.jpg,,3,0,moderate,no_caries,0.4255,0.42549,0.04779,0.37354,0.15318
crops/1512_12.jpg,1512,1512_jpg.rf.38361a83cb0204c345b45f50a5e8e2b1.jpg,,3,0,moderate,advanced,0.6665,0.01258,0.23529,0.08566,0.66647
crops/1512_13.jpg,1512,1512_jpg.rf.38361a83cb0204c345b45f50a5e8e2b1.jpg,,3,0,moderate,advanced,0.8004,0.0006,0.00186,0.19714,0.80039
crops/1512_14.jpg,1512,1512_jpg.rf.38361a83cb0204c345b45f50a5e8e2b1.jpg,,0,0,no_caries,advanced,0.3365,0.19401,0.18355,0.28597,0.33648
crops/1512_15.jpg,1512,1512_jpg.rf.38361a83cb0204c345b45f50a5e8e2b1.jpg,,0,0,no_caries,no_caries,0.6473,0.64729,0.22441,0.04689,0.08141
crops/1519_0.jpg,1519,1519_jpg.rf.047c1c55f964fd1889ccb80e3574fbac.jpg,,6,0,advanced,advanced,0.9379,0.00566,0.00946,0.04701,0.93787
crops/1519_1.jpg,1519,1519_jpg.rf.047c1c55f964fd1889ccb80e3574fbac.jpg,,6,0,advanced,advanced,0.8197,0.00508,0.00749,0.16769,0.81975
crops/1519_2.jpg,1519,1519_jpg.rf.047c1c55f964fd1889ccb80e3574fbac.jpg,,5,0,advanced,advanced,0.8604,0.01049,0.0197,0.10938,0.86043
crops/1519_3.jpg,1519,1519_jpg.rf.047c1c55f964fd1889ccb80e3574fbac.jpg,,5,0,advanced,advanced,0.8057,0.00135,0.01072,0.18221,0.80572
crops/1519_4.jpg,1519,1519_jpg.rf.047c1c55f964fd1889ccb80e3574fbac.jpg,,5,0,advanced,advanced,0.9631,0.00533,0.00745,0.0241,0.96312
crops/1519_5.jpg,1519,1519_jpg.rf.047c1c55f964fd1889ccb80e3574fbac.jpg,,6,0,advanced,advanced,0.9737,0.00481,0.00631,0.01513,0.97375
crops/1519_6.jpg,1519,1519_jpg.rf.047c1c55f964fd1889ccb80e3574fbac.jpg,,5,0,advanced,advanced,0.7642,0.00489,0.01112,0.21983,0.76416
crops/1521_0.jpg,1521,1521_jpg.rf.10bd25fc5bf8e9b14c7db7a3f1bedcfe.jpg,,0,0,no_caries,mild,0.5825,0.30988,0.58251,0.01904,0.08857
crops/1521_1.jpg,1521,1521_jpg.rf.10bd25fc5bf8e9b14c7db7a3f1bedcfe.jpg,,5,0,advanced,advanced,0.9417,0.0123,0.01609,0.02987,0.94174
crops/1521_2.jpg,1521,1521_jpg.rf.10bd25fc5bf8e9b14c7db7a3f1bedcfe.jpg,,4,0,moderate,advanced,0.8868,0.01474,0.01166,0.08678,0.88682
crops/1521_3.jpg,1521,1521_jpg.rf.10bd25fc5bf8e9b14c7db7a3f1bedcfe.jpg,,5,0,advanced,advanced,0.9728,0.00537,0.00466,0.01718,0.97279
crops/1521_4.jpg,1521,1521_jpg.rf.10bd25fc5bf8e9b14c7db7a3f1bedcfe.jpg,,0,0,no_caries,mild,0.5597,0.35927,0.55974,0.02701,0.05398
crops/1521_5.jpg,1521,1521_jpg.rf.10bd25fc5bf8e9b14c7db7a3f1bedcfe.jpg,,0,0,no_caries,mild,0.4597,0.33051,0.45974,0.10022,0.10952
crops/1521_6.jpg,1521,1521_jpg.rf.10bd25fc5bf8e9b14c7db7a3f1bedcfe.jpg,,0,0,no_caries,no_caries,0.3852,0.38518,0.38044,0.17239,0.06199
crops/1521_7.jpg,1521,1521_jpg.rf.10bd25fc5bf8e9b14c7db7a3f1bedcfe.jpg,,0,0,no_caries,no_caries,0.6508,0.65083,0.10827,0.22583,0.01507
crops/1521_8.jpg,1521,1521_jpg.rf.10bd25fc5bf8e9b14c7db7a3f1bedcfe.jpg,,0,0,no_caries,no_caries,0.5152,0.51516,0.19923,0.2781,0.0075
crops/1521_9.jpg,1521,1521_jpg.rf.10bd25fc5bf8e9b14c7db7a3f1bedcfe.jpg,,3,0,moderate,moderate,0.8885,0.03772,0.0689,0.88848,0.0049
crops/1521_10.jpg,1521,1521_jpg.rf.10bd25fc5bf8e9b14c7db7a3f1bedcfe.jpg,,2,0,mild,moderate,0.4366,0.05821,0.35077,0.43664,0.15438
crops/1521_11.jpg,1521,1521_jpg.rf.10bd25fc5bf8e9b14c7db7a3f1bedcfe.jpg,,0,0,no_caries,mild,0.652,0.13516,0.65196,0.18838,0.0245
crops/1521_12.jpg,1521,1521_jpg.rf.10bd25fc5bf8e9b14c7db7a3f1bedcfe.jpg,,0,0,no_caries,mild,0.6506,0.17495,0.6506,0.16608,0.00837
crops/1521_13.jpg,1521,1521_jpg.rf.10bd25fc5bf8e9b14c7db7a3f1bedcfe.jpg,,5,0,advanced,advanced,0.7368,0.01817,0.22786,0.0172,0.73677
crops/1521_14.jpg,1521,1521_jpg.rf.10bd25fc5bf8e9b14c7db7a3f1bedcfe.jpg,,5,0,advanced,advanced,0.8857,0.00939,0.03932,0.06555,0.88574
crops/1525_0.jpg,1525,1525_jpg.rf.94057a976b3a85308ab816faad1d88ba.jpg,,5,0,advanced,advanced,0.7874,0.00474,0.03583,0.17207,0.78737
crops/1525_1.jpg,1525,1525_jpg.rf.94057a976b3a85308ab816faad1d88ba.jpg,,2,0,mild,moderate,0.5187,0.00477,0.44747,0.51873,0.02903
crops/1525_2.jpg,1525,1525_jpg.rf.94057a976b3a85308ab816faad1d88ba.jpg,,6,0,advanced,advanced,0.7507,0.0018,0.00516,0.24238,0.75067
crops/1525_3.jpg,1525,1525_jpg.rf.94057a976b3a85308ab816faad1d88ba.jpg,,6,0,advanced,advanced,0.4678,0.00537,0.14929,0.37756,0.46778
crops/1525_4.jpg,1525,1525_jpg.rf.94057a976b3a85308ab816faad1d88ba.jpg,,2,0,mild,moderate,0.5684,0.16377,0.18476,0.56838,0.08309
crops/1525_5.jpg,1525,1525_jpg.rf.94057a976b3a85308ab816faad1d88ba.jpg,,2,0,mild,no_caries,0.6719,0.67193,0.07466,0.1303,0.12311
crops/1525_6.jpg,1525,1525_jpg.rf.94057a976b3a85308ab816faad1d88ba.jpg,,1,0,mild,no_caries,0.7525,0.75247,0.08384,0.11009,0.05359
crops/1528_0.jpg,1528,1528_jpg.rf.1bc6cacf0a49722691b11bdee966b0eb.jpg,,0,0,no_caries,no_caries,0.8449,0.84491,0.04651,0.02616,0.08242
crops/1528_1.jpg,1528,1528_jpg.rf.1bc6cacf0a49722691b11bdee966b0eb.jpg,,3,0,moderate,moderate,0.9631,0.01205,0.01488,0.96309,0.00999
crops/1528_2.jpg,1528,1528_jpg.rf.1bc6cacf0a49722691b11bdee966b0eb.jpg,,0,0,no_caries,no_caries,0.6009,0.60093,0.28073,0.04553,0.07281
crops/1528_3.jpg,1528,1528_jpg.rf.1bc6cacf0a49722691b11bdee966b0eb.jpg,,0,0,no_caries,no_caries,0.8624,0.86241,0.05801,0.02848,0.0511
crops/1528_4.jpg,1528,1528_jpg.rf.1bc6cacf0a49722691b11bdee966b0eb.jpg,,0,0,no_caries,no_caries,0.8281,0.82807,0.10961,0.01622,0.0461
crops/1528_5.jpg,1528,1528_jpg.rf.1bc6cacf0a49722691b11bdee966b0eb.jpg,,0,0,no_caries,no_caries,0.8017,0.80173,0.07445,0.09023,0.03359
crops/1528_6.jpg,1528,1528_jpg.rf.1bc6cacf0a49722691b11bdee966b0eb.jpg,,3,0,moderate,advanced,0.7544,0.07562,0.10349,0.06651,0.75437
crops/1528_7.jpg,1528,1528_jpg.rf.1bc6cacf0a49722691b11bdee966b0eb.jpg,,3,0,moderate,moderate,0.9063,0.00046,0.07234,0.90635,0.02086
crops/1528_8.jpg,1528,1528_jpg.rf.1bc6cacf0a49722691b11bdee966b0eb.jpg,,3,0,moderate,moderate,0.9853,0.00054,0.01406,0.98529,0.0001
crops/1528_9.jpg,1528,1528_jpg.rf.1bc6cacf0a49722691b11bdee966b0eb.jpg,,3,0,moderate,mild,0.4736,0.29559,0.47359,0.14387,0.08695
crops/1528_10.jpg,1528,1528_jpg.rf.1bc6cacf0a49722691b11bdee966b0eb.jpg,,0,0,no_caries,no_caries,0.6509,0.6509,0.17851,0.07254,0.09805
crops/1532_0.jpg,1532,1532_jpg.rf.597e464fd6a9d5d7947c94cf9e680f51.jpg,,0,0,no_caries,mild,0.5272,0.18089,0.52718,0.01528,0.27665
crops/1532_1.jpg,1532,1532_jpg.rf.597e464fd6a9d5d7947c94cf9e680f51.jpg,,5,0,advanced,advanced,0.9519,0.0075,0.01375,0.02684,0.95191
crops/1532_2.jpg,1532,1532_jpg.rf.597e464fd6a9d5d7947c94cf9e680f51.jpg,,4,0,moderate,mild,0.5411,0.26721,0.54108,0.17323,0.01849
crops/1532_3.jpg,1532,1532_jpg.rf.597e464fd6a9d5d7947c94cf9e680f51.jpg,,5,0,advanced,advanced,0.8249,0.00393,0.00313,0.16802,0.82493
crops/1532_4.jpg,1532,1532_jpg.rf.597e464fd6a9d5d7947c94cf9e680f51.jpg,,0,0,no_caries,no_caries,0.6425,0.64253,0.21959,0.11248,0.0254
crops/1532_5.jpg,1532,1532_jpg.rf.597e464fd6a9d5d7947c94cf9e680f51.jpg,,3,0,moderate,mild,0.5681,0.06076,0.5681,0.35923,0.01191
crops/1532_6.jpg,1532,1532_jpg.rf.597e464fd6a9d5d7947c94cf9e680f51.jpg,,3,0,moderate,moderate,0.3836,0.23494,0.35728,0.3836,0.02418
crops/1532_7.jpg,1532,1532_jpg.rf.597e464fd6a9d5d7947c94cf9e680f51.jpg,,0,0,no_caries,no_caries,0.5184,0.51838,0.05681,0.38745,0.03736
crops/1532_8.jpg,1532,1532_jpg.rf.597e464fd6a9d5d7947c94cf9e680f51.jpg,,0,0,no_caries,no_caries,0.7259,0.72592,0.14151,0.09899,0.03358
crops/1532_9.jpg,1532,1532_jpg.rf.597e464fd6a9d5d7947c94cf9e680f51.jpg,,3,0,moderate,mild,0.8746,0.03655,0.87464,0.07568,0.01313
crops/1532_10.jpg,1532,1532_jpg.rf.597e464fd6a9d5d7947c94cf9e680f51.jpg,,3,0,moderate,moderate,0.4247,0.2733,0.25788,0.42475,0.04407
crops/1532_11.jpg,1532,1532_jpg.rf.597e464fd6a9d5d7947c94cf9e680f51.jpg,,0,0,no_caries,moderate,0.5959,0.33453,0.0403,0.59592,0.02925
crops/1532_12.jpg,1532,1532_jpg.rf.597e464fd6a9d5d7947c94cf9e680f51.jpg,,0,0,no_caries,no_caries,0.7143,0.71433,0.13688,0.06116,0.08763
crops/1532_13.jpg,1532,1532_jpg.rf.597e464fd6a9d5d7947c94cf9e680f51.jpg,,0,0,no_caries,no_caries,0.7438,0.74379,0.09018,0.10186,0.06416
crops/1550_0.jpg,1550,1550_jpg.rf.f2adeef1da35cd3fa594e1235489329b.jpg,,5,0,advanced,moderate,0.8398,0.00393,0.04863,0.83982,0.10761
crops/1550_1.jpg,1550,1550_jpg.rf.f2adeef1da35cd3fa594e1235489329b.jpg,,5,0,advanced,mild,0.4864,0.20535,0.48638,0.26846,0.03982
crops/1550_2.jpg,1550,1550_jpg.rf.f2adeef1da35cd3fa594e1235489329b.jpg,,0,0,no_caries,mild,0.6671,0.25211,0.66708,0.06184,0.01897
crops/1550_3.jpg,1550,1550_jpg.rf.f2adeef1da35cd3fa594e1235489329b.jpg,,0,0,no_caries,no_caries,0.4186,0.4186,0.37266,0.18737,0.02137
crops/1550_4.jpg,1550,1550_jpg.rf.f2adeef1da35cd3fa594e1235489329b.jpg,,0,0,no_caries,no_caries,0.7825,0.78254,0.04225,0.14722,0.02798
crops/1550_5.jpg,1550,1550_jpg.rf.f2adeef1da35cd3fa594e1235489329b.jpg,,0,0,no_caries,no_caries,0.7389,0.73892,0.11572,0.08492,0.06044
crops/1550_6.jpg,1550,1550_jpg.rf.f2adeef1da35cd3fa594e1235489329b.jpg,,0,0,no_caries,no_caries,0.8453,0.84529,0.02213,0.09325,0.03932
crops/1558_0.jpg,1558,1558_jpg.rf.5e5e3a144d18589a30d370116bf1bf05.jpg,,2,0,mild,moderate,0.4794,0.04812,0.44525,0.47942,0.02721
crops/1558_1.jpg,1558,1558_jpg.rf.5e5e3a144d18589a30d370116bf1bf05.jpg,,2,0,mild,no_caries,0.4356,0.43563,0.41293,0.07117,0.08027
crops/1558_2.jpg,1558,1558_jpg.rf.5e5e3a144d18589a30d370116bf1bf05.jpg,,0,0,no_caries,mild,0.6814,0.14707,0.6814,0.10968,0.06185
crops/1558_3.jpg,1558,1558_jpg.rf.5e5e3a144d18589a30d370116bf1bf05.jpg,,0,0,no_caries,no_caries,0.6442,0.64416,0.17042,0.11293,0.07248
crops/1558_4.jpg,1558,1558_jpg.rf.5e5e3a144d18589a30d370116bf1bf05.jpg,,0,0,no_caries,moderate,0.424,0.37349,0.15115,0.42402,0.05134
crops/1558_5.jpg,1558,1558_jpg.rf.5e5e3a144d18589a30d370116bf1bf05.jpg,,0,0,no_caries,no_caries,0.5506,0.55061,0.17579,0.13298,0.14062
crops/1558_6.jpg,1558,1558_jpg.rf.5e5e3a144d18589a30d370116bf1bf05.jpg,,0,0,no_caries,no_caries,0.8463,0.84635,0.06487,0.03707,0.05171
crops/1558_7.jpg,1558,1558_jpg.rf.5e5e3a144d18589a30d370116bf1bf05.jpg,,0,0,no_caries,mild,0.4672,0.41893,0.46716,0.04571,0.06821
crops/1558_8.jpg,1558,1558_jpg.rf.5e5e3a144d18589a30d370116bf1bf05.jpg,,0,0,no_caries,no_caries,0.4207,0.42069,0.30724,0.04879,0.22328
crops/1558_9.jpg,1558,1558_jpg.rf.5e5e3a144d18589a30d370116bf1bf05.jpg,,2,0,mild,moderate,0.9887,0.00571,0.00254,0.98868,0.00307
crops/1571_0.jpg,1571,1571_jpg.rf.54e05e5a0483b5859a58cd88c1bb1abd.jpg,,5,0,advanced,advanced,0.4393,0.01712,0.17989,0.3637,0.43929
crops/1571_1.jpg,1571,1571_jpg.rf.54e05e5a0483b5859a58cd88c1bb1abd.jpg,,5,0,advanced,advanced,0.6275,0.00801,0.07079,0.29372,0.62748
crops/1571_2.jpg,1571,1571_jpg.rf.54e05e5a0483b5859a58cd88c1bb1abd.jpg,,6,0,advanced,moderate,0.6115,0.00096,0.01742,0.61146,0.37017
crops/1571_3.jpg,1571,1571_jpg.rf.54e05e5a0483b5859a58cd88c1bb1abd.jpg,,6,0,advanced,advanced,0.9027,0.00277,0.01397,0.08055,0.90272
crops/1571_4.jpg,1571,1571_jpg.rf.54e05e5a0483b5859a58cd88c1bb1abd.jpg,,5,0,advanced,moderate,0.832,0.00145,0.02028,0.83198,0.14629
crops/1571_5.jpg,1571,1571_jpg.rf.54e05e5a0483b5859a58cd88c1bb1abd.jpg,,6,0,advanced,advanced,0.9728,0.00422,0.00746,0.01554,0.97278
crops/1571_6.jpg,1571,1571_jpg.rf.54e05e5a0483b5859a58cd88c1bb1abd.jpg,,5,0,advanced,advanced,0.9699,0.00182,0.00329,0.02504,0.96986
crops/1571_7.jpg,1571,1571_jpg.rf.54e05e5a0483b5859a58cd88c1bb1abd.jpg,,5,0,advanced,advanced,0.9162,0.01242,0.02781,0.0436,0.91617
crops/1571_8.jpg,1571,1571_jpg.rf.54e05e5a0483b5859a58cd88c1bb1abd.jpg,,6,0,advanced,advanced,0.7447,0.00058,0.00349,0.25121,0.74472
crops/1571_9.jpg,1571,1571_jpg.rf.54e05e5a0483b5859a58cd88c1bb1abd.jpg,,5,0,advanced,advanced,0.925,0.00674,0.00618,0.06211,0.92497
crops/1571_10.jpg,1571,1571_jpg.rf.54e05e5a0483b5859a58cd88c1bb1abd.jpg,,6,0,advanced,mild,0.7438,0.07083,0.74378,0.08854,0.09684
crops/1571_11.jpg,1571,1571_jpg.rf.54e05e5a0483b5859a58cd88c1bb1abd.jpg,,5,0,advanced,advanced,0.9075,0.00417,0.01891,0.06938,0.90754
crops/1604_0.jpg,1604,1604_jpg.rf.41fe9412b2f111a99efda8ea094867c8.jpg,,3,0,moderate,moderate,0.8938,0.01893,0.08624,0.89385,0.00099
crops/1604_1.jpg,1604,1604_jpg.rf.41fe9412b2f111a99efda8ea094867c8.jpg,,3,0,moderate,moderate,0.9846,0.00528,0.00726,0.98458,0.00289
crops/1604_2.jpg,1604,1604_jpg.rf.41fe9412b2f111a99efda8ea094867c8.jpg,,3,0,moderate,moderate,0.8997,0.00793,0.08998,0.89973,0.00236
crops/1616_0.jpg,1616,1616_jpg.rf.4f731585b3e743f5235f175d32b89ecb.jpg,,5,0,advanced,no_caries,0.5254,0.52543,0.28584,0.12342,0.0653
crops/1616_1.jpg,1616,1616_jpg.rf.4f731585b3e743f5235f175d32b89ecb.jpg,,0,0,no_caries,mild,0.5706,0.10206,0.57064,0.27218,0.05512
crops/1616_2.jpg,1616,1616_jpg.rf.4f731585b3e743f5235f175d32b89ecb.jpg,,5,0,advanced,advanced,0.9802,0.00328,0.00619,0.01038,0.98016
crops/1616_3.jpg,1616,1616_jpg.rf.4f731585b3e743f5235f175d32b89ecb.jpg,,2,0,mild,mild,0.6734,0.1307,0.67336,0.18934,0.0066
crops/1616_4.jpg,1616,1616_jpg.rf.4f731585b3e743f5235f175d32b89ecb.jpg,,0,0,no_caries,moderate,0.4108,0.21981,0.35712,0.41084,0.01223
crops/1616_5.jpg,1616,1616_jpg.rf.4f731585b3e743f5235f175d32b89ecb.jpg,,0,0,no_caries,no_caries,0.8171,0.81707,0.0955,0.05688,0.03054
crops/1616_6.jpg,1616,1616_jpg.rf.4f731585b3e743f5235f175d32b89ecb.jpg,,0,0,no_caries,no_caries,0.5517,0.55169,0.26391,0.11107,0.07332
crops/1616_7.jpg,1616,1616_jpg.rf.4f731585b3e743f5235f175d32b89ecb.jpg,,3,0,moderate,moderate,0.5489,0.08275,0.33528,0.5489,0.03307
crops/1616_8.jpg,1616,1616_jpg.rf.4f731585b3e743f5235f175d32b89ecb.jpg,,5,0,advanced,advanced,0.9639,0.00724,0.01681,0.01206,0.96389
crops/1616_9.jpg,1616,1616_jpg.rf.4f731585b3e743f5235f175d32b89ecb.jpg,,5,0,advanced,moderate,0.6458,0.01325,0.17891,0.64579,0.16205
crops/1616_10.jpg,1616,1616_jpg.rf.4f731585b3e743f5235f175d32b89ecb.jpg,,5,0,advanced,advanced,0.5807,0.09078,0.27842,0.05014,0.58066
crops/1629_0.jpg,1629,1629_jpg.rf.50a78e722f2e9aa191da6b5495006685.jpg,,3,0,moderate,mild,0.9635,0.00853,0.96352,0.00479,0.02316
crops/1629_1.jpg,1629,1629_jpg.rf.50a78e722f2e9aa191da6b5495006685.jpg,,6,0,advanced,advanced,0.9581,0.00194,0.02814,0.01179,0.95814
crops/1629_2.jpg,1629,1629_jpg.rf.50a78e722f2e9aa191da6b5495006685.jpg,,5,0,advanced,advanced,0.7503,0.01133,0.09846,0.13992,0.75029
crops/1629_3.jpg,1629,1629_jpg.rf.50a78e722f2e9aa191da6b5495006685.jpg,,5,0,advanced,advanced,0.7707,0.05766,0.08613,0.08552,0.77069
crops/1629_4.jpg,1629,1629_jpg.rf.50a78e722f2e9aa191da6b5495006685.jpg,,0,0,no_caries,no_caries,0.689,0.68902,0.06497,0.16661,0.0794
crops/1629_5.jpg,1629,1629_jpg.rf.50a78e722f2e9aa191da6b5495006685.jpg,,6,0,advanced,advanced,0.9278,0.00411,0.00895,0.05911,0.92783
crops/1629_6.jpg,1629,1629_jpg.rf.50a78e722f2e9aa191da6b5495006685.jpg,,6,0,advanced,advanced,0.9563,0.00434,0.00674,0.03262,0.95629
crops/1629_7.jpg,1629,1629_jpg.rf.50a78e722f2e9aa191da6b5495006685.jpg,,6,0,advanced,advanced,0.8347,0.02179,0.0538,0.08973,0.83468
crops/1629_8.jpg,1629,1629_jpg.rf.50a78e722f2e9aa191da6b5495006685.jpg,,6,0,advanced,mild,0.78,0.05697,0.78001,0.01537,0.14765
crops/1629_9.jpg,1629,1629_jpg.rf.50a78e722f2e9aa191da6b5495006685.jpg,,3,0,moderate,mild,0.4248,0.21637,0.42477,0.0795,0.27936
crops/1629_10.jpg,1629,1629_jpg.rf.50a78e722f2e9aa191da6b5495006685.jpg,,0,0,no_caries,no_caries,0.4855,0.48546,0.27162,0.13413,0.10879
crops/1629_11.jpg,1629,1629_jpg.rf.50a78e722f2e9aa191da6b5495006685.jpg,,0,0,no_caries,no_caries,0.6487,0.64867,0.06808,0.22431,0.05894
crops/1629_12.jpg,1629,1629_jpg.rf.50a78e722f2e9aa191da6b5495006685.jpg,,0,0,no_caries,no_caries,0.7799,0.77992,0.09071,0.07997,0.0494
crops/1629_13.jpg,1629,1629_jpg.rf.50a78e722f2e9aa191da6b5495006685.jpg,,0,0,no_caries,moderate,0.3941,0.26363,0.28819,0.39415,0.05403
crops/1629_14.jpg,1629,1629_jpg.rf.50a78e722f2e9aa191da6b5495006685.jpg,,0,0,no_caries,moderate,0.6906,0.17657,0.09343,0.69056,0.03944
crops/1629_15.jpg,1629,1629_jpg.rf.50a78e722f2e9aa191da6b5495006685.jpg,,0,0,no_caries,no_caries,0.5,0.49999,0.06439,0.40049,0.03513
crops/1629_16.jpg,1629,1629_jpg.rf.50a78e722f2e9aa191da6b5495006685.jpg,,0,0,no_caries,no_caries,0.6916,0.69164,0.08123,0.13409,0.09304
crops/1629_17.jpg,1629,1629_jpg.rf.50a78e722f2e9aa191da6b5495006685.jpg,,5,0,advanced,moderate,0.5066,0.06565,0.03102,0.5066,0.39673
crops/1629_18.jpg,1629,1629_jpg.rf.50a78e722f2e9aa191da6b5495006685.jpg,,0,0,no_caries,moderate,0.4374,0.06951,0.1416,0.43743,0.35146
crops/1631_0.jpg,1631,1631_jpg.rf.3d742d1f11862b8e7e80b20bdef0715b.jpg,,0,0,no_caries,mild,0.5986,0.29319,0.59856,0.05821,0.05003
crops/1631_1.jpg,1631,1631_jpg.rf.3d742d1f11862b8e7e80b20bdef0715b.jpg,,0,0,no_caries,no_caries,0.4863,0.48628,0.28309,0.1479,0.08273
crops/1631_2.jpg,1631,1631_jpg.rf.3d742d1f11862b8e7e80b20bdef0715b.jpg,,3,0,moderate,mild,0.578,0.01672,0.57803,0.38808,0.01717
crops/1631_3.jpg,1631,1631_jpg.rf.3d742d1f11862b8e7e80b20bdef0715b.jpg,,3,0,moderate,moderate,0.6427,0.00112,0.34544,0.64272,0.01071
crops/1631_4.jpg,1631,1631_jpg.rf.3d742d1f11862b8e7e80b20bdef0715b.jpg,,3,0,moderate,mild,0.9016,0.01228,0.90156,0.07069,0.01546
crops/1631_5.jpg,1631,1631_jpg.rf.3d742d1f11862b8e7e80b20bdef0715b.jpg,,3,0,moderate,mild,0.8772,0.00883,0.87725,0.07829,0.03564
crops/1631_6.jpg,1631,1631_jpg.rf.3d742d1f11862b8e7e80b20bdef0715b.jpg,,3,0,moderate,mild,0.531,0.13598,0.53101,0.06123,0.27177
crops/1631_7.jpg,1631,1631_jpg.rf.3d742d1f11862b8e7e80b20bdef0715b.jpg,,2,0,mild,mild,0.6233,0.1076,0.62331,0.1674,0.10169
crops/1631_8.jpg,1631,1631_jpg.rf.3d742d1f11862b8e7e80b20bdef0715b.jpg,,0,0,no_caries,mild,0.4673,0.38472,0.46732,0.12314,0.02482
crops/1631_9.jpg,1631,1631_jpg.rf.3d742d1f11862b8e7e80b20bdef0715b.jpg,,0,0,no_caries,no_caries,0.4443,0.44435,0.31161,0.16962,0.07442
crops/1631_10.jpg,1631,1631_jpg.rf.3d742d1f11862b8e7e80b20bdef0715b.jpg,,0,0,no_caries,no_caries,0.6648,0.66476,0.23768,0.07149,0.02608
crops/1631_11.jpg,1631,1631_jpg.rf.3d742d1f11862b8e7e80b20bdef0715b.jpg,,0,0,no_caries,no_caries,0.7017,0.70167,0.21309,0.04682,0.03842
crops/1631_12.jpg,1631,1631_jpg.rf.3d742d1f11862b8e7e80b20bdef0715b.jpg,,0,0,no_caries,mild,0.3785,0.33983,0.37848,0.08949,0.19219
crops/1631_13.jpg,1631,1631_jpg.rf.3d742d1f11862b8e7e80b20bdef0715b.jpg,,2,0,mild,mild,0.8644,0.03775,0.86439,0.07324,0.02462
crops/1631_14.jpg,1631,1631_jpg.rf.3d742d1f11862b8e7e80b20bdef0715b.jpg,,2,0,mild,mild,0.9221,0.03073,0.92206,0.02905,0.01816
crops/1631_15.jpg,1631,1631_jpg.rf.3d742d1f11862b8e7e80b20bdef0715b.jpg,,2,0,mild,mild,0.4807,0.27456,0.48068,0.21296,0.0318
crops/1637_0.jpg,1637,1637_jpg.rf.e6fe2344fc307062d2afd645173ddf14.jpg,,5,0,advanced,advanced,0.8496,0.01349,0.0535,0.08344,0.84957
crops/1637_1.jpg,1637,1637_jpg.rf.e6fe2344fc307062d2afd645173ddf14.jpg,,5,0,advanced,advanced,0.6574,0.00736,0.07572,0.25957,0.65735
crops/1637_2.jpg,1637,1637_jpg.rf.e6fe2344fc307062d2afd645173ddf14.jpg,,5,0,advanced,mild,0.6347,0.00191,0.63474,0.30406,0.0593
crops/1637_3.jpg,1637,1637_jpg.rf.e6fe2344fc307062d2afd645173ddf14.jpg,,5,0,advanced,advanced,0.9686,0.00417,0.00966,0.01754,0.96862
crops/1637_4.jpg,1637,1637_jpg.rf.e6fe2344fc307062d2afd645173ddf14.jpg,,6,0,advanced,advanced,0.6958,0.00929,0.03546,0.25945,0.6958
crops/1637_5.jpg,1637,1637_jpg.rf.e6fe2344fc307062d2afd645173ddf14.jpg,,5,0,advanced,advanced,0.908,0.00166,0.00625,0.08405,0.90804
crops/1637_6.jpg,1637,1637_jpg.rf.e6fe2344fc307062d2afd645173ddf14.jpg,,5,0,advanced,mild,0.497,0.00468,0.49703,0.01445,0.48383
crops/1637_7.jpg,1637,1637_jpg.rf.e6fe2344fc307062d2afd645173ddf14.jpg,,2,0,mild,mild,0.8504,0.10937,0.85037,0.00851,0.03175
crops/1637_8.jpg,1637,1637_jpg.rf.e6fe2344fc307062d2afd645173ddf14.jpg,,5,0,advanced,advanced,0.6645,0.00684,0.30745,0.02118,0.66452
crops/1637_9.jpg,1637,1637_jpg.rf.e6fe2344fc307062d2afd645173ddf14.jpg,,6,0,advanced,advanced,0.9786,0.00833,0.00694,0.00608,0.97865
crops/1637_10.jpg,1637,1637_jpg.rf.e6fe2344fc307062d2afd645173ddf14.jpg,,5,0,advanced,mild,0.7217,0.17478,0.72169,0.07593,0.02759
crops/1637_11.jpg,1637,1637_jpg.rf.e6fe2344fc307062d2afd645173ddf14.jpg,,5,0,advanced,moderate,0.4126,0.26298,0.14841,0.4126,0.17601
crops/1637_12.jpg,1637,1637_jpg.rf.e6fe2344fc307062d2afd645173ddf14.jpg,,3,0,moderate,mild,0.8276,0.01913,0.8276,0.02222,0.13105
crops/1637_13.jpg,1637,1637_jpg.rf.e6fe2344fc307062d2afd645173ddf14.jpg,,1,0,mild,no_caries,0.6226,0.62259,0.23335,0.11807,0.02599
crops/1637_14.jpg,1637,1637_jpg.rf.e6fe2344fc307062d2afd645173ddf14.jpg,,0,0,no_caries,mild,0.5615,0.34102,0.5615,0.0787,0.01877
crops/1637_15.jpg,1637,1637_jpg.rf.e6fe2344fc307062d2afd645173ddf14.jpg,,0,0,no_caries,mild,0.8166,0.16,0.8166,0.01461,0.00879
crops/1637_16.jpg,1637,1637_jpg.rf.e6fe2344fc307062d2afd645173ddf14.jpg,,0,0,no_caries,no_caries,0.727,0.72702,0.18418,0.05792,0.03088
crops/1637_17.jpg,1637,1637_jpg.rf.e6fe2344fc307062d2afd645173ddf14.jpg,,0,0,no_caries,mild,0.4914,0.05097,0.49141,0.40272,0.0549
crops/1637_18.jpg,1637,1637_jpg.rf.e6fe2344fc307062d2afd645173ddf14.jpg,,6,0,advanced,no_caries,0.6675,0.66749,0.06608,0.24483,0.02161
crops/1644_0.jpg,1644,1644_jpg.rf.d6400c5f2a79c5e2ce091d3de59617da.jpg,,0,0,no_caries,no_caries,0.7301,0.73006,0.19165,0.02365,0.05464
crops/1644_1.jpg,1644,1644_jpg.rf.d6400c5f2a79c5e2ce091d3de59617da.jpg,,6,0,advanced,advanced,0.9803,0.00506,0.00544,0.00916,0.98034
crops/1644_2.jpg,1644,1644_jpg.rf.d6400c5f2a79c5e2ce091d3de59617da.jpg,,6,0,advanced,advanced,0.9642,0.00693,0.01281,0.01604,0.96421
crops/1644_3.jpg,1644,1644_jpg.rf.d6400c5f2a79c5e2ce091d3de59617da.jpg,,6,0,advanced,advanced,0.985,0.00168,0.00492,0.00844,0.98495
crops/1644_4.jpg,1644,1644_jpg.rf.d6400c5f2a79c5e2ce091d3de59617da.jpg,,5,0,advanced,advanced,0.9199,0.00908,0.06225,0.00872,0.91994
crops/1644_5.jpg,1644,1644_jpg.rf.d6400c5f2a79c5e2ce091d3de59617da.jpg,,0,0,no_caries,no_caries,0.8276,0.82758,0.09353,0.04193,0.03696
crops/1644_6.jpg,1644,1644_jpg.rf.d6400c5f2a79c5e2ce091d3de59617da.jpg,,0,0,no_caries,no_caries,0.8385,0.83852,0.0412,0.02791,0.09236
crops/1644_7.jpg,1644,1644_jpg.rf.d6400c5f2a79c5e2ce091d3de59617da.jpg,,0,0,no_caries,no_caries,0.8661,0.86614,0.04482,0.02945,0.05959
crops/1644_8.jpg,1644,1644_jpg.rf.d6400c5f2a79c5e2ce091d3de59617da.jpg,,0,0,no_caries,no_caries,0.8026,0.80256,0.05434,0.08004,0.06305
crops/1644_9.jpg,1644,1644_jpg.rf.d6400c5f2a79c5e2ce091d3de59617da.jpg,,0,0,no_caries,no_caries,0.779,0.77903,0.0991,0.07183,0.05003
crops/1644_10.jpg,1644,1644_jpg.rf.d6400c5f2a79c5e2ce091d3de59617da.jpg,,0,0,no_caries,no_caries,0.8272,0.82724,0.06035,0.02798,0.08443
crops/1644_11.jpg,1644,1644_jpg.rf.d6400c5f2a79c5e2ce091d3de59617da.jpg,,0,0,no_caries,no_caries,0.8688,0.86882,0.02747,0.03635,0.06735
crops/1644_12.jpg,1644,1644_jpg.rf.d6400c5f2a79c5e2ce091d3de59617da.jpg,,0,0,no_caries,no_caries,0.8278,0.82783,0.02129,0.0616,0.08928
crops/1646_0.jpg,1646,1646_jpg.rf.08bb105a04bd0c67ee2484ca12201aaf.jpg,,5,0,advanced,mild,0.6951,0.01607,0.69508,0.02699,0.26186
crops/1646_1.jpg,1646,1646_jpg.rf.08bb105a04bd0c67ee2484ca12201aaf.jpg,,5,0,advanced,moderate,0.4928,0.04169,0.43756,0.49284,0.0279
crops/1646_2.jpg,1646,1646_jpg.rf.08bb105a04bd0c67ee2484ca12201aaf.jpg,,5,0,advanced,mild,0.5044,0.14414,0.50439,0.25807,0.09339
crops/1646_3.jpg,1646,1646_jpg.rf.08bb105a04bd0c67ee2484ca12201aaf.jpg,,5,0,advanced,moderate,0.796,0.00786,0.15923,0.79598,0.03694
crops/1646_4.jpg,1646,1646_jpg.rf.08bb105a04bd0c67ee2484ca12201aaf.jpg,,5,0,advanced,advanced,0.7006,0.00363,0.11339,0.1824,0.70058
crops/1646_5.jpg,1646,1646_jpg.rf.08bb105a04bd0c67ee2484ca12201aaf.jpg,,3,0,moderate,advanced,0.51,0.03546,0.37449,0.08002,0.51003
crops/1646_6.jpg,1646,1646_jpg.rf.08bb105a04bd0c67ee2484ca12201aaf.jpg,,0,0,no_caries,no_caries,0.7773,0.77726,0.09989,0.0869,0.03595
crops/1646_7.jpg,1646,1646_jpg.rf.08bb105a04bd0c67ee2484ca12201aaf.jpg,,1,0,mild,moderate,0.5093,0.09009,0.2842,0.50933,0.11638
crops/1646_8.jpg,1646,1646_jpg.rf.08bb105a04bd0c67ee2484ca12201aaf.jpg,,1,0,mild,no_caries,0.753,0.75299,0.14583,0.04328,0.0579
crops/1646_9.jpg,1646,1646_jpg.rf.08bb105a04bd0c67ee2484ca12201aaf.jpg,,0,0,no_caries,mild,0.4836,0.4055,0.48358,0.0957,0.01522
crops/1680_0.jpg,1680,1680_jpg.rf.42e226803c9e4cf700464e0537f38407.jpg,,3,0,moderate,moderate,0.9376,0.00599,0.03409,0.93763,0.02229
crops/1680_1.jpg,1680,1680_jpg.rf.42e226803c9e4cf700464e0537f38407.jpg,,0,0,no_caries,mild,0.8825,0.06989,0.88254,0.03576,0.01181
crops/1680_2.jpg,1680,1680_jpg.rf.42e226803c9e4cf700464e0537f38407.jpg,,3,0,moderate,moderate,0.886,0.00772,0.07898,0.886,0.02729
crops/1680_3.jpg,1680,1680_jpg.rf.42e226803c9e4cf700464e0537f38407.jpg,,3,0,moderate,moderate,0.8994,0.01449,0.04606,0.89936,0.04008
crops/1871_0.jpg,1871,1871_jpg.rf.0d40f9162f391c2d8b3dcd1a7f07fb84.jpg,,0,0,no_caries,advanced,0.8564,0.10024,0.02421,0.01918,0.85637
crops/1871_1.jpg,1871,1871_jpg.rf.0d40f9162f391c2d8b3dcd1a7f07fb84.jpg,,0,0,no_caries,mild,0.3952,0.37619,0.39515,0.0445,0.18416
crops/1871_2.jpg,1871,1871_jpg.rf.0d40f9162f391c2d8b3dcd1a7f07fb84.jpg,,0,0,no_caries,no_caries,0.7396,0.73962,0.0975,0.09068,0.0722
crops/1871_3.jpg,1871,1871_jpg.rf.0d40f9162f391c2d8b3dcd1a7f07fb84.jpg,,0,0,no_caries,no_caries,0.5077,0.50767,0.13423,0.22625,0.13185
crops/1871_4.jpg,1871,1871_jpg.rf.0d40f9162f391c2d8b3dcd1a7f07fb84.jpg,,5,0,advanced,advanced,0.6926,0.09164,0.14782,0.06796,0.69258
crops/1871_5.jpg,1871,1871_jpg.rf.0d40f9162f391c2d8b3dcd1a7f07fb84.jpg,,0,0,no_caries,mild,0.6267,0.07013,0.62667,0.23156,0.07165
crops/1871_6.jpg,1871,1871_jpg.rf.0d40f9162f391c2d8b3dcd1a7f07fb84.jpg,,0,0,no_caries,mild,0.673,0.17243,0.67299,0.12729,0.02728
crops/1871_7.jpg,1871,1871_jpg.rf.0d40f9162f391c2d8b3dcd1a7f07fb84.jpg,,0,0,no_caries,no_caries,0.7632,0.7632,0.12285,0.0572,0.05675
crops/1871_8.jpg,1871,1871_jpg.rf.0d40f9162f391c2d8b3dcd1a7f07fb84.jpg,,5,0,advanced,mild,0.3674,0.16115,0.36736,0.15831,0.31318
crops/1871_9.jpg,1871,1871_jpg.rf.0d40f9162f391c2d8b3dcd1a7f07fb84.jpg,,5,0,advanced,moderate,0.8546,0.08228,0.02532,0.85464,0.03776
crops/1871_10.jpg,1871,1871_jpg.rf.0d40f9162f391c2d8b3dcd1a7f07fb84.jpg,,0,0,no_caries,no_caries,0.6889,0.68894,0.19177,0.05634,0.06295
crops/1871_11.jpg,1871,1871_jpg.rf.0d40f9162f391c2d8b3dcd1a7f07fb84.jpg,,0,0,no_caries,no_caries,0.8479,0.84786,0.03797,0.05081,0.06335
crops/1871_12.jpg,1871,1871_jpg.rf.0d40f9162f391c2d8b3dcd1a7f07fb84.jpg,,0,0,no_caries,no_caries,0.8487,0.84871,0.08224,0.04869,0.02036
crops/1871_13.jpg,1871,1871_jpg.rf.0d40f9162f391c2d8b3dcd1a7f07fb84.jpg,,0,0,no_caries,no_caries,0.6451,0.64513,0.15999,0.14183,0.05304
crops/1871_14.jpg,1871,1871_jpg.rf.0d40f9162f391c2d8b3dcd1a7f07fb84.jpg,,0,0,no_caries,no_caries,0.6576,0.65755,0.11564,0.14282,0.08399
crops/1871_15.jpg,1871,1871_jpg.rf.0d40f9162f391c2d8b3dcd1a7f07fb84.jpg,,0,0,no_caries,no_caries,0.7357,0.73574,0.0485,0.03527,0.18049
crops/1871_16.jpg,1871,1871_jpg.rf.0d40f9162f391c2d8b3dcd1a7f07fb84.jpg,,0,0,no_caries,no_caries,0.6906,0.69057,0.21756,0.06021,0.03165
crops/1871_17.jpg,1871,1871_jpg.rf.0d40f9162f391c2d8b3dcd1a7f07fb84.jpg,,5,0,advanced,moderate,0.4942,0.02555,0.08057,0.4942,0.39968
crops/194_0.jpg,194,194_jpg.rf.7ea705db47a6824dd892de178d5e614e.jpg,,3,0,moderate,advanced,0.8259,0.02275,0.1084,0.04298,0.82587
crops/194_1.jpg,194,194_jpg.rf.7ea705db47a6824dd892de178d5e614e.jpg,,5,0,advanced,advanced,0.9442,0.00335,0.00339,0.04906,0.9442
crops/194_2.jpg,194,194_jpg.rf.7ea705db47a6824dd892de178d5e614e.jpg,,5,0,advanced,moderate,0.4474,0.01016,0.0993,0.44741,0.44313
crops/194_3.jpg,194,194_jpg.rf.7ea705db47a6824dd892de178d5e614e.jpg,,5,0,advanced,advanced,0.9583,0.00714,0.00884,0.02571,0.95831
crops/194_4.jpg,194,194_jpg.rf.7ea705db47a6824dd892de178d5e614e.jpg,,0,0,no_caries,mild,0.8254,0.10063,0.82538,0.01829,0.0557
crops/194_5.jpg,194,194_jpg.rf.7ea705db47a6824dd892de178d5e614e.jpg,,4,0,moderate,mild,0.507,0.06508,0.50699,0.29053,0.13741
crops/194_6.jpg,194,194_jpg.rf.7ea705db47a6824dd892de178d5e614e.jpg,,4,0,moderate,mild,0.4467,0.13347,0.4467,0.39842,0.02141
crops/194_7.jpg,194,194_jpg.rf.7ea705db47a6824dd892de178d5e614e.jpg,,0,0,no_caries,no_caries,0.8135,0.81348,0.019,0.14606,0.02146
crops/194_8.jpg,194,194_jpg.rf.7ea705db47a6824dd892de178d5e614e.jpg,,0,0,no_caries,no_caries,0.674,0.67402,0.03948,0.26886,0.01764
crops/194_9.jpg,194,194_jpg.rf.7ea705db47a6824dd892de178d5e614e.jpg,,2,0,mild,moderate,0.7403,0.16763,0.07985,0.74029,0.01224
crops/194_10.jpg,194,194_jpg.rf.7ea705db47a6824dd892de178d5e614e.jpg,,0,0,no_caries,no_caries,0.5922,0.59222,0.0766,0.2976,0.03358
crops/194_11.jpg,194,194_jpg.rf.7ea705db47a6824dd892de178d5e614e.jpg,,0,0,no_caries,no_caries,0.6902,0.69016,0.05057,0.09919,0.16008
crops/194_12.jpg,194,194_jpg.rf.7ea705db47a6824dd892de178d5e614e.jpg,,3,0,moderate,advanced,0.913,0.01967,0.03722,0.03008,0.91303
crops/195_0.jpg,195,195_jpg.rf.0fb3ed7d5e69f85e55e1ccffc118826c.jpg,,0,0,no_caries,mild,0.7086,0.15643,0.70856,0.09381,0.0412
crops/195_1.jpg,195,195_jpg.rf.0fb3ed7d5e69f85e55e1ccffc118826c.jpg,,2,0,mild,moderate,0.7924,0.01061,0.17123,0.79236,0.02579
crops/195_2.jpg,195,195_jpg.rf.0fb3ed7d5e69f85e55e1ccffc118826c.jpg,,5,0,advanced,moderate,0.9815,0.00148,0.00436,0.98148,0.01268
crops/195_3.jpg,195,195_jpg.rf.0fb3ed7d5e69f85e55e1ccffc118826c.jpg,,5,0,advanced,mild,0.4253,0.42424,0.42531,0.08278,0.06767
crops/195_4.jpg,195,195_jpg.rf.0fb3ed7d5e69f85e55e1ccffc118826c.jpg,,3,0,moderate,mild,0.4178,0.22773,0.41775,0.08738,0.26714
crops/195_5.jpg,195,195_jpg.rf.0fb3ed7d5e69f85e55e1ccffc118826c.jpg,,0,0,no_caries,mild,0.9232,0.0634,0.92316,0.01159,0.00186
crops/195_6.jpg,195,195_jpg.rf.0fb3ed7d5e69f85e55e1ccffc118826c.jpg,,0,0,no_caries,mild,0.5023,0.41498,0.5023,0.07158,0.01115
crops/195_7.jpg,195,195_jpg.rf.0fb3ed7d5e69f85e55e1ccffc118826c.jpg,,0,0,no_caries,mild,0.8708,0.10937,0.87078,0.01127,0.00857
crops/195_8.jpg,195,195_jpg.rf.0fb3ed7d5e69f85e55e1ccffc118826c.jpg,,3,0,moderate,mild,0.8526,0.05814,0.85264,0.06551,0.02371
crops/195_9.jpg,195,195_jpg.rf.0fb3ed7d5e69f85e55e1ccffc118826c.jpg,,0,0,no_caries,mild,0.6003,0.34904,0.60027,0.03092,0.01977
crops/195_10.jpg,195,195_jpg.rf.0fb3ed7d5e69f85e55e1ccffc118826c.jpg,,3,0,moderate,mild,0.4477,0.44444,0.44772,0.06087,0.04697
crops/195_11.jpg,195,195_jpg.rf.0fb3ed7d5e69f85e55e1ccffc118826c.jpg,,3,0,moderate,moderate,0.6152,0.05684,0.23869,0.61524,0.08923
crops/195_12.jpg,195,195_jpg.rf.0fb3ed7d5e69f85e55e1ccffc118826c.jpg,,5,0,advanced,moderate,0.8935,0.00742,0.05868,0.89347,0.04043
crops/195_13.jpg,195,195_jpg.rf.0fb3ed7d5e69f85e55e1ccffc118826c.jpg,,2,0,mild,moderate,0.9722,0.00556,0.01447,0.97223,0.00774
crops/195_14.jpg,195,195_jpg.rf.0fb3ed7d5e69f85e55e1ccffc118826c.jpg,,1,0,mild,mild,0.6939,0.09964,0.6939,0.16254,0.04392
crops/1_jpeg_0.jpg,1_jpeg,1_jpeg_jpg.rf.32d2c13a697b316c80491ec167452c5c.jpg,,3,0,moderate,mild,0.8933,0.03268,0.8933,0.06932,0.0047
crops/1_jpeg_1.jpg,1_jpeg,1_jpeg_jpg.rf.32d2c13a697b316c80491ec167452c5c.jpg,,3,0,moderate,moderate,0.8943,0.00304,0.10056,0.89432,0.00208
crops/1_jpeg_2.jpg,1_jpeg,1_jpeg_jpg.rf.32d2c13a697b316c80491ec167452c5c.jpg,,0,0,no_caries,moderate,0.7196,0.00716,0.2699,0.71959,0.00334
crops/1_jpeg_3.jpg,1_jpeg,1_jpeg_jpg.rf.32d2c13a697b316c80491ec167452c5c.jpg,,1,0,mild,moderate,0.5855,0.0053,0.40637,0.58549,0.00285
crops/1_jpeg_4.jpg,1_jpeg,1_jpeg_jpg.rf.32d2c13a697b316c80491ec167452c5c.jpg,,0,0,no_caries,mild,0.4954,0.4345,0.49538,0.02891,0.04121
crops/1_jpeg_5.jpg,1_jpeg,1_jpeg_jpg.rf.32d2c13a697b316c80491ec167452c5c.jpg,,0,0,no_caries,mild,0.5528,0.36856,0.55281,0.02599,0.05264
crops/1_jpeg_6.jpg,1_jpeg,1_jpeg_jpg.rf.32d2c13a697b316c80491ec167452c5c.jpg,,0,0,no_caries,no_caries,0.4936,0.49356,0.35661,0.12924,0.0206
crops/1_jpeg_7.jpg,1_jpeg,1_jpeg_jpg.rf.32d2c13a697b316c80491ec167452c5c.jpg,,0,0,no_caries,mild,0.6439,0.14056,0.64389,0.20091,0.01463
crops/1_jpeg_8.jpg,1_jpeg,1_jpeg_jpg.rf.32d2c13a697b316c80491ec167452c5c.jpg,,0,0,no_caries,no_caries,0.4633,0.46331,0.4239,0.07321,0.03959
crops/1_jpeg_9.jpg,1_jpeg,1_jpeg_jpg.rf.32d2c13a697b316c80491ec167452c5c.jpg,,0,0,no_caries,no_caries,0.6664,0.66643,0.23325,0.04544,0.05488
crops/1_jpeg_10.jpg,1_jpeg,1_jpeg_jpg.rf.32d2c13a697b316c80491ec167452c5c.jpg,,3,0,moderate,moderate,0.9953,0.00102,0.00268,0.99532,0.00098
crops/1_jpeg_11.jpg,1_jpeg,1_jpeg_jpg.rf.32d2c13a697b316c80491ec167452c5c.jpg,,3,0,moderate,moderate,0.9972,0.00019,0.00206,0.99722,0.00052
crops/1_jpeg_12.jpg,1_jpeg,1_jpeg_jpg.rf.32d2c13a697b316c80491ec167452c5c.jpg,,3,0,moderate,moderate,0.5058,0.00388,0.48187,0.50585,0.00841
crops/1_jpeg_13.jpg,1_jpeg,1_jpeg_jpg.rf.32d2c13a697b316c80491ec167452c5c.jpg,,3,0,moderate,moderate,0.984,0.00171,0.01257,0.98403,0.00169
crops/226_0.jpg,226,226_jpg.rf.39e029ae94932cc8ee58675380547d19.jpg,,6,0,advanced,advanced,0.9692,0.0072,0.00603,0.01759,0.96918
crops/226_1.jpg,226,226_jpg.rf.39e029ae94932cc8ee58675380547d19.jpg,,6,0,advanced,advanced,0.9726,0.00806,0.00387,0.0155,0.97256
crops/226_2.jpg,226,226_jpg.rf.39e029ae94932cc8ee58675380547d19.jpg,,5,0,advanced,moderate,0.9639,0.00219,0.0017,0.96389,0.03222
crops/226_3.jpg,226,226_jpg.rf.39e029ae94932cc8ee58675380547d19.jpg,,5,0,advanced,advanced,0.9346,0.01259,0.00294,0.04987,0.9346
crops/226_4.jpg,226,226_jpg.rf.39e029ae94932cc8ee58675380547d19.jpg,,6,0,advanced,advanced,0.9779,0.00458,0.00319,0.01428,0.97794
crops/226_5.jpg,226,226_jpg.rf.39e029ae94932cc8ee58675380547d19.jpg,,6,0,advanced,advanced,0.9336,0.02803,0.01539,0.02295,0.93363
crops/226_6.jpg,226,226_jpg.rf.39e029ae94932cc8ee58675380547d19.jpg,,6,0,advanced,advanced,0.9683,0.01639,0.00266,0.01262,0.96833
crops/226_7.jpg,226,226_jpg.rf.39e029ae94932cc8ee58675380547d19.jpg,,0,0,no_caries,advanced,0.6615,0.129,0.02005,0.18943,0.66152
crops/226_8.jpg,226,226_jpg.rf.39e029ae94932cc8ee58675380547d19.jpg,,0,0,no_caries,no_caries,0.9016,0.90162,0.01532,0.04063,0.04243
crops/226_9.jpg,226,226_jpg.rf.39e029ae94932cc8ee58675380547d19.jpg,,0,0,no_caries,no_caries,0.6441,0.64415,0.04693,0.08786,0.22106
crops/229_0.jpg,229,229_jpg.rf.4db27c14be6b8c04089709ce1178cda8.jpg,,0,0,no_caries,mild,0.6737,0.23107,0.67368,0.05843,0.03682
crops/229_1.jpg,229,229_jpg.rf.4db27c14be6b8c04089709ce1178cda8.jpg,,0,0,no_caries,no_caries,0.5442,0.54422,0.20131,0.06847,0.186
crops/229_2.jpg,229,229_jpg.rf.4db27c14be6b8c04089709ce1178cda8.jpg,,0,0,no_caries,no_caries,0.8204,0.82039,0.05702,0.08498,0.03762
crops/229_3.jpg,229,229_jpg.rf.4db27c14be6b8c04089709ce1178cda8.jpg,,0,0,no_caries,no_caries,0.3243,0.32431,0.31398,0.31444,0.04727
crops/229_4.jpg,229,229_jpg.rf.4db27c14be6b8c04089709ce1178cda8.jpg,,0,0,no_caries,no_caries,0.5427,0.54267,0.32064,0.0884,0.0483
crops/229_5.jpg,229,229_jpg.rf.4db27c14be6b8c04089709ce1178cda8.jpg,,0,0,no_caries,no_caries,0.8016,0.80157,0.13624,0.01889,0.04331
crops/229_6.jpg,229,229_jpg.rf.4db27c14be6b8c04089709ce1178cda8.jpg,,0,0,no_caries,no_caries,0.6666,0.66658,0.15691,0.02951,0.147
crops/229_7.jpg,229,229_jpg.rf.4db27c14be6b8c04089709ce1178cda8.jpg,,0,0,no_caries,mild,0.4609,0.38984,0.46095,0.02547,0.12374
crops/229_8.jpg,229,229_jpg.rf.4db27c14be6b8c04089709ce1178cda8.jpg,,0,0,no_caries,no_caries,0.553,0.55303,0.23417,0.05647,0.15632
crops/229_9.jpg,229,229_jpg.rf.4db27c14be6b8c04089709ce1178cda8.jpg,,0,0,no_caries,no_caries,0.6054,0.60538,0.1235,0.15496,0.11617
crops/229_10.jpg,229,229_jpg.rf.4db27c14be6b8c04089709ce1178cda8.jpg,,0,0,no_caries,no_caries,0.4808,0.48076,0.33919,0.04498,0.13507
crops/229_11.jpg,229,229_jpg.rf.4db27c14be6b8c04089709ce1178cda8.jpg,,0,0,no_caries,no_caries,0.7865,0.78651,0.09936,0.05265,0.06148
crops/229_12.jpg,229,229_jpg.rf.4db27c14be6b8c04089709ce1178cda8.jpg,,0,0,no_caries,no_caries,0.7677,0.76772,0.08125,0.04033,0.11071
crops/229_13.jpg,229,229_jpg.rf.4db27c14be6b8c04089709ce1178cda8.jpg,,0,0,no_caries,no_caries,0.4965,0.49651,0.37573,0.02247,0.10528
crops/229_14.jpg,229,229_jpg.rf.4db27c14be6b8c04089709ce1178cda8.jpg,,0,0,no_caries,no_caries,0.731,0.73103,0.19019,0.04614,0.03264
crops/229_15.jpg,229,229_jpg.rf.4db27c14be6b8c04089709ce1178cda8.jpg,,0,0,no_caries,no_caries,0.5635,0.56354,0.31001,0.05752,0.06894
crops/229_16.jpg,229,229_jpg.rf.4db27c14be6b8c04089709ce1178cda8.jpg,,0,0,no_caries,no_caries,0.7447,0.74474,0.16729,0.04246,0.04551
crops/229_17.jpg,229,229_jpg.rf.4db27c14be6b8c04089709ce1178cda8.jpg,,0,0,no_caries,no_caries,0.8492,0.84918,0.10864,0.02449,0.01768
crops/229_18.jpg,229,229_jpg.rf.4db27c14be6b8c04089709ce1178cda8.jpg,,0,0,no_caries,no_caries,0.7655,0.76547,0.10798,0.06684,0.05971
crops/229_19.jpg,229,229_jpg.rf.4db27c14be6b8c04089709ce1178cda8.jpg,,0,0,no_caries,no_caries,0.6567,0.65668,0.23886,0.02543,0.07904
crops/262_0.jpg,262,262_jpg.rf.85589da786d6cdb1ecc255cc02a6fad9.jpg,,0,0,no_caries,no_caries,0.591,0.59104,0.30462,0.06432,0.04002
crops/262_1.jpg,262,262_jpg.rf.85589da786d6cdb1ecc255cc02a6fad9.jpg,,0,0,no_caries,no_caries,0.7672,0.76716,0.09443,0.07157,0.06684
crops/262_2.jpg,262,262_jpg.rf.85589da786d6cdb1ecc255cc02a6fad9.jpg,,0,0,no_caries,no_caries,0.7533,0.75328,0.14827,0.03475,0.0637
crops/262_3.jpg,262,262_jpg.rf.85589da786d6cdb1ecc255cc02a6fad9.jpg,,0,0,no_caries,no_caries,0.9028,0.90279,0.0431,0.0335,0.02061
crops/262_4.jpg,262,262_jpg.rf.85589da786d6cdb1ecc255cc02a6fad9.jpg,,6,0,advanced,advanced,0.9393,0.00113,0.01752,0.04207,0.93928
crops/262_5.jpg,262,262_jpg.rf.85589da786d6cdb1ecc255cc02a6fad9.jpg,,6,0,advanced,mild,0.7491,0.06815,0.74908,0.04822,0.13455
crops/262_6.jpg,262,262_jpg.rf.85589da786d6cdb1ecc255cc02a6fad9.jpg,,5,0,advanced,moderate,0.3535,0.04384,0.31077,0.35349,0.29189
crops/262_7.jpg,262,262_jpg.rf.85589da786d6cdb1ecc255cc02a6fad9.jpg,,0,0,no_caries,no_caries,0.83,0.82999,0.0592,0.03601,0.0748
crops/262_8.jpg,262,262_jpg.rf.85589da786d6cdb1ecc255cc02a6fad9.jpg,,0,0,no_caries,no_caries,0.5363,0.53625,0.2738,0.04748,0.14246
crops/262_9.jpg,262,262_jpg.rf.85589da786d6cdb1ecc255cc02a6fad9.jpg,,0,0,no_caries,no_caries,0.7907,0.79075,0.08768,0.03781,0.08376
crops/262_10.jpg,262,262_jpg.rf.85589da786d6cdb1ecc255cc02a6fad9.jpg,,0,0,no_caries,no_caries,0.6591,0.6591,0.13651,0.14929,0.05509
crops/262_11.jpg,262,262_jpg.rf.85589da786d6cdb1ecc255cc02a6fad9.jpg,,0,0,no_caries,no_caries,0.8452,0.84522,0.04203,0.01742,0.09533
crops/2855_0.jpg,2855,2855_jpg.rf.e3223eede90161e62aa8d0abbef0fb7c.jpg,,2,0,mild,moderate,0.7621,0.00432,0.22749,0.76214,0.00604
crops/2855_1.jpg,2855,2855_jpg.rf.e3223eede90161e62aa8d0abbef0fb7c.jpg,,2,0,mild,moderate,0.7665,0.00104,0.17639,0.76647,0.0561
crops/2855_2.jpg,2855,2855_jpg.rf.e3223eede90161e62aa8d0abbef0fb7c.jpg,,2,0,mild,moderate,0.924,0.00121,0.04229,0.92399,0.03252
crops/2922_0.jpg,2922,2922_jpg.rf.c3d47b36813308e3fb5f72e3f1cc255e.jpg,,4,0,moderate,advanced,0.96,0.00606,0.00941,0.02449,0.96004
crops/2922_1.jpg,2922,2922_jpg.rf.c3d47b36813308e3fb5f72e3f1cc255e.jpg,,3,0,moderate,moderate,0.9727,0.00741,0.01858,0.97266,0.00135
crops/2922_2.jpg,2922,2922_jpg.rf.c3d47b36813308e3fb5f72e3f1cc255e.jpg,,3,0,moderate,moderate,0.9688,0.00926,0.02016,0.96883,0.00176
crops/3000_0.jpg,3000,3000_jpg.rf.15714bf510c4af5a5bb359c5b3a5dc5a.jpg,,5,0,advanced,advanced,0.8982,0.00311,0.00776,0.09097,0.89815
crops/3000_1.jpg,3000,3000_jpg.rf.15714bf510c4af5a5bb359c5b3a5dc5a.jpg,,5,0,advanced,mild,0.52,0.13054,0.51998,0.1044,0.24508
crops/3000_2.jpg,3000,3000_jpg.rf.15714bf510c4af5a5bb359c5b3a5dc5a.jpg,,5,0,advanced,no_caries,0.4469,0.44686,0.42873,0.08773,0.03667
crops/3001_0.jpg,3001,3001_jpg.rf.5448424c212cd1593858bc2eeb524850.jpg,,0,0,no_caries,no_caries,0.4081,0.4081,0.359,0.19845,0.03445
crops/3001_1.jpg,3001,3001_jpg.rf.5448424c212cd1593858bc2eeb524850.jpg,,3,0,moderate,mild,0.4799,0.09542,0.47986,0.38376,0.04096
crops/3001_2.jpg,3001,3001_jpg.rf.5448424c212cd1593858bc2eeb524850.jpg,,0,0,no_caries,mild,0.6338,0.22023,0.63381,0.10163,0.04433
crops/3001_3.jpg,3001,3001_jpg.rf.5448424c212cd1593858bc2eeb524850.jpg,,3,0,moderate,moderate,0.8416,0.01044,0.13348,0.84156,0.01452
crops/3001_4.jpg,3001,3001_jpg.rf.5448424c212cd1593858bc2eeb524850.jpg,,3,0,moderate,moderate,0.8475,0.02259,0.1278,0.84748,0.00213
crops/3001_5.jpg,3001,3001_jpg.rf.5448424c212cd1593858bc2eeb524850.jpg,,3,0,moderate,moderate,0.78,0.04759,0.10361,0.77996,0.06884
crops/3001_6.jpg,3001,3001_jpg.rf.5448424c212cd1593858bc2eeb524850.jpg,,3,0,moderate,moderate,0.9248,0.01021,0.04337,0.92481,0.0216
crops/3001_7.jpg,3001,3001_jpg.rf.5448424c212cd1593858bc2eeb524850.jpg,,0,0,no_caries,mild,0.4476,0.36542,0.44759,0.1018,0.08519
crops/3001_8.jpg,3001,3001_jpg.rf.5448424c212cd1593858bc2eeb524850.jpg,,0,0,no_caries,mild,0.5212,0.33794,0.5212,0.05285,0.088
crops/303_0.jpg,303,303_jpg.rf.6f8251e2895290c0594ba8c6c4a604bf.jpg,,4,0,moderate,mild,0.6806,0.21887,0.68055,0.03639,0.06418
crops/303_1.jpg,303,303_jpg.rf.6f8251e2895290c0594ba8c6c4a604bf.jpg,,5,0,advanced,moderate,0.6622,0.16669,0.13216,0.6622,0.03894
crops/303_2.jpg,303,303_jpg.rf.6f8251e2895290c0594ba8c6c4a604bf.jpg,,6,0,advanced,advanced,0.9783,0.0043,0.00495,0.01244,0.97831
crops/303_3.jpg,303,303_jpg.rf.6f8251e2895290c0594ba8c6c4a604bf.jpg,,0,0,no_caries,no_caries,0.4741,0.47411,0.45058,0.02815,0.04716
crops/303_4.jpg,303,303_jpg.rf.6f8251e2895290c0594ba8c6c4a604bf.jpg,,0,0,no_caries,no_caries,0.5559,0.55587,0.31956,0.09226,0.03232
crops/303_5.jpg,303,303_jpg.rf.6f8251e2895290c0594ba8c6c4a604bf.jpg,,2,0,mild,mild,0.6948,0.00945,0.69484,0.13744,0.15827
crops/303_6.jpg,303,303_jpg.rf.6f8251e2895290c0594ba8c6c4a604bf.jpg,,2,0,mild,no_caries,0.6954,0.6954,0.17657,0.05135,0.07668
crops/303_7.jpg,303,303_jpg.rf.6f8251e2895290c0594ba8c6c4a604bf.jpg,,3,0,moderate,moderate,0.768,0.03668,0.1775,0.768,0.01783
crops/303_8.jpg,303,303_jpg.rf.6f8251e2895290c0594ba8c6c4a604bf.jpg,,0,0,no_caries,no_caries,0.6816,0.68158,0.21012,0.06707,0.04123
crops/303_9.jpg,303,303_jpg.rf.6f8251e2895290c0594ba8c6c4a604bf.jpg,,0,0,no_caries,mild,0.7166,0.22768,0.71664,0.02576,0.02992
crops/303_10.jpg,303,303_jpg.rf.6f8251e2895290c0594ba8c6c4a604bf.jpg,,2,0,mild,mild,0.9096,0.05424,0.90958,0.01887,0.01731
crops/303_11.jpg,303,303_jpg.rf.6f8251e2895290c0594ba8c6c4a604bf.jpg,,2,0,mild,mild,0.8491,0.06601,0.84907,0.03669,0.04822
crops/303_12.jpg,303,303_jpg.rf.6f8251e2895290c0594ba8c6c4a604bf.jpg,,2,0,mild,mild,0.7495,0.20476,0.74954,0.02354,0.02216
crops/303_13.jpg,303,303_jpg.rf.6f8251e2895290c0594ba8c6c4a604bf.jpg,,2,0,mild,moderate,0.327,0.1576,0.29863,0.32703,0.21675
crops/303_14.jpg,303,303_jpg.rf.6f8251e2895290c0594ba8c6c4a604bf.jpg,,2,0,mild,mild,0.7642,0.06459,0.76424,0.04465,0.12652
crops/303_15.jpg,303,303_jpg.rf.6f8251e2895290c0594ba8c6c4a604bf.jpg,,5,0,advanced,advanced,0.4774,0.07698,0.16087,0.28478,0.47737
crops/313_0.jpg,313,313_jpg.rf.5a2a1d0b4f42105962e04643de024611.jpg,,0,0,no_caries,no_caries,0.9174,0.91742,0.01329,0.05309,0.01619
crops/313_1.jpg,313,313_jpg.rf.5a2a1d0b4f42105962e04643de024611.jpg,,0,0,no_caries,no_caries,0.5283,0.52833,0.2684,0.11116,0.0921
crops/313_2.jpg,313,313_jpg.rf.5a2a1d0b4f42105962e04643de024611.jpg,,2,0,mild,moderate,0.9096,0.00767,0.07257,0.90961,0.01015
crops/313_3.jpg,313,313_jpg.rf.5a2a1d0b4f42105962e04643de024611.jpg,,3,0,moderate,moderate,0.9826,0.0027,0.01254,0.9826,0.00215
crops/313_4.jpg,313,313_jpg.rf.5a2a1d0b4f42105962e04643de024611.jpg,,3,0,moderate,mild,0.822,0.06577,0.82199,0.09713,0.01512
crops/313_5.jpg,313,313_jpg.rf.5a2a1d0b4f42105962e04643de024611.jpg,,3,0,moderate,mild,0.672,0.00608,0.67197,0.2307,0.09126
crops/313_6.jpg,313,313_jpg.rf.5a2a1d0b4f42105962e04643de024611.jpg,,3,0,moderate,moderate,0.4999,0.12113,0.34071,0.49991,0.03825
crops/313_7.jpg,313,313_jpg.rf.5a2a1d0b4f42105962e04643de024611.jpg,,3,0,moderate,moderate,0.6651,0.17055,0.1456,0.66506,0.01879
crops/313_8.jpg,313,313_jpg.rf.5a2a1d0b4f42105962e04643de024611.jpg,,3,0,moderate,no_caries,0.4461,0.44614,0.04176,0.39197,0.12013
crops/313_9.jpg,313,313_jpg.rf.5a2a1d0b4f42105962e04643de024611.jpg,,1,0,mild,no_caries,0.4451,0.44515,0.26557,0.20846,0.08082
crops/313_10.jpg,313,313_jpg.rf.5a2a1d0b4f42105962e04643de024611.jpg,,3,0,moderate,moderate,0.8951,0.06661,0.03112,0.89512,0.00715
crops/313_11.jpg,313,313_jpg.rf.5a2a1d0b4f42105962e04643de024611.jpg,,0,0,no_caries,moderate,0.6049,0.20197,0.18606,0.60491,0.00706
crops/313_12.jpg,313,313_jpg.rf.5a2a1d0b4f42105962e04643de024611.jpg,,2,0,mild,moderate,0.6388,0.16845,0.15047,0.63879,0.04229
crops/313_13.jpg,313,313_jpg.rf.5a2a1d0b4f42105962e04643de024611.jpg,,2,0,mild,no_caries,0.6465,0.64652,0.11748,0.21376,0.02224
crops/313_14.jpg,313,313_jpg.rf.5a2a1d0b4f42105962e04643de024611.jpg,,1,0,mild,mild,0.5719,0.1746,0.57191,0.22197,0.03152
crops/313_15.jpg,313,313_jpg.rf.5a2a1d0b4f42105962e04643de024611.jpg,,1,0,mild,no_caries,0.4643,0.46428,0.26743,0.25483,0.01346
crops/323_0.jpg,323,323_jpg.rf.5f18ba8e52a27d0332b01e107ebb0b9d.jpg,,5,0,advanced,advanced,0.9618,0.00633,0.01609,0.01574,0.96184
crops/323_1.jpg,323,323_jpg.rf.5f18ba8e52a27d0332b01e107ebb0b9d.jpg,,5,0,advanced,advanced,0.762,0.00463,0.09416,0.13921,0.762
crops/323_2.jpg,323,323_jpg.rf.5f18ba8e52a27d0332b01e107ebb0b9d.jpg,,5,0,advanced,advanced,0.7769,0.00535,0.01199,0.20581,0.77685
crops/323_3.jpg,323,323_jpg.rf.5f18ba8e52a27d0332b01e107ebb0b9d.jpg,,5,0,advanced,advanced,0.8428,0.01145,0.11283,0.03293,0.84279
crops/323_4.jpg,323,323_jpg.rf.5f18ba8e52a27d0332b01e107ebb0b9d.jpg,,3,0,moderate,advanced,0.7876,0.01016,0.0711,0.13112,0.78762
crops/323_5.jpg,323,323_jpg.rf.5f18ba8e52a27d0332b01e107ebb0b9d.jpg,,2,0,mild,mild,0.9256,0.00676,0.92565,0.04589,0.02171
crops/323_6.jpg,323,323_jpg.rf.5f18ba8e52a27d0332b01e107ebb0b9d.jpg,,3,0,moderate,mild,0.925,0.00222,0.92499,0.06747,0.00533
crops/323_7.jpg,323,323_jpg.rf.5f18ba8e52a27d0332b01e107ebb0b9d.jpg,,3,0,moderate,mild,0.3312,0.01359,0.33119,0.32815,0.32707
crops/323_8.jpg,323,323_jpg.rf.5f18ba8e52a27d0332b01e107ebb0b9d.jpg,,2,0,mild,mild,0.9684,0.00663,0.96841,0.0145,0.01046
crops/323_9.jpg,323,323_jpg.rf.5f18ba8e52a27d0332b01e107ebb0b9d.jpg,,5,0,advanced,advanced,0.9601,0.0077,0.01396,0.01828,0.96006
crops/323_10.jpg,323,323_jpg.rf.5f18ba8e52a27d0332b01e107ebb0b9d.jpg,,6,0,advanced,advanced,0.9595,0.00655,0.01045,0.02355,0.95945
crops/323_11.jpg,323,323_jpg.rf.5f18ba8e52a27d0332b01e107ebb0b9d.jpg,,5,0,advanced,advanced,0.8053,0.0094,0.12505,0.06022,0.80533
crops/323_12.jpg,323,323_jpg.rf.5f18ba8e52a27d0332b01e107ebb0b9d.jpg,,0,0,no_caries,mild,0.4519,0.26983,0.45186,0.26678,0.01154
crops/3284_0.jpg,3284,3284_jpg.rf.233da5b6d14e54d8cfd8fc860eca7ca3.jpg,,0,0,no_caries,mild,0.5559,0.34289,0.55593,0.0405,0.06068
crops/3284_1.jpg,3284,3284_jpg.rf.233da5b6d14e54d8cfd8fc860eca7ca3.jpg,,5,0,advanced,advanced,0.7103,0.00865,0.00294,0.27813,0.71027
crops/3284_2.jpg,3284,3284_jpg.rf.233da5b6d14e54d8cfd8fc860eca7ca3.jpg,,3,0,moderate,moderate,0.8737,0.01364,0.10902,0.87371,0.00364
crops/3326_0.jpg,3326,3326_jpg.rf.1394719dd45048440644abe49474bbea.jpg,,2,0,mild,mild,0.6107,0.15019,0.61069,0.20779,0.03132
crops/3326_1.jpg,3326,3326_jpg.rf.1394719dd45048440644abe49474bbea.jpg,,5,0,advanced,moderate,0.9936,8e-05,0.00165,0.99356,0.00471
crops/3326_2.jpg,3326,3326_jpg.rf.1394719dd45048440644abe49474bbea.jpg,,0,0,no_caries,mild,0.4266,0.1424,0.42656,0.34655,0.08448
crops/3326_3.jpg,3326,3326_jpg.rf.1394719dd45048440644abe49474bbea.jpg,,6,0,advanced,advanced,0.6159,0.00307,0.00297,0.37801,0.61594
crops/3326_4.jpg,3326,3326_jpg.rf.1394719dd45048440644abe49474bbea.jpg,,3,0,moderate,moderate,0.9475,0.00363,0.0456,0.94751,0.00327
crops/3326_5.jpg,3326,3326_jpg.rf.1394719dd45048440644abe49474bbea.jpg,,3,0,moderate,moderate,0.9007,0.00108,0.00457,0.90067,0.09369
crops/3326_6.jpg,3326,3326_jpg.rf.1394719dd45048440644abe49474bbea.jpg,,0,0,no_caries,mild,0.6474,0.30633,0.64745,0.01635,0.02987
crops/3326_7.jpg,3326,3326_jpg.rf.1394719dd45048440644abe49474bbea.jpg,,6,0,advanced,advanced,0.8633,0.01133,0.0286,0.09672,0.86334
crops/3326_8.jpg,3326,3326_jpg.rf.1394719dd45048440644abe49474bbea.jpg,,5,0,advanced,no_caries,0.3573,0.35725,0.29612,0.11396,0.23267
crops/3326_9.jpg,3326,3326_jpg.rf.1394719dd45048440644abe49474bbea.jpg,,0,0,no_caries,mild,0.6048,0.22375,0.60485,0.13299,0.03841
crops/3326_10.jpg,3326,3326_jpg.rf.1394719dd45048440644abe49474bbea.jpg,,0,0,no_caries,no_caries,0.4241,0.42411,0.37956,0.17322,0.02311
crops/3326_11.jpg,3326,3326_jpg.rf.1394719dd45048440644abe49474bbea.jpg,,0,0,no_caries,mild,0.7716,0.11213,0.77164,0.07334,0.04289
crops/3326_12.jpg,3326,3326_jpg.rf.1394719dd45048440644abe49474bbea.jpg,,0,0,no_caries,no_caries,0.4549,0.45491,0.39609,0.09322,0.05578
crops/3326_13.jpg,3326,3326_jpg.rf.1394719dd45048440644abe49474bbea.jpg,,0,0,no_caries,no_caries,0.7552,0.75525,0.07478,0.10874,0.06123
crops/3326_14.jpg,3326,3326_jpg.rf.1394719dd45048440644abe49474bbea.jpg,,0,0,no_caries,mild,0.4257,0.29115,0.42568,0.17293,0.11024
crops/3326_15.jpg,3326,3326_jpg.rf.1394719dd45048440644abe49474bbea.jpg,,5,0,advanced,mild,0.4102,0.233,0.4102,0.18421,0.17259
crops/334_0.jpg,334,334_jpg.rf.43e6e7605d265e4f42e04933dfa0b289.jpg,,5,0,advanced,moderate,0.8668,0.02578,0.02684,0.86681,0.08057
crops/334_1.jpg,334,334_jpg.rf.43e6e7605d265e4f42e04933dfa0b289.jpg,,0,0,no_caries,advanced,0.5683,0.27969,0.032,0.12001,0.5683
crops/334_2.jpg,334,334_jpg.rf.43e6e7605d265e4f42e04933dfa0b289.jpg,,0,0,no_caries,no_caries,0.8439,0.84392,0.0485,0.06553,0.04204
crops/334_3.jpg,334,334_jpg.rf.43e6e7605d265e4f42e04933dfa0b289.jpg,,0,0,no_caries,no_caries,0.7083,0.70831,0.03984,0.15015,0.1017
crops/334_4.jpg,334,334_jpg.rf.43e6e7605d265e4f42e04933dfa0b289.jpg,,0,0,no_caries,no_caries,0.8736,0.8736,0.03385,0.03926,0.05328
crops/334_5.jpg,334,334_jpg.rf.43e6e7605d265e4f42e04933dfa0b289.jpg,,0,0,no_caries,no_caries,0.8578,0.85777,0.0603,0.04616,0.03577
crops/334_6.jpg,334,334_jpg.rf.43e6e7605d265e4f42e04933dfa0b289.jpg,,0,0,no_caries,no_caries,0.826,0.82595,0.04392,0.10171,0.02842
crops/334_7.jpg,334,334_jpg.rf.43e6e7605d265e4f42e04933dfa0b289.jpg,,0,0,no_caries,no_caries,0.8642,0.86419,0.01749,0.04216,0.07616
crops/334_8.jpg,334,334_jpg.rf.43e6e7605d265e4f42e04933dfa0b289.jpg,,0,0,no_caries,no_caries,0.8447,0.84468,0.06025,0.05187,0.0432
crops/334_9.jpg,334,334_jpg.rf.43e6e7605d265e4f42e04933dfa0b289.jpg,,0,0,no_caries,no_caries,0.7276,0.72762,0.07346,0.16166,0.03726
crops/334_10.jpg,334,334_jpg.rf.43e6e7605d265e4f42e04933dfa0b289.jpg,,4,0,moderate,advanced,0.5731,0.17548,0.06116,0.19023,0.57312
crops/334_11.jpg,334,334_jpg.rf.43e6e7605d265e4f42e04933dfa0b289.jpg,,3,0,moderate,moderate,0.9362,0.03489,0.02068,0.93621,0.00821
crops/3396_0.jpg,3396,3396_jpg.rf.6d65f42674b7612a35b112514ed7a889.jpg,,0,0,no_caries,mild,0.5938,0.21731,0.59379,0.15391,0.03499
crops/3396_1.jpg,3396,3396_jpg.rf.6d65f42674b7612a35b112514ed7a889.jpg,,0,0,no_caries,mild,0.5509,0.32035,0.5509,0.08209,0.04667
crops/3396_2.jpg,3396,3396_jpg.rf.6d65f42674b7612a35b112514ed7a889.jpg,,5,0,advanced,advanced,0.5109,0.01726,0.20568,0.2662,0.51086
crops/3396_3.jpg,3396,3396_jpg.rf.6d65f42674b7612a35b112514ed7a889.jpg,,0,0,no_caries,no_caries,0.2753,0.27531,0.261,0.24702,0.21668
crops/344_0.jpg,344,344_jpg.rf.2070bedec09018511fe45381677070df.jpg,,0,0,no_caries,mild,0.4698,0.09533,0.46985,0.13732,0.29751
crops/344_1.jpg,344,344_jpg.rf.2070bedec09018511fe45381677070df.jpg,,0,0,no_caries,no_caries,0.6902,0.6902,0.21003,0.05296,0.04681
crops/344_2.jpg,344,344_jpg.rf.2070bedec09018511fe45381677070df.jpg,,0,0,no_caries,no_caries,0.7095,0.70953,0.05757,0.18191,0.05099
crops/344_3.jpg,344,344_jpg.rf.2070bedec09018511fe45381677070df.jpg,,3,0,moderate,mild,0.6931,0.0843,0.69309,0.16392,0.05869
crops/344_4.jpg,344,344_jpg.rf.2070bedec09018511fe45381677070df.jpg,,0,0,no_caries,mild,0.5182,0.32571,0.51816,0.11936,0.03677
crops/373_0.jpg,373,373_jpg.rf.ecb2690e942fba231678577efd459c0c.jpg,,0,0,no_caries,no_caries,0.6028,0.60278,0.25698,0.08932,0.05091
crops/373_1.jpg,373,373_jpg.rf.ecb2690e942fba231678577efd459c0c.jpg,,0,0,no_caries,no_caries,0.6186,0.61862,0.22702,0.07819,0.07616
crops/373_2.jpg,373,373_jpg.rf.ecb2690e942fba231678577efd459c0c.jpg,,0,0,no_caries,no_caries,0.5474,0.54744,0.26753,0.13253,0.05251
crops/373_3.jpg,373,373_jpg.rf.ecb2690e942fba231678577efd459c0c.jpg,,0,0,no_caries,mild,0.5836,0.29583,0.58355,0.10585,0.01477
crops/373_4.jpg,373,373_jpg.rf.ecb2690e942fba231678577efd459c0c.jpg,,0,0,no_caries,no_caries,0.4764,0.47637,0.34666,0.11874,0.05824
crops/373_5.jpg,373,373_jpg.rf.ecb2690e942fba231678577efd459c0c.jpg,,0,0,no_caries,mild,0.6789,0.19512,0.6789,0.08445,0.04152
crops/373_6.jpg,373,373_jpg.rf.ecb2690e942fba231678577efd459c0c.jpg,,0,0,no_caries,no_caries,0.6059,0.60588,0.2187,0.08698,0.08844
crops/373_7.jpg,373,373_jpg.rf.ecb2690e942fba231678577efd459c0c.jpg,,0,0,no_caries,no_caries,0.728,0.72796,0.07881,0.15549,0.03775
crops/373_8.jpg,373,373_jpg.rf.ecb2690e942fba231678577efd459c0c.jpg,,0,0,no_caries,no_caries,0.7142,0.71424,0.06932,0.13716,0.07928
crops/373_9.jpg,373,373_jpg.rf.ecb2690e942fba231678577efd459c0c.jpg,,0,0,no_caries,no_caries,0.799,0.79904,0.07936,0.0833,0.0383
crops/373_10.jpg,373,373_jpg.rf.ecb2690e942fba231678577efd459c0c.jpg,,0,0,no_caries,no_caries,0.7001,0.7001,0.05963,0.12185,0.11843
crops/373_11.jpg,373,373_jpg.rf.ecb2690e942fba231678577efd459c0c.jpg,,0,0,no_caries,no_caries,0.7332,0.73315,0.10745,0.07773,0.08167
crops/396_0.jpg,396,396_jpg.rf.67544317dd92222bcd40217e451caba6.jpg,,0,0,no_caries,moderate,0.3076,0.2977,0.3021,0.30761,0.09258
crops/396_1.jpg,396,396_jpg.rf.67544317dd92222bcd40217e451caba6.jpg,,5,0,advanced,advanced,0.7043,0.00225,0.00375,0.2897,0.7043
crops/396_2.jpg,396,396_jpg.rf.67544317dd92222bcd40217e451caba6.jpg,,0,0,no_caries,moderate,0.4536,0.04507,0.13044,0.45362,0.37086
crops/396_3.jpg,396,396_jpg.rf.67544317dd92222bcd40217e451caba6.jpg,,0,0,no_caries,no_caries,0.725,0.72497,0.14484,0.04493,0.08526
crops/396_4.jpg,396,396_jpg.rf.67544317dd92222bcd40217e451caba6.jpg,,0,0,no_caries,no_caries,0.6439,0.64393,0.24688,0.01956,0.08962
crops/417_0.jpg,417,417_jpg.rf.7346c8993d4640b26867ea539545f366.jpg,,0,0,no_caries,no_caries,0.5208,0.52077,0.18313,0.2561,0.04
crops/417_1.jpg,417,417_jpg.rf.7346c8993d4640b26867ea539545f366.jpg,,0,0,no_caries,moderate,0.4651,0.34556,0.1269,0.46511,0.06242
crops/417_2.jpg,417,417_jpg.rf.7346c8993d4640b26867ea539545f366.jpg,,0,0,no_caries,no_caries,0.4416,0.44163,0.39119,0.13657,0.0306
crops/417_3.jpg,417,417_jpg.rf.7346c8993d4640b26867ea539545f366.jpg,,0,0,no_caries,no_caries,0.6994,0.69944,0.22008,0.03946,0.04103
crops/417_4.jpg,417,417_jpg.rf.7346c8993d4640b26867ea539545f366.jpg,,0,0,no_caries,mild,0.4999,0.41422,0.49994,0.05969,0.02616
crops/417_5.jpg,417,417_jpg.rf.7346c8993d4640b26867ea539545f366.jpg,,0,0,no_caries,mild,0.6869,0.1925,0.68686,0.09956,0.02108
crops/417_6.jpg,417,417_jpg.rf.7346c8993d4640b26867ea539545f366.jpg,,5,0,advanced,advanced,0.9567,0.01086,0.01204,0.0204,0.95671
crops/417_7.jpg,417,417_jpg.rf.7346c8993d4640b26867ea539545f366.jpg,,0,0,no_caries,mild,0.6222,0.26042,0.62219,0.07407,0.04332
crops/417_8.jpg,417,417_jpg.rf.7346c8993d4640b26867ea539545f366.jpg,,6,0,advanced,advanced,0.9607,0.00643,0.00933,0.02356,0.96069
crops/417_9.jpg,417,417_jpg.rf.7346c8993d4640b26867ea539545f366.jpg,,5,0,advanced,advanced,0.9546,0.00609,0.02265,0.01664,0.95462
crops/417_10.jpg,417,417_jpg.rf.7346c8993d4640b26867ea539545f366.jpg,,3,0,moderate,moderate,0.939,0.00114,0.05896,0.93899,0.00091
crops/417_11.jpg,417,417_jpg.rf.7346c8993d4640b26867ea539545f366.jpg,,5,0,advanced,advanced,0.9781,0.00333,0.00957,0.00899,0.97811
crops/417_12.jpg,417,417_jpg.rf.7346c8993d4640b26867ea539545f366.jpg,,3,0,moderate,mild,0.5269,0.02237,0.52693,0.43626,0.01443
crops/417_13.jpg,417,417_jpg.rf.7346c8993d4640b26867ea539545f366.jpg,,0,0,no_caries,no_caries,0.5641,0.56406,0.20606,0.20637,0.02351
crops/417_14.jpg,417,417_jpg.rf.7346c8993d4640b26867ea539545f366.jpg,,0,0,no_caries,mild,0.58,0.30784,0.58004,0.04292,0.06921
crops/41_jpeg_0.jpg,41_jpeg,41_jpeg_jpg.rf.1f93dd3a580ded6636734415cbe23a09.jpg,,2,0,mild,mild,0.4377,0.29753,0.43773,0.11984,0.1449
crops/41_jpeg_1.jpg,41_jpeg,41_jpeg_jpg.rf.1f93dd3a580ded6636734415cbe23a09.jpg,,0,0,no_caries,mild,0.6315,0.32032,0.6315,0.02169,0.02649
crops/41_jpeg_2.jpg,41_jpeg,41_jpeg_jpg.rf.1f93dd3a580ded6636734415cbe23a09.jpg,,0,0,no_caries,mild,0.5555,0.35371,0.55554,0.0476,0.04315
crops/41_jpeg_3.jpg,41_jpeg,41_jpeg_jpg.rf.1f93dd3a580ded6636734415cbe23a09.jpg,,2,0,mild,mild,0.5003,0.25599,0.50031,0.19829,0.04541
crops/41_jpeg_4.jpg,41_jpeg,41_jpeg_jpg.rf.1f93dd3a580ded6636734415cbe23a09.jpg,,2,0,mild,mild,0.9947,0.00092,0.99466,0.00045,0.00398
crops/41_jpeg_5.jpg,41_jpeg,41_jpeg_jpg.rf.1f93dd3a580ded6636734415cbe23a09.jpg,,2,0,mild,mild,0.5571,0.14263,0.55706,0.27059,0.02972
crops/41_jpeg_6.jpg,41_jpeg,41_jpeg_jpg.rf.1f93dd3a580ded6636734415cbe23a09.jpg,,2,0,mild,mild,0.7564,0.09841,0.75642,0.13058,0.01459
crops/41_jpeg_7.jpg,41_jpeg,41_jpeg_jpg.rf.1f93dd3a580ded6636734415cbe23a09.jpg,,0,0,no_caries,no_caries,0.701,0.701,0.04154,0.15343,0.10402
crops/41_jpeg_8.jpg,41_jpeg,41_jpeg_jpg.rf.1f93dd3a580ded6636734415cbe23a09.jpg,,0,0,no_caries,no_caries,0.8782,0.87817,0.03069,0.0554,0.03573
crops/41_jpeg_9.jpg,41_jpeg,41_jpeg_jpg.rf.1f93dd3a580ded6636734415cbe23a09.jpg,,0,0,no_caries,no_caries,0.94,0.94002,0.01709,0.02838,0.01452
crops/41_jpeg_10.jpg,41_jpeg,41_jpeg_jpg.rf.1f93dd3a580ded6636734415cbe23a09.jpg,,0,0,no_caries,no_caries,0.8816,0.88155,0.0588,0.02761,0.03204
crops/41_jpeg_11.jpg,41_jpeg,41_jpeg_jpg.rf.1f93dd3a580ded6636734415cbe23a09.jpg,,0,0,no_caries,no_caries,0.5576,0.55759,0.34958,0.05777,0.03507
crops/41_jpeg_12.jpg,41_jpeg,41_jpeg_jpg.rf.1f93dd3a580ded6636734415cbe23a09.jpg,,0,0,no_caries,mild,0.6707,0.20981,0.67071,0.07156,0.04791
crops/41_jpeg_13.jpg,41_jpeg,41_jpeg_jpg.rf.1f93dd3a580ded6636734415cbe23a09.jpg,,2,0,mild,moderate,0.595,0.0564,0.29588,0.59497,0.05275
crops/41_jpeg_14.jpg,41_jpeg,41_jpeg_jpg.rf.1f93dd3a580ded6636734415cbe23a09.jpg,,2,0,mild,no_caries,0.3624,0.36243,0.30907,0.25918,0.06932
crops/451_0.jpg,451,451_jpg.rf.444c8e819be140160baa8471fc51f7c7.jpg,,5,0,advanced,advanced,0.8686,0.00535,0.01492,0.11109,0.86864
crops/451_1.jpg,451,451_jpg.rf.444c8e819be140160baa8471fc51f7c7.jpg,,0,0,no_caries,mild,0.3899,0.21864,0.38994,0.22508,0.16634
crops/451_2.jpg,451,451_jpg.rf.444c8e819be140160baa8471fc51f7c7.jpg,,0,0,no_caries,no_caries,0.5695,0.56949,0.17465,0.21283,0.04302
crops/451_3.jpg,451,451_jpg.rf.444c8e819be140160baa8471fc51f7c7.jpg,,0,0,no_caries,mild,0.7274,0.05648,0.72744,0.06975,0.14634
crops/45_jpeg_0.jpg,45_jpeg,45_jpeg_jpg.rf.bdacc78320cba8a90ba72e9b63655ace.jpg,,2,0,mild,mild,0.8346,0.06686,0.83456,0.08439,0.01419
crops/45_jpeg_1.jpg,45_jpeg,45_jpeg_jpg.rf.bdacc78320cba8a90ba72e9b63655ace.jpg,,0,0,no_caries,mild,0.8446,0.05759,0.84464,0.08694,0.01082
crops/45_jpeg_2.jpg,45_jpeg,45_jpeg_jpg.rf.bdacc78320cba8a90ba72e9b63655ace.jpg,,1,0,mild,mild,0.414,0.059,0.41401,0.33877,0.18822
crops/45_jpeg_3.jpg,45_jpeg,45_jpeg_jpg.rf.bdacc78320cba8a90ba72e9b63655ace.jpg,,5,0,advanced,moderate,0.52,0.18206,0.03324,0.51999,0.26472
crops/45_jpeg_4.jpg,45_jpeg,45_jpeg_jpg.rf.bdacc78320cba8a90ba72e9b63655ace.jpg,,0,0,no_caries,mild,0.4412,0.42939,0.44119,0.08662,0.0428
crops/45_jpeg_5.jpg,45_jpeg,45_jpeg_jpg.rf.bdacc78320cba8a90ba72e9b63655ace.jpg,,0,0,no_caries,mild,0.6188,0.18275,0.61877,0.15514,0.04334
crops/45_jpeg_6.jpg,45_jpeg,45_jpeg_jpg.rf.bdacc78320cba8a90ba72e9b63655ace.jpg,,0,0,no_caries,mild,0.3599,0.28209,0.35991,0.25839,0.09961
crops/45_jpeg_7.jpg,45_jpeg,45_jpeg_jpg.rf.bdacc78320cba8a90ba72e9b63655ace.jpg,,0,0,no_caries,mild,0.5973,0.26479,0.59731,0.11764,0.02027
crops/45_jpeg_8.jpg,45_jpeg,45_jpeg_jpg.rf.bdacc78320cba8a90ba72e9b63655ace.jpg,,0,0,no_caries,mild,0.3653,0.04139,0.36527,0.36359,0.22976
crops/45_jpeg_9.jpg,45_jpeg,45_jpeg_jpg.rf.bdacc78320cba8a90ba72e9b63655ace.jpg,,0,0,no_caries,mild,0.7733,0.11971,0.77328,0.08938,0.01763
crops/45_jpeg_10.jpg,45_jpeg,45_jpeg_jpg.rf.bdacc78320cba8a90ba72e9b63655ace.jpg,,0,0,no_caries,mild,0.4281,0.36344,0.42806,0.10198,0.10652
crops/45_jpeg_11.jpg,45_jpeg,45_jpeg_jpg.rf.bdacc78320cba8a90ba72e9b63655ace.jpg,,0,0,no_caries,mild,0.8502,0.08224,0.85021,0.05695,0.0106
crops/45_jpeg_12.jpg,45_jpeg,45_jpeg_jpg.rf.bdacc78320cba8a90ba72e9b63655ace.jpg,,1,0,mild,moderate,0.9802,0.0061,0.01204,0.98015,0.0017
crops/45_jpeg_13.jpg,45_jpeg,45_jpeg_jpg.rf.bdacc78320cba8a90ba72e9b63655ace.jpg,,2,0,mild,mild,0.5315,0.01284,0.53152,0.44389,0.01175
crops/45_jpeg_14.jpg,45_jpeg,45_jpeg_jpg.rf.bdacc78320cba8a90ba72e9b63655ace.jpg,,3,0,moderate,moderate,0.6037,0.01568,0.37683,0.60369,0.0038
crops/45_jpeg_15.jpg,45_jpeg,45_jpeg_jpg.rf.bdacc78320cba8a90ba72e9b63655ace.jpg,,4,0,moderate,moderate,0.5486,0.00402,0.44472,0.54864,0.00262
crops/480_0.jpg,480,480_jpg.rf.823251054be2d66e91160c1d6a94bde9.jpg,,0,0,no_caries,no_caries,0.7495,0.7495,0.07489,0.14928,0.02632
crops/480_1.jpg,480,480_jpg.rf.823251054be2d66e91160c1d6a94bde9.jpg,,0,0,no_caries,no_caries,0.6722,0.67218,0.02797,0.27246,0.02739
crops/480_2.jpg,480,480_jpg.rf.823251054be2d66e91160c1d6a94bde9.jpg,,0,0,no_caries,no_caries,0.6427,0.64274,0.04302,0.24103,0.07321
crops/480_3.jpg,480,480_jpg.rf.823251054be2d66e91160c1d6a94bde9.jpg,,0,0,no_caries,no_caries,0.8364,0.83641,0.06153,0.03123,0.07083
crops/480_4.jpg,480,480_jpg.rf.823251054be2d66e91160c1d6a94bde9.jpg,,0,0,no_caries,no_caries,0.5377,0.53774,0.2943,0.0599,0.10806
crops/480_5.jpg,480,480_jpg.rf.823251054be2d66e91160c1d6a94bde9.jpg,,0,0,no_caries,mild,0.5872,0.28661,0.5872,0.0644,0.06179
crops/480_6.jpg,480,480_jpg.rf.823251054be2d66e91160c1d6a94bde9.jpg,,0,0,no_caries,no_caries,0.4648,0.46485,0.27141,0.08464,0.17911
crops/480_7.jpg,480,480_jpg.rf.823251054be2d66e91160c1d6a94bde9.jpg,,0,0,no_caries,no_caries,0.3699,0.36994,0.36479,0.05723,0.20804
crops/480_8.jpg,480,480_jpg.rf.823251054be2d66e91160c1d6a94bde9.jpg,,0,0,no_caries,no_caries,0.7434,0.74337,0.16296,0.02492,0.06875
crops/480_9.jpg,480,480_jpg.rf.823251054be2d66e91160c1d6a94bde9.jpg,,0,0,no_caries,no_caries,0.7201,0.72015,0.13916,0.05792,0.08277
crops/480_10.jpg,480,480_jpg.rf.823251054be2d66e91160c1d6a94bde9.jpg,,0,0,no_caries,mild,0.7557,0.13353,0.7557,0.06653,0.04423
crops/480_11.jpg,480,480_jpg.rf.823251054be2d66e91160c1d6a94bde9.jpg,,0,0,no_caries,no_caries,0.6271,0.62712,0.09904,0.18712,0.08672
crops/480_12.jpg,480,480_jpg.rf.823251054be2d66e91160c1d6a94bde9.jpg,,0,0,no_caries,mild,0.4737,0.44647,0.47371,0.0455,0.03432
crops/480_13.jpg,480,480_jpg.rf.823251054be2d66e91160c1d6a94bde9.jpg,,0,0,no_caries,no_caries,0.8244,0.82435,0.05444,0.09548,0.02573
crops/480_14.jpg,480,480_jpg.rf.823251054be2d66e91160c1d6a94bde9.jpg,,0,0,no_caries,no_caries,0.8326,0.83263,0.05545,0.03694,0.07497
crops/480_15.jpg,480,480_jpg.rf.823251054be2d66e91160c1d6a94bde9.jpg,,0,0,no_caries,no_caries,0.4958,0.49584,0.05344,0.4317,0.01902
crops/480_16.jpg,480,480_jpg.rf.823251054be2d66e91160c1d6a94bde9.jpg,,0,0,no_caries,no_caries,0.752,0.75197,0.03229,0.19629,0.01945
crops/480_17.jpg,480,480_jpg.rf.823251054be2d66e91160c1d6a94bde9.jpg,,0,0,no_caries,no_caries,0.7115,0.71146,0.19377,0.0655,0.02928
crops/480_18.jpg,480,480_jpg.rf.823251054be2d66e91160c1d6a94bde9.jpg,,0,0,no_caries,mild,0.4717,0.4442,0.47165,0.03394,0.05021
crops/480_19.jpg,480,480_jpg.rf.823251054be2d66e91160c1d6a94bde9.jpg,,0,0,no_caries,no_caries,0.6557,0.65566,0.20627,0.01846,0.11961
crops/480_20.jpg,480,480_jpg.rf.823251054be2d66e91160c1d6a94bde9.jpg,,5,0,advanced,no_caries,0.5138,0.51379,0.35914,0.06233,0.06474
crops/50_jpeg_0.jpg,50_jpeg,50_jpeg_jpg.rf.94875a204aaf5299238e26edaa029721.jpg,,0,0,no_caries,no_caries,0.6327,0.63267,0.20394,0.05728,0.10611
crops/50_jpeg_1.jpg,50_jpeg,50_jpeg_jpg.rf.94875a204aaf5299238e26edaa029721.jpg,,0,0,no_caries,no_caries,0.5642,0.56421,0.15443,0.13182,0.14955
crops/50_jpeg_2.jpg,50_jpeg,50_jpeg_jpg.rf.94875a204aaf5299238e26edaa029721.jpg,,0,0,no_caries,no_caries,0.4828,0.48278,0.40629,0.09385,0.01708
crops/50_jpeg_3.jpg,50_jpeg,50_jpeg_jpg.rf.94875a204aaf5299238e26edaa029721.jpg,,5,0,advanced,moderate,0.8467,0.00633,0.01393,0.84667,0.13308
crops/50_jpeg_4.jpg,50_jpeg,50_jpeg_jpg.rf.94875a204aaf5299238e26edaa029721.jpg,,4,0,moderate,moderate,0.492,0.10294,0.30088,0.49199,0.10418
crops/50_jpeg_5.jpg,50_jpeg,50_jpeg_jpg.rf.94875a204aaf5299238e26edaa029721.jpg,,4,0,moderate,moderate,0.8223,0.06772,0.07624,0.82231,0.03372
crops/50_jpeg_6.jpg,50_jpeg,50_jpeg_jpg.rf.94875a204aaf5299238e26edaa029721.jpg,,1,0,mild,moderate,0.6119,0.22498,0.15555,0.61189,0.00758
crops/50_jpeg_7.jpg,50_jpeg,50_jpeg_jpg.rf.94875a204aaf5299238e26edaa029721.jpg,,1,0,mild,no_caries,0.578,0.57803,0.34404,0.05006,0.02787
crops/50_jpeg_8.jpg,50_jpeg,50_jpeg_jpg.rf.94875a204aaf5299238e26edaa029721.jpg,,1,0,mild,mild,0.5045,0.41861,0.50453,0.01829,0.05857
crops/50_jpeg_9.jpg,50_jpeg,50_jpeg_jpg.rf.94875a204aaf5299238e26edaa029721.jpg,,0,0,no_caries,no_caries,0.8453,0.84532,0.08825,0.03821,0.02822
crops/50_jpeg_10.jpg,50_jpeg,50_jpeg_jpg.rf.94875a204aaf5299238e26edaa029721.jpg,,1,0,mild,no_caries,0.7682,0.76819,0.02824,0.175,0.02857
crops/50_jpeg_11.jpg,50_jpeg,50_jpeg_jpg.rf.94875a204aaf5299238e26edaa029721.jpg,,0,0,no_caries,no_caries,0.4823,0.48232,0.00829,0.47586,0.03352
crops/50_jpeg_12.jpg,50_jpeg,50_jpeg_jpg.rf.94875a204aaf5299238e26edaa029721.jpg,,2,0,mild,moderate,0.5018,0.36792,0.03745,0.50177,0.09287
crops/50_jpeg_13.jpg,50_jpeg,50_jpeg_jpg.rf.94875a204aaf5299238e26edaa029721.jpg,,0,0,no_caries,no_caries,0.5746,0.57456,0.0223,0.37918,0.02396
crops/50_jpeg_14.jpg,50_jpeg,50_jpeg_jpg.rf.94875a204aaf5299238e26edaa029721.jpg,,0,0,no_caries,no_caries,0.8451,0.84513,0.0215,0.09702,0.03634
crops/50_jpeg_15.jpg,50_jpeg,50_jpeg_jpg.rf.94875a204aaf5299238e26edaa029721.jpg,,0,0,no_caries,no_caries,0.774,0.77403,0.06508,0.10032,0.06057
crops/50_jpeg_16.jpg,50_jpeg,50_jpeg_jpg.rf.94875a204aaf5299238e26edaa029721.jpg,,0,0,no_caries,no_caries,0.6804,0.68042,0.18438,0.04828,0.08692
crops/55_jpeg_0.jpg,55_jpeg,55_jpeg_jpg.rf.df7add5b1f8b44d886b5dbc636439d00.jpg,,3,0,moderate,moderate,0.9727,0.01122,0.01437,0.97271,0.00169
crops/55_jpeg_1.jpg,55_jpeg,55_jpeg_jpg.rf.df7add5b1f8b44d886b5dbc636439d00.jpg,,0,0,no_caries,mild,0.6496,0.13708,0.64961,0.0966,0.1167
crops/55_jpeg_2.jpg,55_jpeg,55_jpeg_jpg.rf.df7add5b1f8b44d886b5dbc636439d00.jpg,,0,0,no_caries,no_caries,0.5877,0.58769,0.2745,0.04967,0.08814
crops/55_jpeg_3.jpg,55_jpeg,55_jpeg_jpg.rf.df7add5b1f8b44d886b5dbc636439d00.jpg,,0,0,no_caries,no_caries,0.6378,0.63777,0.22086,0.06816,0.07322
crops/55_jpeg_4.jpg,55_jpeg,55_jpeg_jpg.rf.df7add5b1f8b44d886b5dbc636439d00.jpg,,0,0,no_caries,no_caries,0.7148,0.71484,0.17088,0.07237,0.04192
crops/55_jpeg_5.jpg,55_jpeg,55_jpeg_jpg.rf.df7add5b1f8b44d886b5dbc636439d00.jpg,,0,0,no_caries,no_caries,0.7559,0.75591,0.11777,0.07688,0.04944
crops/55_jpeg_6.jpg,55_jpeg,55_jpeg_jpg.rf.df7add5b1f8b44d886b5dbc636439d00.jpg,,0,0,no_caries,no_caries,0.6893,0.6893,0.13814,0.06447,0.10809
crops/55_jpeg_7.jpg,55_jpeg,55_jpeg_jpg.rf.df7add5b1f8b44d886b5dbc636439d00.jpg,,0,0,no_caries,no_caries,0.5878,0.58781,0.30261,0.06405,0.04553
crops/55_jpeg_8.jpg,55_jpeg,55_jpeg_jpg.rf.df7add5b1f8b44d886b5dbc636439d00.jpg,,0,0,no_caries,mild,0.8158,0.0978,0.81583,0.02814,0.05822
crops/55_jpeg_9.jpg,55_jpeg,55_jpeg_jpg.rf.df7add5b1f8b44d886b5dbc636439d00.jpg,,3,0,moderate,moderate,0.9423,0.02955,0.02629,0.94229,0.00187
crops/56_jpeg_0.jpg,56_jpeg,56_jpeg_jpg.rf.78127d18ef6454b0e05182694c86304c.jpg,,0,0,no_caries,no_caries,0.5315,0.53149,0.37215,0.06913,0.02723
crops/56_jpeg_1.jpg,56_jpeg,56_jpeg_jpg.rf.78127d18ef6454b0e05182694c86304c.jpg,,0,0,no_caries,no_caries,0.5297,0.52966,0.07872,0.31196,0.07966
crops/56_jpeg_2.jpg,56_jpeg,56_jpeg_jpg.rf.78127d18ef6454b0e05182694c86304c.jpg,,0,0,no_caries,no_caries,0.6168,0.61682,0.20168,0.06544,0.11606
crops/56_jpeg_3.jpg,56_jpeg,56_jpeg_jpg.rf.78127d18ef6454b0e05182694c86304c.jpg,,0,0,no_caries,no_caries,0.5678,0.56776,0.27433,0.08835,0.06956
crops/56_jpeg_4.jpg,56_jpeg,56_jpeg_jpg.rf.78127d18ef6454b0e05182694c86304c.jpg,,0,0,no_caries,no_caries,0.6798,0.67979,0.16065,0.02312,0.13643
crops/56_jpeg_5.jpg,56_jpeg,56_jpeg_jpg.rf.78127d18ef6454b0e05182694c86304c.jpg,,0,0,no_caries,no_caries,0.6973,0.69731,0.1472,0.04021,0.11528
crops/56_jpeg_6.jpg,56_jpeg,56_jpeg_jpg.rf.78127d18ef6454b0e05182694c86304c.jpg,,3,0,moderate,advanced,0.5347,0.02401,0.03972,0.40156,0.5347
crops/56_jpeg_7.jpg,56_jpeg,56_jpeg_jpg.rf.78127d18ef6454b0e05182694c86304c.jpg,,3,0,moderate,moderate,0.9302,0.01733,0.02753,0.93021,0.02493
crops/56_jpeg_8.jpg,56_jpeg,56_jpeg_jpg.rf.78127d18ef6454b0e05182694c86304c.jpg,,3,0,moderate,moderate,0.3394,0.30671,0.0474,0.33939,0.3065
crops/56_jpeg_9.jpg,56_jpeg,56_jpeg_jpg.rf.78127d18ef6454b0e05182694c86304c.jpg,,3,0,moderate,no_caries,0.7514,0.75144,0.07013,0.08248,0.09595
crops/56_jpeg_10.jpg,56_jpeg,56_jpeg_jpg.rf.78127d18ef6454b0e05182694c86304c.jpg,,0,0,no_caries,no_caries,0.7601,0.76006,0.09887,0.07222,0.06885
crops/56_jpeg_11.jpg,56_jpeg,56_jpeg_jpg.rf.78127d18ef6454b0e05182694c86304c.jpg,,0,0,no_caries,no_caries,0.8326,0.83258,0.04095,0.09169,0.03478
crops/56_jpeg_12.jpg,56_jpeg,56_jpeg_jpg.rf.78127d18ef6454b0e05182694c86304c.jpg,,3,0,moderate,moderate,0.9615,0.00633,0.01916,0.96151,0.013
crops/56_jpeg_13.jpg,56_jpeg,56_jpeg_jpg.rf.78127d18ef6454b0e05182694c86304c.jpg,,4,0,moderate,moderate,0.6454,0.01314,0.31002,0.64542,0.03142
crops/56_0.jpg,56,56_jpg.rf.f8ad5d0ada60de22ff389d8743f6e233.jpg,,0,0,no_caries,no_caries,0.343,0.34299,0.2015,0.28452,0.171
crops/56_1.jpg,56,56_jpg.rf.f8ad5d0ada60de22ff389d8743f6e233.jpg,,0,0,no_caries,mild,0.4054,0.15016,0.40541,0.38736,0.05707
crops/56_2.jpg,56,56_jpg.rf.f8ad5d0ada60de22ff389d8743f6e233.jpg,,5,0,advanced,advanced,0.9604,0.00529,0.00993,0.02438,0.96039
crops/56_3.jpg,56,56_jpg.rf.f8ad5d0ada60de22ff389d8743f6e233.jpg,,5,0,advanced,advanced,0.9044,0.00429,0.00784,0.08342,0.90445
crops/56_4.jpg,56,56_jpg.rf.f8ad5d0ada60de22ff389d8743f6e233.jpg,,0,0,no_caries,no_caries,0.706,0.70599,0.17064,0.05908,0.06428
crops/56_5.jpg,56,56_jpg.rf.f8ad5d0ada60de22ff389d8743f6e233.jpg,,0,0,no_caries,mild,0.5148,0.31159,0.51481,0.10159,0.07201
crops/5_jpeg_0.jpg,5_jpeg,5_jpeg_jpg.rf.34a447c27d87576a0f11a538575c2ae7.jpg,,3,0,moderate,moderate,0.9059,0.01186,0.07594,0.90594,0.00626
crops/5_jpeg_1.jpg,5_jpeg,5_jpeg_jpg.rf.34a447c27d87576a0f11a538575c2ae7.jpg,,0,0,no_caries,mild,0.4937,0.28692,0.4937,0.07735,0.14203
crops/5_jpeg_2.jpg,5_jpeg,5_jpeg_jpg.rf.34a447c27d87576a0f11a538575c2ae7.jpg,,0,0,no_caries,no_caries,0.4808,0.48075,0.35042,0.05355,0.11527
crops/5_jpeg_3.jpg,5_jpeg,5_jpeg_jpg.rf.34a447c27d87576a0f11a538575c2ae7.jpg,,0,0,no_caries,mild,0.6353,0.23531,0.63529,0.06697,0.06243
crops/5_jpeg_4.jpg,5_jpeg,5_jpeg_jpg.rf.34a447c27d87576a0f11a538575c2ae7.jpg,,0,0,no_caries,moderate,0.6684,0.08528,0.17805,0.66839,0.06828
crops/5_jpeg_5.jpg,5_jpeg,5_jpeg_jpg.rf.34a447c27d87576a0f11a538575c2ae7.jpg,,0,0,no_caries,no_caries,0.4411,0.44113,0.28606,0.19338,0.07944
crops/5_jpeg_6.jpg,5_jpeg,5_jpeg_jpg.rf.34a447c27d87576a0f11a538575c2ae7.jpg,,0,0,no_caries,no_caries,0.5356,0.53556,0.31716,0.07183,0.07544
crops/5_jpeg_7.jpg,5_jpeg,5_jpeg_jpg.rf.34a447c27d87576a0f11a538575c2ae7.jpg,,0,0,no_caries,no_caries,0.5342,0.53421,0.35378,0.05117,0.06084
crops/5_jpeg_8.jpg,5_jpeg,5_jpeg_jpg.rf.34a447c27d87576a0f11a538575c2ae7.jpg,,0,0,no_caries,mild,0.8142,0.16313,0.81421,0.00601,0.01665
crops/5_jpeg_9.jpg,5_jpeg,5_jpeg_jpg.rf.34a447c27d87576a0f11a538575c2ae7.jpg,,0,0,no_caries,mild,0.7393,0.12995,0.73933,0.04582,0.08491
crops/5_jpeg_10.jpg,5_jpeg,5_jpeg_jpg.rf.34a447c27d87576a0f11a538575c2ae7.jpg,,3,0,moderate,moderate,0.9941,0.00062,0.0024,0.9941,0.00288
crops/5_jpeg_11.jpg,5_jpeg,5_jpeg_jpg.rf.34a447c27d87576a0f11a538575c2ae7.jpg,,3,0,moderate,moderate,0.8899,0.00656,0.10133,0.88987,0.00225
crops/648_0.jpg,648,648_jpg.rf.36a275594a62d1a908b81338937f95ce.jpg,,0,0,no_caries,no_caries,0.6999,0.69993,0.09178,0.03723,0.17106
crops/648_1.jpg,648,648_jpg.rf.36a275594a62d1a908b81338937f95ce.jpg,,0,0,no_caries,no_caries,0.7115,0.7115,0.17481,0.04903,0.06466
crops/648_2.jpg,648,648_jpg.rf.36a275594a62d1a908b81338937f95ce.jpg,,2,0,mild,no_caries,0.5872,0.58719,0.16558,0.20993,0.03729
crops/648_3.jpg,648,648_jpg.rf.36a275594a62d1a908b81338937f95ce.jpg,,6,0,advanced,advanced,0.9626,0.00395,0.00922,0.02419,0.96263
crops/648_4.jpg,648,648_jpg.rf.36a275594a62d1a908b81338937f95ce.jpg,,2,0,mild,no_caries,0.7083,0.70825,0.15679,0.09898,0.03598
crops/648_5.jpg,648,648_jpg.rf.36a275594a62d1a908b81338937f95ce.jpg,,0,0,no_caries,no_caries,0.6654,0.66542,0.18595,0.1113,0.03732
crops/648_6.jpg,648,648_jpg.rf.36a275594a62d1a908b81338937f95ce.jpg,,0,0,no_caries,no_caries,0.4159,0.41587,0.21869,0.1254,0.24004
crops/648_7.jpg,648,648_jpg.rf.36a275594a62d1a908b81338937f95ce.jpg,,0,0,no_caries,no_caries,0.5494,0.54935,0.23524,0.11887,0.09654
crops/648_8.jpg,648,648_jpg.rf.36a275594a62d1a908b81338937f95ce.jpg,,0,0,no_caries,mild,0.4236,0.3347,0.42362,0.12108,0.12061
crops/648_9.jpg,648,648_jpg.rf.36a275594a62d1a908b81338937f95ce.jpg,,0,0,no_caries,no_caries,0.6033,0.60333,0.28352,0.0806,0.03255
crops/648_10.jpg,648,648_jpg.rf.36a275594a62d1a908b81338937f95ce.jpg,,0,0,no_caries,mild,0.4433,0.37289,0.44333,0.12721,0.05656
crops/648_11.jpg,648,648_jpg.rf.36a275594a62d1a908b81338937f95ce.jpg,,4,0,moderate,no_caries,0.662,0.66202,0.27866,0.03443,0.02489
crops/648_12.jpg,648,648_jpg.rf.36a275594a62d1a908b81338937f95ce.jpg,,0,0,no_caries,no_caries,0.8599,0.85993,0.05333,0.04678,0.03995
crops/648_13.jpg,648,648_jpg.rf.36a275594a62d1a908b81338937f95ce.jpg,,0,0,no_caries,no_caries,0.4885,0.48853,0.36423,0.08154,0.06571
crops/648_14.jpg,648,648_jpg.rf.36a275594a62d1a908b81338937f95ce.jpg,,0,0,no_caries,mild,0.883,0.05356,0.88305,0.02403,0.03936
crops/64_jpeg_0.jpg,64_jpeg,64_jpeg_jpg.rf.34364578814529446f5457bd72849ebc.jpg,,0,0,no_caries,mild,0.872,0.02171,0.872,0.08692,0.01937
crops/64_jpeg_1.jpg,64_jpeg,64_jpeg_jpg.rf.34364578814529446f5457bd72849ebc.jpg,,0,0,no_caries,moderate,0.5667,0.12325,0.28851,0.5667,0.02154
crops/64_jpeg_2.jpg,64_jpeg,64_jpeg_jpg.rf.34364578814529446f5457bd72849ebc.jpg,,0,0,no_caries,no_caries,0.4612,0.46123,0.35473,0.11646,0.06758
crops/64_jpeg_3.jpg,64_jpeg,64_jpeg_jpg.rf.34364578814529446f5457bd72849ebc.jpg,,0,0,no_caries,no_caries,0.4481,0.44811,0.42078,0.09142,0.03968
crops/64_jpeg_4.jpg,64_jpeg,64_jpeg_jpg.rf.34364578814529446f5457bd72849ebc.jpg,,0,0,no_caries,no_caries,0.6645,0.66453,0.19681,0.08,0.05867
crops/64_jpeg_5.jpg,64_jpeg,64_jpeg_jpg.rf.34364578814529446f5457bd72849ebc.jpg,,0,0,no_caries,no_caries,0.7786,0.77863,0.06356,0.11362,0.04419
crops/64_jpeg_6.jpg,64_jpeg,64_jpeg_jpg.rf.34364578814529446f5457bd72849ebc.jpg,,2,0,mild,mild,0.776,0.11891,0.77599,0.01046,0.09464
crops/64_jpeg_7.jpg,64_jpeg,64_jpeg_jpg.rf.34364578814529446f5457bd72849ebc.jpg,,2,0,mild,mild,0.4086,0.33285,0.40864,0.19139,0.06712
crops/64_jpeg_8.jpg,64_jpeg,64_jpeg_jpg.rf.34364578814529446f5457bd72849ebc.jpg,,2,0,mild,no_caries,0.5555,0.55548,0.35688,0.02503,0.06261
crops/64_jpeg_9.jpg,64_jpeg,64_jpeg_jpg.rf.34364578814529446f5457bd72849ebc.jpg,,0,0,no_caries,no_caries,0.5787,0.57867,0.16472,0.09465,0.16196
crops/64_jpeg_10.jpg,64_jpeg,64_jpeg_jpg.rf.34364578814529446f5457bd72849ebc.jpg,,0,0,no_caries,no_caries,0.5903,0.59031,0.18574,0.13643,0.08752
crops/64_jpeg_11.jpg,64_jpeg,64_jpeg_jpg.rf.34364578814529446f5457bd72849ebc.jpg,,0,0,no_caries,mild,0.775,0.11003,0.77502,0.05759,0.05736
crops/64_jpeg_12.jpg,64_jpeg,64_jpeg_jpg.rf.34364578814529446f5457bd72849ebc.jpg,,0,0,no_caries,mild,0.6881,0.10896,0.68812,0.19149,0.01143
crops/64_jpeg_13.jpg,64_jpeg,64_jpeg_jpg.rf.34364578814529446f5457bd72849ebc.jpg,,0,0,no_caries,mild,0.8618,0.01303,0.86181,0.11333,0.01183
crops/664_0.jpg,664,664_jpg.rf.0fd9cdeea2b370e303b8b6b51a7e62de.jpg,,5,0,advanced,moderate,0.9237,0.00048,0.04262,0.92365,0.03325
crops/664_1.jpg,664,664_jpg.rf.0fd9cdeea2b370e303b8b6b51a7e62de.jpg,,3,0,moderate,moderate,0.7523,0.00169,0.24438,0.75226,0.00166
crops/664_2.jpg,664,664_jpg.rf.0fd9cdeea2b370e303b8b6b51a7e62de.jpg,,0,0,no_caries,no_caries,0.5742,0.57416,0.27336,0.07322,0.07926
crops/664_3.jpg,664,664_jpg.rf.0fd9cdeea2b370e303b8b6b51a7e62de.jpg,,0,0,no_caries,moderate,0.7841,0.09689,0.08088,0.78406,0.03817
crops/677_0.jpg,677,677_jpg.rf.eb6f952e365ad08ec1b8d6710ab9a049.jpg,,0,0,no_caries,no_caries,0.4717,0.47169,0.39255,0.09037,0.04539
crops/677_1.jpg,677,677_jpg.rf.eb6f952e365ad08ec1b8d6710ab9a049.jpg,,0,0,no_caries,mild,0.4621,0.4261,0.46206,0.07191,0.03993
crops/677_2.jpg,677,677_jpg.rf.eb6f952e365ad08ec1b8d6710ab9a049.jpg,,0,0,no_caries,no_caries,0.6992,0.69918,0.09518,0.15698,0.04866
crops/677_3.jpg,677,677_jpg.rf.eb6f952e365ad08ec1b8d6710ab9a049.jpg,,3,0,moderate,mild,0.6276,0.09252,0.62763,0.23228,0.04757
crops/677_4.jpg,677,677_jpg.rf.eb6f952e365ad08ec1b8d6710ab9a049.jpg,,0,0,no_caries,no_caries,0.7281,0.72814,0.07816,0.14934,0.04436
crops/677_5.jpg,677,677_jpg.rf.eb6f952e365ad08ec1b8d6710ab9a049.jpg,,0,0,no_caries,no_caries,0.6921,0.69212,0.10137,0.0779,0.1286
crops/677_6.jpg,677,677_jpg.rf.eb6f952e365ad08ec1b8d6710ab9a049.jpg,,0,0,no_caries,no_caries,0.7244,0.72443,0.10126,0.10582,0.06849
crops/677_7.jpg,677,677_jpg.rf.eb6f952e365ad08ec1b8d6710ab9a049.jpg,,0,0,no_caries,no_caries,0.8721,0.87208,0.03395,0.06179,0.03218
crops/677_8.jpg,677,677_jpg.rf.eb6f952e365ad08ec1b8d6710ab9a049.jpg,,0,0,no_caries,no_caries,0.7012,0.70117,0.11883,0.1009,0.0791
crops/677_9.jpg,677,677_jpg.rf.eb6f952e365ad08ec1b8d6710ab9a049.jpg,,0,0,no_caries,no_caries,0.6277,0.62769,0.15057,0.13523,0.08651
crops/677_10.jpg,677,677_jpg.rf.eb6f952e365ad08ec1b8d6710ab9a049.jpg,,0,0,no_caries,moderate,0.5446,0.32412,0.11889,0.54456,0.01243
crops/677_11.jpg,677,677_jpg.rf.eb6f952e365ad08ec1b8d6710ab9a049.jpg,,0,0,no_caries,no_caries,0.7817,0.78174,0.05806,0.10554,0.05466
crops/677_12.jpg,677,677_jpg.rf.eb6f952e365ad08ec1b8d6710ab9a049.jpg,,0,0,no_caries,no_caries,0.659,0.65904,0.19095,0.04867,0.10135
crops/677_13.jpg,677,677_jpg.rf.eb6f952e365ad08ec1b8d6710ab9a049.jpg,,0,0,no_caries,no_caries,0.6845,0.68451,0.1392,0.07753,0.09876
crops/694_0.jpg,694,694_jpg.rf.8b6abb2c61082014f5f101407dc0aa24.jpg,,5,0,advanced,advanced,0.9369,0.00321,0.01978,0.04015,0.93686
crops/694_1.jpg,694,694_jpg.rf.8b6abb2c61082014f5f101407dc0aa24.jpg,,5,0,advanced,advanced,0.9722,0.00241,0.01139,0.01397,0.97224
crops/694_2.jpg,694,694_jpg.rf.8b6abb2c61082014f5f101407dc0aa24.jpg,,5,0,advanced,advanced,0.6775,0.00474,0.24361,0.07419,0.67746
crops/694_3.jpg,694,694_jpg.rf.8b6abb2c61082014f5f101407dc0aa24.jpg,,0,0,no_caries,moderate,0.4602,0.37308,0.14488,0.46018,0.02186
crops/710_0.jpg,710,710_jpg.rf.96a93988bb7b5016f47cfce2a64cbb13.jpg,,0,0,no_caries,no_caries,0.8696,0.86958,0.06567,0.01603,0.04873
crops/710_1.jpg,710,710_jpg.rf.96a93988bb7b5016f47cfce2a64cbb13.jpg,,5,0,advanced,advanced,0.953,0.00349,0.00753,0.03596,0.95301
crops/710_2.jpg,710,710_jpg.rf.96a93988bb7b5016f47cfce2a64cbb13.jpg,,1,0,mild,mild,0.6057,0.13051,0.60574,0.02122,0.24253
crops/710_3.jpg,710,710_jpg.rf.96a93988bb7b5016f47cfce2a64cbb13.jpg,,6,0,advanced,advanced,0.9814,0.0052,0.0086,0.0048,0.9814
crops/710_4.jpg,710,710_jpg.rf.96a93988bb7b5016f47cfce2a64cbb13.jpg,,2,0,mild,no_caries,0.7776,0.77762,0.07924,0.07397,0.06917
crops/710_5.jpg,710,710_jpg.rf.96a93988bb7b5016f47cfce2a64cbb13.jpg,,1,0,mild,no_caries,0.7491,0.74914,0.05632,0.08891,0.10563
crops/710_6.jpg,710,710_jpg.rf.96a93988bb7b5016f47cfce2a64cbb13.jpg,,0,0,no_caries,no_caries,0.8932,0.89317,0.0665,0.01679,0.02354
crops/710_7.jpg,710,710_jpg.rf.96a93988bb7b5016f47cfce2a64cbb13.jpg,,0,0,no_caries,mild,0.5284,0.38611,0.52842,0.05797,0.0275
crops/710_8.jpg,710,710_jpg.rf.96a93988bb7b5016f47cfce2a64cbb13.jpg,,0,0,no_caries,no_caries,0.4218,0.42183,0.13399,0.41631,0.02787
crops/710_9.jpg,710,710_jpg.rf.96a93988bb7b5016f47cfce2a64cbb13.jpg,,0,0,no_caries,no_caries,0.877,0.87701,0.01847,0.02009,0.08443
crops/710_10.jpg,710,710_jpg.rf.96a93988bb7b5016f47cfce2a64cbb13.jpg,,6,0,advanced,advanced,0.9667,0.00716,0.00573,0.02045,0.96666
crops/710_11.jpg,710,710_jpg.rf.96a93988bb7b5016f47cfce2a64cbb13.jpg,,5,0,advanced,advanced,0.9602,0.00958,0.00449,0.02574,0.96018
crops/714_0.jpg,714,714_jpg.rf.50b33f85f286317ead0fff46c6351f8e.jpg,,2,0,mild,mild,0.954,0.01547,0.95397,0.02061,0.00995
crops/714_1.jpg,714,714_jpg.rf.50b33f85f286317ead0fff46c6351f8e.jpg,,0,0,no_caries,mild,0.4841,0.44318,0.48406,0.04995,0.02281
crops/714_2.jpg,714,714_jpg.rf.50b33f85f286317ead0fff46c6351f8e.jpg,,5,0,advanced,mild,0.7877,0.03813,0.78773,0.12094,0.05319
crops/714_3.jpg,714,714_jpg.rf.50b33f85f286317ead0fff46c6351f8e.jpg,,5,0,advanced,mild,0.5867,0.01042,0.58672,0.38117,0.0217
crops/714_4.jpg,714,714_jpg.rf.50b33f85f286317ead0fff46c6351f8e.jpg,,5,0,advanced,advanced,0.8998,0.00473,0.04016,0.05526,0.89984
crops/714_5.jpg,714,714_jpg.rf.50b33f85f286317ead0fff46c6351f8e.jpg,,5,0,advanced,mild,0.8015,0.0037,0.80147,0.07594,0.11889
crops/714_6.jpg,714,714_jpg.rf.50b33f85f286317ead0fff46c6351f8e.jpg,,5,0,advanced,advanced,0.6575,0.00325,0.01979,0.31943,0.65754
crops/714_7.jpg,714,714_jpg.rf.50b33f85f286317ead0fff46c6351f8e.jpg,,3,0,moderate,advanced,0.7072,0.00776,0.14272,0.14235,0.70717
crops/714_8.jpg,714,714_jpg.rf.50b33f85f286317ead0fff46c6351f8e.jpg,,3,0,moderate,no_caries,0.8569,0.85694,0.02956,0.0508,0.0627
crops/714_9.jpg,714,714_jpg.rf.50b33f85f286317ead0fff46c6351f8e.jpg,,3,0,moderate,mild,0.6051,0.30229,0.60512,0.07059,0.02199
crops/722_0.jpg,722,722_jpg.rf.1aa162defbaa7fb7c5ece6bafcbfcf24.jpg,,3,0,moderate,mild,0.3459,0.32153,0.34592,0.06034,0.27221
crops/722_1.jpg,722,722_jpg.rf.1aa162defbaa7fb7c5ece6bafcbfcf24.jpg,,5,0,advanced,moderate,0.9519,0.00819,0.01901,0.95189,0.02091
crops/722_2.jpg,722,722_jpg.rf.1aa162defbaa7fb7c5ece6bafcbfcf24.jpg,,2,0,mild,advanced,0.4628,0.10767,0.1103,0.31918,0.46284
crops/722_3.jpg,722,722_jpg.rf.1aa162defbaa7fb7c5ece6bafcbfcf24.jpg,,6,0,advanced,advanced,0.9513,0.00609,0.00648,0.03616,0.95127
crops/722_4.jpg,722,722_jpg.rf.1aa162defbaa7fb7c5ece6bafcbfcf24.jpg,,2,0,mild,advanced,0.5937,0.02012,0.25252,0.13364,0.59372
crops/722_5.jpg,722,722_jpg.rf.1aa162defbaa7fb7c5ece6bafcbfcf24.jpg,,1,0,mild,no_caries,0.7974,0.79744,0.09061,0.05816,0.05379
crops/722_6.jpg,722,722_jpg.rf.1aa162defbaa7fb7c5ece6bafcbfcf24.jpg,,1,0,mild,advanced,0.3653,0.34023,0.24273,0.05171,0.36533
crops/722_7.jpg,722,722_jpg.rf.1aa162defbaa7fb7c5ece6bafcbfcf24.jpg,,3,0,moderate,moderate,0.7443,0.04783,0.17096,0.74427,0.03695
crops/722_8.jpg,722,722_jpg.rf.1aa162defbaa7fb7c5ece6bafcbfcf24.jpg,,2,0,mild,moderate,0.6996,0.15081,0.14274,0.69955,0.00689
crops/722_9.jpg,722,722_jpg.rf.1aa162defbaa7fb7c5ece6bafcbfcf24.jpg,,2,0,mild,moderate,0.9834,0.00034,0.00429,0.9834,0.01197
crops/722_10.jpg,722,722_jpg.rf.1aa162defbaa7fb7c5ece6bafcbfcf24.jpg,,3,0,moderate,advanced,0.9792,0.00626,0.00669,0.00784,0.97922
crops/722_11.jpg,722,722_jpg.rf.1aa162defbaa7fb7c5ece6bafcbfcf24.jpg,,3,0,moderate,advanced,0.6856,0.00235,0.00585,0.30618,0.68561
crops/722_12.jpg,722,722_jpg.rf.1aa162defbaa7fb7c5ece6bafcbfcf24.jpg,,2,0,mild,advanced,0.9584,0.00126,0.02436,0.01599,0.95839
crops/722_13.jpg,722,722_jpg.rf.1aa162defbaa7fb7c5ece6bafcbfcf24.jpg,,2,0,mild,moderate,0.6619,0.01988,0.23649,0.66195,0.08167
crops/722_14.jpg,722,722_jpg.rf.1aa162defbaa7fb7c5ece6bafcbfcf24.jpg,,1,0,mild,mild,0.6697,0.23596,0.66966,0.04102,0.05336
crops/722_15.jpg,722,722_jpg.rf.1aa162defbaa7fb7c5ece6bafcbfcf24.jpg,,1,0,mild,mild,0.5633,0.35849,0.56328,0.02519,0.05304
crops/724_0.jpg,724,724_jpg.rf.e2761266e45bbab4a0a78751a3a37562.jpg,,5,0,advanced,advanced,0.9129,0.00641,0.01042,0.0703,0.91287
crops/724_1.jpg,724,724_jpg.rf.e2761266e45bbab4a0a78751a3a37562.jpg,,3,0,moderate,mild,0.3887,0.33166,0.38873,0.24051,0.0391
crops/724_2.jpg,724,724_jpg.rf.e2761266e45bbab4a0a78751a3a37562.jpg,,1,0,mild,no_caries,0.525,0.52498,0.35141,0.05985,0.06375
crops/724_3.jpg,724,724_jpg.rf.e2761266e45bbab4a0a78751a3a37562.jpg,,0,0,no_caries,no_caries,0.6991,0.69911,0.16171,0.11117,0.02801
crops/724_4.jpg,724,724_jpg.rf.e2761266e45bbab4a0a78751a3a37562.jpg,,0,0,no_caries,no_caries,0.8488,0.84877,0.04321,0.07759,0.03043
crops/724_5.jpg,724,724_jpg.rf.e2761266e45bbab4a0a78751a3a37562.jpg,,0,0,no_caries,moderate,0.804,0.16561,0.01426,0.80396,0.01617
crops/731_0.jpg,731,731_jpg.rf.42f6eab16aecf7bbce289d6e1bdb205f.jpg,,5,0,advanced,advanced,0.966,0.00621,0.00761,0.02017,0.96601
crops/731_1.jpg,731,731_jpg.rf.42f6eab16aecf7bbce289d6e1bdb205f.jpg,,5,0,advanced,advanced,0.9452,0.01071,0.00632,0.03776,0.94521
crops/731_2.jpg,731,731_jpg.rf.42f6eab16aecf7bbce289d6e1bdb205f.jpg,,0,0,no_caries,no_caries,0.4824,0.48244,0.22934,0.17655,0.11166
crops/731_3.jpg,731,731_jpg.rf.42f6eab16aecf7bbce289d6e1bdb205f.jpg,,0,0,no_caries,no_caries,0.6685,0.66851,0.21338,0.09179,0.02633
crops/731_4.jpg,731,731_jpg.rf.42f6eab16aecf7bbce289d6e1bdb205f.jpg,,0,0,no_caries,mild,0.5018,0.38667,0.50179,0.06294,0.0486
crops/731_5.jpg,731,731_jpg.rf.42f6eab16aecf7bbce289d6e1bdb205f.jpg,,0,0,no_caries,no_caries,0.6465,0.64649,0.23682,0.09305,0.02364
crops/73_jpeg_0.jpg,73_jpeg,73_jpeg_jpg.rf.0b0c2aa546f30adf87ebe5ab53651b81.jpg,,5,0,advanced,advanced,0.6939,0.02363,0.10496,0.17747,0.69395
crops/73_jpeg_1.jpg,73_jpeg,73_jpeg_jpg.rf.0b0c2aa546f30adf87ebe5ab53651b81.jpg,,5,0,advanced,advanced,0.9848,0.005,0.00498,0.00522,0.9848
crops/73_jpeg_2.jpg,73_jpeg,73_jpeg_jpg.rf.0b0c2aa546f30adf87ebe5ab53651b81.jpg,,5,0,advanced,advanced,0.5607,0.03229,0.11394,0.29304,0.56073
crops/73_jpeg_3.jpg,73_jpeg,73_jpeg_jpg.rf.0b0c2aa546f30adf87ebe5ab53651b81.jpg,,0,0,no_caries,mild,0.7576,0.05718,0.75758,0.11166,0.07357
crops/73_jpeg_4.jpg,73_jpeg,73_jpeg_jpg.rf.0b0c2aa546f30adf87ebe5ab53651b81.jpg,,0,0,no_caries,no_caries,0.4896,0.48961,0.40779,0.04674,0.05587
crops/73_jpeg_5.jpg,73_jpeg,73_jpeg_jpg.rf.0b0c2aa546f30adf87ebe5ab53651b81.jpg,,0,0,no_caries,mild,0.6038,0.31759,0.60384,0.05314,0.02543
crops/73_jpeg_6.jpg,73_jpeg,73_jpeg_jpg.rf.0b0c2aa546f30adf87ebe5ab53651b81.jpg,,0,0,no_caries,no_caries,0.5485,0.54845,0.35893,0.06405,0.02857
crops/73_jpeg_7.jpg,73_jpeg,73_jpeg_jpg.rf.0b0c2aa546f30adf87ebe5ab53651b81.jpg,,0,0,no_caries,no_caries,0.6618,0.66179,0.16806,0.1298,0.04035
crops/73_jpeg_8.jpg,73_jpeg,73_jpeg_jpg.rf.0b0c2aa546f30adf87ebe5ab53651b81.jpg,,0,0,no_caries,no_caries,0.7968,0.79683,0.08024,0.08409,0.03884
crops/73_jpeg_9.jpg,73_jpeg,73_jpeg_jpg.rf.0b0c2aa546f30adf87ebe5ab53651b81.jpg,,0,0,no_caries,no_caries,0.6785,0.67852,0.20939,0.0447,0.06739
crops/73_jpeg_10.jpg,73_jpeg,73_jpeg_jpg.rf.0b0c2aa546f30adf87ebe5ab53651b81.jpg,,0,0,no_caries,no_caries,0.4818,0.48182,0.37934,0.08092,0.05792
crops/73_jpeg_11.jpg,73_jpeg,73_jpeg_jpg.rf.0b0c2aa546f30adf87ebe5ab53651b81.jpg,,3,0,moderate,mild,0.7198,0.09289,0.71977,0.16926,0.01808
crops/73_jpeg_12.jpg,73_jpeg,73_jpeg_jpg.rf.0b0c2aa546f30adf87ebe5ab53651b81.jpg,,3,0,moderate,moderate,0.9176,0.01635,0.06083,0.91764,0.00518
crops/73_jpeg_13.jpg,73_jpeg,73_jpeg_jpg.rf.0b0c2aa546f30adf87ebe5ab53651b81.jpg,,6,0,advanced,advanced,0.9704,0.00694,0.01147,0.01122,0.97037
crops/73_jpeg_14.jpg,73_jpeg,73_jpeg_jpg.rf.0b0c2aa546f30adf87ebe5ab53651b81.jpg,,5,0,advanced,advanced,0.8342,0.0041,0.01094,0.15074,0.83422
crops/7f23bc3a-112_0.jpg,7f23bc3a-112,7f23bc3a-112_jpg.rf.c6cad2688d16e69dc37b1d2c1d6814f6.jpg,,0,0,no_caries,no_caries,0.8399,0.83985,0.06846,0.03223,0.05945
crops/7f23bc3a-112_1.jpg,7f23bc3a-112,7f23bc3a-112_jpg.rf.c6cad2688d16e69dc37b1d2c1d6814f6.jpg,,0,0,no_caries,no_caries,0.8547,0.85474,0.04287,0.06511,0.03729
crops/7f23bc3a-112_2.jpg,7f23bc3a-112,7f23bc3a-112_jpg.rf.c6cad2688d16e69dc37b1d2c1d6814f6.jpg,,0,0,no_caries,no_caries,0.4407,0.44067,0.36479,0.16281,0.03172
crops/7f23bc3a-112_3.jpg,7f23bc3a-112,7f23bc3a-112_jpg.rf.c6cad2688d16e69dc37b1d2c1d6814f6.jpg,,0,0,no_caries,mild,0.5817,0.20689,0.58166,0.15666,0.05479
crops/7f23bc3a-112_4.jpg,7f23bc3a-112,7f23bc3a-112_jpg.rf.c6cad2688d16e69dc37b1d2c1d6814f6.jpg,,2,0,mild,mild,0.9922,0.0021,0.99218,0.00277,0.00296
crops/7f23bc3a-112_5.jpg,7f23bc3a-112,7f23bc3a-112_jpg.rf.c6cad2688d16e69dc37b1d2c1d6814f6.jpg,,2,0,mild,mild,0.8744,0.0887,0.87437,0.01569,0.02124
crops/7f23bc3a-112_6.jpg,7f23bc3a-112,7f23bc3a-112_jpg.rf.c6cad2688d16e69dc37b1d2c1d6814f6.jpg,,2,0,mild,mild,0.528,0.27529,0.52799,0.13351,0.06321
crops/7f23bc3a-112_7.jpg,7f23bc3a-112,7f23bc3a-112_jpg.rf.c6cad2688d16e69dc37b1d2c1d6814f6.jpg,,5,0,advanced,advanced,0.8998,0.00354,0.00665,0.09,0.89981
crops/7f23bc3a-112_8.jpg,7f23bc3a-112,7f23bc3a-112_jpg.rf.c6cad2688d16e69dc37b1d2c1d6814f6.jpg,,0,0,no_caries,no_caries,0.4744,0.47439,0.34247,0.1438,0.03934
crops/7f23bc3a-112_9.jpg,7f23bc3a-112,7f23bc3a-112_jpg.rf.c6cad2688d16e69dc37b1d2c1d6814f6.jpg,,0,0,no_caries,no_caries,0.5803,0.58033,0.23867,0.13739,0.0436
crops/7f23bc3a-112_10.jpg,7f23bc3a-112,7f23bc3a-112_jpg.rf.c6cad2688d16e69dc37b1d2c1d6814f6.jpg,,0,0,no_caries,no_caries,0.5166,0.51662,0.25708,0.18811,0.03819
crops/7f23bc3a-112_11.jpg,7f23bc3a-112,7f23bc3a-112_jpg.rf.c6cad2688d16e69dc37b1d2c1d6814f6.jpg,,0,0,no_caries,no_caries,0.5112,0.51117,0.2316,0.19024,0.06699
crops/7f23bc3a-112_12.jpg,7f23bc3a-112,7f23bc3a-112_jpg.rf.c6cad2688d16e69dc37b1d2c1d6814f6.jpg,,0,0,no_caries,no_caries,0.7749,0.77493,0.07124,0.10065,0.05318
crops/7f23bc3a-112_13.jpg,7f23bc3a-112,7f23bc3a-112_jpg.rf.c6cad2688d16e69dc37b1d2c1d6814f6.jpg,,0,0,no_caries,no_caries,0.6233,0.62328,0.19382,0.05777,0.12512
crops/7f23bc3a-112_14.jpg,7f23bc3a-112,7f23bc3a-112_jpg.rf.c6cad2688d16e69dc37b1d2c1d6814f6.jpg,,0,0,no_caries,no_caries,0.4686,0.46859,0.38786,0.09288,0.05068
crops/7f23bc3a-112_15.jpg,7f23bc3a-112,7f23bc3a-112_jpg.rf.c6cad2688d16e69dc37b1d2c1d6814f6.jpg,,0,0,no_caries,mild,0.5267,0.36576,0.52668,0.01283,0.09474
crops/7f23bc3a-112_16.jpg,7f23bc3a-112,7f23bc3a-112_jpg.rf.c6cad2688d16e69dc37b1d2c1d6814f6.jpg,,0,0,no_caries,no_caries,0.7414,0.74144,0.12589,0.03677,0.09589
crops/7f23bc3a-112_17.jpg,7f23bc3a-112,7f23bc3a-112_jpg.rf.c6cad2688d16e69dc37b1d2c1d6814f6.jpg,,0,0,no_caries,no_caries,0.8315,0.83155,0.0942,0.02208,0.05217
crops/7f23bc3a-112_18.jpg,7f23bc3a-112,7f23bc3a-112_jpg.rf.c6cad2688d16e69dc37b1d2c1d6814f6.jpg,,0,0,no_caries,no_caries,0.7445,0.74448,0.11213,0.05503,0.08836
crops/7f23bc3a-112_19.jpg,7f23bc3a-112,7f23bc3a-112_jpg.rf.c6cad2688d16e69dc37b1d2c1d6814f6.jpg,,0,0,no_caries,no_caries,0.7853,0.78534,0.14849,0.02706,0.03911
crops/7f23bc3a-112_20.jpg,7f23bc3a-112,7f23bc3a-112_jpg.rf.c6cad2688d16e69dc37b1d2c1d6814f6.jpg,,0,0,no_caries,mild,0.5168,0.45472,0.51683,0.00576,0.02269
crops/7f23bc3a-112_21.jpg,7f23bc3a-112,7f23bc3a-112_jpg.rf.c6cad2688d16e69dc37b1d2c1d6814f6.jpg,,0,0,no_caries,no_caries,0.6499,0.64989,0.24795,0.04045,0.0617
crops/7f23bc3a-112_22.jpg,7f23bc3a-112,7f23bc3a-112_jpg.rf.c6cad2688d16e69dc37b1d2c1d6814f6.jpg,,0,0,no_caries,no_caries,0.6664,0.66639,0.16048,0.09162,0.0815
crops/7f23bc3a-112_23.jpg,7f23bc3a-112,7f23bc3a-112_jpg.rf.c6cad2688d16e69dc37b1d2c1d6814f6.jpg,,0,0,no_caries,no_caries,0.8484,0.84839,0.06564,0.02852,0.05745
crops/7f23bc3a-112_24.jpg,7f23bc3a-112,7f23bc3a-112_jpg.rf.c6cad2688d16e69dc37b1d2c1d6814f6.jpg,,0,0,no_caries,no_caries,0.7319,0.73187,0.09894,0.13851,0.03068
crops/837_0.jpg,837,837_jpg.rf.b190cc90d831f2b35d9f8a1d974f5d40.jpg,,0,0,no_caries,mild,0.5767,0.33407,0.57669,0.03948,0.04976
crops/837_1.jpg,837,837_jpg.rf.b190cc90d831f2b35d9f8a1d974f5d40.jpg,,5,0,advanced,advanced,0.9508,0.00148,0.00108,0.04662,0.95082
crops/837_2.jpg,837,837_jpg.rf.b190cc90d831f2b35d9f8a1d974f5d40.jpg,,0,0,no_caries,advanced,0.8824,0.04545,0.02455,0.04765,0.88235
crops/837_3.jpg,837,837_jpg.rf.b190cc90d831f2b35d9f8a1d974f5d40.jpg,,0,0,no_caries,no_caries,0.5171,0.51709,0.26042,0.10575,0.11674
crops/837_4.jpg,837,837_jpg.rf.b190cc90d831f2b35d9f8a1d974f5d40.jpg,,0,0,no_caries,no_caries,0.5659,0.56591,0.35117,0.01799,0.06493
crops/847_0.jpg,847,847_jpg.rf.db4d005aab6c1c3ec9cb486b41451848.jpg,,3,0,moderate,moderate,0.5283,0.05768,0.39768,0.52834,0.0163
crops/847_1.jpg,847,847_jpg.rf.db4d005aab6c1c3ec9cb486b41451848.jpg,,5,0,advanced,advanced,0.9107,0.00677,0.0093,0.07321,0.91072
crops/847_2.jpg,847,847_jpg.rf.db4d005aab6c1c3ec9cb486b41451848.jpg,,0,0,no_caries,no_caries,0.7309,0.73093,0.17255,0.0845,0.01202
crops/847_3.jpg,847,847_jpg.rf.db4d005aab6c1c3ec9cb486b41451848.jpg,,0,0,no_caries,no_caries,0.5163,0.51633,0.27644,0.16294,0.0443
crops/847_4.jpg,847,847_jpg.rf.db4d005aab6c1c3ec9cb486b41451848.jpg,,0,0,no_caries,no_caries,0.7341,0.73411,0.07093,0.1569,0.03806
crops/847_5.jpg,847,847_jpg.rf.db4d005aab6c1c3ec9cb486b41451848.jpg,,0,0,no_caries,no_caries,0.8077,0.80774,0.03554,0.08519,0.07153
crops/847_6.jpg,847,847_jpg.rf.db4d005aab6c1c3ec9cb486b41451848.jpg,,0,0,no_caries,mild,0.5872,0.32539,0.58718,0.03311,0.05432
crops/847_7.jpg,847,847_jpg.rf.db4d005aab6c1c3ec9cb486b41451848.jpg,,0,0,no_caries,no_caries,0.7186,0.71865,0.14055,0.08577,0.05503
crops/847_8.jpg,847,847_jpg.rf.db4d005aab6c1c3ec9cb486b41451848.jpg,,0,0,no_caries,no_caries,0.564,0.56404,0.109,0.29858,0.02838
crops/847_9.jpg,847,847_jpg.rf.db4d005aab6c1c3ec9cb486b41451848.jpg,,0,0,no_caries,no_caries,0.5535,0.55349,0.08404,0.3354,0.02707
crops/847_10.jpg,847,847_jpg.rf.db4d005aab6c1c3ec9cb486b41451848.jpg,,0,0,no_caries,no_caries,0.756,0.75598,0.08008,0.11643,0.0475
crops/847_11.jpg,847,847_jpg.rf.db4d005aab6c1c3ec9cb486b41451848.jpg,,0,0,no_caries,no_caries,0.6901,0.69013,0.09118,0.15807,0.06062
crops/847_12.jpg,847,847_jpg.rf.db4d005aab6c1c3ec9cb486b41451848.jpg,,0,0,no_caries,no_caries,0.6968,0.69677,0.12476,0.09739,0.08109
crops/895_0.jpg,895,895_jpg.rf.3e22e2cb2cbd8104240f6f86cdd880a9.jpg,,0,0,no_caries,no_caries,0.4302,0.43018,0.35651,0.13462,0.0787
crops/895_1.jpg,895,895_jpg.rf.3e22e2cb2cbd8104240f6f86cdd880a9.jpg,,0,0,no_caries,mild,0.6472,0.28881,0.6472,0.03485,0.02914
crops/895_2.jpg,895,895_jpg.rf.3e22e2cb2cbd8104240f6f86cdd880a9.jpg,,5,0,advanced,advanced,0.9725,0.00241,0.00386,0.02121,0.97252
crops/895_3.jpg,895,895_jpg.rf.3e22e2cb2cbd8104240f6f86cdd880a9.jpg,,5,0,advanced,advanced,0.991,0.00034,0.00257,0.00607,0.99102
crops/895_4.jpg,895,895_jpg.rf.3e22e2cb2cbd8104240f6f86cdd880a9.jpg,,0,0,no_caries,no_caries,0.5044,0.5044,0.34213,0.1457,0.00777
crops/895_5.jpg,895,895_jpg.rf.3e22e2cb2cbd8104240f6f86cdd880a9.jpg,,0,0,no_caries,no_caries,0.7797,0.77966,0.13073,0.03147,0.05814
crops/895_6.jpg,895,895_jpg.rf.3e22e2cb2cbd8104240f6f86cdd880a9.jpg,,0,0,no_caries,no_caries,0.8221,0.82212,0.04146,0.06411,0.0723
crops/895_7.jpg,895,895_jpg.rf.3e22e2cb2cbd8104240f6f86cdd880a9.jpg,,0,0,no_caries,mild,0.4776,0.43686,0.47759,0.04397,0.04158
crops/895_8.jpg,895,895_jpg.rf.3e22e2cb2cbd8104240f6f86cdd880a9.jpg,,0,0,no_caries,mild,0.9376,0.0265,0.93764,0.01113,0.02473
crops/895_9.jpg,895,895_jpg.rf.3e22e2cb2cbd8104240f6f86cdd880a9.jpg,,0,0,no_caries,mild,0.7492,0.16554,0.74921,0.04799,0.03727
crops/895_10.jpg,895,895_jpg.rf.3e22e2cb2cbd8104240f6f86cdd880a9.jpg,,0,0,no_caries,no_caries,0.663,0.663,0.22867,0.0803,0.02803
crops/895_11.jpg,895,895_jpg.rf.3e22e2cb2cbd8104240f6f86cdd880a9.jpg,,0,0,no_caries,no_caries,0.457,0.45704,0.23697,0.29641,0.00958
crops/895_12.jpg,895,895_jpg.rf.3e22e2cb2cbd8104240f6f86cdd880a9.jpg,,0,0,no_caries,no_caries,0.6443,0.64432,0.24803,0.08241,0.02525
crops/906_0.jpg,906,906_jpg.rf.3a902d8d2df6f0f300a9b70ec7f68a14.jpg,,0,0,no_caries,no_caries,0.7649,0.76488,0.09063,0.06973,0.07475
crops/906_1.jpg,906,906_jpg.rf.3a902d8d2df6f0f300a9b70ec7f68a14.jpg,,0,0,no_caries,no_caries,0.7925,0.79248,0.06859,0.0396,0.09932
crops/906_2.jpg,906,906_jpg.rf.3a902d8d2df6f0f300a9b70ec7f68a14.jpg,,0,0,no_caries,no_caries,0.8309,0.83087,0.10156,0.02929,0.03828
crops/906_3.jpg,906,906_jpg.rf.3a902d8d2df6f0f300a9b70ec7f68a14.jpg,,0,0,no_caries,no_caries,0.8155,0.81549,0.11359,0.01989,0.05103
crops/906_4.jpg,906,906_jpg.rf.3a902d8d2df6f0f300a9b70ec7f68a14.jpg,,0,0,no_caries,mild,0.5763,0.3216,0.57627,0.03866,0.06347
crops/906_5.jpg,906,906_jpg.rf.3a902d8d2df6f0f300a9b70ec7f68a14.jpg,,0,0,no_caries,no_caries,0.6636,0.66365,0.21951,0.04776,0.06908
crops/906_6.jpg,906,906_jpg.rf.3a902d8d2df6f0f300a9b70ec7f68a14.jpg,,3,0,moderate,moderate,0.9937,0.00186,0.00148,0.99369,0.00297
crops/906_7.jpg,906,906_jpg.rf.3a902d8d2df6f0f300a9b70ec7f68a14.jpg,,0,0,no_caries,no_caries,0.711,0.711,0.12066,0.12875,0.03959
crops/906_8.jpg,906,906_jpg.rf.3a902d8d2df6f0f300a9b70ec7f68a14.jpg,,0,0,no_caries,no_caries,0.8862,0.88619,0.04617,0.02995,0.03769
crops/906_9.jpg,906,906_jpg.rf.3a902d8d2df6f0f300a9b70ec7f68a14.jpg,,0,0,no_caries,no_caries,0.8342,0.83422,0.06928,0.03541,0.06109
crops/906_10.jpg,906,906_jpg.rf.3a902d8d2df6f0f300a9b70ec7f68a14.jpg,,0,0,no_caries,no_caries,0.7757,0.77571,0.07283,0.02129,0.13017
crops/91_0.jpg,91,91_jpg.rf.3ddd286f399b6d5b06a7824873c87841.jpg,,4,0,moderate,mild,0.519,0.37454,0.51901,0.03407,0.07238
crops/91_1.jpg,91,91_jpg.rf.3ddd286f399b6d5b06a7824873c87841.jpg,,1,0,mild,moderate,0.3756,0.29294,0.20863,0.37563,0.1228
crops/91_2.jpg,91,91_jpg.rf.3ddd286f399b6d5b06a7824873c87841.jpg,,2,0,mild,mild,0.5275,0.35983,0.52746,0.09236,0.02035
crops/91_3.jpg,91,91_jpg.rf.3ddd286f399b6d5b06a7824873c87841.jpg,,0,0,no_caries,mild,0.5346,0.30799,0.53462,0.11557,0.04182
crops/91_4.jpg,91,91_jpg.rf.3ddd286f399b6d5b06a7824873c87841.jpg,,2,0,mild,mild,0.8391,0.01841,0.83908,0.13508,0.00743
crops/91_5.jpg,91,91_jpg.rf.3ddd286f399b6d5b06a7824873c87841.jpg,,2,0,mild,mild,0.9294,0.0277,0.92935,0.02186,0.02108
crops/91_6.jpg,91,91_jpg.rf.3ddd286f399b6d5b06a7824873c87841.jpg,,0,0,no_caries,mild,0.6233,0.30035,0.62331,0.06883,0.00751
crops/91_7.jpg,91,91_jpg.rf.3ddd286f399b6d5b06a7824873c87841.jpg,,0,0,no_caries,no_caries,0.5864,0.58638,0.37427,0.02709,0.01225
crops/91_8.jpg,91,91_jpg.rf.3ddd286f399b6d5b06a7824873c87841.jpg,,0,0,no_caries,no_caries,0.5729,0.57289,0.19349,0.16626,0.06737
crops/91_9.jpg,91,91_jpg.rf.3ddd286f399b6d5b06a7824873c87841.jpg,,2,0,mild,mild,0.6259,0.252,0.62589,0.09091,0.0312
crops/91_10.jpg,91,91_jpg.rf.3ddd286f399b6d5b06a7824873c87841.jpg,,1,0,mild,no_caries,0.6144,0.61436,0.23842,0.06397,0.08325
crops/91_11.jpg,91,91_jpg.rf.3ddd286f399b6d5b06a7824873c87841.jpg,,1,0,mild,mild,0.4442,0.35261,0.44418,0.17565,0.02755
crops/91_12.jpg,91,91_jpg.rf.3ddd286f399b6d5b06a7824873c87841.jpg,,1,0,mild,mild,0.4689,0.43217,0.46893,0.0601,0.03879
crops/91_13.jpg,91,91_jpg.rf.3ddd286f399b6d5b06a7824873c87841.jpg,,1,0,mild,mild,0.4558,0.38304,0.45577,0.11799,0.0432
crops/91_14.jpg,91,91_jpg.rf.3ddd286f399b6d5b06a7824873c87841.jpg,,0,0,no_caries,no_caries,0.6206,0.62057,0.22605,0.09543,0.05795
crops/91_15.jpg,91,91_jpg.rf.3ddd286f399b6d5b06a7824873c87841.jpg,,0,0,no_caries,no_caries,0.5528,0.55283,0.38655,0.01954,0.04109
crops/91_16.jpg,91,91_jpg.rf.3ddd286f399b6d5b06a7824873c87841.jpg,,0,0,no_caries,no_caries,0.5983,0.59827,0.37012,0.01071,0.0209
crops/91_17.jpg,91,91_jpg.rf.3ddd286f399b6d5b06a7824873c87841.jpg,,0,0,no_caries,no_caries,0.6361,0.63609,0.23635,0.07736,0.0502
crops/91_18.jpg,91,91_jpg.rf.3ddd286f399b6d5b06a7824873c87841.jpg,,0,0,no_caries,no_caries,0.7873,0.78726,0.08887,0.06289,0.06098
crops/91_19.jpg,91,91_jpg.rf.3ddd286f399b6d5b06a7824873c87841.jpg,,0,0,no_caries,no_caries,0.6998,0.69981,0.23406,0.02135,0.04478
crops/91_20.jpg,91,91_jpg.rf.3ddd286f399b6d5b06a7824873c87841.jpg,,0,0,no_caries,mild,0.6079,0.30279,0.60793,0.01415,0.07512
crops/91_21.jpg,91,91_jpg.rf.3ddd286f399b6d5b06a7824873c87841.jpg,,5,0,advanced,moderate,0.6862,0.00242,0.0319,0.68622,0.27946
crops/91_22.jpg,91,91_jpg.rf.3ddd286f399b6d5b06a7824873c87841.jpg,,0,0,no_caries,no_caries,0.4418,0.44184,0.36427,0.12683,0.06706
crops/hibogi_ai_00040_0.jpg,hibogi_ai_00040,HIBOGI_AI_00040_jpg.rf.0f9cc16f8b98a98d0f01ce9a8009c409.jpg,,0,0,no_caries,mild,0.5834,0.14576,0.58344,0.18151,0.08929
crops/hibogi_ai_00040_1.jpg,hibogi_ai_00040,HIBOGI_AI_00040_jpg.rf.0f9cc16f8b98a98d0f01ce9a8009c409.jpg,,5,0,advanced,advanced,0.8884,0.0164,0.02158,0.07366,0.88836
crops/hibogi_ai_00040_2.jpg,hibogi_ai_00040,HIBOGI_AI_00040_jpg.rf.0f9cc16f8b98a98d0f01ce9a8009c409.jpg,,0,0,no_caries,no_caries,0.907,0.907,0.03567,0.01971,0.03763
crops/hibogi_ai_00040_3.jpg,hibogi_ai_00040,HIBOGI_AI_00040_jpg.rf.0f9cc16f8b98a98d0f01ce9a8009c409.jpg,,0,0,no_caries,no_caries,0.9023,0.90233,0.02924,0.03042,0.03802
crops/hibogi_ai_00040_4.jpg,hibogi_ai_00040,HIBOGI_AI_00040_jpg.rf.0f9cc16f8b98a98d0f01ce9a8009c409.jpg,,0,0,no_caries,no_caries,0.6919,0.69193,0.20036,0.05055,0.05716
crops/hibogi_ai_00040_5.jpg,hibogi_ai_00040,HIBOGI_AI_00040_jpg.rf.0f9cc16f8b98a98d0f01ce9a8009c409.jpg,,6,0,advanced,moderate,0.7572,0.0078,0.11924,0.75724,0.11573
crops/hibogi_ai_00040_6.jpg,hibogi_ai_00040,HIBOGI_AI_00040_jpg.rf.0f9cc16f8b98a98d0f01ce9a8009c409.jpg,,0,0,no_caries,no_caries,0.8082,0.80822,0.12874,0.0307,0.03234
crops/hibogi_ai_00040_7.jpg,hibogi_ai_00040,HIBOGI_AI_00040_jpg.rf.0f9cc16f8b98a98d0f01ce9a8009c409.jpg,,0,0,no_caries,no_caries,0.8162,0.81621,0.10063,0.03946,0.04369
crops/hibogi_ai_00040_8.jpg,hibogi_ai_00040,HIBOGI_AI_00040_jpg.rf.0f9cc16f8b98a98d0f01ce9a8009c409.jpg,,0,0,no_caries,no_caries,0.7065,0.70646,0.14719,0.08311,0.06324
crops/hibogi_ai_00040_9.jpg,hibogi_ai_00040,HIBOGI_AI_00040_jpg.rf.0f9cc16f8b98a98d0f01ce9a8009c409.jpg,,0,0,no_caries,no_caries,0.8265,0.82651,0.04068,0.06835,0.06445
crops/hibogi_ai_00040_10.jpg,hibogi_ai_00040,HIBOGI_AI_00040_jpg.rf.0f9cc16f8b98a98d0f01ce9a8009c409.jpg,,5,0,advanced,advanced,0.8792,0.0209,0.00778,0.0921,0.87921
crops/hibogi_ai_00040_11.jpg,hibogi_ai_00040,HIBOGI_AI_00040_jpg.rf.0f9cc16f8b98a98d0f01ce9a8009c409.jpg,,6,0,advanced,advanced,0.937,0.01275,0.01989,0.03035,0.93701
crops/hibogi_ai_00040_12.jpg,hibogi_ai_00040,HIBOGI_AI_00040_jpg.rf.0f9cc16f8b98a98d0f01ce9a8009c409.jpg,,5,0,advanced,no_caries,0.6832,0.68316,0.16224,0.03846,0.11614
crops/hibogi_ai_00040_13.jpg,hibogi_ai_00040,HIBOGI_AI_00040_jpg.rf.0f9cc16f8b98a98d0f01ce9a8009c409.jpg,,0,0,no_caries,no_caries,0.8141,0.81409,0.10805,0.04566,0.0322
crops/hibogi_ai_00040_14.jpg,hibogi_ai_00040,HIBOGI_AI_00040_jpg.rf.0f9cc16f8b98a98d0f01ce9a8009c409.jpg,,5,0,advanced,advanced,0.3801,0.22708,0.23059,0.16222,0.38012
crops/hibogi_ai_00040_15.jpg,hibogi_ai_00040,HIBOGI_AI_00040_jpg.rf.0f9cc16f8b98a98d0f01ce9a8009c409.jpg,,0,0,no_caries,no_caries,0.6171,0.61708,0.23816,0.12517,0.01959
crops/hibogi_ai_00082_0.jpg,hibogi_ai_00082,HIBOGI_AI_00082_jpg.rf.d974bcf6b8add81cec002c6f6ee6e72c.jpg,,0,0,no_caries,no_caries,0.6965,0.69651,0.12368,0.02964,0.15018
crops/hibogi_ai_00082_1.jpg,hibogi_ai_00082,HIBOGI_AI_00082_jpg.rf.d974bcf6b8add81cec002c6f6ee6e72c.jpg,,0,0,no_caries,no_caries,0.6769,0.67693,0.20768,0.0377,0.07769
crops/hibogi_ai_00082_2.jpg,hibogi_ai_00082,HIBOGI_AI_00082_jpg.rf.d974bcf6b8add81cec002c6f6ee6e72c.jpg,,0,0,no_caries,no_caries,0.7909,0.79086,0.10821,0.06341,0.03751
crops/hibogi_ai_00082_3.jpg,hibogi_ai_00082,HIBOGI_AI_00082_jpg.rf.d974bcf6b8add81cec002c6f6ee6e72c.jpg,,0,0,no_caries,no_caries,0.6761,0.67606,0.18569,0.09506,0.04319
crops/hibogi_ai_00082_4.jpg,hibogi_ai_00082,HIBOGI_AI_00082_jpg.rf.d974bcf6b8add81cec002c6f6ee6e72c.jpg,,0,0,no_caries,no_caries,0.7187,0.71873,0.13974,0.08142,0.06011
crops/hibogi_ai_00082_5.jpg,hibogi_ai_00082,HIBOGI_AI_00082_jpg.rf.d974bcf6b8add81cec002c6f6ee6e72c.jpg,,0,0,no_caries,no_caries,0.8023,0.80231,0.06024,0.05262,0.08484
crops/hibogi_ai_00082_6.jpg,hibogi_ai_00082,HIBOGI_AI_00082_jpg.rf.d974bcf6b8add81cec002c6f6ee6e72c.jpg,,5,0,advanced,advanced,0.9754,0.00391,0.00858,0.01212,0.97539
crops/hibogi_ai_00082_7.jpg,hibogi_ai_00082,HIBOGI_AI_00082_jpg.rf.d974bcf6b8add81cec002c6f6ee6e72c.jpg,,0,0,no_caries,no_caries,0.7414,0.74139,0.15766,0.05289,0.04807
crops/hibogi_ai_00082_8.jpg,hibogi_ai_00082,HIBOGI_AI_00082_jpg.rf.d974bcf6b8add81cec002c6f6ee6e72c.jpg,,0,0,no_caries,no_caries,0.7794,0.77939,0.10119,0.04631,0.07312
crops/hibogi_ai_00082_9.jpg,hibogi_ai_00082,HIBOGI_AI_00082_jpg.rf.d974bcf6b8add81cec002c6f6ee6e72c.jpg,,0,0,no_caries,no_caries,0.8736,0.87361,0.03246,0.04243,0.05151
crops/hibogi_ai_00082_10.jpg,hibogi_ai_00082,HIBOGI_AI_00082_jpg.rf.d974bcf6b8add81cec002c6f6ee6e72c.jpg,,0,0,no_caries,no_caries,0.8537,0.85367,0.07683,0.03305,0.03645
crops/hibogi_ai_00109_png_0.jpg,hibogi_ai_00109_png,HIBOGI_AI_00109_png_jpg.rf.f05e19486e830463c919b55b7a16e1fa.jpg,,0,0,no_caries,mild,0.5158,0.35536,0.51579,0.07833,0.05052
crops/hibogi_ai_00109_png_1.jpg,hibogi_ai_00109_png,HIBOGI_AI_00109_png_jpg.rf.f05e19486e830463c919b55b7a16e1fa.jpg,,0,0,no_caries,no_caries,0.6292,0.62923,0.29818,0.0112,0.06139
crops/hibogi_ai_00109_png_2.jpg,hibogi_ai_00109_png,HIBOGI_AI_00109_png_jpg.rf.f05e19486e830463c919b55b7a16e1fa.jpg,,0,0,no_caries,no_caries,0.5894,0.58944,0.33596,0.0315,0.04309
crops/hibogi_ai_00109_png_3.jpg,hibogi_ai_00109_png,HIBOGI_AI_00109_png_jpg.rf.f05e19486e830463c919b55b7a16e1fa.jpg,,0,0,no_caries,no_caries,0.7069,0.70695,0.19142,0.05001,0.05163
crops/hibogi_ai_00109_png_4.jpg,hibogi_ai_00109_png,HIBOGI_AI_00109_png_jpg.rf.f05e19486e830463c919b55b7a16e1fa.jpg,,0,0,no_caries,no_caries,0.8213,0.82134,0.04779,0.06489,0.06598
crops/hibogi_ai_00109_png_5.jpg,hibogi_ai_00109_png,HIBOGI_AI_00109_png_jpg.rf.f05e19486e830463c919b55b7a16e1fa.jpg,,0,0,no_caries,no_caries,0.8319,0.8319,0.05356,0.06241,0.05213
crops/hibogi_ai_00109_png_6.jpg,hibogi_ai_00109_png,HIBOGI_AI_00109_png_jpg.rf.f05e19486e830463c919b55b7a16e1fa.jpg,,0,0,no_caries,no_caries,0.7442,0.74422,0.07747,0.11183,0.06648
crops/hibogi_ai_00109_png_7.jpg,hibogi_ai_00109_png,HIBOGI_AI_00109_png_jpg.rf.f05e19486e830463c919b55b7a16e1fa.jpg,,0,0,no_caries,no_caries,0.8058,0.80579,0.02543,0.13971,0.02907
crops/hibogi_ai_00109_png_8.jpg,hibogi_ai_00109_png,HIBOGI_AI_00109_png_jpg.rf.f05e19486e830463c919b55b7a16e1fa.jpg,,0,0,no_caries,no_caries,0.7511,0.75109,0.06034,0.1012,0.08738
crops/hibogi_ai_00109_png_9.jpg,hibogi_ai_00109_png,HIBOGI_AI_00109_png_jpg.rf.f05e19486e830463c919b55b7a16e1fa.jpg,,0,0,no_caries,no_caries,0.5619,0.56192,0.27006,0.1431,0.02491
crops/hibogi_ai_00120_0.jpg,hibogi_ai_00120,HIBOGI_AI_00120_jpg.rf.e5f317ccce6d5ec039e70a20ae089bb6.jpg,,5,0,advanced,advanced,0.9872,0.003,0.00339,0.00643,0.98718
crops/hibogi_ai_00120_1.jpg,hibogi_ai_00120,HIBOGI_AI_00120_jpg.rf.e5f317ccce6d5ec039e70a20ae089bb6.jpg,,5,0,advanced,advanced,0.9566,0.00341,0.02812,0.0119,0.95658
crops/hibogi_ai_00120_2.jpg,hibogi_ai_00120,HIBOGI_AI_00120_jpg.rf.e5f317ccce6d5ec039e70a20ae089bb6.jpg,,0,0,no_caries,no_caries,0.7903,0.79025,0.07209,0.07566,0.06199
crops/hibogi_ai_00120_3.jpg,hibogi_ai_00120,HIBOGI_AI_00120_jpg.rf.e5f317ccce6d5ec039e70a20ae089bb6.jpg,,0,0,no_caries,no_caries,0.7754,0.77545,0.04775,0.09284,0.08395
crops/hibogi_ai_00120_4.jpg,hibogi_ai_00120,HIBOGI_AI_00120_jpg.rf.e5f317ccce6d5ec039e70a20ae089bb6.jpg,,0,0,no_caries,no_caries,0.8412,0.84121,0.03752,0.06421,0.05706
crops/hibogi_ai_00120_5.jpg,hibogi_ai_00120,HIBOGI_AI_00120_jpg.rf.e5f317ccce6d5ec039e70a20ae089bb6.jpg,,0,0,no_caries,no_caries,0.4935,0.4935,0.39553,0.06224,0.04873
crops/hibogi_ai_00120_6.jpg,hibogi_ai_00120,HIBOGI_AI_00120_jpg.rf.e5f317ccce6d5ec039e70a20ae089bb6.jpg,,5,0,advanced,advanced,0.4018,0.26471,0.30368,0.02976,0.40185
crops/hibogi_ai_00120_7.jpg,hibogi_ai_00120,HIBOGI_AI_00120_jpg.rf.e5f317ccce6d5ec039e70a20ae089bb6.jpg,,1,0,mild,no_caries,0.3421,0.3421,0.33857,0.18571,0.13362
crops/hibogi_ai_00152_0.jpg,hibogi_ai_00152,HIBOGI_AI_00152_jpg.rf.0fc5aaa92b3e68e780721883db1d904e.jpg,,0,0,no_caries,no_caries,0.8275,0.82746,0.03012,0.08295,0.05947
crops/hibogi_ai_00152_1.jpg,hibogi_ai_00152,HIBOGI_AI_00152_jpg.rf.0fc5aaa92b3e68e780721883db1d904e.jpg,,0,0,no_caries,no_caries,0.7606,0.76063,0.12687,0.05277,0.05973
crops/hibogi_ai_00152_2.jpg,hibogi_ai_00152,HIBOGI_AI_00152_jpg.rf.0fc5aaa92b3e68e780721883db1d904e.jpg,,0,0,no_caries,no_caries,0.7889,0.78895,0.08763,0.05389,0.06953
crops/hibogi_ai_00152_3.jpg,hibogi_ai_00152,HIBOGI_AI_00152_jpg.rf.0fc5aaa92b3e68e780721883db1d904e.jpg,,0,0,no_caries,no_caries,0.8289,0.82888,0.0366,0.07798,0.05653
crops/hibogi_ai_00152_4.jpg,hibogi_ai_00152,HIBOGI_AI_00152_jpg.rf.0fc5aaa92b3e68e780721883db1d904e.jpg,,0,0,no_caries,no_caries,0.8424,0.84243,0.05393,0.05782,0.04581
crops/hibogi_ai_00152_5.jpg,hibogi_ai_00152,HIBOGI_AI_00152_jpg.rf.0fc5aaa92b3e68e780721883db1d904e.jpg,,0,0,no_caries,no_caries,0.7746,0.77464,0.06967,0.06016,0.09553
crops/hibogi_ai_00152_6.jpg,hibogi_ai_00152,HIBOGI_AI_00152_jpg.rf.0fc5aaa92b3e68e780721883db1d904e.jpg,,0,0,no_caries,no_caries,0.7209,0.72094,0.07131,0.12164,0.08611
crops/hibogi_ai_00152_7.jpg,hibogi_ai_00152,HIBOGI_AI_00152_jpg.rf.0fc5aaa92b3e68e780721883db1d904e.jpg,,0,0,no_caries,no_caries,0.8041,0.80412,0.03837,0.11368,0.04384
crops/hibogi_ai_00152_8.jpg,hibogi_ai_00152,HIBOGI_AI_00152_jpg.rf.0fc5aaa92b3e68e780721883db1d904e.jpg,,0,0,no_caries,no_caries,0.7931,0.79307,0.06098,0.09755,0.04841
crops/hibogi_ai_00152_9.jpg,hibogi_ai_00152,HIBOGI_AI_00152_jpg.rf.0fc5aaa92b3e68e780721883db1d904e.jpg,,0,0,no_caries,no_caries,0.8499,0.84995,0.03844,0.0744,0.0372
crops/hibogi_ai_00152_10.jpg,hibogi_ai_00152,HIBOGI_AI_00152_jpg.rf.0fc5aaa92b3e68e780721883db1d904e.jpg,,0,0,no_caries,no_caries,0.8025,0.80254,0.09702,0.05849,0.04195
crops/hibogi_ai_00152_11.jpg,hibogi_ai_00152,HIBOGI_AI_00152_jpg.rf.0fc5aaa92b3e68e780721883db1d904e.jpg,,0,0,no_caries,no_caries,0.7979,0.79791,0.05012,0.07847,0.0735
crops/hibogi_ai_00152_12.jpg,hibogi_ai_00152,HIBOGI_AI_00152_jpg.rf.0fc5aaa92b3e68e780721883db1d904e.jpg,,0,0,no_caries,no_caries,0.7946,0.79462,0.05211,0.08082,0.07245
crops/hibogi_ai_00152_13.jpg,hibogi_ai_00152,HIBOGI_AI_00152_jpg.rf.0fc5aaa92b3e68e780721883db1d904e.jpg,,0,0,no_caries,no_caries,0.7969,0.7969,0.04105,0.08459,0.07746
crops/hibogi_ai_00152_14.jpg,hibogi_ai_00152,HIBOGI_AI_00152_jpg.rf.0fc5aaa92b3e68e780721883db1d904e.jpg,,0,0,no_caries,no_caries,0.7768,0.77684,0.08738,0.07151,0.06427
crops/hibogi_ai_00152_15.jpg,hibogi_ai_00152,HIBOGI_AI_00152_jpg.rf.0fc5aaa92b3e68e780721883db1d904e.jpg,,0,0,no_caries,no_caries,0.8151,0.81514,0.09927,0.03766,0.04794
crops/hibogi_ai_00152_16.jpg,hibogi_ai_00152,HIBOGI_AI_00152_jpg.rf.0fc5aaa92b3e68e780721883db1d904e.jpg,,0,0,no_caries,no_caries,0.7931,0.79314,0.06763,0.11198,0.02725
crops/hibogi_ai_00227_0.jpg,hibogi_ai_00227,HIBOGI_AI_00227_jpg.rf.150cb6d00f7d59bf1d55a46bbcc3dbe2.jpg,,3,0,moderate,moderate,0.794,0.01013,0.12876,0.79399,0.06711
crops/hibogi_ai_00227_1.jpg,hibogi_ai_00227,HIBOGI_AI_00227_jpg.rf.150cb6d00f7d59bf1d55a46bbcc3dbe2.jpg,,3,0,moderate,moderate,0.6972,0.08965,0.19835,0.69724,0.01476
crops/hibogi_ai_00227_2.jpg,hibogi_ai_00227,HIBOGI_AI_00227_jpg.rf.150cb6d00f7d59bf1d55a46bbcc3dbe2.jpg,,0,0,no_caries,moderate,0.5489,0.19157,0.24041,0.54886,0.01916
crops/hibogi_ai_00227_3.jpg,hibogi_ai_00227,HIBOGI_AI_00227_jpg.rf.150cb6d00f7d59bf1d55a46bbcc3dbe2.jpg,,0,0,no_caries,no_caries,0.529,0.52902,0.14983,0.28951,0.03164
crops/hibogi_ai_00227_4.jpg,hibogi_ai_00227,HIBOGI_AI_00227_jpg.rf.150cb6d00f7d59bf1d55a46bbcc3dbe2.jpg,,0,0,no_caries,no_caries,0.5267,0.52675,0.43572,0.015,0.02253
crops/hibogi_ai_00227_5.jpg,hibogi_ai_00227,HIBOGI_AI_00227_jpg.rf.150cb6d00f7d59bf1d55a46bbcc3dbe2.jpg,,0,0,no_caries,no_caries,0.5339,0.5339,0.42356,0.02762,0.01492
crops/hibogi_ai_00227_6.jpg,hibogi_ai_00227,HIBOGI_AI_00227_jpg.rf.150cb6d00f7d59bf1d55a46bbcc3dbe2.jpg,,0,0,no_caries,no_caries,0.4836,0.48365,0.36803,0.12578,0.02255
crops/hibogi_ai_00227_7.jpg,hibogi_ai_00227,HIBOGI_AI_00227_jpg.rf.150cb6d00f7d59bf1d55a46bbcc3dbe2.jpg,,0,0,no_caries,mild,0.4352,0.36002,0.4352,0.13814,0.06664
crops/hibogi_ai_00227_8.jpg,hibogi_ai_00227,HIBOGI_AI_00227_jpg.rf.150cb6d00f7d59bf1d55a46bbcc3dbe2.jpg,,5,0,advanced,advanced,0.9096,0.00854,0.01171,0.07013,0.90961
crops/hibogi_ai_00227_9.jpg,hibogi_ai_00227,HIBOGI_AI_00227_jpg.rf.150cb6d00f7d59bf1d55a46bbcc3dbe2.jpg,,0,0,no_caries,moderate,0.7844,0.01326,0.10145,0.78437,0.10091
crops/hibogi_ai_00423_0.jpg,hibogi_ai_00423,HIBOGI_AI_00423_jpg.rf.83d3a61761524089c63a3a3cd0cbfb63.jpg,,0,0,no_caries,no_caries,0.728,0.72802,0.03624,0.21317,0.02257
crops/hibogi_ai_00423_1.jpg,hibogi_ai_00423,HIBOGI_AI_00423_jpg.rf.83d3a61761524089c63a3a3cd0cbfb63.jpg,,0,0,no_caries,no_caries,0.7909,0.79087,0.02621,0.1577,0.02522
crops/hibogi_ai_00423_2.jpg,hibogi_ai_00423,HIBOGI_AI_00423_jpg.rf.83d3a61761524089c63a3a3cd0cbfb63.jpg,,0,0,no_caries,no_caries,0.7046,0.70459,0.09,0.13878,0.06663
crops/hibogi_ai_00423_3.jpg,hibogi_ai_00423,HIBOGI_AI_00423_jpg.rf.83d3a61761524089c63a3a3cd0cbfb63.jpg,,5,0,advanced,no_caries,0.5359,0.53587,0.02338,0.17639,0.26436
crops/hibogi_ai_00423_4.jpg,hibogi_ai_00423,HIBOGI_AI_00423_jpg.rf.83d3a61761524089c63a3a3cd0cbfb63.jpg,,6,0,advanced,advanced,0.5628,0.05404,0.00669,0.37645,0.56281
crops/hibogi_ai_00423_5.jpg,hibogi_ai_00423,HIBOGI_AI_00423_jpg.rf.83d3a61761524089c63a3a3cd0cbfb63.jpg,,6,0,advanced,advanced,0.9546,0.01868,0.01016,0.01657,0.95459
crops/hibogi_ai_00423_6.jpg,hibogi_ai_00423,HIBOGI_AI_00423_jpg.rf.83d3a61761524089c63a3a3cd0cbfb63.jpg,,6,0,advanced,advanced,0.8283,0.04781,0.01662,0.10722,0.82835
crops/hibogi_ai_00423_7.jpg,hibogi_ai_00423,HIBOGI_AI_00423_jpg.rf.83d3a61761524089c63a3a3cd0cbfb63.jpg,,5,0,advanced,advanced,0.9675,0.00891,0.009,0.01457,0.96752
crops/hibogi_ai_00423_8.jpg,hibogi_ai_00423,HIBOGI_AI_00423_jpg.rf.83d3a61761524089c63a3a3cd0cbfb63.jpg,,5,0,advanced,mild,0.5771,0.03686,0.57712,0.36824,0.01779
crops/hibogi_ai_00423_9.jpg,hibogi_ai_00423,HIBOGI_AI_00423_jpg.rf.83d3a61761524089c63a3a3cd0cbfb63.jpg,,0,0,no_caries,no_caries,0.8135,0.81345,0.0462,0.10422,0.03613
crops/hibogi_ai_00423_10.jpg,hibogi_ai_00423,HIBOGI_AI_00423_jpg.rf.83d3a61761524089c63a3a3cd0cbfb63.jpg,,0,0,no_caries,no_caries,0.8104,0.81042,0.0354,0.12295,0.03123
crops/hibogi_ai_00423_12.jpg,hibogi_ai_00423,HIBOGI_AI_00423_jpg.rf.83d3a61761524089c63a3a3cd0cbfb63.jpg,,6,0,advanced,advanced,0.8993,0.01834,0.00569,0.07662,0.89935
crops/hibogi_ai_00745_png_0.jpg,hibogi_ai_00745_png,HIBOGI_AI_00745_png_jpg.rf.26cf5bbf3f2be8a6b48ded192145ef0d.jpg,,0,0,no_caries,no_caries,0.5992,0.59917,0.2567,0.06227,0.08186
crops/hibogi_ai_00745_png_1.jpg,hibogi_ai_00745_png,HIBOGI_AI_00745_png_jpg.rf.26cf5bbf3f2be8a6b48ded192145ef0d.jpg,,0,0,no_caries,no_caries,0.6289,0.62891,0.25505,0.04153,0.07451
crops/hibogi_ai_00745_png_2.jpg,hibogi_ai_00745_png,HIBOGI_AI_00745_png_jpg.rf.26cf5bbf3f2be8a6b48ded192145ef0d.jpg,,0,0,no_caries,no_caries,0.6916,0.69161,0.09564,0.12682,0.08593
crops/hibogi_ai_00745_png_3.jpg,hibogi_ai_00745_png,HIBOGI_AI_00745_png_jpg.rf.26cf5bbf3f2be8a6b48ded192145ef0d.jpg,,0,0,no_caries,no_caries,0.73,0.73004,0.0384,0.19342,0.03813
crops/hibogi_ai_00745_png_4.jpg,hibogi_ai_00745_png,HIBOGI_AI_00745_png_jpg.rf.26cf5bbf3f2be8a6b48ded192145ef0d.jpg,,0,0,no_caries,no_caries,0.7745,0.77455,0.0654,0.12952,0.03053
crops/hibogi_ai_00745_png_5.jpg,hibogi_ai_00745_png,HIBOGI_AI_00745_png_jpg.rf.26cf5bbf3f2be8a6b48ded192145ef0d.jpg,,0,0,no_caries,mild,0.4881,0.39813,0.48814,0.09046,0.02327
crops/hibogi_ai_00745_png_6.jpg,hibogi_ai_00745_png,HIBOGI_AI_00745_png_jpg.rf.26cf5bbf3f2be8a6b48ded192145ef0d.jpg,,0,0,no_caries,no_caries,0.5536,0.55358,0.33085,0.04978,0.06579
crops/hibogi_ai_00745_png_7.jpg,hibogi_ai_00745_png,HIBOGI_AI_00745_png_jpg.rf.26cf5bbf3f2be8a6b48ded192145ef0d.jpg,,0,0,no_caries,advanced,0.4218,0.33534,0.15316,0.08966,0.42184
crops/hibogi_ai_00951_png_0.jpg,hibogi_ai_00951_png,HIBOGI_AI_00951_png_jpg.rf.3e7f5622b1ec2728a3c158af22b7465b.jpg,,3,0,moderate,mild,0.724,0.09617,0.72403,0.16502,0.01478
crops/hibogi_ai_00951_png_1.jpg,hibogi_ai_00951_png,HIBOGI_AI_00951_png_jpg.rf.3e7f5622b1ec2728a3c158af22b7465b.jpg,,0,0,no_caries,no_caries,0.8746,0.8746,0.08035,0.01388,0.03117
crops/hibogi_ai_00951_png_2.jpg,hibogi_ai_00951_png,HIBOGI_AI_00951_png_jpg.rf.3e7f5622b1ec2728a3c158af22b7465b.jpg,,0,0,no_caries,no_caries,0.8171,0.81707,0.11002,0.04184,0.03106
crops/hibogi_ai_00951_png_3.jpg,hibogi_ai_00951_png,HIBOGI_AI_00951_png_jpg.rf.3e7f5622b1ec2728a3c158af22b7465b.jpg,,0,0,no_caries,no_caries,0.8592,0.85925,0.07036,0.02295,0.04745
crops/hibogi_ai_00951_png_4.jpg,hibogi_ai_00951_png,HIBOGI_AI_00951_png_jpg.rf.3e7f5622b1ec2728a3c158af22b7465b.jpg,,0,0,no_caries,no_caries,0.8976,0.89757,0.02842,0.03744,0.03658
crops/hibogi_ai_00951_png_5.jpg,hibogi_ai_00951_png,HIBOGI_AI_00951_png_jpg.rf.3e7f5622b1ec2728a3c158af22b7465b.jpg,,0,0,no_caries,no_caries,0.8777,0.87768,0.01259,0.06901,0.04072
crops/hibogi_ai_00951_png_6.jpg,hibogi_ai_00951_png,HIBOGI_AI_00951_png_jpg.rf.3e7f5622b1ec2728a3c158af22b7465b.jpg,,0,0,no_caries,no_caries,0.8347,0.83469,0.01621,0.09215,0.05696
crops/hibogi_ai_00951_png_7.jpg,hibogi_ai_00951_png,HIBOGI_AI_00951_png_jpg.rf.3e7f5622b1ec2728a3c158af22b7465b.jpg,,0,0,no_caries,no_caries,0.5803,0.58028,0.17656,0.19508,0.04809
crops/hibogi_ai_00951_png_8.jpg,hibogi_ai_00951_png,HIBOGI_AI_00951_png_jpg.rf.3e7f5622b1ec2728a3c158af22b7465b.jpg,,3,0,moderate,no_caries,0.4356,0.43558,0.23181,0.31433,0.01829
crops/hibogi_ai_00951_png_9.jpg,hibogi_ai_00951_png,HIBOGI_AI_00951_png_jpg.rf.3e7f5622b1ec2728a3c158af22b7465b.jpg,,0,0,no_caries,no_caries,0.5602,0.56016,0.21155,0.16214,0.06614
crops/hibogi_ai_00951_png_10.jpg,hibogi_ai_00951_png,HIBOGI_AI_00951_png_jpg.rf.3e7f5622b1ec2728a3c158af22b7465b.jpg,,3,0,moderate,mild,0.7169,0.01578,0.7169,0.26257,0.00476
crops/hibogi_ai_00951_png_11.jpg,hibogi_ai_00951_png,HIBOGI_AI_00951_png_jpg.rf.3e7f5622b1ec2728a3c158af22b7465b.jpg,,0,0,no_caries,no_caries,0.8546,0.85457,0.05695,0.05238,0.0361
crops/hibogi_ai_00951_png_12.jpg,hibogi_ai_00951_png,HIBOGI_AI_00951_png_jpg.rf.3e7f5622b1ec2728a3c158af22b7465b.jpg,,0,0,no_caries,no_caries,0.9206,0.92059,0.05033,0.01002,0.01906
crops/hibogi_ai_00951_png_13.jpg,hibogi_ai_00951_png,HIBOGI_AI_00951_png_jpg.rf.3e7f5622b1ec2728a3c158af22b7465b.jpg,,0,0,no_caries,no_caries,0.9128,0.91278,0.05328,0.01918,0.01476
crops/hibogi_ai_00951_png_14.jpg,hibogi_ai_00951_png,HIBOGI_AI_00951_png_jpg.rf.3e7f5622b1ec2728a3c158af22b7465b.jpg,,0,0,no_caries,no_caries,0.8352,0.83519,0.08521,0.03737,0.04224
crops/hibogi_ai_00951_png_15.jpg,hibogi_ai_00951_png,HIBOGI_AI_00951_png_jpg.rf.3e7f5622b1ec2728a3c158af22b7465b.jpg,,0,0,no_caries,no_caries,0.8191,0.81912,0.07798,0.04971,0.05319
crops/hibogi_ai_00979_0.jpg,hibogi_ai_00979,HIBOGI_AI_00979_jpg.rf.46f6d549e3a3d4fabfa546185ea56bca.jpg,,0,0,no_caries,mild,0.9026,0.07824,0.90255,0.00636,0.01286
crops/hibogi_ai_00979_1.jpg,hibogi_ai_00979,HIBOGI_AI_00979_jpg.rf.46f6d549e3a3d4fabfa546185ea56bca.jpg,,0,0,no_caries,no_caries,0.5056,0.50562,0.4159,0.0189,0.05957
crops/hibogi_ai_00979_2.jpg,hibogi_ai_00979,HIBOGI_AI_00979_jpg.rf.46f6d549e3a3d4fabfa546185ea56bca.jpg,,0,0,no_caries,no_caries,0.8211,0.82109,0.08049,0.04041,0.05801
crops/hibogi_ai_00979_3.jpg,hibogi_ai_00979,HIBOGI_AI_00979_jpg.rf.46f6d549e3a3d4fabfa546185ea56bca.jpg,,0,0,no_caries,no_caries,0.7736,0.77355,0.07912,0.08231,0.06502
crops/hibogi_ai_00979_4.jpg,hibogi_ai_00979,HIBOGI_AI_00979_jpg.rf.46f6d549e3a3d4fabfa546185ea56bca.jpg,,0,0,no_caries,no_caries,0.763,0.76298,0.08431,0.0675,0.0852
crops/hibogi_ai_00979_5.jpg,hibogi_ai_00979,HIBOGI_AI_00979_jpg.rf.46f6d549e3a3d4fabfa546185ea56bca.jpg,,0,0,no_caries,no_caries,0.6738,0.67379,0.14539,0.04269,0.13813
crops/hibogi_ai_00979_6.jpg,hibogi_ai_00979,HIBOGI_AI_00979_jpg.rf.46f6d549e3a3d4fabfa546185ea56bca.jpg,,0,0,no_caries,no_caries,0.7027,0.70274,0.16958,0.05809,0.0696
crops/hibogi_ai_00979_7.jpg,hibogi_ai_00979,HIBOGI_AI_00979_jpg.rf.46f6d549e3a3d4fabfa546185ea56bca.jpg,,0,0,no_caries,no_caries,0.7369,0.73687,0.09635,0.05241,0.11438
crops/hibogi_ai_00979_8.jpg,hibogi_ai_00979,HIBOGI_AI_00979_jpg.rf.46f6d549e3a3d4fabfa546185ea56bca.jpg,,0,0,no_caries,no_caries,0.8584,0.85836,0.0491,0.0379,0.05464
crops/hibogi_ai_00979_9.jpg,hibogi_ai_00979,HIBOGI_AI_00979_jpg.rf.46f6d549e3a3d4fabfa546185ea56bca.jpg,,0,0,no_caries,no_caries,0.6676,0.66764,0.22556,0.04651,0.06029
crops/hibogi_ai_00979_10.jpg,hibogi_ai_00979,HIBOGI_AI_00979_jpg.rf.46f6d549e3a3d4fabfa546185ea56bca.jpg,,0,0,no_caries,mild,0.5291,0.38786,0.52911,0.05678,0.02625
crops/hibogi_ai_00995_0.jpg,hibogi_ai_00995,HIBOGI_AI_00995_jpg.rf.4dec89ca463927b6f030a1e1c732517a.jpg,,0,0,no_caries,no_caries,0.6518,0.65181,0.16196,0.12582,0.06042
crops/hibogi_ai_00995_1.jpg,hibogi_ai_00995,HIBOGI_AI_00995_jpg.rf.4dec89ca463927b6f030a1e1c732517a.jpg,,0,0,no_caries,no_caries,0.7674,0.76743,0.09319,0.07105,0.06833
crops/hibogi_ai_00995_2.jpg,hibogi_ai_00995,HIBOGI_AI_00995_jpg.rf.4dec89ca463927b6f030a1e1c732517a.jpg,,3,0,moderate,advanced,0.5078,0.12928,0.05649,0.30639,0.50783
crops/hibogi_ai_00995_3.jpg,hibogi_ai_00995,HIBOGI_AI_00995_jpg.rf.4dec89ca463927b6f030a1e1c732517a.jpg,,0,0,no_caries,no_caries,0.835,0.83495,0.03426,0.10508,0.0257
crops/hibogi_ai_00995_4.jpg,hibogi_ai_00995,HIBOGI_AI_00995_jpg.rf.4dec89ca463927b6f030a1e1c732517a.jpg,,0,0,no_caries,no_caries,0.8609,0.86091,0.04539,0.04605,0.04765
crops/hibogi_ai_00995_5.jpg,hibogi_ai_00995,HIBOGI_AI_00995_jpg.rf.4dec89ca463927b6f030a1e1c732517a.jpg,,0,0,no_caries,no_caries,0.7185,0.71846,0.06134,0.14884,0.07137
crops/hibogi_ai_00995_6.jpg,hibogi_ai_00995,HIBOGI_AI_00995_jpg.rf.4dec89ca463927b6f030a1e1c732517a.jpg,,0,0,no_caries,no_caries,0.4548,0.45483,0.41652,0.04963,0.07902
crops/hibogi_ai_00995_7.jpg,hibogi_ai_00995,HIBOGI_AI_00995_jpg.rf.4dec89ca463927b6f030a1e1c732517a.jpg,,0,0,no_caries,no_caries,0.6597,0.65966,0.25108,0.05078,0.03849
crops/hibogi_ai_00995_8.jpg,hibogi_ai_00995,HIBOGI_AI_00995_jpg.rf.4dec89ca463927b6f030a1e1c732517a.jpg,,0,0,no_caries,mild,0.685,0.2432,0.68503,0.04143,0.03034
crops/hibogi_ai_00995_9.jpg,hibogi_ai_00995,HIBOGI_AI_00995_jpg.rf.4dec89ca463927b6f030a1e1c732517a.jpg,,0,0,no_caries,no_caries,0.8587,0.85866,0.05517,0.05013,0.03604
crops/hibogi_ai_00995_10.jpg,hibogi_ai_00995,HIBOGI_AI_00995_jpg.rf.4dec89ca463927b6f030a1e1c732517a.jpg,,0,0,no_caries,no_caries,0.7798,0.77985,0.08015,0.07041,0.06959
crops/hibogi_ai_00995_11.jpg,hibogi_ai_00995,HIBOGI_AI_00995_jpg.rf.4dec89ca463927b6f030a1e1c732517a.jpg,,0,0,no_caries,no_caries,0.7263,0.72634,0.15094,0.08327,0.03945
crops/hibogi_ai_00995_12.jpg,hibogi_ai_00995,HIBOGI_AI_00995_jpg.rf.4dec89ca463927b6f030a1e1c732517a.jpg,,0,0,no_caries,no_caries,0.7942,0.79416,0.10989,0.03649,0.05946
crops/hibogi_ai_00995_13.jpg,hibogi_ai_00995,HIBOGI_AI_00995_jpg.rf.4dec89ca463927b6f030a1e1c732517a.jpg,,0,0,no_caries,no_caries,0.7884,0.78836,0.09232,0.05142,0.0679
crops/hibogi_ai_00995_14.jpg,hibogi_ai_00995,HIBOGI_AI_00995_jpg.rf.4dec89ca463927b6f030a1e1c732517a.jpg,,3,0,moderate,no_caries,0.5525,0.5525,0.13733,0.11877,0.19141
crops/hibogi_ai_00997_0.jpg,hibogi_ai_00997,HIBOGI_AI_00997_jpg.rf.fe6cc58e1139bd955850ef6221d5afd5.jpg,,0,0,no_caries,no_caries,0.4874,0.48744,0.24121,0.06651,0.20484
crops/hibogi_ai_00997_1.jpg,hibogi_ai_00997,HIBOGI_AI_00997_jpg.rf.fe6cc58e1139bd955850ef6221d5afd5.jpg,,0,0,no_caries,no_caries,0.7281,0.72811,0.1733,0.03311,0.06548
crops/hibogi_ai_00997_2.jpg,hibogi_ai_00997,HIBOGI_AI_00997_jpg.rf.fe6cc58e1139bd955850ef6221d5afd5.jpg,,0,0,no_caries,no_caries,0.6768,0.67679,0.24075,0.03208,0.05038
crops/hibogi_ai_00997_3.jpg,hibogi_ai_00997,HIBOGI_AI_00997_jpg.rf.fe6cc58e1139bd955850ef6221d5afd5.jpg,,0,0,no_caries,no_caries,0.8146,0.81461,0.10488,0.0429,0.03761
crops/hibogi_ai_00997_4.jpg,hibogi_ai_00997,HIBOGI_AI_00997_jpg.rf.fe6cc58e1139bd955850ef6221d5afd5.jpg,,3,0,moderate,moderate,0.5761,0.0193,0.00719,0.57609,0.39741
crops/hibogi_ai_00997_5.jpg,hibogi_ai_00997,HIBOGI_AI_00997_jpg.rf.fe6cc58e1139bd955850ef6221d5afd5.jpg,,0,0,no_caries,no_caries,0.8721,0.87213,0.03327,0.04616,0.04844
crops/hibogi_ai_00997_6.jpg,hibogi_ai_00997,HIBOGI_AI_00997_jpg.rf.fe6cc58e1139bd955850ef6221d5afd5.jpg,,0,0,no_caries,no_caries,0.7472,0.74718,0.12987,0.04949,0.07347
crops/hibogi_ai_00997_7.jpg,hibogi_ai_00997,HIBOGI_AI_00997_jpg.rf.fe6cc58e1139bd955850ef6221d5afd5.jpg,,0,0,no_caries,mild,0.4814,0.43671,0.48141,0.051,0.03088
crops/hibogi_ai_00997_8.jpg,hibogi_ai_00997,HIBOGI_AI_00997_jpg.rf.fe6cc58e1139bd955850ef6221d5afd5.jpg,,0,0,no_caries,no_caries,0.8476,0.84756,0.06755,0.0453,0.03959
crops/hibogi_ai_00997_9.jpg,hibogi_ai_00997,HIBOGI_AI_00997_jpg.rf.fe6cc58e1139bd955850ef6221d5afd5.jpg,,0,0,no_caries,no_caries,0.7621,0.76211,0.1479,0.04302,0.04697
crops/hibogi_ai_00997_10.jpg,hibogi_ai_00997,HIBOGI_AI_00997_jpg.rf.fe6cc58e1139bd955850ef6221d5afd5.jpg,,0,0,no_caries,no_caries,0.7821,0.78205,0.11678,0.03517,0.066
crops/hibogi_ai_00997_11.jpg,hibogi_ai_00997,HIBOGI_AI_00997_jpg.rf.fe6cc58e1139bd955850ef6221d5afd5.jpg,,0,0,no_caries,no_caries,0.8396,0.83957,0.04692,0.05998,0.05354
crops/hibogi_ai_00997_12.jpg,hibogi_ai_00997,HIBOGI_AI_00997_jpg.rf.fe6cc58e1139bd955850ef6221d5afd5.jpg,,0,0,no_caries,no_caries,0.836,0.83596,0.04856,0.03828,0.0772
crops/hibogi_ai_00997_14.jpg,hibogi_ai_00997,HIBOGI_AI_00997_jpg.rf.fe6cc58e1139bd955850ef6221d5afd5.jpg,,0,0,no_caries,advanced,0.5706,0.34756,0.01458,0.06724,0.57062
crops/hibogi_ai_01082_0.jpg,hibogi_ai_01082,HIBOGI_AI_01082_jpg.rf.fd5c09cceaaa3e934d3e09515c0becef.jpg,,6,0,advanced,advanced,0.8869,0.05132,0.0394,0.02237,0.8869
crops/hibogi_ai_01082_1.jpg,hibogi_ai_01082,HIBOGI_AI_01082_jpg.rf.fd5c09cceaaa3e934d3e09515c0becef.jpg,,0,0,no_caries,no_caries,0.8632,0.86324,0.01995,0.06689,0.04992
crops/hibogi_ai_01082_2.jpg,hibogi_ai_01082,HIBOGI_AI_01082_jpg.rf.fd5c09cceaaa3e934d3e09515c0becef.jpg,,0,0,no_caries,mild,0.6077,0.30782,0.60775,0.07256,0.01187
crops/hibogi_ai_01082_3.jpg,hibogi_ai_01082,HIBOGI_AI_01082_jpg.rf.fd5c09cceaaa3e934d3e09515c0becef.jpg,,0,0,no_caries,no_caries,0.6269,0.62685,0.33714,0.02235,0.01366
crops/hibogi_ai_01082_4.jpg,hibogi_ai_01082,HIBOGI_AI_01082_jpg.rf.fd5c09cceaaa3e934d3e09515c0becef.jpg,,0,0,no_caries,no_caries,0.8507,0.8507,0.06746,0.04285,0.03898
crops/hibogi_ai_01082_5.jpg,hibogi_ai_01082,HIBOGI_AI_01082_jpg.rf.fd5c09cceaaa3e934d3e09515c0becef.jpg,,0,0,no_caries,mild,0.5224,0.40375,0.52236,0.02564,0.04826
crops/hibogi_ai_01082_6.jpg,hibogi_ai_01082,HIBOGI_AI_01082_jpg.rf.fd5c09cceaaa3e934d3e09515c0becef.jpg,,0,0,no_caries,no_caries,0.7784,0.77838,0.13439,0.04793,0.0393
crops/hibogi_ai_01082_7.jpg,hibogi_ai_01082,HIBOGI_AI_01082_jpg.rf.fd5c09cceaaa3e934d3e09515c0becef.jpg,,0,0,no_caries,no_caries,0.8025,0.8025,0.10058,0.04227,0.05464
crops/hibogi_ai_01082_8.jpg,hibogi_ai_01082,HIBOGI_AI_01082_jpg.rf.fd5c09cceaaa3e934d3e09515c0becef.jpg,,0,0,no_caries,no_caries,0.7774,0.77735,0.15685,0.03447,0.03133
crops/hibogi_ai_01082_9.jpg,hibogi_ai_01082,HIBOGI_AI_01082_jpg.rf.fd5c09cceaaa3e934d3e09515c0becef.jpg,,0,0,no_caries,mild,0.496,0.44932,0.49601,0.03456,0.02011
crops/hibogi_ai_01082_10.jpg,hibogi_ai_01082,HIBOGI_AI_01082_jpg.rf.fd5c09cceaaa3e934d3e09515c0becef.jpg,,0,0,no_caries,advanced,0.4801,0.15282,0.35647,0.01063,0.48008
crops/hibogi_ai_01082_11.jpg,hibogi_ai_01082,HIBOGI_AI_01082_jpg.rf.fd5c09cceaaa3e934d3e09515c0becef.jpg,,6,0,advanced,advanced,0.9277,0.01556,0.0304,0.0263,0.92774
crops/hibogi_ai_01101_0.jpg,hibogi_ai_01101,HIBOGI_AI_01101_jpg.rf.1843f7cb8479cde15e295803b7284f3e.jpg,,0,0,no_caries,no_caries,0.7325,0.73251,0.09226,0.05375,0.12148
crops/hibogi_ai_01101_1.jpg,hibogi_ai_01101,HIBOGI_AI_01101_jpg.rf.1843f7cb8479cde15e295803b7284f3e.jpg,,0,0,no_caries,no_caries,0.8544,0.85441,0.04333,0.06099,0.04127
crops/hibogi_ai_01101_2.jpg,hibogi_ai_01101,HIBOGI_AI_01101_jpg.rf.1843f7cb8479cde15e295803b7284f3e.jpg,,0,0,no_caries,no_caries,0.7693,0.76925,0.07937,0.1203,0.03108
crops/hibogi_ai_01101_3.jpg,hibogi_ai_01101,HIBOGI_AI_01101_jpg.rf.1843f7cb8479cde15e295803b7284f3e.jpg,,0,0,no_caries,no_caries,0.7194,0.71942,0.17435,0.05705,0.04918
crops/hibogi_ai_01101_4.jpg,hibogi_ai_01101,HIBOGI_AI_01101_jpg.rf.1843f7cb8479cde15e295803b7284f3e.jpg,,0,0,no_caries,no_caries,0.7257,0.72571,0.05439,0.15376,0.06614
crops/hibogi_ai_01101_5.jpg,hibogi_ai_01101,HIBOGI_AI_01101_jpg.rf.1843f7cb8479cde15e295803b7284f3e.jpg,,0,0,no_caries,no_caries,0.4425,0.44245,0.39287,0.09217,0.07251
crops/hibogi_ai_01101_6.jpg,hibogi_ai_01101,HIBOGI_AI_01101_jpg.rf.1843f7cb8479cde15e295803b7284f3e.jpg,,0,0,no_caries,no_caries,0.5322,0.53224,0.24734,0.10332,0.1171
crops/hibogi_ai_01101_7.jpg,hibogi_ai_01101,HIBOGI_AI_01101_jpg.rf.1843f7cb8479cde15e295803b7284f3e.jpg,,0,0,no_caries,no_caries,0.7259,0.7259,0.12618,0.10241,0.04551
crops/hibogi_ai_01101_8.jpg,hibogi_ai_01101,HIBOGI_AI_01101_jpg.rf.1843f7cb8479cde15e295803b7284f3e.jpg,,0,0,no_caries,no_caries,0.6904,0.69038,0.21858,0.04624,0.0448
crops/hibogi_ai_01101_9.jpg,hibogi_ai_01101,HIBOGI_AI_01101_jpg.rf.1843f7cb8479cde15e295803b7284f3e.jpg,,0,0,no_caries,no_caries,0.6414,0.6414,0.26727,0.04921,0.04213
crops/hibogi_ai_01101_10.jpg,hibogi_ai_01101,HIBOGI_AI_01101_jpg.rf.1843f7cb8479cde15e295803b7284f3e.jpg,,0,0,no_caries,no_caries,0.5658,0.56585,0.31132,0.05085,0.07199
crops/hibogi_ai_01101_11.jpg,hibogi_ai_01101,HIBOGI_AI_01101_jpg.rf.1843f7cb8479cde15e295803b7284f3e.jpg,,0,0,no_caries,no_caries,0.7912,0.79118,0.09574,0.04855,0.06454
crops/hibogi_ai_01101_12.jpg,hibogi_ai_01101,HIBOGI_AI_01101_jpg.rf.1843f7cb8479cde15e295803b7284f3e.jpg,,0,0,no_caries,no_caries,0.6675,0.66748,0.18567,0.10933,0.03753
crops/hibogi_ai_01101_13.jpg,hibogi_ai_01101,HIBOGI_AI_01101_jpg.rf.1843f7cb8479cde15e295803b7284f3e.jpg,,0,0,no_caries,no_caries,0.3839,0.38386,0.09886,0.30779,0.20949
crops/hibogi_ai_01126_png_0.jpg,hibogi_ai_01126_png,HIBOGI_AI_01126_png_jpg.rf.dd093672a894c069792035565b6b7212.jpg,,3,0,moderate,moderate,0.4038,0.18091,0.36298,0.40381,0.0523
crops/hibogi_ai_01126_png_1.jpg,hibogi_ai_01126_png,HIBOGI_AI_01126_png_jpg.rf.dd093672a894c069792035565b6b7212.jpg,,2,0,mild,mild,0.5237,0.41957,0.52367,0.02709,0.02966
crops/hibogi_ai_01126_png_2.jpg,hibogi_ai_01126_png,HIBOGI_AI_01126_png_jpg.rf.dd093672a894c069792035565b6b7212.jpg,,2,0,mild,no_caries,0.7626,0.76262,0.10648,0.08365,0.04724
crops/hibogi_ai_01126_png_3.jpg,hibogi_ai_01126_png,HIBOGI_AI_01126_png_jpg.rf.dd093672a894c069792035565b6b7212.jpg,,0,0,no_caries,no_caries,0.8273,0.8273,0.05665,0.06448,0.05157
crops/hibogi_ai_01126_png_4.jpg,hibogi_ai_01126_png,HIBOGI_AI_01126_png_jpg.rf.dd093672a894c069792035565b6b7212.jpg,,0,0,no_caries,no_caries,0.7917,0.79173,0.09447,0.06056,0.05324
crops/hibogi_ai_01126_png_5.jpg,hibogi_ai_01126_png,HIBOGI_AI_01126_png_jpg.rf.dd093672a894c069792035565b6b7212.jpg,,0,0,no_caries,no_caries,0.4821,0.4821,0.17891,0.30494,0.03405
crops/hibogi_ai_01126_png_6.jpg,hibogi_ai_01126_png,HIBOGI_AI_01126_png_jpg.rf.dd093672a894c069792035565b6b7212.jpg,,5,0,advanced,mild,0.4952,0.09564,0.49515,0.3159,0.09331
crops/hibogi_ai_01126_png_7.jpg,hibogi_ai_01126_png,HIBOGI_AI_01126_png_jpg.rf.dd093672a894c069792035565b6b7212.jpg,,3,0,moderate,mild,0.9565,0.02624,0.95654,0.00944,0.00778
crops/hibogi_ai_01126_png_8.jpg,hibogi_ai_01126_png,HIBOGI_AI_01126_png_jpg.rf.dd093672a894c069792035565b6b7212.jpg,,5,0,advanced,advanced,0.596,0.05788,0.02681,0.31935,0.59595
crops/hibogi_ai_01126_png_9.jpg,hibogi_ai_01126_png,HIBOGI_AI_01126_png_jpg.rf.dd093672a894c069792035565b6b7212.jpg,,0,0,no_caries,no_caries,0.4655,0.46548,0.23682,0.25546,0.04223
crops/hibogi_ai_01126_png_10.jpg,hibogi_ai_01126_png,HIBOGI_AI_01126_png_jpg.rf.dd093672a894c069792035565b6b7212.jpg,,0,0,no_caries,no_caries,0.6926,0.69262,0.17939,0.0714,0.05659
crops/hibogi_ai_01126_png_11.jpg,hibogi_ai_01126_png,HIBOGI_AI_01126_png_jpg.rf.dd093672a894c069792035565b6b7212.jpg,,0,0,no_caries,no_caries,0.6376,0.63756,0.25533,0.06256,0.04455
crops/hibogi_ai_01126_png_12.jpg,hibogi_ai_01126_png,HIBOGI_AI_01126_png_jpg.rf.dd093672a894c069792035565b6b7212.jpg,,0,0,no_caries,no_caries,0.7535,0.75354,0.1292,0.07025,0.04702
crops/hibogi_ai_01126_png_13.jpg,hibogi_ai_01126_png,HIBOGI_AI_01126_png_jpg.rf.dd093672a894c069792035565b6b7212.jpg,,0,0,no_caries,no_caries,0.8731,0.87307,0.04873,0.03305,0.04514
crops/hibogi_ai_01126_png_14.jpg,hibogi_ai_01126_png,HIBOGI_AI_01126_png_jpg.rf.dd093672a894c069792035565b6b7212.jpg,,0,0,no_caries,no_caries,0.6347,0.63469,0.18606,0.03579,0.14345
crops/hibogi_ai_01126_png_15.jpg,hibogi_ai_01126_png,HIBOGI_AI_01126_png_jpg.rf.dd093672a894c069792035565b6b7212.jpg,,0,0,no_caries,mild,0.5585,0.31965,0.55849,0.07774,0.04412
crops/hibogi_ai_01126_png_16.jpg,hibogi_ai_01126_png,HIBOGI_AI_01126_png_jpg.rf.dd093672a894c069792035565b6b7212.jpg,,0,0,no_caries,mild,0.4852,0.23901,0.48515,0.26147,0.01436
crops/hibogi_ai_01126_png_17.jpg,hibogi_ai_01126_png,HIBOGI_AI_01126_png_jpg.rf.dd093672a894c069792035565b6b7212.jpg,,0,0,no_caries,moderate,0.6864,0.16389,0.10866,0.68641,0.04103
crops/hibogi_ai_01166_0.jpg,hibogi_ai_01166,HIBOGI_AI_01166_jpg.rf.8e40ba600225b66804591f54793da23e.jpg,,1,0,mild,mild,0.7771,0.02617,0.77712,0.19331,0.00341
crops/hibogi_ai_01166_1.jpg,hibogi_ai_01166,HIBOGI_AI_01166_jpg.rf.8e40ba600225b66804591f54793da23e.jpg,,1,0,mild,mild,0.5346,0.39536,0.5346,0.04185,0.0282
crops/hibogi_ai_01166_2.jpg,hibogi_ai_01166,HIBOGI_AI_01166_jpg.rf.8e40ba600225b66804591f54793da23e.jpg,,0,0,no_caries,no_caries,0.7445,0.74446,0.07765,0.13719,0.0407
crops/hibogi_ai_01166_3.jpg,hibogi_ai_01166,HIBOGI_AI_01166_jpg.rf.8e40ba600225b66804591f54793da23e.jpg,,0,0,no_caries,no_caries,0.7924,0.79242,0.03915,0.12406,0.04437
crops/hibogi_ai_01166_4.jpg,hibogi_ai_01166,HIBOGI_AI_01166_jpg.rf.8e40ba600225b66804591f54793da23e.jpg,,0,0,no_caries,no_caries,0.7731,0.77314,0.12376,0.06099,0.0421
crops/hibogi_ai_01166_5.jpg,hibogi_ai_01166,HIBOGI_AI_01166_jpg.rf.8e40ba600225b66804591f54793da23e.jpg,,0,0,no_caries,no_caries,0.7566,0.75656,0.11194,0.10478,0.02672
crops/hibogi_ai_01166_6.jpg,hibogi_ai_01166,HIBOGI_AI_01166_jpg.rf.8e40ba600225b66804591f54793da23e.jpg,,0,0,no_caries,no_caries,0.4494,0.44944,0.07152,0.38433,0.09472
crops/hibogi_ai_01166_7.jpg,hibogi_ai_01166,HIBOGI_AI_01166_jpg.rf.8e40ba600225b66804591f54793da23e.jpg,,0,0,no_caries,mild,0.8406,0.10913,0.84058,0.03569,0.0146
crops/hibogi_ai_01166_8.jpg,hibogi_ai_01166,HIBOGI_AI_01166_jpg.rf.8e40ba600225b66804591f54793da23e.jpg,,0,0,no_caries,no_caries,0.6302,0.63023,0.24743,0.07474,0.0476
crops/hibogi_ai_01166_9.jpg,hibogi_ai_01166,HIBOGI_AI_01166_jpg.rf.8e40ba600225b66804591f54793da23e.jpg,,5,0,advanced,advanced,0.8228,0.00731,0.01886,0.15104,0.82279
crops/hibogi_ai_01219_0.jpg,hibogi_ai_01219,HIBOGI_AI_01219_jpg.rf.a2cf3face43d6e0e01095a11d8122690.jpg,,1,0,mild,mild,0.4412,0.41223,0.44119,0.11586,0.03072
crops/hibogi_ai_01219_1.jpg,hibogi_ai_01219,HIBOGI_AI_01219_jpg.rf.a2cf3face43d6e0e01095a11d8122690.jpg,,5,0,advanced,moderate,0.9749,0.00237,0.0041,0.97493,0.01861
crops/hibogi_ai_01219_2.jpg,hibogi_ai_01219,HIBOGI_AI_01219_jpg.rf.a2cf3face43d6e0e01095a11d8122690.jpg,,5,0,advanced,moderate,0.4975,0.00405,0.05917,0.49747,0.43931
crops/hibogi_ai_01219_3.jpg,hibogi_ai_01219,HIBOGI_AI_01219_jpg.rf.a2cf3face43d6e0e01095a11d8122690.jpg,,0,0,no_caries,mild,0.5913,0.26793,0.59132,0.11488,0.02587
crops/hibogi_ai_01219_4.jpg,hibogi_ai_01219,HIBOGI_AI_01219_jpg.rf.a2cf3face43d6e0e01095a11d8122690.jpg,,0,0,no_caries,no_caries,0.4836,0.48362,0.12883,0.29428,0.09327
crops/hibogi_ai_01271_png_0.jpg,hibogi_ai_01271_png,HIBOGI_AI_01271_png_jpg.rf.0093373fed8b1656a4d8ce6da2a80291.jpg,,0,0,no_caries,moderate,0.6695,0.21967,0.08243,0.66949,0.02841
crops/hibogi_ai_01271_png_1.jpg,hibogi_ai_01271_png,HIBOGI_AI_01271_png_jpg.rf.0093373fed8b1656a4d8ce6da2a80291.jpg,,0,0,no_caries,no_caries,0.6528,0.65285,0.1041,0.17729,0.06576
crops/hibogi_ai_01271_png_2.jpg,hibogi_ai_01271_png,HIBOGI_AI_01271_png_jpg.rf.0093373fed8b1656a4d8ce6da2a80291.jpg,,0,0,no_caries,no_caries,0.7471,0.74708,0.16476,0.05173,0.03643
crops/hibogi_ai_01271_png_3.jpg,hibogi_ai_01271_png,HIBOGI_AI_01271_png_jpg.rf.0093373fed8b1656a4d8ce6da2a80291.jpg,,0,0,no_caries,no_caries,0.8227,0.82266,0.07927,0.04704,0.05102
crops/hibogi_ai_01271_png_4.jpg,hibogi_ai_01271_png,HIBOGI_AI_01271_png_jpg.rf.0093373fed8b1656a4d8ce6da2a80291.jpg,,0,0,no_caries,no_caries,0.8651,0.86509,0.0511,0.04669,0.03712
crops/hibogi_ai_01271_png_5.jpg,hibogi_ai_01271_png,HIBOGI_AI_01271_png_jpg.rf.0093373fed8b1656a4d8ce6da2a80291.jpg,,0,0,no_caries,no_caries,0.8247,0.8247,0.04114,0.0534,0.08076
crops/hibogi_ai_01271_png_6.jpg,hibogi_ai_01271_png,HIBOGI_AI_01271_png_jpg.rf.0093373fed8b1656a4d8ce6da2a80291.jpg,,0,0,no_caries,no_caries,0.8036,0.80358,0.09179,0.0347,0.06993
crops/hibogi_ai_01271_png_7.jpg,hibogi_ai_01271_png,HIBOGI_AI_01271_png_jpg.rf.0093373fed8b1656a4d8ce6da2a80291.jpg,,0,0,no_caries,mild,0.5264,0.05974,0.5264,0.39601,0.01785
crops/hibogi_ai_01271_png_8.jpg,hibogi_ai_01271_png,HIBOGI_AI_01271_png_jpg.rf.0093373fed8b1656a4d8ce6da2a80291.jpg,,0,0,no_caries,no_caries,0.6329,0.63288,0.20427,0.12497,0.03788
crops/hibogi_ai_01271_png_9.jpg,hibogi_ai_01271_png,HIBOGI_AI_01271_png_jpg.rf.0093373fed8b1656a4d8ce6da2a80291.jpg,,0,0,no_caries,no_caries,0.4653,0.46533,0.43798,0.04675,0.04993
crops/hibogi_ai_01271_png_10.jpg,hibogi_ai_01271_png,HIBOGI_AI_01271_png_jpg.rf.0093373fed8b1656a4d8ce6da2a80291.jpg,,0,0,no_caries,no_caries,0.8713,0.87126,0.05446,0.04667,0.02761
crops/hibogi_ai_01271_png_11.jpg,hibogi_ai_01271_png,HIBOGI_AI_01271_png_jpg.rf.0093373fed8b1656a4d8ce6da2a80291.jpg,,0,0,no_caries,no_caries,0.7198,0.71978,0.19858,0.0415,0.04013
crops/hibogi_ai_01271_png_12.jpg,hibogi_ai_01271_png,HIBOGI_AI_01271_png_jpg.rf.0093373fed8b1656a4d8ce6da2a80291.jpg,,0,0,no_caries,no_caries,0.8696,0.86959,0.05086,0.03274,0.04681
crops/hibogi_ai_01271_png_13.jpg,hibogi_ai_01271_png,HIBOGI_AI_01271_png_jpg.rf.0093373fed8b1656a4d8ce6da2a80291.jpg,,0,0,no_caries,no_caries,0.9009,0.90094,0.0193,0.03726,0.0425
crops/hibogi_ai_01271_png_14.jpg,hibogi_ai_01271_png,HIBOGI_AI_01271_png_jpg.rf.0093373fed8b1656a4d8ce6da2a80291.jpg,,0,0,no_caries,no_caries,0.8774,0.87739,0.03877,0.03182,0.05201
crops/hibogi_ai_01282_png_0.jpg,hibogi_ai_01282_png,HIBOGI_AI_01282_png_jpg.rf.67ae374fcf39f6a428e6d06e620927a9.jpg,,5,0,advanced,no_caries,0.4064,0.40635,0.15996,0.26165,0.17203
crops/hibogi_ai_01282_png_1.jpg,hibogi_ai_01282_png,HIBOGI_AI_01282_png_jpg.rf.67ae374fcf39f6a428e6d06e620927a9.jpg,,0,0,no_caries,no_caries,0.7827,0.78271,0.0607,0.10847,0.04812
crops/hibogi_ai_01282_png_2.jpg,hibogi_ai_01282_png,HIBOGI_AI_01282_png_jpg.rf.67ae374fcf39f6a428e6d06e620927a9.jpg,,0,0,no_caries,no_caries,0.7272,0.72721,0.14521,0.05657,0.07101
crops/hibogi_ai_01282_png_3.jpg,hibogi_ai_01282_png,HIBOGI_AI_01282_png_jpg.rf.67ae374fcf39f6a428e6d06e620927a9.jpg,,0,0,no_caries,no_caries,0.4767,0.47673,0.37248,0.04738,0.10341
crops/hibogi_ai_01282_png_4.jpg,hibogi_ai_01282_png,HIBOGI_AI_01282_png_jpg.rf.67ae374fcf39f6a428e6d06e620927a9.jpg,,0,0,no_caries,no_caries,0.4893,0.48935,0.33168,0.07009,0.10888
crops/hibogi_ai_01282_png_5.jpg,hibogi_ai_01282_png,HIBOGI_AI_01282_png_jpg.rf.67ae374fcf39f6a428e6d06e620927a9.jpg,,4,0,moderate,moderate,0.8894,0.03579,0.06873,0.88938,0.0061
crops/hibogi_ai_01282_png_6.jpg,hibogi_ai_01282_png,HIBOGI_AI_01282_png_jpg.rf.67ae374fcf39f6a428e6d06e620927a9.jpg,,0,0,no_caries,moderate,0.6457,0.19938,0.07433,0.64569,0.0806
crops/hibogi_ai_01282_png_7.jpg,hibogi_ai_01282_png,HIBOGI_AI_01282_png_jpg.rf.67ae374fcf39f6a428e6d06e620927a9.jpg,,4,0,moderate,moderate,0.8203,0.11295,0.03663,0.8203,0.03012
crops/hibogi_ai_01282_png_8.jpg,hibogi_ai_01282_png,HIBOGI_AI_01282_png_jpg.rf.67ae374fcf39f6a428e6d06e620927a9.jpg,,0,0,no_caries,moderate,0.7491,0.03287,0.15289,0.74911,0.06513
crops/hibogi_ai_01282_png_9.jpg,hibogi_ai_01282_png,HIBOGI_AI_01282_png_jpg.rf.67ae374fcf39f6a428e6d06e620927a9.jpg,,0,0,no_caries,no_caries,0.7902,0.79024,0.14737,0.03448,0.02792
crops/hibogi_ai_01282_png_10.jpg,hibogi_ai_01282_png,HIBOGI_AI_01282_png_jpg.rf.67ae374fcf39f6a428e6d06e620927a9.jpg,,0,0,no_caries,no_caries,0.5288,0.52876,0.2427,0.11413,0.11441
crops/hibogi_ai_01282_png_11.jpg,hibogi_ai_01282_png,HIBOGI_AI_01282_png_jpg.rf.67ae374fcf39f6a428e6d06e620927a9.jpg,,0,0,no_caries,no_caries,0.6552,0.65524,0.2265,0.05551,0.06276
crops/hibogi_ai_01282_png_12.jpg,hibogi_ai_01282_png,HIBOGI_AI_01282_png_jpg.rf.67ae374fcf39f6a428e6d06e620927a9.jpg,,0,0,no_caries,no_caries,0.7313,0.7313,0.1201,0.03839,0.11021
crops/hibogi_ai_01282_png_13.jpg,hibogi_ai_01282_png,HIBOGI_AI_01282_png_jpg.rf.67ae374fcf39f6a428e6d06e620927a9.jpg,,0,0,no_caries,no_caries,0.8264,0.82641,0.09955,0.04097,0.03307
crops/hibogi_ai_01282_png_14.jpg,hibogi_ai_01282_png,HIBOGI_AI_01282_png_jpg.rf.67ae374fcf39f6a428e6d06e620927a9.jpg,,0,0,no_caries,no_caries,0.7626,0.76264,0.14256,0.05012,0.04467
crops/hibogi_ai_01282_png_15.jpg,hibogi_ai_01282_png,HIBOGI_AI_01282_png_jpg.rf.67ae374fcf39f6a428e6d06e620927a9.jpg,,0,0,no_caries,no_caries,0.6489,0.6489,0.14823,0.10777,0.0951
crops/hibogi_ai_01282_png_16.jpg,hibogi_ai_01282_png,HIBOGI_AI_01282_png_jpg.rf.67ae374fcf39f6a428e6d06e620927a9.jpg,,2,0,mild,mild,0.4248,0.42192,0.42482,0.09904,0.05422
crops/hibogi_ai_01282_png_17.jpg,hibogi_ai_01282_png,HIBOGI_AI_01282_png_jpg.rf.67ae374fcf39f6a428e6d06e620927a9.jpg,,0,0,no_caries,no_caries,0.4587,0.45874,0.38103,0.11313,0.0471
crops/hibogi_ai_01289_png_0.jpg,hibogi_ai_01289_png,HIBOGI_AI_01289_png_jpg.rf.f2f6702881ec05f36195ab088fe48652.jpg,,5,0,advanced,advanced,0.4805,0.2309,0.12859,0.15997,0.48054
crops/hibogi_ai_01289_png_1.jpg,hibogi_ai_01289_png,HIBOGI_AI_01289_png_jpg.rf.f2f6702881ec05f36195ab088fe48652.jpg,,0,0,no_caries,no_caries,0.4382,0.4382,0.31514,0.08806,0.15861
crops/hibogi_ai_01289_png_2.jpg,hibogi_ai_01289_png,HIBOGI_AI_01289_png_jpg.rf.f2f6702881ec05f36195ab088fe48652.jpg,,0,0,no_caries,mild,0.3539,0.13508,0.35386,0.20555,0.30551
crops/hibogi_ai_01289_png_3.jpg,hibogi_ai_01289_png,HIBOGI_AI_01289_png_jpg.rf.f2f6702881ec05f36195ab088fe48652.jpg,,0,0,no_caries,no_caries,0.6753,0.6753,0.21107,0.05332,0.06031
crops/hibogi_ai_01289_png_4.jpg,hibogi_ai_01289_png,HIBOGI_AI_01289_png_jpg.rf.f2f6702881ec05f36195ab088fe48652.jpg,,0,0,no_caries,no_caries,0.7986,0.79863,0.06392,0.06495,0.0725
crops/hibogi_ai_01289_png_5.jpg,hibogi_ai_01289_png,HIBOGI_AI_01289_png_jpg.rf.f2f6702881ec05f36195ab088fe48652.jpg,,0,0,no_caries,no_caries,0.7351,0.7351,0.07411,0.15289,0.03791
crops/hibogi_ai_01289_png_6.jpg,hibogi_ai_01289_png,HIBOGI_AI_01289_png_jpg.rf.f2f6702881ec05f36195ab088fe48652.jpg,,0,0,no_caries,no_caries,0.7777,0.77768,0.05184,0.10845,0.06202
crops/hibogi_ai_01289_png_7.jpg,hibogi_ai_01289_png,HIBOGI_AI_01289_png_jpg.rf.f2f6702881ec05f36195ab088fe48652.jpg,,1,0,mild,no_caries,0.6608,0.66083,0.2264,0.03971,0.07306
crops/hibogi_ai_01289_png_8.jpg,hibogi_ai_01289_png,HIBOGI_AI_01289_png_jpg.rf.f2f6702881ec05f36195ab088fe48652.jpg,,0,0,no_caries,no_caries,0.724,0.724,0.12627,0.04638,0.10336
crops/hibogi_ai_01289_png_9.jpg,hibogi_ai_01289_png,HIBOGI_AI_01289_png_jpg.rf.f2f6702881ec05f36195ab088fe48652.jpg,,0,0,no_caries,mild,0.5656,0.27954,0.56563,0.01757,0.13726
crops/hibogi_ai_01289_png_10.jpg,hibogi_ai_01289_png,HIBOGI_AI_01289_png_jpg.rf.f2f6702881ec05f36195ab088fe48652.jpg,,6,0,advanced,advanced,0.9728,0.00665,0.01201,0.00858,0.97277
crops/hibogi_ai_01289_png_11.jpg,hibogi_ai_01289_png,HIBOGI_AI_01289_png_jpg.rf.f2f6702881ec05f36195ab088fe48652.jpg,,2,0,mild,advanced,0.3268,0.29283,0.11162,0.26875,0.3268
crops/hibogi_ai_01299_png_0.jpg,hibogi_ai_01299_png,HIBOGI_AI_01299_png_jpg.rf.7967cfe1afadf217bd46bc6164bd975a.jpg,,0,0,no_caries,moderate,0.8867,0.07902,0.0279,0.88667,0.00641
crops/hibogi_ai_01299_png_1.jpg,hibogi_ai_01299_png,HIBOGI_AI_01299_png_jpg.rf.7967cfe1afadf217bd46bc6164bd975a.jpg,,0,0,no_caries,no_caries,0.7417,0.74167,0.03287,0.13043,0.09503
crops/hibogi_ai_01299_png_2.jpg,hibogi_ai_01299_png,HIBOGI_AI_01299_png_jpg.rf.7967cfe1afadf217bd46bc6164bd975a.jpg,,0,0,no_caries,mild,0.6964,0.24162,0.69638,0.03775,0.02425
crops/hibogi_ai_01299_png_3.jpg,hibogi_ai_01299_png,HIBOGI_AI_01299_png_jpg.rf.7967cfe1afadf217bd46bc6164bd975a.jpg,,1,0,mild,moderate,0.6519,0.01103,0.33363,0.65188,0.00346
crops/hibogi_ai_01299_png_4.jpg,hibogi_ai_01299_png,HIBOGI_AI_01299_png_jpg.rf.7967cfe1afadf217bd46bc6164bd975a.jpg,,0,0,no_caries,no_caries,0.6871,0.68707,0.12969,0.10623,0.07701
crops/hibogi_ai_01299_png_5.jpg,hibogi_ai_01299_png,HIBOGI_AI_01299_png_jpg.rf.7967cfe1afadf217bd46bc6164bd975a.jpg,,0,0,no_caries,no_caries,0.5978,0.59783,0.26444,0.10371,0.03402
crops/hibogi_ai_01299_png_6.jpg,hibogi_ai_01299_png,HIBOGI_AI_01299_png_jpg.rf.7967cfe1afadf217bd46bc6164bd975a.jpg,,0,0,no_caries,no_caries,0.4829,0.48292,0.40849,0.04421,0.06438
crops/hibogi_ai_01299_png_7.jpg,hibogi_ai_01299_png,HIBOGI_AI_01299_png_jpg.rf.7967cfe1afadf217bd46bc6164bd975a.jpg,,0,0,no_caries,no_caries,0.7569,0.75692,0.1377,0.04332,0.06205
crops/hibogi_ai_01299_png_8.jpg,hibogi_ai_01299_png,HIBOGI_AI_01299_png_jpg.rf.7967cfe1afadf217bd46bc6164bd975a.jpg,,0,0,no_caries,no_caries,0.8247,0.82471,0.04142,0.07821,0.05565
crops/hibogi_ai_01299_png_9.jpg,hibogi_ai_01299_png,HIBOGI_AI_01299_png_jpg.rf.7967cfe1afadf217bd46bc6164bd975a.jpg,,0,0,no_caries,no_caries,0.8418,0.8418,0.03102,0.09011,0.03707
crops/hibogi_ai_01299_png_10.jpg,hibogi_ai_01299_png,HIBOGI_AI_01299_png_jpg.rf.7967cfe1afadf217bd46bc6164bd975a.jpg,,0,0,no_caries,no_caries,0.7872,0.78724,0.09802,0.03621,0.07853
crops/hibogi_ai_01299_png_11.jpg,hibogi_ai_01299_png,HIBOGI_AI_01299_png_jpg.rf.7967cfe1afadf217bd46bc6164bd975a.jpg,,0,0,no_caries,no_caries,0.795,0.79503,0.09504,0.03172,0.07822
crops/hibogi_ai_01299_png_12.jpg,hibogi_ai_01299_png,HIBOGI_AI_01299_png_jpg.rf.7967cfe1afadf217bd46bc6164bd975a.jpg,,0,0,no_caries,mild,0.4706,0.42523,0.4706,0.04669,0.05749
crops/hibogi_ai_01299_png_13.jpg,hibogi_ai_01299_png,HIBOGI_AI_01299_png_jpg.rf.7967cfe1afadf217bd46bc6164bd975a.jpg,,0,0,no_caries,no_caries,0.3952,0.39516,0.38277,0.14925,0.07282
crops/hibogi_ai_01299_png_14.jpg,hibogi_ai_01299_png,HIBOGI_AI_01299_png_jpg.rf.7967cfe1afadf217bd46bc6164bd975a.jpg,,2,0,mild,mild,0.592,0.02638,0.59198,0.35371,0.02794
crops/hibogi_ai_01299_png_15.jpg,hibogi_ai_01299_png,HIBOGI_AI_01299_png_jpg.rf.7967cfe1afadf217bd46bc6164bd975a.jpg,,2,0,mild,mild,0.7403,0.07336,0.74025,0.16337,0.02301
crops/hibogi_ai_01334_png_0.jpg,hibogi_ai_01334_png,HIBOGI_AI_01334_png_jpg.rf.ef30a986397a8fd2ff72e645ed2b487b.jpg,,3,0,moderate,moderate,0.9602,0.00134,0.01209,0.96018,0.02639
crops/hibogi_ai_01334_png_1.jpg,hibogi_ai_01334_png,HIBOGI_AI_01334_png_jpg.rf.ef30a986397a8fd2ff72e645ed2b487b.jpg,,0,0,no_caries,moderate,0.4573,0.12211,0.16077,0.45729,0.25983
crops/hibogi_ai_01334_png_2.jpg,hibogi_ai_01334_png,HIBOGI_AI_01334_png_jpg.rf.ef30a986397a8fd2ff72e645ed2b487b.jpg,,1,0,mild,mild,0.5009,0.24225,0.50092,0.10582,0.151
crops/hibogi_ai_01334_png_3.jpg,hibogi_ai_01334_png,HIBOGI_AI_01334_png_jpg.rf.ef30a986397a8fd2ff72e645ed2b487b.jpg,,0,0,no_caries,no_caries,0.7972,0.79716,0.13318,0.02466,0.045
crops/hibogi_ai_01334_png_4.jpg,hibogi_ai_01334_png,HIBOGI_AI_01334_png_jpg.rf.ef30a986397a8fd2ff72e645ed2b487b.jpg,,0,0,no_caries,no_caries,0.8316,0.8316,0.01068,0.12371,0.03401
crops/hibogi_ai_01334_png_5.jpg,hibogi_ai_01334_png,HIBOGI_AI_01334_png_jpg.rf.ef30a986397a8fd2ff72e645ed2b487b.jpg,,0,0,no_caries,no_caries,0.8326,0.83263,0.0207,0.12023,0.02644
crops/hibogi_ai_01334_png_6.jpg,hibogi_ai_01334_png,HIBOGI_AI_01334_png_jpg.rf.ef30a986397a8fd2ff72e645ed2b487b.jpg,,0,0,no_caries,no_caries,0.805,0.80501,0.03122,0.13545,0.02833
crops/hibogi_ai_01334_png_7.jpg,hibogi_ai_01334_png,HIBOGI_AI_01334_png_jpg.rf.ef30a986397a8fd2ff72e645ed2b487b.jpg,,0,0,no_caries,no_caries,0.8774,0.87742,0.0224,0.0731,0.02708
crops/hibogi_ai_01334_png_8.jpg,hibogi_ai_01334_png,HIBOGI_AI_01334_png_jpg.rf.ef30a986397a8fd2ff72e645ed2b487b.jpg,,0,0,no_caries,no_caries,0.843,0.84304,0.06484,0.04237,0.04975
crops/hibogi_ai_01334_png_9.jpg,hibogi_ai_01334_png,HIBOGI_AI_01334_png_jpg.rf.ef30a986397a8fd2ff72e645ed2b487b.jpg,,0,0,no_caries,no_caries,0.6051,0.60509,0.30849,0.03363,0.05278
crops/hibogi_ai_01334_png_10.jpg,hibogi_ai_01334_png,HIBOGI_AI_01334_png_jpg.rf.ef30a986397a8fd2ff72e645ed2b487b.jpg,,0,0,no_caries,mild,0.7018,0.04956,0.70181,0.23109,0.01754
crops/hibogi_ai_01334_png_11.jpg,hibogi_ai_01334_png,HIBOGI_AI_01334_png_jpg.rf.ef30a986397a8fd2ff72e645ed2b487b.jpg,,3,0,moderate,moderate,0.9301,0.00206,0.0495,0.93015,0.01829
crops/hibogi_ai_01344_png_0.jpg,hibogi_ai_01344_png,HIBOGI_AI_01344_png_jpg.rf.ded7521b564ad41e25324f181f192c8c.jpg,,0,0,no_caries,mild,0.7785,0.03351,0.77854,0.16518,0.02278
crops/hibogi_ai_01344_png_1.jpg,hibogi_ai_01344_png,HIBOGI_AI_01344_png_jpg.rf.ded7521b564ad41e25324f181f192c8c.jpg,,4,0,moderate,moderate,0.5834,0.00794,0.40358,0.58343,0.00505
crops/hibogi_ai_01344_png_2.jpg,hibogi_ai_01344_png,HIBOGI_AI_01344_png_jpg.rf.ded7521b564ad41e25324f181f192c8c.jpg,,0,0,no_caries,mild,0.5451,0.28269,0.54515,0.10334,0.06883
crops/hibogi_ai_01344_png_3.jpg,hibogi_ai_01344_png,HIBOGI_AI_01344_png_jpg.rf.ded7521b564ad41e25324f181f192c8c.jpg,,0,0,no_caries,no_caries,0.8649,0.86493,0.05389,0.05533,0.02585
crops/hibogi_ai_01344_png_4.jpg,hibogi_ai_01344_png,HIBOGI_AI_01344_png_jpg.rf.ded7521b564ad41e25324f181f192c8c.jpg,,2,0,mild,mild,0.6014,0.31722,0.60142,0.01191,0.06945
crops/hibogi_ai_01344_png_5.jpg,hibogi_ai_01344_png,HIBOGI_AI_01344_png_jpg.rf.ded7521b564ad41e25324f181f192c8c.jpg,,2,0,mild,no_caries,0.706,0.70595,0.18603,0.04499,0.06304
crops/hibogi_ai_01344_png_6.jpg,hibogi_ai_01344_png,HIBOGI_AI_01344_png_jpg.rf.ded7521b564ad41e25324f181f192c8c.jpg,,2,0,mild,no_caries,0.8196,0.81964,0.09926,0.03541,0.04569
crops/hibogi_ai_01344_png_7.jpg,hibogi_ai_01344_png,HIBOGI_AI_01344_png_jpg.rf.ded7521b564ad41e25324f181f192c8c.jpg,,1,0,mild,no_caries,0.6585,0.65852,0.25012,0.02775,0.06361
crops/hibogi_ai_01344_png_8.jpg,hibogi_ai_01344_png,HIBOGI_AI_01344_png_jpg.rf.ded7521b564ad41e25324f181f192c8c.jpg,,1,0,mild,no_caries,0.7909,0.79088,0.10445,0.0785,0.02617
crops/hibogi_ai_01344_png_9.jpg,hibogi_ai_01344_png,HIBOGI_AI_01344_png_jpg.rf.ded7521b564ad41e25324f181f192c8c.jpg,,4,0,moderate,moderate,0.8774,0.00443,0.11573,0.8774,0.00245
crops/hibogi_ai_01344_png_10.jpg,hibogi_ai_01344_png,HIBOGI_AI_01344_png_jpg.rf.ded7521b564ad41e25324f181f192c8c.jpg,,5,0,advanced,mild,0.5467,0.02922,0.54666,0.39486,0.02926
crops/hibogi_ai_01346_png_0.jpg,hibogi_ai_01346_png,HIBOGI_AI_01346_png_jpg.rf.c567700f6ea1b9441569c637808efae2.jpg,,0,0,no_caries,no_caries,0.7813,0.78134,0.14109,0.04401,0.03357
crops/hibogi_ai_01346_png_1.jpg,hibogi_ai_01346_png,HIBOGI_AI_01346_png_jpg.rf.c567700f6ea1b9441569c637808efae2.jpg,,0,0,no_caries,no_caries,0.6445,0.64447,0.24451,0.04044,0.07057
crops/hibogi_ai_01346_png_2.jpg,hibogi_ai_01346_png,HIBOGI_AI_01346_png_jpg.rf.c567700f6ea1b9441569c637808efae2.jpg,,0,0,no_caries,no_caries,0.9377,0.93767,0.01409,0.02668,0.02157
crops/hibogi_ai_01346_png_3.jpg,hibogi_ai_01346_png,HIBOGI_AI_01346_png_jpg.rf.c567700f6ea1b9441569c637808efae2.jpg,,0,0,no_caries,no_caries,0.9118,0.91175,0.03217,0.02671,0.02936
crops/hibogi_ai_01346_png_4.jpg,hibogi_ai_01346_png,HIBOGI_AI_01346_png_jpg.rf.c567700f6ea1b9441569c637808efae2.jpg,,0,0,no_caries,no_caries,0.8344,0.83445,0.07071,0.04498,0.04986
crops/hibogi_ai_01346_png_5.jpg,hibogi_ai_01346_png,HIBOGI_AI_01346_png_jpg.rf.c567700f6ea1b9441569c637808efae2.jpg,,0,0,no_caries,no_caries,0.9117,0.91169,0.0143,0.05105,0.02297
crops/hibogi_ai_01346_png_6.jpg,hibogi_ai_01346_png,HIBOGI_AI_01346_png_jpg.rf.c567700f6ea1b9441569c637808efae2.jpg,,0,0,no_caries,no_caries,0.7777,0.77768,0.14346,0.03251,0.04635
crops/hibogi_ai_01346_png_7.jpg,hibogi_ai_01346_png,HIBOGI_AI_01346_png_jpg.rf.c567700f6ea1b9441569c637808efae2.jpg,,0,0,no_caries,no_caries,0.4226,0.42255,0.39522,0.07522,0.10701
crops/hibogi_ai_01346_png_8.jpg,hibogi_ai_01346_png,HIBOGI_AI_01346_png_jpg.rf.c567700f6ea1b9441569c637808efae2.jpg,,0,0,no_caries,no_caries,0.7258,0.72582,0.1488,0.04987,0.07552
crops/hibogi_ai_01346_png_9.jpg,hibogi_ai_01346_png,HIBOGI_AI_01346_png_jpg.rf.c567700f6ea1b9441569c637808efae2.jpg,,0,0,no_caries,mild,0.5651,0.30528,0.56514,0.1087,0.02087
crops/hibogi_ai_01346_png_10.jpg,hibogi_ai_01346_png,HIBOGI_AI_01346_png_jpg.rf.c567700f6ea1b9441569c637808efae2.jpg,,0,0,no_caries,no_caries,0.8083,0.80826,0.07492,0.07597,0.04085
crops/hibogi_ai_01346_png_11.jpg,hibogi_ai_01346_png,HIBOGI_AI_01346_png_jpg.rf.c567700f6ea1b9441569c637808efae2.jpg,,0,0,no_caries,no_caries,0.7496,0.74959,0.12936,0.0639,0.05715
crops/hibogi_ai_01346_png_12.jpg,hibogi_ai_01346_png,HIBOGI_AI_01346_png_jpg.rf.c567700f6ea1b9441569c637808efae2.jpg,,0,0,no_caries,no_caries,0.8327,0.83272,0.08597,0.03265,0.04866
crops/hibogi_ai_01346_png_13.jpg,hibogi_ai_01346_png,HIBOGI_AI_01346_png_jpg.rf.c567700f6ea1b9441569c637808efae2.jpg,,0,0,no_caries,no_caries,0.8544,0.85436,0.04861,0.03684,0.06019
crops/hibogi_ai_01346_png_14.jpg,hibogi_ai_01346_png,HIBOGI_AI_01346_png_jpg.rf.c567700f6ea1b9441569c637808efae2.jpg,,0,0,no_caries,no_caries,0.8833,0.88328,0.03473,0.04741,0.03457
crops/hibogi_ai_01346_png_15.jpg,hibogi_ai_01346_png,HIBOGI_AI_01346_png_jpg.rf.c567700f6ea1b9441569c637808efae2.jpg,,0,0,no_caries,no_caries,0.7586,0.75865,0.11032,0.08381,0.04723
crops/hibogi_ai_01346_png_16.jpg,hibogi_ai_01346_png,HIBOGI_AI_01346_png_jpg.rf.c567700f6ea1b9441569c637808efae2.jpg,,0,0,no_caries,no_caries,0.8906,0.89061,0.01781,0.0602,0.03138
crops/hibogi_ai_01359_png_0.jpg,hibogi_ai_01359_png,HIBOGI_AI_01359_png_jpg.rf.44255e633409cf56f41932449944916d.jpg,,4,0,moderate,moderate,0.5334,0.132,0.24549,0.53337,0.08915
crops/hibogi_ai_01359_png_1.jpg,hibogi_ai_01359_png,HIBOGI_AI_01359_png_jpg.rf.44255e633409cf56f41932449944916d.jpg,,2,0,mild,mild,0.8687,0.0505,0.8687,0.06764,0.01316
crops/hibogi_ai_01359_png_2.jpg,hibogi_ai_01359_png,HIBOGI_AI_01359_png_jpg.rf.44255e633409cf56f41932449944916d.jpg,,3,0,moderate,mild,0.5924,0.15342,0.59238,0.2212,0.033
crops/hibogi_ai_01359_png_3.jpg,hibogi_ai_01359_png,HIBOGI_AI_01359_png_jpg.rf.44255e633409cf56f41932449944916d.jpg,,3,0,moderate,moderate,0.7031,0.06767,0.15776,0.70311,0.07146
crops/hibogi_ai_01359_png_4.jpg,hibogi_ai_01359_png,HIBOGI_AI_01359_png_jpg.rf.44255e633409cf56f41932449944916d.jpg,,3,0,moderate,no_caries,0.8858,0.88578,0.03861,0.0464,0.02921
crops/hibogi_ai_01359_png_5.jpg,hibogi_ai_01359_png,HIBOGI_AI_01359_png_jpg.rf.44255e633409cf56f41932449944916d.jpg,,1,0,mild,no_caries,0.8541,0.85407,0.04729,0.02784,0.0708
crops/hibogi_ai_01359_png_6.jpg,hibogi_ai_01359_png,HIBOGI_AI_01359_png_jpg.rf.44255e633409cf56f41932449944916d.jpg,,0,0,no_caries,no_caries,0.5589,0.55889,0.17467,0.13062,0.13583
crops/hibogi_ai_01359_png_7.jpg,hibogi_ai_01359_png,HIBOGI_AI_01359_png_jpg.rf.44255e633409cf56f41932449944916d.jpg,,0,0,no_caries,no_caries,0.4461,0.4461,0.09582,0.15108,0.307
crops/hibogi_ai_01359_png_8.jpg,hibogi_ai_01359_png,HIBOGI_AI_01359_png_jpg.rf.44255e633409cf56f41932449944916d.jpg,,0,0,no_caries,no_caries,0.6756,0.67556,0.21571,0.08149,0.02723
crops/hibogi_ai_01359_png_9.jpg,hibogi_ai_01359_png,HIBOGI_AI_01359_png_jpg.rf.44255e633409cf56f41932449944916d.jpg,,0,0,no_caries,no_caries,0.723,0.72305,0.11563,0.06492,0.0964
crops/hibogi_ai_01359_png_10.jpg,hibogi_ai_01359_png,HIBOGI_AI_01359_png_jpg.rf.44255e633409cf56f41932449944916d.jpg,,3,0,moderate,moderate,0.9377,0.00238,0.03555,0.93766,0.02441
crops/hibogi_ai_01359_png_11.jpg,hibogi_ai_01359_png,HIBOGI_AI_01359_png_jpg.rf.44255e633409cf56f41932449944916d.jpg,,5,0,advanced,mild,0.6795,0.00709,0.67954,0.20559,0.10778
crops/hibogi_ai_01376_png_0.jpg,hibogi_ai_01376_png,HIBOGI_AI_01376_png_jpg.rf.1db4c4edb7bb0c3ce1cf542b34de2b62.jpg,,0,0,no_caries,no_caries,0.5067,0.50671,0.3403,0.10753,0.04545
crops/hibogi_ai_01376_png_1.jpg,hibogi_ai_01376_png,HIBOGI_AI_01376_png_jpg.rf.1db4c4edb7bb0c3ce1cf542b34de2b62.jpg,,0,0,no_caries,no_caries,0.5364,0.53636,0.34941,0.06958,0.04465
crops/hibogi_ai_01376_png_2.jpg,hibogi_ai_01376_png,HIBOGI_AI_01376_png_jpg.rf.1db4c4edb7bb0c3ce1cf542b34de2b62.jpg,,0,0,no_caries,moderate,0.8756,0.06582,0.04932,0.8756,0.00926
crops/hibogi_ai_01376_png_3.jpg,hibogi_ai_01376_png,HIBOGI_AI_01376_png_jpg.rf.1db4c4edb7bb0c3ce1cf542b34de2b62.jpg,,0,0,no_caries,no_caries,0.714,0.71403,0.06833,0.07805,0.13959
crops/hibogi_ai_01376_png_4.jpg,hibogi_ai_01376_png,HIBOGI_AI_01376_png_jpg.rf.1db4c4edb7bb0c3ce1cf542b34de2b62.jpg,,0,0,no_caries,mild,0.5295,0.35058,0.52954,0.07626,0.04361
crops/hibogi_ai_01376_png_5.jpg,hibogi_ai_01376_png,HIBOGI_AI_01376_png_jpg.rf.1db4c4edb7bb0c3ce1cf542b34de2b62.jpg,,0,0,no_caries,mild,0.5717,0.29725,0.57169,0.05449,0.07658
crops/hibogi_ai_01376_png_7.jpg,hibogi_ai_01376_png,HIBOGI_AI_01376_png_jpg.rf.1db4c4edb7bb0c3ce1cf542b34de2b62.jpg,,0,0,no_caries,mild,0.4285,0.17209,0.42854,0.26525,0.13412
crops/hibogi_ai_01376_png_8.jpg,hibogi_ai_01376_png,HIBOGI_AI_01376_png_jpg.rf.1db4c4edb7bb0c3ce1cf542b34de2b62.jpg,,0,0,no_caries,no_caries,0.4727,0.4727,0.3446,0.07292,0.10979
crops/hibogi_ai_01376_png_9.jpg,hibogi_ai_01376_png,HIBOGI_AI_01376_png_jpg.rf.1db4c4edb7bb0c3ce1cf542b34de2b62.jpg,,0,0,no_caries,no_caries,0.6374,0.63738,0.16135,0.08659,0.11469
crops/hibogi_ai_01376_png_10.jpg,hibogi_ai_01376_png,HIBOGI_AI_01376_png_jpg.rf.1db4c4edb7bb0c3ce1cf542b34de2b62.jpg,,0,0,no_caries,no_caries,0.7906,0.79058,0.05231,0.07607,0.08105
crops/hibogi_ai_01376_png_11.jpg,hibogi_ai_01376_png,HIBOGI_AI_01376_png_jpg.rf.1db4c4edb7bb0c3ce1cf542b34de2b62.jpg,,0,0,no_caries,no_caries,0.6155,0.61548,0.28224,0.04459,0.05769
crops/hibogi_ai_01376_png_12.jpg,hibogi_ai_01376_png,HIBOGI_AI_01376_png_jpg.rf.1db4c4edb7bb0c3ce1cf542b34de2b62.jpg,,0,0,no_caries,mild,0.9051,0.07694,0.90511,0.00443,0.01352
crops/hibogi_ai_01376_png_13.jpg,hibogi_ai_01376_png,HIBOGI_AI_01376_png_jpg.rf.1db4c4edb7bb0c3ce1cf542b34de2b62.jpg,,0,0,no_caries,no_caries,0.6399,0.63985,0.26476,0.03067,0.06471
crops/hibogi_ai_01376_png_14.jpg,hibogi_ai_01376_png,HIBOGI_AI_01376_png_jpg.rf.1db4c4edb7bb0c3ce1cf542b34de2b62.jpg,,0,0,no_caries,no_caries,0.4889,0.48888,0.40023,0.04228,0.06861
crops/hibogi_ai_01376_png_15.jpg,hibogi_ai_01376_png,HIBOGI_AI_01376_png_jpg.rf.1db4c4edb7bb0c3ce1cf542b34de2b62.jpg,,0,0,no_caries,no_caries,0.7539,0.75391,0.13551,0.05175,0.05883
crops/hibogi_ai_01376_png_16.jpg,hibogi_ai_01376_png,HIBOGI_AI_01376_png_jpg.rf.1db4c4edb7bb0c3ce1cf542b34de2b62.jpg,,0,0,no_caries,no_caries,0.4561,0.45613,0.20441,0.24103,0.09843
crops/hibogi_ai_01376_png_17.jpg,hibogi_ai_01376_png,HIBOGI_AI_01376_png_jpg.rf.1db4c4edb7bb0c3ce1cf542b34de2b62.jpg,,0,0,no_caries,moderate,0.4611,0.20589,0.26172,0.46111,0.07127
crops/hibogi_ai_01408_png_0.jpg,hibogi_ai_01408_png,HIBOGI_AI_01408_png_jpg.rf.673f26331bfd4b38a1117f91207b4b3e.jpg,,0,0,no_caries,no_caries,0.8495,0.84952,0.02795,0.08217,0.04036
crops/hibogi_ai_01408_png_1.jpg,hibogi_ai_01408_png,HIBOGI_AI_01408_png_jpg.rf.673f26331bfd4b38a1117f91207b4b3e.jpg,,0,0,no_caries,no_caries,0.8885,0.88846,0.02226,0.03717,0.05211
crops/hibogi_ai_01408_png_2.jpg,hibogi_ai_01408_png,HIBOGI_AI_01408_png_jpg.rf.673f26331bfd4b38a1117f91207b4b3e.jpg,,0,0,no_caries,no_caries,0.8723,0.87233,0.02432,0.06455,0.03881
crops/hibogi_ai_01408_png_3.jpg,hibogi_ai_01408_png,HIBOGI_AI_01408_png_jpg.rf.673f26331bfd4b38a1117f91207b4b3e.jpg,,0,0,no_caries,no_caries,0.73,0.73004,0.04618,0.10967,0.11411
crops/hibogi_ai_01408_png_4.jpg,hibogi_ai_01408_png,HIBOGI_AI_01408_png_jpg.rf.673f26331bfd4b38a1117f91207b4b3e.jpg,,0,0,no_caries,no_caries,0.8056,0.80564,0.07448,0.06593,0.05395
crops/hibogi_ai_01408_png_5.jpg,hibogi_ai_01408_png,HIBOGI_AI_01408_png_jpg.rf.673f26331bfd4b38a1117f91207b4b3e.jpg,,0,0,no_caries,no_caries,0.5068,0.50679,0.39256,0.07406,0.02659
crops/hibogi_ai_01408_png_6.jpg,hibogi_ai_01408_png,HIBOGI_AI_01408_png_jpg.rf.673f26331bfd4b38a1117f91207b4b3e.jpg,,0,0,no_caries,mild,0.6922,0.06957,0.69222,0.22935,0.00885
crops/hibogi_ai_01408_png_7.jpg,hibogi_ai_01408_png,HIBOGI_AI_01408_png_jpg.rf.673f26331bfd4b38a1117f91207b4b3e.jpg,,0,0,no_caries,no_caries,0.7564,0.7564,0.12813,0.04183,0.07364
crops/hibogi_ai_01408_png_8.jpg,hibogi_ai_01408_png,HIBOGI_AI_01408_png_jpg.rf.673f26331bfd4b38a1117f91207b4b3e.jpg,,0,0,no_caries,no_caries,0.7739,0.77391,0.05014,0.07873,0.09721
crops/hibogi_ai_01408_png_9.jpg,hibogi_ai_01408_png,HIBOGI_AI_01408_png_jpg.rf.673f26331bfd4b38a1117f91207b4b3e.jpg,,0,0,no_caries,no_caries,0.8764,0.87643,0.02486,0.04482,0.05389
crops/hibogi_ai_01408_png_10.jpg,hibogi_ai_01408_png,HIBOGI_AI_01408_png_jpg.rf.673f26331bfd4b38a1117f91207b4b3e.jpg,,0,0,no_caries,no_caries,0.8884,0.8884,0.05148,0.02901,0.03112
crops/hibogi_ai_01408_png_11.jpg,hibogi_ai_01408_png,HIBOGI_AI_01408_png_jpg.rf.673f26331bfd4b38a1117f91207b4b3e.jpg,,0,0,no_caries,no_caries,0.6517,0.65171,0.27446,0.03497,0.03886
crops/hibogi_ai_01408_png_12.jpg,hibogi_ai_01408_png,HIBOGI_AI_01408_png_jpg.rf.673f26331bfd4b38a1117f91207b4b3e.jpg,,0,0,no_caries,no_caries,0.8435,0.84346,0.0805,0.0347,0.04133
crops/hibogi_ai_01425_png_0.jpg,hibogi_ai_01425_png,HIBOGI_AI_01425_png_jpg.rf.621d19ec582fad0d5758758f525b3f78.jpg,,0,0,no_caries,no_caries,0.741,0.74103,0.09093,0.09672,0.07132
crops/hibogi_ai_01425_png_1.jpg,hibogi_ai_01425_png,HIBOGI_AI_01425_png_jpg.rf.621d19ec582fad0d5758758f525b3f78.jpg,,0,0,no_caries,no_caries,0.7146,0.71463,0.17634,0.05992,0.04911
crops/hibogi_ai_01425_png_2.jpg,hibogi_ai_01425_png,HIBOGI_AI_01425_png_jpg.rf.621d19ec582fad0d5758758f525b3f78.jpg,,0,0,no_caries,no_caries,0.7694,0.7694,0.06426,0.10961,0.05673
crops/hibogi_ai_01425_png_3.jpg,hibogi_ai_01425_png,HIBOGI_AI_01425_png_jpg.rf.621d19ec582fad0d5758758f525b3f78.jpg,,0,0,no_caries,no_caries,0.7786,0.77857,0.0867,0.06551,0.06921
crops/hibogi_ai_01425_png_4.jpg,hibogi_ai_01425_png,HIBOGI_AI_01425_png_jpg.rf.621d19ec582fad0d5758758f525b3f78.jpg,,5,0,advanced,advanced,0.9588,0.00892,0.01682,0.01546,0.9588
crops/hibogi_ai_01425_png_5.jpg,hibogi_ai_01425_png,HIBOGI_AI_01425_png_jpg.rf.621d19ec582fad0d5758758f525b3f78.jpg,,0,0,no_caries,no_caries,0.8264,0.82637,0.0962,0.03463,0.0428
crops/hibogi_ai_01425_png_6.jpg,hibogi_ai_01425_png,HIBOGI_AI_01425_png_jpg.rf.621d19ec582fad0d5758758f525b3f78.jpg,,0,0,no_caries,mild,0.656,0.21542,0.65598,0.04338,0.08522
crops/hibogi_ai_01425_png_7.jpg,hibogi_ai_01425_png,HIBOGI_AI_01425_png_jpg.rf.621d19ec582fad0d5758758f525b3f78.jpg,,0,0,no_caries,no_caries,0.5522,0.55223,0.32494,0.07538,0.04744
crops/hibogi_ai_01425_png_8.jpg,hibogi_ai_01425_png,HIBOGI_AI_01425_png_jpg.rf.621d19ec582fad0d5758758f525b3f78.jpg,,0,0,no_caries,no_caries,0.6756,0.67561,0.11758,0.08454,0.12226
crops/hibogi_ai_01425_png_9.jpg,hibogi_ai_01425_png,HIBOGI_AI_01425_png_jpg.rf.621d19ec582fad0d5758758f525b3f78.jpg,,0,0,no_caries,no_caries,0.731,0.73096,0.08891,0.10354,0.07659
crops/hibogi_ai_01425_png_10.jpg,hibogi_ai_01425_png,HIBOGI_AI_01425_png_jpg.rf.621d19ec582fad0d5758758f525b3f78.jpg,,0,0,no_caries,no_caries,0.8516,0.85164,0.04048,0.06272,0.04515
crops/hibogi_ai_01425_png_11.jpg,hibogi_ai_01425_png,HIBOGI_AI_01425_png_jpg.rf.621d19ec582fad0d5758758f525b3f78.jpg,,0,0,no_caries,no_caries,0.7828,0.78279,0.06124,0.10771,0.04825
crops/hibogi_ai_01425_png_12.jpg,hibogi_ai_01425_png,HIBOGI_AI_01425_png_jpg.rf.621d19ec582fad0d5758758f525b3f78.jpg,,0,0,no_caries,no_caries,0.6794,0.67943,0.09305,0.14054,0.08698
crops/hibogi_ai_01425_png_13.jpg,hibogi_ai_01425_png,HIBOGI_AI_01425_png_jpg.rf.621d19ec582fad0d5758758f525b3f78.jpg,,0,0,no_caries,no_caries,0.8386,0.83855,0.07182,0.04692,0.0427
crops/hibogi_ai_01425_png_14.jpg,hibogi_ai_01425_png,HIBOGI_AI_01425_png_jpg.rf.621d19ec582fad0d5758758f525b3f78.jpg,,0,0,no_caries,no_caries,0.7133,0.71335,0.20331,0.04622,0.03712
crops/hibogi_ai_01425_png_15.jpg,hibogi_ai_01425_png,HIBOGI_AI_01425_png_jpg.rf.621d19ec582fad0d5758758f525b3f78.jpg,,0,0,no_caries,moderate,0.4005,0.20189,0.22753,0.40048,0.1701
crops/hibogi_ai_01426_png_0.jpg,hibogi_ai_01426_png,HIBOGI_AI_01426_png_jpg.rf.dcecd38dd044b1c223f2ee47bb84eee3.jpg,,3,0,moderate,moderate,0.5417,0.02429,0.42406,0.54175,0.0099
crops/hibogi_ai_01426_png_1.jpg,hibogi_ai_01426_png,HIBOGI_AI_01426_png_jpg.rf.dcecd38dd044b1c223f2ee47bb84eee3.jpg,,3,0,moderate,moderate,0.6254,0.02975,0.19764,0.62536,0.14725
crops/hibogi_ai_01426_png_2.jpg,hibogi_ai_01426_png,HIBOGI_AI_01426_png_jpg.rf.dcecd38dd044b1c223f2ee47bb84eee3.jpg,,6,0,advanced,advanced,0.8733,0.01045,0.03253,0.08372,0.8733
crops/hibogi_ai_01426_png_3.jpg,hibogi_ai_01426_png,HIBOGI_AI_01426_png_jpg.rf.dcecd38dd044b1c223f2ee47bb84eee3.jpg,,3,0,moderate,moderate,0.9203,0.01953,0.01476,0.92028,0.04542
crops/hibogi_ai_01426_png_4.jpg,hibogi_ai_01426_png,HIBOGI_AI_01426_png_jpg.rf.dcecd38dd044b1c223f2ee47bb84eee3.jpg,,2,0,mild,no_caries,0.5536,0.55363,0.32405,0.08792,0.0344
crops/hibogi_ai_01426_png_5.jpg,hibogi_ai_01426_png,HIBOGI_AI_01426_png_jpg.rf.dcecd38dd044b1c223f2ee47bb84eee3.jpg,,0,0,no_caries,no_caries,0.867,0.86702,0.02405,0.08545,0.02348
crops/hibogi_ai_01426_png_6.jpg,hibogi_ai_01426_png,HIBOGI_AI_01426_png_jpg.rf.dcecd38dd044b1c223f2ee47bb84eee3.jpg,,0,0,no_caries,no_caries,0.8666,0.86663,0.0382,0.05291,0.04226
crops/hibogi_ai_01426_png_7.jpg,hibogi_ai_01426_png,HIBOGI_AI_01426_png_jpg.rf.dcecd38dd044b1c223f2ee47bb84eee3.jpg,,0,0,no_caries,no_caries,0.7063,0.70626,0.1545,0.09177,0.04747
crops/hibogi_ai_01426_png_8.jpg,hibogi_ai_01426_png,HIBOGI_AI_01426_png_jpg.rf.dcecd38dd044b1c223f2ee47bb84eee3.jpg,,5,0,advanced,advanced,0.9655,0.01128,0.01005,0.01318,0.96549
crops/hibogi_ai_01426_png_9.jpg,hibogi_ai_01426_png,HIBOGI_AI_01426_png_jpg.rf.dcecd38dd044b1c223f2ee47bb84eee3.jpg,,5,0,advanced,advanced,0.9513,0.00586,0.01092,0.03193,0.9513
crops/hibogi_ai_01426_png_10.jpg,hibogi_ai_01426_png,HIBOGI_AI_01426_png_jpg.rf.dcecd38dd044b1c223f2ee47bb84eee3.jpg,,1,0,mild,no_caries,0.7032,0.70319,0.09698,0.06942,0.13042
crops/hibogi_ai_01426_png_11.jpg,hibogi_ai_01426_png,HIBOGI_AI_01426_png_jpg.rf.dcecd38dd044b1c223f2ee47bb84eee3.jpg,,0,0,no_caries,no_caries,0.3938,0.39376,0.15155,0.23644,0.21825
crops/hibogi_ai_01426_png_12.jpg,hibogi_ai_01426_png,HIBOGI_AI_01426_png_jpg.rf.dcecd38dd044b1c223f2ee47bb84eee3.jpg,,4,0,moderate,no_caries,0.6769,0.67689,0.13711,0.15539,0.03061
crops/hibogi_ai_01429_png_0.jpg,hibogi_ai_01429_png,HIBOGI_AI_01429_png_jpg.rf.36fb1172234d4d61a90754d029acc289.jpg,,0,0,no_caries,no_caries,0.7982,0.79818,0.09119,0.05766,0.05297
crops/hibogi_ai_01429_png_1.jpg,hibogi_ai_01429_png,HIBOGI_AI_01429_png_jpg.rf.36fb1172234d4d61a90754d029acc289.jpg,,0,0,no_caries,no_caries,0.5553,0.55526,0.05258,0.08549,0.30667
crops/hibogi_ai_01429_png_2.jpg,hibogi_ai_01429_png,HIBOGI_AI_01429_png_jpg.rf.36fb1172234d4d61a90754d029acc289.jpg,,0,0,no_caries,no_caries,0.7807,0.78073,0.03362,0.09671,0.08894
crops/hibogi_ai_01429_png_3.jpg,hibogi_ai_01429_png,HIBOGI_AI_01429_png_jpg.rf.36fb1172234d4d61a90754d029acc289.jpg,,0,0,no_caries,no_caries,0.8436,0.84358,0.03792,0.05146,0.06704
crops/hibogi_ai_01429_png_4.jpg,hibogi_ai_01429_png,HIBOGI_AI_01429_png_jpg.rf.36fb1172234d4d61a90754d029acc289.jpg,,6,0,advanced,moderate,0.6054,0.0366,0.19807,0.60543,0.1599
crops/hibogi_ai_01429_png_5.jpg,hibogi_ai_01429_png,HIBOGI_AI_01429_png_jpg.rf.36fb1172234d4d61a90754d029acc289.jpg,,6,0,advanced,advanced,0.9444,0.01834,0.01692,0.02034,0.9444
crops/hibogi_ai_01429_png_6.jpg,hibogi_ai_01429_png,HIBOGI_AI_01429_png_jpg.rf.36fb1172234d4d61a90754d029acc289.jpg,,0,0,no_caries,no_caries,0.7643,0.76431,0.08191,0.10131,0.05246
crops/hibogi_ai_01429_png_7.jpg,hibogi_ai_01429_png,HIBOGI_AI_01429_png_jpg.rf.36fb1172234d4d61a90754d029acc289.jpg,,0,0,no_caries,no_caries,0.6283,0.62831,0.01677,0.31397,0.04095
crops/hibogi_ai_01429_png_8.jpg,hibogi_ai_01429_png,HIBOGI_AI_01429_png_jpg.rf.36fb1172234d4d61a90754d029acc289.jpg,,0,0,no_caries,no_caries,0.7578,0.75785,0.04052,0.12876,0.07287
crops/hibogi_ai_01429_png_9.jpg,hibogi_ai_01429_png,HIBOGI_AI_01429_png_jpg.rf.36fb1172234d4d61a90754d029acc289.jpg,,0,0,no_caries,no_caries,0.4992,0.49915,0.42003,0.0265,0.05432
crops/hibogi_ai_01429_png_10.jpg,hibogi_ai_01429_png,HIBOGI_AI_01429_png_jpg.rf.36fb1172234d4d61a90754d029acc289.jpg,,3,0,moderate,moderate,0.4984,0.31981,0.14192,0.49837,0.0399
crops/hibogi_ai_01429_png_11.jpg,hibogi_ai_01429_png,HIBOGI_AI_01429_png_jpg.rf.36fb1172234d4d61a90754d029acc289.jpg,,6,0,advanced,advanced,0.9732,0.00645,0.00643,0.01396,0.97316
crops/hibogi_ai_01432_png_0.jpg,hibogi_ai_01432_png,HIBOGI_AI_01432_png_jpg.rf.baf0224fa60e01b44a3a250926f39a82.jpg,,5,0,advanced,mild,0.4504,0.16608,0.45036,0.35316,0.0304
crops/hibogi_ai_01432_png_1.jpg,hibogi_ai_01432_png,HIBOGI_AI_01432_png_jpg.rf.baf0224fa60e01b44a3a250926f39a82.jpg,,0,0,no_caries,no_caries,0.516,0.51604,0.04078,0.24349,0.19969
crops/hibogi_ai_01432_png_2.jpg,hibogi_ai_01432_png,HIBOGI_AI_01432_png_jpg.rf.baf0224fa60e01b44a3a250926f39a82.jpg,,0,0,no_caries,no_caries,0.915,0.915,0.02301,0.02389,0.03811
crops/hibogi_ai_01432_png_3.jpg,hibogi_ai_01432_png,HIBOGI_AI_01432_png_jpg.rf.baf0224fa60e01b44a3a250926f39a82.jpg,,0,0,no_caries,no_caries,0.8822,0.88221,0.03014,0.02451,0.06314
crops/hibogi_ai_01432_png_4.jpg,hibogi_ai_01432_png,HIBOGI_AI_01432_png_jpg.rf.baf0224fa60e01b44a3a250926f39a82.jpg,,0,0,no_caries,no_caries,0.6168,0.61684,0.14199,0.16492,0.07625
crops/hibogi_ai_01432_png_5.jpg,hibogi_ai_01432_png,HIBOGI_AI_01432_png_jpg.rf.baf0224fa60e01b44a3a250926f39a82.jpg,,0,0,no_caries,no_caries,0.8943,0.89425,0.03881,0.02816,0.03878
crops/hibogi_ai_01432_png_6.jpg,hibogi_ai_01432_png,HIBOGI_AI_01432_png_jpg.rf.baf0224fa60e01b44a3a250926f39a82.jpg,,0,0,no_caries,no_caries,0.8915,0.89152,0.04087,0.02958,0.03803
crops/hibogi_ai_01432_png_7.jpg,hibogi_ai_01432_png,HIBOGI_AI_01432_png_jpg.rf.baf0224fa60e01b44a3a250926f39a82.jpg,,0,0,no_caries,mild,0.386,0.17717,0.38601,0.16133,0.27549
crops/hibogi_ai_01432_png_8.jpg,hibogi_ai_01432_png,HIBOGI_AI_01432_png_jpg.rf.baf0224fa60e01b44a3a250926f39a82.jpg,,5,0,advanced,advanced,0.7993,0.04156,0.08242,0.0767,0.79932
crops/hibogi_ai_01435_png_0.jpg,hibogi_ai_01435_png,HIBOGI_AI_01435_png_jpg.rf.2957e93d992cdc461e5fcde3b9ddebfd.jpg,,0,0,no_caries,no_caries,0.6809,0.68086,0.04902,0.18668,0.08343
crops/hibogi_ai_01435_png_1.jpg,hibogi_ai_01435_png,HIBOGI_AI_01435_png_jpg.rf.2957e93d992cdc461e5fcde3b9ddebfd.jpg,,0,0,no_caries,no_caries,0.7594,0.75937,0.04932,0.06085,0.13046
crops/hibogi_ai_01435_png_2.jpg,hibogi_ai_01435_png,HIBOGI_AI_01435_png_jpg.rf.2957e93d992cdc461e5fcde3b9ddebfd.jpg,,0,0,no_caries,moderate,0.8266,0.07599,0.00969,0.82658,0.08774
crops/hibogi_ai_01435_png_3.jpg,hibogi_ai_01435_png,HIBOGI_AI_01435_png_jpg.rf.2957e93d992cdc461e5fcde3b9ddebfd.jpg,,0,0,no_caries,no_caries,0.7524,0.75242,0.15606,0.05818,0.03334
crops/hibogi_ai_01435_png_4.jpg,hibogi_ai_01435_png,HIBOGI_AI_01435_png_jpg.rf.2957e93d992cdc461e5fcde3b9ddebfd.jpg,,0,0,no_caries,no_caries,0.7634,0.76343,0.12263,0.05718,0.05677
crops/hibogi_ai_01435_png_5.jpg,hibogi_ai_01435_png,HIBOGI_AI_01435_png_jpg.rf.2957e93d992cdc461e5fcde3b9ddebfd.jpg,,0,0,no_caries,no_caries,0.8038,0.8038,0.09244,0.0719,0.03185
crops/hibogi_ai_01435_png_6.jpg,hibogi_ai_01435_png,HIBOGI_AI_01435_png_jpg.rf.2957e93d992cdc461e5fcde3b9ddebfd.jpg,,0,0,no_caries,no_caries,0.6413,0.6413,0.25932,0.06238,0.037
crops/hibogi_ai_01435_png_7.jpg,hibogi_ai_01435_png,HIBOGI_AI_01435_png_jpg.rf.2957e93d992cdc461e5fcde3b9ddebfd.jpg,,0,0,no_caries,no_caries,0.7288,0.72878,0.1236,0.07608,0.07154
crops/hibogi_ai_01435_png_8.jpg,hibogi_ai_01435_png,HIBOGI_AI_01435_png_jpg.rf.2957e93d992cdc461e5fcde3b9ddebfd.jpg,,0,0,no_caries,no_caries,0.8399,0.83986,0.07852,0.04338,0.03824
crops/hibogi_ai_01435_png_9.jpg,hibogi_ai_01435_png,HIBOGI_AI_01435_png_jpg.rf.2957e93d992cdc461e5fcde3b9ddebfd.jpg,,0,0,no_caries,no_caries,0.8094,0.80942,0.05662,0.09227,0.04168
crops/hibogi_ai_01435_png_10.jpg,hibogi_ai_01435_png,HIBOGI_AI_01435_png_jpg.rf.2957e93d992cdc461e5fcde3b9ddebfd.jpg,,0,0,no_caries,no_caries,0.6091,0.60913,0.2828,0.04446,0.0636
crops/hibogi_ai_01435_png_11.jpg,hibogi_ai_01435_png,HIBOGI_AI_01435_png_jpg.rf.2957e93d992cdc461e5fcde3b9ddebfd.jpg,,0,0,no_caries,no_caries,0.8003,0.80034,0.08476,0.05649,0.05842
crops/hibogi_ai_01435_png_12.jpg,hibogi_ai_01435_png,HIBOGI_AI_01435_png_jpg.rf.2957e93d992cdc461e5fcde3b9ddebfd.jpg,,0,0,no_caries,no_caries,0.8495,0.84952,0.03962,0.03657,0.07429
crops/hibogi_ai_01435_png_13.jpg,hibogi_ai_01435_png,HIBOGI_AI_01435_png_jpg.rf.2957e93d992cdc461e5fcde3b9ddebfd.jpg,,0,0,no_caries,no_caries,0.8732,0.87317,0.03963,0.06463,0.02257
crops/hibogi_ai_01435_png_14.jpg,hibogi_ai_01435_png,HIBOGI_AI_01435_png_jpg.rf.2957e93d992cdc461e5fcde3b9ddebfd.jpg,,4,0,moderate,no_caries,0.7272,0.72718,0.10677,0.14251,0.02354
crops/hibogi_ai_01441_png_0.jpg,hibogi_ai_01441_png,HIBOGI_AI_01441_png_jpg.rf.f3cc09793cb8e1d50a5d1ce70e08dde9.jpg,,0,0,no_caries,no_caries,0.7973,0.79727,0.13215,0.04105,0.02953
crops/hibogi_ai_01441_png_1.jpg,hibogi_ai_01441_png,HIBOGI_AI_01441_png_jpg.rf.f3cc09793cb8e1d50a5d1ce70e08dde9.jpg,,0,0,no_caries,no_caries,0.728,0.72798,0.2024,0.03939,0.03023
crops/hibogi_ai_01441_png_2.jpg,hibogi_ai_01441_png,HIBOGI_AI_01441_png_jpg.rf.f3cc09793cb8e1d50a5d1ce70e08dde9.jpg,,0,0,no_caries,no_caries,0.7974,0.79745,0.09536,0.07039,0.0368
crops/hibogi_ai_01441_png_3.jpg,hibogi_ai_01441_png,HIBOGI_AI_01441_png_jpg.rf.f3cc09793cb8e1d50a5d1ce70e08dde9.jpg,,0,0,no_caries,no_caries,0.838,0.83804,0.03906,0.0765,0.0464
crops/hibogi_ai_01441_png_4.jpg,hibogi_ai_01441_png,HIBOGI_AI_01441_png_jpg.rf.f3cc09793cb8e1d50a5d1ce70e08dde9.jpg,,0,0,no_caries,no_caries,0.8486,0.84865,0.03682,0.05095,0.06359
crops/hibogi_ai_01441_png_5.jpg,hibogi_ai_01441_png,HIBOGI_AI_01441_png_jpg.rf.f3cc09793cb8e1d50a5d1ce70e08dde9.jpg,,0,0,no_caries,no_caries,0.8177,0.81765,0.09544,0.04044,0.04647
crops/hibogi_ai_01441_png_6.jpg,hibogi_ai_01441_png,HIBOGI_AI_01441_png_jpg.rf.f3cc09793cb8e1d50a5d1ce70e08dde9.jpg,,0,0,no_caries,no_caries,0.621,0.62103,0.02308,0.32998,0.02591
crops/hibogi_ai_01441_png_7.jpg,hibogi_ai_01441_png,HIBOGI_AI_01441_png_jpg.rf.f3cc09793cb8e1d50a5d1ce70e08dde9.jpg,,0,0,no_caries,no_caries,0.5011,0.50115,0.09705,0.34436,0.05744
crops/hibogi_ai_01441_png_8.jpg,hibogi_ai_01441_png,HIBOGI_AI_01441_png_jpg.rf.f3cc09793cb8e1d50a5d1ce70e08dde9.jpg,,0,0,no_caries,no_caries,0.8681,0.86812,0.03236,0.02836,0.07117
crops/hibogi_ai_01441_png_9.jpg,hibogi_ai_01441_png,HIBOGI_AI_01441_png_jpg.rf.f3cc09793cb8e1d50a5d1ce70e08dde9.jpg,,0,0,no_caries,no_caries,0.8156,0.81557,0.05587,0.06633,0.06223
crops/hibogi_ai_01441_png_10.jpg,hibogi_ai_01441_png,HIBOGI_AI_01441_png_jpg.rf.f3cc09793cb8e1d50a5d1ce70e08dde9.jpg,,0,0,no_caries,no_caries,0.7809,0.78094,0.07614,0.08641,0.05651
crops/hibogi_ai_01441_png_11.jpg,hibogi_ai_01441_png,HIBOGI_AI_01441_png_jpg.rf.f3cc09793cb8e1d50a5d1ce70e08dde9.jpg,,0,0,no_caries,no_caries,0.7184,0.71841,0.16972,0.06977,0.04209
crops/hibogi_ai_01441_png_12.jpg,hibogi_ai_01441_png,HIBOGI_AI_01441_png_jpg.rf.f3cc09793cb8e1d50a5d1ce70e08dde9.jpg,,0,0,no_caries,no_caries,0.8537,0.85368,0.04666,0.06199,0.03767
crops/hibogi_ai_01442_png_0.jpg,hibogi_ai_01442_png,HIBOGI_AI_01442_png_jpg.rf.f6ca90bb1dc02d9d713be5178156b2ac.jpg,,0,0,no_caries,no_caries,0.665,0.66498,0.04954,0.15756,0.12793
crops/hibogi_ai_01442_png_1.jpg,hibogi_ai_01442_png,HIBOGI_AI_01442_png_jpg.rf.f6ca90bb1dc02d9d713be5178156b2ac.jpg,,0,0,no_caries,no_caries,0.706,0.70602,0.13716,0.08971,0.0671
crops/hibogi_ai_01442_png_2.jpg,hibogi_ai_01442_png,HIBOGI_AI_01442_png_jpg.rf.f6ca90bb1dc02d9d713be5178156b2ac.jpg,,0,0,no_caries,no_caries,0.7619,0.76189,0.09312,0.06401,0.08097
crops/hibogi_ai_01442_png_3.jpg,hibogi_ai_01442_png,HIBOGI_AI_01442_png_jpg.rf.f6ca90bb1dc02d9d713be5178156b2ac.jpg,,0,0,no_caries,no_caries,0.8296,0.82959,0.05864,0.05365,0.05811
crops/hibogi_ai_01442_png_4.jpg,hibogi_ai_01442_png,HIBOGI_AI_01442_png_jpg.rf.f6ca90bb1dc02d9d713be5178156b2ac.jpg,,0,0,no_caries,no_caries,0.717,0.71703,0.06499,0.09341,0.12456
crops/hibogi_ai_01442_png_5.jpg,hibogi_ai_01442_png,HIBOGI_AI_01442_png_jpg.rf.f6ca90bb1dc02d9d713be5178156b2ac.jpg,,0,0,no_caries,no_caries,0.7595,0.7595,0.12344,0.06762,0.04944
crops/hibogi_ai_01442_png_6.jpg,hibogi_ai_01442_png,HIBOGI_AI_01442_png_jpg.rf.f6ca90bb1dc02d9d713be5178156b2ac.jpg,,0,0,no_caries,no_caries,0.5039,0.50393,0.41204,0.05321,0.03083
crops/hibogi_ai_01442_png_7.jpg,hibogi_ai_01442_png,HIBOGI_AI_01442_png_jpg.rf.f6ca90bb1dc02d9d713be5178156b2ac.jpg,,0,0,no_caries,no_caries,0.8304,0.83035,0.09175,0.03882,0.03908
crops/hibogi_ai_01442_png_8.jpg,hibogi_ai_01442_png,HIBOGI_AI_01442_png_jpg.rf.f6ca90bb1dc02d9d713be5178156b2ac.jpg,,0,0,no_caries,no_caries,0.7867,0.78673,0.09913,0.0426,0.07153
crops/hibogi_ai_01442_png_9.jpg,hibogi_ai_01442_png,HIBOGI_AI_01442_png_jpg.rf.f6ca90bb1dc02d9d713be5178156b2ac.jpg,,0,0,no_caries,moderate,0.3813,0.21111,0.15553,0.38126,0.25209
crops/hibogi_ai_01444_png_0.jpg,hibogi_ai_01444_png,HIBOGI_AI_01444_png_jpg.rf.9e537b01e692f3aad6afcadcb434e76f.jpg,,2,0,mild,mild,0.8606,0.07212,0.86058,0.03402,0.03328
crops/hibogi_ai_01444_png_1.jpg,hibogi_ai_01444_png,HIBOGI_AI_01444_png_jpg.rf.9e537b01e692f3aad6afcadcb434e76f.jpg,,0,0,no_caries,no_caries,0.8423,0.84229,0.05189,0.04182,0.064
crops/hibogi_ai_01444_png_2.jpg,hibogi_ai_01444_png,HIBOGI_AI_01444_png_jpg.rf.9e537b01e692f3aad6afcadcb434e76f.jpg,,0,0,no_caries,no_caries,0.8355,0.8355,0.07034,0.05433,0.03984
crops/hibogi_ai_01444_png_3.jpg,hibogi_ai_01444_png,HIBOGI_AI_01444_png_jpg.rf.9e537b01e692f3aad6afcadcb434e76f.jpg,,0,0,no_caries,no_caries,0.8056,0.80565,0.07302,0.0506,0.07072
crops/hibogi_ai_01444_png_4.jpg,hibogi_ai_01444_png,HIBOGI_AI_01444_png_jpg.rf.9e537b01e692f3aad6afcadcb434e76f.jpg,,6,0,advanced,moderate,0.3735,0.22274,0.1416,0.37346,0.26219
crops/hibogi_ai_01444_png_5.jpg,hibogi_ai_01444_png,HIBOGI_AI_01444_png_jpg.rf.9e537b01e692f3aad6afcadcb434e76f.jpg,,0,0,no_caries,mild,0.6835,0.26153,0.68354,0.01728,0.03765
crops/hibogi_ai_01444_png_6.jpg,hibogi_ai_01444_png,HIBOGI_AI_01444_png_jpg.rf.9e537b01e692f3aad6afcadcb434e76f.jpg,,0,0,no_caries,no_caries,0.7391,0.73911,0.17035,0.03092,0.05962
crops/hibogi_ai_01444_png_7.jpg,hibogi_ai_01444_png,HIBOGI_AI_01444_png_jpg.rf.9e537b01e692f3aad6afcadcb434e76f.jpg,,0,0,no_caries,no_caries,0.7745,0.77449,0.10944,0.06789,0.04818
crops/hibogi_ai_01444_png_8.jpg,hibogi_ai_01444_png,HIBOGI_AI_01444_png_jpg.rf.9e537b01e692f3aad6afcadcb434e76f.jpg,,0,0,no_caries,no_caries,0.7756,0.77557,0.15749,0.02162,0.04532
crops/hibogi_ai_01444_png_9.jpg,hibogi_ai_01444_png,HIBOGI_AI_01444_png_jpg.rf.9e537b01e692f3aad6afcadcb434e76f.jpg,,0,0,no_caries,no_caries,0.789,0.78904,0.10648,0.04907,0.05541
crops/hibogi_ai_01444_png_10.jpg,hibogi_ai_01444_png,HIBOGI_AI_01444_png_jpg.rf.9e537b01e692f3aad6afcadcb434e76f.jpg,,0,0,no_caries,mild,0.8837,0.09952,0.88371,0.00476,0.012
crops/hibogi_ai_01444_png_11.jpg,hibogi_ai_01444_png,HIBOGI_AI_01444_png_jpg.rf.9e537b01e692f3aad6afcadcb434e76f.jpg,,0,0,no_caries,mild,0.4759,0.44747,0.47594,0.02069,0.0559
crops/hibogi_ai_01444_png_12.jpg,hibogi_ai_01444_png,HIBOGI_AI_01444_png_jpg.rf.9e537b01e692f3aad6afcadcb434e76f.jpg,,2,0,mild,no_caries,0.4494,0.44945,0.42549,0.04947,0.07559
crops/hibogi_ai_01446_png_0.jpg,hibogi_ai_01446_png,HIBOGI_AI_01446_png_jpg.rf.8df15d2d33a76574af9c9c7cccfd5537.jpg,,0,0,no_caries,no_caries,0.4839,0.4839,0.07952,0.4022,0.03439
crops/hibogi_ai_01446_png_1.jpg,hibogi_ai_01446_png,HIBOGI_AI_01446_png_jpg.rf.8df15d2d33a76574af9c9c7cccfd5537.jpg,,0,0,no_caries,no_caries,0.8501,0.85014,0.0207,0.09566,0.03351
crops/hibogi_ai_01446_png_2.jpg,hibogi_ai_01446_png,HIBOGI_AI_01446_png_jpg.rf.8df15d2d33a76574af9c9c7cccfd5537.jpg,,0,0,no_caries,no_caries,0.7079,0.70792,0.09913,0.12061,0.07234
crops/hibogi_ai_01446_png_3.jpg,hibogi_ai_01446_png,HIBOGI_AI_01446_png_jpg.rf.8df15d2d33a76574af9c9c7cccfd5537.jpg,,6,0,advanced,mild,0.5218,0.16169,0.52178,0.10794,0.20859
crops/hibogi_ai_01446_png_4.jpg,hibogi_ai_01446_png,HIBOGI_AI_01446_png_jpg.rf.8df15d2d33a76574af9c9c7cccfd5537.jpg,,0,0,no_caries,mild,0.942,0.03688,0.94205,0.00912,0.01195
crops/hibogi_ai_01446_png_5.jpg,hibogi_ai_01446_png,HIBOGI_AI_01446_png_jpg.rf.8df15d2d33a76574af9c9c7cccfd5537.jpg,,0,0,no_caries,no_caries,0.8183,0.81826,0.05611,0.0712,0.05443
crops/hibogi_ai_01446_png_6.jpg,hibogi_ai_01446_png,HIBOGI_AI_01446_png_jpg.rf.8df15d2d33a76574af9c9c7cccfd5537.jpg,,0,0,no_caries,no_caries,0.8258,0.8258,0.04506,0.06746,0.06167
crops/hibogi_ai_01446_png_7.jpg,hibogi_ai_01446_png,HIBOGI_AI_01446_png_jpg.rf.8df15d2d33a76574af9c9c7cccfd5537.jpg,,0,0,no_caries,no_caries,0.8765,0.87653,0.04461,0.0558,0.02307
crops/hibogi_ai_01446_png_8.jpg,hibogi_ai_01446_png,HIBOGI_AI_01446_png_jpg.rf.8df15d2d33a76574af9c9c7cccfd5537.jpg,,0,0,no_caries,no_caries,0.9165,0.9165,0.0324,0.02346,0.02763
crops/hibogi_ai_01446_png_9.jpg,hibogi_ai_01446_png,HIBOGI_AI_01446_png_jpg.rf.8df15d2d33a76574af9c9c7cccfd5537.jpg,,0,0,no_caries,no_caries,0.8188,0.81876,0.03346,0.07685,0.07093
crops/hibogi_ai_01455_png_0.jpg,hibogi_ai_01455_png,HIBOGI_AI_01455_png_jpg.rf.e65d5d86e1a90280ecd240ed47d0a20b.jpg,,0,0,no_caries,mild,0.4801,0.24389,0.48008,0.22317,0.05287
crops/hibogi_ai_01455_png_1.jpg,hibogi_ai_01455_png,HIBOGI_AI_01455_png_jpg.rf.e65d5d86e1a90280ecd240ed47d0a20b.jpg,,0,0,no_caries,no_caries,0.662,0.66199,0.10189,0.12423,0.11189
crops/hibogi_ai_01455_png_2.jpg,hibogi_ai_01455_png,HIBOGI_AI_01455_png_jpg.rf.e65d5d86e1a90280ecd240ed47d0a20b.jpg,,0,0,no_caries,no_caries,0.8406,0.84062,0.07817,0.03807,0.04313
crops/hibogi_ai_01455_png_3.jpg,hibogi_ai_01455_png,HIBOGI_AI_01455_png_jpg.rf.e65d5d86e1a90280ecd240ed47d0a20b.jpg,,0,0,no_caries,no_caries,0.7762,0.77619,0.05324,0.1165,0.05406
crops/hibogi_ai_01455_png_4.jpg,hibogi_ai_01455_png,HIBOGI_AI_01455_png_jpg.rf.e65d5d86e1a90280ecd240ed47d0a20b.jpg,,0,0,no_caries,no_caries,0.8102,0.81022,0.04258,0.08707,0.06014
crops/hibogi_ai_01455_png_5.jpg,hibogi_ai_01455_png,HIBOGI_AI_01455_png_jpg.rf.e65d5d86e1a90280ecd240ed47d0a20b.jpg,,0,0,no_caries,no_caries,0.7168,0.71681,0.13601,0.06484,0.08235
crops/hibogi_ai_01455_png_6.jpg,hibogi_ai_01455_png,HIBOGI_AI_01455_png_jpg.rf.e65d5d86e1a90280ecd240ed47d0a20b.jpg,,0,0,no_caries,no_caries,0.4722,0.47219,0.45553,0.03982,0.03246
crops/hibogi_ai_01455_png_7.jpg,hibogi_ai_01455_png,HIBOGI_AI_01455_png_jpg.rf.e65d5d86e1a90280ecd240ed47d0a20b.jpg,,0,0,no_caries,no_caries,0.7915,0.79151,0.11693,0.04229,0.04926
crops/hibogi_ai_01459_png_0.jpg,hibogi_ai_01459_png,HIBOGI_AI_01459_png_jpg.rf.ef2b086c019b75287924db590698ce57.jpg,,2,0,mild,no_caries,0.7295,0.72947,0.09121,0.08311,0.09622
crops/hibogi_ai_01459_png_1.jpg,hibogi_ai_01459_png,HIBOGI_AI_01459_png_jpg.rf.ef2b086c019b75287924db590698ce57.jpg,,0,0,no_caries,no_caries,0.7094,0.70943,0.20753,0.0497,0.03334
crops/hibogi_ai_01459_png_2.jpg,hibogi_ai_01459_png,HIBOGI_AI_01459_png_jpg.rf.ef2b086c019b75287924db590698ce57.jpg,,2,0,mild,no_caries,0.7871,0.78712,0.08857,0.07128,0.05302
crops/hibogi_ai_01459_png_3.jpg,hibogi_ai_01459_png,HIBOGI_AI_01459_png_jpg.rf.ef2b086c019b75287924db590698ce57.jpg,,0,0,no_caries,no_caries,0.7545,0.75448,0.09859,0.07209,0.07483
crops/hibogi_ai_01459_png_4.jpg,hibogi_ai_01459_png,HIBOGI_AI_01459_png_jpg.rf.ef2b086c019b75287924db590698ce57.jpg,,0,0,no_caries,no_caries,0.6815,0.68154,0.11743,0.15753,0.0435
crops/hibogi_ai_01459_png_5.jpg,hibogi_ai_01459_png,HIBOGI_AI_01459_png_jpg.rf.ef2b086c019b75287924db590698ce57.jpg,,1,0,mild,no_caries,0.6516,0.65157,0.18239,0.10551,0.06053
crops/hibogi_ai_01459_png_6.jpg,hibogi_ai_01459_png,HIBOGI_AI_01459_png_jpg.rf.ef2b086c019b75287924db590698ce57.jpg,,0,0,no_caries,no_caries,0.6243,0.62428,0.21446,0.02474,0.13652
crops/hibogi_ai_01459_png_7.jpg,hibogi_ai_01459_png,HIBOGI_AI_01459_png_jpg.rf.ef2b086c019b75287924db590698ce57.jpg,,0,0,no_caries,no_caries,0.4466,0.44665,0.42836,0.08969,0.0353
crops/hibogi_ai_01459_png_8.jpg,hibogi_ai_01459_png,HIBOGI_AI_01459_png_jpg.rf.ef2b086c019b75287924db590698ce57.jpg,,0,0,no_caries,no_caries,0.6017,0.60168,0.29533,0.06517,0.03783
crops/hibogi_ai_01459_png_9.jpg,hibogi_ai_01459_png,HIBOGI_AI_01459_png_jpg.rf.ef2b086c019b75287924db590698ce57.jpg,,0,0,no_caries,no_caries,0.6978,0.69785,0.16335,0.08622,0.05257
crops/hibogi_ai_01459_png_10.jpg,hibogi_ai_01459_png,HIBOGI_AI_01459_png_jpg.rf.ef2b086c019b75287924db590698ce57.jpg,,0,0,no_caries,no_caries,0.6519,0.6519,0.21112,0.08325,0.05373
crops/hibogi_ai_01459_png_11.jpg,hibogi_ai_01459_png,HIBOGI_AI_01459_png_jpg.rf.ef2b086c019b75287924db590698ce57.jpg,,0,0,no_caries,no_caries,0.8425,0.84248,0.05672,0.04683,0.05396
crops/hibogi_ai_01459_png_12.jpg,hibogi_ai_01459_png,HIBOGI_AI_01459_png_jpg.rf.ef2b086c019b75287924db590698ce57.jpg,,0,0,no_caries,no_caries,0.7654,0.76538,0.1036,0.0694,0.06162
crops/hibogi_ai_01459_png_13.jpg,hibogi_ai_01459_png,HIBOGI_AI_01459_png_jpg.rf.ef2b086c019b75287924db590698ce57.jpg,,0,0,no_caries,no_caries,0.6979,0.69794,0.15399,0.07638,0.07169
crops/hibogi_ai_01459_png_14.jpg,hibogi_ai_01459_png,HIBOGI_AI_01459_png_jpg.rf.ef2b086c019b75287924db590698ce57.jpg,,0,0,no_caries,no_caries,0.7976,0.79762,0.10239,0.0461,0.0539
crops/hibogi_ai_01459_png_15.jpg,hibogi_ai_01459_png,HIBOGI_AI_01459_png_jpg.rf.ef2b086c019b75287924db590698ce57.jpg,,0,0,no_caries,no_caries,0.719,0.71904,0.15631,0.08113,0.04352
crops/hibogi_ai_01460_png_0.jpg,hibogi_ai_01460_png,HIBOGI_AI_01460_png_jpg.rf.63f6048b1e652e32a1d45eeddc005b29.jpg,,0,0,no_caries,no_caries,0.467,0.46699,0.08029,0.32915,0.12357
crops/hibogi_ai_01460_png_1.jpg,hibogi_ai_01460_png,HIBOGI_AI_01460_png_jpg.rf.63f6048b1e652e32a1d45eeddc005b29.jpg,,0,0,no_caries,no_caries,0.6775,0.67748,0.16115,0.05475,0.10662
crops/hibogi_ai_01460_png_2.jpg,hibogi_ai_01460_png,HIBOGI_AI_01460_png_jpg.rf.63f6048b1e652e32a1d45eeddc005b29.jpg,,0,0,no_caries,no_caries,0.4696,0.46957,0.31996,0.09975,0.11071
crops/hibogi_ai_01460_png_3.jpg,hibogi_ai_01460_png,HIBOGI_AI_01460_png_jpg.rf.63f6048b1e652e32a1d45eeddc005b29.jpg,,0,0,no_caries,no_caries,0.8189,0.81888,0.05053,0.05706,0.07354
crops/hibogi_ai_01460_png_4.jpg,hibogi_ai_01460_png,HIBOGI_AI_01460_png_jpg.rf.63f6048b1e652e32a1d45eeddc005b29.jpg,,0,0,no_caries,no_caries,0.7454,0.74536,0.13872,0.06524,0.05068
crops/hibogi_ai_01460_png_5.jpg,hibogi_ai_01460_png,HIBOGI_AI_01460_png_jpg.rf.63f6048b1e652e32a1d45eeddc005b29.jpg,,0,0,no_caries,no_caries,0.6923,0.69226,0.19551,0.03987,0.07235
crops/hibogi_ai_01460_png_7.jpg,hibogi_ai_01460_png,HIBOGI_AI_01460_png_jpg.rf.63f6048b1e652e32a1d45eeddc005b29.jpg,,0,0,no_caries,no_caries,0.601,0.60105,0.31436,0.04073,0.04387
crops/hibogi_ai_01460_png_9.jpg,hibogi_ai_01460_png,HIBOGI_AI_01460_png_jpg.rf.63f6048b1e652e32a1d45eeddc005b29.jpg,,0,0,no_caries,no_caries,0.5978,0.59779,0.26291,0.06793,0.07137
crops/hibogi_ai_01460_png_10.jpg,hibogi_ai_01460_png,HIBOGI_AI_01460_png_jpg.rf.63f6048b1e652e32a1d45eeddc005b29.jpg,,0,0,no_caries,no_caries,0.5772,0.57718,0.30755,0.03115,0.08412
crops/hibogi_ai_01460_png_11.jpg,hibogi_ai_01460_png,HIBOGI_AI_01460_png_jpg.rf.63f6048b1e652e32a1d45eeddc005b29.jpg,,0,0,no_caries,no_caries,0.4459,0.44593,0.40394,0.04605,0.10408
crops/hibogi_ai_01460_png_12.jpg,hibogi_ai_01460_png,HIBOGI_AI_01460_png_jpg.rf.63f6048b1e652e32a1d45eeddc005b29.jpg,,0,0,no_caries,moderate,0.4523,0.27534,0.05456,0.4523,0.2178
crops/hibogi_ai_01461_png_0.jpg,hibogi_ai_01461_png,HIBOGI_AI_01461_png_jpg.rf.e3fba64ff0ca5bb885bef7b03dfe2545.jpg,,0,0,no_caries,no_caries,0.8511,0.85113,0.04735,0.04855,0.05298
crops/hibogi_ai_01461_png_1.jpg,hibogi_ai_01461_png,HIBOGI_AI_01461_png_jpg.rf.e3fba64ff0ca5bb885bef7b03dfe2545.jpg,,0,0,no_caries,no_caries,0.7777,0.7777,0.09581,0.0551,0.07138
crops/hibogi_ai_01461_png_2.jpg,hibogi_ai_01461_png,HIBOGI_AI_01461_png_jpg.rf.e3fba64ff0ca5bb885bef7b03dfe2545.jpg,,0,0,no_caries,no_caries,0.757,0.757,0.04522,0.10762,0.09016
crops/hibogi_ai_01461_png_3.jpg,hibogi_ai_01461_png,HIBOGI_AI_01461_png_jpg.rf.e3fba64ff0ca5bb885bef7b03dfe2545.jpg,,0,0,no_caries,no_caries,0.7611,0.76107,0.03232,0.07074,0.13586
crops/hibogi_ai_01461_png_4.jpg,hibogi_ai_01461_png,HIBOGI_AI_01461_png_jpg.rf.e3fba64ff0ca5bb885bef7b03dfe2545.jpg,,0,0,no_caries,no_caries,0.7102,0.71015,0.1328,0.11702,0.04003
crops/hibogi_ai_01461_png_5.jpg,hibogi_ai_01461_png,HIBOGI_AI_01461_png_jpg.rf.e3fba64ff0ca5bb885bef7b03dfe2545.jpg,,0,0,no_caries,no_caries,0.7864,0.78645,0.08979,0.03095,0.09281
crops/hibogi_ai_01461_png_6.jpg,hibogi_ai_01461_png,HIBOGI_AI_01461_png_jpg.rf.e3fba64ff0ca5bb885bef7b03dfe2545.jpg,,0,0,no_caries,no_caries,0.7692,0.76925,0.07859,0.06471,0.08745
crops/hibogi_ai_01461_png_7.jpg,hibogi_ai_01461_png,HIBOGI_AI_01461_png_jpg.rf.e3fba64ff0ca5bb885bef7b03dfe2545.jpg,,0,0,no_caries,no_caries,0.7678,0.7678,0.08484,0.06539,0.08197
crops/hibogi_ai_01461_png_8.jpg,hibogi_ai_01461_png,HIBOGI_AI_01461_png_jpg.rf.e3fba64ff0ca5bb885bef7b03dfe2545.jpg,,0,0,no_caries,no_caries,0.5084,0.50844,0.37423,0.049,0.06834
crops/hibogi_ai_01461_png_9.jpg,hibogi_ai_01461_png,HIBOGI_AI_01461_png_jpg.rf.e3fba64ff0ca5bb885bef7b03dfe2545.jpg,,0,0,no_caries,no_caries,0.532,0.53204,0.30838,0.12908,0.03049
crops/hibogi_ai_01463_png_0.jpg,hibogi_ai_01463_png,HIBOGI_AI_01463_png_jpg.rf.e66237da2598d66dec25e58892cdb298.jpg,,0,0,no_caries,no_caries,0.6192,0.61918,0.01367,0.33962,0.02753
crops/hibogi_ai_01463_png_1.jpg,hibogi_ai_01463_png,HIBOGI_AI_01463_png_jpg.rf.e66237da2598d66dec25e58892cdb298.jpg,,0,0,no_caries,no_caries,0.7349,0.73493,0.01767,0.20161,0.04579
crops/hibogi_ai_01463_png_2.jpg,hibogi_ai_01463_png,HIBOGI_AI_01463_png_jpg.rf.e66237da2598d66dec25e58892cdb298.jpg,,0,0,no_caries,no_caries,0.3823,0.38231,0.34693,0.24831,0.02245
crops/hibogi_ai_01463_png_3.jpg,hibogi_ai_01463_png,HIBOGI_AI_01463_png_jpg.rf.e66237da2598d66dec25e58892cdb298.jpg,,0,0,no_caries,no_caries,0.7845,0.78451,0.11722,0.0695,0.02877
crops/hibogi_ai_01463_png_4.jpg,hibogi_ai_01463_png,HIBOGI_AI_01463_png_jpg.rf.e66237da2598d66dec25e58892cdb298.jpg,,0,0,no_caries,no_caries,0.8408,0.84076,0.04939,0.08682,0.02304
crops/hibogi_ai_01463_png_5.jpg,hibogi_ai_01463_png,HIBOGI_AI_01463_png_jpg.rf.e66237da2598d66dec25e58892cdb298.jpg,,0,0,no_caries,no_caries,0.5213,0.52125,0.31376,0.10534,0.05965
crops/hibogi_ai_01463_png_6.jpg,hibogi_ai_01463_png,HIBOGI_AI_01463_png_jpg.rf.e66237da2598d66dec25e58892cdb298.jpg,,0,0,no_caries,mild,0.6725,0.20638,0.67247,0.02589,0.09526
crops/hibogi_ai_01463_png_7.jpg,hibogi_ai_01463_png,HIBOGI_AI_01463_png_jpg.rf.e66237da2598d66dec25e58892cdb298.jpg,,0,0,no_caries,no_caries,0.5408,0.54081,0.33879,0.04838,0.07202
crops/hibogi_ai_01463_png_8.jpg,hibogi_ai_01463_png,HIBOGI_AI_01463_png_jpg.rf.e66237da2598d66dec25e58892cdb298.jpg,,0,0,no_caries,no_caries,0.5502,0.55016,0.28494,0.14089,0.02401
crops/hibogi_ai_01463_png_9.jpg,hibogi_ai_01463_png,HIBOGI_AI_01463_png_jpg.rf.e66237da2598d66dec25e58892cdb298.jpg,,0,0,no_caries,no_caries,0.7651,0.7651,0.11973,0.07179,0.04338
crops/hibogi_ai_01463_png_10.jpg,hibogi_ai_01463_png,HIBOGI_AI_01463_png_jpg.rf.e66237da2598d66dec25e58892cdb298.jpg,,0,0,no_caries,no_caries,0.7188,0.71879,0.13925,0.11851,0.02345
crops/hibogi_ai_01463_png_11.jpg,hibogi_ai_01463_png,HIBOGI_AI_01463_png_jpg.rf.e66237da2598d66dec25e58892cdb298.jpg,,0,0,no_caries,no_caries,0.5358,0.53579,0.19854,0.19678,0.06888
crops/hibogi_ai_01463_png_12.jpg,hibogi_ai_01463_png,HIBOGI_AI_01463_png_jpg.rf.e66237da2598d66dec25e58892cdb298.jpg,,0,0,no_caries,moderate,0.5513,0.4259,0.00534,0.55126,0.01751
crops/hibogi_ai_01464_png_0.jpg,hibogi_ai_01464_png,HIBOGI_AI_01464_png_jpg.rf.f9b9142f849b9e207a774fb74ea64431.jpg,,6,0,advanced,moderate,0.8912,0.00912,0.03903,0.89121,0.06064
crops/hibogi_ai_01464_png_1.jpg,hibogi_ai_01464_png,HIBOGI_AI_01464_png_jpg.rf.f9b9142f849b9e207a774fb74ea64431.jpg,,0,0,no_caries,no_caries,0.5981,0.59815,0.18387,0.06203,0.15595
crops/hibogi_ai_01464_png_2.jpg,hibogi_ai_01464_png,HIBOGI_AI_01464_png_jpg.rf.f9b9142f849b9e207a774fb74ea64431.jpg,,0,0,no_caries,no_caries,0.8348,0.83485,0.05216,0.05809,0.0549
crops/hibogi_ai_01464_png_3.jpg,hibogi_ai_01464_png,HIBOGI_AI_01464_png_jpg.rf.f9b9142f849b9e207a774fb74ea64431.jpg,,0,0,no_caries,no_caries,0.8485,0.84854,0.03036,0.06471,0.05639
crops/hibogi_ai_01464_png_4.jpg,hibogi_ai_01464_png,HIBOGI_AI_01464_png_jpg.rf.f9b9142f849b9e207a774fb74ea64431.jpg,,0,0,no_caries,no_caries,0.8148,0.8148,0.0741,0.06453,0.04657
crops/hibogi_ai_01464_png_5.jpg,hibogi_ai_01464_png,HIBOGI_AI_01464_png_jpg.rf.f9b9142f849b9e207a774fb74ea64431.jpg,,0,0,no_caries,no_caries,0.8108,0.81076,0.10222,0.04454,0.04249
crops/hibogi_ai_01464_png_6.jpg,hibogi_ai_01464_png,HIBOGI_AI_01464_png_jpg.rf.f9b9142f849b9e207a774fb74ea64431.jpg,,0,0,no_caries,advanced,0.9164,0.05117,0.0272,0.00527,0.91637
crops/hibogi_ai_01464_png_7.jpg,hibogi_ai_01464_png,HIBOGI_AI_01464_png_jpg.rf.f9b9142f849b9e207a774fb74ea64431.jpg,,0,0,no_caries,no_caries,0.4929,0.49289,0.02745,0.18326,0.2964
crops/hibogi_ai_01464_png_8.jpg,hibogi_ai_01464_png,HIBOGI_AI_01464_png_jpg.rf.f9b9142f849b9e207a774fb74ea64431.jpg,,0,0,no_caries,no_caries,0.7298,0.72982,0.11355,0.05497,0.10166
crops/hibogi_ai_01464_png_9.jpg,hibogi_ai_01464_png,HIBOGI_AI_01464_png_jpg.rf.f9b9142f849b9e207a774fb74ea64431.jpg,,0,0,no_caries,mild,0.6683,0.26289,0.66827,0.04932,0.01951
crops/hibogi_ai_01464_png_10.jpg,hibogi_ai_01464_png,HIBOGI_AI_01464_png_jpg.rf.f9b9142f849b9e207a774fb74ea64431.jpg,,0,0,no_caries,no_caries,0.7717,0.77173,0.12558,0.05382,0.04887
crops/hibogi_ai_01464_png_11.jpg,hibogi_ai_01464_png,HIBOGI_AI_01464_png_jpg.rf.f9b9142f849b9e207a774fb74ea64431.jpg,,0,0,no_caries,mild,0.769,0.19304,0.76905,0.02419,0.01373
crops/hibogi_ai_01464_png_12.jpg,hibogi_ai_01464_png,HIBOGI_AI_01464_png_jpg.rf.f9b9142f849b9e207a774fb74ea64431.jpg,,0,0,no_caries,no_caries,0.5136,0.51355,0.39516,0.04981,0.04147
crops/hibogi_ai_01464_png_13.jpg,hibogi_ai_01464_png,HIBOGI_AI_01464_png_jpg.rf.f9b9142f849b9e207a774fb74ea64431.jpg,,0,0,no_caries,no_caries,0.8382,0.83817,0.10855,0.02269,0.03059
crops/hibogi_ai_01464_png_14.jpg,hibogi_ai_01464_png,HIBOGI_AI_01464_png_jpg.rf.f9b9142f849b9e207a774fb74ea64431.jpg,,0,0,no_caries,no_caries,0.6381,0.6381,0.18325,0.11235,0.0663
crops/hibogi_ai_01485_png_0.jpg,hibogi_ai_01485_png,HIBOGI_AI_01485_png_jpg.rf.5e60102419b4e80e4e670179c6fbcac5.jpg,,0,0,no_caries,no_caries,0.6523,0.65234,0.11348,0.20998,0.0242
crops/hibogi_ai_01485_png_1.jpg,hibogi_ai_01485_png,HIBOGI_AI_01485_png_jpg.rf.5e60102419b4e80e4e670179c6fbcac5.jpg,,0,0,no_caries,no_caries,0.8033,0.80334,0.06218,0.03227,0.10221
crops/hibogi_ai_01485_png_2.jpg,hibogi_ai_01485_png,HIBOGI_AI_01485_png_jpg.rf.5e60102419b4e80e4e670179c6fbcac5.jpg,,0,0,no_caries,no_caries,0.8761,0.8761,0.02187,0.03572,0.06631
crops/hibogi_ai_01485_png_3.jpg,hibogi_ai_01485_png,HIBOGI_AI_01485_png_jpg.rf.5e60102419b4e80e4e670179c6fbcac5.jpg,,0,0,no_caries,no_caries,0.9105,0.91047,0.02218,0.0392,0.02815
crops/hibogi_ai_01485_png_4.jpg,hibogi_ai_01485_png,HIBOGI_AI_01485_png_jpg.rf.5e60102419b4e80e4e670179c6fbcac5.jpg,,0,0,no_caries,no_caries,0.8424,0.8424,0.02581,0.08088,0.05091
crops/hibogi_ai_01485_png_5.jpg,hibogi_ai_01485_png,HIBOGI_AI_01485_png_jpg.rf.5e60102419b4e80e4e670179c6fbcac5.jpg,,0,0,no_caries,no_caries,0.4144,0.41436,0.30616,0.17291,0.10656
crops/hibogi_ai_01485_png_6.jpg,hibogi_ai_01485_png,HIBOGI_AI_01485_png_jpg.rf.5e60102419b4e80e4e670179c6fbcac5.jpg,,0,0,no_caries,no_caries,0.8245,0.82451,0.07173,0.06667,0.03709
crops/hibogi_ai_01485_png_7.jpg,hibogi_ai_01485_png,HIBOGI_AI_01485_png_jpg.rf.5e60102419b4e80e4e670179c6fbcac5.jpg,,0,0,no_caries,no_caries,0.8603,0.86031,0.04081,0.06212,0.03675
crops/hibogi_ai_01485_png_8.jpg,hibogi_ai_01485_png,HIBOGI_AI_01485_png_jpg.rf.5e60102419b4e80e4e670179c6fbcac5.jpg,,0,0,no_caries,no_caries,0.8622,0.86215,0.05089,0.0476,0.03936
crops/hibogi_ai_01485_png_9.jpg,hibogi_ai_01485_png,HIBOGI_AI_01485_png_jpg.rf.5e60102419b4e80e4e670179c6fbcac5.jpg,,0,0,no_caries,no_caries,0.7957,0.79569,0.03861,0.0959,0.0698
crops/hibogi_ai_01485_png_10.jpg,hibogi_ai_01485_png,HIBOGI_AI_01485_png_jpg.rf.5e60102419b4e80e4e670179c6fbcac5.jpg,,0,0,no_caries,no_caries,0.704,0.70396,0.11071,0.0493,0.13602
crops/hibogi_ai_01485_png_11.jpg,hibogi_ai_01485_png,HIBOGI_AI_01485_png_jpg.rf.5e60102419b4e80e4e670179c6fbcac5.jpg,,0,0,no_caries,moderate,0.8533,0.09038,0.04535,0.85334,0.01093
crops/hibogi_ai_01496_png_0.jpg,hibogi_ai_01496_png,HIBOGI_AI_01496_png_jpg.rf.3c4455f1fd385830ee76d8899f1706e3.jpg,,0,0,no_caries,no_caries,0.8279,0.82794,0.05338,0.05474,0.06394
crops/hibogi_ai_01496_png_1.jpg,hibogi_ai_01496_png,HIBOGI_AI_01496_png_jpg.rf.3c4455f1fd385830ee76d8899f1706e3.jpg,,0,0,no_caries,no_caries,0.713,0.71297,0.05815,0.124,0.10489
crops/hibogi_ai_01496_png_2.jpg,hibogi_ai_01496_png,HIBOGI_AI_01496_png_jpg.rf.3c4455f1fd385830ee76d8899f1706e3.jpg,,0,0,no_caries,no_caries,0.4371,0.43713,0.43031,0.0919,0.04066
crops/hibogi_ai_01496_png_3.jpg,hibogi_ai_01496_png,HIBOGI_AI_01496_png_jpg.rf.3c4455f1fd385830ee76d8899f1706e3.jpg,,0,0,no_caries,no_caries,0.3607,0.36071,0.25427,0.31974,0.06527
crops/hibogi_ai_01496_png_4.jpg,hibogi_ai_01496_png,HIBOGI_AI_01496_png_jpg.rf.3c4455f1fd385830ee76d8899f1706e3.jpg,,0,0,no_caries,no_caries,0.6547,0.65467,0.08555,0.15816,0.10163
crops/hibogi_ai_01496_png_5.jpg,hibogi_ai_01496_png,HIBOGI_AI_01496_png_jpg.rf.3c4455f1fd385830ee76d8899f1706e3.jpg,,0,0,no_caries,no_caries,0.7258,0.72579,0.07276,0.14053,0.06092
crops/hibogi_ai_01496_png_6.jpg,hibogi_ai_01496_png,HIBOGI_AI_01496_png_jpg.rf.3c4455f1fd385830ee76d8899f1706e3.jpg,,0,0,no_caries,mild,0.8775,0.09502,0.87749,0.01203,0.01546
crops/hibogi_ai_01496_png_7.jpg,hibogi_ai_01496_png,HIBOGI_AI_01496_png_jpg.rf.3c4455f1fd385830ee76d8899f1706e3.jpg,,0,0,no_caries,no_caries,0.8159,0.81585,0.09455,0.04579,0.04381
crops/hibogi_ai_01496_png_8.jpg,hibogi_ai_01496_png,HIBOGI_AI_01496_png_jpg.rf.3c4455f1fd385830ee76d8899f1706e3.jpg,,0,0,no_caries,no_caries,0.7552,0.75524,0.13459,0.06915,0.04103
crops/hibogi_ai_01496_png_9.jpg,hibogi_ai_01496_png,HIBOGI_AI_01496_png_jpg.rf.3c4455f1fd385830ee76d8899f1706e3.jpg,,0,0,no_caries,no_caries,0.8152,0.81522,0.07672,0.06457,0.04349
crops/hibogi_ai_01496_png_10.jpg,hibogi_ai_01496_png,HIBOGI_AI_01496_png_jpg.rf.3c4455f1fd385830ee76d8899f1706e3.jpg,,0,0,no_caries,no_caries,0.8097,0.80965,0.08195,0.07349,0.03491
crops/hibogi_ai_01496_png_11.jpg,hibogi_ai_01496_png,HIBOGI_AI_01496_png_jpg.rf.3c4455f1fd385830ee76d8899f1706e3.jpg,,0,0,no_caries,no_caries,0.894,0.89404,0.03986,0.04034,0.02576
crops/hibogi_ai_01496_png_12.jpg,hibogi_ai_01496_png,HIBOGI_AI_01496_png_jpg.rf.3c4455f1fd385830ee76d8899f1706e3.jpg,,0,0,no_caries,no_caries,0.4822,0.48218,0.40117,0.06085,0.05579
crops/hibogi_ai_01496_png_13.jpg,hibogi_ai_01496_png,HIBOGI_AI_01496_png_jpg.rf.3c4455f1fd385830ee76d8899f1706e3.jpg,,0,0,no_caries,no_caries,0.6967,0.69669,0.02619,0.18296,0.09416
crops/hibogi_ai_01497_png_0.jpg,hibogi_ai_01497_png,HIBOGI_AI_01497_png_jpg.rf.dcbca14985b83f6407f69ba622afc4a6.jpg,,3,0,moderate,no_caries,0.4757,0.47565,0.25919,0.18031,0.08485
crops/hibogi_ai_01497_png_1.jpg,hibogi_ai_01497_png,HIBOGI_AI_01497_png_jpg.rf.dcbca14985b83f6407f69ba622afc4a6.jpg,,4,0,moderate,advanced,0.8663,0.02856,0.03697,0.06814,0.86633
crops/hibogi_ai_01497_png_2.jpg,hibogi_ai_01497_png,HIBOGI_AI_01497_png_jpg.rf.dcbca14985b83f6407f69ba622afc4a6.jpg,,0,0,no_caries,mild,0.5238,0.26454,0.52381,0.18454,0.02711
crops/hibogi_ai_01497_png_3.jpg,hibogi_ai_01497_png,HIBOGI_AI_01497_png_jpg.rf.dcbca14985b83f6407f69ba622afc4a6.jpg,,2,0,mild,no_caries,0.7028,0.70285,0.23174,0.02335,0.04206
crops/hibogi_ai_01497_png_4.jpg,hibogi_ai_01497_png,HIBOGI_AI_01497_png_jpg.rf.dcbca14985b83f6407f69ba622afc4a6.jpg,,0,0,no_caries,no_caries,0.8836,0.88363,0.03206,0.04236,0.04196
crops/hibogi_ai_01497_png_5.jpg,hibogi_ai_01497_png,HIBOGI_AI_01497_png_jpg.rf.dcbca14985b83f6407f69ba622afc4a6.jpg,,0,0,no_caries,no_caries,0.8939,0.89386,0.02777,0.05476,0.02361
crops/hibogi_ai_01497_png_6.jpg,hibogi_ai_01497_png,HIBOGI_AI_01497_png_jpg.rf.dcbca14985b83f6407f69ba622afc4a6.jpg,,0,0,no_caries,no_caries,0.794,0.79399,0.13212,0.04329,0.03061
crops/hibogi_ai_01497_png_7.jpg,hibogi_ai_01497_png,HIBOGI_AI_01497_png_jpg.rf.dcbca14985b83f6407f69ba622afc4a6.jpg,,2,0,mild,mild,0.526,0.22985,0.52599,0.12122,0.12295
crops/hibogi_ai_01497_png_8.jpg,hibogi_ai_01497_png,HIBOGI_AI_01497_png_jpg.rf.dcbca14985b83f6407f69ba622afc4a6.jpg,,3,0,moderate,advanced,0.5756,0.02473,0.04244,0.35722,0.5756
crops/hibogi_ai_01497_png_9.jpg,hibogi_ai_01497_png,HIBOGI_AI_01497_png_jpg.rf.dcbca14985b83f6407f69ba622afc4a6.jpg,,0,0,no_caries,no_caries,0.8789,0.87894,0.04366,0.03126,0.04615
crops/hibogi_ai_01497_png_10.jpg,hibogi_ai_01497_png,HIBOGI_AI_01497_png_jpg.rf.dcbca14985b83f6407f69ba622afc4a6.jpg,,0,0,no_caries,no_caries,0.7472,0.74725,0.02951,0.17593,0.04732
crops/hibogi_ai_01497_png_11.jpg,hibogi_ai_01497_png,HIBOGI_AI_01497_png_jpg.rf.dcbca14985b83f6407f69ba622afc4a6.jpg,,0,0,no_caries,no_caries,0.7146,0.71464,0.03777,0.20262,0.04496
crops/hibogi_ai_01497_png_14.jpg,hibogi_ai_01497_png,HIBOGI_AI_01497_png_jpg.rf.dcbca14985b83f6407f69ba622afc4a6.jpg,,0,0,no_caries,no_caries,0.8688,0.86876,0.03713,0.08418,0.00993
crops/hibogi_ai_01499_png_0.jpg,hibogi_ai_01499_png,HIBOGI_AI_01499_png_jpg.rf.19a7f700d488977470e5ba6282111a74.jpg,,0,0,no_caries,no_caries,0.5404,0.54042,0.35492,0.0381,0.06656
crops/hibogi_ai_01499_png_1.jpg,hibogi_ai_01499_png,HIBOGI_AI_01499_png_jpg.rf.19a7f700d488977470e5ba6282111a74.jpg,,2,0,mild,mild,0.4608,0.45533,0.46083,0.03186,0.05199
crops/hibogi_ai_01499_png_2.jpg,hibogi_ai_01499_png,HIBOGI_AI_01499_png_jpg.rf.19a7f700d488977470e5ba6282111a74.jpg,,0,0,no_caries,no_caries,0.7809,0.7809,0.10206,0.05998,0.05706
crops/hibogi_ai_01499_png_3.jpg,hibogi_ai_01499_png,HIBOGI_AI_01499_png_jpg.rf.19a7f700d488977470e5ba6282111a74.jpg,,0,0,no_caries,no_caries,0.8113,0.81127,0.07764,0.07775,0.03334
crops/hibogi_ai_01499_png_4.jpg,hibogi_ai_01499_png,HIBOGI_AI_01499_png_jpg.rf.19a7f700d488977470e5ba6282111a74.jpg,,0,0,no_caries,no_caries,0.8011,0.80112,0.08514,0.07246,0.04128
crops/hibogi_ai_01499_png_5.jpg,hibogi_ai_01499_png,HIBOGI_AI_01499_png_jpg.rf.19a7f700d488977470e5ba6282111a74.jpg,,0,0,no_caries,no_caries,0.8682,0.86822,0.02516,0.04706,0.05956
crops/hibogi_ai_01499_png_6.jpg,hibogi_ai_01499_png,HIBOGI_AI_01499_png_jpg.rf.19a7f700d488977470e5ba6282111a74.jpg,,2,0,mild,no_caries,0.5639,0.56394,0.33091,0.054,0.05114
crops/hibogi_ai_01499_png_7.jpg,hibogi_ai_01499_png,HIBOGI_AI_01499_png_jpg.rf.19a7f700d488977470e5ba6282111a74.jpg,,2,0,mild,no_caries,0.6713,0.67135,0.21951,0.07741,0.03174
crops/hibogi_ai_01499_png_8.jpg,hibogi_ai_01499_png,HIBOGI_AI_01499_png_jpg.rf.19a7f700d488977470e5ba6282111a74.jpg,,2,0,mild,mild,0.6508,0.27211,0.65077,0.06114,0.01598
crops/hibogi_ai_01499_png_9.jpg,hibogi_ai_01499_png,HIBOGI_AI_01499_png_jpg.rf.19a7f700d488977470e5ba6282111a74.jpg,,2,0,mild,no_caries,0.8699,0.86994,0.06172,0.04641,0.02193
crops/hibogi_ai_01499_png_10.jpg,hibogi_ai_01499_png,HIBOGI_AI_01499_png_jpg.rf.19a7f700d488977470e5ba6282111a74.jpg,,2,0,mild,no_caries,0.6478,0.64783,0.23256,0.05949,0.06012
crops/hibogi_ai_01499_png_11.jpg,hibogi_ai_01499_png,HIBOGI_AI_01499_png_jpg.rf.19a7f700d488977470e5ba6282111a74.jpg,,2,0,mild,no_caries,0.6234,0.62341,0.28305,0.05365,0.03989
crops/hibogi_ai_01499_png_12.jpg,hibogi_ai_01499_png,HIBOGI_AI_01499_png_jpg.rf.19a7f700d488977470e5ba6282111a74.jpg,,2,0,mild,mild,0.4916,0.45122,0.49157,0.02944,0.02777
crops/hibogi_ai_01499_png_13.jpg,hibogi_ai_01499_png,HIBOGI_AI_01499_png_jpg.rf.19a7f700d488977470e5ba6282111a74.jpg,,2,0,mild,no_caries,0.6801,0.68012,0.2313,0.04038,0.0482
crops/hibogi_ai_01499_png_14.jpg,hibogi_ai_01499_png,HIBOGI_AI_01499_png_jpg.rf.19a7f700d488977470e5ba6282111a74.jpg,,2,0,mild,no_caries,0.6261,0.62608,0.26985,0.05165,0.05242
crops/hibogi_ai_01499_png_15.jpg,hibogi_ai_01499_png,HIBOGI_AI_01499_png_jpg.rf.19a7f700d488977470e5ba6282111a74.jpg,,0,0,no_caries,no_caries,0.5751,0.5751,0.30612,0.06425,0.05454
crops/hibogi_ai_01499_png_16.jpg,hibogi_ai_01499_png,HIBOGI_AI_01499_png_jpg.rf.19a7f700d488977470e5ba6282111a74.jpg,,2,0,mild,no_caries,0.7604,0.76044,0.13563,0.044,0.05993
crops/hibogi_ai_01503_png_0.jpg,hibogi_ai_01503_png,HIBOGI_AI_01503_png_jpg.rf.de65e413b8540f4f285ee92b586b911d.jpg,,0,0,no_caries,mild,0.7609,0.17032,0.76086,0.03656,0.03225
crops/hibogi_ai_01503_png_1.jpg,hibogi_ai_01503_png,HIBOGI_AI_01503_png_jpg.rf.de65e413b8540f4f285ee92b586b911d.jpg,,0,0,no_caries,no_caries,0.4765,0.47648,0.40301,0.0526,0.06792
crops/hibogi_ai_01503_png_2.jpg,hibogi_ai_01503_png,HIBOGI_AI_01503_png_jpg.rf.de65e413b8540f4f285ee92b586b911d.jpg,,0,0,no_caries,no_caries,0.5784,0.57842,0.30201,0.06871,0.05086
crops/hibogi_ai_01503_png_3.jpg,hibogi_ai_01503_png,HIBOGI_AI_01503_png_jpg.rf.de65e413b8540f4f285ee92b586b911d.jpg,,0,0,no_caries,mild,0.7547,0.20869,0.75472,0.01737,0.01922
crops/hibogi_ai_01503_png_4.jpg,hibogi_ai_01503_png,HIBOGI_AI_01503_png_jpg.rf.de65e413b8540f4f285ee92b586b911d.jpg,,0,0,no_caries,moderate,0.4321,0.40601,0.1431,0.43208,0.01882
crops/hibogi_ai_01503_png_5.jpg,hibogi_ai_01503_png,HIBOGI_AI_01503_png_jpg.rf.de65e413b8540f4f285ee92b586b911d.jpg,,0,0,no_caries,no_caries,0.6019,0.60193,0.02306,0.36709,0.00793
crops/hibogi_ai_01503_png_6.jpg,hibogi_ai_01503_png,HIBOGI_AI_01503_png_jpg.rf.de65e413b8540f4f285ee92b586b911d.jpg,,0,0,no_caries,no_caries,0.6356,0.63561,0.06934,0.2811,0.01395
crops/hibogi_ai_01503_png_7.jpg,hibogi_ai_01503_png,HIBOGI_AI_01503_png_jpg.rf.de65e413b8540f4f285ee92b586b911d.jpg,,0,0,no_caries,no_caries,0.577,0.57703,0.08106,0.30923,0.03268
crops/hibogi_ai_01503_png_8.jpg,hibogi_ai_01503_png,HIBOGI_AI_01503_png_jpg.rf.de65e413b8540f4f285ee92b586b911d.jpg,,0,0,no_caries,mild,0.8588,0.11965,0.85879,0.00626,0.0153
crops/hibogi_ai_01503_png_9.jpg,hibogi_ai_01503_png,HIBOGI_AI_01503_png_jpg.rf.de65e413b8540f4f285ee92b586b911d.jpg,,0,0,no_caries,mild,0.505,0.43689,0.50503,0.03766,0.02042
crops/hibogi_ai_01503_png_10.jpg,hibogi_ai_01503_png,HIBOGI_AI_01503_png_jpg.rf.de65e413b8540f4f285ee92b586b911d.jpg,,0,0,no_caries,mild,0.6648,0.21401,0.66478,0.07466,0.04654
crops/hibogi_ai_01503_png_11.jpg,hibogi_ai_01503_png,HIBOGI_AI_01503_png_jpg.rf.de65e413b8540f4f285ee92b586b911d.jpg,,1,0,mild,mild,0.5718,0.02564,0.57181,0.38544,0.01711
crops/hibogi_ai_01505_png_0.jpg,hibogi_ai_01505_png,HIBOGI_AI_01505_png_jpg.rf.7152e05aaf4974fea162d723f45e7b4a.jpg,,0,0,no_caries,no_caries,0.459,0.45898,0.223,0.18864,0.12938
crops/hibogi_ai_01505_png_1.jpg,hibogi_ai_01505_png,HIBOGI_AI_01505_png_jpg.rf.7152e05aaf4974fea162d723f45e7b4a.jpg,,0,0,no_caries,no_caries,0.7198,0.71981,0.08902,0.10984,0.08134
crops/hibogi_ai_01505_png_2.jpg,hibogi_ai_01505_png,HIBOGI_AI_01505_png_jpg.rf.7152e05aaf4974fea162d723f45e7b4a.jpg,,0,0,no_caries,no_caries,0.6436,0.64362,0.20297,0.09351,0.0599
crops/hibogi_ai_01505_png_3.jpg,hibogi_ai_01505_png,HIBOGI_AI_01505_png_jpg.rf.7152e05aaf4974fea162d723f45e7b4a.jpg,,0,0,no_caries,no_caries,0.6996,0.69955,0.09608,0.13195,0.07242
crops/hibogi_ai_01505_png_4.jpg,hibogi_ai_01505_png,HIBOGI_AI_01505_png_jpg.rf.7152e05aaf4974fea162d723f45e7b4a.jpg,,0,0,no_caries,mild,0.9063,0.05421,0.90634,0.00971,0.02974
crops/hibogi_ai_01505_png_5.jpg,hibogi_ai_01505_png,HIBOGI_AI_01505_png_jpg.rf.7152e05aaf4974fea162d723f45e7b4a.jpg,,0,0,no_caries,mild,0.6009,0.30759,0.6009,0.04783,0.04368
crops/hibogi_ai_01505_png_6.jpg,hibogi_ai_01505_png,HIBOGI_AI_01505_png_jpg.rf.7152e05aaf4974fea162d723f45e7b4a.jpg,,0,0,no_caries,no_caries,0.6977,0.69767,0.1959,0.05011,0.05632
crops/hibogi_ai_01505_png_7.jpg,hibogi_ai_01505_png,HIBOGI_AI_01505_png_jpg.rf.7152e05aaf4974fea162d723f45e7b4a.jpg,,0,0,no_caries,no_caries,0.7605,0.76051,0.10434,0.06132,0.07382
crops/hibogi_ai_01505_png_8.jpg,hibogi_ai_01505_png,HIBOGI_AI_01505_png_jpg.rf.7152e05aaf4974fea162d723f45e7b4a.jpg,,0,0,no_caries,no_caries,0.6843,0.68427,0.06023,0.06046,0.19505
crops/hibogi_ai_01505_png_9.jpg,hibogi_ai_01505_png,HIBOGI_AI_01505_png_jpg.rf.7152e05aaf4974fea162d723f45e7b4a.jpg,,0,0,no_caries,no_caries,0.5014,0.50143,0.21633,0.20113,0.08112
crops/hibogi_ai_01514_png_0.jpg,hibogi_ai_01514_png,HIBOGI_AI_01514_png_jpg.rf.1d9b19306f2927e3b9f7d7bead2ff975.jpg,,0,0,no_caries,no_caries,0.7822,0.78224,0.11732,0.03573,0.06471
crops/hibogi_ai_01514_png_1.jpg,hibogi_ai_01514_png,HIBOGI_AI_01514_png_jpg.rf.1d9b19306f2927e3b9f7d7bead2ff975.jpg,,0,0,no_caries,no_caries,0.8902,0.89023,0.02861,0.02996,0.05121
crops/hibogi_ai_01514_png_2.jpg,hibogi_ai_01514_png,HIBOGI_AI_01514_png_jpg.rf.1d9b19306f2927e3b9f7d7bead2ff975.jpg,,0,0,no_caries,no_caries,0.8848,0.88477,0.03595,0.04471,0.03457
crops/hibogi_ai_01514_png_3.jpg,hibogi_ai_01514_png,HIBOGI_AI_01514_png_jpg.rf.1d9b19306f2927e3b9f7d7bead2ff975.jpg,,0,0,no_caries,no_caries,0.855,0.85499,0.04894,0.04649,0.04958
crops/hibogi_ai_01514_png_4.jpg,hibogi_ai_01514_png,HIBOGI_AI_01514_png_jpg.rf.1d9b19306f2927e3b9f7d7bead2ff975.jpg,,4,0,moderate,mild,0.5428,0.11827,0.5428,0.31718,0.02175
crops/hibogi_ai_01514_png_5.jpg,hibogi_ai_01514_png,HIBOGI_AI_01514_png_jpg.rf.1d9b19306f2927e3b9f7d7bead2ff975.jpg,,5,0,advanced,advanced,0.8745,0.00998,0.02425,0.09129,0.87448
crops/hibogi_ai_01514_png_6.jpg,hibogi_ai_01514_png,HIBOGI_AI_01514_png_jpg.rf.1d9b19306f2927e3b9f7d7bead2ff975.jpg,,0,0,no_caries,mild,0.8029,0.11367,0.80294,0.07116,0.01223
crops/hibogi_ai_01514_png_7.jpg,hibogi_ai_01514_png,HIBOGI_AI_01514_png_jpg.rf.1d9b19306f2927e3b9f7d7bead2ff975.jpg,,0,0,no_caries,no_caries,0.7944,0.79436,0.09148,0.07171,0.04245
crops/hibogi_ai_01514_png_8.jpg,hibogi_ai_01514_png,HIBOGI_AI_01514_png_jpg.rf.1d9b19306f2927e3b9f7d7bead2ff975.jpg,,0,0,no_caries,no_caries,0.5732,0.57324,0.37787,0.01831,0.03059
crops/hibogi_ai_01514_png_9.jpg,hibogi_ai_01514_png,HIBOGI_AI_01514_png_jpg.rf.1d9b19306f2927e3b9f7d7bead2ff975.jpg,,0,0,no_caries,no_caries,0.7477,0.74772,0.19002,0.02732,0.03494
crops/hibogi_ai_01514_png_10.jpg,hibogi_ai_01514_png,HIBOGI_AI_01514_png_jpg.rf.1d9b19306f2927e3b9f7d7bead2ff975.jpg,,0,0,no_caries,no_caries,0.7397,0.73974,0.18086,0.03735,0.04204
crops/hibogi_ai_01514_png_11.jpg,hibogi_ai_01514_png,HIBOGI_AI_01514_png_jpg.rf.1d9b19306f2927e3b9f7d7bead2ff975.jpg,,0,0,no_caries,mild,0.5535,0.38422,0.55352,0.02826,0.034
crops/hibogi_ai_01514_png_12.jpg,hibogi_ai_01514_png,HIBOGI_AI_01514_png_jpg.rf.1d9b19306f2927e3b9f7d7bead2ff975.jpg,,0,0,no_caries,mild,0.7168,0.20119,0.71679,0.06817,0.01385
crops/hibogi_ai_01514_png_13.jpg,hibogi_ai_01514_png,HIBOGI_AI_01514_png_jpg.rf.1d9b19306f2927e3b9f7d7bead2ff975.jpg,,4,0,moderate,mild,0.7058,0.21315,0.70576,0.06038,0.0207
crops/hibogi_ai_01514_png_14.jpg,hibogi_ai_01514_png,HIBOGI_AI_01514_png_jpg.rf.1d9b19306f2927e3b9f7d7bead2ff975.jpg,,4,0,moderate,mild,0.8518,0.03127,0.85176,0.06096,0.05602
crops/hibogi_ai_01540_png_0.jpg,hibogi_ai_01540_png,HIBOGI_AI_01540_png_jpg.rf.a5d7b08ff2ca2d7d6b82f5d6ad9198be.jpg,,5,0,advanced,advanced,0.8874,0.02542,0.04616,0.04103,0.88739
crops/hibogi_ai_01540_png_1.jpg,hibogi_ai_01540_png,HIBOGI_AI_01540_png_jpg.rf.a5d7b08ff2ca2d7d6b82f5d6ad9198be.jpg,,0,0,no_caries,no_caries,0.8244,0.82444,0.05138,0.07568,0.0485
crops/hibogi_ai_01540_png_2.jpg,hibogi_ai_01540_png,HIBOGI_AI_01540_png_jpg.rf.a5d7b08ff2ca2d7d6b82f5d6ad9198be.jpg,,0,0,no_caries,no_caries,0.8907,0.89066,0.01391,0.04592,0.04951
crops/hibogi_ai_01540_png_3.jpg,hibogi_ai_01540_png,HIBOGI_AI_01540_png_jpg.rf.a5d7b08ff2ca2d7d6b82f5d6ad9198be.jpg,,0,0,no_caries,no_caries,0.8206,0.82064,0.04779,0.05644,0.07514
crops/hibogi_ai_01540_png_4.jpg,hibogi_ai_01540_png,HIBOGI_AI_01540_png_jpg.rf.a5d7b08ff2ca2d7d6b82f5d6ad9198be.jpg,,1,0,mild,mild,0.4809,0.45571,0.48088,0.04825,0.01516
crops/hibogi_ai_01540_png_5.jpg,hibogi_ai_01540_png,HIBOGI_AI_01540_png_jpg.rf.a5d7b08ff2ca2d7d6b82f5d6ad9198be.jpg,,0,0,no_caries,no_caries,0.7548,0.7548,0.09363,0.09497,0.05659
crops/hibogi_ai_01540_png_6.jpg,hibogi_ai_01540_png,HIBOGI_AI_01540_png_jpg.rf.a5d7b08ff2ca2d7d6b82f5d6ad9198be.jpg,,0,0,no_caries,mild,0.6282,0.30336,0.62821,0.02703,0.0414
crops/hibogi_ai_01540_png_7.jpg,hibogi_ai_01540_png,HIBOGI_AI_01540_png_jpg.rf.a5d7b08ff2ca2d7d6b82f5d6ad9198be.jpg,,1,0,mild,mild,0.4503,0.40301,0.45031,0.04134,0.10534
crops/hibogi_ai_01540_png_8.jpg,hibogi_ai_01540_png,HIBOGI_AI_01540_png_jpg.rf.a5d7b08ff2ca2d7d6b82f5d6ad9198be.jpg,,0,0,no_caries,no_caries,0.7174,0.71742,0.17291,0.07338,0.03629
crops/hibogi_ai_01540_png_9.jpg,hibogi_ai_01540_png,HIBOGI_AI_01540_png_jpg.rf.a5d7b08ff2ca2d7d6b82f5d6ad9198be.jpg,,0,0,no_caries,no_caries,0.8938,0.89383,0.05603,0.02439,0.02575
crops/hibogi_ai_01540_png_10.jpg,hibogi_ai_01540_png,HIBOGI_AI_01540_png_jpg.rf.a5d7b08ff2ca2d7d6b82f5d6ad9198be.jpg,,0,0,no_caries,no_caries,0.8737,0.87366,0.07505,0.02782,0.02347
crops/hibogi_ai_01540_png_11.jpg,hibogi_ai_01540_png,HIBOGI_AI_01540_png_jpg.rf.a5d7b08ff2ca2d7d6b82f5d6ad9198be.jpg,,0,0,no_caries,no_caries,0.7865,0.78648,0.13365,0.02937,0.0505
crops/hibogi_ai_01540_png_12.jpg,hibogi_ai_01540_png,HIBOGI_AI_01540_png_jpg.rf.a5d7b08ff2ca2d7d6b82f5d6ad9198be.jpg,,1,0,mild,no_caries,0.9163,0.91627,0.0343,0.02183,0.02759
crops/hibogi_ai_01540_png_13.jpg,hibogi_ai_01540_png,HIBOGI_AI_01540_png_jpg.rf.a5d7b08ff2ca2d7d6b82f5d6ad9198be.jpg,,3,0,moderate,no_caries,0.6518,0.65182,0.23753,0.03266,0.07799
crops/hibogi_ai_01540_png_14.jpg,hibogi_ai_01540_png,HIBOGI_AI_01540_png_jpg.rf.a5d7b08ff2ca2d7d6b82f5d6ad9198be.jpg,,0,0,no_caries,no_caries,0.7717,0.77175,0.08705,0.07521,0.066
crops/hibogi_ai_01540_png_15.jpg,hibogi_ai_01540_png,HIBOGI_AI_01540_png_jpg.rf.a5d7b08ff2ca2d7d6b82f5d6ad9198be.jpg,,0,0,no_caries,no_caries,0.4557,0.45567,0.41249,0.0595,0.07234
crops/hibogi_ai_01568_png_0.jpg,hibogi_ai_01568_png,HIBOGI_AI_01568_png_jpg.rf.a2065ae681b9276e4e9899b980d112f7.jpg,,0,0,no_caries,no_caries,0.7801,0.7801,0.09591,0.07772,0.04627
crops/hibogi_ai_01568_png_1.jpg,hibogi_ai_01568_png,HIBOGI_AI_01568_png_jpg.rf.a2065ae681b9276e4e9899b980d112f7.jpg,,0,0,no_caries,no_caries,0.8013,0.80134,0.06874,0.02515,0.10477
crops/hibogi_ai_01568_png_2.jpg,hibogi_ai_01568_png,HIBOGI_AI_01568_png_jpg.rf.a2065ae681b9276e4e9899b980d112f7.jpg,,0,0,no_caries,no_caries,0.8,0.79998,0.09385,0.04956,0.0566
crops/hibogi_ai_01568_png_3.jpg,hibogi_ai_01568_png,HIBOGI_AI_01568_png_jpg.rf.a2065ae681b9276e4e9899b980d112f7.jpg,,0,0,no_caries,no_caries,0.7553,0.75529,0.07791,0.06626,0.10053
crops/hibogi_ai_01568_png_4.jpg,hibogi_ai_01568_png,HIBOGI_AI_01568_png_jpg.rf.a2065ae681b9276e4e9899b980d112f7.jpg,,0,0,no_caries,no_caries,0.6564,0.65639,0.2021,0.05711,0.0844
crops/hibogi_ai_01568_png_5.jpg,hibogi_ai_01568_png,HIBOGI_AI_01568_png_jpg.rf.a2065ae681b9276e4e9899b980d112f7.jpg,,0,0,no_caries,no_caries,0.8564,0.85635,0.03579,0.05585,0.05201
crops/hibogi_ai_01568_png_6.jpg,hibogi_ai_01568_png,HIBOGI_AI_01568_png_jpg.rf.a2065ae681b9276e4e9899b980d112f7.jpg,,0,0,no_caries,no_caries,0.6852,0.68519,0.16846,0.09869,0.04766
crops/hibogi_ai_01568_png_7.jpg,hibogi_ai_01568_png,HIBOGI_AI_01568_png_jpg.rf.a2065ae681b9276e4e9899b980d112f7.jpg,,0,0,no_caries,no_caries,0.7452,0.74518,0.03775,0.13408,0.08299
crops/hibogi_ai_01568_png_8.jpg,hibogi_ai_01568_png,HIBOGI_AI_01568_png_jpg.rf.a2065ae681b9276e4e9899b980d112f7.jpg,,0,0,no_caries,no_caries,0.7419,0.7419,0.1085,0.06943,0.08017
crops/hibogi_ai_01568_png_9.jpg,hibogi_ai_01568_png,HIBOGI_AI_01568_png_jpg.rf.a2065ae681b9276e4e9899b980d112f7.jpg,,0,0,no_caries,no_caries,0.8349,0.83492,0.1,0.02019,0.04489
crops/hibogi_ai_01568_png_10.jpg,hibogi_ai_01568_png,HIBOGI_AI_01568_png_jpg.rf.a2065ae681b9276e4e9899b980d112f7.jpg,,0,0,no_caries,no_caries,0.4986,0.49859,0.40258,0.05667,0.04216
crops/hibogi_ai_01568_png_11.jpg,hibogi_ai_01568_png,HIBOGI_AI_01568_png_jpg.rf.a2065ae681b9276e4e9899b980d112f7.jpg,,0,0,no_caries,no_caries,0.5717,0.57173,0.33347,0.01954,0.07526
crops/hibogi_ai_01568_png_12.jpg,hibogi_ai_01568_png,HIBOGI_AI_01568_png_jpg.rf.a2065ae681b9276e4e9899b980d112f7.jpg,,0,0,no_caries,no_caries,0.775,0.77497,0.08963,0.08588,0.04952
crops/hibogi_ai_01568_png_13.jpg,hibogi_ai_01568_png,HIBOGI_AI_01568_png_jpg.rf.a2065ae681b9276e4e9899b980d112f7.jpg,,0,0,no_caries,no_caries,0.7795,0.77946,0.02352,0.13067,0.06634
crops/hibogi_ai_01568_png_14.jpg,hibogi_ai_01568_png,HIBOGI_AI_01568_png_jpg.rf.a2065ae681b9276e4e9899b980d112f7.jpg,,0,0,no_caries,no_caries,0.9298,0.92982,0.03113,0.02395,0.0151
crops/hibogi_ai_01570_png_0.jpg,hibogi_ai_01570_png,HIBOGI_AI_01570_png_jpg.rf.ce1bad7486b1c26982a024c4a2ada09f.jpg,,0,0,no_caries,no_caries,0.8217,0.82167,0.05631,0.0627,0.05932
crops/hibogi_ai_01570_png_1.jpg,hibogi_ai_01570_png,HIBOGI_AI_01570_png_jpg.rf.ce1bad7486b1c26982a024c4a2ada09f.jpg,,0,0,no_caries,no_caries,0.6929,0.69286,0.15929,0.08878,0.05907
crops/hibogi_ai_01570_png_2.jpg,hibogi_ai_01570_png,HIBOGI_AI_01570_png_jpg.rf.ce1bad7486b1c26982a024c4a2ada09f.jpg,,0,0,no_caries,no_caries,0.8023,0.80231,0.05215,0.0982,0.04734
crops/hibogi_ai_01570_png_3.jpg,hibogi_ai_01570_png,HIBOGI_AI_01570_png_jpg.rf.ce1bad7486b1c26982a024c4a2ada09f.jpg,,0,0,no_caries,mild,0.512,0.35169,0.51204,0.08023,0.05604
crops/hibogi_ai_01570_png_4.jpg,hibogi_ai_01570_png,HIBOGI_AI_01570_png_jpg.rf.ce1bad7486b1c26982a024c4a2ada09f.jpg,,0,0,no_caries,mild,0.7689,0.17924,0.76895,0.01553,0.03628
crops/hibogi_ai_01570_png_5.jpg,hibogi_ai_01570_png,HIBOGI_AI_01570_png_jpg.rf.ce1bad7486b1c26982a024c4a2ada09f.jpg,,0,0,no_caries,no_caries,0.8444,0.84443,0.07177,0.05696,0.02685
crops/hibogi_ai_01570_png_6.jpg,hibogi_ai_01570_png,HIBOGI_AI_01570_png_jpg.rf.ce1bad7486b1c26982a024c4a2ada09f.jpg,,0,0,no_caries,no_caries,0.8651,0.8651,0.05753,0.02688,0.05048
crops/hibogi_ai_01570_png_7.jpg,hibogi_ai_01570_png,HIBOGI_AI_01570_png_jpg.rf.ce1bad7486b1c26982a024c4a2ada09f.jpg,,0,0,no_caries,no_caries,0.7765,0.7765,0.12532,0.01426,0.08391
crops/hibogi_ai_01570_png_8.jpg,hibogi_ai_01570_png,HIBOGI_AI_01570_png_jpg.rf.ce1bad7486b1c26982a024c4a2ada09f.jpg,,0,0,no_caries,no_caries,0.6982,0.69815,0.20274,0.02988,0.06923
crops/hibogi_ai_01570_png_9.jpg,hibogi_ai_01570_png,HIBOGI_AI_01570_png_jpg.rf.ce1bad7486b1c26982a024c4a2ada09f.jpg,,0,0,no_caries,no_caries,0.8568,0.8568,0.05388,0.03222,0.05711
crops/hibogi_ai_01570_png_10.jpg,hibogi_ai_01570_png,HIBOGI_AI_01570_png_jpg.rf.ce1bad7486b1c26982a024c4a2ada09f.jpg,,0,0,no_caries,no_caries,0.8215,0.82154,0.03359,0.07654,0.06832
crops/hibogi_ai_01570_png_11.jpg,hibogi_ai_01570_png,HIBOGI_AI_01570_png_jpg.rf.ce1bad7486b1c26982a024c4a2ada09f.jpg,,0,0,no_caries,no_caries,0.8855,0.88545,0.04204,0.01587,0.05664
crops/hibogi_ai_01570_png_12.jpg,hibogi_ai_01570_png,HIBOGI_AI_01570_png_jpg.rf.ce1bad7486b1c26982a024c4a2ada09f.jpg,,5,0,advanced,no_caries,0.7491,0.74909,0.05308,0.11939,0.07844
crops/hibogi_ai_01580_png_0.jpg,hibogi_ai_01580_png,HIBOGI_AI_01580_png_jpg.rf.77278ac801fe0ccfb36cc56e3475c60f.jpg,,5,0,advanced,no_caries,0.464,0.46404,0.40097,0.08646,0.04853
crops/hibogi_ai_01580_png_1.jpg,hibogi_ai_01580_png,HIBOGI_AI_01580_png_jpg.rf.77278ac801fe0ccfb36cc56e3475c60f.jpg,,4,0,moderate,no_caries,0.7163,0.71627,0.18682,0.03762,0.05929
crops/hibogi_ai_01580_png_2.jpg,hibogi_ai_01580_png,HIBOGI_AI_01580_png_jpg.rf.77278ac801fe0ccfb36cc56e3475c60f.jpg,,4,0,moderate,mild,0.4574,0.41979,0.45735,0.05032,0.07254
crops/hibogi_ai_01580_png_3.jpg,hibogi_ai_01580_png,HIBOGI_AI_01580_png_jpg.rf.77278ac801fe0ccfb36cc56e3475c60f.jpg,,0,0,no_caries,no_caries,0.6824,0.68243,0.05439,0.19882,0.06436
crops/hibogi_ai_01580_png_4.jpg,hibogi_ai_01580_png,HIBOGI_AI_01580_png_jpg.rf.77278ac801fe0ccfb36cc56e3475c60f.jpg,,0,0,no_caries,no_caries,0.789,0.78897,0.03539,0.10104,0.0746
crops/hibogi_ai_01580_png_5.jpg,hibogi_ai_01580_png,HIBOGI_AI_01580_png_jpg.rf.77278ac801fe0ccfb36cc56e3475c60f.jpg,,0,0,no_caries,no_caries,0.7641,0.76411,0.06641,0.06137,0.10811
crops/hibogi_ai_01580_png_6.jpg,hibogi_ai_01580_png,HIBOGI_AI_01580_png_jpg.rf.77278ac801fe0ccfb36cc56e3475c60f.jpg,,0,0,no_caries,no_caries,0.6832,0.68317,0.14458,0.11914,0.05311
crops/hibogi_ai_01580_png_7.jpg,hibogi_ai_01580_png,HIBOGI_AI_01580_png_jpg.rf.77278ac801fe0ccfb36cc56e3475c60f.jpg,,5,0,advanced,no_caries,0.5732,0.57324,0.07889,0.22731,0.12056
crops/hibogi_ai_01580_png_8.jpg,hibogi_ai_01580_png,HIBOGI_AI_01580_png_jpg.rf.77278ac801fe0ccfb36cc56e3475c60f.jpg,,5,0,advanced,no_caries,0.6846,0.68457,0.12664,0.12413,0.06466
crops/hibogi_ai_01580_png_9.jpg,hibogi_ai_01580_png,HIBOGI_AI_01580_png_jpg.rf.77278ac801fe0ccfb36cc56e3475c60f.jpg,,5,0,advanced,moderate,0.6132,0.31545,0.05985,0.61324,0.01146
crops/hibogi_ai_01580_png_10.jpg,hibogi_ai_01580_png,HIBOGI_AI_01580_png_jpg.rf.77278ac801fe0ccfb36cc56e3475c60f.jpg,,0,0,no_caries,no_caries,0.4613,0.46126,0.13433,0.30153,0.10288
crops/hibogi_ai_01580_png_11.jpg,hibogi_ai_01580_png,HIBOGI_AI_01580_png_jpg.rf.77278ac801fe0ccfb36cc56e3475c60f.jpg,,0,0,no_caries,no_caries,0.8367,0.83666,0.02089,0.10833,0.03412
crops/hibogi_ai_01580_png_12.jpg,hibogi_ai_01580_png,HIBOGI_AI_01580_png_jpg.rf.77278ac801fe0ccfb36cc56e3475c60f.jpg,,0,0,no_caries,no_caries,0.8212,0.82116,0.04053,0.12338,0.01494
crops/hibogi_ai_01580_png_13.jpg,hibogi_ai_01580_png,HIBOGI_AI_01580_png_jpg.rf.77278ac801fe0ccfb36cc56e3475c60f.jpg,,0,0,no_caries,no_caries,0.6683,0.66834,0.0323,0.2701,0.02925
crops/hibogi_ai_01580_png_14.jpg,hibogi_ai_01580_png,HIBOGI_AI_01580_png_jpg.rf.77278ac801fe0ccfb36cc56e3475c60f.jpg,,0,0,no_caries,no_caries,0.8974,0.89739,0.01025,0.06458,0.02778
crops/hibogi_ai_01580_png_15.jpg,hibogi_ai_01580_png,HIBOGI_AI_01580_png_jpg.rf.77278ac801fe0ccfb36cc56e3475c60f.jpg,,0,0,no_caries,no_caries,0.7773,0.77734,0.08103,0.08392,0.05771
crops/hibogi_ai_01580_png_16.jpg,hibogi_ai_01580_png,HIBOGI_AI_01580_png_jpg.rf.77278ac801fe0ccfb36cc56e3475c60f.jpg,,0,0,no_caries,no_caries,0.6623,0.66226,0.08915,0.18949,0.0591
crops/hibogi_ai_01634_png_0.jpg,hibogi_ai_01634_png,HIBOGI_AI_01634_png_jpg.rf.3980dad223410f6ba8dd98f0bcbf93ac.jpg,,1,0,mild,no_caries,0.7239,0.72388,0.10947,0.0857,0.08095
crops/hibogi_ai_01634_png_1.jpg,hibogi_ai_01634_png,HIBOGI_AI_01634_png_jpg.rf.3980dad223410f6ba8dd98f0bcbf93ac.jpg,,1,0,mild,mild,0.5453,0.34918,0.54525,0.04157,0.064
crops/hibogi_ai_01634_png_2.jpg,hibogi_ai_01634_png,HIBOGI_AI_01634_png_jpg.rf.3980dad223410f6ba8dd98f0bcbf93ac.jpg,,1,0,mild,mild,0.8326,0.10921,0.83259,0.03495,0.02324
crops/hibogi_ai_01634_png_3.jpg,hibogi_ai_01634_png,HIBOGI_AI_01634_png_jpg.rf.3980dad223410f6ba8dd98f0bcbf93ac.jpg,,1,0,mild,mild,0.6892,0.2314,0.6892,0.03711,0.04229
crops/hibogi_ai_01634_png_4.jpg,hibogi_ai_01634_png,HIBOGI_AI_01634_png_jpg.rf.3980dad223410f6ba8dd98f0bcbf93ac.jpg,,2,0,mild,no_caries,0.6143,0.61425,0.18211,0.03208,0.17155
crops/hibogi_ai_01634_png_5.jpg,hibogi_ai_01634_png,HIBOGI_AI_01634_png_jpg.rf.3980dad223410f6ba8dd98f0bcbf93ac.jpg,,0,0,no_caries,no_caries,0.6703,0.6703,0.02471,0.20985,0.09514
crops/hibogi_ai_01634_png_6.jpg,hibogi_ai_01634_png,HIBOGI_AI_01634_png_jpg.rf.3980dad223410f6ba8dd98f0bcbf93ac.jpg,,0,0,no_caries,no_caries,0.6228,0.62285,0.22993,0.08016,0.06707
crops/hibogi_ai_01634_png_7.jpg,hibogi_ai_01634_png,HIBOGI_AI_01634_png_jpg.rf.3980dad223410f6ba8dd98f0bcbf93ac.jpg,,0,0,no_caries,no_caries,0.7252,0.7252,0.09863,0.11239,0.06378
crops/hibogi_ai_01634_png_8.jpg,hibogi_ai_01634_png,HIBOGI_AI_01634_png_jpg.rf.3980dad223410f6ba8dd98f0bcbf93ac.jpg,,0,0,no_caries,no_caries,0.6725,0.67251,0.21942,0.07115,0.03692
crops/hibogi_ai_01634_png_9.jpg,hibogi_ai_01634_png,HIBOGI_AI_01634_png_jpg.rf.3980dad223410f6ba8dd98f0bcbf93ac.jpg,,0,0,no_caries,no_caries,0.8487,0.84873,0.04207,0.07554,0.03366
crops/hibogi_ai_01636_png_0.jpg,hibogi_ai_01636_png,HIBOGI_AI_01636_png_jpg.rf.2913936648918ed81c95617a7a66e9d2.jpg,,0,0,no_caries,no_caries,0.7089,0.7089,0.17083,0.06939,0.05088
crops/hibogi_ai_01636_png_1.jpg,hibogi_ai_01636_png,HIBOGI_AI_01636_png_jpg.rf.2913936648918ed81c95617a7a66e9d2.jpg,,0,0,no_caries,mild,0.7138,0.20961,0.71384,0.06211,0.01444
crops/hibogi_ai_01636_png_2.jpg,hibogi_ai_01636_png,HIBOGI_AI_01636_png_jpg.rf.2913936648918ed81c95617a7a66e9d2.jpg,,0,0,no_caries,mild,0.6564,0.23235,0.65639,0.07157,0.03968
crops/hibogi_ai_01636_png_3.jpg,hibogi_ai_01636_png,HIBOGI_AI_01636_png_jpg.rf.2913936648918ed81c95617a7a66e9d2.jpg,,0,0,no_caries,mild,0.4876,0.36998,0.4876,0.03597,0.10646
crops/hibogi_ai_01636_png_4.jpg,hibogi_ai_01636_png,HIBOGI_AI_01636_png_jpg.rf.2913936648918ed81c95617a7a66e9d2.jpg,,0,0,no_caries,no_caries,0.5262,0.5262,0.33462,0.06167,0.07751
crops/hibogi_ai_01636_png_5.jpg,hibogi_ai_01636_png,HIBOGI_AI_01636_png_jpg.rf.2913936648918ed81c95617a7a66e9d2.jpg,,0,0,no_caries,no_caries,0.7938,0.79382,0.06044,0.05887,0.08686
crops/hibogi_ai_01636_png_6.jpg,hibogi_ai_01636_png,HIBOGI_AI_01636_png_jpg.rf.2913936648918ed81c95617a7a66e9d2.jpg,,0,0,no_caries,no_caries,0.7046,0.70463,0.15175,0.07358,0.07003
crops/hibogi_ai_01636_png_7.jpg,hibogi_ai_01636_png,HIBOGI_AI_01636_png_jpg.rf.2913936648918ed81c95617a7a66e9d2.jpg,,0,0,no_caries,no_caries,0.6803,0.68034,0.13719,0.12796,0.05451
crops/hibogi_ai_01636_png_8.jpg,hibogi_ai_01636_png,HIBOGI_AI_01636_png_jpg.rf.2913936648918ed81c95617a7a66e9d2.jpg,,0,0,no_caries,no_caries,0.5265,0.52646,0.15768,0.22975,0.08612
crops/hibogi_ai_01636_png_9.jpg,hibogi_ai_01636_png,HIBOGI_AI_01636_png_jpg.rf.2913936648918ed81c95617a7a66e9d2.jpg,,0,0,no_caries,no_caries,0.9003,0.90031,0.03064,0.02506,0.04399
crops/hibogi_ai_01636_png_11.jpg,hibogi_ai_01636_png,HIBOGI_AI_01636_png_jpg.rf.2913936648918ed81c95617a7a66e9d2.jpg,,0,0,no_caries,no_caries,0.8448,0.84476,0.02953,0.04462,0.08109
crops/hibogi_ai_01636_png_12.jpg,hibogi_ai_01636_png,HIBOGI_AI_01636_png_jpg.rf.2913936648918ed81c95617a7a66e9d2.jpg,,0,0,no_caries,no_caries,0.8609,0.86087,0.02083,0.05022,0.06808
crops/hibogi_ai_01649_png_0.jpg,hibogi_ai_01649_png,HIBOGI_AI_01649_png_jpg.rf.a12575b6368f5bd775f7fc677325ce17.jpg,,0,0,no_caries,mild,0.7427,0.12167,0.74275,0.11709,0.0185
crops/hibogi_ai_01649_png_1.jpg,hibogi_ai_01649_png,HIBOGI_AI_01649_png_jpg.rf.a12575b6368f5bd775f7fc677325ce17.jpg,,0,0,no_caries,mild,0.6478,0.07763,0.64776,0.12728,0.14733
crops/hibogi_ai_01649_png_2.jpg,hibogi_ai_01649_png,HIBOGI_AI_01649_png_jpg.rf.a12575b6368f5bd775f7fc677325ce17.jpg,,0,0,no_caries,mild,0.8209,0.11251,0.82089,0.04727,0.01933
crops/hibogi_ai_01649_png_3.jpg,hibogi_ai_01649_png,HIBOGI_AI_01649_png_jpg.rf.a12575b6368f5bd775f7fc677325ce17.jpg,,0,0,no_caries,no_caries,0.4524,0.45237,0.43378,0.02717,0.08668
crops/hibogi_ai_01649_png_4.jpg,hibogi_ai_01649_png,HIBOGI_AI_01649_png_jpg.rf.a12575b6368f5bd775f7fc677325ce17.jpg,,5,0,advanced,moderate,0.3506,0.01912,0.34091,0.35057,0.2894
crops/hibogi_ai_01649_png_5.jpg,hibogi_ai_01649_png,HIBOGI_AI_01649_png_jpg.rf.a12575b6368f5bd775f7fc677325ce17.jpg,,0,0,no_caries,no_caries,0.5425,0.54254,0.17309,0.17303,0.11134
crops/hibogi_ai_01649_png_6.jpg,hibogi_ai_01649_png,HIBOGI_AI_01649_png_jpg.rf.a12575b6368f5bd775f7fc677325ce17.jpg,,0,0,no_caries,mild,0.7161,0.15844,0.71605,0.11207,0.01343
crops/hibogi_ai_01649_png_7.jpg,hibogi_ai_01649_png,HIBOGI_AI_01649_png_jpg.rf.a12575b6368f5bd775f7fc677325ce17.jpg,,0,0,no_caries,mild,0.5536,0.12681,0.5536,0.25234,0.06726
crops/hibogi_ai_01649_png_8.jpg,hibogi_ai_01649_png,HIBOGI_AI_01649_png_jpg.rf.a12575b6368f5bd775f7fc677325ce17.jpg,,0,0,no_caries,moderate,0.6625,0.26539,0.02724,0.66248,0.04489
crops/hibogi_ai_01691_png_0.jpg,hibogi_ai_01691_png,HIBOGI_AI_01691_png_jpg.rf.b9c3891e17c90a69e38c360fc61be49d.jpg,,0,0,no_caries,no_caries,0.4854,0.48541,0.24485,0.02356,0.24617
crops/hibogi_ai_01691_png_1.jpg,hibogi_ai_01691_png,HIBOGI_AI_01691_png_jpg.rf.b9c3891e17c90a69e38c360fc61be49d.jpg,,0,0,no_caries,no_caries,0.6459,0.64594,0.23293,0.02102,0.10012
crops/hibogi_ai_01691_png_2.jpg,hibogi_ai_01691_png,HIBOGI_AI_01691_png_jpg.rf.b9c3891e17c90a69e38c360fc61be49d.jpg,,0,0,no_caries,no_caries,0.7388,0.73877,0.2159,0.02112,0.02421
crops/hibogi_ai_01691_png_3.jpg,hibogi_ai_01691_png,HIBOGI_AI_01691_png_jpg.rf.b9c3891e17c90a69e38c360fc61be49d.jpg,,0,0,no_caries,no_caries,0.7589,0.75886,0.16358,0.03789,0.03967
crops/hibogi_ai_01691_png_4.jpg,hibogi_ai_01691_png,HIBOGI_AI_01691_png_jpg.rf.b9c3891e17c90a69e38c360fc61be49d.jpg,,0,0,no_caries,no_caries,0.8027,0.80268,0.11527,0.03945,0.04261
crops/hibogi_ai_01691_png_5.jpg,hibogi_ai_01691_png,HIBOGI_AI_01691_png_jpg.rf.b9c3891e17c90a69e38c360fc61be49d.jpg,,0,0,no_caries,no_caries,0.7272,0.72718,0.09208,0.11103,0.06972
crops/hibogi_ai_01691_png_6.jpg,hibogi_ai_01691_png,HIBOGI_AI_01691_png_jpg.rf.b9c3891e17c90a69e38c360fc61be49d.jpg,,0,0,no_caries,no_caries,0.8241,0.82408,0.04176,0.0906,0.04356
crops/hibogi_ai_01691_png_7.jpg,hibogi_ai_01691_png,HIBOGI_AI_01691_png_jpg.rf.b9c3891e17c90a69e38c360fc61be49d.jpg,,0,0,no_caries,no_caries,0.6847,0.68474,0.21417,0.02812,0.07298
crops/hibogi_ai_01691_png_8.jpg,hibogi_ai_01691_png,HIBOGI_AI_01691_png_jpg.rf.b9c3891e17c90a69e38c360fc61be49d.jpg,,0,0,no_caries,no_caries,0.7816,0.78159,0.12347,0.03625,0.05869
crops/hibogi_ai_01691_png_9.jpg,hibogi_ai_01691_png,HIBOGI_AI_01691_png_jpg.rf.b9c3891e17c90a69e38c360fc61be49d.jpg,,0,0,no_caries,mild,0.4325,0.32803,0.43251,0.04154,0.19792
crops/hibogi_ai_01691_png_10.jpg,hibogi_ai_01691_png,HIBOGI_AI_01691_png_jpg.rf.b9c3891e17c90a69e38c360fc61be49d.jpg,,0,0,no_caries,no_caries,0.7583,0.75831,0.1361,0.02451,0.08108
crops/hibogi_ai_01700_png_0.jpg,hibogi_ai_01700_png,HIBOGI_AI_01700_png_jpg.rf.16879be11b55a6440a019d0ff4b63977.jpg,,0,0,no_caries,no_caries,0.7132,0.71324,0.03014,0.17403,0.08259
crops/hibogi_ai_01700_png_1.jpg,hibogi_ai_01700_png,HIBOGI_AI_01700_png_jpg.rf.16879be11b55a6440a019d0ff4b63977.jpg,,0,0,no_caries,no_caries,0.6109,0.61095,0.13361,0.05359,0.20186
crops/hibogi_ai_01700_png_2.jpg,hibogi_ai_01700_png,HIBOGI_AI_01700_png_jpg.rf.16879be11b55a6440a019d0ff4b63977.jpg,,0,0,no_caries,no_caries,0.6677,0.66769,0.06051,0.05056,0.22124
crops/hibogi_ai_01700_png_3.jpg,hibogi_ai_01700_png,HIBOGI_AI_01700_png_jpg.rf.16879be11b55a6440a019d0ff4b63977.jpg,,0,0,no_caries,no_caries,0.788,0.788,0.04758,0.04472,0.1197
crops/hibogi_ai_01700_png_4.jpg,hibogi_ai_01700_png,HIBOGI_AI_01700_png_jpg.rf.16879be11b55a6440a019d0ff4b63977.jpg,,0,0,no_caries,no_caries,0.8015,0.80153,0.04091,0.08179,0.07577
crops/hibogi_ai_01700_png_5.jpg,hibogi_ai_01700_png,HIBOGI_AI_01700_png_jpg.rf.16879be11b55a6440a019d0ff4b63977.jpg,,0,0,no_caries,no_caries,0.661,0.66095,0.21541,0.05825,0.06538
crops/hibogi_ai_01700_png_6.jpg,hibogi_ai_01700_png,HIBOGI_AI_01700_png_jpg.rf.16879be11b55a6440a019d0ff4b63977.jpg,,0,0,no_caries,no_caries,0.6337,0.63371,0.10221,0.16061,0.10347
crops/hibogi_ai_01720_png_0.jpg,hibogi_ai_01720_png,HIBOGI_AI_01720_png_jpg.rf.2c5424e8897e51c3f91d8dd129480d73.jpg,,1,0,mild,no_caries,0.7508,0.75084,0.10722,0.06862,0.07332
crops/hibogi_ai_01720_png_1.jpg,hibogi_ai_01720_png,HIBOGI_AI_01720_png_jpg.rf.2c5424e8897e51c3f91d8dd129480d73.jpg,,0,0,no_caries,no_caries,0.8656,0.86562,0.02417,0.08291,0.02731
crops/hibogi_ai_01720_png_2.jpg,hibogi_ai_01720_png,HIBOGI_AI_01720_png_jpg.rf.2c5424e8897e51c3f91d8dd129480d73.jpg,,0,0,no_caries,no_caries,0.7243,0.72431,0.0563,0.1052,0.11419
crops/hibogi_ai_01720_png_3.jpg,hibogi_ai_01720_png,HIBOGI_AI_01720_png_jpg.rf.2c5424e8897e51c3f91d8dd129480d73.jpg,,0,0,no_caries,moderate,0.4223,0.25263,0.11124,0.42227,0.21386
crops/hibogi_ai_01720_png_4.jpg,hibogi_ai_01720_png,HIBOGI_AI_01720_png_jpg.rf.2c5424e8897e51c3f91d8dd129480d73.jpg,,0,0,no_caries,no_caries,0.8681,0.86806,0.01436,0.02254,0.09503
crops/hibogi_ai_01720_png_5.jpg,hibogi_ai_01720_png,HIBOGI_AI_01720_png_jpg.rf.2c5424e8897e51c3f91d8dd129480d73.jpg,,0,0,no_caries,no_caries,0.7008,0.70077,0.08395,0.08713,0.12816
crops/hibogi_ai_01720_png_6.jpg,hibogi_ai_01720_png,HIBOGI_AI_01720_png_jpg.rf.2c5424e8897e51c3f91d8dd129480d73.jpg,,0,0,no_caries,no_caries,0.9015,0.90152,0.02391,0.0171,0.05747
crops/hibogi_ai_01722_png_0.jpg,hibogi_ai_01722_png,HIBOGI_AI_01722_png_jpg.rf.e13cc3336a945ba9497cd1dbe2181802.jpg,,0,0,no_caries,moderate,0.7763,0.02545,0.13631,0.77625,0.06199
crops/hibogi_ai_01722_png_1.jpg,hibogi_ai_01722_png,HIBOGI_AI_01722_png_jpg.rf.e13cc3336a945ba9497cd1dbe2181802.jpg,,0,0,no_caries,no_caries,0.6445,0.64454,0.21341,0.02469,0.11736
crops/hibogi_ai_01722_png_2.jpg,hibogi_ai_01722_png,HIBOGI_AI_01722_png_jpg.rf.e13cc3336a945ba9497cd1dbe2181802.jpg,,0,0,no_caries,no_caries,0.7984,0.79841,0.0957,0.04235,0.06354
crops/hibogi_ai_01722_png_3.jpg,hibogi_ai_01722_png,HIBOGI_AI_01722_png_jpg.rf.e13cc3336a945ba9497cd1dbe2181802.jpg,,0,0,no_caries,no_caries,0.7501,0.75008,0.09901,0.09856,0.05235
crops/hibogi_ai_01722_png_4.jpg,hibogi_ai_01722_png,HIBOGI_AI_01722_png_jpg.rf.e13cc3336a945ba9497cd1dbe2181802.jpg,,0,0,no_caries,no_caries,0.7696,0.76961,0.07329,0.11208,0.04503
crops/hibogi_ai_01722_png_5.jpg,hibogi_ai_01722_png,HIBOGI_AI_01722_png_jpg.rf.e13cc3336a945ba9497cd1dbe2181802.jpg,,0,0,no_caries,no_caries,0.8838,0.88379,0.01876,0.0367,0.06075
crops/hibogi_ai_01722_png_6.jpg,hibogi_ai_01722_png,HIBOGI_AI_01722_png_jpg.rf.e13cc3336a945ba9497cd1dbe2181802.jpg,,0,0,no_caries,no_caries,0.753,0.75304,0.13246,0.05829,0.0562
crops/hibogi_ai_01722_png_7.jpg,hibogi_ai_01722_png,HIBOGI_AI_01722_png_jpg.rf.e13cc3336a945ba9497cd1dbe2181802.jpg,,0,0,no_caries,no_caries,0.5478,0.54777,0.20547,0.18882,0.05794
crops/hibogi_ai_01722_png_8.jpg,hibogi_ai_01722_png,HIBOGI_AI_01722_png_jpg.rf.e13cc3336a945ba9497cd1dbe2181802.jpg,,0,0,no_caries,moderate,0.491,0.01082,0.01428,0.49102,0.48389
crops/hibogi_ai_01722_png_9.jpg,hibogi_ai_01722_png,HIBOGI_AI_01722_png_jpg.rf.e13cc3336a945ba9497cd1dbe2181802.jpg,,0,0,no_caries,no_caries,0.6613,0.66133,0.16375,0.07762,0.09729
crops/hibogi_ai_01722_png_10.jpg,hibogi_ai_01722_png,HIBOGI_AI_01722_png_jpg.rf.e13cc3336a945ba9497cd1dbe2181802.jpg,,0,0,no_caries,no_caries,0.8054,0.80538,0.0335,0.03778,0.12334
crops/hibogi_ai_01722_png_11.jpg,hibogi_ai_01722_png,HIBOGI_AI_01722_png_jpg.rf.e13cc3336a945ba9497cd1dbe2181802.jpg,,0,0,no_caries,no_caries,0.8427,0.84271,0.04117,0.03253,0.08359
crops/hibogi_ai_01722_png_12.jpg,hibogi_ai_01722_png,HIBOGI_AI_01722_png_jpg.rf.e13cc3336a945ba9497cd1dbe2181802.jpg,,0,0,no_caries,no_caries,0.9014,0.90137,0.03586,0.03241,0.03036
crops/hibogi_ai_01722_png_13.jpg,hibogi_ai_01722_png,HIBOGI_AI_01722_png_jpg.rf.e13cc3336a945ba9497cd1dbe2181802.jpg,,0,0,no_caries,no_caries,0.8174,0.81739,0.10497,0.03365,0.04399
crops/hibogi_ai_01733_png_0.jpg,hibogi_ai_01733_png,HIBOGI_AI_01733_png_jpg.rf.023ba3ad777cecafb48d7d1230149624.jpg,,0,0,no_caries,mild,0.5253,0.02326,0.52527,0.42842,0.02305
crops/hibogi_ai_01733_png_1.jpg,hibogi_ai_01733_png,HIBOGI_AI_01733_png_jpg.rf.023ba3ad777cecafb48d7d1230149624.jpg,,5,0,advanced,advanced,0.9001,0.02151,0.03736,0.04105,0.90009
crops/hibogi_ai_01733_png_2.jpg,hibogi_ai_01733_png,HIBOGI_AI_01733_png_jpg.rf.023ba3ad777cecafb48d7d1230149624.jpg,,5,0,advanced,advanced,0.8876,0.01362,0.01729,0.08146,0.88763
crops/hibogi_ai_01733_png_3.jpg,hibogi_ai_01733_png,HIBOGI_AI_01733_png_jpg.rf.023ba3ad777cecafb48d7d1230149624.jpg,,0,0,no_caries,no_caries,0.8506,0.85065,0.08687,0.02618,0.03631
crops/hibogi_ai_01733_png_4.jpg,hibogi_ai_01733_png,HIBOGI_AI_01733_png_jpg.rf.023ba3ad777cecafb48d7d1230149624.jpg,,0,0,no_caries,no_caries,0.792,0.79201,0.08426,0.09181,0.03192
crops/hibogi_ai_01733_png_5.jpg,hibogi_ai_01733_png,HIBOGI_AI_01733_png_jpg.rf.023ba3ad777cecafb48d7d1230149624.jpg,,0,0,no_caries,no_caries,0.8974,0.89737,0.03615,0.04977,0.01671
crops/hibogi_ai_01733_png_6.jpg,hibogi_ai_01733_png,HIBOGI_AI_01733_png_jpg.rf.023ba3ad777cecafb48d7d1230149624.jpg,,0,0,no_caries,no_caries,0.6168,0.6168,0.01057,0.36036,0.01227
crops/hibogi_ai_01733_png_7.jpg,hibogi_ai_01733_png,HIBOGI_AI_01733_png_jpg.rf.023ba3ad777cecafb48d7d1230149624.jpg,,3,0,moderate,no_caries,0.6737,0.67367,0.20288,0.09651,0.02694
crops/hibogi_ai_01733_png_8.jpg,hibogi_ai_01733_png,HIBOGI_AI_01733_png_jpg.rf.023ba3ad777cecafb48d7d1230149624.jpg,,0,0,no_caries,no_caries,0.7327,0.73275,0.13946,0.09618,0.03161
crops/hibogi_ai_01733_png_9.jpg,hibogi_ai_01733_png,HIBOGI_AI_01733_png_jpg.rf.023ba3ad777cecafb48d7d1230149624.jpg,,0,0,no_caries,mild,0.422,0.41935,0.42196,0.11059,0.04809
crops/hibogi_ai_01733_png_10.jpg,hibogi_ai_01733_png,HIBOGI_AI_01733_png_jpg.rf.023ba3ad777cecafb48d7d1230149624.jpg,,0,0,no_caries,mild,0.8774,0.04132,0.87741,0.02328,0.05798
crops/hibogi_ai_01740_png_0.jpg,hibogi_ai_01740_png,HIBOGI_AI_01740_png_jpg.rf.37cfb497902f323db5c20331b92a7791.jpg,,0,0,no_caries,no_caries,0.6639,0.66392,0.20876,0.02028,0.10704
crops/hibogi_ai_01740_png_1.jpg,hibogi_ai_01740_png,HIBOGI_AI_01740_png_jpg.rf.37cfb497902f323db5c20331b92a7791.jpg,,3,0,moderate,mild,0.3656,0.08323,0.36563,0.19777,0.35338
crops/hibogi_ai_01740_png_2.jpg,hibogi_ai_01740_png,HIBOGI_AI_01740_png_jpg.rf.37cfb497902f323db5c20331b92a7791.jpg,,0,0,no_caries,no_caries,0.8029,0.80287,0.05651,0.07783,0.0628
crops/hibogi_ai_01740_png_3.jpg,hibogi_ai_01740_png,HIBOGI_AI_01740_png_jpg.rf.37cfb497902f323db5c20331b92a7791.jpg,,0,0,no_caries,no_caries,0.6104,0.61043,0.03915,0.30005,0.05037
crops/hibogi_ai_01740_png_4.jpg,hibogi_ai_01740_png,HIBOGI_AI_01740_png_jpg.rf.37cfb497902f323db5c20331b92a7791.jpg,,0,0,no_caries,no_caries,0.6506,0.65061,0.04921,0.26844,0.03175
crops/hibogi_ai_01740_png_5.jpg,hibogi_ai_01740_png,HIBOGI_AI_01740_png_jpg.rf.37cfb497902f323db5c20331b92a7791.jpg,,0,0,no_caries,no_caries,0.7838,0.78381,0.0374,0.12559,0.0532
crops/hibogi_ai_01740_png_6.jpg,hibogi_ai_01740_png,HIBOGI_AI_01740_png_jpg.rf.37cfb497902f323db5c20331b92a7791.jpg,,0,0,no_caries,no_caries,0.8736,0.87362,0.02114,0.06295,0.04229
crops/hibogi_ai_01740_png_7.jpg,hibogi_ai_01740_png,HIBOGI_AI_01740_png_jpg.rf.37cfb497902f323db5c20331b92a7791.jpg,,0,0,no_caries,no_caries,0.7198,0.71984,0.1276,0.09586,0.05671
crops/hibogi_ai_01740_png_8.jpg,hibogi_ai_01740_png,HIBOGI_AI_01740_png_jpg.rf.37cfb497902f323db5c20331b92a7791.jpg,,0,0,no_caries,no_caries,0.5566,0.55657,0.22865,0.1346,0.08018
crops/hibogi_ai_01740_png_9.jpg,hibogi_ai_01740_png,HIBOGI_AI_01740_png_jpg.rf.37cfb497902f323db5c20331b92a7791.jpg,,5,0,advanced,advanced,0.6089,0.00268,0.0157,0.37275,0.60888
crops/hibogi_ai_01740_png_10.jpg,hibogi_ai_01740_png,HIBOGI_AI_01740_png_jpg.rf.37cfb497902f323db5c20331b92a7791.jpg,,5,0,advanced,mild,0.6548,0.06493,0.65483,0.0218,0.25844
crops/hibogi_ai_01745_png_0.jpg,hibogi_ai_01745_png,HIBOGI_AI_01745_png_jpg.rf.f674dab690be913a0611ac466729fadd.jpg,,0,0,no_caries,no_caries,0.7447,0.74467,0.1505,0.03078,0.07405
crops/hibogi_ai_01745_png_1.jpg,hibogi_ai_01745_png,HIBOGI_AI_01745_png_jpg.rf.f674dab690be913a0611ac466729fadd.jpg,,0,0,no_caries,no_caries,0.7908,0.79078,0.15752,0.02059,0.03111
crops/hibogi_ai_01745_png_2.jpg,hibogi_ai_01745_png,HIBOGI_AI_01745_png_jpg.rf.f674dab690be913a0611ac466729fadd.jpg,,0,0,no_caries,no_caries,0.8959,0.89592,0.031,0.0436,0.02948
crops/hibogi_ai_01745_png_3.jpg,hibogi_ai_01745_png,HIBOGI_AI_01745_png_jpg.rf.f674dab690be913a0611ac466729fadd.jpg,,0,0,no_caries,no_caries,0.8154,0.81536,0.05527,0.05918,0.07019
crops/hibogi_ai_01745_png_4.jpg,hibogi_ai_01745_png,HIBOGI_AI_01745_png_jpg.rf.f674dab690be913a0611ac466729fadd.jpg,,0,0,no_caries,no_caries,0.8153,0.81525,0.04688,0.07656,0.06131
crops/hibogi_ai_01745_png_5.jpg,hibogi_ai_01745_png,HIBOGI_AI_01745_png_jpg.rf.f674dab690be913a0611ac466729fadd.jpg,,0,0,no_caries,no_caries,0.8556,0.85557,0.0239,0.06201,0.05852
crops/hibogi_ai_01745_png_6.jpg,hibogi_ai_01745_png,HIBOGI_AI_01745_png_jpg.rf.f674dab690be913a0611ac466729fadd.jpg,,0,0,no_caries,no_caries,0.8533,0.85325,0.06377,0.02624,0.05674
crops/hibogi_ai_01745_png_7.jpg,hibogi_ai_01745_png,HIBOGI_AI_01745_png_jpg.rf.f674dab690be913a0611ac466729fadd.jpg,,0,0,no_caries,no_caries,0.8974,0.89741,0.05032,0.02906,0.02322
crops/hibogi_ai_01745_png_8.jpg,hibogi_ai_01745_png,HIBOGI_AI_01745_png_jpg.rf.f674dab690be913a0611ac466729fadd.jpg,,0,0,no_caries,no_caries,0.7884,0.78837,0.0971,0.03584,0.07869
crops/hibogi_ai_01745_png_9.jpg,hibogi_ai_01745_png,HIBOGI_AI_01745_png_jpg.rf.f674dab690be913a0611ac466729fadd.jpg,,0,0,no_caries,mild,0.4841,0.4045,0.48408,0.04035,0.07107
crops/hibogi_ai_01745_png_10.jpg,hibogi_ai_01745_png,HIBOGI_AI_01745_png_jpg.rf.f674dab690be913a0611ac466729fadd.jpg,,5,0,advanced,mild,0.566,0.22279,0.56604,0.03164,0.17953
crops/hibogi_ai_01757_png_0.jpg,hibogi_ai_01757_png,HIBOGI_AI_01757_png_jpg.rf.03d77596cb42e60ab36a69685392f51b.jpg,,0,0,no_caries,mild,0.9109,0.06535,0.91086,0.01,0.01379
crops/hibogi_ai_01757_png_1.jpg,hibogi_ai_01757_png,HIBOGI_AI_01757_png_jpg.rf.03d77596cb42e60ab36a69685392f51b.jpg,,4,0,moderate,advanced,0.6322,0.01866,0.05387,0.29531,0.63216
crops/hibogi_ai_01757_png_2.jpg,hibogi_ai_01757_png,HIBOGI_AI_01757_png_jpg.rf.03d77596cb42e60ab36a69685392f51b.jpg,,0,0,no_caries,mild,0.6309,0.26267,0.63092,0.08181,0.02461
crops/hibogi_ai_01757_png_3.jpg,hibogi_ai_01757_png,HIBOGI_AI_01757_png_jpg.rf.03d77596cb42e60ab36a69685392f51b.jpg,,0,0,no_caries,no_caries,0.7327,0.73267,0.07114,0.1615,0.03468
crops/hibogi_ai_01757_png_4.jpg,hibogi_ai_01757_png,HIBOGI_AI_01757_png_jpg.rf.03d77596cb42e60ab36a69685392f51b.jpg,,0,0,no_caries,mild,0.3361,0.31879,0.33608,0.3151,0.03003
crops/hibogi_ai_01757_png_5.jpg,hibogi_ai_01757_png,HIBOGI_AI_01757_png_jpg.rf.03d77596cb42e60ab36a69685392f51b.jpg,,0,0,no_caries,moderate,0.4992,0.4056,0.02106,0.49916,0.07418
crops/hibogi_ai_01757_png_6.jpg,hibogi_ai_01757_png,HIBOGI_AI_01757_png_jpg.rf.03d77596cb42e60ab36a69685392f51b.jpg,,0,0,no_caries,no_caries,0.5397,0.53968,0.37156,0.0192,0.06956
crops/hibogi_ai_01757_png_7.jpg,hibogi_ai_01757_png,HIBOGI_AI_01757_png_jpg.rf.03d77596cb42e60ab36a69685392f51b.jpg,,0,0,no_caries,no_caries,0.5823,0.58228,0.13426,0.09109,0.19238
crops/hibogi_ai_01757_png_8.jpg,hibogi_ai_01757_png,HIBOGI_AI_01757_png_jpg.rf.03d77596cb42e60ab36a69685392f51b.jpg,,0,0,no_caries,no_caries,0.8059,0.80587,0.0567,0.06286,0.07457
crops/hibogi_ai_01757_png_9.jpg,hibogi_ai_01757_png,HIBOGI_AI_01757_png_jpg.rf.03d77596cb42e60ab36a69685392f51b.jpg,,0,0,no_caries,no_caries,0.8198,0.81981,0.11377,0.04099,0.02544
crops/hibogi_ai_01757_png_10.jpg,hibogi_ai_01757_png,HIBOGI_AI_01757_png_jpg.rf.03d77596cb42e60ab36a69685392f51b.jpg,,0,0,no_caries,mild,0.6468,0.28807,0.64683,0.01903,0.04607
crops/hibogi_ai_01757_png_11.jpg,hibogi_ai_01757_png,HIBOGI_AI_01757_png_jpg.rf.03d77596cb42e60ab36a69685392f51b.jpg,,0,0,no_caries,mild,0.8285,0.09734,0.82847,0.04975,0.02444
crops/hibogi_ai_01772_png_0.jpg,hibogi_ai_01772_png,HIBOGI_AI_01772_png_jpg.rf.feb7513673f766e9ff861dfccaba5d2f.jpg,,0,0,no_caries,no_caries,0.8816,0.88156,0.03681,0.05901,0.02262
crops/hibogi_ai_01772_png_1.jpg,hibogi_ai_01772_png,HIBOGI_AI_01772_png_jpg.rf.feb7513673f766e9ff861dfccaba5d2f.jpg,,0,0,no_caries,no_caries,0.8175,0.81754,0.0327,0.0617,0.08806
crops/hibogi_ai_01772_png_2.jpg,hibogi_ai_01772_png,HIBOGI_AI_01772_png_jpg.rf.feb7513673f766e9ff861dfccaba5d2f.jpg,,4,0,moderate,mild,0.679,0.02098,0.67903,0.27001,0.02998
crops/hibogi_ai_01772_png_3.jpg,hibogi_ai_01772_png,HIBOGI_AI_01772_png_jpg.rf.feb7513673f766e9ff861dfccaba5d2f.jpg,,0,0,no_caries,no_caries,0.7905,0.79052,0.04712,0.04687,0.11548
crops/hibogi_ai_01772_png_4.jpg,hibogi_ai_01772_png,HIBOGI_AI_01772_png_jpg.rf.feb7513673f766e9ff861dfccaba5d2f.jpg,,0,0,no_caries,no_caries,0.7768,0.77683,0.09765,0.01248,0.11304
crops/hibogi_ai_01772_png_5.jpg,hibogi_ai_01772_png,HIBOGI_AI_01772_png_jpg.rf.feb7513673f766e9ff861dfccaba5d2f.jpg,,0,0,no_caries,moderate,0.6,0.09111,0.06704,0.60002,0.24184
crops/hibogi_ai_01772_png_6.jpg,hibogi_ai_01772_png,HIBOGI_AI_01772_png_jpg.rf.feb7513673f766e9ff861dfccaba5d2f.jpg,,0,0,no_caries,no_caries,0.7315,0.73148,0.16102,0.03019,0.0773
crops/hibogi_ai_01772_png_7.jpg,hibogi_ai_01772_png,HIBOGI_AI_01772_png_jpg.rf.feb7513673f766e9ff861dfccaba5d2f.jpg,,0,0,no_caries,no_caries,0.7517,0.75169,0.16286,0.01845,0.067
crops/hibogi_ai_01772_png_8.jpg,hibogi_ai_01772_png,HIBOGI_AI_01772_png_jpg.rf.feb7513673f766e9ff861dfccaba5d2f.jpg,,0,0,no_caries,no_caries,0.7104,0.71039,0.10982,0.09155,0.08824
crops/hibogi_ai_01772_png_9.jpg,hibogi_ai_01772_png,HIBOGI_AI_01772_png_jpg.rf.feb7513673f766e9ff861dfccaba5d2f.jpg,,0,0,no_caries,no_caries,0.8757,0.87566,0.04216,0.04674,0.03544
crops/hibogi_ai_01772_png_10.jpg,hibogi_ai_01772_png,HIBOGI_AI_01772_png_jpg.rf.feb7513673f766e9ff861dfccaba5d2f.jpg,,0,0,no_caries,no_caries,0.8006,0.80062,0.12318,0.04585,0.03035
crops/hibogi_ai_01772_png_11.jpg,hibogi_ai_01772_png,HIBOGI_AI_01772_png_jpg.rf.feb7513673f766e9ff861dfccaba5d2f.jpg,,0,0,no_caries,no_caries,0.8211,0.82108,0.03714,0.10015,0.04162
crops/hibogi_ai_01837_png_0.jpg,hibogi_ai_01837_png,HIBOGI_AI_01837_png_jpg.rf.15c7138ce0cdf84fc77b4692f8200c6b.jpg,,0,0,no_caries,no_caries,0.6022,0.60219,0.14736,0.16029,0.09017
crops/hibogi_ai_01837_png_1.jpg,hibogi_ai_01837_png,HIBOGI_AI_01837_png_jpg.rf.15c7138ce0cdf84fc77b4692f8200c6b.jpg,,0,0,no_caries,no_caries,0.7032,0.70322,0.18102,0.0638,0.05195
crops/hibogi_ai_01837_png_2.jpg,hibogi_ai_01837_png,HIBOGI_AI_01837_png_jpg.rf.15c7138ce0cdf84fc77b4692f8200c6b.jpg,,0,0,no_caries,no_caries,0.7465,0.74655,0.09927,0.10536,0.04883
crops/hibogi_ai_01837_png_3.jpg,hibogi_ai_01837_png,HIBOGI_AI_01837_png_jpg.rf.15c7138ce0cdf84fc77b4692f8200c6b.jpg,,0,0,no_caries,no_caries,0.6404,0.64039,0.16722,0.09514,0.09725
crops/hibogi_ai_01837_png_4.jpg,hibogi_ai_01837_png,HIBOGI_AI_01837_png_jpg.rf.15c7138ce0cdf84fc77b4692f8200c6b.jpg,,0,0,no_caries,no_caries,0.6488,0.6488,0.22578,0.08506,0.04036
crops/hibogi_ai_01837_png_5.jpg,hibogi_ai_01837_png,HIBOGI_AI_01837_png_jpg.rf.15c7138ce0cdf84fc77b4692f8200c6b.jpg,,3,0,moderate,no_caries,0.6044,0.60435,0.15917,0.10032,0.13615
crops/hibogi_ai_01837_png_6.jpg,hibogi_ai_01837_png,HIBOGI_AI_01837_png_jpg.rf.15c7138ce0cdf84fc77b4692f8200c6b.jpg,,0,0,no_caries,no_caries,0.6908,0.69085,0.21804,0.06051,0.0306
crops/hibogi_ai_01837_png_7.jpg,hibogi_ai_01837_png,HIBOGI_AI_01837_png_jpg.rf.15c7138ce0cdf84fc77b4692f8200c6b.jpg,,0,0,no_caries,no_caries,0.593,0.59302,0.09717,0.21449,0.09533
crops/hibogi_ai_01837_png_8.jpg,hibogi_ai_01837_png,HIBOGI_AI_01837_png_jpg.rf.15c7138ce0cdf84fc77b4692f8200c6b.jpg,,0,0,no_caries,no_caries,0.7731,0.7731,0.09977,0.06745,0.05968
crops/hibogi_ai_01837_png_9.jpg,hibogi_ai_01837_png,HIBOGI_AI_01837_png_jpg.rf.15c7138ce0cdf84fc77b4692f8200c6b.jpg,,0,0,no_caries,no_caries,0.9057,0.90574,0.01687,0.02219,0.0552
crops/hibogi_ai_01839_png_0.jpg,hibogi_ai_01839_png,HIBOGI_AI_01839_png_jpg.rf.47a85ef50053c74e9b42fc15f763cf5b.jpg,,2,0,mild,mild,0.6674,0.0842,0.66736,0.0835,0.16495
crops/hibogi_ai_01839_png_1.jpg,hibogi_ai_01839_png,HIBOGI_AI_01839_png_jpg.rf.47a85ef50053c74e9b42fc15f763cf5b.jpg,,4,0,moderate,mild,0.3981,0.05297,0.39807,0.29799,0.25097
crops/hibogi_ai_01845_png_0.jpg,hibogi_ai_01845_png,HIBOGI_AI_01845_png_jpg.rf.1be8fe8fc7b1778a756c00613c08c090.jpg,,3,0,moderate,advanced,0.3925,0.26904,0.21768,0.12078,0.3925
crops/hibogi_ai_01845_png_1.jpg,hibogi_ai_01845_png,HIBOGI_AI_01845_png_jpg.rf.1be8fe8fc7b1778a756c00613c08c090.jpg,,5,0,advanced,advanced,0.9473,0.0246,0.01819,0.00988,0.94733
crops/hibogi_ai_01845_png_2.jpg,hibogi_ai_01845_png,HIBOGI_AI_01845_png_jpg.rf.1be8fe8fc7b1778a756c00613c08c090.jpg,,3,0,moderate,moderate,0.3999,0.14691,0.19882,0.39988,0.25438
crops/hibogi_ai_01845_png_3.jpg,hibogi_ai_01845_png,HIBOGI_AI_01845_png_jpg.rf.1be8fe8fc7b1778a756c00613c08c090.jpg,,0,0,no_caries,no_caries,0.7296,0.72964,0.01673,0.21136,0.04226
crops/hibogi_ai_01845_png_4.jpg,hibogi_ai_01845_png,HIBOGI_AI_01845_png_jpg.rf.1be8fe8fc7b1778a756c00613c08c090.jpg,,0,0,no_caries,no_caries,0.7701,0.77012,0.0083,0.19927,0.02231
crops/hibogi_ai_01845_png_5.jpg,hibogi_ai_01845_png,HIBOGI_AI_01845_png_jpg.rf.1be8fe8fc7b1778a756c00613c08c090.jpg,,0,0,no_caries,no_caries,0.7495,0.74947,0.04698,0.14222,0.06132
crops/hibogi_ai_01845_png_6.jpg,hibogi_ai_01845_png,HIBOGI_AI_01845_png_jpg.rf.1be8fe8fc7b1778a756c00613c08c090.jpg,,0,0,no_caries,no_caries,0.7131,0.71306,0.08668,0.11464,0.08561
crops/hibogi_ai_01845_png_7.jpg,hibogi_ai_01845_png,HIBOGI_AI_01845_png_jpg.rf.1be8fe8fc7b1778a756c00613c08c090.jpg,,0,0,no_caries,no_caries,0.7322,0.73223,0.17159,0.0694,0.02677
crops/hibogi_ai_01845_png_8.jpg,hibogi_ai_01845_png,HIBOGI_AI_01845_png_jpg.rf.1be8fe8fc7b1778a756c00613c08c090.jpg,,5,0,advanced,advanced,0.6473,0.0097,0.01058,0.33245,0.64727
crops/hibogi_ai_01845_png_9.jpg,hibogi_ai_01845_png,HIBOGI_AI_01845_png_jpg.rf.1be8fe8fc7b1778a756c00613c08c090.jpg,,6,0,advanced,advanced,0.9552,0.01127,0.00837,0.02518,0.95518
crops/hibogi_ai_01845_png_10.jpg,hibogi_ai_01845_png,HIBOGI_AI_01845_png_jpg.rf.1be8fe8fc7b1778a756c00613c08c090.jpg,,4,0,moderate,moderate,0.9616,0.01074,0.01721,0.96159,0.01045
crops/hibogi_ai_01847_png_0.jpg,hibogi_ai_01847_png,HIBOGI_AI_01847_png_jpg.rf.d79fd76a2f7524a229958670c9e770e5.jpg,,1,0,mild,no_caries,0.5185,0.51845,0.02981,0.25357,0.19817
crops/hibogi_ai_01847_png_1.jpg,hibogi_ai_01847_png,HIBOGI_AI_01847_png_jpg.rf.d79fd76a2f7524a229958670c9e770e5.jpg,,1,0,mild,no_caries,0.7781,0.77814,0.031,0.12944,0.06142
crops/hibogi_ai_01847_png_2.jpg,hibogi_ai_01847_png,HIBOGI_AI_01847_png_jpg.rf.d79fd76a2f7524a229958670c9e770e5.jpg,,1,0,mild,no_caries,0.6692,0.66916,0.09307,0.14442,0.09335
crops/hibogi_ai_01847_png_3.jpg,hibogi_ai_01847_png,HIBOGI_AI_01847_png_jpg.rf.d79fd76a2f7524a229958670c9e770e5.jpg,,1,0,mild,no_caries,0.6232,0.62316,0.1349,0.15871,0.08322
crops/hibogi_ai_01847_png_4.jpg,hibogi_ai_01847_png,HIBOGI_AI_01847_png_jpg.rf.d79fd76a2f7524a229958670c9e770e5.jpg,,5,0,advanced,moderate,0.9477,0.00227,0.00332,0.94773,0.04669
crops/hibogi_ai_01847_png_5.jpg,hibogi_ai_01847_png,HIBOGI_AI_01847_png_jpg.rf.d79fd76a2f7524a229958670c9e770e5.jpg,,6,0,advanced,advanced,0.9368,0.02799,0.01083,0.02437,0.93681
crops/hibogi_ai_01847_png_6.jpg,hibogi_ai_01847_png,HIBOGI_AI_01847_png_jpg.rf.d79fd76a2f7524a229958670c9e770e5.jpg,,3,0,moderate,moderate,0.7619,0.04257,0.09315,0.76191,0.10238
crops/hibogi_ai_01847_png_7.jpg,hibogi_ai_01847_png,HIBOGI_AI_01847_png_jpg.rf.d79fd76a2f7524a229958670c9e770e5.jpg,,0,0,no_caries,no_caries,0.621,0.62104,0.10665,0.08838,0.18394
crops/hibogi_ai_01847_png_8.jpg,hibogi_ai_01847_png,HIBOGI_AI_01847_png_jpg.rf.d79fd76a2f7524a229958670c9e770e5.jpg,,0,0,no_caries,no_caries,0.7234,0.72336,0.05386,0.13454,0.08824
crops/hibogi_ai_01847_png_9.jpg,hibogi_ai_01847_png,HIBOGI_AI_01847_png_jpg.rf.d79fd76a2f7524a229958670c9e770e5.jpg,,0,0,no_caries,no_caries,0.8303,0.83035,0.07449,0.05959,0.03558
crops/hibogi_ai_01847_png_10.jpg,hibogi_ai_01847_png,HIBOGI_AI_01847_png_jpg.rf.d79fd76a2f7524a229958670c9e770e5.jpg,,0,0,no_caries,no_caries,0.7539,0.75387,0.12547,0.05243,0.06824
crops/hibogi_ai_01847_png_11.jpg,hibogi_ai_01847_png,HIBOGI_AI_01847_png_jpg.rf.d79fd76a2f7524a229958670c9e770e5.jpg,,5,0,advanced,advanced,0.7464,0.06807,0.14759,0.0379,0.74644
crops/hibogi_ai_01847_png_12.jpg,hibogi_ai_01847_png,HIBOGI_AI_01847_png_jpg.rf.d79fd76a2f7524a229958670c9e770e5.jpg,,6,0,advanced,advanced,0.9452,0.01841,0.02678,0.00963,0.94518
crops/hibogi_ai_01847_png_13.jpg,hibogi_ai_01847_png,HIBOGI_AI_01847_png_jpg.rf.d79fd76a2f7524a229958670c9e770e5.jpg,,3,0,moderate,moderate,0.9284,0.00428,0.02362,0.92843,0.04366
crops/hibogi_ai_01868_png_0.jpg,hibogi_ai_01868_png,HIBOGI_AI_01868_png_jpg.rf.96f1d3013c471d54067ee796d33d0c38.jpg,,0,0,no_caries,no_caries,0.5718,0.57181,0.23464,0.11113,0.08241
crops/hibogi_ai_01868_png_1.jpg,hibogi_ai_01868_png,HIBOGI_AI_01868_png_jpg.rf.96f1d3013c471d54067ee796d33d0c38.jpg,,0,0,no_caries,no_caries,0.6626,0.66258,0.15617,0.11073,0.07052
crops/hibogi_ai_01868_png_2.jpg,hibogi_ai_01868_png,HIBOGI_AI_01868_png_jpg.rf.96f1d3013c471d54067ee796d33d0c38.jpg,,0,0,no_caries,no_caries,0.8036,0.80358,0.14004,0.03317,0.02321
crops/hibogi_ai_01868_png_3.jpg,hibogi_ai_01868_png,HIBOGI_AI_01868_png_jpg.rf.96f1d3013c471d54067ee796d33d0c38.jpg,,1,0,mild,no_caries,0.7925,0.79253,0.11676,0.05074,0.03997
crops/hibogi_ai_01868_png_4.jpg,hibogi_ai_01868_png,HIBOGI_AI_01868_png_jpg.rf.96f1d3013c471d54067ee796d33d0c38.jpg,,1,0,mild,no_caries,0.7716,0.7716,0.05375,0.08165,0.09299
crops/hibogi_ai_01868_png_5.jpg,hibogi_ai_01868_png,HIBOGI_AI_01868_png_jpg.rf.96f1d3013c471d54067ee796d33d0c38.jpg,,1,0,mild,no_caries,0.7446,0.74462,0.08846,0.11866,0.04826
crops/hibogi_ai_01868_png_6.jpg,hibogi_ai_01868_png,HIBOGI_AI_01868_png_jpg.rf.96f1d3013c471d54067ee796d33d0c38.jpg,,3,0,moderate,moderate,0.39,0.30651,0.2645,0.39002,0.03897
crops/hibogi_ai_01868_png_7.jpg,hibogi_ai_01868_png,HIBOGI_AI_01868_png_jpg.rf.96f1d3013c471d54067ee796d33d0c38.jpg,,0,0,no_caries,no_caries,0.8494,0.84938,0.0719,0.03936,0.03936
crops/hibogi_ai_01868_png_8.jpg,hibogi_ai_01868_png,HIBOGI_AI_01868_png_jpg.rf.96f1d3013c471d54067ee796d33d0c38.jpg,,0,0,no_caries,no_caries,0.7789,0.77889,0.13196,0.04163,0.04753
crops/hibogi_ai_01868_png_9.jpg,hibogi_ai_01868_png,HIBOGI_AI_01868_png_jpg.rf.96f1d3013c471d54067ee796d33d0c38.jpg,,0,0,no_caries,no_caries,0.8629,0.86288,0.04744,0.04444,0.04524
crops/hibogi_ai_01868_png_10.jpg,hibogi_ai_01868_png,HIBOGI_AI_01868_png_jpg.rf.96f1d3013c471d54067ee796d33d0c38.jpg,,0,0,no_caries,no_caries,0.7499,0.74991,0.14623,0.04552,0.05833
crops/hibogi_ai_01868_png_11.jpg,hibogi_ai_01868_png,HIBOGI_AI_01868_png_jpg.rf.96f1d3013c471d54067ee796d33d0c38.jpg,,0,0,no_caries,no_caries,0.8271,0.82708,0.09204,0.03961,0.04126
crops/hibogi_ai_01868_png_12.jpg,hibogi_ai_01868_png,HIBOGI_AI_01868_png_jpg.rf.96f1d3013c471d54067ee796d33d0c38.jpg,,0,0,no_caries,no_caries,0.8211,0.82107,0.08554,0.04883,0.04456
crops/hibogi_ai_01886_png_0.jpg,hibogi_ai_01886_png,HIBOGI_AI_01886_png_jpg.rf.a210149301342d9e6ba8b6b9192e98ce.jpg,,0,0,no_caries,no_caries,0.6572,0.65724,0.21324,0.06539,0.06414
crops/hibogi_ai_01886_png_1.jpg,hibogi_ai_01886_png,HIBOGI_AI_01886_png_jpg.rf.a210149301342d9e6ba8b6b9192e98ce.jpg,,0,0,no_caries,no_caries,0.7443,0.74435,0.05859,0.12677,0.07028
crops/hibogi_ai_01886_png_2.jpg,hibogi_ai_01886_png,HIBOGI_AI_01886_png_jpg.rf.a210149301342d9e6ba8b6b9192e98ce.jpg,,0,0,no_caries,no_caries,0.8243,0.82434,0.07304,0.0473,0.05531
crops/hibogi_ai_01886_png_3.jpg,hibogi_ai_01886_png,HIBOGI_AI_01886_png_jpg.rf.a210149301342d9e6ba8b6b9192e98ce.jpg,,0,0,no_caries,no_caries,0.6936,0.69361,0.13647,0.09869,0.07124
crops/hibogi_ai_01886_png_4.jpg,hibogi_ai_01886_png,HIBOGI_AI_01886_png_jpg.rf.a210149301342d9e6ba8b6b9192e98ce.jpg,,0,0,no_caries,no_caries,0.7089,0.70887,0.16792,0.0702,0.05301
crops/hibogi_ai_01886_png_5.jpg,hibogi_ai_01886_png,HIBOGI_AI_01886_png_jpg.rf.a210149301342d9e6ba8b6b9192e98ce.jpg,,0,0,no_caries,no_caries,0.6229,0.62292,0.22933,0.04378,0.10396
crops/hibogi_ai_01886_png_6.jpg,hibogi_ai_01886_png,HIBOGI_AI_01886_png_jpg.rf.a210149301342d9e6ba8b6b9192e98ce.jpg,,0,0,no_caries,no_caries,0.6526,0.65259,0.1506,0.13931,0.0575
crops/hibogi_ai_01886_png_7.jpg,hibogi_ai_01886_png,HIBOGI_AI_01886_png_jpg.rf.a210149301342d9e6ba8b6b9192e98ce.jpg,,0,0,no_caries,no_caries,0.5544,0.55441,0.24776,0.07952,0.11831
crops/hibogi_ai_01886_png_8.jpg,hibogi_ai_01886_png,HIBOGI_AI_01886_png_jpg.rf.a210149301342d9e6ba8b6b9192e98ce.jpg,,0,0,no_caries,no_caries,0.7666,0.76656,0.10147,0.06241,0.06956
crops/hibogi_ai_01886_png_9.jpg,hibogi_ai_01886_png,HIBOGI_AI_01886_png_jpg.rf.a210149301342d9e6ba8b6b9192e98ce.jpg,,0,0,no_caries,no_caries,0.7136,0.71357,0.13471,0.0502,0.10151
crops/hibogi_ai_01886_png_10.jpg,hibogi_ai_01886_png,HIBOGI_AI_01886_png_jpg.rf.a210149301342d9e6ba8b6b9192e98ce.jpg,,0,0,no_caries,no_caries,0.5934,0.59342,0.23554,0.12225,0.04879
crops/hibogi_ai_01886_png_11.jpg,hibogi_ai_01886_png,HIBOGI_AI_01886_png_jpg.rf.a210149301342d9e6ba8b6b9192e98ce.jpg,,0,0,no_caries,no_caries,0.7332,0.73322,0.1272,0.08404,0.05554
crops/hibogi_ai_01886_png_12.jpg,hibogi_ai_01886_png,HIBOGI_AI_01886_png_jpg.rf.a210149301342d9e6ba8b6b9192e98ce.jpg,,0,0,no_caries,no_caries,0.789,0.789,0.14598,0.02472,0.04031
crops/hibogi_ai_01886_png_13.jpg,hibogi_ai_01886_png,HIBOGI_AI_01886_png_jpg.rf.a210149301342d9e6ba8b6b9192e98ce.jpg,,0,0,no_caries,no_caries,0.7964,0.79645,0.11512,0.03932,0.04912
crops/hibogi_ai_01886_png_14.jpg,hibogi_ai_01886_png,HIBOGI_AI_01886_png_jpg.rf.a210149301342d9e6ba8b6b9192e98ce.jpg,,4,0,moderate,mild,0.4755,0.46994,0.47553,0.04101,0.01352
crops/hibogi_ai_01914_png_0.jpg,hibogi_ai_01914_png,HIBOGI_AI_01914_png_jpg.rf.e3a46f59b7f6f3c4f96d6dc8823a43b2.jpg,,3,0,moderate,moderate,0.7175,0.01717,0.18089,0.71749,0.08444
crops/hibogi_ai_01914_png_1.jpg,hibogi_ai_01914_png,HIBOGI_AI_01914_png_jpg.rf.e3a46f59b7f6f3c4f96d6dc8823a43b2.jpg,,3,0,moderate,moderate,0.9246,0.0039,0.02306,0.92463,0.04841
crops/hibogi_ai_01914_png_2.jpg,hibogi_ai_01914_png,HIBOGI_AI_01914_png_jpg.rf.e3a46f59b7f6f3c4f96d6dc8823a43b2.jpg,,2,0,mild,mild,0.7061,0.13313,0.70615,0.14327,0.01745
crops/hibogi_ai_01914_png_3.jpg,hibogi_ai_01914_png,HIBOGI_AI_01914_png_jpg.rf.e3a46f59b7f6f3c4f96d6dc8823a43b2.jpg,,1,0,mild,mild,0.8583,0.09284,0.85832,0.03913,0.00971
crops/hibogi_ai_01914_png_4.jpg,hibogi_ai_01914_png,HIBOGI_AI_01914_png_jpg.rf.e3a46f59b7f6f3c4f96d6dc8823a43b2.jpg,,2,0,mild,advanced,0.4013,0.30054,0.27098,0.02717,0.4013
crops/hibogi_ai_01914_png_5.jpg,hibogi_ai_01914_png,HIBOGI_AI_01914_png_jpg.rf.e3a46f59b7f6f3c4f96d6dc8823a43b2.jpg,,0,0,no_caries,no_caries,0.5095,0.50946,0.0241,0.3745,0.09194
crops/hibogi_ai_01914_png_6.jpg,hibogi_ai_01914_png,HIBOGI_AI_01914_png_jpg.rf.e3a46f59b7f6f3c4f96d6dc8823a43b2.jpg,,2,0,mild,mild,0.8142,0.1576,0.81421,0.01459,0.0136
crops/hibogi_ai_01914_png_7.jpg,hibogi_ai_01914_png,HIBOGI_AI_01914_png_jpg.rf.e3a46f59b7f6f3c4f96d6dc8823a43b2.jpg,,0,0,no_caries,no_caries,0.7028,0.70282,0.19115,0.06148,0.04455
crops/hibogi_ai_01914_png_8.jpg,hibogi_ai_01914_png,HIBOGI_AI_01914_png_jpg.rf.e3a46f59b7f6f3c4f96d6dc8823a43b2.jpg,,0,0,no_caries,no_caries,0.7625,0.76248,0.13265,0.0621,0.04277
crops/hibogi_ai_01914_png_9.jpg,hibogi_ai_01914_png,HIBOGI_AI_01914_png_jpg.rf.e3a46f59b7f6f3c4f96d6dc8823a43b2.jpg,,0,0,no_caries,no_caries,0.7984,0.79839,0.08184,0.08211,0.03765
crops/hibogi_ai_01914_png_10.jpg,hibogi_ai_01914_png,HIBOGI_AI_01914_png_jpg.rf.e3a46f59b7f6f3c4f96d6dc8823a43b2.jpg,,0,0,no_caries,no_caries,0.7347,0.73471,0.14142,0.05512,0.06875
crops/hibogi_ai_02007_png_0.jpg,hibogi_ai_02007_png,HIBOGI_AI_02007_png_jpg.rf.d5c5f87984fc7295fe7f1ed4a673adbb.jpg,,1,0,mild,moderate,0.4446,0.02905,0.09185,0.4446,0.43451
crops/hibogi_ai_02007_png_1.jpg,hibogi_ai_02007_png,HIBOGI_AI_02007_png_jpg.rf.d5c5f87984fc7295fe7f1ed4a673adbb.jpg,,5,0,advanced,advanced,0.9327,0.00705,0.00734,0.05292,0.93269
crops/hibogi_ai_02007_png_2.jpg,hibogi_ai_02007_png,HIBOGI_AI_02007_png_jpg.rf.d5c5f87984fc7295fe7f1ed4a673adbb.jpg,,0,0,no_caries,no_caries,0.8332,0.83322,0.03655,0.08298,0.04725
crops/hibogi_ai_02007_png_3.jpg,hibogi_ai_02007_png,HIBOGI_AI_02007_png_jpg.rf.d5c5f87984fc7295fe7f1ed4a673adbb.jpg,,0,0,no_caries,no_caries,0.799,0.79896,0.08113,0.05808,0.06183
crops/hibogi_ai_02007_png_4.jpg,hibogi_ai_02007_png,HIBOGI_AI_02007_png_jpg.rf.d5c5f87984fc7295fe7f1ed4a673adbb.jpg,,0,0,no_caries,no_caries,0.8008,0.8008,0.03924,0.08007,0.07989
crops/hibogi_ai_02007_png_5.jpg,hibogi_ai_02007_png,HIBOGI_AI_02007_png_jpg.rf.d5c5f87984fc7295fe7f1ed4a673adbb.jpg,,0,0,no_caries,no_caries,0.7605,0.76049,0.01363,0.1976,0.02828
crops/hibogi_ai_02007_png_6.jpg,hibogi_ai_02007_png,HIBOGI_AI_02007_png_jpg.rf.d5c5f87984fc7295fe7f1ed4a673adbb.jpg,,0,0,no_caries,no_caries,0.6981,0.6981,0.06876,0.20501,0.02813
crops/hibogi_ai_02007_png_7.jpg,hibogi_ai_02007_png,HIBOGI_AI_02007_png_jpg.rf.d5c5f87984fc7295fe7f1ed4a673adbb.jpg,,5,0,advanced,advanced,0.961,0.00666,0.00886,0.02351,0.96098
crops/hibogi_ai_02007_png_8.jpg,hibogi_ai_02007_png,HIBOGI_AI_02007_png_jpg.rf.d5c5f87984fc7295fe7f1ed4a673adbb.jpg,,0,0,no_caries,no_caries,0.8921,0.89207,0.02216,0.04441,0.04137
crops/hibogi_ai_02007_png_9.jpg,hibogi_ai_02007_png,HIBOGI_AI_02007_png_jpg.rf.d5c5f87984fc7295fe7f1ed4a673adbb.jpg,,0,0,no_caries,no_caries,0.9282,0.92824,0.02126,0.02424,0.02625
crops/hibogi_ai_02032_png_0.jpg,hibogi_ai_02032_png,HIBOGI_AI_02032_png_jpg.rf.5c67069791dc8bd9858e0b7ff1d18677.jpg,,3,0,moderate,moderate,0.999,0.0001,0.00042,0.99902,0.00046
crops/hibogi_ai_02032_png_1.jpg,hibogi_ai_02032_png,HIBOGI_AI_02032_png_jpg.rf.5c67069791dc8bd9858e0b7ff1d18677.jpg,,3,0,moderate,moderate,0.9396,0.00883,0.04385,0.93963,0.0077
crops/hibogi_ai_02032_png_2.jpg,hibogi_ai_02032_png,HIBOGI_AI_02032_png_jpg.rf.5c67069791dc8bd9858e0b7ff1d18677.jpg,,0,0,no_caries,no_caries,0.8084,0.80843,0.08006,0.04726,0.06425
crops/hibogi_ai_02032_png_3.jpg,hibogi_ai_02032_png,HIBOGI_AI_02032_png_jpg.rf.5c67069791dc8bd9858e0b7ff1d18677.jpg,,0,0,no_caries,no_caries,0.8557,0.85575,0.03793,0.03881,0.06751
crops/hibogi_ai_02032_png_4.jpg,hibogi_ai_02032_png,HIBOGI_AI_02032_png_jpg.rf.5c67069791dc8bd9858e0b7ff1d18677.jpg,,0,0,no_caries,no_caries,0.9015,0.90147,0.04881,0.02073,0.02899
crops/hibogi_ai_02032_png_5.jpg,hibogi_ai_02032_png,HIBOGI_AI_02032_png_jpg.rf.5c67069791dc8bd9858e0b7ff1d18677.jpg,,0,0,no_caries,no_caries,0.6004,0.6004,0.23386,0.10787,0.05787
crops/hibogi_ai_02032_png_6.jpg,hibogi_ai_02032_png,HIBOGI_AI_02032_png_jpg.rf.5c67069791dc8bd9858e0b7ff1d18677.jpg,,3,0,moderate,moderate,0.9669,0.00771,0.02448,0.96687,0.00093
crops/hibogi_ai_02032_png_7.jpg,hibogi_ai_02032_png,HIBOGI_AI_02032_png_jpg.rf.5c67069791dc8bd9858e0b7ff1d18677.jpg,,3,0,moderate,moderate,0.999,0.00012,0.00035,0.99901,0.00052
crops/hibogi_ai_02032_png_8.jpg,hibogi_ai_02032_png,HIBOGI_AI_02032_png_jpg.rf.5c67069791dc8bd9858e0b7ff1d18677.jpg,,0,0,no_caries,no_caries,0.8346,0.83459,0.03029,0.07275,0.06237
crops/hibogi_ai_02032_png_9.jpg,hibogi_ai_02032_png,HIBOGI_AI_02032_png_jpg.rf.5c67069791dc8bd9858e0b7ff1d18677.jpg,,0,0,no_caries,no_caries,0.8124,0.81245,0.02926,0.0872,0.07109
crops/hibogi_ai_02032_png_10.jpg,hibogi_ai_02032_png,HIBOGI_AI_02032_png_jpg.rf.5c67069791dc8bd9858e0b7ff1d18677.jpg,,0,0,no_caries,moderate,0.9923,0.00076,0.00514,0.99228,0.00182
crops/hibogi_ai_02032_png_11.jpg,hibogi_ai_02032_png,HIBOGI_AI_02032_png_jpg.rf.5c67069791dc8bd9858e0b7ff1d18677.jpg,,0,0,no_caries,no_caries,0.6335,0.63347,0.00394,0.27292,0.08967
crops/hibogi_ai_02032_png_12.jpg,hibogi_ai_02032_png,HIBOGI_AI_02032_png_jpg.rf.5c67069791dc8bd9858e0b7ff1d18677.jpg,,0,0,no_caries,no_caries,0.8204,0.82036,0.01381,0.12436,0.04148
crops/hibogi_ai_02032_png_14.jpg,hibogi_ai_02032_png,HIBOGI_AI_02032_png_jpg.rf.5c67069791dc8bd9858e0b7ff1d18677.jpg,,0,0,no_caries,no_caries,0.7424,0.74241,0.04249,0.09378,0.12132
crops/hibogi_ai_02032_png_15.jpg,hibogi_ai_02032_png,HIBOGI_AI_02032_png_jpg.rf.5c67069791dc8bd9858e0b7ff1d18677.jpg,,0,0,no_caries,no_caries,0.7959,0.79589,0.02779,0.09507,0.08125
crops/hibogi_ai_02032_png_16.jpg,hibogi_ai_02032_png,HIBOGI_AI_02032_png_jpg.rf.5c67069791dc8bd9858e0b7ff1d18677.jpg,,3,0,moderate,no_caries,0.9486,0.94861,0.00198,0.02724,0.02218
crops/hibogi_ai_02032_png_17.jpg,hibogi_ai_02032_png,HIBOGI_AI_02032_png_jpg.rf.5c67069791dc8bd9858e0b7ff1d18677.jpg,,3,0,moderate,no_caries,0.8398,0.83977,0.02617,0.09274,0.04132
crops/hibogi_ai_02032_png_18.jpg,hibogi_ai_02032_png,HIBOGI_AI_02032_png_jpg.rf.5c67069791dc8bd9858e0b7ff1d18677.jpg,,3,0,moderate,no_caries,0.5283,0.52825,0.11831,0.13218,0.22126
crops/hibogi_ai_02032_png_19.jpg,hibogi_ai_02032_png,HIBOGI_AI_02032_png_jpg.rf.5c67069791dc8bd9858e0b7ff1d18677.jpg,,3,0,moderate,moderate,0.6572,0.15505,0.00541,0.65716,0.18238
crops/hibogi_ai_02032_png_20.jpg,hibogi_ai_02032_png,HIBOGI_AI_02032_png_jpg.rf.5c67069791dc8bd9858e0b7ff1d18677.jpg,,3,0,moderate,no_caries,0.5163,0.51634,0.01948,0.31699,0.14719
crops/hibogi_ai_02032_png_21.jpg,hibogi_ai_02032_png,HIBOGI_AI_02032_png_jpg.rf.5c67069791dc8bd9858e0b7ff1d18677.jpg,,3,0,moderate,moderate,0.9875,0.00283,0.00016,0.98749,0.00952
crops/hibogi_ai_02046_png_0.jpg,hibogi_ai_02046_png,HIBOGI_AI_02046_png_jpg.rf.3d317f12a083370afe7ee3a6f64df670.jpg,,0,0,no_caries,mild,0.6143,0.21688,0.61426,0.13765,0.03122
crops/hibogi_ai_02046_png_1.jpg,hibogi_ai_02046_png,HIBOGI_AI_02046_png_jpg.rf.3d317f12a083370afe7ee3a6f64df670.jpg,,4,0,moderate,mild,0.484,0.30165,0.484,0.11627,0.09809
crops/hibogi_ai_02046_png_2.jpg,hibogi_ai_02046_png,HIBOGI_AI_02046_png_jpg.rf.3d317f12a083370afe7ee3a6f64df670.jpg,,0,0,no_caries,no_caries,0.859,0.85904,0.08934,0.02315,0.02847
crops/hibogi_ai_02046_png_3.jpg,hibogi_ai_02046_png,HIBOGI_AI_02046_png_jpg.rf.3d317f12a083370afe7ee3a6f64df670.jpg,,0,0,no_caries,no_caries,0.6738,0.67379,0.18597,0.08915,0.05109
crops/hibogi_ai_02046_png_4.jpg,hibogi_ai_02046_png,HIBOGI_AI_02046_png_jpg.rf.3d317f12a083370afe7ee3a6f64df670.jpg,,0,0,no_caries,no_caries,0.5863,0.58627,0.24855,0.07912,0.08607
crops/hibogi_ai_02046_png_5.jpg,hibogi_ai_02046_png,HIBOGI_AI_02046_png_jpg.rf.3d317f12a083370afe7ee3a6f64df670.jpg,,0,0,no_caries,no_caries,0.7503,0.75031,0.14212,0.05183,0.05574
crops/hibogi_ai_02046_png_6.jpg,hibogi_ai_02046_png,HIBOGI_AI_02046_png_jpg.rf.3d317f12a083370afe7ee3a6f64df670.jpg,,3,0,moderate,no_caries,0.6189,0.61886,0.22856,0.05834,0.09425
crops/hibogi_ai_02046_png_7.jpg,hibogi_ai_02046_png,HIBOGI_AI_02046_png_jpg.rf.3d317f12a083370afe7ee3a6f64df670.jpg,,0,0,no_caries,no_caries,0.7473,0.74725,0.14673,0.04875,0.05728
crops/hibogi_ai_02046_png_8.jpg,hibogi_ai_02046_png,HIBOGI_AI_02046_png_jpg.rf.3d317f12a083370afe7ee3a6f64df670.jpg,,0,0,no_caries,no_caries,0.7179,0.71785,0.14048,0.05299,0.08867
crops/hibogi_ai_02046_png_9.jpg,hibogi_ai_02046_png,HIBOGI_AI_02046_png_jpg.rf.3d317f12a083370afe7ee3a6f64df670.jpg,,0,0,no_caries,mild,0.4943,0.25909,0.49429,0.15137,0.09525
crops/hibogi_ai_02046_png_10.jpg,hibogi_ai_02046_png,HIBOGI_AI_02046_png_jpg.rf.3d317f12a083370afe7ee3a6f64df670.jpg,,0,0,no_caries,no_caries,0.529,0.52902,0.30205,0.09734,0.07158
crops/hibogi_ai_02046_png_11.jpg,hibogi_ai_02046_png,HIBOGI_AI_02046_png_jpg.rf.3d317f12a083370afe7ee3a6f64df670.jpg,,0,0,no_caries,no_caries,0.7713,0.77127,0.01045,0.17658,0.0417
crops/hibogi_ai_02046_png_12.jpg,hibogi_ai_02046_png,HIBOGI_AI_02046_png_jpg.rf.3d317f12a083370afe7ee3a6f64df670.jpg,,0,0,no_caries,no_caries,0.6265,0.62649,0.07084,0.08759,0.21508
crops/hibogi_ai_02067_png_0.jpg,hibogi_ai_02067_png,HIBOGI_AI_02067_png_jpg.rf.836754ef34b5acc48d5cf4bc15a62388.jpg,,0,0,no_caries,no_caries,0.7791,0.77908,0.05087,0.07194,0.0981
crops/hibogi_ai_02067_png_1.jpg,hibogi_ai_02067_png,HIBOGI_AI_02067_png_jpg.rf.836754ef34b5acc48d5cf4bc15a62388.jpg,,0,0,no_caries,no_caries,0.828,0.82798,0.05772,0.06377,0.05053
crops/hibogi_ai_02067_png_2.jpg,hibogi_ai_02067_png,HIBOGI_AI_02067_png_jpg.rf.836754ef34b5acc48d5cf4bc15a62388.jpg,,0,0,no_caries,no_caries,0.7167,0.71668,0.14539,0.05916,0.07877
crops/hibogi_ai_02067_png_3.jpg,hibogi_ai_02067_png,HIBOGI_AI_02067_png_jpg.rf.836754ef34b5acc48d5cf4bc15a62388.jpg,,0,0,no_caries,no_caries,0.7588,0.75884,0.08418,0.05888,0.0981
crops/hibogi_ai_02067_png_4.jpg,hibogi_ai_02067_png,HIBOGI_AI_02067_png_jpg.rf.836754ef34b5acc48d5cf4bc15a62388.jpg,,0,0,no_caries,no_caries,0.739,0.73905,0.09908,0.06938,0.09249
crops/hibogi_ai_02067_png_5.jpg,hibogi_ai_02067_png,HIBOGI_AI_02067_png_jpg.rf.836754ef34b5acc48d5cf4bc15a62388.jpg,,0,0,no_caries,no_caries,0.7571,0.75708,0.13756,0.06224,0.04312
crops/hibogi_ai_02067_png_6.jpg,hibogi_ai_02067_png,HIBOGI_AI_02067_png_jpg.rf.836754ef34b5acc48d5cf4bc15a62388.jpg,,0,0,no_caries,no_caries,0.8094,0.8094,0.06881,0.04249,0.0793
crops/hibogi_ai_02067_png_7.jpg,hibogi_ai_02067_png,HIBOGI_AI_02067_png_jpg.rf.836754ef34b5acc48d5cf4bc15a62388.jpg,,0,0,no_caries,no_caries,0.857,0.85696,0.03329,0.05166,0.0581
crops/hibogi_ai_02067_png_8.jpg,hibogi_ai_02067_png,HIBOGI_AI_02067_png_jpg.rf.836754ef34b5acc48d5cf4bc15a62388.jpg,,0,0,no_caries,mild,0.5813,0.34084,0.58134,0.03461,0.04322
crops/hibogi_ai_02067_png_9.jpg,hibogi_ai_02067_png,HIBOGI_AI_02067_png_jpg.rf.836754ef34b5acc48d5cf4bc15a62388.jpg,,0,0,no_caries,no_caries,0.5022,0.50217,0.39863,0.0342,0.065
crops/hibogi_ai_02067_png_10.jpg,hibogi_ai_02067_png,HIBOGI_AI_02067_png_jpg.rf.836754ef34b5acc48d5cf4bc15a62388.jpg,,0,0,no_caries,no_caries,0.6898,0.68978,0.16634,0.02771,0.11617
crops/hibogi_ai_02067_png_11.jpg,hibogi_ai_02067_png,HIBOGI_AI_02067_png_jpg.rf.836754ef34b5acc48d5cf4bc15a62388.jpg,,0,0,no_caries,no_caries,0.7879,0.78786,0.06425,0.09412,0.05377
crops/hibogi_ai_02067_png_12.jpg,hibogi_ai_02067_png,HIBOGI_AI_02067_png_jpg.rf.836754ef34b5acc48d5cf4bc15a62388.jpg,,0,0,no_caries,advanced,0.7632,0.16451,0.01,0.06227,0.76321
crops/hibogi_ai_02069_png_0.jpg,hibogi_ai_02069_png,HIBOGI_AI_02069_png_jpg.rf.815b0c3f1a4c59c2f2fa6662c65983df.jpg,,0,0,no_caries,no_caries,0.6662,0.66622,0.20766,0.05159,0.07453
crops/hibogi_ai_02069_png_1.jpg,hibogi_ai_02069_png,HIBOGI_AI_02069_png_jpg.rf.815b0c3f1a4c59c2f2fa6662c65983df.jpg,,0,0,no_caries,no_caries,0.7367,0.73674,0.17648,0.05682,0.02996
crops/hibogi_ai_02069_png_2.jpg,hibogi_ai_02069_png,HIBOGI_AI_02069_png_jpg.rf.815b0c3f1a4c59c2f2fa6662c65983df.jpg,,0,0,no_caries,no_caries,0.77,0.77003,0.03982,0.14916,0.04099
crops/hibogi_ai_02069_png_3.jpg,hibogi_ai_02069_png,HIBOGI_AI_02069_png_jpg.rf.815b0c3f1a4c59c2f2fa6662c65983df.jpg,,0,0,no_caries,no_caries,0.872,0.87202,0.06819,0.02488,0.03491
crops/hibogi_ai_02069_png_4.jpg,hibogi_ai_02069_png,HIBOGI_AI_02069_png_jpg.rf.815b0c3f1a4c59c2f2fa6662c65983df.jpg,,0,0,no_caries,no_caries,0.751,0.75102,0.11188,0.08314,0.05396
crops/hibogi_ai_02069_png_5.jpg,hibogi_ai_02069_png,HIBOGI_AI_02069_png_jpg.rf.815b0c3f1a4c59c2f2fa6662c65983df.jpg,,0,0,no_caries,no_caries,0.6892,0.68916,0.05471,0.0405,0.21563
crops/hibogi_ai_02069_png_6.jpg,hibogi_ai_02069_png,HIBOGI_AI_02069_png_jpg.rf.815b0c3f1a4c59c2f2fa6662c65983df.jpg,,0,0,no_caries,no_caries,0.7949,0.79493,0.05175,0.10454,0.04878
crops/hibogi_ai_02069_png_7.jpg,hibogi_ai_02069_png,HIBOGI_AI_02069_png_jpg.rf.815b0c3f1a4c59c2f2fa6662c65983df.jpg,,0,0,no_caries,no_caries,0.7999,0.79994,0.04588,0.07028,0.0839
crops/hibogi_ai_02069_png_8.jpg,hibogi_ai_02069_png,HIBOGI_AI_02069_png_jpg.rf.815b0c3f1a4c59c2f2fa6662c65983df.jpg,,1,0,mild,no_caries,0.7545,0.75454,0.05927,0.16051,0.02568
crops/hibogi_ai_02069_png_9.jpg,hibogi_ai_02069_png,HIBOGI_AI_02069_png_jpg.rf.815b0c3f1a4c59c2f2fa6662c65983df.jpg,,0,0,no_caries,no_caries,0.7485,0.74851,0.11187,0.06712,0.07249
crops/hibogi_ai_02069_png_10.jpg,hibogi_ai_02069_png,HIBOGI_AI_02069_png_jpg.rf.815b0c3f1a4c59c2f2fa6662c65983df.jpg,,0,0,no_caries,no_caries,0.8832,0.88323,0.01957,0.05807,0.03912
crops/hibogi_ai_02069_png_11.jpg,hibogi_ai_02069_png,HIBOGI_AI_02069_png_jpg.rf.815b0c3f1a4c59c2f2fa6662c65983df.jpg,,0,0,no_caries,no_caries,0.8166,0.81659,0.05381,0.0708,0.0588
crops/hibogi_ai_02075_png_0.jpg,hibogi_ai_02075_png,HIBOGI_AI_02075_png_jpg.rf.062b0e3a5e38062d6d3f165ab6a20790.jpg,,6,0,advanced,advanced,0.9118,0.00201,0.02806,0.05813,0.91181
crops/hibogi_ai_02075_png_1.jpg,hibogi_ai_02075_png,HIBOGI_AI_02075_png_jpg.rf.062b0e3a5e38062d6d3f165ab6a20790.jpg,,0,0,no_caries,mild,0.6396,0.2749,0.6396,0.03149,0.05402
crops/hibogi_ai_02075_png_2.jpg,hibogi_ai_02075_png,HIBOGI_AI_02075_png_jpg.rf.062b0e3a5e38062d6d3f165ab6a20790.jpg,,0,0,no_caries,no_caries,0.4979,0.49786,0.30769,0.10734,0.0871
crops/hibogi_ai_02075_png_3.jpg,hibogi_ai_02075_png,HIBOGI_AI_02075_png_jpg.rf.062b0e3a5e38062d6d3f165ab6a20790.jpg,,0,0,no_caries,mild,0.584,0.30018,0.58404,0.03174,0.08404
crops/hibogi_ai_02075_png_4.jpg,hibogi_ai_02075_png,HIBOGI_AI_02075_png_jpg.rf.062b0e3a5e38062d6d3f165ab6a20790.jpg,,5,0,advanced,advanced,0.3687,0.2432,0.25913,0.12896,0.3687
crops/hibogi_ai_02075_png_5.jpg,hibogi_ai_02075_png,HIBOGI_AI_02075_png_jpg.rf.062b0e3a5e38062d6d3f165ab6a20790.jpg,,1,0,mild,no_caries,0.4914,0.49136,0.42119,0.01778,0.06968
crops/hibogi_ai_02075_png_6.jpg,hibogi_ai_02075_png,HIBOGI_AI_02075_png_jpg.rf.062b0e3a5e38062d6d3f165ab6a20790.jpg,,0,0,no_caries,no_caries,0.335,0.33496,0.20167,0.28542,0.17795
crops/hibogi_ai_02075_png_7.jpg,hibogi_ai_02075_png,HIBOGI_AI_02075_png_jpg.rf.062b0e3a5e38062d6d3f165ab6a20790.jpg,,0,0,no_caries,no_caries,0.8087,0.80874,0.0803,0.03727,0.07369
crops/hibogi_ai_02075_png_8.jpg,hibogi_ai_02075_png,HIBOGI_AI_02075_png_jpg.rf.062b0e3a5e38062d6d3f165ab6a20790.jpg,,0,0,no_caries,no_caries,0.8165,0.8165,0.04885,0.07826,0.05639
crops/hibogi_ai_02075_png_9.jpg,hibogi_ai_02075_png,HIBOGI_AI_02075_png_jpg.rf.062b0e3a5e38062d6d3f165ab6a20790.jpg,,0,0,no_caries,no_caries,0.7082,0.7082,0.13261,0.09732,0.06188
crops/hibogi_ai_02075_png_10.jpg,hibogi_ai_02075_png,HIBOGI_AI_02075_png_jpg.rf.062b0e3a5e38062d6d3f165ab6a20790.jpg,,0,0,no_caries,no_caries,0.6649,0.66494,0.10002,0.10088,0.13417
crops/hibogi_ai_02075_png_11.jpg,hibogi_ai_02075_png,HIBOGI_AI_02075_png_jpg.rf.062b0e3a5e38062d6d3f165ab6a20790.jpg,,0,0,no_caries,no_caries,0.7481,0.74806,0.06346,0.09363,0.09486
crops/hibogi_ai_02075_png_12.jpg,hibogi_ai_02075_png,HIBOGI_AI_02075_png_jpg.rf.062b0e3a5e38062d6d3f165ab6a20790.jpg,,2,0,mild,mild,0.9167,0.0098,0.91666,0.00779,0.06576
crops/hibogi_ai_02075_png_13.jpg,hibogi_ai_02075_png,HIBOGI_AI_02075_png_jpg.rf.062b0e3a5e38062d6d3f165ab6a20790.jpg,,2,0,mild,no_caries,0.4496,0.44964,0.38617,0.05147,0.11272
crops/hibogi_ai_02075_png_14.jpg,hibogi_ai_02075_png,HIBOGI_AI_02075_png_jpg.rf.062b0e3a5e38062d6d3f165ab6a20790.jpg,,4,0,moderate,mild,0.4243,0.18987,0.42432,0.23261,0.15321
crops/hibogi_ai_02083_png_0.jpg,hibogi_ai_02083_png,HIBOGI_AI_02083_png_jpg.rf.0c2b35a757a37d06f52f95066e357d88.jpg,,0,0,no_caries,no_caries,0.6999,0.6999,0.02493,0.16269,0.11249
crops/hibogi_ai_02083_png_1.jpg,hibogi_ai_02083_png,HIBOGI_AI_02083_png_jpg.rf.0c2b35a757a37d06f52f95066e357d88.jpg,,0,0,no_caries,no_caries,0.651,0.65102,0.03471,0.24571,0.06856
crops/hibogi_ai_02083_png_2.jpg,hibogi_ai_02083_png,HIBOGI_AI_02083_png_jpg.rf.0c2b35a757a37d06f52f95066e357d88.jpg,,0,0,no_caries,no_caries,0.7845,0.78448,0.07765,0.09157,0.0463
crops/hibogi_ai_02083_png_3.jpg,hibogi_ai_02083_png,HIBOGI_AI_02083_png_jpg.rf.0c2b35a757a37d06f52f95066e357d88.jpg,,5,0,advanced,advanced,0.5261,0.17574,0.02049,0.27771,0.52606
crops/hibogi_ai_02083_png_4.jpg,hibogi_ai_02083_png,HIBOGI_AI_02083_png_jpg.rf.0c2b35a757a37d06f52f95066e357d88.jpg,,5,0,advanced,no_caries,0.7626,0.76258,0.01384,0.05266,0.17091
crops/hibogi_ai_02083_png_5.jpg,hibogi_ai_02083_png,HIBOGI_AI_02083_png_jpg.rf.0c2b35a757a37d06f52f95066e357d88.jpg,,0,0,no_caries,no_caries,0.8256,0.82563,0.02094,0.07982,0.07361
crops/hibogi_ai_02083_png_6.jpg,hibogi_ai_02083_png,HIBOGI_AI_02083_png_jpg.rf.0c2b35a757a37d06f52f95066e357d88.jpg,,0,0,no_caries,no_caries,0.7943,0.79431,0.00734,0.1083,0.09005
crops/hibogi_ai_02083_png_7.jpg,hibogi_ai_02083_png,HIBOGI_AI_02083_png_jpg.rf.0c2b35a757a37d06f52f95066e357d88.jpg,,0,0,no_caries,no_caries,0.8239,0.82393,0.05028,0.05132,0.07447
crops/hibogi_ai_02083_png_8.jpg,hibogi_ai_02083_png,HIBOGI_AI_02083_png_jpg.rf.0c2b35a757a37d06f52f95066e357d88.jpg,,0,0,no_caries,no_caries,0.7805,0.78046,0.04085,0.12192,0.05677
crops/hibogi_ai_02083_png_9.jpg,hibogi_ai_02083_png,HIBOGI_AI_02083_png_jpg.rf.0c2b35a757a37d06f52f95066e357d88.jpg,,0,0,no_caries,no_caries,0.8083,0.80828,0.05454,0.0786,0.05858
crops/hibogi_ai_02083_png_10.jpg,hibogi_ai_02083_png,HIBOGI_AI_02083_png_jpg.rf.0c2b35a757a37d06f52f95066e357d88.jpg,,0,0,no_caries,no_caries,0.8128,0.81278,0.04985,0.08727,0.05011
crops/hibogi_ai_02083_png_11.jpg,hibogi_ai_02083_png,HIBOGI_AI_02083_png_jpg.rf.0c2b35a757a37d06f52f95066e357d88.jpg,,0,0,no_caries,no_caries,0.7223,0.72234,0.07948,0.09786,0.10032
crops/hibogi_ai_02083_png_12.jpg,hibogi_ai_02083_png,HIBOGI_AI_02083_png_jpg.rf.0c2b35a757a37d06f52f95066e357d88.jpg,,0,0,no_caries,no_caries,0.7811,0.78109,0.05585,0.10621,0.05685
crops/hibogi_ai_02083_png_13.jpg,hibogi_ai_02083_png,HIBOGI_AI_02083_png_jpg.rf.0c2b35a757a37d06f52f95066e357d88.jpg,,0,0,no_caries,no_caries,0.8835,0.88354,0.02791,0.03483,0.05372
crops/hibogi_ai_02083_png_14.jpg,hibogi_ai_02083_png,HIBOGI_AI_02083_png_jpg.rf.0c2b35a757a37d06f52f95066e357d88.jpg,,2,0,mild,no_caries,0.9213,0.92132,0.02023,0.01598,0.04247
crops/hibogi_ai_02083_png_15.jpg,hibogi_ai_02083_png,HIBOGI_AI_02083_png_jpg.rf.0c2b35a757a37d06f52f95066e357d88.jpg,,2,0,mild,moderate,0.6117,0.1343,0.20507,0.61166,0.04898
crops/hibogi_ai_02085_png_0.jpg,hibogi_ai_02085_png,HIBOGI_AI_02085_png_jpg.rf.dea73c6040526028f777e7ae6f782b98.jpg,,0,0,no_caries,no_caries,0.7321,0.73214,0.09594,0.03971,0.13221
crops/hibogi_ai_02085_png_1.jpg,hibogi_ai_02085_png,HIBOGI_AI_02085_png_jpg.rf.dea73c6040526028f777e7ae6f782b98.jpg,,0,0,no_caries,no_caries,0.5537,0.55373,0.38394,0.02243,0.03991
crops/hibogi_ai_02085_png_2.jpg,hibogi_ai_02085_png,HIBOGI_AI_02085_png_jpg.rf.dea73c6040526028f777e7ae6f782b98.jpg,,0,0,no_caries,no_caries,0.6161,0.61615,0.26761,0.06214,0.0541
crops/hibogi_ai_02085_png_3.jpg,hibogi_ai_02085_png,HIBOGI_AI_02085_png_jpg.rf.dea73c6040526028f777e7ae6f782b98.jpg,,0,0,no_caries,no_caries,0.5998,0.59983,0.23449,0.0717,0.09397
crops/hibogi_ai_02085_png_4.jpg,hibogi_ai_02085_png,HIBOGI_AI_02085_png_jpg.rf.dea73c6040526028f777e7ae6f782b98.jpg,,0,0,no_caries,mild,0.7164,0.19298,0.71643,0.01251,0.07808
crops/hibogi_ai_02085_png_5.jpg,hibogi_ai_02085_png,HIBOGI_AI_02085_png_jpg.rf.dea73c6040526028f777e7ae6f782b98.jpg,,0,0,no_caries,mild,0.8244,0.08453,0.82436,0.02208,0.06904
crops/hibogi_ai_02085_png_6.jpg,hibogi_ai_02085_png,HIBOGI_AI_02085_png_jpg.rf.dea73c6040526028f777e7ae6f782b98.jpg,,0,0,no_caries,no_caries,0.4815,0.48152,0.38218,0.06445,0.07185
crops/hibogi_ai_02085_png_7.jpg,hibogi_ai_02085_png,HIBOGI_AI_02085_png_jpg.rf.dea73c6040526028f777e7ae6f782b98.jpg,,0,0,no_caries,mild,0.7268,0.22364,0.72684,0.02553,0.02399
crops/hibogi_ai_02085_png_8.jpg,hibogi_ai_02085_png,HIBOGI_AI_02085_png_jpg.rf.dea73c6040526028f777e7ae6f782b98.jpg,,0,0,no_caries,no_caries,0.5596,0.55957,0.36448,0.01669,0.05926
crops/hibogi_ai_02085_png_9.jpg,hibogi_ai_02085_png,HIBOGI_AI_02085_png_jpg.rf.dea73c6040526028f777e7ae6f782b98.jpg,,1,0,mild,no_caries,0.5991,0.59911,0.32011,0.01576,0.06502
crops/hibogi_ai_02085_png_10.jpg,hibogi_ai_02085_png,HIBOGI_AI_02085_png_jpg.rf.dea73c6040526028f777e7ae6f782b98.jpg,,1,0,mild,no_caries,0.6061,0.60611,0.24625,0.09079,0.05686
crops/hibogi_ai_02144_png_0.jpg,hibogi_ai_02144_png,HIBOGI_AI_02144_png_jpg.rf.9ba579e25350e8fa6e23f35309904cba.jpg,,0,0,no_caries,no_caries,0.6303,0.63027,0.063,0.21057,0.09616
crops/hibogi_ai_02144_png_1.jpg,hibogi_ai_02144_png,HIBOGI_AI_02144_png_jpg.rf.9ba579e25350e8fa6e23f35309904cba.jpg,,0,0,no_caries,no_caries,0.7875,0.78753,0.0743,0.06636,0.0718
crops/hibogi_ai_02144_png_2.jpg,hibogi_ai_02144_png,HIBOGI_AI_02144_png_jpg.rf.9ba579e25350e8fa6e23f35309904cba.jpg,,0,0,no_caries,no_caries,0.7184,0.71836,0.09493,0.13392,0.05279
crops/hibogi_ai_02144_png_3.jpg,hibogi_ai_02144_png,HIBOGI_AI_02144_png_jpg.rf.9ba579e25350e8fa6e23f35309904cba.jpg,,0,0,no_caries,no_caries,0.7413,0.74126,0.11665,0.08404,0.05805
crops/hibogi_ai_02144_png_4.jpg,hibogi_ai_02144_png,HIBOGI_AI_02144_png_jpg.rf.9ba579e25350e8fa6e23f35309904cba.jpg,,0,0,no_caries,no_caries,0.8318,0.83178,0.03026,0.10782,0.03013
crops/hibogi_ai_02144_png_5.jpg,hibogi_ai_02144_png,HIBOGI_AI_02144_png_jpg.rf.9ba579e25350e8fa6e23f35309904cba.jpg,,0,0,no_caries,mild,0.4794,0.21279,0.47944,0.28417,0.0236
crops/hibogi_ai_02144_png_6.jpg,hibogi_ai_02144_png,HIBOGI_AI_02144_png_jpg.rf.9ba579e25350e8fa6e23f35309904cba.jpg,,0,0,no_caries,no_caries,0.4954,0.49542,0.10046,0.21199,0.19213
crops/hibogi_ai_02144_png_7.jpg,hibogi_ai_02144_png,HIBOGI_AI_02144_png_jpg.rf.9ba579e25350e8fa6e23f35309904cba.jpg,,0,0,no_caries,no_caries,0.6655,0.66553,0.05685,0.24763,0.02999
crops/hibogi_ai_02144_png_8.jpg,hibogi_ai_02144_png,HIBOGI_AI_02144_png_jpg.rf.9ba579e25350e8fa6e23f35309904cba.jpg,,0,0,no_caries,no_caries,0.878,0.87801,0.04175,0.04785,0.0324
crops/hibogi_ai_02144_png_9.jpg,hibogi_ai_02144_png,HIBOGI_AI_02144_png_jpg.rf.9ba579e25350e8fa6e23f35309904cba.jpg,,0,0,no_caries,no_caries,0.6991,0.69907,0.15909,0.05104,0.0908
crops/hibogi_ai_02144_png_10.jpg,hibogi_ai_02144_png,HIBOGI_AI_02144_png_jpg.rf.9ba579e25350e8fa6e23f35309904cba.jpg,,0,0,no_caries,no_caries,0.8511,0.85107,0.07352,0.03245,0.04296
crops/hibogi_ai_02144_png_11.jpg,hibogi_ai_02144_png,HIBOGI_AI_02144_png_jpg.rf.9ba579e25350e8fa6e23f35309904cba.jpg,,0,0,no_caries,no_caries,0.8229,0.82293,0.09043,0.03995,0.04669
crops/hibogi_ai_02144_png_12.jpg,hibogi_ai_02144_png,HIBOGI_AI_02144_png_jpg.rf.9ba579e25350e8fa6e23f35309904cba.jpg,,0,0,no_caries,no_caries,0.6948,0.69485,0.12949,0.12721,0.04846
crops/hibogi_ai_02144_png_13.jpg,hibogi_ai_02144_png,HIBOGI_AI_02144_png_jpg.rf.9ba579e25350e8fa6e23f35309904cba.jpg,,0,0,no_caries,no_caries,0.6296,0.62957,0.23878,0.09485,0.03681
crops/hibogi_ai_02144_png_14.jpg,hibogi_ai_02144_png,HIBOGI_AI_02144_png_jpg.rf.9ba579e25350e8fa6e23f35309904cba.jpg,,0,0,no_caries,advanced,0.5505,0.34785,0.08896,0.01271,0.55048
crops/hibogi_ai_02144_png_15.jpg,hibogi_ai_02144_png,HIBOGI_AI_02144_png_jpg.rf.9ba579e25350e8fa6e23f35309904cba.jpg,,0,0,no_caries,no_caries,0.5845,0.58454,0.06521,0.2483,0.10195
crops/hibogi_ai_02150_png_0.jpg,hibogi_ai_02150_png,HIBOGI_AI_02150_png_jpg.rf.01794b7b76993df8606242b504df4eb3.jpg,,0,0,no_caries,advanced,0.4368,0.41047,0.12216,0.03058,0.43679
crops/hibogi_ai_02150_png_1.jpg,hibogi_ai_02150_png,HIBOGI_AI_02150_png_jpg.rf.01794b7b76993df8606242b504df4eb3.jpg,,5,0,advanced,advanced,0.9756,0.00788,0.00892,0.00758,0.97561
crops/hibogi_ai_02150_png_2.jpg,hibogi_ai_02150_png,HIBOGI_AI_02150_png_jpg.rf.01794b7b76993df8606242b504df4eb3.jpg,,0,0,no_caries,no_caries,0.7486,0.74865,0.16789,0.05467,0.0288
crops/hibogi_ai_02150_png_3.jpg,hibogi_ai_02150_png,HIBOGI_AI_02150_png_jpg.rf.01794b7b76993df8606242b504df4eb3.jpg,,0,0,no_caries,no_caries,0.6444,0.64436,0.20709,0.07829,0.07025
crops/hibogi_ai_02150_png_4.jpg,hibogi_ai_02150_png,HIBOGI_AI_02150_png_jpg.rf.01794b7b76993df8606242b504df4eb3.jpg,,0,0,no_caries,no_caries,0.7227,0.72268,0.16196,0.04914,0.06622
crops/hibogi_ai_02150_png_5.jpg,hibogi_ai_02150_png,HIBOGI_AI_02150_png_jpg.rf.01794b7b76993df8606242b504df4eb3.jpg,,0,0,no_caries,no_caries,0.8032,0.80316,0.01946,0.13917,0.03821
crops/hibogi_ai_02150_png_6.jpg,hibogi_ai_02150_png,HIBOGI_AI_02150_png_jpg.rf.01794b7b76993df8606242b504df4eb3.jpg,,0,0,no_caries,no_caries,0.744,0.74397,0.10203,0.049,0.105
crops/hibogi_ai_02150_png_7.jpg,hibogi_ai_02150_png,HIBOGI_AI_02150_png_jpg.rf.01794b7b76993df8606242b504df4eb3.jpg,,0,0,no_caries,moderate,0.8545,0.07127,0.0564,0.85452,0.01782
crops/hibogi_ai_02150_png_8.jpg,hibogi_ai_02150_png,HIBOGI_AI_02150_png_jpg.rf.01794b7b76993df8606242b504df4eb3.jpg,,0,0,no_caries,no_caries,0.8004,0.80036,0.10235,0.04144,0.05584
crops/hibogi_ai_02150_png_9.jpg,hibogi_ai_02150_png,HIBOGI_AI_02150_png_jpg.rf.01794b7b76993df8606242b504df4eb3.jpg,,0,0,no_caries,no_caries,0.8664,0.86644,0.04752,0.03611,0.04993
crops/hibogi_ai_02150_png_10.jpg,hibogi_ai_02150_png,HIBOGI_AI_02150_png_jpg.rf.01794b7b76993df8606242b504df4eb3.jpg,,0,0,no_caries,no_caries,0.8357,0.8357,0.06989,0.03659,0.05781
crops/hibogi_ai_02150_png_11.jpg,hibogi_ai_02150_png,HIBOGI_AI_02150_png_jpg.rf.01794b7b76993df8606242b504df4eb3.jpg,,0,0,no_caries,no_caries,0.901,0.90101,0.03508,0.02049,0.04342
crops/hibogi_ai_02150_png_12.jpg,hibogi_ai_02150_png,HIBOGI_AI_02150_png_jpg.rf.01794b7b76993df8606242b504df4eb3.jpg,,0,0,no_caries,no_caries,0.8993,0.89926,0.03128,0.02081,0.04864
crops/hibogi_ai_02150_png_13.jpg,hibogi_ai_02150_png,HIBOGI_AI_02150_png_jpg.rf.01794b7b76993df8606242b504df4eb3.jpg,,0,0,no_caries,no_caries,0.8773,0.87728,0.05491,0.03181,0.036
crops/hibogi_ai_02150_png_14.jpg,hibogi_ai_02150_png,HIBOGI_AI_02150_png_jpg.rf.01794b7b76993df8606242b504df4eb3.jpg,,0,0,no_caries,no_caries,0.7468,0.74684,0.17721,0.0226,0.05334
crops/hibogi_ai_02150_png_15.jpg,hibogi_ai_02150_png,HIBOGI_AI_02150_png_jpg.rf.01794b7b76993df8606242b504df4eb3.jpg,,3,0,moderate,moderate,0.5366,0.29409,0.11516,0.53658,0.05417
crops/hibogi_ai_02168_png_0.jpg,hibogi_ai_02168_png,HIBOGI_AI_02168_png_jpg.rf.d21cffe084c6cd7ee9ac4f13ce3b7b05.jpg,,0,0,no_caries,no_caries,0.7792,0.77915,0.14679,0.03315,0.04091
crops/hibogi_ai_02168_png_1.jpg,hibogi_ai_02168_png,HIBOGI_AI_02168_png_jpg.rf.d21cffe084c6cd7ee9ac4f13ce3b7b05.jpg,,0,0,no_caries,no_caries,0.7967,0.79673,0.09445,0.03799,0.07083
crops/hibogi_ai_02168_png_2.jpg,hibogi_ai_02168_png,HIBOGI_AI_02168_png_jpg.rf.d21cffe084c6cd7ee9ac4f13ce3b7b05.jpg,,0,0,no_caries,mild,0.5032,0.40183,0.50316,0.01532,0.07969
crops/hibogi_ai_02168_png_3.jpg,hibogi_ai_02168_png,HIBOGI_AI_02168_png_jpg.rf.d21cffe084c6cd7ee9ac4f13ce3b7b05.jpg,,0,0,no_caries,no_caries,0.8669,0.86691,0.0715,0.01885,0.04274
crops/hibogi_ai_02168_png_4.jpg,hibogi_ai_02168_png,HIBOGI_AI_02168_png_jpg.rf.d21cffe084c6cd7ee9ac4f13ce3b7b05.jpg,,0,0,no_caries,no_caries,0.7358,0.73582,0.0955,0.09852,0.07016
crops/hibogi_ai_02168_png_5.jpg,hibogi_ai_02168_png,HIBOGI_AI_02168_png_jpg.rf.d21cffe084c6cd7ee9ac4f13ce3b7b05.jpg,,0,0,no_caries,no_caries,0.8839,0.88391,0.0162,0.06254,0.03735
crops/hibogi_ai_02168_png_6.jpg,hibogi_ai_02168_png,HIBOGI_AI_02168_png_jpg.rf.d21cffe084c6cd7ee9ac4f13ce3b7b05.jpg,,0,0,no_caries,no_caries,0.7071,0.70706,0.18419,0.04831,0.06044
crops/hibogi_ai_02168_png_7.jpg,hibogi_ai_02168_png,HIBOGI_AI_02168_png_jpg.rf.d21cffe084c6cd7ee9ac4f13ce3b7b05.jpg,,0,0,no_caries,no_caries,0.8379,0.83792,0.06663,0.03301,0.06244
crops/hibogi_ai_02168_png_8.jpg,hibogi_ai_02168_png,HIBOGI_AI_02168_png_jpg.rf.d21cffe084c6cd7ee9ac4f13ce3b7b05.jpg,,0,0,no_caries,no_caries,0.8204,0.82044,0.04798,0.04873,0.08284
crops/hibogi_ai_02175_png_0.jpg,hibogi_ai_02175_png,HIBOGI_AI_02175_png_jpg.rf.23e2a42ba99eef2408aba438a8d02e60.jpg,,0,0,no_caries,no_caries,0.8118,0.81181,0.02919,0.08846,0.07054
crops/hibogi_ai_02175_png_1.jpg,hibogi_ai_02175_png,HIBOGI_AI_02175_png_jpg.rf.23e2a42ba99eef2408aba438a8d02e60.jpg,,0,0,no_caries,no_caries,0.7826,0.78257,0.033,0.11985,0.06458
crops/hibogi_ai_02175_png_2.jpg,hibogi_ai_02175_png,HIBOGI_AI_02175_png_jpg.rf.23e2a42ba99eef2408aba438a8d02e60.jpg,,0,0,no_caries,no_caries,0.7084,0.70836,0.03369,0.20593,0.05201
crops/hibogi_ai_02175_png_3.jpg,hibogi_ai_02175_png,HIBOGI_AI_02175_png_jpg.rf.23e2a42ba99eef2408aba438a8d02e60.jpg,,0,0,no_caries,no_caries,0.6421,0.64215,0.07105,0.17674,0.11007
crops/hibogi_ai_02175_png_4.jpg,hibogi_ai_02175_png,HIBOGI_AI_02175_png_jpg.rf.23e2a42ba99eef2408aba438a8d02e60.jpg,,0,0,no_caries,no_caries,0.8659,0.86594,0.01349,0.07295,0.04763
crops/hibogi_ai_02175_png_5.jpg,hibogi_ai_02175_png,HIBOGI_AI_02175_png_jpg.rf.23e2a42ba99eef2408aba438a8d02e60.jpg,,0,0,no_caries,no_caries,0.8209,0.82089,0.01577,0.10069,0.06265
crops/hibogi_ai_02175_png_6.jpg,hibogi_ai_02175_png,HIBOGI_AI_02175_png_jpg.rf.23e2a42ba99eef2408aba438a8d02e60.jpg,,0,0,no_caries,no_caries,0.6993,0.6993,0.02266,0.03344,0.24459
crops/hibogi_ai_02175_png_7.jpg,hibogi_ai_02175_png,HIBOGI_AI_02175_png_jpg.rf.23e2a42ba99eef2408aba438a8d02e60.jpg,,0,0,no_caries,no_caries,0.8558,0.85584,0.01936,0.06111,0.0637
crops/hibogi_ai_02175_png_8.jpg,hibogi_ai_02175_png,HIBOGI_AI_02175_png_jpg.rf.23e2a42ba99eef2408aba438a8d02e60.jpg,,0,0,no_caries,no_caries,0.7436,0.7436,0.04701,0.10769,0.1017
crops/hibogi_ai_02175_png_9.jpg,hibogi_ai_02175_png,HIBOGI_AI_02175_png_jpg.rf.23e2a42ba99eef2408aba438a8d02e60.jpg,,0,0,no_caries,no_caries,0.8023,0.80227,0.0301,0.05777,0.10987
crops/hibogi_ai_02175_png_10.jpg,hibogi_ai_02175_png,HIBOGI_AI_02175_png_jpg.rf.23e2a42ba99eef2408aba438a8d02e60.jpg,,0,0,no_caries,no_caries,0.829,0.82902,0.03336,0.04077,0.09685
crops/hibogi_ai_02175_png_11.jpg,hibogi_ai_02175_png,HIBOGI_AI_02175_png_jpg.rf.23e2a42ba99eef2408aba438a8d02e60.jpg,,0,0,no_caries,no_caries,0.8158,0.81577,0.05597,0.09075,0.03751
crops/hibogi_ai_02175_png_12.jpg,hibogi_ai_02175_png,HIBOGI_AI_02175_png_jpg.rf.23e2a42ba99eef2408aba438a8d02e60.jpg,,0,0,no_caries,no_caries,0.6871,0.68707,0.09781,0.17179,0.04332
crops/hibogi_ai_02175_png_13.jpg,hibogi_ai_02175_png,HIBOGI_AI_02175_png_jpg.rf.23e2a42ba99eef2408aba438a8d02e60.jpg,,0,0,no_caries,no_caries,0.5617,0.56166,0.04791,0.35478,0.03564
crops/hibogi_ai_02180_png_0.jpg,hibogi_ai_02180_png,HIBOGI_AI_02180_png_jpg.rf.604f383b38ec38a3ab9e27176cacfa5d.jpg,,0,0,no_caries,no_caries,0.6579,0.65788,0.26778,0.02855,0.04579
crops/hibogi_ai_02180_png_1.jpg,hibogi_ai_02180_png,HIBOGI_AI_02180_png_jpg.rf.604f383b38ec38a3ab9e27176cacfa5d.jpg,,0,0,no_caries,no_caries,0.7468,0.74679,0.10267,0.08135,0.06919
crops/hibogi_ai_02180_png_2.jpg,hibogi_ai_02180_png,HIBOGI_AI_02180_png_jpg.rf.604f383b38ec38a3ab9e27176cacfa5d.jpg,,0,0,no_caries,no_caries,0.4871,0.48714,0.0353,0.36091,0.11664
crops/hibogi_ai_02180_png_3.jpg,hibogi_ai_02180_png,HIBOGI_AI_02180_png_jpg.rf.604f383b38ec38a3ab9e27176cacfa5d.jpg,,2,0,mild,mild,0.8822,0.00289,0.88216,0.10266,0.0123
crops/hibogi_ai_02180_png_4.jpg,hibogi_ai_02180_png,HIBOGI_AI_02180_png_jpg.rf.604f383b38ec38a3ab9e27176cacfa5d.jpg,,0,0,no_caries,no_caries,0.7374,0.73743,0.0565,0.17955,0.02653
crops/hibogi_ai_02180_png_5.jpg,hibogi_ai_02180_png,HIBOGI_AI_02180_png_jpg.rf.604f383b38ec38a3ab9e27176cacfa5d.jpg,,0,0,no_caries,no_caries,0.6749,0.6749,0.14842,0.12768,0.049
crops/hibogi_ai_02180_png_6.jpg,hibogi_ai_02180_png,HIBOGI_AI_02180_png_jpg.rf.604f383b38ec38a3ab9e27176cacfa5d.jpg,,0,0,no_caries,no_caries,0.8383,0.8383,0.09284,0.03129,0.03758
crops/hibogi_ai_02180_png_7.jpg,hibogi_ai_02180_png,HIBOGI_AI_02180_png_jpg.rf.604f383b38ec38a3ab9e27176cacfa5d.jpg,,0,0,no_caries,no_caries,0.9201,0.92006,0.02956,0.0231,0.02727
crops/hibogi_ai_02180_png_8.jpg,hibogi_ai_02180_png,HIBOGI_AI_02180_png_jpg.rf.604f383b38ec38a3ab9e27176cacfa5d.jpg,,2,0,mild,no_caries,0.5076,0.50758,0.2488,0.16166,0.08196
crops/hibogi_ai_02203_png_0.jpg,hibogi_ai_02203_png,HIBOGI_AI_02203_png_jpg.rf.582bf4c4d5aadf48f2a555ce813cb7c0.jpg,,0,0,no_caries,no_caries,0.6239,0.62387,0.09675,0.16426,0.11512
crops/hibogi_ai_02203_png_1.jpg,hibogi_ai_02203_png,HIBOGI_AI_02203_png_jpg.rf.582bf4c4d5aadf48f2a555ce813cb7c0.jpg,,0,0,no_caries,no_caries,0.7233,0.7233,0.08749,0.13601,0.0532
crops/hibogi_ai_02203_png_2.jpg,hibogi_ai_02203_png,HIBOGI_AI_02203_png_jpg.rf.582bf4c4d5aadf48f2a555ce813cb7c0.jpg,,0,0,no_caries,no_caries,0.9065,0.90652,0.03285,0.02389,0.03674
crops/hibogi_ai_02203_png_3.jpg,hibogi_ai_02203_png,HIBOGI_AI_02203_png_jpg.rf.582bf4c4d5aadf48f2a555ce813cb7c0.jpg,,0,0,no_caries,no_caries,0.8464,0.84639,0.04294,0.0729,0.03776
crops/hibogi_ai_02203_png_4.jpg,hibogi_ai_02203_png,HIBOGI_AI_02203_png_jpg.rf.582bf4c4d5aadf48f2a555ce813cb7c0.jpg,,0,0,no_caries,no_caries,0.7255,0.72549,0.03682,0.20055,0.03714
crops/hibogi_ai_02203_png_5.jpg,hibogi_ai_02203_png,HIBOGI_AI_02203_png_jpg.rf.582bf4c4d5aadf48f2a555ce813cb7c0.jpg,,0,0,no_caries,no_caries,0.6948,0.69485,0.03379,0.20375,0.06761
crops/hibogi_ai_02203_png_6.jpg,hibogi_ai_02203_png,HIBOGI_AI_02203_png_jpg.rf.582bf4c4d5aadf48f2a555ce813cb7c0.jpg,,0,0,no_caries,no_caries,0.921,0.92103,0.02063,0.03134,0.027
crops/hibogi_ai_02203_png_7.jpg,hibogi_ai_02203_png,HIBOGI_AI_02203_png_jpg.rf.582bf4c4d5aadf48f2a555ce813cb7c0.jpg,,2,0,mild,advanced,0.4244,0.21828,0.27786,0.07945,0.42442
crops/hibogi_ai_02203_png_8.jpg,hibogi_ai_02203_png,HIBOGI_AI_02203_png_jpg.rf.582bf4c4d5aadf48f2a555ce813cb7c0.jpg,,0,0,no_caries,no_caries,0.7714,0.77142,0.10692,0.07058,0.05108
crops/hibogi_ai_02203_png_9.jpg,hibogi_ai_02203_png,HIBOGI_AI_02203_png_jpg.rf.582bf4c4d5aadf48f2a555ce813cb7c0.jpg,,0,0,no_caries,no_caries,0.7798,0.7798,0.13114,0.05569,0.03338
crops/hibogi_ai_02203_png_10.jpg,hibogi_ai_02203_png,HIBOGI_AI_02203_png_jpg.rf.582bf4c4d5aadf48f2a555ce813cb7c0.jpg,,0,0,no_caries,no_caries,0.5593,0.55933,0.13149,0.06451,0.24468
crops/hibogi_ai_02203_png_11.jpg,hibogi_ai_02203_png,HIBOGI_AI_02203_png_jpg.rf.582bf4c4d5aadf48f2a555ce813cb7c0.jpg,,0,0,no_caries,mild,0.6002,0.27228,0.60015,0.09433,0.03324
crops/hibogi_ai_02229_png_0.jpg,hibogi_ai_02229_png,HIBOGI_AI_02229_png_jpg.rf.ee77ac8a805c3b91a51d39c372d3015b.jpg,,5,0,advanced,moderate,0.7491,0.04534,0.03301,0.74907,0.17258
crops/hibogi_ai_02229_png_1.jpg,hibogi_ai_02229_png,HIBOGI_AI_02229_png_jpg.rf.ee77ac8a805c3b91a51d39c372d3015b.jpg,,0,0,no_caries,no_caries,0.6022,0.60221,0.13375,0.21795,0.04609
crops/hibogi_ai_02229_png_2.jpg,hibogi_ai_02229_png,HIBOGI_AI_02229_png_jpg.rf.ee77ac8a805c3b91a51d39c372d3015b.jpg,,0,0,no_caries,no_caries,0.5441,0.54414,0.07478,0.28034,0.10074
crops/hibogi_ai_02229_png_3.jpg,hibogi_ai_02229_png,HIBOGI_AI_02229_png_jpg.rf.ee77ac8a805c3b91a51d39c372d3015b.jpg,,0,0,no_caries,no_caries,0.8228,0.82281,0.06466,0.03372,0.0788
crops/hibogi_ai_02229_png_4.jpg,hibogi_ai_02229_png,HIBOGI_AI_02229_png_jpg.rf.ee77ac8a805c3b91a51d39c372d3015b.jpg,,0,0,no_caries,no_caries,0.9013,0.90129,0.02894,0.03317,0.0366
crops/hibogi_ai_02229_png_5.jpg,hibogi_ai_02229_png,HIBOGI_AI_02229_png_jpg.rf.ee77ac8a805c3b91a51d39c372d3015b.jpg,,0,0,no_caries,no_caries,0.8613,0.86133,0.07098,0.02426,0.04342
crops/hibogi_ai_02229_png_6.jpg,hibogi_ai_02229_png,HIBOGI_AI_02229_png_jpg.rf.ee77ac8a805c3b91a51d39c372d3015b.jpg,,0,0,no_caries,no_caries,0.8021,0.80211,0.09895,0.04332,0.05562
crops/hibogi_ai_02229_png_7.jpg,hibogi_ai_02229_png,HIBOGI_AI_02229_png_jpg.rf.ee77ac8a805c3b91a51d39c372d3015b.jpg,,0,0,no_caries,no_caries,0.6199,0.61992,0.0311,0.26927,0.0797
crops/hibogi_ai_02229_png_8.jpg,hibogi_ai_02229_png,HIBOGI_AI_02229_png_jpg.rf.ee77ac8a805c3b91a51d39c372d3015b.jpg,,5,0,advanced,moderate,0.3821,0.26082,0.27249,0.38214,0.08455
crops/hibogi_ai_02229_png_9.jpg,hibogi_ai_02229_png,HIBOGI_AI_02229_png_jpg.rf.ee77ac8a805c3b91a51d39c372d3015b.jpg,,5,0,advanced,mild,0.7205,0.24242,0.72052,0.03055,0.00651
crops/hibogi_ai_02229_png_10.jpg,hibogi_ai_02229_png,HIBOGI_AI_02229_png_jpg.rf.ee77ac8a805c3b91a51d39c372d3015b.jpg,,2,0,mild,no_caries,0.8071,0.80709,0.10998,0.05644,0.02649
crops/hibogi_ai_02229_png_11.jpg,hibogi_ai_02229_png,HIBOGI_AI_02229_png_jpg.rf.ee77ac8a805c3b91a51d39c372d3015b.jpg,,0,0,no_caries,no_caries,0.862,0.86201,0.01258,0.0792,0.04621
crops/hibogi_ai_02229_png_12.jpg,hibogi_ai_02229_png,HIBOGI_AI_02229_png_jpg.rf.ee77ac8a805c3b91a51d39c372d3015b.jpg,,0,0,no_caries,no_caries,0.7711,0.77107,0.01494,0.10863,0.10536
crops/hibogi_ai_02229_png_13.jpg,hibogi_ai_02229_png,HIBOGI_AI_02229_png_jpg.rf.ee77ac8a805c3b91a51d39c372d3015b.jpg,,0,0,no_caries,no_caries,0.7975,0.79746,0.01406,0.10691,0.08157
crops/hibogi_ai_02229_png_14.jpg,hibogi_ai_02229_png,HIBOGI_AI_02229_png_jpg.rf.ee77ac8a805c3b91a51d39c372d3015b.jpg,,3,0,moderate,no_caries,0.7092,0.7092,0.13702,0.10581,0.04798
crops/hibogi_ai_02229_png_15.jpg,hibogi_ai_02229_png,HIBOGI_AI_02229_png_jpg.rf.ee77ac8a805c3b91a51d39c372d3015b.jpg,,3,0,moderate,no_caries,0.8336,0.83358,0.01707,0.12708,0.02228
crops/hibogi_ai_02230_png_0.jpg,hibogi_ai_02230_png,HIBOGI_AI_02230_png_jpg.rf.bbd19c3a44a4c42271f89adcd487f25e.jpg,,1,0,mild,mild,0.9023,0.05432,0.90228,0.02852,0.01489
crops/hibogi_ai_02230_png_1.jpg,hibogi_ai_02230_png,HIBOGI_AI_02230_png_jpg.rf.bbd19c3a44a4c42271f89adcd487f25e.jpg,,1,0,mild,mild,0.3605,0.31833,0.36048,0.27379,0.0474
crops/hibogi_ai_02230_png_2.jpg,hibogi_ai_02230_png,HIBOGI_AI_02230_png_jpg.rf.bbd19c3a44a4c42271f89adcd487f25e.jpg,,1,0,mild,mild,0.4473,0.12,0.44735,0.36461,0.06805
crops/hibogi_ai_02230_png_3.jpg,hibogi_ai_02230_png,HIBOGI_AI_02230_png_jpg.rf.bbd19c3a44a4c42271f89adcd487f25e.jpg,,0,0,no_caries,no_caries,0.552,0.55204,0.18178,0.18253,0.08365
crops/hibogi_ai_02230_png_4.jpg,hibogi_ai_02230_png,HIBOGI_AI_02230_png_jpg.rf.bbd19c3a44a4c42271f89adcd487f25e.jpg,,3,0,moderate,moderate,0.9828,0.00051,0.00536,0.9828,0.01134
crops/hibogi_ai_02230_png_5.jpg,hibogi_ai_02230_png,HIBOGI_AI_02230_png_jpg.rf.bbd19c3a44a4c42271f89adcd487f25e.jpg,,3,0,moderate,mild,0.8117,0.01247,0.81167,0.17132,0.00454
crops/hibogi_ai_02230_png_6.jpg,hibogi_ai_02230_png,HIBOGI_AI_02230_png_jpg.rf.bbd19c3a44a4c42271f89adcd487f25e.jpg,,1,0,mild,no_caries,0.8077,0.80773,0.0688,0.07401,0.04946
crops/hibogi_ai_02230_png_7.jpg,hibogi_ai_02230_png,HIBOGI_AI_02230_png_jpg.rf.bbd19c3a44a4c42271f89adcd487f25e.jpg,,2,0,mild,no_caries,0.7166,0.71661,0.12357,0.11505,0.04478
crops/hibogi_ai_02230_png_8.jpg,hibogi_ai_02230_png,HIBOGI_AI_02230_png_jpg.rf.bbd19c3a44a4c42271f89adcd487f25e.jpg,,2,0,mild,no_caries,0.8469,0.84692,0.02928,0.07796,0.04584
crops/hibogi_ai_02237_png_0.jpg,hibogi_ai_02237_png,HIBOGI_AI_02237_png_jpg.rf.c09531c000b14085b2cfcaa614cc3246.jpg,,0,0,no_caries,no_caries,0.5867,0.58666,0.30937,0.0573,0.04667
crops/hibogi_ai_02237_png_1.jpg,hibogi_ai_02237_png,HIBOGI_AI_02237_png_jpg.rf.c09531c000b14085b2cfcaa614cc3246.jpg,,1,0,mild,no_caries,0.7341,0.73407,0.13344,0.09435,0.03814
crops/hibogi_ai_02237_png_2.jpg,hibogi_ai_02237_png,HIBOGI_AI_02237_png_jpg.rf.c09531c000b14085b2cfcaa614cc3246.jpg,,1,0,mild,no_caries,0.4221,0.42207,0.22878,0.12988,0.21927
crops/hibogi_ai_02237_png_3.jpg,hibogi_ai_02237_png,HIBOGI_AI_02237_png_jpg.rf.c09531c000b14085b2cfcaa614cc3246.jpg,,0,0,no_caries,no_caries,0.6142,0.61424,0.20424,0.11646,0.06505
crops/hibogi_ai_02237_png_4.jpg,hibogi_ai_02237_png,HIBOGI_AI_02237_png_jpg.rf.c09531c000b14085b2cfcaa614cc3246.jpg,,0,0,no_caries,no_caries,0.5662,0.56621,0.23201,0.10803,0.09375
crops/hibogi_ai_02237_png_5.jpg,hibogi_ai_02237_png,HIBOGI_AI_02237_png_jpg.rf.c09531c000b14085b2cfcaa614cc3246.jpg,,0,0,no_caries,moderate,0.3503,0.34983,0.28108,0.35034,0.01875
crops/hibogi_ai_02237_png_6.jpg,hibogi_ai_02237_png,HIBOGI_AI_02237_png_jpg.rf.c09531c000b14085b2cfcaa614cc3246.jpg,,0,0,no_caries,no_caries,0.8374,0.8374,0.03742,0.08654,0.03865
crops/hibogi_ai_02237_png_7.jpg,hibogi_ai_02237_png,HIBOGI_AI_02237_png_jpg.rf.c09531c000b14085b2cfcaa614cc3246.jpg,,0,0,no_caries,no_caries,0.8959,0.89591,0.02741,0.06468,0.01201
crops/hibogi_ai_02237_png_8.jpg,hibogi_ai_02237_png,HIBOGI_AI_02237_png_jpg.rf.c09531c000b14085b2cfcaa614cc3246.jpg,,0,0,no_caries,no_caries,0.8113,0.81125,0.02298,0.13086,0.03491
crops/hibogi_ai_02237_png_9.jpg,hibogi_ai_02237_png,HIBOGI_AI_02237_png_jpg.rf.c09531c000b14085b2cfcaa614cc3246.jpg,,0,0,no_caries,no_caries,0.5253,0.52533,0.15824,0.27225,0.04418
crops/hibogi_ai_02237_png_10.jpg,hibogi_ai_02237_png,HIBOGI_AI_02237_png_jpg.rf.c09531c000b14085b2cfcaa614cc3246.jpg,,2,0,mild,no_caries,0.5017,0.50168,0.37426,0.07153,0.05253
crops/hibogi_ai_02237_png_11.jpg,hibogi_ai_02237_png,HIBOGI_AI_02237_png_jpg.rf.c09531c000b14085b2cfcaa614cc3246.jpg,,5,0,advanced,advanced,0.9822,0.00429,0.00322,0.0103,0.98219
crops/hibogi_ai_02253_png_0.jpg,hibogi_ai_02253_png,HIBOGI_AI_02253_png_jpg.rf.c693fdc507801a5f21128886c1eb5dfe.jpg,,0,0,no_caries,no_caries,0.8091,0.80913,0.04504,0.04199,0.10384
crops/hibogi_ai_02253_png_1.jpg,hibogi_ai_02253_png,HIBOGI_AI_02253_png_jpg.rf.c693fdc507801a5f21128886c1eb5dfe.jpg,,5,0,advanced,advanced,0.9484,0.00404,0.00441,0.0432,0.94836
crops/hibogi_ai_02253_png_2.jpg,hibogi_ai_02253_png,HIBOGI_AI_02253_png_jpg.rf.c693fdc507801a5f21128886c1eb5dfe.jpg,,5,0,advanced,advanced,0.9626,0.0074,0.01254,0.01746,0.9626
crops/hibogi_ai_02253_png_3.jpg,hibogi_ai_02253_png,HIBOGI_AI_02253_png_jpg.rf.c693fdc507801a5f21128886c1eb5dfe.jpg,,0,0,no_caries,no_caries,0.943,0.94297,0.00595,0.02279,0.0283
crops/hibogi_ai_02253_png_4.jpg,hibogi_ai_02253_png,HIBOGI_AI_02253_png_jpg.rf.c693fdc507801a5f21128886c1eb5dfe.jpg,,0,0,no_caries,no_caries,0.88,0.88001,0.0377,0.04399,0.0383
crops/hibogi_ai_02271_png_0.jpg,hibogi_ai_02271_png,HIBOGI_AI_02271_png_jpg.rf.0fe45316103cc087ac4957ec0833875f.jpg,,0,0,no_caries,no_caries,0.7499,0.74988,0.11996,0.12183,0.00833
crops/hibogi_ai_02271_png_1.jpg,hibogi_ai_02271_png,HIBOGI_AI_02271_png_jpg.rf.0fe45316103cc087ac4957ec0833875f.jpg,,0,0,no_caries,no_caries,0.7619,0.76186,0.17344,0.03907,0.02563
crops/hibogi_ai_02271_png_2.jpg,hibogi_ai_02271_png,HIBOGI_AI_02271_png_jpg.rf.0fe45316103cc087ac4957ec0833875f.jpg,,5,0,advanced,advanced,0.9613,0.01024,0.02239,0.00607,0.9613
crops/hibogi_ai_02271_png_3.jpg,hibogi_ai_02271_png,HIBOGI_AI_02271_png_jpg.rf.0fe45316103cc087ac4957ec0833875f.jpg,,0,0,no_caries,no_caries,0.8256,0.82556,0.07669,0.04083,0.05692
crops/hibogi_ai_02271_png_4.jpg,hibogi_ai_02271_png,HIBOGI_AI_02271_png_jpg.rf.0fe45316103cc087ac4957ec0833875f.jpg,,0,0,no_caries,no_caries,0.7995,0.79946,0.13081,0.02899,0.04074
crops/hibogi_ai_02271_png_5.jpg,hibogi_ai_02271_png,HIBOGI_AI_02271_png_jpg.rf.0fe45316103cc087ac4957ec0833875f.jpg,,0,0,no_caries,no_caries,0.8136,0.81356,0.12546,0.03072,0.03025
crops/hibogi_ai_02271_png_6.jpg,hibogi_ai_02271_png,HIBOGI_AI_02271_png_jpg.rf.0fe45316103cc087ac4957ec0833875f.jpg,,0,0,no_caries,no_caries,0.8946,0.8946,0.04169,0.02766,0.03605
crops/hibogi_ai_02271_png_7.jpg,hibogi_ai_02271_png,HIBOGI_AI_02271_png_jpg.rf.0fe45316103cc087ac4957ec0833875f.jpg,,0,0,no_caries,no_caries,0.8298,0.82975,0.0388,0.07549,0.05595
crops/hibogi_ai_02271_png_8.jpg,hibogi_ai_02271_png,HIBOGI_AI_02271_png_jpg.rf.0fe45316103cc087ac4957ec0833875f.jpg,,0,0,no_caries,no_caries,0.7663,0.76627,0.1039,0.05666,0.07318
crops/hibogi_ai_02271_png_9.jpg,hibogi_ai_02271_png,HIBOGI_AI_02271_png_jpg.rf.0fe45316103cc087ac4957ec0833875f.jpg,,5,0,advanced,advanced,0.7064,0.08459,0.11278,0.09621,0.70643
crops/hibogi_ai_02271_png_10.jpg,hibogi_ai_02271_png,HIBOGI_AI_02271_png_jpg.rf.0fe45316103cc087ac4957ec0833875f.jpg,,5,0,advanced,advanced,0.916,0.0037,0.00518,0.07509,0.91603
crops/hibogi_ai_02271_png_11.jpg,hibogi_ai_02271_png,HIBOGI_AI_02271_png_jpg.rf.0fe45316103cc087ac4957ec0833875f.jpg,,0,0,no_caries,mild,0.4384,0.12469,0.43841,0.39742,0.03948
crops/hibogi_ai_02427_png_0.jpg,hibogi_ai_02427_png,HIBOGI_AI_02427_png_jpg.rf.630b6649f8d27cb5a290eed1167a766e.jpg,,0,0,no_caries,mild,0.5737,0.31682,0.57372,0.07765,0.03181
crops/hibogi_ai_02427_png_1.jpg,hibogi_ai_02427_png,HIBOGI_AI_02427_png_jpg.rf.630b6649f8d27cb5a290eed1167a766e.jpg,,0,0,no_caries,no_caries,0.4923,0.49231,0.34307,0.06439,0.10022
crops/hibogi_ai_02427_png_2.jpg,hibogi_ai_02427_png,HIBOGI_AI_02427_png_jpg.rf.630b6649f8d27cb5a290eed1167a766e.jpg,,0,0,no_caries,no_caries,0.7743,0.7743,0.12652,0.05496,0.04422
crops/hibogi_ai_02427_png_3.jpg,hibogi_ai_02427_png,HIBOGI_AI_02427_png_jpg.rf.630b6649f8d27cb5a290eed1167a766e.jpg,,0,0,no_caries,no_caries,0.7349,0.73488,0.08447,0.09312,0.08752
crops/hibogi_ai_02427_png_4.jpg,hibogi_ai_02427_png,HIBOGI_AI_02427_png_jpg.rf.630b6649f8d27cb5a290eed1167a766e.jpg,,0,0,no_caries,mild,0.5686,0.39882,0.56857,0.01481,0.0178
crops/hibogi_ai_02427_png_5.jpg,hibogi_ai_02427_png,HIBOGI_AI_02427_png_jpg.rf.630b6649f8d27cb5a290eed1167a766e.jpg,,0,0,no_caries,no_caries,0.6809,0.68085,0.092,0.07462,0.15253
crops/hibogi_ai_02427_png_6.jpg,hibogi_ai_02427_png,HIBOGI_AI_02427_png_jpg.rf.630b6649f8d27cb5a290eed1167a766e.jpg,,0,0,no_caries,no_caries,0.7346,0.73463,0.06646,0.11472,0.08419
crops/hibogi_ai_02427_png_7.jpg,hibogi_ai_02427_png,HIBOGI_AI_02427_png_jpg.rf.630b6649f8d27cb5a290eed1167a766e.jpg,,0,0,no_caries,mild,0.6521,0.27487,0.65212,0.02823,0.04478
crops/hibogi_ai_02427_png_8.jpg,hibogi_ai_02427_png,HIBOGI_AI_02427_png_jpg.rf.630b6649f8d27cb5a290eed1167a766e.jpg,,0,0,no_caries,no_caries,0.6854,0.68545,0.21197,0.03883,0.06376
crops/hibogi_ai_02427_png_9.jpg,hibogi_ai_02427_png,HIBOGI_AI_02427_png_jpg.rf.630b6649f8d27cb5a290eed1167a766e.jpg,,0,0,no_caries,mild,0.8315,0.12697,0.83147,0.00615,0.03542
crops/hibogi_ai_02427_png_10.jpg,hibogi_ai_02427_png,HIBOGI_AI_02427_png_jpg.rf.630b6649f8d27cb5a290eed1167a766e.jpg,,0,0,no_caries,no_caries,0.682,0.68201,0.07178,0.15462,0.09159
crops/hibogi_ai_02427_png_11.jpg,hibogi_ai_02427_png,HIBOGI_AI_02427_png_jpg.rf.630b6649f8d27cb5a290eed1167a766e.jpg,,5,0,advanced,moderate,0.6461,0.13973,0.02474,0.64606,0.18946
crops/hibogi_ai_02433_png_0.jpg,hibogi_ai_02433_png,HIBOGI_AI_02433_png_jpg.rf.ca9cc472f619951bd3bb711ddf9a8e16.jpg,,0,0,no_caries,no_caries,0.7694,0.76941,0.07418,0.0815,0.07491
crops/hibogi_ai_02433_png_1.jpg,hibogi_ai_02433_png,HIBOGI_AI_02433_png_jpg.rf.ca9cc472f619951bd3bb711ddf9a8e16.jpg,,0,0,no_caries,no_caries,0.7986,0.7986,0.02341,0.12429,0.0537
crops/hibogi_ai_02433_png_2.jpg,hibogi_ai_02433_png,HIBOGI_AI_02433_png_jpg.rf.ca9cc472f619951bd3bb711ddf9a8e16.jpg,,0,0,no_caries,mild,0.5252,0.29645,0.52517,0.08454,0.09383
crops/hibogi_ai_02433_png_3.jpg,hibogi_ai_02433_png,HIBOGI_AI_02433_png_jpg.rf.ca9cc472f619951bd3bb711ddf9a8e16.jpg,,5,0,advanced,moderate,0.44,0.13836,0.09349,0.43998,0.32817
crops/hibogi_ai_02433_png_4.jpg,hibogi_ai_02433_png,HIBOGI_AI_02433_png_jpg.rf.ca9cc472f619951bd3bb711ddf9a8e16.jpg,,5,0,advanced,advanced,0.7834,0.03856,0.15611,0.02191,0.78342
crops/hibogi_ai_02433_png_5.jpg,hibogi_ai_02433_png,HIBOGI_AI_02433_png_jpg.rf.ca9cc472f619951bd3bb711ddf9a8e16.jpg,,0,0,no_caries,mild,0.4877,0.42263,0.48766,0.05077,0.03895
crops/hibogi_ai_02433_png_6.jpg,hibogi_ai_02433_png,HIBOGI_AI_02433_png_jpg.rf.ca9cc472f619951bd3bb711ddf9a8e16.jpg,,5,0,advanced,no_caries,0.8388,0.83884,0.09896,0.01637,0.04584
crops/hibogi_ai_02433_png_7.jpg,hibogi_ai_02433_png,HIBOGI_AI_02433_png_jpg.rf.ca9cc472f619951bd3bb711ddf9a8e16.jpg,,0,0,no_caries,no_caries,0.7579,0.75792,0.12167,0.04038,0.08003
crops/hibogi_ai_02433_png_8.jpg,hibogi_ai_02433_png,HIBOGI_AI_02433_png_jpg.rf.ca9cc472f619951bd3bb711ddf9a8e16.jpg,,0,0,no_caries,no_caries,0.7896,0.78956,0.09117,0.05146,0.06781
crops/hibogi_ai_02433_png_9.jpg,hibogi_ai_02433_png,HIBOGI_AI_02433_png_jpg.rf.ca9cc472f619951bd3bb711ddf9a8e16.jpg,,0,0,no_caries,no_caries,0.595,0.59499,0.18382,0.08786,0.13333
crops/hibogi_ai_02433_png_10.jpg,hibogi_ai_02433_png,HIBOGI_AI_02433_png_jpg.rf.ca9cc472f619951bd3bb711ddf9a8e16.jpg,,0,0,no_caries,no_caries,0.8457,0.84569,0.05976,0.04167,0.05288
crops/hibogi_ai_02433_png_11.jpg,hibogi_ai_02433_png,HIBOGI_AI_02433_png_jpg.rf.ca9cc472f619951bd3bb711ddf9a8e16.jpg,,0,0,no_caries,no_caries,0.7415,0.7415,0.0781,0.04533,0.13507
crops/hibogi_ai_02433_png_12.jpg,hibogi_ai_02433_png,HIBOGI_AI_02433_png_jpg.rf.ca9cc472f619951bd3bb711ddf9a8e16.jpg,,0,0,no_caries,no_caries,0.6978,0.69782,0.18709,0.04201,0.07309
crops/hibogi_ai_02433_png_13.jpg,hibogi_ai_02433_png,HIBOGI_AI_02433_png_jpg.rf.ca9cc472f619951bd3bb711ddf9a8e16.jpg,,0,0,no_caries,no_caries,0.8098,0.80983,0.06758,0.06757,0.05502
crops/hibogi_ai_02452_png_0.jpg,hibogi_ai_02452_png,HIBOGI_AI_02452_png_jpg.rf.10766c164acb967aeacb1525beb0d4ed.jpg,,4,0,moderate,moderate,0.9264,0.04505,0.00858,0.92636,0.02
crops/hibogi_ai_02452_png_1.jpg,hibogi_ai_02452_png,HIBOGI_AI_02452_png_jpg.rf.10766c164acb967aeacb1525beb0d4ed.jpg,,5,0,advanced,advanced,0.8093,0.01474,0.02431,0.15165,0.8093
crops/hibogi_ai_02452_png_2.jpg,hibogi_ai_02452_png,HIBOGI_AI_02452_png_jpg.rf.10766c164acb967aeacb1525beb0d4ed.jpg,,6,0,advanced,advanced,0.9621,0.0057,0.00879,0.02341,0.9621
crops/hibogi_ai_02452_png_3.jpg,hibogi_ai_02452_png,HIBOGI_AI_02452_png_jpg.rf.10766c164acb967aeacb1525beb0d4ed.jpg,,6,0,advanced,advanced,0.9602,0.00346,0.00334,0.03303,0.96017
crops/hibogi_ai_02452_png_4.jpg,hibogi_ai_02452_png,HIBOGI_AI_02452_png_jpg.rf.10766c164acb967aeacb1525beb0d4ed.jpg,,6,0,advanced,mild,0.5229,0.12166,0.52292,0.27391,0.08152
crops/hibogi_ai_02452_png_5.jpg,hibogi_ai_02452_png,HIBOGI_AI_02452_png_jpg.rf.10766c164acb967aeacb1525beb0d4ed.jpg,,6,0,advanced,moderate,0.5627,0.35861,0.04261,0.56267,0.0361
crops/hibogi_ai_02452_png_6.jpg,hibogi_ai_02452_png,HIBOGI_AI_02452_png_jpg.rf.10766c164acb967aeacb1525beb0d4ed.jpg,,5,0,advanced,advanced,0.7578,0.05691,0.08492,0.10032,0.75785
crops/hibogi_ai_02452_png_7.jpg,hibogi_ai_02452_png,HIBOGI_AI_02452_png_jpg.rf.10766c164acb967aeacb1525beb0d4ed.jpg,,0,0,no_caries,no_caries,0.5885,0.58852,0.18057,0.20568,0.02523
crops/hibogi_ai_02452_png_8.jpg,hibogi_ai_02452_png,HIBOGI_AI_02452_png_jpg.rf.10766c164acb967aeacb1525beb0d4ed.jpg,,0,0,no_caries,no_caries,0.749,0.74896,0.0754,0.07212,0.10353
crops/hibogi_ai_02452_png_9.jpg,hibogi_ai_02452_png,HIBOGI_AI_02452_png_jpg.rf.10766c164acb967aeacb1525beb0d4ed.jpg,,0,0,no_caries,no_caries,0.813,0.81296,0.04822,0.07431,0.0645
crops/hibogi_ai_02452_png_10.jpg,hibogi_ai_02452_png,HIBOGI_AI_02452_png_jpg.rf.10766c164acb967aeacb1525beb0d4ed.jpg,,0,0,no_caries,no_caries,0.4847,0.48475,0.1714,0.21879,0.12506
crops/hibogi_ai_02452_png_11.jpg,hibogi_ai_02452_png,HIBOGI_AI_02452_png_jpg.rf.10766c164acb967aeacb1525beb0d4ed.jpg,,0,0,no_caries,no_caries,0.7241,0.72408,0.11707,0.06763,0.09122
crops/hibogi_ai_02452_png_12.jpg,hibogi_ai_02452_png,HIBOGI_AI_02452_png_jpg.rf.10766c164acb967aeacb1525beb0d4ed.jpg,,0,0,no_caries,no_caries,0.8131,0.81314,0.05681,0.04473,0.08532
crops/hibogi_ai_02452_png_13.jpg,hibogi_ai_02452_png,HIBOGI_AI_02452_png_jpg.rf.10766c164acb967aeacb1525beb0d4ed.jpg,,0,0,no_caries,no_caries,0.7778,0.77782,0.07618,0.09855,0.04745
crops/hibogi_ai_02452_png_14.jpg,hibogi_ai_02452_png,HIBOGI_AI_02452_png_jpg.rf.10766c164acb967aeacb1525beb0d4ed.jpg,,0,0,no_caries,no_caries,0.7322,0.7322,0.11315,0.11723,0.03742
crops/hibogi_ai_02452_png_15.jpg,hibogi_ai_02452_png,HIBOGI_AI_02452_png_jpg.rf.10766c164acb967aeacb1525beb0d4ed.jpg,,0,0,no_caries,moderate,0.4036,0.28801,0.2258,0.40363,0.08256
crops/hibogi_ai_02458_png_0.jpg,hibogi_ai_02458_png,HIBOGI_AI_02458_png_jpg.rf.84e3f28bb31840584cce8acb0af0430a.jpg,,1,0,mild,mild,0.6128,0.31863,0.61284,0.05245,0.01608
crops/hibogi_ai_02458_png_1.jpg,hibogi_ai_02458_png,HIBOGI_AI_02458_png_jpg.rf.84e3f28bb31840584cce8acb0af0430a.jpg,,0,0,no_caries,mild,0.7183,0.22403,0.71825,0.01822,0.0395
crops/hibogi_ai_02458_png_2.jpg,hibogi_ai_02458_png,HIBOGI_AI_02458_png_jpg.rf.84e3f28bb31840584cce8acb0af0430a.jpg,,5,0,advanced,mild,0.5192,0.00601,0.51916,0.1278,0.34703
crops/hibogi_ai_02458_png_3.jpg,hibogi_ai_02458_png,HIBOGI_AI_02458_png_jpg.rf.84e3f28bb31840584cce8acb0af0430a.jpg,,5,0,advanced,advanced,0.9302,0.0082,0.0148,0.04677,0.93024
crops/hibogi_ai_02458_png_4.jpg,hibogi_ai_02458_png,HIBOGI_AI_02458_png_jpg.rf.84e3f28bb31840584cce8acb0af0430a.jpg,,5,0,advanced,advanced,0.9411,0.00108,0.00185,0.05593,0.94114
crops/hibogi_ai_02458_png_5.jpg,hibogi_ai_02458_png,HIBOGI_AI_02458_png_jpg.rf.84e3f28bb31840584cce8acb0af0430a.jpg,,2,0,mild,advanced,0.952,0.00068,0.00092,0.04638,0.95202
crops/hibogi_ai_02458_png_6.jpg,hibogi_ai_02458_png,HIBOGI_AI_02458_png_jpg.rf.84e3f28bb31840584cce8acb0af0430a.jpg,,1,0,mild,no_caries,0.4702,0.4702,0.19561,0.27751,0.05669
crops/hibogi_ai_02458_png_7.jpg,hibogi_ai_02458_png,HIBOGI_AI_02458_png_jpg.rf.84e3f28bb31840584cce8acb0af0430a.jpg,,2,0,mild,no_caries,0.5764,0.57642,0.34062,0.0546,0.02836
crops/hibogi_ai_02458_png_8.jpg,hibogi_ai_02458_png,HIBOGI_AI_02458_png_jpg.rf.84e3f28bb31840584cce8acb0af0430a.jpg,,0,0,no_caries,no_caries,0.7066,0.70662,0.03243,0.2136,0.04734
crops/hibogi_ai_02458_png_9.jpg,hibogi_ai_02458_png,HIBOGI_AI_02458_png_jpg.rf.84e3f28bb31840584cce8acb0af0430a.jpg,,0,0,no_caries,no_caries,0.7578,0.75783,0.06899,0.11192,0.06126
crops/hibogi_ai_02458_png_10.jpg,hibogi_ai_02458_png,HIBOGI_AI_02458_png_jpg.rf.84e3f28bb31840584cce8acb0af0430a.jpg,,0,0,no_caries,no_caries,0.7572,0.75723,0.06762,0.07825,0.0969
crops/hibogi_ai_02458_png_11.jpg,hibogi_ai_02458_png,HIBOGI_AI_02458_png_jpg.rf.84e3f28bb31840584cce8acb0af0430a.jpg,,0,0,no_caries,no_caries,0.653,0.65305,0.06797,0.04185,0.23713
crops/hibogi_ai_02458_png_12.jpg,hibogi_ai_02458_png,HIBOGI_AI_02458_png_jpg.rf.84e3f28bb31840584cce8acb0af0430a.jpg,,0,0,no_caries,no_caries,0.7998,0.79978,0.03992,0.13108,0.02923
crops/hibogi_ai_02464_png_0.jpg,hibogi_ai_02464_png,HIBOGI_AI_02464_png_jpg.rf.31ba02ee3d26158274678eefc7bcdf74.jpg,,0,0,no_caries,no_caries,0.5502,0.55021,0.29371,0.09076,0.06532
crops/hibogi_ai_02464_png_1.jpg,hibogi_ai_02464_png,HIBOGI_AI_02464_png_jpg.rf.31ba02ee3d26158274678eefc7bcdf74.jpg,,0,0,no_caries,no_caries,0.8141,0.81409,0.06355,0.09009,0.03226
crops/hibogi_ai_02464_png_2.jpg,hibogi_ai_02464_png,HIBOGI_AI_02464_png_jpg.rf.31ba02ee3d26158274678eefc7bcdf74.jpg,,0,0,no_caries,no_caries,0.8539,0.85392,0.04578,0.03067,0.06963
crops/hibogi_ai_02464_png_3.jpg,hibogi_ai_02464_png,HIBOGI_AI_02464_png_jpg.rf.31ba02ee3d26158274678eefc7bcdf74.jpg,,0,0,no_caries,no_caries,0.6864,0.6864,0.05383,0.18912,0.07064
crops/hibogi_ai_02464_png_4.jpg,hibogi_ai_02464_png,HIBOGI_AI_02464_png_jpg.rf.31ba02ee3d26158274678eefc7bcdf74.jpg,,0,0,no_caries,no_caries,0.6271,0.62712,0.08702,0.2429,0.04297
crops/hibogi_ai_02464_png_5.jpg,hibogi_ai_02464_png,HIBOGI_AI_02464_png_jpg.rf.31ba02ee3d26158274678eefc7bcdf74.jpg,,0,0,no_caries,no_caries,0.7371,0.73712,0.15465,0.05138,0.05684
crops/hibogi_ai_02464_png_6.jpg,hibogi_ai_02464_png,HIBOGI_AI_02464_png_jpg.rf.31ba02ee3d26158274678eefc7bcdf74.jpg,,0,0,no_caries,no_caries,0.6693,0.66931,0.18319,0.05801,0.08949
crops/hibogi_ai_02464_png_7.jpg,hibogi_ai_02464_png,HIBOGI_AI_02464_png_jpg.rf.31ba02ee3d26158274678eefc7bcdf74.jpg,,0,0,no_caries,mild,0.5271,0.32503,0.52706,0.11071,0.0372
crops/hibogi_ai_02464_png_8.jpg,hibogi_ai_02464_png,HIBOGI_AI_02464_png_jpg.rf.31ba02ee3d26158274678eefc7bcdf74.jpg,,0,0,no_caries,no_caries,0.5222,0.52223,0.28784,0.06228,0.12765
crops/hibogi_ai_02464_png_9.jpg,hibogi_ai_02464_png,HIBOGI_AI_02464_png_jpg.rf.31ba02ee3d26158274678eefc7bcdf74.jpg,,0,0,no_caries,no_caries,0.7701,0.77013,0.06655,0.11657,0.04676
crops/hibogi_ai_02464_png_10.jpg,hibogi_ai_02464_png,HIBOGI_AI_02464_png_jpg.rf.31ba02ee3d26158274678eefc7bcdf74.jpg,,0,0,no_caries,no_caries,0.8213,0.82126,0.08937,0.03974,0.04964
crops/hibogi_ai_02471_png_0.jpg,hibogi_ai_02471_png,HIBOGI_AI_02471_png_jpg.rf.debe911fb12357ef2a679d2c101d57a6.jpg,,0,0,no_caries,no_caries,0.4539,0.4539,0.29442,0.14662,0.10506
crops/hibogi_ai_02471_png_1.jpg,hibogi_ai_02471_png,HIBOGI_AI_02471_png_jpg.rf.debe911fb12357ef2a679d2c101d57a6.jpg,,0,0,no_caries,no_caries,0.6251,0.62512,0.14703,0.09773,0.13012
crops/hibogi_ai_02471_png_2.jpg,hibogi_ai_02471_png,HIBOGI_AI_02471_png_jpg.rf.debe911fb12357ef2a679d2c101d57a6.jpg,,0,0,no_caries,no_caries,0.6373,0.63728,0.21319,0.05402,0.09551
crops/hibogi_ai_02471_png_3.jpg,hibogi_ai_02471_png,HIBOGI_AI_02471_png_jpg.rf.debe911fb12357ef2a679d2c101d57a6.jpg,,0,0,no_caries,no_caries,0.839,0.83901,0.07007,0.03432,0.0566
crops/hibogi_ai_02471_png_4.jpg,hibogi_ai_02471_png,HIBOGI_AI_02471_png_jpg.rf.debe911fb12357ef2a679d2c101d57a6.jpg,,5,0,advanced,advanced,0.9122,0.02886,0.00717,0.05174,0.91223
crops/hibogi_ai_02471_png_5.jpg,hibogi_ai_02471_png,HIBOGI_AI_02471_png_jpg.rf.debe911fb12357ef2a679d2c101d57a6.jpg,,5,0,advanced,advanced,0.8963,0.04383,0.01497,0.04492,0.89629
crops/hibogi_ai_02471_png_6.jpg,hibogi_ai_02471_png,HIBOGI_AI_02471_png_jpg.rf.debe911fb12357ef2a679d2c101d57a6.jpg,,0,0,no_caries,no_caries,0.8584,0.85836,0.04913,0.04301,0.0495
crops/hibogi_ai_02471_png_7.jpg,hibogi_ai_02471_png,HIBOGI_AI_02471_png_jpg.rf.debe911fb12357ef2a679d2c101d57a6.jpg,,0,0,no_caries,no_caries,0.7814,0.78136,0.12427,0.03099,0.06338
crops/hibogi_ai_02471_png_8.jpg,hibogi_ai_02471_png,HIBOGI_AI_02471_png_jpg.rf.debe911fb12357ef2a679d2c101d57a6.jpg,,1,0,mild,no_caries,0.5854,0.58538,0.2968,0.04586,0.07197
crops/hibogi_ai_02471_png_9.jpg,hibogi_ai_02471_png,HIBOGI_AI_02471_png_jpg.rf.debe911fb12357ef2a679d2c101d57a6.jpg,,2,0,mild,no_caries,0.4595,0.45953,0.39046,0.10925,0.04075
crops/hibogi_ai_02496_png_0.jpg,hibogi_ai_02496_png,HIBOGI_AI_02496_png_jpg.rf.a0d34afecdd4ee25e6351c9b362127bd.jpg,,3,0,moderate,advanced,0.7188,0.04973,0.17996,0.05153,0.71878
crops/hibogi_ai_02496_png_1.jpg,hibogi_ai_02496_png,HIBOGI_AI_02496_png_jpg.rf.a0d34afecdd4ee25e6351c9b362127bd.jpg,,0,0,no_caries,no_caries,0.4933,0.49331,0.44019,0.03861,0.02789
crops/hibogi_ai_02496_png_2.jpg,hibogi_ai_02496_png,HIBOGI_AI_02496_png_jpg.rf.a0d34afecdd4ee25e6351c9b362127bd.jpg,,5,0,advanced,advanced,0.9762,0.00528,0.00823,0.01031,0.97617
crops/hibogi_ai_02496_png_3.jpg,hibogi_ai_02496_png,HIBOGI_AI_02496_png_jpg.rf.a0d34afecdd4ee25e6351c9b362127bd.jpg,,6,0,advanced,advanced,0.9324,0.01208,0.02638,0.02912,0.93243
crops/hibogi_ai_02496_png_4.jpg,hibogi_ai_02496_png,HIBOGI_AI_02496_png_jpg.rf.a0d34afecdd4ee25e6351c9b362127bd.jpg,,6,0,advanced,advanced,0.9257,0.01799,0.0311,0.02522,0.92569
crops/hibogi_ai_02496_png_5.jpg,hibogi_ai_02496_png,HIBOGI_AI_02496_png_jpg.rf.a0d34afecdd4ee25e6351c9b362127bd.jpg,,6,0,advanced,advanced,0.6294,0.16588,0.0238,0.18091,0.62941
crops/hibogi_ai_02496_png_6.jpg,hibogi_ai_02496_png,HIBOGI_AI_02496_png_jpg.rf.a0d34afecdd4ee25e6351c9b362127bd.jpg,,6,0,advanced,advanced,0.9699,0.00735,0.00736,0.01536,0.96993
crops/hibogi_ai_02496_png_7.jpg,hibogi_ai_02496_png,HIBOGI_AI_02496_png_jpg.rf.a0d34afecdd4ee25e6351c9b362127bd.jpg,,2,0,mild,mild,0.8209,0.05207,0.82094,0.09189,0.0351
crops/hibogi_ai_02496_png_8.jpg,hibogi_ai_02496_png,HIBOGI_AI_02496_png_jpg.rf.a0d34afecdd4ee25e6351c9b362127bd.jpg,,2,0,mild,mild,0.9115,0.02788,0.91155,0.04835,0.01222
crops/hibogi_ai_02503_png_0.jpg,hibogi_ai_02503_png,HIBOGI_AI_02503_png_jpg.rf.6a9dc607faf1bbb9a5141d1497232a0b.jpg,,4,0,moderate,no_caries,0.4869,0.48691,0.04458,0.41771,0.0508
crops/hibogi_ai_02503_png_1.jpg,hibogi_ai_02503_png,HIBOGI_AI_02503_png_jpg.rf.6a9dc607faf1bbb9a5141d1497232a0b.jpg,,0,0,no_caries,no_caries,0.6714,0.6714,0.21514,0.06986,0.0436
crops/hibogi_ai_02503_png_2.jpg,hibogi_ai_02503_png,HIBOGI_AI_02503_png_jpg.rf.6a9dc607faf1bbb9a5141d1497232a0b.jpg,,0,0,no_caries,mild,0.8337,0.1346,0.83367,0.02339,0.00834
crops/hibogi_ai_02503_png_3.jpg,hibogi_ai_02503_png,HIBOGI_AI_02503_png_jpg.rf.6a9dc607faf1bbb9a5141d1497232a0b.jpg,,5,0,advanced,advanced,0.9872,0.00289,0.00446,0.00549,0.98716
crops/hibogi_ai_02503_png_4.jpg,hibogi_ai_02503_png,HIBOGI_AI_02503_png_jpg.rf.6a9dc607faf1bbb9a5141d1497232a0b.jpg,,5,0,advanced,moderate,0.8928,0.00614,0.0043,0.89276,0.0968
crops/hibogi_ai_02503_png_5.jpg,hibogi_ai_02503_png,HIBOGI_AI_02503_png_jpg.rf.6a9dc607faf1bbb9a5141d1497232a0b.jpg,,2,0,mild,moderate,0.88,0.01805,0.01982,0.88004,0.08209
crops/hibogi_ai_02503_png_6.jpg,hibogi_ai_02503_png,HIBOGI_AI_02503_png_jpg.rf.6a9dc607faf1bbb9a5141d1497232a0b.jpg,,0,0,no_caries,mild,0.6128,0.178,0.61283,0.19039,0.01878
crops/hibogi_ai_02503_png_7.jpg,hibogi_ai_02503_png,HIBOGI_AI_02503_png_jpg.rf.6a9dc607faf1bbb9a5141d1497232a0b.jpg,,4,0,moderate,moderate,0.6391,0.26783,0.06418,0.63911,0.02888
crops/hibogi_ai_02503_png_8.jpg,hibogi_ai_02503_png,HIBOGI_AI_02503_png_jpg.rf.6a9dc607faf1bbb9a5141d1497232a0b.jpg,,5,0,advanced,advanced,0.6546,0.07508,0.20935,0.06092,0.65465
crops/hibogi_ai_02503_png_9.jpg,hibogi_ai_02503_png,HIBOGI_AI_02503_png_jpg.rf.6a9dc607faf1bbb9a5141d1497232a0b.jpg,,0,0,no_caries,no_caries,0.8256,0.82557,0.03445,0.05743,0.08256
crops/hibogi_ai_02503_png_10.jpg,hibogi_ai_02503_png,HIBOGI_AI_02503_png_jpg.rf.6a9dc607faf1bbb9a5141d1497232a0b.jpg,,0,0,no_caries,no_caries,0.7828,0.78282,0.02193,0.12715,0.0681
crops/hibogi_ai_02503_png_11.jpg,hibogi_ai_02503_png,HIBOGI_AI_02503_png_jpg.rf.6a9dc607faf1bbb9a5141d1497232a0b.jpg,,0,0,no_caries,no_caries,0.7584,0.75844,0.10855,0.09636,0.03665
crops/hibogi_ai_02503_png_12.jpg,hibogi_ai_02503_png,HIBOGI_AI_02503_png_jpg.rf.6a9dc607faf1bbb9a5141d1497232a0b.jpg,,0,0,no_caries,no_caries,0.912,0.91197,0.02528,0.02421,0.03855
crops/hibogi_ai_02503_png_13.jpg,hibogi_ai_02503_png,HIBOGI_AI_02503_png_jpg.rf.6a9dc607faf1bbb9a5141d1497232a0b.jpg,,0,0,no_caries,mild,0.5002,0.43929,0.50018,0.03213,0.02839
crops/hibogi_ai_02503_png_14.jpg,hibogi_ai_02503_png,HIBOGI_AI_02503_png_jpg.rf.6a9dc607faf1bbb9a5141d1497232a0b.jpg,,0,0,no_caries,no_caries,0.7932,0.79316,0.09251,0.04709,0.06725
crops/hibogi_ai_02509_png_0.jpg,hibogi_ai_02509_png,HIBOGI_AI_02509_png_jpg.rf.28ba07e2e3666c4ebb52b189b79afcfd.jpg,,0,0,no_caries,no_caries,0.6735,0.67351,0.07256,0.07063,0.1833
crops/hibogi_ai_02509_png_1.jpg,hibogi_ai_02509_png,HIBOGI_AI_02509_png_jpg.rf.28ba07e2e3666c4ebb52b189b79afcfd.jpg,,0,0,no_caries,no_caries,0.7838,0.78379,0.04068,0.1223,0.05323
crops/hibogi_ai_02509_png_2.jpg,hibogi_ai_02509_png,HIBOGI_AI_02509_png_jpg.rf.28ba07e2e3666c4ebb52b189b79afcfd.jpg,,5,0,advanced,moderate,0.4763,0.16174,0.02403,0.47628,0.33794
crops/hibogi_ai_02509_png_3.jpg,hibogi_ai_02509_png,HIBOGI_AI_02509_png_jpg.rf.28ba07e2e3666c4ebb52b189b79afcfd.jpg,,5,0,advanced,advanced,0.9219,0.00471,0.00176,0.07164,0.9219
crops/hibogi_ai_02509_png_4.jpg,hibogi_ai_02509_png,HIBOGI_AI_02509_png_jpg.rf.28ba07e2e3666c4ebb52b189b79afcfd.jpg,,0,0,no_caries,no_caries,0.6219,0.62191,0.16723,0.14841,0.06246
crops/hibogi_ai_02509_png_5.jpg,hibogi_ai_02509_png,HIBOGI_AI_02509_png_jpg.rf.28ba07e2e3666c4ebb52b189b79afcfd.jpg,,0,0,no_caries,no_caries,0.7064,0.70636,0.11922,0.08893,0.08549
crops/hibogi_ai_02509_png_6.jpg,hibogi_ai_02509_png,HIBOGI_AI_02509_png_jpg.rf.28ba07e2e3666c4ebb52b189b79afcfd.jpg,,0,0,no_caries,no_caries,0.6308,0.63078,0.16733,0.1181,0.0838
crops/hibogi_ai_02509_png_7.jpg,hibogi_ai_02509_png,HIBOGI_AI_02509_png_jpg.rf.28ba07e2e3666c4ebb52b189b79afcfd.jpg,,0,0,no_caries,no_caries,0.7398,0.73984,0.06495,0.10168,0.09352
crops/hibogi_ai_02509_png_8.jpg,hibogi_ai_02509_png,HIBOGI_AI_02509_png_jpg.rf.28ba07e2e3666c4ebb52b189b79afcfd.jpg,,0,0,no_caries,no_caries,0.8236,0.82361,0.02255,0.07945,0.07438
crops/hibogi_ai_02509_png_9.jpg,hibogi_ai_02509_png,HIBOGI_AI_02509_png_jpg.rf.28ba07e2e3666c4ebb52b189b79afcfd.jpg,,0,0,no_caries,no_caries,0.7798,0.77978,0.06594,0.0766,0.07767
crops/hibogi_ai_02509_png_10.jpg,hibogi_ai_02509_png,HIBOGI_AI_02509_png_jpg.rf.28ba07e2e3666c4ebb52b189b79afcfd.jpg,,0,0,no_caries,no_caries,0.8954,0.8954,0.02515,0.0319,0.04754
crops/hibogi_ai_02509_png_11.jpg,hibogi_ai_02509_png,HIBOGI_AI_02509_png_jpg.rf.28ba07e2e3666c4ebb52b189b79afcfd.jpg,,0,0,no_caries,no_caries,0.881,0.88097,0.03911,0.03092,0.049
crops/hibogi_ai_02509_png_12.jpg,hibogi_ai_02509_png,HIBOGI_AI_02509_png_jpg.rf.28ba07e2e3666c4ebb52b189b79afcfd.jpg,,0,0,no_caries,no_caries,0.757,0.75703,0.10607,0.06029,0.07661
crops/hibogi_ai_02509_png_13.jpg,hibogi_ai_02509_png,HIBOGI_AI_02509_png_jpg.rf.28ba07e2e3666c4ebb52b189b79afcfd.jpg,,0,0,no_caries,no_caries,0.6545,0.65447,0.15963,0.04342,0.14248
crops/hibogi_ai_02509_png_14.jpg,hibogi_ai_02509_png,HIBOGI_AI_02509_png_jpg.rf.28ba07e2e3666c4ebb52b189b79afcfd.jpg,,0,0,no_caries,no_caries,0.4046,0.40464,0.16926,0.38766,0.03844
crops/hibogi_ai_02513_png_0.jpg,hibogi_ai_02513_png,HIBOGI_AI_02513_png_jpg.rf.8b2f5876d88416c8e6e82c4f854394bd.jpg,,0,0,no_caries,no_caries,0.8877,0.88772,0.03625,0.03834,0.03769
crops/hibogi_ai_02513_png_1.jpg,hibogi_ai_02513_png,HIBOGI_AI_02513_png_jpg.rf.8b2f5876d88416c8e6e82c4f854394bd.jpg,,5,0,advanced,advanced,0.5524,0.00315,0.01581,0.42864,0.5524
crops/hibogi_ai_02513_png_2.jpg,hibogi_ai_02513_png,HIBOGI_AI_02513_png_jpg.rf.8b2f5876d88416c8e6e82c4f854394bd.jpg,,5,0,advanced,moderate,0.492,0.01683,0.23463,0.49204,0.25649
crops/hibogi_ai_02513_png_3.jpg,hibogi_ai_02513_png,HIBOGI_AI_02513_png_jpg.rf.8b2f5876d88416c8e6e82c4f854394bd.jpg,,5,0,advanced,advanced,0.9003,0.01031,0.01726,0.07214,0.90029
crops/hibogi_ai_02513_png_4.jpg,hibogi_ai_02513_png,HIBOGI_AI_02513_png_jpg.rf.8b2f5876d88416c8e6e82c4f854394bd.jpg,,0,0,no_caries,no_caries,0.738,0.73798,0.12595,0.06099,0.07508
crops/hibogi_ai_02513_png_5.jpg,hibogi_ai_02513_png,HIBOGI_AI_02513_png_jpg.rf.8b2f5876d88416c8e6e82c4f854394bd.jpg,,0,0,no_caries,no_caries,0.8585,0.85853,0.05904,0.06167,0.02077
crops/hibogi_ai_02513_png_6.jpg,hibogi_ai_02513_png,HIBOGI_AI_02513_png_jpg.rf.8b2f5876d88416c8e6e82c4f854394bd.jpg,,0,0,no_caries,no_caries,0.6289,0.6289,0.1414,0.14415,0.08555
crops/hibogi_ai_02532_png_0.jpg,hibogi_ai_02532_png,HIBOGI_AI_02532_png_jpg.rf.4e902ca9864a34c1f90c65c272727cdd.jpg,,2,0,mild,moderate,0.4004,0.06662,0.34576,0.40042,0.1872
crops/hibogi_ai_02532_png_1.jpg,hibogi_ai_02532_png,HIBOGI_AI_02532_png_jpg.rf.4e902ca9864a34c1f90c65c272727cdd.jpg,,6,0,advanced,advanced,0.965,0.00702,0.01046,0.01755,0.96497
crops/hibogi_ai_02532_png_2.jpg,hibogi_ai_02532_png,HIBOGI_AI_02532_png_jpg.rf.4e902ca9864a34c1f90c65c272727cdd.jpg,,0,0,no_caries,no_caries,0.8338,0.83378,0.04521,0.05451,0.0665
crops/hibogi_ai_02532_png_3.jpg,hibogi_ai_02532_png,HIBOGI_AI_02532_png_jpg.rf.4e902ca9864a34c1f90c65c272727cdd.jpg,,1,0,mild,mild,0.6866,0.27367,0.68655,0.01777,0.02201
crops/hibogi_ai_02532_png_4.jpg,hibogi_ai_02532_png,HIBOGI_AI_02532_png_jpg.rf.4e902ca9864a34c1f90c65c272727cdd.jpg,,0,0,no_caries,no_caries,0.6425,0.64251,0.05317,0.25635,0.04797
crops/hibogi_ai_02532_png_5.jpg,hibogi_ai_02532_png,HIBOGI_AI_02532_png_jpg.rf.4e902ca9864a34c1f90c65c272727cdd.jpg,,0,0,no_caries,no_caries,0.7278,0.72779,0.0433,0.16038,0.06854
crops/hibogi_ai_02532_png_6.jpg,hibogi_ai_02532_png,HIBOGI_AI_02532_png_jpg.rf.4e902ca9864a34c1f90c65c272727cdd.jpg,,0,0,no_caries,no_caries,0.5405,0.54051,0.32127,0.08047,0.05776
crops/hibogi_ai_02532_png_7.jpg,hibogi_ai_02532_png,HIBOGI_AI_02532_png_jpg.rf.4e902ca9864a34c1f90c65c272727cdd.jpg,,0,0,no_caries,moderate,0.6073,0.15203,0.22667,0.60727,0.01403
crops/hibogi_ai_02532_png_8.jpg,hibogi_ai_02532_png,HIBOGI_AI_02532_png_jpg.rf.4e902ca9864a34c1f90c65c272727cdd.jpg,,6,0,advanced,advanced,0.9662,0.00615,0.01333,0.01437,0.96615
crops/hibogi_ai_02532_png_9.jpg,hibogi_ai_02532_png,HIBOGI_AI_02532_png_jpg.rf.4e902ca9864a34c1f90c65c272727cdd.jpg,,6,0,advanced,advanced,0.5554,0.01493,0.02584,0.40383,0.55539
crops/hibogi_ai_02545_png_0.jpg,hibogi_ai_02545_png,HIBOGI_AI_02545_png_jpg.rf.51cfa2a88e70d88bf7b050cd59078c73.jpg,,1,0,mild,no_caries,0.5715,0.57149,0.14281,0.25097,0.03473
crops/hibogi_ai_02545_png_1.jpg,hibogi_ai_02545_png,HIBOGI_AI_02545_png_jpg.rf.51cfa2a88e70d88bf7b050cd59078c73.jpg,,0,0,no_caries,no_caries,0.701,0.70101,0.04034,0.15581,0.10284
crops/hibogi_ai_02545_png_2.jpg,hibogi_ai_02545_png,HIBOGI_AI_02545_png_jpg.rf.51cfa2a88e70d88bf7b050cd59078c73.jpg,,5,0,advanced,advanced,0.8837,0.02325,0.0243,0.06879,0.88366
crops/hibogi_ai_02545_png_3.jpg,hibogi_ai_02545_png,HIBOGI_AI_02545_png_jpg.rf.51cfa2a88e70d88bf7b050cd59078c73.jpg,,1,0,mild,moderate,0.5799,0.35132,0.02804,0.57991,0.04072
crops/hibogi_ai_02545_png_4.jpg,hibogi_ai_02545_png,HIBOGI_AI_02545_png_jpg.rf.51cfa2a88e70d88bf7b050cd59078c73.jpg,,0,0,no_caries,no_caries,0.772,0.77201,0.05727,0.09995,0.07077
crops/hibogi_ai_02545_png_5.jpg,hibogi_ai_02545_png,HIBOGI_AI_02545_png_jpg.rf.51cfa2a88e70d88bf7b050cd59078c73.jpg,,0,0,no_caries,no_caries,0.8484,0.84839,0.0223,0.08987,0.03944
crops/hibogi_ai_02545_png_6.jpg,hibogi_ai_02545_png,HIBOGI_AI_02545_png_jpg.rf.51cfa2a88e70d88bf7b050cd59078c73.jpg,,0,0,no_caries,no_caries,0.7529,0.75292,0.05694,0.11872,0.07143
crops/hibogi_ai_02545_png_7.jpg,hibogi_ai_02545_png,HIBOGI_AI_02545_png_jpg.rf.51cfa2a88e70d88bf7b050cd59078c73.jpg,,0,0,no_caries,moderate,0.6827,0.27031,0.02034,0.6827,0.02665
crops/hibogi_ai_02545_png_8.jpg,hibogi_ai_02545_png,HIBOGI_AI_02545_png_jpg.rf.51cfa2a88e70d88bf7b050cd59078c73.jpg,,1,0,mild,no_caries,0.7762,0.77616,0.06312,0.13553,0.0252
crops/hibogi_ai_02545_png_9.jpg,hibogi_ai_02545_png,HIBOGI_AI_02545_png_jpg.rf.51cfa2a88e70d88bf7b050cd59078c73.jpg,,1,0,mild,no_caries,0.6682,0.66825,0.08318,0.15268,0.09588
crops/hibogi_ai_02545_png_10.jpg,hibogi_ai_02545_png,HIBOGI_AI_02545_png_jpg.rf.51cfa2a88e70d88bf7b050cd59078c73.jpg,,0,0,no_caries,no_caries,0.5699,0.56987,0.02585,0.38312,0.02117
crops/hibogi_ai_02545_png_11.jpg,hibogi_ai_02545_png,HIBOGI_AI_02545_png_jpg.rf.51cfa2a88e70d88bf7b050cd59078c73.jpg,,0,0,no_caries,no_caries,0.6031,0.6031,0.07742,0.2783,0.04118
crops/hibogi_ai_02545_png_12.jpg,hibogi_ai_02545_png,HIBOGI_AI_02545_png_jpg.rf.51cfa2a88e70d88bf7b050cd59078c73.jpg,,0,0,no_caries,no_caries,0.4808,0.48078,0.06309,0.3899,0.06623
crops/hibogi_ai_02545_png_13.jpg,hibogi_ai_02545_png,HIBOGI_AI_02545_png_jpg.rf.51cfa2a88e70d88bf7b050cd59078c73.jpg,,0,0,no_caries,no_caries,0.8004,0.80039,0.0479,0.13541,0.01629
crops/hibogi_ai_02556_png_0.jpg,hibogi_ai_02556_png,HIBOGI_AI_02556_png_jpg.rf.7f65d98f7e71db3cbe476661eacc6e98.jpg,,5,0,advanced,advanced,0.571,0.11784,0.07859,0.23259,0.57097
crops/hibogi_ai_02556_png_1.jpg,hibogi_ai_02556_png,HIBOGI_AI_02556_png_jpg.rf.7f65d98f7e71db3cbe476661eacc6e98.jpg,,6,0,advanced,advanced,0.9307,0.00092,0.00598,0.0624,0.9307
crops/hibogi_ai_02556_png_2.jpg,hibogi_ai_02556_png,HIBOGI_AI_02556_png_jpg.rf.7f65d98f7e71db3cbe476661eacc6e98.jpg,,6,0,advanced,mild,0.5831,0.05725,0.58307,0.16134,0.19834
crops/hibogi_ai_02556_png_3.jpg,hibogi_ai_02556_png,HIBOGI_AI_02556_png_jpg.rf.7f65d98f7e71db3cbe476661eacc6e98.jpg,,6,0,advanced,mild,0.4645,0.16959,0.46453,0.09671,0.26917
crops/hibogi_ai_02556_png_4.jpg,hibogi_ai_02556_png,HIBOGI_AI_02556_png_jpg.rf.7f65d98f7e71db3cbe476661eacc6e98.jpg,,6,0,advanced,advanced,0.9645,0.00434,0.00402,0.02713,0.96451
crops/hibogi_ai_02556_png_5.jpg,hibogi_ai_02556_png,HIBOGI_AI_02556_png_jpg.rf.7f65d98f7e71db3cbe476661eacc6e98.jpg,,6,0,advanced,no_caries,0.504,0.504,0.16968,0.14712,0.17919
crops/hibogi_ai_02556_png_6.jpg,hibogi_ai_02556_png,HIBOGI_AI_02556_png_jpg.rf.7f65d98f7e71db3cbe476661eacc6e98.jpg,,6,0,advanced,advanced,0.9768,0.00247,0.01183,0.00889,0.97681
crops/hibogi_ai_02556_png_7.jpg,hibogi_ai_02556_png,HIBOGI_AI_02556_png_jpg.rf.7f65d98f7e71db3cbe476661eacc6e98.jpg,,5,0,advanced,mild,0.6953,0.02803,0.69526,0.23023,0.04648
crops/hibogi_ai_02556_png_8.jpg,hibogi_ai_02556_png,HIBOGI_AI_02556_png_jpg.rf.7f65d98f7e71db3cbe476661eacc6e98.jpg,,5,0,advanced,advanced,0.6084,0.13705,0.05318,0.20133,0.60845
crops/hibogi_ai_02556_png_9.jpg,hibogi_ai_02556_png,HIBOGI_AI_02556_png_jpg.rf.7f65d98f7e71db3cbe476661eacc6e98.jpg,,6,0,advanced,advanced,0.9482,0.00431,0.02835,0.01918,0.94816
crops/hibogi_ai_02558_png_0.jpg,hibogi_ai_02558_png,HIBOGI_AI_02558_png_jpg.rf.de1641562caaecec7bdf60f3a6958aef.jpg,,5,0,advanced,advanced,0.8946,0.03285,0.0418,0.03077,0.89458
crops/hibogi_ai_02558_png_1.jpg,hibogi_ai_02558_png,HIBOGI_AI_02558_png_jpg.rf.de1641562caaecec7bdf60f3a6958aef.jpg,,5,0,advanced,advanced,0.5094,0.09418,0.07195,0.32443,0.50944
crops/hibogi_ai_02558_png_2.jpg,hibogi_ai_02558_png,HIBOGI_AI_02558_png_jpg.rf.de1641562caaecec7bdf60f3a6958aef.jpg,,5,0,advanced,moderate,0.7033,0.10332,0.03267,0.70331,0.1607
crops/hibogi_ai_02558_png_3.jpg,hibogi_ai_02558_png,HIBOGI_AI_02558_png_jpg.rf.de1641562caaecec7bdf60f3a6958aef.jpg,,0,0,no_caries,no_caries,0.8287,0.82865,0.05062,0.05159,0.06914
crops/hibogi_ai_02558_png_4.jpg,hibogi_ai_02558_png,HIBOGI_AI_02558_png_jpg.rf.de1641562caaecec7bdf60f3a6958aef.jpg,,0,0,no_caries,no_caries,0.6283,0.62831,0.23077,0.11498,0.02594
crops/hibogi_ai_02558_png_5.jpg,hibogi_ai_02558_png,HIBOGI_AI_02558_png_jpg.rf.de1641562caaecec7bdf60f3a6958aef.jpg,,0,0,no_caries,no_caries,0.7541,0.75408,0.09062,0.09068,0.06462
crops/hibogi_ai_02558_png_6.jpg,hibogi_ai_02558_png,HIBOGI_AI_02558_png_jpg.rf.de1641562caaecec7bdf60f3a6958aef.jpg,,0,0,no_caries,no_caries,0.6453,0.64525,0.14243,0.13327,0.07904
crops/hibogi_ai_02558_png_7.jpg,hibogi_ai_02558_png,HIBOGI_AI_02558_png_jpg.rf.de1641562caaecec7bdf60f3a6958aef.jpg,,0,0,no_caries,no_caries,0.5738,0.57382,0.18956,0.19121,0.04541
crops/hibogi_ai_02558_png_8.jpg,hibogi_ai_02558_png,HIBOGI_AI_02558_png_jpg.rf.de1641562caaecec7bdf60f3a6958aef.jpg,,0,0,no_caries,no_caries,0.7703,0.77033,0.11786,0.06142,0.05039
crops/hibogi_ai_02561_png_0.jpg,hibogi_ai_02561_png,HIBOGI_AI_02561_png_jpg.rf.c2e3ced79a94ff5afdf82af9e148d75b.jpg,,0,0,no_caries,no_caries,0.7033,0.70325,0.17105,0.07032,0.05538
crops/hibogi_ai_02561_png_1.jpg,hibogi_ai_02561_png,HIBOGI_AI_02561_png_jpg.rf.c2e3ced79a94ff5afdf82af9e148d75b.jpg,,4,0,moderate,no_caries,0.7086,0.70857,0.16222,0.10149,0.02772
crops/hibogi_ai_02561_png_2.jpg,hibogi_ai_02561_png,HIBOGI_AI_02561_png_jpg.rf.c2e3ced79a94ff5afdf82af9e148d75b.jpg,,0,0,no_caries,no_caries,0.8404,0.84045,0.07997,0.0567,0.02288
crops/hibogi_ai_02561_png_3.jpg,hibogi_ai_02561_png,HIBOGI_AI_02561_png_jpg.rf.c2e3ced79a94ff5afdf82af9e148d75b.jpg,,0,0,no_caries,no_caries,0.6005,0.60054,0.05078,0.30488,0.0438
crops/hibogi_ai_02561_png_4.jpg,hibogi_ai_02561_png,HIBOGI_AI_02561_png_jpg.rf.c2e3ced79a94ff5afdf82af9e148d75b.jpg,,0,0,no_caries,no_caries,0.5132,0.51319,0.06225,0.37646,0.04809
crops/hibogi_ai_02561_png_5.jpg,hibogi_ai_02561_png,HIBOGI_AI_02561_png_jpg.rf.c2e3ced79a94ff5afdf82af9e148d75b.jpg,,0,0,no_caries,no_caries,0.5401,0.54012,0.08563,0.31343,0.06081
crops/hibogi_ai_02561_png_6.jpg,hibogi_ai_02561_png,HIBOGI_AI_02561_png_jpg.rf.c2e3ced79a94ff5afdf82af9e148d75b.jpg,,0,0,no_caries,moderate,0.5733,0.34569,0.03302,0.57326,0.04804
crops/hibogi_ai_02561_png_7.jpg,hibogi_ai_02561_png,HIBOGI_AI_02561_png_jpg.rf.c2e3ced79a94ff5afdf82af9e148d75b.jpg,,0,0,no_caries,no_caries,0.893,0.89296,0.06261,0.03017,0.01426
crops/hibogi_ai_02561_png_8.jpg,hibogi_ai_02561_png,HIBOGI_AI_02561_png_jpg.rf.c2e3ced79a94ff5afdf82af9e148d75b.jpg,,0,0,no_caries,mild,0.5588,0.35274,0.55881,0.05052,0.03793
crops/hibogi_ai_02575_png_0.jpg,hibogi_ai_02575_png,HIBOGI_AI_02575_png_jpg.rf.3b08c5ca7c661cf921562bdeb78bbba4.jpg,,5,0,advanced,moderate,0.8911,0.00351,0.00488,0.89108,0.10053
crops/hibogi_ai_02575_png_1.jpg,hibogi_ai_02575_png,HIBOGI_AI_02575_png_jpg.rf.3b08c5ca7c661cf921562bdeb78bbba4.jpg,,1,0,mild,moderate,0.848,0.01453,0.045,0.84796,0.09251
crops/hibogi_ai_02575_png_2.jpg,hibogi_ai_02575_png,HIBOGI_AI_02575_png_jpg.rf.3b08c5ca7c661cf921562bdeb78bbba4.jpg,,0,0,no_caries,no_caries,0.8132,0.81324,0.06897,0.06833,0.04947
crops/hibogi_ai_02575_png_3.jpg,hibogi_ai_02575_png,HIBOGI_AI_02575_png_jpg.rf.3b08c5ca7c661cf921562bdeb78bbba4.jpg,,0,0,no_caries,no_caries,0.7415,0.74146,0.05277,0.115,0.09078
crops/hibogi_ai_02575_png_4.jpg,hibogi_ai_02575_png,HIBOGI_AI_02575_png_jpg.rf.3b08c5ca7c661cf921562bdeb78bbba4.jpg,,0,0,no_caries,no_caries,0.8109,0.81092,0.09262,0.06231,0.03416
crops/hibogi_ai_02575_png_5.jpg,hibogi_ai_02575_png,HIBOGI_AI_02575_png_jpg.rf.3b08c5ca7c661cf921562bdeb78bbba4.jpg,,0,0,no_caries,no_caries,0.6965,0.69649,0.06184,0.14727,0.0944
crops/hibogi_ai_02575_png_6.jpg,hibogi_ai_02575_png,HIBOGI_AI_02575_png_jpg.rf.3b08c5ca7c661cf921562bdeb78bbba4.jpg,,0,0,no_caries,no_caries,0.704,0.70396,0.01867,0.22731,0.05006
crops/hibogi_ai_02575_png_7.jpg,hibogi_ai_02575_png,HIBOGI_AI_02575_png_jpg.rf.3b08c5ca7c661cf921562bdeb78bbba4.jpg,,0,0,no_caries,no_caries,0.7103,0.71031,0.04763,0.20436,0.03771
crops/hibogi_ai_02575_png_8.jpg,hibogi_ai_02575_png,HIBOGI_AI_02575_png_jpg.rf.3b08c5ca7c661cf921562bdeb78bbba4.jpg,,0,0,no_caries,mild,0.5747,0.29888,0.57465,0.10063,0.02583
crops/hibogi_ai_02575_png_9.jpg,hibogi_ai_02575_png,HIBOGI_AI_02575_png_jpg.rf.3b08c5ca7c661cf921562bdeb78bbba4.jpg,,0,0,no_caries,moderate,0.5127,0.17507,0.26707,0.51274,0.04512
crops/hibogi_ai_02598_png_0.jpg,hibogi_ai_02598_png,HIBOGI_AI_02598_png_jpg.rf.e6d90c94c5023885defc8dce9f6bc2f6.jpg,,0,0,no_caries,no_caries,0.5802,0.58025,0.24166,0.13798,0.04011
crops/hibogi_ai_02598_png_1.jpg,hibogi_ai_02598_png,HIBOGI_AI_02598_png_jpg.rf.e6d90c94c5023885defc8dce9f6bc2f6.jpg,,0,0,no_caries,no_caries,0.8261,0.82606,0.09537,0.05358,0.02499
crops/hibogi_ai_02598_png_2.jpg,hibogi_ai_02598_png,HIBOGI_AI_02598_png_jpg.rf.e6d90c94c5023885defc8dce9f6bc2f6.jpg,,0,0,no_caries,no_caries,0.8686,0.86858,0.05472,0.03383,0.04287
crops/hibogi_ai_02598_png_3.jpg,hibogi_ai_02598_png,HIBOGI_AI_02598_png_jpg.rf.e6d90c94c5023885defc8dce9f6bc2f6.jpg,,0,0,no_caries,no_caries,0.8093,0.80934,0.13545,0.02588,0.02933
crops/hibogi_ai_02598_png_4.jpg,hibogi_ai_02598_png,HIBOGI_AI_02598_png_jpg.rf.e6d90c94c5023885defc8dce9f6bc2f6.jpg,,0,0,no_caries,no_caries,0.862,0.86202,0.02728,0.07009,0.04061
crops/hibogi_ai_02598_png_5.jpg,hibogi_ai_02598_png,HIBOGI_AI_02598_png_jpg.rf.e6d90c94c5023885defc8dce9f6bc2f6.jpg,,0,0,no_caries,no_caries,0.77,0.76998,0.06504,0.11222,0.05276
crops/hibogi_ai_02598_png_6.jpg,hibogi_ai_02598_png,HIBOGI_AI_02598_png_jpg.rf.e6d90c94c5023885defc8dce9f6bc2f6.jpg,,0,0,no_caries,no_caries,0.8846,0.88461,0.01677,0.03469,0.06393
crops/hibogi_ai_02598_png_7.jpg,hibogi_ai_02598_png,HIBOGI_AI_02598_png_jpg.rf.e6d90c94c5023885defc8dce9f6bc2f6.jpg,,0,0,no_caries,no_caries,0.7498,0.7498,0.09102,0.0444,0.11478
crops/hibogi_ai_02598_png_8.jpg,hibogi_ai_02598_png,HIBOGI_AI_02598_png_jpg.rf.e6d90c94c5023885defc8dce9f6bc2f6.jpg,,0,0,no_caries,no_caries,0.8658,0.86577,0.04945,0.04595,0.03882
crops/hibogi_ai_02598_png_9.jpg,hibogi_ai_02598_png,HIBOGI_AI_02598_png_jpg.rf.e6d90c94c5023885defc8dce9f6bc2f6.jpg,,0,0,no_caries,no_caries,0.7748,0.77482,0.07875,0.08935,0.05707
crops/hibogi_ai_02598_png_10.jpg,hibogi_ai_02598_png,HIBOGI_AI_02598_png_jpg.rf.e6d90c94c5023885defc8dce9f6bc2f6.jpg,,0,0,no_caries,no_caries,0.8233,0.82334,0.04642,0.06542,0.06483
crops/hibogi_ai_02598_png_11.jpg,hibogi_ai_02598_png,HIBOGI_AI_02598_png_jpg.rf.e6d90c94c5023885defc8dce9f6bc2f6.jpg,,4,0,moderate,no_caries,0.3464,0.34636,0.33642,0.17596,0.14125
crops/hibogi_ai_02600_png_0.jpg,hibogi_ai_02600_png,HIBOGI_AI_02600_png_jpg.rf.dcb903ea53a63cbcecef730de4adcc02.jpg,,0,0,no_caries,no_caries,0.7825,0.78253,0.03017,0.12665,0.06065
crops/hibogi_ai_02600_png_1.jpg,hibogi_ai_02600_png,HIBOGI_AI_02600_png_jpg.rf.dcb903ea53a63cbcecef730de4adcc02.jpg,,0,0,no_caries,no_caries,0.8299,0.82994,0.02769,0.1116,0.03077
crops/hibogi_ai_02600_png_2.jpg,hibogi_ai_02600_png,HIBOGI_AI_02600_png_jpg.rf.dcb903ea53a63cbcecef730de4adcc02.jpg,,0,0,no_caries,no_caries,0.4811,0.48115,0.37909,0.1206,0.01916
crops/hibogi_ai_02600_png_3.jpg,hibogi_ai_02600_png,HIBOGI_AI_02600_png_jpg.rf.dcb903ea53a63cbcecef730de4adcc02.jpg,,0,0,no_caries,no_caries,0.8348,0.83478,0.05672,0.06604,0.04246
crops/hibogi_ai_02600_png_4.jpg,hibogi_ai_02600_png,HIBOGI_AI_02600_png_jpg.rf.dcb903ea53a63cbcecef730de4adcc02.jpg,,0,0,no_caries,mild,0.6772,0.0995,0.67717,0.16724,0.05609
crops/hibogi_ai_02600_png_5.jpg,hibogi_ai_02600_png,HIBOGI_AI_02600_png_jpg.rf.dcb903ea53a63cbcecef730de4adcc02.jpg,,0,0,no_caries,moderate,0.5264,0.16933,0.28675,0.5264,0.01752
crops/hibogi_ai_02600_png_6.jpg,hibogi_ai_02600_png,HIBOGI_AI_02600_png_jpg.rf.dcb903ea53a63cbcecef730de4adcc02.jpg,,0,0,no_caries,mild,0.4453,0.37786,0.44527,0.14536,0.03151
crops/hibogi_ai_02600_png_7.jpg,hibogi_ai_02600_png,HIBOGI_AI_02600_png_jpg.rf.dcb903ea53a63cbcecef730de4adcc02.jpg,,0,0,no_caries,no_caries,0.8201,0.82009,0.10115,0.03388,0.04488
crops/hibogi_ai_02600_png_8.jpg,hibogi_ai_02600_png,HIBOGI_AI_02600_png_jpg.rf.dcb903ea53a63cbcecef730de4adcc02.jpg,,0,0,no_caries,no_caries,0.8592,0.85918,0.04653,0.05076,0.04354
crops/hibogi_ai_02600_png_9.jpg,hibogi_ai_02600_png,HIBOGI_AI_02600_png_jpg.rf.dcb903ea53a63cbcecef730de4adcc02.jpg,,0,0,no_caries,no_caries,0.8651,0.86513,0.03447,0.04578,0.05461
crops/hibogi_ai_02600_png_10.jpg,hibogi_ai_02600_png,HIBOGI_AI_02600_png_jpg.rf.dcb903ea53a63cbcecef730de4adcc02.jpg,,0,0,no_caries,no_caries,0.8488,0.8488,0.02473,0.10746,0.01901
crops/hibogi_ai_02600_png_11.jpg,hibogi_ai_02600_png,HIBOGI_AI_02600_png_jpg.rf.dcb903ea53a63cbcecef730de4adcc02.jpg,,0,0,no_caries,no_caries,0.7075,0.70753,0.18005,0.07178,0.04064
crops/hibogi_ai_02600_png_12.jpg,hibogi_ai_02600_png,HIBOGI_AI_02600_png_jpg.rf.dcb903ea53a63cbcecef730de4adcc02.jpg,,5,0,advanced,mild,0.4736,0.12073,0.47362,0.38731,0.01835
crops/hibogi_ai_02600_png_13.jpg,hibogi_ai_02600_png,HIBOGI_AI_02600_png_jpg.rf.dcb903ea53a63cbcecef730de4adcc02.jpg,,2,0,mild,mild,0.5511,0.086,0.55111,0.34603,0.01686
crops/hibogi_ai_02629_png_0.jpg,hibogi_ai_02629_png,HIBOGI_AI_02629_png_jpg.rf.c763d1370dccbe9c6266ec6cb8a1570e.jpg,,0,0,no_caries,mild,0.6081,0.2739,0.60809,0.09127,0.02674
crops/hibogi_ai_02629_png_1.jpg,hibogi_ai_02629_png,HIBOGI_AI_02629_png_jpg.rf.c763d1370dccbe9c6266ec6cb8a1570e.jpg,,0,0,no_caries,no_caries,0.7175,0.71748,0.14324,0.04993,0.08935
crops/hibogi_ai_02629_png_2.jpg,hibogi_ai_02629_png,HIBOGI_AI_02629_png_jpg.rf.c763d1370dccbe9c6266ec6cb8a1570e.jpg,,2,0,mild,moderate,0.5633,0.05537,0.21524,0.56335,0.16604
crops/hibogi_ai_02629_png_3.jpg,hibogi_ai_02629_png,HIBOGI_AI_02629_png_jpg.rf.c763d1370dccbe9c6266ec6cb8a1570e.jpg,,5,0,advanced,advanced,0.475,0.21481,0.22933,0.08082,0.47504
crops/hibogi_ai_02629_png_4.jpg,hibogi_ai_02629_png,HIBOGI_AI_02629_png_jpg.rf.c763d1370dccbe9c6266ec6cb8a1570e.jpg,,3,0,moderate,advanced,0.9302,0.00837,0.00981,0.0516,0.93023
crops/hibogi_ai_02629_png_5.jpg,hibogi_ai_02629_png,HIBOGI_AI_02629_png_jpg.rf.c763d1370dccbe9c6266ec6cb8a1570e.jpg,,5,0,advanced,advanced,0.9707,0.00446,0.00525,0.01959,0.9707
crops/hibogi_ai_02629_png_6.jpg,hibogi_ai_02629_png,HIBOGI_AI_02629_png_jpg.rf.c763d1370dccbe9c6266ec6cb8a1570e.jpg,,0,0,no_caries,no_caries,0.7487,0.74866,0.14659,0.04119,0.06356
crops/hibogi_ai_02629_png_7.jpg,hibogi_ai_02629_png,HIBOGI_AI_02629_png_jpg.rf.c763d1370dccbe9c6266ec6cb8a1570e.jpg,,0,0,no_caries,mild,0.3899,0.24168,0.38988,0.28494,0.08351
crops/hibogi_ai_02629_png_8.jpg,hibogi_ai_02629_png,HIBOGI_AI_02629_png_jpg.rf.c763d1370dccbe9c6266ec6cb8a1570e.jpg,,0,0,no_caries,moderate,0.429,0.21341,0.27218,0.42905,0.08536
crops/hibogi_ai_02629_png_9.jpg,hibogi_ai_02629_png,HIBOGI_AI_02629_png_jpg.rf.c763d1370dccbe9c6266ec6cb8a1570e.jpg,,0,0,no_caries,no_caries,0.6989,0.69886,0.11361,0.08923,0.0983
crops/hibogi_ai_02629_png_10.jpg,hibogi_ai_02629_png,HIBOGI_AI_02629_png_jpg.rf.c763d1370dccbe9c6266ec6cb8a1570e.jpg,,0,0,no_caries,no_caries,0.7471,0.74713,0.11061,0.09637,0.04589
crops/hibogi_ai_02629_png_11.jpg,hibogi_ai_02629_png,HIBOGI_AI_02629_png_jpg.rf.c763d1370dccbe9c6266ec6cb8a1570e.jpg,,0,0,no_caries,no_caries,0.9201,0.92006,0.02098,0.03887,0.02009
crops/hibogi_ai_02629_png_12.jpg,hibogi_ai_02629_png,HIBOGI_AI_02629_png_jpg.rf.c763d1370dccbe9c6266ec6cb8a1570e.jpg,,0,0,no_caries,no_caries,0.9,0.89999,0.04639,0.03651,0.01711
crops/hibogi_ai_02629_png_13.jpg,hibogi_ai_02629_png,HIBOGI_AI_02629_png_jpg.rf.c763d1370dccbe9c6266ec6cb8a1570e.jpg,,0,0,no_caries,no_caries,0.8899,0.88987,0.05722,0.02187,0.03104
crops/hibogi_ai_02629_png_14.jpg,hibogi_ai_02629_png,HIBOGI_AI_02629_png_jpg.rf.c763d1370dccbe9c6266ec6cb8a1570e.jpg,,0,0,no_caries,no_caries,0.7566,0.75664,0.13704,0.03862,0.06771
crops/hibogi_ai_02629_png_15.jpg,hibogi_ai_02629_png,HIBOGI_AI_02629_png_jpg.rf.c763d1370dccbe9c6266ec6cb8a1570e.jpg,,0,0,no_caries,no_caries,0.8318,0.8318,0.0373,0.07435,0.05656
crops/hibogi_ai_02629_png_16.jpg,hibogi_ai_02629_png,HIBOGI_AI_02629_png_jpg.rf.c763d1370dccbe9c6266ec6cb8a1570e.jpg,,0,0,no_caries,no_caries,0.7284,0.72843,0.1161,0.08238,0.07309
crops/hibogi_ai_02641_png_0.jpg,hibogi_ai_02641_png,HIBOGI_AI_02641_png_jpg.rf.b884c8d5b984f8096880e14cf0dbb6ad.jpg,,3,0,moderate,moderate,0.9918,0.00093,0.00232,0.99185,0.0049
crops/hibogi_ai_02641_png_1.jpg,hibogi_ai_02641_png,HIBOGI_AI_02641_png_jpg.rf.b884c8d5b984f8096880e14cf0dbb6ad.jpg,,0,0,no_caries,mild,0.7809,0.14612,0.78088,0.02871,0.04429
crops/hibogi_ai_02641_png_2.jpg,hibogi_ai_02641_png,HIBOGI_AI_02641_png_jpg.rf.b884c8d5b984f8096880e14cf0dbb6ad.jpg,,0,0,no_caries,mild,0.528,0.36024,0.52798,0.0752,0.03658
crops/hibogi_ai_02641_png_3.jpg,hibogi_ai_02641_png,HIBOGI_AI_02641_png_jpg.rf.b884c8d5b984f8096880e14cf0dbb6ad.jpg,,0,0,no_caries,no_caries,0.6816,0.68156,0.11418,0.11855,0.0857
crops/hibogi_ai_02641_png_4.jpg,hibogi_ai_02641_png,HIBOGI_AI_02641_png_jpg.rf.b884c8d5b984f8096880e14cf0dbb6ad.jpg,,0,0,no_caries,no_caries,0.7872,0.78721,0.08601,0.0748,0.05198
crops/hibogi_ai_02641_png_5.jpg,hibogi_ai_02641_png,HIBOGI_AI_02641_png_jpg.rf.b884c8d5b984f8096880e14cf0dbb6ad.jpg,,0,0,no_caries,no_caries,0.708,0.708,0.03933,0.20314,0.04953
crops/hibogi_ai_02641_png_6.jpg,hibogi_ai_02641_png,HIBOGI_AI_02641_png_jpg.rf.b884c8d5b984f8096880e14cf0dbb6ad.jpg,,0,0,no_caries,no_caries,0.8599,0.85988,0.03,0.0295,0.08061
crops/hibogi_ai_02641_png_7.jpg,hibogi_ai_02641_png,HIBOGI_AI_02641_png_jpg.rf.b884c8d5b984f8096880e14cf0dbb6ad.jpg,,0,0,no_caries,no_caries,0.6726,0.67264,0.23219,0.05006,0.04511
crops/hibogi_ai_02641_png_8.jpg,hibogi_ai_02641_png,HIBOGI_AI_02641_png_jpg.rf.b884c8d5b984f8096880e14cf0dbb6ad.jpg,,5,0,advanced,moderate,0.914,0.00509,0.05433,0.914,0.02658
crops/hibogi_ai_02673_png_0.jpg,hibogi_ai_02673_png,HIBOGI_AI_02673_png_jpg.rf.b1e53ff53fbc933e2c6c84f9c7cd021b.jpg,,5,0,advanced,mild,0.5622,0.01089,0.56217,0.22664,0.20031
crops/hibogi_ai_02673_png_1.jpg,hibogi_ai_02673_png,HIBOGI_AI_02673_png_jpg.rf.b1e53ff53fbc933e2c6c84f9c7cd021b.jpg,,0,0,no_caries,no_caries,0.7844,0.78441,0.07929,0.08165,0.05465
crops/hibogi_ai_02673_png_2.jpg,hibogi_ai_02673_png,HIBOGI_AI_02673_png_jpg.rf.b1e53ff53fbc933e2c6c84f9c7cd021b.jpg,,2,0,mild,no_caries,0.4992,0.49924,0.38531,0.04081,0.07464
crops/hibogi_ai_02673_png_3.jpg,hibogi_ai_02673_png,HIBOGI_AI_02673_png_jpg.rf.b1e53ff53fbc933e2c6c84f9c7cd021b.jpg,,0,0,no_caries,no_caries,0.5126,0.51256,0.16523,0.23191,0.0903
crops/hibogi_ai_02673_png_4.jpg,hibogi_ai_02673_png,HIBOGI_AI_02673_png_jpg.rf.b1e53ff53fbc933e2c6c84f9c7cd021b.jpg,,4,0,moderate,no_caries,0.7442,0.74419,0.11994,0.05274,0.08313
crops/hibogi_ai_02682_png_0.jpg,hibogi_ai_02682_png,HIBOGI_AI_02682_png_jpg.rf.d969ba7c15a352d22ac0928f88b93028.jpg,,0,0,no_caries,no_caries,0.5707,0.5707,0.18175,0.15899,0.08856
crops/hibogi_ai_02682_png_1.jpg,hibogi_ai_02682_png,HIBOGI_AI_02682_png_jpg.rf.d969ba7c15a352d22ac0928f88b93028.jpg,,2,0,mild,mild,0.7184,0.20104,0.7184,0.02364,0.05691
crops/hibogi_ai_02682_png_2.jpg,hibogi_ai_02682_png,HIBOGI_AI_02682_png_jpg.rf.d969ba7c15a352d22ac0928f88b93028.jpg,,0,0,no_caries,no_caries,0.7815,0.7815,0.11789,0.05036,0.05025
crops/hibogi_ai_02682_png_3.jpg,hibogi_ai_02682_png,HIBOGI_AI_02682_png_jpg.rf.d969ba7c15a352d22ac0928f88b93028.jpg,,5,0,advanced,advanced,0.9073,0.01358,0.0071,0.07206,0.90727
crops/hibogi_ai_02682_png_4.jpg,hibogi_ai_02682_png,HIBOGI_AI_02682_png_jpg.rf.d969ba7c15a352d22ac0928f88b93028.jpg,,5,0,advanced,advanced,0.779,0.01922,0.08216,0.11963,0.77899
crops/hibogi_ai_02682_png_5.jpg,hibogi_ai_02682_png,HIBOGI_AI_02682_png_jpg.rf.d969ba7c15a352d22ac0928f88b93028.jpg,,2,0,mild,mild,0.5325,0.22692,0.53254,0.03148,0.20906
crops/hibogi_ai_02682_png_6.jpg,hibogi_ai_02682_png,HIBOGI_AI_02682_png_jpg.rf.d969ba7c15a352d22ac0928f88b93028.jpg,,2,0,mild,no_caries,0.7827,0.78268,0.12867,0.02691,0.06174
crops/hibogi_ai_02682_png_7.jpg,hibogi_ai_02682_png,HIBOGI_AI_02682_png_jpg.rf.d969ba7c15a352d22ac0928f88b93028.jpg,,1,0,mild,no_caries,0.8068,0.80681,0.07844,0.05838,0.05638
crops/hibogi_ai_02682_png_8.jpg,hibogi_ai_02682_png,HIBOGI_AI_02682_png_jpg.rf.d969ba7c15a352d22ac0928f88b93028.jpg,,0,0,no_caries,no_caries,0.6337,0.63365,0.29329,0.0277,0.04535
crops/hibogi_ai_02682_png_9.jpg,hibogi_ai_02682_png,HIBOGI_AI_02682_png_jpg.rf.d969ba7c15a352d22ac0928f88b93028.jpg,,0,0,no_caries,no_caries,0.6759,0.67595,0.18559,0.10227,0.03619
crops/hibogi_ai_02682_png_10.jpg,hibogi_ai_02682_png,HIBOGI_AI_02682_png_jpg.rf.d969ba7c15a352d22ac0928f88b93028.jpg,,4,0,moderate,advanced,0.5281,0.02469,0.11445,0.33275,0.52811
crops/hibogi_ai_02682_png_11.jpg,hibogi_ai_02682_png,HIBOGI_AI_02682_png_jpg.rf.d969ba7c15a352d22ac0928f88b93028.jpg,,1,0,mild,no_caries,0.5889,0.58895,0.26121,0.077,0.07284
crops/hibogi_ai_02682_png_12.jpg,hibogi_ai_02682_png,HIBOGI_AI_02682_png_jpg.rf.d969ba7c15a352d22ac0928f88b93028.jpg,,1,0,mild,no_caries,0.7486,0.74859,0.1199,0.05039,0.08113
crops/hibogi_ai_02682_png_13.jpg,hibogi_ai_02682_png,HIBOGI_AI_02682_png_jpg.rf.d969ba7c15a352d22ac0928f88b93028.jpg,,1,0,mild,mild,0.6463,0.25549,0.6463,0.06226,0.03595
crops/hibogi_ai_02682_png_14.jpg,hibogi_ai_02682_png,HIBOGI_AI_02682_png_jpg.rf.d969ba7c15a352d22ac0928f88b93028.jpg,,1,0,mild,no_caries,0.5004,0.50039,0.37282,0.01801,0.10878
crops/hibogi_ai_02686_png_0.jpg,hibogi_ai_02686_png,HIBOGI_AI_02686_png_jpg.rf.fcbd1262046d6256034fa8c90586991c.jpg,,2,0,mild,moderate,0.9178,0.0024,0.07098,0.91781,0.00881
crops/hibogi_ai_02686_png_1.jpg,hibogi_ai_02686_png,HIBOGI_AI_02686_png_jpg.rf.fcbd1262046d6256034fa8c90586991c.jpg,,0,0,no_caries,no_caries,0.3334,0.33339,0.31734,0.32262,0.02665
crops/hibogi_ai_02686_png_2.jpg,hibogi_ai_02686_png,HIBOGI_AI_02686_png_jpg.rf.fcbd1262046d6256034fa8c90586991c.jpg,,0,0,no_caries,no_caries,0.791,0.79097,0.07351,0.06792,0.0676
crops/hibogi_ai_02686_png_3.jpg,hibogi_ai_02686_png,HIBOGI_AI_02686_png_jpg.rf.fcbd1262046d6256034fa8c90586991c.jpg,,0,0,no_caries,no_caries,0.7292,0.72921,0.08858,0.10346,0.07875
crops/hibogi_ai_02686_png_4.jpg,hibogi_ai_02686_png,HIBOGI_AI_02686_png_jpg.rf.fcbd1262046d6256034fa8c90586991c.jpg,,0,0,no_caries,no_caries,0.8196,0.81959,0.03946,0.07801,0.06294
crops/hibogi_ai_02686_png_5.jpg,hibogi_ai_02686_png,HIBOGI_AI_02686_png_jpg.rf.fcbd1262046d6256034fa8c90586991c.jpg,,0,0,no_caries,no_caries,0.7784,0.77837,0.11619,0.04978,0.05565
crops/hibogi_ai_02686_png_6.jpg,hibogi_ai_02686_png,HIBOGI_AI_02686_png_jpg.rf.fcbd1262046d6256034fa8c90586991c.jpg,,0,0,no_caries,no_caries,0.7891,0.78915,0.04883,0.07398,0.08804
crops/hibogi_ai_02686_png_7.jpg,hibogi_ai_02686_png,HIBOGI_AI_02686_png_jpg.rf.fcbd1262046d6256034fa8c90586991c.jpg,,0,0,no_caries,no_caries,0.8424,0.84245,0.0689,0.0384,0.05025
crops/hibogi_ai_02686_png_8.jpg,hibogi_ai_02686_png,HIBOGI_AI_02686_png_jpg.rf.fcbd1262046d6256034fa8c90586991c.jpg,,1,0,mild,mild,0.606,0.18384,0.60598,0.17643,0.03375
crops/hibogi_ai_02686_png_9.jpg,hibogi_ai_02686_png,HIBOGI_AI_02686_png_jpg.rf.fcbd1262046d6256034fa8c90586991c.jpg,,3,0,moderate,moderate,0.9103,0.00125,0.08526,0.91034,0.00315
crops/hibogi_ai_02688_png_0.jpg,hibogi_ai_02688_png,HIBOGI_AI_02688_png_jpg.rf.eb4cb4e0da969de95849e326a5135808.jpg,,0,0,no_caries,mild,0.8727,0.11358,0.87268,0.00706,0.00668
crops/hibogi_ai_02688_png_1.jpg,hibogi_ai_02688_png,HIBOGI_AI_02688_png_jpg.rf.eb4cb4e0da969de95849e326a5135808.jpg,,0,0,no_caries,no_caries,0.6641,0.66414,0.24712,0.03941,0.04932
crops/hibogi_ai_02688_png_2.jpg,hibogi_ai_02688_png,HIBOGI_AI_02688_png_jpg.rf.eb4cb4e0da969de95849e326a5135808.jpg,,0,0,no_caries,no_caries,0.3529,0.35294,0.3294,0.01958,0.29808
crops/hibogi_ai_02688_png_3.jpg,hibogi_ai_02688_png,HIBOGI_AI_02688_png_jpg.rf.eb4cb4e0da969de95849e326a5135808.jpg,,5,0,advanced,advanced,0.955,0.00983,0.02054,0.01461,0.95502
crops/hibogi_ai_02688_png_4.jpg,hibogi_ai_02688_png,HIBOGI_AI_02688_png_jpg.rf.eb4cb4e0da969de95849e326a5135808.jpg,,0,0,no_caries,no_caries,0.5625,0.5625,0.1632,0.2404,0.03389
crops/hibogi_ai_02688_png_5.jpg,hibogi_ai_02688_png,HIBOGI_AI_02688_png_jpg.rf.eb4cb4e0da969de95849e326a5135808.jpg,,0,0,no_caries,no_caries,0.6329,0.63287,0.20377,0.11439,0.04897
crops/hibogi_ai_02688_png_6.jpg,hibogi_ai_02688_png,HIBOGI_AI_02688_png_jpg.rf.eb4cb4e0da969de95849e326a5135808.jpg,,0,0,no_caries,no_caries,0.5532,0.55321,0.32534,0.06727,0.05419
crops/hibogi_ai_02688_png_7.jpg,hibogi_ai_02688_png,HIBOGI_AI_02688_png_jpg.rf.eb4cb4e0da969de95849e326a5135808.jpg,,0,0,no_caries,no_caries,0.8363,0.83634,0.07383,0.02281,0.06702
crops/hibogi_ai_02688_png_8.jpg,hibogi_ai_02688_png,HIBOGI_AI_02688_png_jpg.rf.eb4cb4e0da969de95849e326a5135808.jpg,,0,0,no_caries,no_caries,0.7798,0.77978,0.11827,0.04631,0.05564
crops/hibogi_ai_02688_png_9.jpg,hibogi_ai_02688_png,HIBOGI_AI_02688_png_jpg.rf.eb4cb4e0da969de95849e326a5135808.jpg,,0,0,no_caries,no_caries,0.6624,0.66238,0.19335,0.07709,0.06717
crops/hibogi_ai_02688_png_10.jpg,hibogi_ai_02688_png,HIBOGI_AI_02688_png_jpg.rf.eb4cb4e0da969de95849e326a5135808.jpg,,0,0,no_caries,no_caries,0.7465,0.74651,0.04193,0.16017,0.0514
crops/hibogi_ai_02688_png_11.jpg,hibogi_ai_02688_png,HIBOGI_AI_02688_png_jpg.rf.eb4cb4e0da969de95849e326a5135808.jpg,,0,0,no_caries,mild,0.5427,0.3753,0.54266,0.03633,0.04572
crops/hibogi_ai_02698_png_0.jpg,hibogi_ai_02698_png,HIBOGI_AI_02698_png_jpg.rf.456354974d8f1d8f33920b11a8a16f65.jpg,,3,0,moderate,no_caries,0.5612,0.56117,0.31304,0.06632,0.05947
crops/hibogi_ai_02698_png_1.jpg,hibogi_ai_02698_png,HIBOGI_AI_02698_png_jpg.rf.456354974d8f1d8f33920b11a8a16f65.jpg,,0,0,no_caries,no_caries,0.6271,0.62706,0.27886,0.03037,0.06371
crops/hibogi_ai_02698_png_2.jpg,hibogi_ai_02698_png,HIBOGI_AI_02698_png_jpg.rf.456354974d8f1d8f33920b11a8a16f65.jpg,,0,0,no_caries,no_caries,0.8675,0.86753,0.0329,0.03591,0.06367
crops/hibogi_ai_02698_png_3.jpg,hibogi_ai_02698_png,HIBOGI_AI_02698_png_jpg.rf.456354974d8f1d8f33920b11a8a16f65.jpg,,5,0,advanced,advanced,0.7515,0.01132,0.01434,0.22284,0.7515
crops/hibogi_ai_02698_png_4.jpg,hibogi_ai_02698_png,HIBOGI_AI_02698_png_jpg.rf.456354974d8f1d8f33920b11a8a16f65.jpg,,5,0,advanced,advanced,0.8911,0.00285,0.0106,0.09545,0.8911
crops/hibogi_ai_02698_png_5.jpg,hibogi_ai_02698_png,HIBOGI_AI_02698_png_jpg.rf.456354974d8f1d8f33920b11a8a16f65.jpg,,5,0,advanced,mild,0.8845,0.05925,0.88451,0.01119,0.04505
crops/hibogi_ai_02698_png_6.jpg,hibogi_ai_02698_png,HIBOGI_AI_02698_png_jpg.rf.456354974d8f1d8f33920b11a8a16f65.jpg,,0,0,no_caries,no_caries,0.8021,0.80215,0.08248,0.06145,0.05392
crops/hibogi_ai_02703_png_0.jpg,hibogi_ai_02703_png,HIBOGI_AI_02703_png_jpg.rf.b1cb6d09196b43138dd784720a6ae5c0.jpg,,1,0,mild,mild,0.879,0.06732,0.87903,0.00844,0.04521
crops/hibogi_ai_02703_png_1.jpg,hibogi_ai_02703_png,HIBOGI_AI_02703_png_jpg.rf.b1cb6d09196b43138dd784720a6ae5c0.jpg,,0,0,no_caries,advanced,0.4869,0.08267,0.3498,0.0806,0.48693
crops/hibogi_ai_02703_png_2.jpg,hibogi_ai_02703_png,HIBOGI_AI_02703_png_jpg.rf.b1cb6d09196b43138dd784720a6ae5c0.jpg,,1,0,mild,mild,0.9638,0.02867,0.96375,0.00105,0.00653
crops/hibogi_ai_02703_png_3.jpg,hibogi_ai_02703_png,HIBOGI_AI_02703_png_jpg.rf.b1cb6d09196b43138dd784720a6ae5c0.jpg,,2,0,mild,mild,0.3778,0.31026,0.37784,0.10859,0.20331
crops/hibogi_ai_02703_png_4.jpg,hibogi_ai_02703_png,HIBOGI_AI_02703_png_jpg.rf.b1cb6d09196b43138dd784720a6ae5c0.jpg,,4,0,moderate,advanced,0.9812,0.00293,0.00592,0.00991,0.98123
crops/hibogi_ai_02703_png_5.jpg,hibogi_ai_02703_png,HIBOGI_AI_02703_png_jpg.rf.b1cb6d09196b43138dd784720a6ae5c0.jpg,,5,0,advanced,advanced,0.558,0.03698,0.09469,0.31036,0.55796
crops/hibogi_ai_02703_png_6.jpg,hibogi_ai_02703_png,HIBOGI_AI_02703_png_jpg.rf.b1cb6d09196b43138dd784720a6ae5c0.jpg,,1,0,mild,mild,0.5172,0.27631,0.51724,0.13704,0.0694
crops/hibogi_ai_02703_png_7.jpg,hibogi_ai_02703_png,HIBOGI_AI_02703_png_jpg.rf.b1cb6d09196b43138dd784720a6ae5c0.jpg,,1,0,mild,no_caries,0.6081,0.60807,0.277,0.05992,0.05501
crops/hibogi_ai_02703_png_8.jpg,hibogi_ai_02703_png,HIBOGI_AI_02703_png_jpg.rf.b1cb6d09196b43138dd784720a6ae5c0.jpg,,1,0,mild,no_caries,0.5352,0.5352,0.35069,0.07298,0.04114
crops/hibogi_ai_02703_png_9.jpg,hibogi_ai_02703_png,HIBOGI_AI_02703_png_jpg.rf.b1cb6d09196b43138dd784720a6ae5c0.jpg,,0,0,no_caries,no_caries,0.7353,0.73526,0.22013,0.01966,0.02495
crops/hibogi_ai_02703_png_10.jpg,hibogi_ai_02703_png,HIBOGI_AI_02703_png_jpg.rf.b1cb6d09196b43138dd784720a6ae5c0.jpg,,0,0,no_caries,no_caries,0.8342,0.83421,0.05659,0.03913,0.07007
crops/hibogi_ai_02703_png_11.jpg,hibogi_ai_02703_png,HIBOGI_AI_02703_png_jpg.rf.b1cb6d09196b43138dd784720a6ae5c0.jpg,,0,0,no_caries,no_caries,0.7728,0.77278,0.07591,0.04926,0.10205
crops/hibogi_ai_02703_png_12.jpg,hibogi_ai_02703_png,HIBOGI_AI_02703_png_jpg.rf.b1cb6d09196b43138dd784720a6ae5c0.jpg,,0,0,no_caries,no_caries,0.767,0.767,0.07645,0.05323,0.10331
crops/hibogi_ai_02703_png_13.jpg,hibogi_ai_02703_png,HIBOGI_AI_02703_png_jpg.rf.b1cb6d09196b43138dd784720a6ae5c0.jpg,,0,0,no_caries,no_caries,0.7943,0.79435,0.0778,0.05914,0.06871
crops/hibogi_ai_02703_png_14.jpg,hibogi_ai_02703_png,HIBOGI_AI_02703_png_jpg.rf.b1cb6d09196b43138dd784720a6ae5c0.jpg,,0,0,no_caries,no_caries,0.7742,0.77418,0.07598,0.04708,0.10276
crops/hibogi_ai_02703_png_15.jpg,hibogi_ai_02703_png,HIBOGI_AI_02703_png_jpg.rf.b1cb6d09196b43138dd784720a6ae5c0.jpg,,0,0,no_caries,no_caries,0.7287,0.72867,0.09659,0.07868,0.09606
crops/hibogi_ai_02703_png_16.jpg,hibogi_ai_02703_png,HIBOGI_AI_02703_png_jpg.rf.b1cb6d09196b43138dd784720a6ae5c0.jpg,,1,0,mild,mild,0.544,0.35066,0.54396,0.03455,0.07084
crops/hibogi_ai_02703_png_17.jpg,hibogi_ai_02703_png,HIBOGI_AI_02703_png_jpg.rf.b1cb6d09196b43138dd784720a6ae5c0.jpg,,0,0,no_caries,no_caries,0.8032,0.80318,0.10392,0.04546,0.04745
crops/hibogi_ai_02707_png_0.jpg,hibogi_ai_02707_png,HIBOGI_AI_02707_png_jpg.rf.14b98db86bd573df7f15030eb41030d9.jpg,,0,0,no_caries,no_caries,0.8056,0.80559,0.03588,0.09115,0.06738
crops/hibogi_ai_02707_png_1.jpg,hibogi_ai_02707_png,HIBOGI_AI_02707_png_jpg.rf.14b98db86bd573df7f15030eb41030d9.jpg,,0,0,no_caries,no_caries,0.5706,0.5706,0.03697,0.32408,0.06835
crops/hibogi_ai_02707_png_2.jpg,hibogi_ai_02707_png,HIBOGI_AI_02707_png_jpg.rf.14b98db86bd573df7f15030eb41030d9.jpg,,0,0,no_caries,no_caries,0.8002,0.80021,0.07492,0.06069,0.06418
crops/hibogi_ai_02707_png_3.jpg,hibogi_ai_02707_png,HIBOGI_AI_02707_png_jpg.rf.14b98db86bd573df7f15030eb41030d9.jpg,,0,0,no_caries,no_caries,0.7521,0.75209,0.16251,0.03176,0.05363
crops/hibogi_ai_02707_png_4.jpg,hibogi_ai_02707_png,HIBOGI_AI_02707_png_jpg.rf.14b98db86bd573df7f15030eb41030d9.jpg,,0,0,no_caries,no_caries,0.8252,0.8252,0.07142,0.06793,0.03545
crops/hibogi_ai_02707_png_5.jpg,hibogi_ai_02707_png,HIBOGI_AI_02707_png_jpg.rf.14b98db86bd573df7f15030eb41030d9.jpg,,0,0,no_caries,no_caries,0.6433,0.64334,0.20816,0.10172,0.04679
crops/hibogi_ai_02707_png_6.jpg,hibogi_ai_02707_png,HIBOGI_AI_02707_png_jpg.rf.14b98db86bd573df7f15030eb41030d9.jpg,,0,0,no_caries,no_caries,0.5886,0.58863,0.24727,0.03863,0.12547
crops/hibogi_ai_02707_png_7.jpg,hibogi_ai_02707_png,HIBOGI_AI_02707_png_jpg.rf.14b98db86bd573df7f15030eb41030d9.jpg,,0,0,no_caries,no_caries,0.8322,0.83222,0.07394,0.05436,0.03949
crops/hibogi_ai_02707_png_8.jpg,hibogi_ai_02707_png,HIBOGI_AI_02707_png_jpg.rf.14b98db86bd573df7f15030eb41030d9.jpg,,0,0,no_caries,no_caries,0.5172,0.51724,0.32115,0.0453,0.11631
crops/hibogi_ai_02742_png_0.jpg,hibogi_ai_02742_png,HIBOGI_AI_02742_png_jpg.rf.181fad23281f6e3c81f50b741079ad4b.jpg,,0,0,no_caries,moderate,0.7639,0.00498,0.21276,0.76387,0.0184
crops/hibogi_ai_02742_png_1.jpg,hibogi_ai_02742_png,HIBOGI_AI_02742_png_jpg.rf.181fad23281f6e3c81f50b741079ad4b.jpg,,0,0,no_caries,mild,0.6814,0.23082,0.6814,0.06899,0.01879
crops/hibogi_ai_02742_png_2.jpg,hibogi_ai_02742_png,HIBOGI_AI_02742_png_jpg.rf.181fad23281f6e3c81f50b741079ad4b.jpg,,0,0,no_caries,no_caries,0.8657,0.86572,0.0486,0.04126,0.04442
crops/hibogi_ai_02742_png_3.jpg,hibogi_ai_02742_png,HIBOGI_AI_02742_png_jpg.rf.181fad23281f6e3c81f50b741079ad4b.jpg,,0,0,no_caries,no_caries,0.8104,0.81035,0.05035,0.06894,0.07036
crops/hibogi_ai_02742_png_4.jpg,hibogi_ai_02742_png,HIBOGI_AI_02742_png_jpg.rf.181fad23281f6e3c81f50b741079ad4b.jpg,,0,0,no_caries,no_caries,0.8439,0.84387,0.02351,0.07479,0.05783
crops/hibogi_ai_02742_png_5.jpg,hibogi_ai_02742_png,HIBOGI_AI_02742_png_jpg.rf.181fad23281f6e3c81f50b741079ad4b.jpg,,0,0,no_caries,no_caries,0.7598,0.75976,0.03531,0.1092,0.09573
crops/hibogi_ai_02742_png_6.jpg,hibogi_ai_02742_png,HIBOGI_AI_02742_png_jpg.rf.181fad23281f6e3c81f50b741079ad4b.jpg,,0,0,no_caries,no_caries,0.7698,0.76981,0.04088,0.11328,0.07603
crops/hibogi_ai_02742_png_7.jpg,hibogi_ai_02742_png,HIBOGI_AI_02742_png_jpg.rf.181fad23281f6e3c81f50b741079ad4b.jpg,,0,0,no_caries,no_caries,0.8686,0.86857,0.03345,0.05517,0.04281
crops/hibogi_ai_02742_png_8.jpg,hibogi_ai_02742_png,HIBOGI_AI_02742_png_jpg.rf.181fad23281f6e3c81f50b741079ad4b.jpg,,0,0,no_caries,no_caries,0.5702,0.57016,0.30348,0.05224,0.07412
crops/hibogi_ai_02742_png_9.jpg,hibogi_ai_02742_png,HIBOGI_AI_02742_png_jpg.rf.181fad23281f6e3c81f50b741079ad4b.jpg,,5,0,advanced,advanced,0.9741,0.00206,0.00312,0.02072,0.97411
crops/hibogi_ai_02759_png_0.jpg,hibogi_ai_02759_png,HIBOGI_AI_02759_png_jpg.rf.d2fe6a2d6883b6d64b03759baa047092.jpg,,0,0,no_caries,advanced,0.7279,0.08317,0.01292,0.17597,0.72794
crops/hibogi_ai_02759_png_1.jpg,hibogi_ai_02759_png,HIBOGI_AI_02759_png_jpg.rf.d2fe6a2d6883b6d64b03759baa047092.jpg,,0,0,no_caries,no_caries,0.6483,0.64826,0.06501,0.15123,0.1355
crops/hibogi_ai_02759_png_2.jpg,hibogi_ai_02759_png,HIBOGI_AI_02759_png_jpg.rf.d2fe6a2d6883b6d64b03759baa047092.jpg,,0,0,no_caries,no_caries,0.7645,0.76449,0.14142,0.04747,0.04661
crops/hibogi_ai_02759_png_3.jpg,hibogi_ai_02759_png,HIBOGI_AI_02759_png_jpg.rf.d2fe6a2d6883b6d64b03759baa047092.jpg,,5,0,advanced,moderate,0.4998,0.05244,0.01966,0.49984,0.42806
crops/hibogi_ai_02759_png_4.jpg,hibogi_ai_02759_png,HIBOGI_AI_02759_png_jpg.rf.d2fe6a2d6883b6d64b03759baa047092.jpg,,5,0,advanced,advanced,0.4887,0.05614,0.025,0.43016,0.4887
crops/hibogi_ai_02759_png_5.jpg,hibogi_ai_02759_png,HIBOGI_AI_02759_png_jpg.rf.d2fe6a2d6883b6d64b03759baa047092.jpg,,5,0,advanced,advanced,0.877,0.00122,0.00102,0.12076,0.877
crops/hibogi_ai_02759_png_6.jpg,hibogi_ai_02759_png,HIBOGI_AI_02759_png_jpg.rf.d2fe6a2d6883b6d64b03759baa047092.jpg,,5,0,advanced,advanced,0.9526,0.00081,0.00254,0.04404,0.9526
crops/hibogi_ai_02759_png_7.jpg,hibogi_ai_02759_png,HIBOGI_AI_02759_png_jpg.rf.d2fe6a2d6883b6d64b03759baa047092.jpg,,0,0,no_caries,no_caries,0.5884,0.5884,0.12917,0.21573,0.06669
crops/hibogi_ai_02759_png_8.jpg,hibogi_ai_02759_png,HIBOGI_AI_02759_png_jpg.rf.d2fe6a2d6883b6d64b03759baa047092.jpg,,0,0,no_caries,no_caries,0.7573,0.75726,0.11349,0.09456,0.03469
crops/hibogi_ai_02759_png_9.jpg,hibogi_ai_02759_png,HIBOGI_AI_02759_png_jpg.rf.d2fe6a2d6883b6d64b03759baa047092.jpg,,0,0,no_caries,no_caries,0.8178,0.81776,0.05434,0.05954,0.06836
crops/hibogi_ai_02759_png_10.jpg,hibogi_ai_02759_png,HIBOGI_AI_02759_png_jpg.rf.d2fe6a2d6883b6d64b03759baa047092.jpg,,0,0,no_caries,no_caries,0.7668,0.76683,0.05841,0.11317,0.06159
crops/hibogi_ai_02759_png_11.jpg,hibogi_ai_02759_png,HIBOGI_AI_02759_png_jpg.rf.d2fe6a2d6883b6d64b03759baa047092.jpg,,0,0,no_caries,no_caries,0.8944,0.89439,0.02758,0.03331,0.04473
crops/hibogi_ai_02759_png_12.jpg,hibogi_ai_02759_png,HIBOGI_AI_02759_png_jpg.rf.d2fe6a2d6883b6d64b03759baa047092.jpg,,0,0,no_caries,no_caries,0.8178,0.81777,0.04284,0.08991,0.04948
crops/hibogi_ai_02759_png_13.jpg,hibogi_ai_02759_png,HIBOGI_AI_02759_png_jpg.rf.d2fe6a2d6883b6d64b03759baa047092.jpg,,0,0,no_caries,no_caries,0.904,0.90405,0.02601,0.02311,0.04683
crops/hibogi_ai_02759_png_14.jpg,hibogi_ai_02759_png,HIBOGI_AI_02759_png_jpg.rf.d2fe6a2d6883b6d64b03759baa047092.jpg,,0,0,no_caries,no_caries,0.8,0.79997,0.09339,0.05922,0.04742
crops/hibogi_ai_02827_png_0.jpg,hibogi_ai_02827_png,HIBOGI_AI_02827_png_jpg.rf.9c1f5f062d9fd506cfe4ded0bc619b6e.jpg,,0,0,no_caries,no_caries,0.6007,0.60068,0.23255,0.08591,0.08087
crops/hibogi_ai_02827_png_1.jpg,hibogi_ai_02827_png,HIBOGI_AI_02827_png_jpg.rf.9c1f5f062d9fd506cfe4ded0bc619b6e.jpg,,0,0,no_caries,no_caries,0.771,0.77101,0.1146,0.0402,0.07419
crops/hibogi_ai_02827_png_2.jpg,hibogi_ai_02827_png,HIBOGI_AI_02827_png_jpg.rf.9c1f5f062d9fd506cfe4ded0bc619b6e.jpg,,0,0,no_caries,no_caries,0.7397,0.73968,0.2096,0.02804,0.02268
crops/hibogi_ai_02827_png_3.jpg,hibogi_ai_02827_png,HIBOGI_AI_02827_png_jpg.rf.9c1f5f062d9fd506cfe4ded0bc619b6e.jpg,,0,0,no_caries,no_caries,0.7917,0.79169,0.08671,0.06119,0.0604
crops/hibogi_ai_02827_png_4.jpg,hibogi_ai_02827_png,HIBOGI_AI_02827_png_jpg.rf.9c1f5f062d9fd506cfe4ded0bc619b6e.jpg,,0,0,no_caries,no_caries,0.8508,0.85081,0.03338,0.07943,0.03638
crops/hibogi_ai_02827_png_5.jpg,hibogi_ai_02827_png,HIBOGI_AI_02827_png_jpg.rf.9c1f5f062d9fd506cfe4ded0bc619b6e.jpg,,0,0,no_caries,no_caries,0.8856,0.88564,0.03708,0.04933,0.02795
crops/hibogi_ai_02827_png_6.jpg,hibogi_ai_02827_png,HIBOGI_AI_02827_png_jpg.rf.9c1f5f062d9fd506cfe4ded0bc619b6e.jpg,,0,0,no_caries,no_caries,0.8629,0.86287,0.03516,0.07344,0.02853
crops/hibogi_ai_02827_png_7.jpg,hibogi_ai_02827_png,HIBOGI_AI_02827_png_jpg.rf.9c1f5f062d9fd506cfe4ded0bc619b6e.jpg,,0,0,no_caries,no_caries,0.9193,0.91927,0.03091,0.0366,0.01322
crops/hibogi_ai_02827_png_8.jpg,hibogi_ai_02827_png,HIBOGI_AI_02827_png_jpg.rf.9c1f5f062d9fd506cfe4ded0bc619b6e.jpg,,0,0,no_caries,no_caries,0.9247,0.92468,0.0368,0.0223,0.01622
crops/hibogi_ai_02827_png_9.jpg,hibogi_ai_02827_png,HIBOGI_AI_02827_png_jpg.rf.9c1f5f062d9fd506cfe4ded0bc619b6e.jpg,,0,0,no_caries,no_caries,0.4786,0.4786,0.34886,0.1482,0.02433
crops/hibogi_ai_02831_png_0.jpg,hibogi_ai_02831_png,HIBOGI_AI_02831_png_jpg.rf.a2014d9b92eb0af1a42510902061c4ce.jpg,,0,0,no_caries,no_caries,0.7266,0.72659,0.16454,0.03257,0.0763
crops/hibogi_ai_02831_png_1.jpg,hibogi_ai_02831_png,HIBOGI_AI_02831_png_jpg.rf.a2014d9b92eb0af1a42510902061c4ce.jpg,,0,0,no_caries,no_caries,0.7165,0.71653,0.14347,0.05047,0.08952
crops/hibogi_ai_02831_png_2.jpg,hibogi_ai_02831_png,HIBOGI_AI_02831_png_jpg.rf.a2014d9b92eb0af1a42510902061c4ce.jpg,,0,0,no_caries,no_caries,0.6853,0.68526,0.1721,0.04536,0.09728
crops/hibogi_ai_02831_png_3.jpg,hibogi_ai_02831_png,HIBOGI_AI_02831_png_jpg.rf.a2014d9b92eb0af1a42510902061c4ce.jpg,,0,0,no_caries,no_caries,0.5816,0.58158,0.15228,0.19678,0.06937
crops/hibogi_ai_02831_png_4.jpg,hibogi_ai_02831_png,HIBOGI_AI_02831_png_jpg.rf.a2014d9b92eb0af1a42510902061c4ce.jpg,,0,0,no_caries,no_caries,0.6039,0.60391,0.23304,0.13035,0.03271
crops/hibogi_ai_02831_png_5.jpg,hibogi_ai_02831_png,HIBOGI_AI_02831_png_jpg.rf.a2014d9b92eb0af1a42510902061c4ce.jpg,,0,0,no_caries,no_caries,0.7024,0.70242,0.09604,0.15352,0.04802
crops/hibogi_ai_02831_png_6.jpg,hibogi_ai_02831_png,HIBOGI_AI_02831_png_jpg.rf.a2014d9b92eb0af1a42510902061c4ce.jpg,,0,0,no_caries,no_caries,0.7609,0.7609,0.08104,0.09705,0.06101
crops/hibogi_ai_02831_png_7.jpg,hibogi_ai_02831_png,HIBOGI_AI_02831_png_jpg.rf.a2014d9b92eb0af1a42510902061c4ce.jpg,,0,0,no_caries,no_caries,0.5035,0.50349,0.07704,0.29407,0.1254
crops/hibogi_ai_02831_png_8.jpg,hibogi_ai_02831_png,HIBOGI_AI_02831_png_jpg.rf.a2014d9b92eb0af1a42510902061c4ce.jpg,,4,0,moderate,mild,0.3976,0.22324,0.39756,0.3293,0.0499
crops/hibogi_ai_02832_png_0.jpg,hibogi_ai_02832_png,HIBOGI_AI_02832_png_jpg.rf.2ac4af7cf86803fce71a18e309e5682b.jpg,,0,0,no_caries,no_caries,0.463,0.46302,0.04631,0.40149,0.08917
crops/hibogi_ai_02832_png_1.jpg,hibogi_ai_02832_png,HIBOGI_AI_02832_png_jpg.rf.2ac4af7cf86803fce71a18e309e5682b.jpg,,0,0,no_caries,no_caries,0.8116,0.81165,0.08556,0.02275,0.08004
crops/hibogi_ai_02832_png_2.jpg,hibogi_ai_02832_png,HIBOGI_AI_02832_png_jpg.rf.2ac4af7cf86803fce71a18e309e5682b.jpg,,0,0,no_caries,no_caries,0.8553,0.85533,0.04267,0.04972,0.05229
crops/hibogi_ai_02832_png_3.jpg,hibogi_ai_02832_png,HIBOGI_AI_02832_png_jpg.rf.2ac4af7cf86803fce71a18e309e5682b.jpg,,0,0,no_caries,no_caries,0.5473,0.54725,0.06809,0.30493,0.07973
crops/hibogi_ai_02832_png_4.jpg,hibogi_ai_02832_png,HIBOGI_AI_02832_png_jpg.rf.2ac4af7cf86803fce71a18e309e5682b.jpg,,0,0,no_caries,moderate,0.6301,0.29857,0.03025,0.63009,0.04109
crops/hibogi_ai_02832_png_5.jpg,hibogi_ai_02832_png,HIBOGI_AI_02832_png_jpg.rf.2ac4af7cf86803fce71a18e309e5682b.jpg,,0,0,no_caries,no_caries,0.8045,0.80453,0.03246,0.12248,0.04053
crops/hibogi_ai_02832_png_6.jpg,hibogi_ai_02832_png,HIBOGI_AI_02832_png_jpg.rf.2ac4af7cf86803fce71a18e309e5682b.jpg,,0,0,no_caries,no_caries,0.7479,0.74788,0.07069,0.12984,0.05159
crops/hibogi_ai_02832_png_7.jpg,hibogi_ai_02832_png,HIBOGI_AI_02832_png_jpg.rf.2ac4af7cf86803fce71a18e309e5682b.jpg,,0,0,no_caries,no_caries,0.4694,0.46941,0.10227,0.17881,0.24951
crops/hibogi_ai_02834_png_0.jpg,hibogi_ai_02834_png,HIBOGI_AI_02834_png_jpg.rf.2d5dcd1d73719412c7cf9907f7c236ff.jpg,,0,0,no_caries,no_caries,0.5037,0.5037,0.32098,0.11314,0.06218
crops/hibogi_ai_02834_png_1.jpg,hibogi_ai_02834_png,HIBOGI_AI_02834_png_jpg.rf.2d5dcd1d73719412c7cf9907f7c236ff.jpg,,0,0,no_caries,no_caries,0.4177,0.41768,0.33055,0.10248,0.14929
crops/hibogi_ai_02834_png_2.jpg,hibogi_ai_02834_png,HIBOGI_AI_02834_png_jpg.rf.2d5dcd1d73719412c7cf9907f7c236ff.jpg,,0,0,no_caries,no_caries,0.4878,0.48779,0.11652,0.24369,0.152
crops/hibogi_ai_02834_png_3.jpg,hibogi_ai_02834_png,HIBOGI_AI_02834_png_jpg.rf.2d5dcd1d73719412c7cf9907f7c236ff.jpg,,2,0,mild,mild,0.4215,0.4215,0.42151,0.10583,0.05117
crops/hibogi_ai_02834_png_4.jpg,hibogi_ai_02834_png,HIBOGI_AI_02834_png_jpg.rf.2d5dcd1d73719412c7cf9907f7c236ff.jpg,,0,0,no_caries,no_caries,0.6517,0.65169,0.24315,0.04287,0.06229
crops/hibogi_ai_02834_png_5.jpg,hibogi_ai_02834_png,HIBOGI_AI_02834_png_jpg.rf.2d5dcd1d73719412c7cf9907f7c236ff.jpg,,0,0,no_caries,mild,0.47,0.45096,0.46997,0.02577,0.0533
crops/hibogi_ai_02834_png_6.jpg,hibogi_ai_02834_png,HIBOGI_AI_02834_png_jpg.rf.2d5dcd1d73719412c7cf9907f7c236ff.jpg,,0,0,no_caries,mild,0.6744,0.17893,0.67438,0.01732,0.12937
crops/hibogi_ai_02834_png_7.jpg,hibogi_ai_02834_png,HIBOGI_AI_02834_png_jpg.rf.2d5dcd1d73719412c7cf9907f7c236ff.jpg,,0,0,no_caries,mild,0.7636,0.10806,0.76355,0.0865,0.04188
crops/hibogi_ai_02834_png_8.jpg,hibogi_ai_02834_png,HIBOGI_AI_02834_png_jpg.rf.2d5dcd1d73719412c7cf9907f7c236ff.jpg,,0,0,no_caries,mild,0.7974,0.14322,0.79742,0.01621,0.04315
crops/hibogi_ai_02834_png_9.jpg,hibogi_ai_02834_png,HIBOGI_AI_02834_png_jpg.rf.2d5dcd1d73719412c7cf9907f7c236ff.jpg,,0,0,no_caries,mild,0.4339,0.39288,0.43393,0.02645,0.14673
crops/hibogi_ai_02834_png_10.jpg,hibogi_ai_02834_png,HIBOGI_AI_02834_png_jpg.rf.2d5dcd1d73719412c7cf9907f7c236ff.jpg,,5,0,advanced,advanced,0.7192,0.07679,0.05116,0.15286,0.71919
crops/hibogi_ai_02834_png_11.jpg,hibogi_ai_02834_png,HIBOGI_AI_02834_png_jpg.rf.2d5dcd1d73719412c7cf9907f7c236ff.jpg,,0,0,no_caries,moderate,0.5591,0.16847,0.16304,0.55905,0.10944
crops/hibogi_ai_02834_png_12.jpg,hibogi_ai_02834_png,HIBOGI_AI_02834_png_jpg.rf.2d5dcd1d73719412c7cf9907f7c236ff.jpg,,3,0,moderate,moderate,0.4227,0.21186,0.29776,0.42269,0.06769
crops/hibogi_ai_02834_png_13.jpg,hibogi_ai_02834_png,HIBOGI_AI_02834_png_jpg.rf.2d5dcd1d73719412c7cf9907f7c236ff.jpg,,2,0,mild,no_caries,0.4127,0.41269,0.17479,0.33273,0.07979
crops/hibogi_ai_02834_png_14.jpg,hibogi_ai_02834_png,HIBOGI_AI_02834_png_jpg.rf.2d5dcd1d73719412c7cf9907f7c236ff.jpg,,2,0,mild,mild,0.7775,0.17851,0.77749,0.02112,0.02289
crops/hibogi_ai_02834_png_15.jpg,hibogi_ai_02834_png,HIBOGI_AI_02834_png_jpg.rf.2d5dcd1d73719412c7cf9907f7c236ff.jpg,,0,0,no_caries,mild,0.6014,0.28585,0.60139,0.09636,0.01641
crops/hibogi_ai_02834_png_16.jpg,hibogi_ai_02834_png,HIBOGI_AI_02834_png_jpg.rf.2d5dcd1d73719412c7cf9907f7c236ff.jpg,,5,0,advanced,advanced,0.9488,0.00567,0.00955,0.036,0.94877
crops/hibogi_ai_02834_png_17.jpg,hibogi_ai_02834_png,HIBOGI_AI_02834_png_jpg.rf.2d5dcd1d73719412c7cf9907f7c236ff.jpg,,0,0,no_caries,mild,0.5089,0.3544,0.50891,0.05187,0.08482
crops/hibogi_ai_02834_png_18.jpg,hibogi_ai_02834_png,HIBOGI_AI_02834_png_jpg.rf.2d5dcd1d73719412c7cf9907f7c236ff.jpg,,0,0,no_caries,no_caries,0.5898,0.58977,0.28428,0.06666,0.05929
crops/hibogi_ai_02834_png_19.jpg,hibogi_ai_02834_png,HIBOGI_AI_02834_png_jpg.rf.2d5dcd1d73719412c7cf9907f7c236ff.jpg,,0,0,no_caries,no_caries,0.6006,0.60061,0.18518,0.11066,0.10355
crops/hibogi_ai_02834_png_20.jpg,hibogi_ai_02834_png,HIBOGI_AI_02834_png_jpg.rf.2d5dcd1d73719412c7cf9907f7c236ff.jpg,,0,0,no_caries,no_caries,0.6102,0.61024,0.23034,0.04671,0.11271
crops/hibogi_ai_02834_png_21.jpg,hibogi_ai_02834_png,HIBOGI_AI_02834_png_jpg.rf.2d5dcd1d73719412c7cf9907f7c236ff.jpg,,0,0,no_caries,moderate,0.8731,0.03466,0.08345,0.87308,0.00881
crops/hibogi_ai_02834_png_22.jpg,hibogi_ai_02834_png,HIBOGI_AI_02834_png_jpg.rf.2d5dcd1d73719412c7cf9907f7c236ff.jpg,,5,0,advanced,moderate,0.9816,0.00404,0.0081,0.98164,0.00623
crops/hibogi_ai_02855_png_0.jpg,hibogi_ai_02855_png,HIBOGI_AI_02855_png_jpg.rf.2ef6f88d6f74ab4f3f9c778eb3791e1e.jpg,,0,0,no_caries,no_caries,0.7008,0.70077,0.18273,0.0527,0.0638
crops/hibogi_ai_02855_png_1.jpg,hibogi_ai_02855_png,HIBOGI_AI_02855_png_jpg.rf.2ef6f88d6f74ab4f3f9c778eb3791e1e.jpg,,0,0,no_caries,no_caries,0.7921,0.79212,0.10887,0.03651,0.0625
crops/hibogi_ai_02855_png_2.jpg,hibogi_ai_02855_png,HIBOGI_AI_02855_png_jpg.rf.2ef6f88d6f74ab4f3f9c778eb3791e1e.jpg,,0,0,no_caries,no_caries,0.7691,0.76911,0.11637,0.05283,0.06169
crops/hibogi_ai_02855_png_3.jpg,hibogi_ai_02855_png,HIBOGI_AI_02855_png_jpg.rf.2ef6f88d6f74ab4f3f9c778eb3791e1e.jpg,,3,0,moderate,mild,0.769,0.04753,0.76898,0.15752,0.02596
crops/hibogi_ai_02855_png_4.jpg,hibogi_ai_02855_png,HIBOGI_AI_02855_png_jpg.rf.2ef6f88d6f74ab4f3f9c778eb3791e1e.jpg,,3,0,moderate,no_caries,0.579,0.57903,0.25046,0.09407,0.07644
crops/hibogi_ai_02855_png_5.jpg,hibogi_ai_02855_png,HIBOGI_AI_02855_png_jpg.rf.2ef6f88d6f74ab4f3f9c778eb3791e1e.jpg,,1,0,mild,mild,0.5847,0.3018,0.58472,0.06557,0.04791
crops/hibogi_ai_02855_png_6.jpg,hibogi_ai_02855_png,HIBOGI_AI_02855_png_jpg.rf.2ef6f88d6f74ab4f3f9c778eb3791e1e.jpg,,0,0,no_caries,no_caries,0.4971,0.49711,0.39666,0.05513,0.0511
crops/hibogi_ai_02855_png_7.jpg,hibogi_ai_02855_png,HIBOGI_AI_02855_png_jpg.rf.2ef6f88d6f74ab4f3f9c778eb3791e1e.jpg,,0,0,no_caries,no_caries,0.4679,0.46791,0.37332,0.08293,0.07585
crops/hibogi_ai_02855_png_8.jpg,hibogi_ai_02855_png,HIBOGI_AI_02855_png_jpg.rf.2ef6f88d6f74ab4f3f9c778eb3791e1e.jpg,,0,0,no_caries,no_caries,0.8409,0.84087,0.04742,0.03981,0.0719
crops/hibogi_ai_02855_png_9.jpg,hibogi_ai_02855_png,HIBOGI_AI_02855_png_jpg.rf.2ef6f88d6f74ab4f3f9c778eb3791e1e.jpg,,0,0,no_caries,no_caries,0.9311,0.93114,0.0064,0.02788,0.03458
crops/hibogi_ai_02855_png_10.jpg,hibogi_ai_02855_png,HIBOGI_AI_02855_png_jpg.rf.2ef6f88d6f74ab4f3f9c778eb3791e1e.jpg,,0,0,no_caries,no_caries,0.8626,0.86264,0.03709,0.05031,0.04996
crops/hibogi_ai_02855_png_11.jpg,hibogi_ai_02855_png,HIBOGI_AI_02855_png_jpg.rf.2ef6f88d6f74ab4f3f9c778eb3791e1e.jpg,,0,0,no_caries,mild,0.4818,0.466,0.48179,0.02856,0.02365
crops/hibogi_ai_02855_png_12.jpg,hibogi_ai_02855_png,HIBOGI_AI_02855_png_jpg.rf.2ef6f88d6f74ab4f3f9c778eb3791e1e.jpg,,0,0,no_caries,no_caries,0.6342,0.63424,0.2612,0.05728,0.04729
crops/hibogi_ai_02855_png_13.jpg,hibogi_ai_02855_png,HIBOGI_AI_02855_png_jpg.rf.2ef6f88d6f74ab4f3f9c778eb3791e1e.jpg,,0,0,no_caries,mild,0.7575,0.18751,0.75753,0.0262,0.02876
crops/hibogi_ai_02855_png_14.jpg,hibogi_ai_02855_png,HIBOGI_AI_02855_png_jpg.rf.2ef6f88d6f74ab4f3f9c778eb3791e1e.jpg,,0,0,no_caries,no_caries,0.7371,0.73711,0.15963,0.05593,0.04732
crops/hibogi_ai_02855_png_15.jpg,hibogi_ai_02855_png,HIBOGI_AI_02855_png_jpg.rf.2ef6f88d6f74ab4f3f9c778eb3791e1e.jpg,,0,0,no_caries,no_caries,0.7122,0.71222,0.18035,0.05729,0.05014
crops/hibogi_ai_02855_png_16.jpg,hibogi_ai_02855_png,HIBOGI_AI_02855_png_jpg.rf.2ef6f88d6f74ab4f3f9c778eb3791e1e.jpg,,0,0,no_caries,no_caries,0.7279,0.72788,0.16459,0.02932,0.07821
crops/hibogi_ai_02855_png_17.jpg,hibogi_ai_02855_png,HIBOGI_AI_02855_png_jpg.rf.2ef6f88d6f74ab4f3f9c778eb3791e1e.jpg,,0,0,no_caries,no_caries,0.7669,0.76694,0.11971,0.05111,0.06223
crops/hibogi_ai_02855_png_18.jpg,hibogi_ai_02855_png,HIBOGI_AI_02855_png_jpg.rf.2ef6f88d6f74ab4f3f9c778eb3791e1e.jpg,,0,0,no_caries,no_caries,0.6943,0.69426,0.18641,0.05226,0.06707
crops/hibogi_ai_02856_png_0.jpg,hibogi_ai_02856_png,HIBOGI_AI_02856_png_jpg.rf.7b42abe534f507d108f2b3ed1e2e3753.jpg,,2,0,mild,mild,0.711,0.16394,0.71096,0.07599,0.04911
crops/hibogi_ai_02856_png_1.jpg,hibogi_ai_02856_png,HIBOGI_AI_02856_png_jpg.rf.7b42abe534f507d108f2b3ed1e2e3753.jpg,,0,0,no_caries,no_caries,0.7614,0.76137,0.1157,0.05762,0.06532
crops/hibogi_ai_02856_png_2.jpg,hibogi_ai_02856_png,HIBOGI_AI_02856_png_jpg.rf.7b42abe534f507d108f2b3ed1e2e3753.jpg,,1,0,mild,no_caries,0.5032,0.50325,0.33133,0.0465,0.11892
crops/hibogi_ai_02856_png_3.jpg,hibogi_ai_02856_png,HIBOGI_AI_02856_png_jpg.rf.7b42abe534f507d108f2b3ed1e2e3753.jpg,,0,0,no_caries,no_caries,0.6024,0.60238,0.20408,0.05624,0.13731
crops/hibogi_ai_02856_png_4.jpg,hibogi_ai_02856_png,HIBOGI_AI_02856_png_jpg.rf.7b42abe534f507d108f2b3ed1e2e3753.jpg,,1,0,mild,mild,0.514,0.14188,0.51403,0.30752,0.03658
crops/hibogi_ai_02856_png_5.jpg,hibogi_ai_02856_png,HIBOGI_AI_02856_png_jpg.rf.7b42abe534f507d108f2b3ed1e2e3753.jpg,,1,0,mild,mild,0.6667,0.27774,0.66673,0.01461,0.04092
crops/hibogi_ai_02856_png_6.jpg,hibogi_ai_02856_png,HIBOGI_AI_02856_png_jpg.rf.7b42abe534f507d108f2b3ed1e2e3753.jpg,,1,0,mild,no_caries,0.6326,0.63263,0.15714,0.0747,0.13553
crops/hibogi_ai_02856_png_7.jpg,hibogi_ai_02856_png,HIBOGI_AI_02856_png_jpg.rf.7b42abe534f507d108f2b3ed1e2e3753.jpg,,0,0,no_caries,no_caries,0.6197,0.61971,0.27723,0.05065,0.0524
crops/hibogi_ai_02856_png_8.jpg,hibogi_ai_02856_png,HIBOGI_AI_02856_png_jpg.rf.7b42abe534f507d108f2b3ed1e2e3753.jpg,,0,0,no_caries,no_caries,0.5531,0.55307,0.37561,0.02495,0.04637
crops/hibogi_ai_02856_png_9.jpg,hibogi_ai_02856_png,HIBOGI_AI_02856_png_jpg.rf.7b42abe534f507d108f2b3ed1e2e3753.jpg,,0,0,no_caries,no_caries,0.7866,0.78664,0.05799,0.05609,0.09929
crops/hibogi_ai_02856_png_10.jpg,hibogi_ai_02856_png,HIBOGI_AI_02856_png_jpg.rf.7b42abe534f507d108f2b3ed1e2e3753.jpg,,0,0,no_caries,no_caries,0.5614,0.56136,0.27411,0.06993,0.0946
crops/hibogi_ai_02863_png_0.jpg,hibogi_ai_02863_png,HIBOGI_AI_02863_png_jpg.rf.ebe58b511aace90dff5feb6aff22c52a.jpg,,2,0,mild,moderate,0.7825,0.16635,0.02176,0.78247,0.02942
crops/hibogi_ai_02863_png_1.jpg,hibogi_ai_02863_png,HIBOGI_AI_02863_png_jpg.rf.ebe58b511aace90dff5feb6aff22c52a.jpg,,5,0,advanced,advanced,0.8641,0.00543,0.08441,0.04606,0.86411
crops/hibogi_ai_02863_png_2.jpg,hibogi_ai_02863_png,HIBOGI_AI_02863_png_jpg.rf.ebe58b511aace90dff5feb6aff22c52a.jpg,,5,0,advanced,mild,0.6206,0.06953,0.6206,0.02534,0.28453
crops/hibogi_ai_02863_png_3.jpg,hibogi_ai_02863_png,HIBOGI_AI_02863_png_jpg.rf.ebe58b511aace90dff5feb6aff22c52a.jpg,,2,0,mild,mild,0.6229,0.27539,0.62288,0.02957,0.07215
crops/hibogi_ai_02863_png_4.jpg,hibogi_ai_02863_png,HIBOGI_AI_02863_png_jpg.rf.ebe58b511aace90dff5feb6aff22c52a.jpg,,2,0,mild,mild,0.5482,0.36532,0.54816,0.03345,0.05307
crops/hibogi_ai_02863_png_5.jpg,hibogi_ai_02863_png,HIBOGI_AI_02863_png_jpg.rf.ebe58b511aace90dff5feb6aff22c52a.jpg,,2,0,mild,mild,0.7238,0.17791,0.72382,0.0154,0.08288
crops/hibogi_ai_02863_png_6.jpg,hibogi_ai_02863_png,HIBOGI_AI_02863_png_jpg.rf.ebe58b511aace90dff5feb6aff22c52a.jpg,,2,0,mild,no_caries,0.4871,0.48712,0.26997,0.07323,0.16968
crops/hibogi_ai_02863_png_7.jpg,hibogi_ai_02863_png,HIBOGI_AI_02863_png_jpg.rf.ebe58b511aace90dff5feb6aff22c52a.jpg,,2,0,mild,mild,0.7073,0.18492,0.70726,0.02429,0.08353
crops/hibogi_ai_02863_png_8.jpg,hibogi_ai_02863_png,HIBOGI_AI_02863_png_jpg.rf.ebe58b511aace90dff5feb6aff22c52a.jpg,,2,0,mild,no_caries,0.7379,0.73788,0.1019,0.05268,0.10754
crops/hibogi_ai_02863_png_9.jpg,hibogi_ai_02863_png,HIBOGI_AI_02863_png_jpg.rf.ebe58b511aace90dff5feb6aff22c52a.jpg,,2,0,mild,mild,0.9317,0.03393,0.93168,0.0138,0.02058
crops/hibogi_ai_02863_png_10.jpg,hibogi_ai_02863_png,HIBOGI_AI_02863_png_jpg.rf.ebe58b511aace90dff5feb6aff22c52a.jpg,,2,0,mild,mild,0.8939,0.07682,0.89386,0.01575,0.01357
crops/hibogi_ai_02863_png_11.jpg,hibogi_ai_02863_png,HIBOGI_AI_02863_png_jpg.rf.ebe58b511aace90dff5feb6aff22c52a.jpg,,2,0,mild,no_caries,0.4969,0.49694,0.45792,0.01826,0.02688
crops/hibogi_ai_02863_png_12.jpg,hibogi_ai_02863_png,HIBOGI_AI_02863_png_jpg.rf.ebe58b511aace90dff5feb6aff22c52a.jpg,,2,0,mild,mild,0.5285,0.3499,0.52846,0.03871,0.08293
crops/hibogi_ai_02863_png_13.jpg,hibogi_ai_02863_png,HIBOGI_AI_02863_png_jpg.rf.ebe58b511aace90dff5feb6aff22c52a.jpg,,2,0,mild,advanced,0.3799,0.12581,0.12006,0.37427,0.37985
crops/hibogi_ai_02866_png_0.jpg,hibogi_ai_02866_png,HIBOGI_AI_02866_png_jpg.rf.9ea303ba7c8e731f2042dad85d94d385.jpg,,1,0,mild,no_caries,0.5097,0.50973,0.03624,0.3242,0.12983
crops/hibogi_ai_02866_png_1.jpg,hibogi_ai_02866_png,HIBOGI_AI_02866_png_jpg.rf.9ea303ba7c8e731f2042dad85d94d385.jpg,,2,0,mild,mild,0.9559,0.0279,0.95593,0.00621,0.00996
crops/hibogi_ai_02866_png_2.jpg,hibogi_ai_02866_png,HIBOGI_AI_02866_png_jpg.rf.9ea303ba7c8e731f2042dad85d94d385.jpg,,2,0,mild,mild,0.8138,0.09231,0.81383,0.02838,0.06548
crops/hibogi_ai_02866_png_3.jpg,hibogi_ai_02866_png,HIBOGI_AI_02866_png_jpg.rf.9ea303ba7c8e731f2042dad85d94d385.jpg,,2,0,mild,mild,0.987,0.00877,0.98697,0.00097,0.00329
crops/hibogi_ai_02866_png_4.jpg,hibogi_ai_02866_png,HIBOGI_AI_02866_png_jpg.rf.9ea303ba7c8e731f2042dad85d94d385.jpg,,2,0,mild,mild,0.8869,0.0831,0.88693,0.00739,0.02259
crops/hibogi_ai_02866_png_5.jpg,hibogi_ai_02866_png,HIBOGI_AI_02866_png_jpg.rf.9ea303ba7c8e731f2042dad85d94d385.jpg,,2,0,mild,mild,0.9095,0.06697,0.90954,0.00572,0.01778
crops/hibogi_ai_02866_png_6.jpg,hibogi_ai_02866_png,HIBOGI_AI_02866_png_jpg.rf.9ea303ba7c8e731f2042dad85d94d385.jpg,,2,0,mild,mild,0.9329,0.05279,0.93286,0.00212,0.01222
crops/hibogi_ai_02866_png_7.jpg,hibogi_ai_02866_png,HIBOGI_AI_02866_png_jpg.rf.9ea303ba7c8e731f2042dad85d94d385.jpg,,3,0,moderate,advanced,0.4536,0.07618,0.02093,0.44928,0.45362
crops/hibogi_ai_02866_png_8.jpg,hibogi_ai_02866_png,HIBOGI_AI_02866_png_jpg.rf.9ea303ba7c8e731f2042dad85d94d385.jpg,,2,0,mild,no_caries,0.608,0.60796,0.29587,0.07295,0.02322
crops/hibogi_ai_02866_png_9.jpg,hibogi_ai_02866_png,HIBOGI_AI_02866_png_jpg.rf.9ea303ba7c8e731f2042dad85d94d385.jpg,,2,0,mild,mild,0.6847,0.19573,0.68473,0.07555,0.04399
crops/hibogi_ai_02866_png_10.jpg,hibogi_ai_02866_png,HIBOGI_AI_02866_png_jpg.rf.9ea303ba7c8e731f2042dad85d94d385.jpg,,2,0,mild,mild,0.8024,0.15312,0.80235,0.01681,0.02772
crops/hibogi_ai_02866_png_11.jpg,hibogi_ai_02866_png,HIBOGI_AI_02866_png_jpg.rf.9ea303ba7c8e731f2042dad85d94d385.jpg,,2,0,mild,no_caries,0.5476,0.54761,0.26488,0.0524,0.13511
crops/hibogi_ai_02866_png_12.jpg,hibogi_ai_02866_png,HIBOGI_AI_02866_png_jpg.rf.9ea303ba7c8e731f2042dad85d94d385.jpg,,1,0,mild,mild,0.8429,0.1041,0.8429,0.0266,0.0264
crops/hibogi_ai_02866_png_13.jpg,hibogi_ai_02866_png,HIBOGI_AI_02866_png_jpg.rf.9ea303ba7c8e731f2042dad85d94d385.jpg,,1,0,mild,mild,0.817,0.09152,0.81699,0.05822,0.03327
crops/hibogi_ai_02866_png_14.jpg,hibogi_ai_02866_png,HIBOGI_AI_02866_png_jpg.rf.9ea303ba7c8e731f2042dad85d94d385.jpg,,2,0,mild,mild,0.561,0.30274,0.56098,0.07078,0.0655
crops/hibogi_ai_02866_png_15.jpg,hibogi_ai_02866_png,HIBOGI_AI_02866_png_jpg.rf.9ea303ba7c8e731f2042dad85d94d385.jpg,,2,0,mild,mild,0.6261,0.27898,0.6261,0.06403,0.03089
crops/hibogi_ai_02866_png_16.jpg,hibogi_ai_02866_png,HIBOGI_AI_02866_png_jpg.rf.9ea303ba7c8e731f2042dad85d94d385.jpg,,5,0,advanced,advanced,0.6473,0.0387,0.02679,0.28717,0.64734
crops/hibogi_ai_02866_png_17.jpg,hibogi_ai_02866_png,HIBOGI_AI_02866_png_jpg.rf.9ea303ba7c8e731f2042dad85d94d385.jpg,,1,0,mild,moderate,0.9513,0.0364,0.00799,0.95127,0.00433
crops/hibogi_ai_02870_png_0.jpg,hibogi_ai_02870_png,HIBOGI_AI_02870_png_jpg.rf.f8b72b50ef2e469761170a19843ed0db.jpg,,3,0,moderate,moderate,0.9774,0.00024,0.00216,0.9774,0.0202
crops/hibogi_ai_02870_png_1.jpg,hibogi_ai_02870_png,HIBOGI_AI_02870_png_jpg.rf.f8b72b50ef2e469761170a19843ed0db.jpg,,3,0,moderate,moderate,0.9134,0.00235,0.08065,0.91345,0.00355
crops/hibogi_ai_02870_png_2.jpg,hibogi_ai_02870_png,HIBOGI_AI_02870_png_jpg.rf.f8b72b50ef2e469761170a19843ed0db.jpg,,3,0,moderate,moderate,0.7506,0.00566,0.15168,0.75062,0.09204
crops/hibogi_ai_02870_png_3.jpg,hibogi_ai_02870_png,HIBOGI_AI_02870_png_jpg.rf.f8b72b50ef2e469761170a19843ed0db.jpg,,3,0,moderate,moderate,0.5565,0.01524,0.41789,0.55645,0.01042
crops/hibogi_ai_02870_png_4.jpg,hibogi_ai_02870_png,HIBOGI_AI_02870_png_jpg.rf.f8b72b50ef2e469761170a19843ed0db.jpg,,0,0,no_caries,no_caries,0.6326,0.63258,0.25203,0.07454,0.04086
crops/hibogi_ai_02870_png_5.jpg,hibogi_ai_02870_png,HIBOGI_AI_02870_png_jpg.rf.f8b72b50ef2e469761170a19843ed0db.jpg,,0,0,no_caries,no_caries,0.7294,0.72938,0.0826,0.15972,0.0283
crops/hibogi_ai_02870_png_6.jpg,hibogi_ai_02870_png,HIBOGI_AI_02870_png_jpg.rf.f8b72b50ef2e469761170a19843ed0db.jpg,,2,0,mild,no_caries,0.5634,0.56339,0.3189,0.10053,0.01717
crops/hibogi_ai_02870_png_7.jpg,hibogi_ai_02870_png,HIBOGI_AI_02870_png_jpg.rf.f8b72b50ef2e469761170a19843ed0db.jpg,,2,0,mild,no_caries,0.7613,0.76128,0.0836,0.11035,0.04478
crops/hibogi_ai_02870_png_8.jpg,hibogi_ai_02870_png,HIBOGI_AI_02870_png_jpg.rf.f8b72b50ef2e469761170a19843ed0db.jpg,,2,0,mild,no_caries,0.7336,0.73364,0.07515,0.11555,0.07565
crops/hibogi_ai_02870_png_9.jpg,hibogi_ai_02870_png,HIBOGI_AI_02870_png_jpg.rf.f8b72b50ef2e469761170a19843ed0db.jpg,,0,0,no_caries,mild,0.5325,0.33946,0.53247,0.09204,0.03604
crops/hibogi_ai_02870_png_10.jpg,hibogi_ai_02870_png,HIBOGI_AI_02870_png_jpg.rf.f8b72b50ef2e469761170a19843ed0db.jpg,,3,0,moderate,mild,0.445,0.11402,0.44496,0.39481,0.0462
crops/hibogi_ai_02870_png_11.jpg,hibogi_ai_02870_png,HIBOGI_AI_02870_png_jpg.rf.f8b72b50ef2e469761170a19843ed0db.jpg,,3,0,moderate,moderate,0.9806,0.00184,0.0113,0.98065,0.00621
crops/hibogi_ai_02870_png_12.jpg,hibogi_ai_02870_png,HIBOGI_AI_02870_png_jpg.rf.f8b72b50ef2e469761170a19843ed0db.jpg,,3,0,moderate,moderate,0.6597,0.00419,0.32355,0.65968,0.01258
crops/hibogi_ai_02870_png_13.jpg,hibogi_ai_02870_png,HIBOGI_AI_02870_png_jpg.rf.f8b72b50ef2e469761170a19843ed0db.jpg,,3,0,moderate,mild,0.5462,0.00945,0.54618,0.41288,0.03149
crops/hibogi_ai_02897_png_0.jpg,hibogi_ai_02897_png,HIBOGI_AI_02897_png_jpg.rf.d6af8a7d35d0f888142df70b99dcfaf0.jpg,,3,0,moderate,advanced,0.5043,0.058,0.1586,0.27907,0.50433
crops/hibogi_ai_02897_png_1.jpg,hibogi_ai_02897_png,HIBOGI_AI_02897_png_jpg.rf.d6af8a7d35d0f888142df70b99dcfaf0.jpg,,3,0,moderate,moderate,0.5991,0.0787,0.28541,0.59913,0.03675
crops/hibogi_ai_02897_png_2.jpg,hibogi_ai_02897_png,HIBOGI_AI_02897_png_jpg.rf.d6af8a7d35d0f888142df70b99dcfaf0.jpg,,0,0,no_caries,mild,0.4816,0.40098,0.48163,0.08233,0.03506
crops/hibogi_ai_02897_png_3.jpg,hibogi_ai_02897_png,HIBOGI_AI_02897_png_jpg.rf.d6af8a7d35d0f888142df70b99dcfaf0.jpg,,0,0,no_caries,no_caries,0.5544,0.55442,0.27982,0.10881,0.05694
crops/hibogi_ai_02897_png_4.jpg,hibogi_ai_02897_png,HIBOGI_AI_02897_png_jpg.rf.d6af8a7d35d0f888142df70b99dcfaf0.jpg,,0,0,no_caries,no_caries,0.5875,0.5875,0.23744,0.13501,0.04006
crops/hibogi_ai_02897_png_5.jpg,hibogi_ai_02897_png,HIBOGI_AI_02897_png_jpg.rf.d6af8a7d35d0f888142df70b99dcfaf0.jpg,,0,0,no_caries,no_caries,0.5107,0.51068,0.11978,0.31007,0.05947
crops/hibogi_ai_02897_png_6.jpg,hibogi_ai_02897_png,HIBOGI_AI_02897_png_jpg.rf.d6af8a7d35d0f888142df70b99dcfaf0.jpg,,0,0,no_caries,no_caries,0.6243,0.62428,0.22825,0.08866,0.05881
crops/hibogi_ai_02897_png_7.jpg,hibogi_ai_02897_png,HIBOGI_AI_02897_png_jpg.rf.d6af8a7d35d0f888142df70b99dcfaf0.jpg,,0,0,no_caries,no_caries,0.5158,0.51583,0.29751,0.13184,0.05482
crops/hibogi_ai_02897_png_8.jpg,hibogi_ai_02897_png,HIBOGI_AI_02897_png_jpg.rf.d6af8a7d35d0f888142df70b99dcfaf0.jpg,,0,0,no_caries,no_caries,0.6791,0.67913,0.16186,0.1009,0.0581
crops/hibogi_ai_02897_png_9.jpg,hibogi_ai_02897_png,HIBOGI_AI_02897_png_jpg.rf.d6af8a7d35d0f888142df70b99dcfaf0.jpg,,3,0,moderate,moderate,0.8906,0.05084,0.03253,0.89061,0.02601
crops/hibogi_ai_02897_png_10.jpg,hibogi_ai_02897_png,HIBOGI_AI_02897_png_jpg.rf.d6af8a7d35d0f888142df70b99dcfaf0.jpg,,5,0,advanced,moderate,0.6458,0.02679,0.10598,0.64578,0.22144
crops/hibogi_ai_02930_png_0.jpg,hibogi_ai_02930_png,HIBOGI_AI_02930_png_jpg.rf.5b7aec05cfb0d9dff387b9c261d202b5.jpg,,0,0,no_caries,no_caries,0.8739,0.87386,0.05385,0.03759,0.03471
crops/hibogi_ai_02930_png_1.jpg,hibogi_ai_02930_png,HIBOGI_AI_02930_png_jpg.rf.5b7aec05cfb0d9dff387b9c261d202b5.jpg,,0,0,no_caries,no_caries,0.8144,0.81445,0.07246,0.06459,0.0485
crops/hibogi_ai_02930_png_2.jpg,hibogi_ai_02930_png,HIBOGI_AI_02930_png_jpg.rf.5b7aec05cfb0d9dff387b9c261d202b5.jpg,,0,0,no_caries,no_caries,0.7899,0.78994,0.10237,0.04703,0.06066
crops/hibogi_ai_02930_png_3.jpg,hibogi_ai_02930_png,HIBOGI_AI_02930_png_jpg.rf.5b7aec05cfb0d9dff387b9c261d202b5.jpg,,0,0,no_caries,no_caries,0.7575,0.75751,0.08935,0.0661,0.08705
crops/hibogi_ai_02930_png_4.jpg,hibogi_ai_02930_png,HIBOGI_AI_02930_png_jpg.rf.5b7aec05cfb0d9dff387b9c261d202b5.jpg,,0,0,no_caries,no_caries,0.8306,0.83064,0.08802,0.03966,0.04168
crops/hibogi_ai_02930_png_5.jpg,hibogi_ai_02930_png,HIBOGI_AI_02930_png_jpg.rf.5b7aec05cfb0d9dff387b9c261d202b5.jpg,,0,0,no_caries,no_caries,0.6318,0.63177,0.08689,0.25705,0.02429
crops/hibogi_ai_02930_png_6.jpg,hibogi_ai_02930_png,HIBOGI_AI_02930_png_jpg.rf.5b7aec05cfb0d9dff387b9c261d202b5.jpg,,2,0,mild,moderate,0.5849,0.33174,0.0487,0.58491,0.03465
crops/hibogi_ai_02930_png_7.jpg,hibogi_ai_02930_png,HIBOGI_AI_02930_png_jpg.rf.5b7aec05cfb0d9dff387b9c261d202b5.jpg,,0,0,no_caries,no_caries,0.8182,0.81815,0.08345,0.04655,0.05185
crops/hibogi_ai_02930_png_8.jpg,hibogi_ai_02930_png,HIBOGI_AI_02930_png_jpg.rf.5b7aec05cfb0d9dff387b9c261d202b5.jpg,,0,0,no_caries,no_caries,0.748,0.74798,0.17336,0.04299,0.03566
crops/hibogi_ai_02930_png_9.jpg,hibogi_ai_02930_png,HIBOGI_AI_02930_png_jpg.rf.5b7aec05cfb0d9dff387b9c261d202b5.jpg,,0,0,no_caries,no_caries,0.8653,0.86526,0.05373,0.03215,0.04886
crops/hibogi_ai_02930_png_10.jpg,hibogi_ai_02930_png,HIBOGI_AI_02930_png_jpg.rf.5b7aec05cfb0d9dff387b9c261d202b5.jpg,,0,0,no_caries,no_caries,0.8458,0.8458,0.06691,0.05434,0.03295
crops/hibogi_ai_02930_png_11.jpg,hibogi_ai_02930_png,HIBOGI_AI_02930_png_jpg.rf.5b7aec05cfb0d9dff387b9c261d202b5.jpg,,0,0,no_caries,no_caries,0.8636,0.86362,0.05119,0.04514,0.04005
crops/hibogi_ai_02930_png_12.jpg,hibogi_ai_02930_png,HIBOGI_AI_02930_png_jpg.rf.5b7aec05cfb0d9dff387b9c261d202b5.jpg,,0,0,no_caries,no_caries,0.8091,0.80906,0.07701,0.06734,0.04659
crops/hibogi_ai_02930_png_13.jpg,hibogi_ai_02930_png,HIBOGI_AI_02930_png_jpg.rf.5b7aec05cfb0d9dff387b9c261d202b5.jpg,,0,0,no_caries,no_caries,0.8532,0.85323,0.07133,0.05326,0.02217
crops/hibogi_ai_02956_png_0.jpg,hibogi_ai_02956_png,HIBOGI_AI_02956_png_jpg.rf.21c76aab99ed52a5b4a1d2ffd54e58d9.jpg,,2,0,mild,mild,0.5099,0.43423,0.50992,0.01996,0.03589
crops/hibogi_ai_02956_png_1.jpg,hibogi_ai_02956_png,HIBOGI_AI_02956_png_jpg.rf.21c76aab99ed52a5b4a1d2ffd54e58d9.jpg,,2,0,mild,mild,0.7575,0.17221,0.75755,0.05212,0.01812
crops/hibogi_ai_02956_png_2.jpg,hibogi_ai_02956_png,HIBOGI_AI_02956_png_jpg.rf.21c76aab99ed52a5b4a1d2ffd54e58d9.jpg,,2,0,mild,no_caries,0.7316,0.73163,0.16053,0.04686,0.06097
crops/hibogi_ai_02956_png_3.jpg,hibogi_ai_02956_png,HIBOGI_AI_02956_png_jpg.rf.21c76aab99ed52a5b4a1d2ffd54e58d9.jpg,,2,0,mild,no_caries,0.807,0.80701,0.12165,0.03422,0.03712
crops/hibogi_ai_02956_png_4.jpg,hibogi_ai_02956_png,HIBOGI_AI_02956_png_jpg.rf.21c76aab99ed52a5b4a1d2ffd54e58d9.jpg,,5,0,advanced,advanced,0.3838,0.35407,0.20719,0.05498,0.38376
crops/hibogi_ai_02956_png_5.jpg,hibogi_ai_02956_png,HIBOGI_AI_02956_png_jpg.rf.21c76aab99ed52a5b4a1d2ffd54e58d9.jpg,,5,0,advanced,mild,0.7315,0.22482,0.73151,0.02756,0.0161
crops/hibogi_ai_02956_png_6.jpg,hibogi_ai_02956_png,HIBOGI_AI_02956_png_jpg.rf.21c76aab99ed52a5b4a1d2ffd54e58d9.jpg,,5,0,advanced,no_caries,0.7115,0.71148,0.13415,0.06918,0.08519
crops/hibogi_ai_02956_png_7.jpg,hibogi_ai_02956_png,HIBOGI_AI_02956_png_jpg.rf.21c76aab99ed52a5b4a1d2ffd54e58d9.jpg,,5,0,advanced,no_caries,0.6021,0.6021,0.31939,0.02818,0.05034
crops/hibogi_ai_02956_png_8.jpg,hibogi_ai_02956_png,HIBOGI_AI_02956_png_jpg.rf.21c76aab99ed52a5b4a1d2ffd54e58d9.jpg,,5,0,advanced,advanced,0.8911,0.03021,0.00914,0.06953,0.89111
crops/hibogi_ai_02956_png_9.jpg,hibogi_ai_02956_png,HIBOGI_AI_02956_png_jpg.rf.21c76aab99ed52a5b4a1d2ffd54e58d9.jpg,,4,0,moderate,no_caries,0.3787,0.3787,0.27989,0.18122,0.16018
crops/hibogi_ai_02956_png_10.jpg,hibogi_ai_02956_png,HIBOGI_AI_02956_png_jpg.rf.21c76aab99ed52a5b4a1d2ffd54e58d9.jpg,,2,0,mild,no_caries,0.5257,0.5257,0.18253,0.04306,0.24871
crops/hibogi_ai_02956_png_11.jpg,hibogi_ai_02956_png,HIBOGI_AI_02956_png_jpg.rf.21c76aab99ed52a5b4a1d2ffd54e58d9.jpg,,2,0,mild,mild,0.4625,0.43457,0.46249,0.03691,0.06603
crops/hibogi_ai_02956_png_12.jpg,hibogi_ai_02956_png,HIBOGI_AI_02956_png_jpg.rf.21c76aab99ed52a5b4a1d2ffd54e58d9.jpg,,2,0,mild,no_caries,0.7801,0.78009,0.07752,0.06085,0.08153
crops/hibogi_ai_02956_png_13.jpg,hibogi_ai_02956_png,HIBOGI_AI_02956_png_jpg.rf.21c76aab99ed52a5b4a1d2ffd54e58d9.jpg,,2,0,mild,no_caries,0.8039,0.80391,0.05753,0.06773,0.07083
crops/hibogi_ai_02956_png_14.jpg,hibogi_ai_02956_png,HIBOGI_AI_02956_png_jpg.rf.21c76aab99ed52a5b4a1d2ffd54e58d9.jpg,,2,0,mild,no_caries,0.6484,0.64844,0.22943,0.08044,0.04168
crops/hibogi_ai_02956_png_15.jpg,hibogi_ai_02956_png,HIBOGI_AI_02956_png_jpg.rf.21c76aab99ed52a5b4a1d2ffd54e58d9.jpg,,2,0,mild,no_caries,0.6978,0.69777,0.13691,0.10916,0.05616
crops/hibogi_ai_02956_png_16.jpg,hibogi_ai_02956_png,HIBOGI_AI_02956_png_jpg.rf.21c76aab99ed52a5b4a1d2ffd54e58d9.jpg,,2,0,mild,mild,0.5745,0.3316,0.57449,0.05325,0.04067
crops/hibogi_ai_02956_png_17.jpg,hibogi_ai_02956_png,HIBOGI_AI_02956_png_jpg.rf.21c76aab99ed52a5b4a1d2ffd54e58d9.jpg,,2,0,mild,no_caries,0.5348,0.53481,0.32978,0.08443,0.05098
crops/hibogi_ai_02956_png_18.jpg,hibogi_ai_02956_png,HIBOGI_AI_02956_png_jpg.rf.21c76aab99ed52a5b4a1d2ffd54e58d9.jpg,,4,0,moderate,advanced,0.4186,0.39079,0.02751,0.16305,0.41865
crops/hibogi_ai_02960_png_0.jpg,hibogi_ai_02960_png,HIBOGI_AI_02960_png_jpg.rf.307ff1189987238eb9eee6b18b385e4e.jpg,,0,0,no_caries,mild,0.5538,0.06813,0.5538,0.35846,0.0196
crops/hibogi_ai_02960_png_1.jpg,hibogi_ai_02960_png,HIBOGI_AI_02960_png_jpg.rf.307ff1189987238eb9eee6b18b385e4e.jpg,,5,0,advanced,advanced,0.8385,0.00294,0.03174,0.12687,0.83845
crops/hibogi_ai_02960_png_2.jpg,hibogi_ai_02960_png,HIBOGI_AI_02960_png_jpg.rf.307ff1189987238eb9eee6b18b385e4e.jpg,,6,0,advanced,advanced,0.9143,0.03001,0.03897,0.01677,0.91426
crops/hibogi_ai_02960_png_3.jpg,hibogi_ai_02960_png,HIBOGI_AI_02960_png_jpg.rf.307ff1189987238eb9eee6b18b385e4e.jpg,,3,0,moderate,mild,0.4839,0.23446,0.48393,0.20712,0.07449
crops/hibogi_ai_02960_png_4.jpg,hibogi_ai_02960_png,HIBOGI_AI_02960_png_jpg.rf.307ff1189987238eb9eee6b18b385e4e.jpg,,0,0,no_caries,mild,0.646,0.07535,0.64601,0.22527,0.05337
crops/hibogi_ai_02960_png_5.jpg,hibogi_ai_02960_png,HIBOGI_AI_02960_png_jpg.rf.307ff1189987238eb9eee6b18b385e4e.jpg,,0,0,no_caries,mild,0.4728,0.24833,0.47281,0.26175,0.01711
crops/hibogi_ai_02960_png_6.jpg,hibogi_ai_02960_png,HIBOGI_AI_02960_png_jpg.rf.307ff1189987238eb9eee6b18b385e4e.jpg,,0,0,no_caries,no_caries,0.5083,0.50829,0.44708,0.01351,0.03112
crops/hibogi_ai_02960_png_7.jpg,hibogi_ai_02960_png,HIBOGI_AI_02960_png_jpg.rf.307ff1189987238eb9eee6b18b385e4e.jpg,,0,0,no_caries,no_caries,0.7399,0.73989,0.1417,0.06942,0.04899
crops/hibogi_ai_02960_png_8.jpg,hibogi_ai_02960_png,HIBOGI_AI_02960_png_jpg.rf.307ff1189987238eb9eee6b18b385e4e.jpg,,0,0,no_caries,mild,0.4347,0.35625,0.43468,0.18605,0.02302
crops/hibogi_ai_02960_png_9.jpg,hibogi_ai_02960_png,HIBOGI_AI_02960_png_jpg.rf.307ff1189987238eb9eee6b18b385e4e.jpg,,0,0,no_caries,no_caries,0.4639,0.46393,0.45504,0.0303,0.05074
crops/hibogi_ai_02960_png_10.jpg,hibogi_ai_02960_png,HIBOGI_AI_02960_png_jpg.rf.307ff1189987238eb9eee6b18b385e4e.jpg,,0,0,no_caries,no_caries,0.4949,0.49491,0.31053,0.16841,0.02616
crops/hibogi_ai_02960_png_11.jpg,hibogi_ai_02960_png,HIBOGI_AI_02960_png_jpg.rf.307ff1189987238eb9eee6b18b385e4e.jpg,,0,0,no_caries,moderate,0.5905,0.12717,0.25381,0.59055,0.02846
crops/hibogi_ai_02960_png_12.jpg,hibogi_ai_02960_png,HIBOGI_AI_02960_png_jpg.rf.307ff1189987238eb9eee6b18b385e4e.jpg,,5,0,advanced,moderate,0.5024,0.04294,0.14691,0.50242,0.30773
crops/hibogi_ai_02960_png_13.jpg,hibogi_ai_02960_png,HIBOGI_AI_02960_png_jpg.rf.307ff1189987238eb9eee6b18b385e4e.jpg,,3,0,moderate,moderate,0.4774,0.01603,0.33238,0.47742,0.17417
crops/hibogi_ai_02961_png_0.jpg,hibogi_ai_02961_png,HIBOGI_AI_02961_png_jpg.rf.4d17fa852881c602b3fb111547519420.jpg,,3,0,moderate,mild,0.4621,0.38022,0.46213,0.11843,0.03922
crops/hibogi_ai_02961_png_1.jpg,hibogi_ai_02961_png,HIBOGI_AI_02961_png_jpg.rf.4d17fa852881c602b3fb111547519420.jpg,,3,0,moderate,mild,0.9163,0.00452,0.91635,0.07296,0.00618
crops/hibogi_ai_02961_png_2.jpg,hibogi_ai_02961_png,HIBOGI_AI_02961_png_jpg.rf.4d17fa852881c602b3fb111547519420.jpg,,3,0,moderate,mild,0.6169,0.15908,0.61688,0.14788,0.07616
crops/hibogi_ai_02961_png_3.jpg,hibogi_ai_02961_png,HIBOGI_AI_02961_png_jpg.rf.4d17fa852881c602b3fb111547519420.jpg,,3,0,moderate,mild,0.8401,0.06425,0.84013,0.03242,0.0632
crops/hibogi_ai_02961_png_4.jpg,hibogi_ai_02961_png,HIBOGI_AI_02961_png_jpg.rf.4d17fa852881c602b3fb111547519420.jpg,,3,0,moderate,mild,0.9609,0.00382,0.96088,0.02124,0.01406
crops/hibogi_ai_02961_png_5.jpg,hibogi_ai_02961_png,HIBOGI_AI_02961_png_jpg.rf.4d17fa852881c602b3fb111547519420.jpg,,3,0,moderate,mild,0.6893,0.21234,0.68926,0.06698,0.03142
crops/hibogi_ai_02961_png_6.jpg,hibogi_ai_02961_png,HIBOGI_AI_02961_png_jpg.rf.4d17fa852881c602b3fb111547519420.jpg,,3,0,moderate,mild,0.5682,0.31736,0.5682,0.0256,0.08885
crops/hibogi_ai_02961_png_7.jpg,hibogi_ai_02961_png,HIBOGI_AI_02961_png_jpg.rf.4d17fa852881c602b3fb111547519420.jpg,,0,0,no_caries,no_caries,0.7322,0.7322,0.11454,0.04049,0.11277
crops/hibogi_ai_02961_png_8.jpg,hibogi_ai_02961_png,HIBOGI_AI_02961_png_jpg.rf.4d17fa852881c602b3fb111547519420.jpg,,0,0,no_caries,no_caries,0.8231,0.82311,0.08151,0.02737,0.06801
crops/hibogi_ai_02961_png_9.jpg,hibogi_ai_02961_png,HIBOGI_AI_02961_png_jpg.rf.4d17fa852881c602b3fb111547519420.jpg,,0,0,no_caries,mild,0.4629,0.39221,0.46288,0.04664,0.09828
crops/hibogi_ai_02961_png_10.jpg,hibogi_ai_02961_png,HIBOGI_AI_02961_png_jpg.rf.4d17fa852881c602b3fb111547519420.jpg,,3,0,moderate,mild,0.9312,0.00478,0.93117,0.02239,0.04166
crops/hibogi_ai_02961_png_11.jpg,hibogi_ai_02961_png,HIBOGI_AI_02961_png_jpg.rf.4d17fa852881c602b3fb111547519420.jpg,,3,0,moderate,mild,0.9923,0.00082,0.99225,0.00074,0.00619
crops/hibogi_ai_02961_png_12.jpg,hibogi_ai_02961_png,HIBOGI_AI_02961_png_jpg.rf.4d17fa852881c602b3fb111547519420.jpg,,3,0,moderate,mild,0.9824,0.00586,0.98243,0.00732,0.0044
crops/hibogi_ai_02961_png_13.jpg,hibogi_ai_02961_png,HIBOGI_AI_02961_png_jpg.rf.4d17fa852881c602b3fb111547519420.jpg,,3,0,moderate,mild,0.9933,0.00179,0.99328,0.00262,0.00231
crops/hibogi_ai_02961_png_14.jpg,hibogi_ai_02961_png,HIBOGI_AI_02961_png_jpg.rf.4d17fa852881c602b3fb111547519420.jpg,,3,0,moderate,mild,0.9905,0.00025,0.99048,0.00047,0.00879
crops/hibogi_ai_02961_png_15.jpg,hibogi_ai_02961_png,HIBOGI_AI_02961_png_jpg.rf.4d17fa852881c602b3fb111547519420.jpg,,3,0,moderate,mild,0.7864,0.13867,0.78645,0.0201,0.05478
crops/hibogi_ai_02961_png_16.jpg,hibogi_ai_02961_png,HIBOGI_AI_02961_png_jpg.rf.4d17fa852881c602b3fb111547519420.jpg,,3,0,moderate,mild,0.6948,0.27632,0.6948,0.00453,0.02436
crops/hibogi_ai_02961_png_17.jpg,hibogi_ai_02961_png,HIBOGI_AI_02961_png_jpg.rf.4d17fa852881c602b3fb111547519420.jpg,,3,0,moderate,no_caries,0.4174,0.41738,0.4055,0.03685,0.14027
crops/hibogi_ai_02968_png_0.jpg,hibogi_ai_02968_png,HIBOGI_AI_02968_png_jpg.rf.498a1c8dd5897cc6356ca9e8f629a956.jpg,,2,0,mild,advanced,0.6057,0.15182,0.15353,0.08898,0.60567
crops/hibogi_ai_02968_png_1.jpg,hibogi_ai_02968_png,HIBOGI_AI_02968_png_jpg.rf.498a1c8dd5897cc6356ca9e8f629a956.jpg,,0,0,no_caries,no_caries,0.7351,0.73506,0.1461,0.05615,0.06269
crops/hibogi_ai_02968_png_2.jpg,hibogi_ai_02968_png,HIBOGI_AI_02968_png_jpg.rf.498a1c8dd5897cc6356ca9e8f629a956.jpg,,0,0,no_caries,no_caries,0.7673,0.76728,0.08635,0.0654,0.08097
crops/hibogi_ai_02968_png_3.jpg,hibogi_ai_02968_png,HIBOGI_AI_02968_png_jpg.rf.498a1c8dd5897cc6356ca9e8f629a956.jpg,,0,0,no_caries,no_caries,0.6845,0.68453,0.18214,0.03237,0.10096
crops/hibogi_ai_02968_png_4.jpg,hibogi_ai_02968_png,HIBOGI_AI_02968_png_jpg.rf.498a1c8dd5897cc6356ca9e8f629a956.jpg,,0,0,no_caries,no_caries,0.8058,0.80577,0.06127,0.05356,0.0794
crops/hibogi_ai_02968_png_5.jpg,hibogi_ai_02968_png,HIBOGI_AI_02968_png_jpg.rf.498a1c8dd5897cc6356ca9e8f629a956.jpg,,0,0,no_caries,no_caries,0.6786,0.67856,0.08225,0.16226,0.07694
crops/hibogi_ai_02968_png_6.jpg,hibogi_ai_02968_png,HIBOGI_AI_02968_png_jpg.rf.498a1c8dd5897cc6356ca9e8f629a956.jpg,,0,0,no_caries,no_caries,0.8575,0.85747,0.02931,0.08272,0.03049
crops/hibogi_ai_02968_png_7.jpg,hibogi_ai_02968_png,HIBOGI_AI_02968_png_jpg.rf.498a1c8dd5897cc6356ca9e8f629a956.jpg,,0,0,no_caries,no_caries,0.7589,0.75892,0.15739,0.03386,0.04982
crops/hibogi_ai_02968_png_8.jpg,hibogi_ai_02968_png,HIBOGI_AI_02968_png_jpg.rf.498a1c8dd5897cc6356ca9e8f629a956.jpg,,0,0,no_caries,no_caries,0.7803,0.78034,0.15177,0.03251,0.03538
crops/hibogi_ai_02968_png_9.jpg,hibogi_ai_02968_png,HIBOGI_AI_02968_png_jpg.rf.498a1c8dd5897cc6356ca9e8f629a956.jpg,,0,0,no_caries,no_caries,0.7527,0.75275,0.068,0.08586,0.0934
crops/hibogi_ai_02968_png_10.jpg,hibogi_ai_02968_png,HIBOGI_AI_02968_png_jpg.rf.498a1c8dd5897cc6356ca9e8f629a956.jpg,,0,0,no_caries,no_caries,0.8162,0.81621,0.0356,0.10332,0.04487
crops/hibogi_ai_02974_png_0.jpg,hibogi_ai_02974_png,HIBOGI_AI_02974_png_jpg.rf.1c6a555288b00b02f24171b0f8a13e0c.jpg,,0,0,no_caries,moderate,0.5806,0.3704,0.03571,0.5806,0.01328
crops/hibogi_ai_02974_png_1.jpg,hibogi_ai_02974_png,HIBOGI_AI_02974_png_jpg.rf.1c6a555288b00b02f24171b0f8a13e0c.jpg,,2,0,mild,moderate,0.5739,0.01396,0.3615,0.57395,0.05059
crops/hibogi_ai_02974_png_2.jpg,hibogi_ai_02974_png,HIBOGI_AI_02974_png_jpg.rf.1c6a555288b00b02f24171b0f8a13e0c.jpg,,2,0,mild,mild,0.7225,0.01402,0.72246,0.2474,0.01612
crops/hibogi_ai_02974_png_3.jpg,hibogi_ai_02974_png,HIBOGI_AI_02974_png_jpg.rf.1c6a555288b00b02f24171b0f8a13e0c.jpg,,5,0,advanced,moderate,0.8935,0.00477,0.02029,0.89352,0.08143
crops/hibogi_ai_02974_png_4.jpg,hibogi_ai_02974_png,HIBOGI_AI_02974_png_jpg.rf.1c6a555288b00b02f24171b0f8a13e0c.jpg,,0,0,no_caries,no_caries,0.6843,0.68428,0.1456,0.10405,0.06607
crops/hibogi_ai_02974_png_5.jpg,hibogi_ai_02974_png,HIBOGI_AI_02974_png_jpg.rf.1c6a555288b00b02f24171b0f8a13e0c.jpg,,0,0,no_caries,mild,0.5267,0.34607,0.52667,0.04055,0.0867
crops/hibogi_ai_02974_png_6.jpg,hibogi_ai_02974_png,HIBOGI_AI_02974_png_jpg.rf.1c6a555288b00b02f24171b0f8a13e0c.jpg,,0,0,no_caries,no_caries,0.5513,0.55131,0.25146,0.11034,0.08689
crops/hibogi_ai_02974_png_7.jpg,hibogi_ai_02974_png,HIBOGI_AI_02974_png_jpg.rf.1c6a555288b00b02f24171b0f8a13e0c.jpg,,0,0,no_caries,no_caries,0.6922,0.69218,0.1593,0.07511,0.0734
crops/hibogi_ai_02974_png_8.jpg,hibogi_ai_02974_png,HIBOGI_AI_02974_png_jpg.rf.1c6a555288b00b02f24171b0f8a13e0c.jpg,,0,0,no_caries,no_caries,0.4649,0.46493,0.43782,0.07782,0.01943
crops/hibogi_ai_02981_png_0.jpg,hibogi_ai_02981_png,HIBOGI_AI_02981_png_jpg.rf.7b60c0527c4b609ecf6ad7f44be6714b.jpg,,0,0,no_caries,mild,0.4799,0.11809,0.47992,0.38315,0.01884
crops/hibogi_ai_02981_png_1.jpg,hibogi_ai_02981_png,HIBOGI_AI_02981_png_jpg.rf.7b60c0527c4b609ecf6ad7f44be6714b.jpg,,5,0,advanced,advanced,0.725,0.02285,0.16577,0.08641,0.72497
crops/hibogi_ai_02981_png_2.jpg,hibogi_ai_02981_png,HIBOGI_AI_02981_png_jpg.rf.7b60c0527c4b609ecf6ad7f44be6714b.jpg,,0,0,no_caries,moderate,0.7216,0.20452,0.04976,0.72158,0.02414
crops/hibogi_ai_02981_png_3.jpg,hibogi_ai_02981_png,HIBOGI_AI_02981_png_jpg.rf.7b60c0527c4b609ecf6ad7f44be6714b.jpg,,0,0,no_caries,no_caries,0.7196,0.71955,0.06191,0.16285,0.05569
crops/hibogi_ai_02981_png_4.jpg,hibogi_ai_02981_png,HIBOGI_AI_02981_png_jpg.rf.7b60c0527c4b609ecf6ad7f44be6714b.jpg,,0,0,no_caries,no_caries,0.7361,0.7361,0.11611,0.07231,0.07548
crops/hibogi_ai_02981_png_5.jpg,hibogi_ai_02981_png,HIBOGI_AI_02981_png_jpg.rf.7b60c0527c4b609ecf6ad7f44be6714b.jpg,,0,0,no_caries,no_caries,0.5831,0.58308,0.12919,0.20427,0.08345
crops/hibogi_ai_02981_png_6.jpg,hibogi_ai_02981_png,HIBOGI_AI_02981_png_jpg.rf.7b60c0527c4b609ecf6ad7f44be6714b.jpg,,0,0,no_caries,no_caries,0.6536,0.6536,0.04041,0.27021,0.03578
crops/hibogi_ai_02981_png_7.jpg,hibogi_ai_02981_png,HIBOGI_AI_02981_png_jpg.rf.7b60c0527c4b609ecf6ad7f44be6714b.jpg,,0,0,no_caries,no_caries,0.6933,0.69327,0.11597,0.14311,0.04764
crops/hibogi_ai_02981_png_8.jpg,hibogi_ai_02981_png,HIBOGI_AI_02981_png_jpg.rf.7b60c0527c4b609ecf6ad7f44be6714b.jpg,,0,0,no_caries,no_caries,0.613,0.61297,0.20913,0.13057,0.04733
crops/hibogi_ai_02981_png_9.jpg,hibogi_ai_02981_png,HIBOGI_AI_02981_png_jpg.rf.7b60c0527c4b609ecf6ad7f44be6714b.jpg,,0,0,no_caries,no_caries,0.3916,0.39159,0.37061,0.21293,0.02486
crops/hibogi_ai_02981_png_10.jpg,hibogi_ai_02981_png,HIBOGI_AI_02981_png_jpg.rf.7b60c0527c4b609ecf6ad7f44be6714b.jpg,,0,0,no_caries,no_caries,0.627,0.62695,0.06267,0.25957,0.05081
crops/hibogi_ai_02981_png_11.jpg,hibogi_ai_02981_png,HIBOGI_AI_02981_png_jpg.rf.7b60c0527c4b609ecf6ad7f44be6714b.jpg,,0,0,no_caries,no_caries,0.6083,0.60829,0.18782,0.11225,0.09164
crops/hibogi_ai_02981_png_12.jpg,hibogi_ai_02981_png,HIBOGI_AI_02981_png_jpg.rf.7b60c0527c4b609ecf6ad7f44be6714b.jpg,,0,0,no_caries,no_caries,0.6569,0.65692,0.17552,0.08386,0.08371
crops/hibogi_ai_03004_png_0.jpg,hibogi_ai_03004_png,HIBOGI_AI_03004_png_jpg.rf.13d3d6b7d5d8b6ddfee26ae16a4fa732.jpg,,0,0,no_caries,advanced,0.7206,0.11513,0.12686,0.03745,0.72056
crops/hibogi_ai_03004_png_1.jpg,hibogi_ai_03004_png,HIBOGI_AI_03004_png_jpg.rf.13d3d6b7d5d8b6ddfee26ae16a4fa732.jpg,,0,0,no_caries,no_caries,0.7582,0.75823,0.07767,0.1224,0.0417
crops/hibogi_ai_03004_png_2.jpg,hibogi_ai_03004_png,HIBOGI_AI_03004_png_jpg.rf.13d3d6b7d5d8b6ddfee26ae16a4fa732.jpg,,0,0,no_caries,advanced,0.4355,0.3797,0.02907,0.1557,0.43553
crops/hibogi_ai_03004_png_3.jpg,hibogi_ai_03004_png,HIBOGI_AI_03004_png_jpg.rf.13d3d6b7d5d8b6ddfee26ae16a4fa732.jpg,,6,0,advanced,advanced,0.8947,0.01399,0.01251,0.07885,0.89465
crops/hibogi_ai_03004_png_4.jpg,hibogi_ai_03004_png,HIBOGI_AI_03004_png_jpg.rf.13d3d6b7d5d8b6ddfee26ae16a4fa732.jpg,,0,0,no_caries,no_caries,0.6154,0.61542,0.29675,0.04758,0.04026
crops/hibogi_ai_03004_png_5.jpg,hibogi_ai_03004_png,HIBOGI_AI_03004_png_jpg.rf.13d3d6b7d5d8b6ddfee26ae16a4fa732.jpg,,0,0,no_caries,no_caries,0.6337,0.63369,0.26338,0.04484,0.05808
crops/hibogi_ai_03004_png_6.jpg,hibogi_ai_03004_png,HIBOGI_AI_03004_png_jpg.rf.13d3d6b7d5d8b6ddfee26ae16a4fa732.jpg,,2,0,mild,no_caries,0.5047,0.50474,0.27233,0.05328,0.16965
crops/hibogi_ai_03004_png_7.jpg,hibogi_ai_03004_png,HIBOGI_AI_03004_png_jpg.rf.13d3d6b7d5d8b6ddfee26ae16a4fa732.jpg,,0,0,no_caries,no_caries,0.7028,0.70276,0.14621,0.062,0.08903
crops/hibogi_ai_03004_png_8.jpg,hibogi_ai_03004_png,HIBOGI_AI_03004_png_jpg.rf.13d3d6b7d5d8b6ddfee26ae16a4fa732.jpg,,0,0,no_caries,no_caries,0.6994,0.69939,0.17308,0.06358,0.06395
crops/hibogi_ai_03004_png_9.jpg,hibogi_ai_03004_png,HIBOGI_AI_03004_png_jpg.rf.13d3d6b7d5d8b6ddfee26ae16a4fa732.jpg,,0,0,no_caries,no_caries,0.6471,0.64713,0.25001,0.05508,0.04778
crops/hibogi_ai_03004_png_10.jpg,hibogi_ai_03004_png,HIBOGI_AI_03004_png_jpg.rf.13d3d6b7d5d8b6ddfee26ae16a4fa732.jpg,,0,0,no_caries,no_caries,0.7786,0.77857,0.08403,0.10271,0.0347
crops/hibogi_ai_03004_png_11.jpg,hibogi_ai_03004_png,HIBOGI_AI_03004_png_jpg.rf.13d3d6b7d5d8b6ddfee26ae16a4fa732.jpg,,0,0,no_caries,no_caries,0.6082,0.60816,0.33768,0.01612,0.03804
crops/hibogi_ai_03004_png_12.jpg,hibogi_ai_03004_png,HIBOGI_AI_03004_png_jpg.rf.13d3d6b7d5d8b6ddfee26ae16a4fa732.jpg,,0,0,no_caries,no_caries,0.6926,0.69257,0.17375,0.07729,0.05639
crops/hibogi_ai_03004_png_13.jpg,hibogi_ai_03004_png,HIBOGI_AI_03004_png_jpg.rf.13d3d6b7d5d8b6ddfee26ae16a4fa732.jpg,,0,0,no_caries,no_caries,0.7894,0.78944,0.06526,0.08246,0.06285
crops/hibogi_ai_03004_png_14.jpg,hibogi_ai_03004_png,HIBOGI_AI_03004_png_jpg.rf.13d3d6b7d5d8b6ddfee26ae16a4fa732.jpg,,0,0,no_caries,no_caries,0.839,0.83897,0.01853,0.1026,0.0399
crops/hibogi_ai_03004_png_15.jpg,hibogi_ai_03004_png,HIBOGI_AI_03004_png_jpg.rf.13d3d6b7d5d8b6ddfee26ae16a4fa732.jpg,,0,0,no_caries,no_caries,0.8312,0.83118,0.02763,0.05194,0.08925
crops/hibogi_ai_03013_png_0.jpg,hibogi_ai_03013_png,HIBOGI_AI_03013_png_jpg.rf.531189d728db8c928363762a0ce5f4f8.jpg,,0,0,no_caries,no_caries,0.455,0.455,0.43734,0.04533,0.06232
crops/hibogi_ai_03013_png_1.jpg,hibogi_ai_03013_png,HIBOGI_AI_03013_png_jpg.rf.531189d728db8c928363762a0ce5f4f8.jpg,,0,0,no_caries,no_caries,0.8325,0.8325,0.0446,0.05806,0.06484
crops/hibogi_ai_03013_png_2.jpg,hibogi_ai_03013_png,HIBOGI_AI_03013_png_jpg.rf.531189d728db8c928363762a0ce5f4f8.jpg,,0,0,no_caries,no_caries,0.7262,0.72616,0.16534,0.06784,0.04066
crops/hibogi_ai_03013_png_3.jpg,hibogi_ai_03013_png,HIBOGI_AI_03013_png_jpg.rf.531189d728db8c928363762a0ce5f4f8.jpg,,0,0,no_caries,no_caries,0.7451,0.74511,0.09663,0.12837,0.0299
crops/hibogi_ai_03013_png_4.jpg,hibogi_ai_03013_png,HIBOGI_AI_03013_png_jpg.rf.531189d728db8c928363762a0ce5f4f8.jpg,,0,0,no_caries,no_caries,0.6801,0.68009,0.2464,0.03713,0.03638
crops/hibogi_ai_03013_png_5.jpg,hibogi_ai_03013_png,HIBOGI_AI_03013_png_jpg.rf.531189d728db8c928363762a0ce5f4f8.jpg,,0,0,no_caries,no_caries,0.693,0.69304,0.22988,0.0302,0.04688
crops/hibogi_ai_03013_png_6.jpg,hibogi_ai_03013_png,HIBOGI_AI_03013_png_jpg.rf.531189d728db8c928363762a0ce5f4f8.jpg,,0,0,no_caries,no_caries,0.575,0.57504,0.16683,0.16605,0.09208
crops/hibogi_ai_03013_png_7.jpg,hibogi_ai_03013_png,HIBOGI_AI_03013_png_jpg.rf.531189d728db8c928363762a0ce5f4f8.jpg,,6,0,advanced,advanced,0.9629,0.01679,0.00727,0.01306,0.96288
crops/hibogi_ai_03013_png_8.jpg,hibogi_ai_03013_png,HIBOGI_AI_03013_png_jpg.rf.531189d728db8c928363762a0ce5f4f8.jpg,,0,0,no_caries,no_caries,0.6987,0.69874,0.21086,0.03958,0.05082
crops/hibogi_ai_03013_png_9.jpg,hibogi_ai_03013_png,HIBOGI_AI_03013_png_jpg.rf.531189d728db8c928363762a0ce5f4f8.jpg,,0,0,no_caries,no_caries,0.8315,0.83154,0.01651,0.11214,0.03981
crops/hibogi_ai_03013_png_10.jpg,hibogi_ai_03013_png,HIBOGI_AI_03013_png_jpg.rf.531189d728db8c928363762a0ce5f4f8.jpg,,0,0,no_caries,no_caries,0.8299,0.82993,0.05232,0.08205,0.03571
crops/hibogi_ai_03013_png_11.jpg,hibogi_ai_03013_png,HIBOGI_AI_03013_png_jpg.rf.531189d728db8c928363762a0ce5f4f8.jpg,,0,0,no_caries,no_caries,0.7696,0.76958,0.11079,0.05811,0.06152
crops/hibogi_ai_03013_png_12.jpg,hibogi_ai_03013_png,HIBOGI_AI_03013_png_jpg.rf.531189d728db8c928363762a0ce5f4f8.jpg,,0,0,no_caries,no_caries,0.8556,0.85559,0.03583,0.06046,0.04812
crops/hibogi_ai_03013_png_13.jpg,hibogi_ai_03013_png,HIBOGI_AI_03013_png_jpg.rf.531189d728db8c928363762a0ce5f4f8.jpg,,0,0,no_caries,no_caries,0.7928,0.79283,0.00971,0.16564,0.03182
crops/hibogi_ai_03028_png_0.jpg,hibogi_ai_03028_png,HIBOGI_AI_03028_png_jpg.rf.7c1bed4fb5e92804e91238ddcf8f296b.jpg,,3,0,moderate,no_caries,0.3335,0.33348,0.11059,0.30056,0.25537
crops/hibogi_ai_03028_png_1.jpg,hibogi_ai_03028_png,HIBOGI_AI_03028_png_jpg.rf.7c1bed4fb5e92804e91238ddcf8f296b.jpg,,0,0,no_caries,no_caries,0.7069,0.70695,0.10465,0.09323,0.09517
crops/hibogi_ai_03028_png_2.jpg,hibogi_ai_03028_png,HIBOGI_AI_03028_png_jpg.rf.7c1bed4fb5e92804e91238ddcf8f296b.jpg,,0,0,no_caries,no_caries,0.7383,0.73829,0.13796,0.03711,0.08664
crops/hibogi_ai_03028_png_3.jpg,hibogi_ai_03028_png,HIBOGI_AI_03028_png_jpg.rf.7c1bed4fb5e92804e91238ddcf8f296b.jpg,,0,0,no_caries,no_caries,0.6508,0.65082,0.19276,0.05735,0.09907
crops/hibogi_ai_03028_png_4.jpg,hibogi_ai_03028_png,HIBOGI_AI_03028_png_jpg.rf.7c1bed4fb5e92804e91238ddcf8f296b.jpg,,0,0,no_caries,no_caries,0.6784,0.67836,0.12603,0.0699,0.1257
crops/hibogi_ai_03028_png_5.jpg,hibogi_ai_03028_png,HIBOGI_AI_03028_png_jpg.rf.7c1bed4fb5e92804e91238ddcf8f296b.jpg,,0,0,no_caries,no_caries,0.653,0.65301,0.199,0.0979,0.05008
crops/hibogi_ai_03028_png_6.jpg,hibogi_ai_03028_png,HIBOGI_AI_03028_png_jpg.rf.7c1bed4fb5e92804e91238ddcf8f296b.jpg,,0,0,no_caries,no_caries,0.7093,0.70929,0.22048,0.0351,0.03513
crops/hibogi_ai_03028_png_7.jpg,hibogi_ai_03028_png,HIBOGI_AI_03028_png_jpg.rf.7c1bed4fb5e92804e91238ddcf8f296b.jpg,,0,0,no_caries,no_caries,0.6102,0.61024,0.29754,0.03932,0.0529
crops/hibogi_ai_03028_png_8.jpg,hibogi_ai_03028_png,HIBOGI_AI_03028_png_jpg.rf.7c1bed4fb5e92804e91238ddcf8f296b.jpg,,0,0,no_caries,no_caries,0.8546,0.85464,0.06032,0.03314,0.0519
crops/hibogi_ai_03028_png_9.jpg,hibogi_ai_03028_png,HIBOGI_AI_03028_png_jpg.rf.7c1bed4fb5e92804e91238ddcf8f296b.jpg,,0,0,no_caries,no_caries,0.895,0.89503,0.04395,0.0288,0.03222
crops/hibogi_ai_03028_png_10.jpg,hibogi_ai_03028_png,HIBOGI_AI_03028_png_jpg.rf.7c1bed4fb5e92804e91238ddcf8f296b.jpg,,0,0,no_caries,no_caries,0.616,0.61603,0.14854,0.19516,0.04027
crops/hibogi_ai_03028_png_11.jpg,hibogi_ai_03028_png,HIBOGI_AI_03028_png_jpg.rf.7c1bed4fb5e92804e91238ddcf8f296b.jpg,,0,0,no_caries,no_caries,0.6296,0.62957,0.27556,0.0484,0.04648
crops/hibogi_ai_03028_png_12.jpg,hibogi_ai_03028_png,HIBOGI_AI_03028_png_jpg.rf.7c1bed4fb5e92804e91238ddcf8f296b.jpg,,0,0,no_caries,no_caries,0.7594,0.75937,0.18539,0.02683,0.02842
crops/hibogi_ai_03028_png_13.jpg,hibogi_ai_03028_png,HIBOGI_AI_03028_png_jpg.rf.7c1bed4fb5e92804e91238ddcf8f296b.jpg,,0,0,no_caries,mild,0.7542,0.12744,0.75416,0.10185,0.01656
crops/hibogi_ai_03028_png_14.jpg,hibogi_ai_03028_png,HIBOGI_AI_03028_png_jpg.rf.7c1bed4fb5e92804e91238ddcf8f296b.jpg,,0,0,no_caries,mild,0.4721,0.41966,0.47213,0.06515,0.04307
crops/hibogi_ai_03028_png_15.jpg,hibogi_ai_03028_png,HIBOGI_AI_03028_png_jpg.rf.7c1bed4fb5e92804e91238ddcf8f296b.jpg,,0,0,no_caries,no_caries,0.7539,0.75395,0.09161,0.07168,0.08277
crops/hibogi_ai_03043_png_0.jpg,hibogi_ai_03043_png,HIBOGI_AI_03043_png_jpg.rf.d89a2758ff94aad1b42bad0783753451.jpg,,5,0,advanced,no_caries,0.3747,0.37473,0.35424,0.16062,0.11041
crops/hibogi_ai_03043_png_1.jpg,hibogi_ai_03043_png,HIBOGI_AI_03043_png_jpg.rf.d89a2758ff94aad1b42bad0783753451.jpg,,0,0,no_caries,no_caries,0.5456,0.54557,0.26923,0.16474,0.02046
crops/hibogi_ai_03043_png_2.jpg,hibogi_ai_03043_png,HIBOGI_AI_03043_png_jpg.rf.d89a2758ff94aad1b42bad0783753451.jpg,,2,0,mild,moderate,0.631,0.30994,0.04932,0.63097,0.00977
crops/hibogi_ai_03043_png_3.jpg,hibogi_ai_03043_png,HIBOGI_AI_03043_png_jpg.rf.d89a2758ff94aad1b42bad0783753451.jpg,,0,0,no_caries,no_caries,0.6513,0.6513,0.16785,0.04249,0.13836
crops/hibogi_ai_03043_png_4.jpg,hibogi_ai_03043_png,HIBOGI_AI_03043_png_jpg.rf.d89a2758ff94aad1b42bad0783753451.jpg,,0,0,no_caries,no_caries,0.7124,0.71245,0.02428,0.16184,0.10143
crops/hibogi_ai_03043_png_5.jpg,hibogi_ai_03043_png,HIBOGI_AI_03043_png_jpg.rf.d89a2758ff94aad1b42bad0783753451.jpg,,0,0,no_caries,no_caries,0.7845,0.7845,0.03947,0.08783,0.08819
crops/hibogi_ai_03043_png_6.jpg,hibogi_ai_03043_png,HIBOGI_AI_03043_png_jpg.rf.d89a2758ff94aad1b42bad0783753451.jpg,,0,0,no_caries,no_caries,0.8364,0.83641,0.02268,0.06084,0.08007
crops/hibogi_ai_03043_png_7.jpg,hibogi_ai_03043_png,HIBOGI_AI_03043_png_jpg.rf.d89a2758ff94aad1b42bad0783753451.jpg,,0,0,no_caries,no_caries,0.7652,0.76517,0.07417,0.08837,0.07229
crops/hibogi_ai_03043_png_8.jpg,hibogi_ai_03043_png,HIBOGI_AI_03043_png_jpg.rf.d89a2758ff94aad1b42bad0783753451.jpg,,0,0,no_caries,no_caries,0.8006,0.80064,0.06584,0.06569,0.06784
crops/hibogi_ai_03043_png_9.jpg,hibogi_ai_03043_png,HIBOGI_AI_03043_png_jpg.rf.d89a2758ff94aad1b42bad0783753451.jpg,,0,0,no_caries,no_caries,0.5376,0.53755,0.30337,0.09221,0.06687
crops/hibogi_ai_03043_png_10.jpg,hibogi_ai_03043_png,HIBOGI_AI_03043_png_jpg.rf.d89a2758ff94aad1b42bad0783753451.jpg,,0,0,no_caries,mild,0.8136,0.08155,0.81361,0.09177,0.01307
crops/hibogi_ai_03043_png_11.jpg,hibogi_ai_03043_png,HIBOGI_AI_03043_png_jpg.rf.d89a2758ff94aad1b42bad0783753451.jpg,,3,0,moderate,moderate,0.8578,0.01767,0.09068,0.85782,0.03383
crops/hibogi_ai_03061_png_0.jpg,hibogi_ai_03061_png,HIBOGI_AI_03061_png_jpg.rf.eb43e010a090df52399952c6ff9c531c.jpg,,0,0,no_caries,mild,0.9329,0.05871,0.93287,0.00322,0.0052
crops/hibogi_ai_03061_png_1.jpg,hibogi_ai_03061_png,HIBOGI_AI_03061_png_jpg.rf.eb43e010a090df52399952c6ff9c531c.jpg,,5,0,advanced,moderate,0.6926,0.03828,0.16441,0.6926,0.10471
crops/hibogi_ai_03061_png_2.jpg,hibogi_ai_03061_png,HIBOGI_AI_03061_png_jpg.rf.eb43e010a090df52399952c6ff9c531c.jpg,,2,0,mild,advanced,0.4924,0.15028,0.22185,0.13545,0.49242
crops/hibogi_ai_03061_png_3.jpg,hibogi_ai_03061_png,HIBOGI_AI_03061_png_jpg.rf.eb43e010a090df52399952c6ff9c531c.jpg,,2,0,mild,no_caries,0.7587,0.75873,0.08206,0.11895,0.04026
crops/hibogi_ai_03061_png_4.jpg,hibogi_ai_03061_png,HIBOGI_AI_03061_png_jpg.rf.eb43e010a090df52399952c6ff9c531c.jpg,,0,0,no_caries,no_caries,0.8224,0.82236,0.03982,0.08529,0.05252
crops/hibogi_ai_03061_png_5.jpg,hibogi_ai_03061_png,HIBOGI_AI_03061_png_jpg.rf.eb43e010a090df52399952c6ff9c531c.jpg,,0,0,no_caries,no_caries,0.4616,0.46161,0.06128,0.45046,0.02665
crops/hibogi_ai_03061_png_6.jpg,hibogi_ai_03061_png,HIBOGI_AI_03061_png_jpg.rf.eb43e010a090df52399952c6ff9c531c.jpg,,0,0,no_caries,no_caries,0.6988,0.69875,0.06751,0.08929,0.14445
crops/hibogi_ai_03061_png_7.jpg,hibogi_ai_03061_png,HIBOGI_AI_03061_png_jpg.rf.eb43e010a090df52399952c6ff9c531c.jpg,,0,0,no_caries,no_caries,0.4814,0.48141,0.16259,0.19169,0.16431
crops/hibogi_ai_03061_png_8.jpg,hibogi_ai_03061_png,HIBOGI_AI_03061_png_jpg.rf.eb43e010a090df52399952c6ff9c531c.jpg,,0,0,no_caries,mild,0.6782,0.05683,0.67821,0.26062,0.00434
crops/hibogi_ai_03061_png_9.jpg,hibogi_ai_03061_png,HIBOGI_AI_03061_png_jpg.rf.eb43e010a090df52399952c6ff9c531c.jpg,,0,0,no_caries,mild,0.696,0.2208,0.69604,0.02805,0.05511
crops/hibogi_ai_03061_png_10.jpg,hibogi_ai_03061_png,HIBOGI_AI_03061_png_jpg.rf.eb43e010a090df52399952c6ff9c531c.jpg,,3,0,moderate,mild,0.6022,0.18563,0.60222,0.18859,0.02356
crops/hibogi_ai_03061_png_11.jpg,hibogi_ai_03061_png,HIBOGI_AI_03061_png_jpg.rf.eb43e010a090df52399952c6ff9c531c.jpg,,0,0,no_caries,mild,0.8256,0.11826,0.8256,0.03479,0.02135
crops/hibogi_ai_03061_png_12.jpg,hibogi_ai_03061_png,HIBOGI_AI_03061_png_jpg.rf.eb43e010a090df52399952c6ff9c531c.jpg,,0,0,no_caries,no_caries,0.7326,0.73263,0.17563,0.05795,0.03379
crops/hibogi_ai_03061_png_13.jpg,hibogi_ai_03061_png,HIBOGI_AI_03061_png_jpg.rf.eb43e010a090df52399952c6ff9c531c.jpg,,5,0,advanced,mild,0.583,0.28856,0.58298,0.027,0.10146
crops/hibogi_ai_03061_png_14.jpg,hibogi_ai_03061_png,HIBOGI_AI_03061_png_jpg.rf.eb43e010a090df52399952c6ff9c531c.jpg,,0,0,no_caries,no_caries,0.832,0.832,0.02642,0.11253,0.02905
crops/hibogi_ai_03061_png_15.jpg,hibogi_ai_03061_png,HIBOGI_AI_03061_png_jpg.rf.eb43e010a090df52399952c6ff9c531c.jpg,,0,0,no_caries,no_caries,0.7578,0.7578,0.14251,0.05796,0.04172
crops/hibogi_ai_03061_png_16.jpg,hibogi_ai_03061_png,HIBOGI_AI_03061_png_jpg.rf.eb43e010a090df52399952c6ff9c531c.jpg,,2,0,mild,mild,0.4044,0.24277,0.4044,0.31341,0.03943
crops/hibogi_ai_03061_png_17.jpg,hibogi_ai_03061_png,HIBOGI_AI_03061_png_jpg.rf.eb43e010a090df52399952c6ff9c531c.jpg,,2,0,mild,mild,0.4973,0.07504,0.49729,0.28427,0.1434
crops/hibogi_ai_03070_png_0.jpg,hibogi_ai_03070_png,HIBOGI_AI_03070_png_jpg.rf.ed3ebbff4235857b4b82bc31b3012d83.jpg,,3,0,moderate,moderate,0.7359,0.00303,0.25593,0.73594,0.0051
crops/hibogi_ai_03070_png_1.jpg,hibogi_ai_03070_png,HIBOGI_AI_03070_png_jpg.rf.ed3ebbff4235857b4b82bc31b3012d83.jpg,,0,0,no_caries,mild,0.9205,0.04159,0.92047,0.03605,0.0019
crops/hibogi_ai_03070_png_2.jpg,hibogi_ai_03070_png,HIBOGI_AI_03070_png_jpg.rf.ed3ebbff4235857b4b82bc31b3012d83.jpg,,0,0,no_caries,mild,0.6239,0.25996,0.62391,0.0881,0.02802
crops/hibogi_ai_03070_png_3.jpg,hibogi_ai_03070_png,HIBOGI_AI_03070_png_jpg.rf.ed3ebbff4235857b4b82bc31b3012d83.jpg,,0,0,no_caries,mild,0.5237,0.42364,0.52371,0.03037,0.02228
crops/hibogi_ai_03070_png_4.jpg,hibogi_ai_03070_png,HIBOGI_AI_03070_png_jpg.rf.ed3ebbff4235857b4b82bc31b3012d83.jpg,,0,0,no_caries,no_caries,0.7255,0.72552,0.00838,0.25316,0.01294
crops/hibogi_ai_03070_png_5.jpg,hibogi_ai_03070_png,HIBOGI_AI_03070_png_jpg.rf.ed3ebbff4235857b4b82bc31b3012d83.jpg,,0,0,no_caries,no_caries,0.5653,0.56534,0.02894,0.37701,0.02871
crops/hibogi_ai_03070_png_6.jpg,hibogi_ai_03070_png,HIBOGI_AI_03070_png_jpg.rf.ed3ebbff4235857b4b82bc31b3012d83.jpg,,0,0,no_caries,no_caries,0.4907,0.49066,0.06386,0.40412,0.04136
crops/hibogi_ai_03070_png_7.jpg,hibogi_ai_03070_png,HIBOGI_AI_03070_png_jpg.rf.ed3ebbff4235857b4b82bc31b3012d83.jpg,,0,0,no_caries,no_caries,0.822,0.82196,0.05182,0.10852,0.0177
crops/hibogi_ai_03070_png_8.jpg,hibogi_ai_03070_png,HIBOGI_AI_03070_png_jpg.rf.ed3ebbff4235857b4b82bc31b3012d83.jpg,,0,0,no_caries,mild,0.5233,0.30218,0.52331,0.15729,0.01721
crops/hibogi_ai_03070_png_9.jpg,hibogi_ai_03070_png,HIBOGI_AI_03070_png_jpg.rf.ed3ebbff4235857b4b82bc31b3012d83.jpg,,2,0,mild,mild,0.6665,0.08681,0.66654,0.21291,0.03374
crops/hibogi_ai_03070_png_10.jpg,hibogi_ai_03070_png,HIBOGI_AI_03070_png_jpg.rf.ed3ebbff4235857b4b82bc31b3012d83.jpg,,0,0,no_caries,moderate,0.5063,0.20876,0.27467,0.50625,0.01031
crops/hibogi_ai_03070_png_11.jpg,hibogi_ai_03070_png,HIBOGI_AI_03070_png_jpg.rf.ed3ebbff4235857b4b82bc31b3012d83.jpg,,3,0,moderate,advanced,0.8818,0.01354,0.01937,0.0853,0.88179
crops/hibogi_ai_03075_png_0.jpg,hibogi_ai_03075_png,HIBOGI_AI_03075_png_jpg.rf.b216b791427ddfc2c67d78de62a61984.jpg,,0,0,no_caries,mild,0.722,0.06388,0.72205,0.20125,0.01282
crops/hibogi_ai_03075_png_1.jpg,hibogi_ai_03075_png,HIBOGI_AI_03075_png_jpg.rf.b216b791427ddfc2c67d78de62a61984.jpg,,0,0,no_caries,moderate,0.9299,0.00209,0.06629,0.92993,0.00169
crops/hibogi_ai_03075_png_2.jpg,hibogi_ai_03075_png,HIBOGI_AI_03075_png_jpg.rf.b216b791427ddfc2c67d78de62a61984.jpg,,0,0,no_caries,mild,0.8275,0.10038,0.82751,0.03863,0.03348
crops/hibogi_ai_03075_png_3.jpg,hibogi_ai_03075_png,HIBOGI_AI_03075_png_jpg.rf.b216b791427ddfc2c67d78de62a61984.jpg,,0,0,no_caries,moderate,0.6369,0.16199,0.17449,0.63695,0.02657
crops/hibogi_ai_03075_png_4.jpg,hibogi_ai_03075_png,HIBOGI_AI_03075_png_jpg.rf.b216b791427ddfc2c67d78de62a61984.jpg,,0,0,no_caries,no_caries,0.6041,0.60409,0.26544,0.06075,0.06972
crops/hibogi_ai_03075_png_5.jpg,hibogi_ai_03075_png,HIBOGI_AI_03075_png_jpg.rf.b216b791427ddfc2c67d78de62a61984.jpg,,0,0,no_caries,no_caries,0.7921,0.79207,0.084,0.05418,0.06974
crops/hibogi_ai_03075_png_6.jpg,hibogi_ai_03075_png,HIBOGI_AI_03075_png_jpg.rf.b216b791427ddfc2c67d78de62a61984.jpg,,0,0,no_caries,no_caries,0.7362,0.73616,0.16881,0.05251,0.04252
crops/hibogi_ai_03075_png_7.jpg,hibogi_ai_03075_png,HIBOGI_AI_03075_png_jpg.rf.b216b791427ddfc2c67d78de62a61984.jpg,,0,0,no_caries,no_caries,0.7472,0.7472,0.14381,0.04747,0.06152
crops/hibogi_ai_03075_png_8.jpg,hibogi_ai_03075_png,HIBOGI_AI_03075_png_jpg.rf.b216b791427ddfc2c67d78de62a61984.jpg,,0,0,no_caries,mild,0.6795,0.27162,0.67954,0.03059,0.01825
crops/hibogi_ai_03075_png_9.jpg,hibogi_ai_03075_png,HIBOGI_AI_03075_png_jpg.rf.b216b791427ddfc2c67d78de62a61984.jpg,,5,0,advanced,moderate,0.6245,0.01519,0.07057,0.62451,0.28972
crops/hibogi_ai_03075_png_10.jpg,hibogi_ai_03075_png,HIBOGI_AI_03075_png_jpg.rf.b216b791427ddfc2c67d78de62a61984.jpg,,5,0,advanced,moderate,0.9977,0.00043,0.00093,0.99775,0.00089
crops/hibogi_ai_03087_png_0.jpg,hibogi_ai_03087_png,HIBOGI_AI_03087_png_jpg.rf.b7ca59866942ccb7015ae6e73e218428.jpg,,0,0,no_caries,mild,0.4737,0.44209,0.47368,0.04241,0.04182
crops/hibogi_ai_03087_png_1.jpg,hibogi_ai_03087_png,HIBOGI_AI_03087_png_jpg.rf.b7ca59866942ccb7015ae6e73e218428.jpg,,0,0,no_caries,no_caries,0.7245,0.72452,0.14922,0.03643,0.08983
crops/hibogi_ai_03087_png_2.jpg,hibogi_ai_03087_png,HIBOGI_AI_03087_png_jpg.rf.b7ca59866942ccb7015ae6e73e218428.jpg,,0,0,no_caries,no_caries,0.729,0.72898,0.12088,0.10084,0.0493
crops/hibogi_ai_03087_png_3.jpg,hibogi_ai_03087_png,HIBOGI_AI_03087_png_jpg.rf.b7ca59866942ccb7015ae6e73e218428.jpg,,0,0,no_caries,mild,0.3731,0.19347,0.37305,0.35329,0.08019
crops/hibogi_ai_03087_png_4.jpg,hibogi_ai_03087_png,HIBOGI_AI_03087_png_jpg.rf.b7ca59866942ccb7015ae6e73e218428.jpg,,0,0,no_caries,no_caries,0.7182,0.71824,0.17992,0.07132,0.03052
crops/hibogi_ai_03087_png_5.jpg,hibogi_ai_03087_png,HIBOGI_AI_03087_png_jpg.rf.b7ca59866942ccb7015ae6e73e218428.jpg,,0,0,no_caries,no_caries,0.834,0.83396,0.06145,0.05003,0.05456
crops/hibogi_ai_03087_png_6.jpg,hibogi_ai_03087_png,HIBOGI_AI_03087_png_jpg.rf.b7ca59866942ccb7015ae6e73e218428.jpg,,0,0,no_caries,no_caries,0.8627,0.86268,0.05985,0.04319,0.03427
crops/hibogi_ai_03087_png_7.jpg,hibogi_ai_03087_png,HIBOGI_AI_03087_png_jpg.rf.b7ca59866942ccb7015ae6e73e218428.jpg,,0,0,no_caries,moderate,0.7279,0.17313,0.08072,0.72793,0.01822
crops/hibogi_ai_03087_png_8.jpg,hibogi_ai_03087_png,HIBOGI_AI_03087_png_jpg.rf.b7ca59866942ccb7015ae6e73e218428.jpg,,0,0,no_caries,no_caries,0.7792,0.7792,0.06199,0.13685,0.02196
crops/hibogi_ai_03087_png_9.jpg,hibogi_ai_03087_png,HIBOGI_AI_03087_png_jpg.rf.b7ca59866942ccb7015ae6e73e218428.jpg,,0,0,no_caries,no_caries,0.7989,0.79887,0.13701,0.02558,0.03854
crops/hibogi_ai_03087_png_10.jpg,hibogi_ai_03087_png,HIBOGI_AI_03087_png_jpg.rf.b7ca59866942ccb7015ae6e73e218428.jpg,,0,0,no_caries,no_caries,0.4589,0.45895,0.44817,0.06498,0.0279
crops/hibogi_ai_03087_png_11.jpg,hibogi_ai_03087_png,HIBOGI_AI_03087_png_jpg.rf.b7ca59866942ccb7015ae6e73e218428.jpg,,0,0,no_caries,moderate,0.5469,0.26819,0.0992,0.54694,0.08567
crops/hibogi_ai_03087_png_12.jpg,hibogi_ai_03087_png,HIBOGI_AI_03087_png_jpg.rf.b7ca59866942ccb7015ae6e73e218428.jpg,,0,0,no_caries,no_caries,0.714,0.71397,0.18579,0.0697,0.03055
crops/hibogi_ai_03087_png_13.jpg,hibogi_ai_03087_png,HIBOGI_AI_03087_png_jpg.rf.b7ca59866942ccb7015ae6e73e218428.jpg,,0,0,no_caries,no_caries,0.822,0.822,0.09014,0.04012,0.04773
crops/hibogi_ai_03087_png_14.jpg,hibogi_ai_03087_png,HIBOGI_AI_03087_png_jpg.rf.b7ca59866942ccb7015ae6e73e218428.jpg,,0,0,no_caries,no_caries,0.8871,0.88711,0.0443,0.03916,0.02943
crops/hibogi_ai_03087_png_15.jpg,hibogi_ai_03087_png,HIBOGI_AI_03087_png_jpg.rf.b7ca59866942ccb7015ae6e73e218428.jpg,,0,0,no_caries,no_caries,0.5775,0.57746,0.30696,0.05998,0.0556
crops/hibogi_ai_03093_png_0.jpg,hibogi_ai_03093_png,HIBOGI_AI_03093_png_jpg.rf.963d24365a6bf001cbedf59cc6c8f4fd.jpg,,0,0,no_caries,no_caries,0.4251,0.42508,0.22895,0.22189,0.12408
crops/hibogi_ai_03093_png_1.jpg,hibogi_ai_03093_png,HIBOGI_AI_03093_png_jpg.rf.963d24365a6bf001cbedf59cc6c8f4fd.jpg,,0,0,no_caries,no_caries,0.4789,0.47887,0.39984,0.08917,0.03212
crops/hibogi_ai_03093_png_2.jpg,hibogi_ai_03093_png,HIBOGI_AI_03093_png_jpg.rf.963d24365a6bf001cbedf59cc6c8f4fd.jpg,,0,0,no_caries,no_caries,0.6447,0.64469,0.08706,0.22736,0.04089
crops/hibogi_ai_03093_png_3.jpg,hibogi_ai_03093_png,HIBOGI_AI_03093_png_jpg.rf.963d24365a6bf001cbedf59cc6c8f4fd.jpg,,0,0,no_caries,no_caries,0.7626,0.76261,0.09856,0.07898,0.05985
crops/hibogi_ai_03093_png_4.jpg,hibogi_ai_03093_png,HIBOGI_AI_03093_png_jpg.rf.963d24365a6bf001cbedf59cc6c8f4fd.jpg,,0,0,no_caries,no_caries,0.8567,0.85668,0.06505,0.02056,0.05771
crops/hibogi_ai_03093_png_5.jpg,hibogi_ai_03093_png,HIBOGI_AI_03093_png_jpg.rf.963d24365a6bf001cbedf59cc6c8f4fd.jpg,,2,0,mild,mild,0.4133,0.31092,0.41335,0.15777,0.11797
crops/hibogi_ai_03093_png_6.jpg,hibogi_ai_03093_png,HIBOGI_AI_03093_png_jpg.rf.963d24365a6bf001cbedf59cc6c8f4fd.jpg,,5,0,advanced,advanced,0.872,0.00056,0.00433,0.12309,0.87202
crops/hibogi_ai_03093_png_7.jpg,hibogi_ai_03093_png,HIBOGI_AI_03093_png_jpg.rf.963d24365a6bf001cbedf59cc6c8f4fd.jpg,,0,0,no_caries,no_caries,0.7645,0.7645,0.13485,0.03644,0.06422
crops/hibogi_ai_03093_png_8.jpg,hibogi_ai_03093_png,HIBOGI_AI_03093_png_jpg.rf.963d24365a6bf001cbedf59cc6c8f4fd.jpg,,0,0,no_caries,no_caries,0.7408,0.74085,0.15325,0.05769,0.04821
crops/hibogi_ai_03093_png_9.jpg,hibogi_ai_03093_png,HIBOGI_AI_03093_png_jpg.rf.963d24365a6bf001cbedf59cc6c8f4fd.jpg,,0,0,no_caries,no_caries,0.717,0.71702,0.21476,0.02779,0.04043
crops/hibogi_ai_03093_png_10.jpg,hibogi_ai_03093_png,HIBOGI_AI_03093_png_jpg.rf.963d24365a6bf001cbedf59cc6c8f4fd.jpg,,5,0,advanced,mild,0.3844,0.31812,0.38445,0.25868,0.03876
crops/hibogi_ai_03093_png_11.jpg,hibogi_ai_03093_png,HIBOGI_AI_03093_png_jpg.rf.963d24365a6bf001cbedf59cc6c8f4fd.jpg,,5,0,advanced,no_caries,0.6157,0.61567,0.29021,0.05905,0.03507
crops/hibogi_ai_03096_png_0.jpg,hibogi_ai_03096_png,HIBOGI_AI_03096_png_jpg.rf.7ca5ccc38c691551c6712bc098ccf617.jpg,,1,0,mild,no_caries,0.5923,0.59233,0.07586,0.29331,0.0385
crops/hibogi_ai_03096_png_1.jpg,hibogi_ai_03096_png,HIBOGI_AI_03096_png_jpg.rf.7ca5ccc38c691551c6712bc098ccf617.jpg,,1,0,mild,no_caries,0.7376,0.73758,0.13348,0.09865,0.03029
crops/hibogi_ai_03096_png_2.jpg,hibogi_ai_03096_png,HIBOGI_AI_03096_png_jpg.rf.7ca5ccc38c691551c6712bc098ccf617.jpg,,0,0,no_caries,no_caries,0.7611,0.76115,0.06517,0.10117,0.07251
crops/hibogi_ai_03096_png_3.jpg,hibogi_ai_03096_png,HIBOGI_AI_03096_png_jpg.rf.7ca5ccc38c691551c6712bc098ccf617.jpg,,0,0,no_caries,no_caries,0.7212,0.72123,0.1308,0.09093,0.05704
crops/hibogi_ai_03096_png_4.jpg,hibogi_ai_03096_png,HIBOGI_AI_03096_png_jpg.rf.7ca5ccc38c691551c6712bc098ccf617.jpg,,0,0,no_caries,no_caries,0.682,0.68199,0.12414,0.11217,0.0817
crops/hibogi_ai_03096_png_5.jpg,hibogi_ai_03096_png,HIBOGI_AI_03096_png_jpg.rf.7ca5ccc38c691551c6712bc098ccf617.jpg,,0,0,no_caries,no_caries,0.5397,0.53969,0.28558,0.10703,0.0677
crops/hibogi_ai_03096_png_6.jpg,hibogi_ai_03096_png,HIBOGI_AI_03096_png_jpg.rf.7ca5ccc38c691551c6712bc098ccf617.jpg,,0,0,no_caries,no_caries,0.7249,0.72485,0.07072,0.10614,0.0983
crops/hibogi_ai_03096_png_7.jpg,hibogi_ai_03096_png,HIBOGI_AI_03096_png_jpg.rf.7ca5ccc38c691551c6712bc098ccf617.jpg,,0,0,no_caries,no_caries,0.8265,0.82652,0.03491,0.07611,0.06246
crops/hibogi_ai_03096_png_8.jpg,hibogi_ai_03096_png,HIBOGI_AI_03096_png_jpg.rf.7ca5ccc38c691551c6712bc098ccf617.jpg,,0,0,no_caries,no_caries,0.653,0.65299,0.16475,0.14115,0.04112
crops/hibogi_ai_03096_png_9.jpg,hibogi_ai_03096_png,HIBOGI_AI_03096_png_jpg.rf.7ca5ccc38c691551c6712bc098ccf617.jpg,,1,0,mild,mild,0.3949,0.38457,0.39488,0.06762,0.15293
crops/hibogi_ai_03096_png_10.jpg,hibogi_ai_03096_png,HIBOGI_AI_03096_png_jpg.rf.7ca5ccc38c691551c6712bc098ccf617.jpg,,1,0,mild,no_caries,0.5919,0.59189,0.20649,0.16636,0.03526
crops/hibogi_ai_03096_png_11.jpg,hibogi_ai_03096_png,HIBOGI_AI_03096_png_jpg.rf.7ca5ccc38c691551c6712bc098ccf617.jpg,,1,0,mild,no_caries,0.5076,0.50755,0.33952,0.07144,0.08148
crops/hibogi_ai_03096_png_12.jpg,hibogi_ai_03096_png,HIBOGI_AI_03096_png_jpg.rf.7ca5ccc38c691551c6712bc098ccf617.jpg,,1,0,mild,no_caries,0.7048,0.70476,0.23883,0.02954,0.02687
crops/hibogi_ai_03096_png_13.jpg,hibogi_ai_03096_png,HIBOGI_AI_03096_png_jpg.rf.7ca5ccc38c691551c6712bc098ccf617.jpg,,0,0,no_caries,no_caries,0.8009,0.80095,0.06363,0.0742,0.06122
crops/hibogi_ai_03096_png_14.jpg,hibogi_ai_03096_png,HIBOGI_AI_03096_png_jpg.rf.7ca5ccc38c691551c6712bc098ccf617.jpg,,2,0,mild,no_caries,0.555,0.55502,0.39143,0.02649,0.02706
crops/hibogi_ai_03116_png_0.jpg,hibogi_ai_03116_png,HIBOGI_AI_03116_png_jpg.rf.6c3a4e69aaa459c8040ca88b95e19022.jpg,,0,0,no_caries,mild,0.7423,0.1219,0.74234,0.11861,0.01715
crops/hibogi_ai_03116_png_1.jpg,hibogi_ai_03116_png,HIBOGI_AI_03116_png_jpg.rf.6c3a4e69aaa459c8040ca88b95e19022.jpg,,0,0,no_caries,no_caries,0.4452,0.44516,0.43249,0.107,0.01534
crops/hibogi_ai_03116_png_2.jpg,hibogi_ai_03116_png,HIBOGI_AI_03116_png_jpg.rf.6c3a4e69aaa459c8040ca88b95e19022.jpg,,0,0,no_caries,no_caries,0.825,0.82495,0.07736,0.03303,0.06465
crops/hibogi_ai_03116_png_3.jpg,hibogi_ai_03116_png,HIBOGI_AI_03116_png_jpg.rf.6c3a4e69aaa459c8040ca88b95e19022.jpg,,1,0,mild,no_caries,0.6881,0.68809,0.21151,0.06004,0.04037
crops/hibogi_ai_03116_png_4.jpg,hibogi_ai_03116_png,HIBOGI_AI_03116_png_jpg.rf.6c3a4e69aaa459c8040ca88b95e19022.jpg,,0,0,no_caries,no_caries,0.8731,0.87314,0.02923,0.04361,0.05403
crops/hibogi_ai_03116_png_5.jpg,hibogi_ai_03116_png,HIBOGI_AI_03116_png_jpg.rf.6c3a4e69aaa459c8040ca88b95e19022.jpg,,0,0,no_caries,no_caries,0.8342,0.83422,0.03625,0.0539,0.07562
crops/hibogi_ai_03116_png_6.jpg,hibogi_ai_03116_png,HIBOGI_AI_03116_png_jpg.rf.6c3a4e69aaa459c8040ca88b95e19022.jpg,,0,0,no_caries,no_caries,0.8783,0.87829,0.01646,0.04183,0.06342
crops/hibogi_ai_03116_png_7.jpg,hibogi_ai_03116_png,HIBOGI_AI_03116_png_jpg.rf.6c3a4e69aaa459c8040ca88b95e19022.jpg,,0,0,no_caries,no_caries,0.5369,0.53687,0.30136,0.08162,0.08015
crops/hibogi_ai_03116_png_8.jpg,hibogi_ai_03116_png,HIBOGI_AI_03116_png_jpg.rf.6c3a4e69aaa459c8040ca88b95e19022.jpg,,1,0,mild,moderate,0.6009,0.15071,0.05896,0.60092,0.1894
crops/hibogi_ai_03116_png_9.jpg,hibogi_ai_03116_png,HIBOGI_AI_03116_png_jpg.rf.6c3a4e69aaa459c8040ca88b95e19022.jpg,,0,0,no_caries,no_caries,0.5817,0.58166,0.28267,0.08604,0.04962
crops/hibogi_ai_03116_png_10.jpg,hibogi_ai_03116_png,HIBOGI_AI_03116_png_jpg.rf.6c3a4e69aaa459c8040ca88b95e19022.jpg,,0,0,no_caries,no_caries,0.8415,0.84148,0.05993,0.04781,0.05077
crops/hibogi_ai_03116_png_11.jpg,hibogi_ai_03116_png,HIBOGI_AI_03116_png_jpg.rf.6c3a4e69aaa459c8040ca88b95e19022.jpg,,0,0,no_caries,no_caries,0.9066,0.9066,0.03422,0.02797,0.0312
crops/hibogi_ai_03116_png_12.jpg,hibogi_ai_03116_png,HIBOGI_AI_03116_png_jpg.rf.6c3a4e69aaa459c8040ca88b95e19022.jpg,,0,0,no_caries,no_caries,0.808,0.80796,0.11772,0.03099,0.04333
crops/hibogi_ai_03116_png_13.jpg,hibogi_ai_03116_png,HIBOGI_AI_03116_png_jpg.rf.6c3a4e69aaa459c8040ca88b95e19022.jpg,,0,0,no_caries,no_caries,0.7925,0.79252,0.11423,0.06551,0.02774
crops/hibogi_ai_03116_png_14.jpg,hibogi_ai_03116_png,HIBOGI_AI_03116_png_jpg.rf.6c3a4e69aaa459c8040ca88b95e19022.jpg,,0,0,no_caries,no_caries,0.819,0.81902,0.09593,0.03502,0.05003
crops/hibogi_ai_03116_png_15.jpg,hibogi_ai_03116_png,HIBOGI_AI_03116_png_jpg.rf.6c3a4e69aaa459c8040ca88b95e19022.jpg,,1,0,mild,no_caries,0.4862,0.4862,0.1135,0.30751,0.09279
crops/hibogi_ai_03119_png_0.jpg,hibogi_ai_03119_png,HIBOGI_AI_03119_png_jpg.rf.1524edebc6ad70c24fe3f246a487eaba.jpg,,2,0,mild,mild,0.9617,0.00675,0.96165,0.02967,0.00193
crops/hibogi_ai_03119_png_1.jpg,hibogi_ai_03119_png,HIBOGI_AI_03119_png_jpg.rf.1524edebc6ad70c24fe3f246a487eaba.jpg,,0,0,no_caries,mild,0.8999,0.00656,0.89988,0.08701,0.00655
crops/hibogi_ai_03119_png_2.jpg,hibogi_ai_03119_png,HIBOGI_AI_03119_png_jpg.rf.1524edebc6ad70c24fe3f246a487eaba.jpg,,0,0,no_caries,mild,0.8568,0.06817,0.85681,0.06973,0.0053
crops/hibogi_ai_03119_png_3.jpg,hibogi_ai_03119_png,HIBOGI_AI_03119_png_jpg.rf.1524edebc6ad70c24fe3f246a487eaba.jpg,,0,0,no_caries,mild,0.8924,0.03489,0.89241,0.06152,0.01118
crops/hibogi_ai_03119_png_4.jpg,hibogi_ai_03119_png,HIBOGI_AI_03119_png_jpg.rf.1524edebc6ad70c24fe3f246a487eaba.jpg,,0,0,no_caries,no_caries,0.7435,0.74346,0.15304,0.03772,0.06579
crops/hibogi_ai_03119_png_5.jpg,hibogi_ai_03119_png,HIBOGI_AI_03119_png_jpg.rf.1524edebc6ad70c24fe3f246a487eaba.jpg,,0,0,no_caries,no_caries,0.8574,0.85743,0.04663,0.04506,0.05087
crops/hibogi_ai_03119_png_6.jpg,hibogi_ai_03119_png,HIBOGI_AI_03119_png_jpg.rf.1524edebc6ad70c24fe3f246a487eaba.jpg,,0,0,no_caries,no_caries,0.8562,0.85617,0.05386,0.02862,0.06136
crops/hibogi_ai_03119_png_7.jpg,hibogi_ai_03119_png,HIBOGI_AI_03119_png_jpg.rf.1524edebc6ad70c24fe3f246a487eaba.jpg,,0,0,no_caries,no_caries,0.7608,0.7608,0.04876,0.13665,0.05379
crops/hibogi_ai_03119_png_8.jpg,hibogi_ai_03119_png,HIBOGI_AI_03119_png_jpg.rf.1524edebc6ad70c24fe3f246a487eaba.jpg,,0,0,no_caries,no_caries,0.8253,0.8253,0.06073,0.04686,0.06711
crops/hibogi_ai_03119_png_9.jpg,hibogi_ai_03119_png,HIBOGI_AI_03119_png_jpg.rf.1524edebc6ad70c24fe3f246a487eaba.jpg,,0,0,no_caries,no_caries,0.4749,0.47487,0.37976,0.04358,0.10178
crops/hibogi_ai_03119_png_10.jpg,hibogi_ai_03119_png,HIBOGI_AI_03119_png_jpg.rf.1524edebc6ad70c24fe3f246a487eaba.jpg,,0,0,no_caries,no_caries,0.6275,0.62749,0.2976,0.02805,0.04687
crops/hibogi_ai_03119_png_11.jpg,hibogi_ai_03119_png,HIBOGI_AI_03119_png_jpg.rf.1524edebc6ad70c24fe3f246a487eaba.jpg,,5,0,advanced,advanced,0.6834,0.0123,0.08001,0.22433,0.68337
crops/hibogi_ai_03119_png_12.jpg,hibogi_ai_03119_png,HIBOGI_AI_03119_png_jpg.rf.1524edebc6ad70c24fe3f246a487eaba.jpg,,5,0,advanced,mild,0.6382,0.05029,0.6382,0.27397,0.03754
crops/hibogi_ai_03119_png_13.jpg,hibogi_ai_03119_png,HIBOGI_AI_03119_png_jpg.rf.1524edebc6ad70c24fe3f246a487eaba.jpg,,5,0,advanced,mild,0.9422,0.01337,0.94223,0.02098,0.02342
crops/hibogi_ai_03131_png_0.jpg,hibogi_ai_03131_png,HIBOGI_AI_03131_png_jpg.rf.5ecb6464c3d9720520837a1305136ecd.jpg,,0,0,no_caries,mild,0.6969,0.25555,0.69687,0.01616,0.03142
crops/hibogi_ai_03131_png_1.jpg,hibogi_ai_03131_png,HIBOGI_AI_03131_png_jpg.rf.5ecb6464c3d9720520837a1305136ecd.jpg,,0,0,no_caries,mild,0.9408,0.02158,0.94084,0.03445,0.00314
crops/hibogi_ai_03131_png_2.jpg,hibogi_ai_03131_png,HIBOGI_AI_03131_png_jpg.rf.5ecb6464c3d9720520837a1305136ecd.jpg,,0,0,no_caries,advanced,0.3938,0.05634,0.33073,0.21918,0.39375
crops/hibogi_ai_03131_png_3.jpg,hibogi_ai_03131_png,HIBOGI_AI_03131_png_jpg.rf.5ecb6464c3d9720520837a1305136ecd.jpg,,0,0,no_caries,mild,0.859,0.10813,0.859,0.019,0.01387
crops/hibogi_ai_03131_png_4.jpg,hibogi_ai_03131_png,HIBOGI_AI_03131_png_jpg.rf.5ecb6464c3d9720520837a1305136ecd.jpg,,0,0,no_caries,no_caries,0.4872,0.48717,0.22475,0.13617,0.15191
crops/hibogi_ai_03131_png_5.jpg,hibogi_ai_03131_png,HIBOGI_AI_03131_png_jpg.rf.5ecb6464c3d9720520837a1305136ecd.jpg,,0,0,no_caries,mild,0.4557,0.32457,0.45572,0.1648,0.05492
crops/hibogi_ai_03131_png_6.jpg,hibogi_ai_03131_png,HIBOGI_AI_03131_png_jpg.rf.5ecb6464c3d9720520837a1305136ecd.jpg,,0,0,no_caries,advanced,0.5639,0.01242,0.0382,0.38552,0.56386
crops/hibogi_ai_03133_png_0.jpg,hibogi_ai_03133_png,HIBOGI_AI_03133_png_jpg.rf.df197bc5c3ecc72890ac44218e5d692c.jpg,,0,0,no_caries,no_caries,0.7498,0.74975,0.11845,0.05528,0.07652
crops/hibogi_ai_03133_png_1.jpg,hibogi_ai_03133_png,HIBOGI_AI_03133_png_jpg.rf.df197bc5c3ecc72890ac44218e5d692c.jpg,,1,0,mild,mild,0.5373,0.01314,0.53727,0.44204,0.00756
crops/hibogi_ai_03133_png_2.jpg,hibogi_ai_03133_png,HIBOGI_AI_03133_png_jpg.rf.df197bc5c3ecc72890ac44218e5d692c.jpg,,0,0,no_caries,mild,0.6982,0.24443,0.69822,0.0437,0.01364
crops/hibogi_ai_03133_png_3.jpg,hibogi_ai_03133_png,HIBOGI_AI_03133_png_jpg.rf.df197bc5c3ecc72890ac44218e5d692c.jpg,,0,0,no_caries,mild,0.8891,0.06687,0.88911,0.01575,0.02827
crops/hibogi_ai_03133_png_4.jpg,hibogi_ai_03133_png,HIBOGI_AI_03133_png_jpg.rf.df197bc5c3ecc72890ac44218e5d692c.jpg,,0,0,no_caries,no_caries,0.7909,0.79092,0.05893,0.11276,0.03738
crops/hibogi_ai_03133_png_5.jpg,hibogi_ai_03133_png,HIBOGI_AI_03133_png_jpg.rf.df197bc5c3ecc72890ac44218e5d692c.jpg,,0,0,no_caries,mild,0.6518,0.28841,0.65178,0.03785,0.02197
crops/hibogi_ai_03133_png_6.jpg,hibogi_ai_03133_png,HIBOGI_AI_03133_png_jpg.rf.df197bc5c3ecc72890ac44218e5d692c.jpg,,0,0,no_caries,mild,0.7093,0.09253,0.70934,0.16143,0.03669
crops/hibogi_ai_03133_png_7.jpg,hibogi_ai_03133_png,HIBOGI_AI_03133_png_jpg.rf.df197bc5c3ecc72890ac44218e5d692c.jpg,,0,0,no_caries,mild,0.7817,0.10974,0.78174,0.07087,0.03764
crops/hibogi_ai_03133_png_8.jpg,hibogi_ai_03133_png,HIBOGI_AI_03133_png_jpg.rf.df197bc5c3ecc72890ac44218e5d692c.jpg,,0,0,no_caries,no_caries,0.6859,0.6859,0.11656,0.12232,0.07521
crops/hibogi_ai_03133_png_9.jpg,hibogi_ai_03133_png,HIBOGI_AI_03133_png_jpg.rf.df197bc5c3ecc72890ac44218e5d692c.jpg,,1,0,mild,mild,0.5205,0.35425,0.52045,0.07378,0.05152
crops/hibogi_ai_03133_png_10.jpg,hibogi_ai_03133_png,HIBOGI_AI_03133_png_jpg.rf.df197bc5c3ecc72890ac44218e5d692c.jpg,,1,0,mild,no_caries,0.6038,0.60382,0.29677,0.05871,0.0407
crops/hibogi_ai_03134_png_0.jpg,hibogi_ai_03134_png,HIBOGI_AI_03134_png_jpg.rf.2a67c52e84df44fc868c08489552c50e.jpg,,2,0,mild,mild,0.557,0.14071,0.55699,0.29181,0.0105
crops/hibogi_ai_03134_png_1.jpg,hibogi_ai_03134_png,HIBOGI_AI_03134_png_jpg.rf.2a67c52e84df44fc868c08489552c50e.jpg,,2,0,mild,mild,0.8126,0.09234,0.81265,0.05144,0.04357
crops/hibogi_ai_03134_png_2.jpg,hibogi_ai_03134_png,HIBOGI_AI_03134_png_jpg.rf.2a67c52e84df44fc868c08489552c50e.jpg,,2,0,mild,mild,0.5158,0.33817,0.51576,0.08878,0.0573
crops/hibogi_ai_03134_png_3.jpg,hibogi_ai_03134_png,HIBOGI_AI_03134_png_jpg.rf.2a67c52e84df44fc868c08489552c50e.jpg,,0,0,no_caries,moderate,0.7463,0.23094,0.00567,0.74629,0.0171
crops/hibogi_ai_03134_png_4.jpg,hibogi_ai_03134_png,HIBOGI_AI_03134_png_jpg.rf.2a67c52e84df44fc868c08489552c50e.jpg,,0,0,no_caries,mild,0.7821,0.16524,0.78208,0.0425,0.01018
crops/hibogi_ai_03134_png_5.jpg,hibogi_ai_03134_png,HIBOGI_AI_03134_png_jpg.rf.2a67c52e84df44fc868c08489552c50e.jpg,,0,0,no_caries,no_caries,0.8027,0.80272,0.07939,0.07595,0.04195
crops/hibogi_ai_03134_png_6.jpg,hibogi_ai_03134_png,HIBOGI_AI_03134_png_jpg.rf.2a67c52e84df44fc868c08489552c50e.jpg,,0,0,no_caries,no_caries,0.4536,0.45361,0.41744,0.06947,0.05948
crops/hibogi_ai_03134_png_7.jpg,hibogi_ai_03134_png,HIBOGI_AI_03134_png_jpg.rf.2a67c52e84df44fc868c08489552c50e.jpg,,2,0,mild,mild,0.8023,0.01517,0.80232,0.15176,0.03075
crops/hibogi_ai_03134_png_8.jpg,hibogi_ai_03134_png,HIBOGI_AI_03134_png_jpg.rf.2a67c52e84df44fc868c08489552c50e.jpg,,5,0,advanced,advanced,0.9563,0.00812,0.02475,0.01083,0.9563
crops/hibogi_ai_03134_png_9.jpg,hibogi_ai_03134_png,HIBOGI_AI_03134_png_jpg.rf.2a67c52e84df44fc868c08489552c50e.jpg,,2,0,mild,advanced,0.3542,0.0189,0.28848,0.33845,0.35417
crops/hibogi_ai_03154_png_0.jpg,hibogi_ai_03154_png,HIBOGI_AI_03154_png_jpg.rf.9b953798cb07363c2ee0cd73e653f741.jpg,,0,0,no_caries,no_caries,0.8142,0.81424,0.05352,0.08061,0.05163
crops/hibogi_ai_03154_png_1.jpg,hibogi_ai_03154_png,HIBOGI_AI_03154_png_jpg.rf.9b953798cb07363c2ee0cd73e653f741.jpg,,0,0,no_caries,no_caries,0.6785,0.67851,0.07887,0.1233,0.11932
crops/hibogi_ai_03154_png_2.jpg,hibogi_ai_03154_png,HIBOGI_AI_03154_png_jpg.rf.9b953798cb07363c2ee0cd73e653f741.jpg,,0,0,no_caries,no_caries,0.8401,0.8401,0.07396,0.03381,0.05213
crops/hibogi_ai_03154_png_3.jpg,hibogi_ai_03154_png,HIBOGI_AI_03154_png_jpg.rf.9b953798cb07363c2ee0cd73e653f741.jpg,,0,0,no_caries,no_caries,0.7747,0.77471,0.15409,0.02818,0.04302
crops/hibogi_ai_03154_png_4.jpg,hibogi_ai_03154_png,HIBOGI_AI_03154_png_jpg.rf.9b953798cb07363c2ee0cd73e653f741.jpg,,0,0,no_caries,no_caries,0.6663,0.66626,0.17267,0.05828,0.10278
crops/hibogi_ai_03154_png_5.jpg,hibogi_ai_03154_png,HIBOGI_AI_03154_png_jpg.rf.9b953798cb07363c2ee0cd73e653f741.jpg,,3,0,moderate,no_caries,0.6553,0.65525,0.12709,0.11819,0.09947
crops/hibogi_ai_03154_png_6.jpg,hibogi_ai_03154_png,HIBOGI_AI_03154_png_jpg.rf.9b953798cb07363c2ee0cd73e653f741.jpg,,0,0,no_caries,no_caries,0.8469,0.84686,0.06325,0.05946,0.03043
crops/hibogi_ai_03154_png_7.jpg,hibogi_ai_03154_png,HIBOGI_AI_03154_png_jpg.rf.9b953798cb07363c2ee0cd73e653f741.jpg,,3,0,moderate,moderate,0.6012,0.03151,0.29453,0.6012,0.07276
crops/hibogi_ai_03154_png_8.jpg,hibogi_ai_03154_png,HIBOGI_AI_03154_png_jpg.rf.9b953798cb07363c2ee0cd73e653f741.jpg,,0,0,no_caries,no_caries,0.7972,0.79717,0.08729,0.07296,0.04258
crops/hibogi_ai_03154_png_9.jpg,hibogi_ai_03154_png,HIBOGI_AI_03154_png_jpg.rf.9b953798cb07363c2ee0cd73e653f741.jpg,,0,0,no_caries,mild,0.6475,0.28985,0.64753,0.03685,0.02577
crops/hibogi_ai_03154_png_10.jpg,hibogi_ai_03154_png,HIBOGI_AI_03154_png_jpg.rf.9b953798cb07363c2ee0cd73e653f741.jpg,,0,0,no_caries,no_caries,0.8225,0.82255,0.08939,0.05955,0.02851
crops/hibogi_ai_03154_png_11.jpg,hibogi_ai_03154_png,HIBOGI_AI_03154_png_jpg.rf.9b953798cb07363c2ee0cd73e653f741.jpg,,0,0,no_caries,no_caries,0.7441,0.74409,0.16716,0.0374,0.05135
crops/hibogi_ai_03154_png_12.jpg,hibogi_ai_03154_png,HIBOGI_AI_03154_png_jpg.rf.9b953798cb07363c2ee0cd73e653f741.jpg,,0,0,no_caries,no_caries,0.6291,0.62909,0.19207,0.0744,0.10444
crops/hibogi_ai_03154_png_13.jpg,hibogi_ai_03154_png,HIBOGI_AI_03154_png_jpg.rf.9b953798cb07363c2ee0cd73e653f741.jpg,,0,0,no_caries,no_caries,0.7977,0.79766,0.05712,0.09097,0.05425
crops/hibogi_ai_03158_png_0.jpg,hibogi_ai_03158_png,HIBOGI_AI_03158_png_jpg.rf.7aa4b710f830b05e6a619e3deb06728d.jpg,,5,0,advanced,advanced,0.4743,0.04677,0.17098,0.30798,0.47427
crops/hibogi_ai_03158_png_1.jpg,hibogi_ai_03158_png,HIBOGI_AI_03158_png_jpg.rf.7aa4b710f830b05e6a619e3deb06728d.jpg,,2,0,mild,mild,0.9303,0.02046,0.93033,0.03145,0.01776
crops/hibogi_ai_03158_png_2.jpg,hibogi_ai_03158_png,HIBOGI_AI_03158_png_jpg.rf.7aa4b710f830b05e6a619e3deb06728d.jpg,,3,0,moderate,mild,0.7443,0.08417,0.74433,0.06309,0.10841
crops/hibogi_ai_03158_png_3.jpg,hibogi_ai_03158_png,HIBOGI_AI_03158_png_jpg.rf.7aa4b710f830b05e6a619e3deb06728d.jpg,,2,0,mild,mild,0.4796,0.44387,0.47957,0.05359,0.02296
crops/hibogi_ai_03158_png_4.jpg,hibogi_ai_03158_png,HIBOGI_AI_03158_png_jpg.rf.7aa4b710f830b05e6a619e3deb06728d.jpg,,2,0,mild,no_caries,0.7655,0.76545,0.15195,0.04608,0.03652
crops/hibogi_ai_03158_png_5.jpg,hibogi_ai_03158_png,HIBOGI_AI_03158_png_jpg.rf.7aa4b710f830b05e6a619e3deb06728d.jpg,,2,0,mild,no_caries,0.803,0.80299,0.05648,0.06889,0.07164
crops/hibogi_ai_03158_png_6.jpg,hibogi_ai_03158_png,HIBOGI_AI_03158_png_jpg.rf.7aa4b710f830b05e6a619e3deb06728d.jpg,,2,0,mild,no_caries,0.7931,0.79311,0.09003,0.06677,0.05009
crops/hibogi_ai_03158_png_7.jpg,hibogi_ai_03158_png,HIBOGI_AI_03158_png_jpg.rf.7aa4b710f830b05e6a619e3deb06728d.jpg,,5,0,advanced,advanced,0.725,0.03849,0.1551,0.0814,0.72501
crops/hibogi_ai_03158_png_8.jpg,hibogi_ai_03158_png,HIBOGI_AI_03158_png_jpg.rf.7aa4b710f830b05e6a619e3deb06728d.jpg,,0,0,no_caries,no_caries,0.503,0.50298,0.29044,0.08161,0.12497
crops/hibogi_ai_03158_png_9.jpg,hibogi_ai_03158_png,HIBOGI_AI_03158_png_jpg.rf.7aa4b710f830b05e6a619e3deb06728d.jpg,,5,0,advanced,mild,0.8336,0.08444,0.83364,0.05966,0.02226
crops/hibogi_ai_03158_png_10.jpg,hibogi_ai_03158_png,HIBOGI_AI_03158_png_jpg.rf.7aa4b710f830b05e6a619e3deb06728d.jpg,,0,0,no_caries,mild,0.7551,0.17282,0.75514,0.02789,0.04415
crops/hibogi_ai_03158_png_11.jpg,hibogi_ai_03158_png,HIBOGI_AI_03158_png_jpg.rf.7aa4b710f830b05e6a619e3deb06728d.jpg,,2,0,mild,no_caries,0.5944,0.59443,0.25684,0.06174,0.08699
crops/hibogi_ai_03158_png_12.jpg,hibogi_ai_03158_png,HIBOGI_AI_03158_png_jpg.rf.7aa4b710f830b05e6a619e3deb06728d.jpg,,0,0,no_caries,no_caries,0.5302,0.53018,0.31733,0.0587,0.09379
crops/hibogi_ai_03158_png_13.jpg,hibogi_ai_03158_png,HIBOGI_AI_03158_png_jpg.rf.7aa4b710f830b05e6a619e3deb06728d.jpg,,0,0,no_caries,no_caries,0.7292,0.72923,0.13891,0.08591,0.04595
crops/hibogi_ai_03158_png_14.jpg,hibogi_ai_03158_png,HIBOGI_AI_03158_png_jpg.rf.7aa4b710f830b05e6a619e3deb06728d.jpg,,0,0,no_caries,no_caries,0.747,0.74705,0.12251,0.06741,0.06303
crops/hibogi_ai_03158_png_15.jpg,hibogi_ai_03158_png,HIBOGI_AI_03158_png_jpg.rf.7aa4b710f830b05e6a619e3deb06728d.jpg,,0,0,no_caries,no_caries,0.7948,0.79483,0.08786,0.04893,0.06837
crops/hibogi_ai_03158_png_16.jpg,hibogi_ai_03158_png,HIBOGI_AI_03158_png_jpg.rf.7aa4b710f830b05e6a619e3deb06728d.jpg,,0,0,no_caries,no_caries,0.5674,0.56736,0.29534,0.10438,0.03291
crops/hibogi_ai_03158_png_17.jpg,hibogi_ai_03158_png,HIBOGI_AI_03158_png_jpg.rf.7aa4b710f830b05e6a619e3deb06728d.jpg,,2,0,mild,moderate,0.4273,0.27973,0.17705,0.4273,0.11592
crops/hibogi_ai_03158_png_18.jpg,hibogi_ai_03158_png,HIBOGI_AI_03158_png_jpg.rf.7aa4b710f830b05e6a619e3deb06728d.jpg,,0,0,no_caries,mild,0.8022,0.08081,0.80219,0.09993,0.01707
crops/hibogi_ai_03158_png_19.jpg,hibogi_ai_03158_png,HIBOGI_AI_03158_png_jpg.rf.7aa4b710f830b05e6a619e3deb06728d.jpg,,0,0,no_caries,mild,0.5134,0.13171,0.51342,0.32673,0.02814
crops/hibogi_ai_03161_png_0.jpg,hibogi_ai_03161_png,HIBOGI_AI_03161_png_jpg.rf.4490c648ffdd82c2d976e8cda817a017.jpg,,5,0,advanced,moderate,0.9772,0.00285,0.01725,0.97723,0.00267
crops/hibogi_ai_03161_png_1.jpg,hibogi_ai_03161_png,HIBOGI_AI_03161_png_jpg.rf.4490c648ffdd82c2d976e8cda817a017.jpg,,3,0,moderate,moderate,0.967,0.0153,0.00352,0.96697,0.0142
crops/hibogi_ai_03161_png_2.jpg,hibogi_ai_03161_png,HIBOGI_AI_03161_png_jpg.rf.4490c648ffdd82c2d976e8cda817a017.jpg,,0,0,no_caries,moderate,0.603,0.19555,0.14282,0.60301,0.05862
crops/hibogi_ai_03161_png_3.jpg,hibogi_ai_03161_png,HIBOGI_AI_03161_png_jpg.rf.4490c648ffdd82c2d976e8cda817a017.jpg,,0,0,no_caries,moderate,0.4925,0.18545,0.29874,0.49254,0.02327
crops/hibogi_ai_03161_png_4.jpg,hibogi_ai_03161_png,HIBOGI_AI_03161_png_jpg.rf.4490c648ffdd82c2d976e8cda817a017.jpg,,3,0,moderate,mild,0.5878,0.33533,0.58778,0.05944,0.01745
crops/hibogi_ai_03161_png_5.jpg,hibogi_ai_03161_png,HIBOGI_AI_03161_png_jpg.rf.4490c648ffdd82c2d976e8cda817a017.jpg,,3,0,moderate,no_caries,0.8353,0.83529,0.02519,0.11953,0.01998
crops/hibogi_ai_03161_png_6.jpg,hibogi_ai_03161_png,HIBOGI_AI_03161_png_jpg.rf.4490c648ffdd82c2d976e8cda817a017.jpg,,3,0,moderate,no_caries,0.8378,0.83781,0.08118,0.05676,0.02426
crops/hibogi_ai_03161_png_7.jpg,hibogi_ai_03161_png,HIBOGI_AI_03161_png_jpg.rf.4490c648ffdd82c2d976e8cda817a017.jpg,,3,0,moderate,no_caries,0.8176,0.81758,0.0541,0.07935,0.04897
crops/hibogi_ai_03161_png_8.jpg,hibogi_ai_03161_png,HIBOGI_AI_03161_png_jpg.rf.4490c648ffdd82c2d976e8cda817a017.jpg,,3,0,moderate,no_caries,0.8434,0.84339,0.05938,0.04077,0.05646
crops/hibogi_ai_03161_png_9.jpg,hibogi_ai_03161_png,HIBOGI_AI_03161_png_jpg.rf.4490c648ffdd82c2d976e8cda817a017.jpg,,3,0,moderate,no_caries,0.7923,0.79231,0.07882,0.08317,0.0457
crops/hibogi_ai_03161_png_10.jpg,hibogi_ai_03161_png,HIBOGI_AI_03161_png_jpg.rf.4490c648ffdd82c2d976e8cda817a017.jpg,,3,0,moderate,no_caries,0.6597,0.65965,0.1131,0.19246,0.03479
crops/hibogi_ai_03161_png_11.jpg,hibogi_ai_03161_png,HIBOGI_AI_03161_png_jpg.rf.4490c648ffdd82c2d976e8cda817a017.jpg,,2,0,mild,mild,0.4806,0.03705,0.48064,0.44083,0.04149
crops/hibogi_ai_03161_png_12.jpg,hibogi_ai_03161_png,HIBOGI_AI_03161_png_jpg.rf.4490c648ffdd82c2d976e8cda817a017.jpg,,2,0,mild,mild,0.5221,0.26505,0.5221,0.18122,0.03163
crops/hibogi_ai_03161_png_13.jpg,hibogi_ai_03161_png,HIBOGI_AI_03161_png_jpg.rf.4490c648ffdd82c2d976e8cda817a017.jpg,,2,0,mild,no_caries,0.5132,0.51325,0.31997,0.11029,0.0565
crops/hibogi_ai_03161_png_14.jpg,hibogi_ai_03161_png,HIBOGI_AI_03161_png_jpg.rf.4490c648ffdd82c2d976e8cda817a017.jpg,,3,0,moderate,moderate,0.7635,0.11243,0.10153,0.76354,0.0225
crops/hibogi_ai_03161_png_15.jpg,hibogi_ai_03161_png,HIBOGI_AI_03161_png_jpg.rf.4490c648ffdd82c2d976e8cda817a017.jpg,,3,0,moderate,moderate,0.9814,0.00123,0.00208,0.98144,0.01525
crops/hibogi_ai_03174_png_0.jpg,hibogi_ai_03174_png,HIBOGI_AI_03174_png_jpg.rf.f0caaa9524161d54216373574140d941.jpg,,0,0,no_caries,no_caries,0.7457,0.74573,0.06194,0.11487,0.07746
crops/hibogi_ai_03174_png_1.jpg,hibogi_ai_03174_png,HIBOGI_AI_03174_png_jpg.rf.f0caaa9524161d54216373574140d941.jpg,,0,0,no_caries,no_caries,0.6896,0.6896,0.12989,0.11057,0.06993
crops/hibogi_ai_03174_png_2.jpg,hibogi_ai_03174_png,HIBOGI_AI_03174_png_jpg.rf.f0caaa9524161d54216373574140d941.jpg,,0,0,no_caries,mild,0.7749,0.14766,0.77488,0.01443,0.06303
crops/hibogi_ai_03174_png_3.jpg,hibogi_ai_03174_png,HIBOGI_AI_03174_png_jpg.rf.f0caaa9524161d54216373574140d941.jpg,,0,0,no_caries,no_caries,0.4632,0.46316,0.45274,0.04855,0.03555
crops/hibogi_ai_03174_png_4.jpg,hibogi_ai_03174_png,HIBOGI_AI_03174_png_jpg.rf.f0caaa9524161d54216373574140d941.jpg,,0,0,no_caries,advanced,0.854,0.03659,0.09248,0.01692,0.85401
crops/hibogi_ai_03174_png_5.jpg,hibogi_ai_03174_png,HIBOGI_AI_03174_png_jpg.rf.f0caaa9524161d54216373574140d941.jpg,,0,0,no_caries,mild,0.4797,0.34753,0.47968,0.06935,0.10344
crops/hibogi_ai_03174_png_6.jpg,hibogi_ai_03174_png,HIBOGI_AI_03174_png_jpg.rf.f0caaa9524161d54216373574140d941.jpg,,0,0,no_caries,no_caries,0.809,0.80901,0.13369,0.04477,0.01253
crops/hibogi_ai_03174_png_7.jpg,hibogi_ai_03174_png,HIBOGI_AI_03174_png_jpg.rf.f0caaa9524161d54216373574140d941.jpg,,0,0,no_caries,no_caries,0.715,0.71499,0.15822,0.06621,0.06057
crops/hibogi_ai_03174_png_8.jpg,hibogi_ai_03174_png,HIBOGI_AI_03174_png_jpg.rf.f0caaa9524161d54216373574140d941.jpg,,0,0,no_caries,no_caries,0.7808,0.78085,0.13553,0.03927,0.04435
crops/hibogi_ai_03174_png_9.jpg,hibogi_ai_03174_png,HIBOGI_AI_03174_png_jpg.rf.f0caaa9524161d54216373574140d941.jpg,,0,0,no_caries,no_caries,0.6084,0.60836,0.19116,0.15458,0.04591
crops/hibogi_ai_03174_png_10.jpg,hibogi_ai_03174_png,HIBOGI_AI_03174_png_jpg.rf.f0caaa9524161d54216373574140d941.jpg,,0,0,no_caries,no_caries,0.5664,0.56638,0.25274,0.16049,0.02039
crops/hibogi_ai_03174_png_11.jpg,hibogi_ai_03174_png,HIBOGI_AI_03174_png_jpg.rf.f0caaa9524161d54216373574140d941.jpg,,0,0,no_caries,no_caries,0.6268,0.62678,0.23368,0.0558,0.08374
crops/hibogi_ai_03176_png_0.jpg,hibogi_ai_03176_png,HIBOGI_AI_03176_png_jpg.rf.b76c570704b861cc6d1df078da6cab9d.jpg,,3,0,moderate,advanced,0.4631,0.08682,0.23889,0.21121,0.46308
crops/hibogi_ai_03176_png_1.jpg,hibogi_ai_03176_png,HIBOGI_AI_03176_png_jpg.rf.b76c570704b861cc6d1df078da6cab9d.jpg,,3,0,moderate,mild,0.9309,0.00429,0.93091,0.03835,0.02645
crops/hibogi_ai_03176_png_2.jpg,hibogi_ai_03176_png,HIBOGI_AI_03176_png_jpg.rf.b76c570704b861cc6d1df078da6cab9d.jpg,,3,0,moderate,mild,0.9807,0.01161,0.98071,0.00274,0.00494
crops/hibogi_ai_03176_png_3.jpg,hibogi_ai_03176_png,HIBOGI_AI_03176_png_jpg.rf.b76c570704b861cc6d1df078da6cab9d.jpg,,0,0,no_caries,mild,0.6548,0.24912,0.65475,0.07539,0.02073
crops/hibogi_ai_03176_png_4.jpg,hibogi_ai_03176_png,HIBOGI_AI_03176_png_jpg.rf.b76c570704b861cc6d1df078da6cab9d.jpg,,2,0,mild,no_caries,0.6801,0.68008,0.27769,0.02103,0.0212
crops/hibogi_ai_03176_png_5.jpg,hibogi_ai_03176_png,HIBOGI_AI_03176_png_jpg.rf.b76c570704b861cc6d1df078da6cab9d.jpg,,0,0,no_caries,no_caries,0.7723,0.77234,0.12553,0.06569,0.03644
crops/hibogi_ai_03176_png_6.jpg,hibogi_ai_03176_png,HIBOGI_AI_03176_png_jpg.rf.b76c570704b861cc6d1df078da6cab9d.jpg,,0,0,no_caries,no_caries,0.8464,0.84639,0.027,0.11842,0.00819
crops/hibogi_ai_03176_png_7.jpg,hibogi_ai_03176_png,HIBOGI_AI_03176_png_jpg.rf.b76c570704b861cc6d1df078da6cab9d.jpg,,0,0,no_caries,no_caries,0.8387,0.83868,0.05495,0.07303,0.03334
crops/hibogi_ai_03176_png_8.jpg,hibogi_ai_03176_png,HIBOGI_AI_03176_png_jpg.rf.b76c570704b861cc6d1df078da6cab9d.jpg,,0,0,no_caries,no_caries,0.7281,0.72813,0.18452,0.05944,0.02791
crops/hibogi_ai_03176_png_9.jpg,hibogi_ai_03176_png,HIBOGI_AI_03176_png_jpg.rf.b76c570704b861cc6d1df078da6cab9d.jpg,,5,0,advanced,no_caries,0.5356,0.53557,0.40728,0.01312,0.04404
crops/hibogi_ai_03176_png_10.jpg,hibogi_ai_03176_png,HIBOGI_AI_03176_png_jpg.rf.b76c570704b861cc6d1df078da6cab9d.jpg,,0,0,no_caries,mild,0.8277,0.12983,0.82766,0.03738,0.00513
crops/hibogi_ai_03176_png_11.jpg,hibogi_ai_03176_png,HIBOGI_AI_03176_png_jpg.rf.b76c570704b861cc6d1df078da6cab9d.jpg,,3,0,moderate,moderate,0.5078,0.03736,0.44129,0.50777,0.01358
crops/hibogi_ai_03176_png_12.jpg,hibogi_ai_03176_png,HIBOGI_AI_03176_png_jpg.rf.b76c570704b861cc6d1df078da6cab9d.jpg,,3,0,moderate,moderate,0.9281,0.00072,0.07004,0.92806,0.00118
crops/hibogi_ai_03176_png_13.jpg,hibogi_ai_03176_png,HIBOGI_AI_03176_png_jpg.rf.b76c570704b861cc6d1df078da6cab9d.jpg,,0,0,no_caries,moderate,0.4452,0.02794,0.41151,0.44524,0.11531
crops/hibogi_ai_03183_png_0.jpg,hibogi_ai_03183_png,HIBOGI_AI_03183_png_jpg.rf.2647638a0b43574931b74020df2aa01c.jpg,,1,0,mild,moderate,0.5411,0.21402,0.21763,0.54114,0.02721
crops/hibogi_ai_03183_png_1.jpg,hibogi_ai_03183_png,HIBOGI_AI_03183_png_jpg.rf.2647638a0b43574931b74020df2aa01c.jpg,,0,0,no_caries,no_caries,0.5162,0.51619,0.29925,0.05211,0.13245
crops/hibogi_ai_03183_png_2.jpg,hibogi_ai_03183_png,HIBOGI_AI_03183_png_jpg.rf.2647638a0b43574931b74020df2aa01c.jpg,,0,0,no_caries,no_caries,0.7621,0.76206,0.12759,0.06654,0.04381
crops/hibogi_ai_03183_png_3.jpg,hibogi_ai_03183_png,HIBOGI_AI_03183_png_jpg.rf.2647638a0b43574931b74020df2aa01c.jpg,,0,0,no_caries,no_caries,0.7337,0.73371,0.18382,0.04363,0.03885
crops/hibogi_ai_03183_png_4.jpg,hibogi_ai_03183_png,HIBOGI_AI_03183_png_jpg.rf.2647638a0b43574931b74020df2aa01c.jpg,,0,0,no_caries,no_caries,0.8219,0.8219,0.10588,0.03225,0.03996
crops/hibogi_ai_03183_png_5.jpg,hibogi_ai_03183_png,HIBOGI_AI_03183_png_jpg.rf.2647638a0b43574931b74020df2aa01c.jpg,,0,0,no_caries,no_caries,0.7645,0.76453,0.10748,0.03359,0.09439
crops/hibogi_ai_03183_png_6.jpg,hibogi_ai_03183_png,HIBOGI_AI_03183_png_jpg.rf.2647638a0b43574931b74020df2aa01c.jpg,,0,0,no_caries,no_caries,0.7804,0.78044,0.1195,0.03573,0.06433
crops/hibogi_ai_03183_png_7.jpg,hibogi_ai_03183_png,HIBOGI_AI_03183_png_jpg.rf.2647638a0b43574931b74020df2aa01c.jpg,,0,0,no_caries,no_caries,0.918,0.91796,0.04176,0.00881,0.03148
crops/hibogi_ai_03183_png_8.jpg,hibogi_ai_03183_png,HIBOGI_AI_03183_png_jpg.rf.2647638a0b43574931b74020df2aa01c.jpg,,0,0,no_caries,no_caries,0.7639,0.76387,0.03546,0.1401,0.06058
crops/hibogi_ai_03183_png_9.jpg,hibogi_ai_03183_png,HIBOGI_AI_03183_png_jpg.rf.2647638a0b43574931b74020df2aa01c.jpg,,0,0,no_caries,no_caries,0.8038,0.80379,0.10938,0.03175,0.05508
crops/hibogi_ai_03183_png_10.jpg,hibogi_ai_03183_png,HIBOGI_AI_03183_png_jpg.rf.2647638a0b43574931b74020df2aa01c.jpg,,0,0,no_caries,no_caries,0.7308,0.73078,0.0723,0.1193,0.07762
crops/hibogi_ai_03183_png_11.jpg,hibogi_ai_03183_png,HIBOGI_AI_03183_png_jpg.rf.2647638a0b43574931b74020df2aa01c.jpg,,0,0,no_caries,no_caries,0.8019,0.8019,0.04215,0.05592,0.10004
crops/hibogi_ai_03183_png_12.jpg,hibogi_ai_03183_png,HIBOGI_AI_03183_png_jpg.rf.2647638a0b43574931b74020df2aa01c.jpg,,0,0,no_caries,no_caries,0.7904,0.7904,0.12918,0.06059,0.01983
crops/hibogi_ai_03183_png_13.jpg,hibogi_ai_03183_png,HIBOGI_AI_03183_png_jpg.rf.2647638a0b43574931b74020df2aa01c.jpg,,0,0,no_caries,no_caries,0.8038,0.80381,0.09347,0.06317,0.03955
crops/hibogi_ai_03183_png_14.jpg,hibogi_ai_03183_png,HIBOGI_AI_03183_png_jpg.rf.2647638a0b43574931b74020df2aa01c.jpg,,0,0,no_caries,no_caries,0.8201,0.82013,0.0797,0.05202,0.04815
crops/hibogi_ai_03183_png_15.jpg,hibogi_ai_03183_png,HIBOGI_AI_03183_png_jpg.rf.2647638a0b43574931b74020df2aa01c.jpg,,0,0,no_caries,no_caries,0.8751,0.87514,0.06313,0.02645,0.03527
crops/hibogi_ai_03183_png_16.jpg,hibogi_ai_03183_png,HIBOGI_AI_03183_png_jpg.rf.2647638a0b43574931b74020df2aa01c.jpg,,0,0,no_caries,no_caries,0.8577,0.85771,0.04975,0.02408,0.06846
crops/hibogi_ai_03191_png_0.jpg,hibogi_ai_03191_png,HIBOGI_AI_03191_png_jpg.rf.bbbe9999ab9f5893d6e33de06ac312bf.jpg,,0,0,no_caries,no_caries,0.6636,0.66365,0.10742,0.15884,0.07009
crops/hibogi_ai_03191_png_1.jpg,hibogi_ai_03191_png,HIBOGI_AI_03191_png_jpg.rf.bbbe9999ab9f5893d6e33de06ac312bf.jpg,,0,0,no_caries,no_caries,0.7272,0.72724,0.06862,0.13138,0.07275
crops/hibogi_ai_03191_png_2.jpg,hibogi_ai_03191_png,HIBOGI_AI_03191_png_jpg.rf.bbbe9999ab9f5893d6e33de06ac312bf.jpg,,0,0,no_caries,no_caries,0.6717,0.67174,0.04067,0.17241,0.11518
crops/hibogi_ai_03191_png_3.jpg,hibogi_ai_03191_png,HIBOGI_AI_03191_png_jpg.rf.bbbe9999ab9f5893d6e33de06ac312bf.jpg,,5,0,advanced,advanced,0.9457,0.00781,0.02713,0.01936,0.9457
crops/hibogi_ai_03191_png_4.jpg,hibogi_ai_03191_png,HIBOGI_AI_03191_png_jpg.rf.bbbe9999ab9f5893d6e33de06ac312bf.jpg,,0,0,no_caries,no_caries,0.6127,0.61274,0.27625,0.10042,0.0106
crops/hibogi_ai_03191_png_5.jpg,hibogi_ai_03191_png,HIBOGI_AI_03191_png_jpg.rf.bbbe9999ab9f5893d6e33de06ac312bf.jpg,,0,0,no_caries,mild,0.5111,0.38967,0.51105,0.05914,0.04013
crops/hibogi_ai_03191_png_6.jpg,hibogi_ai_03191_png,HIBOGI_AI_03191_png_jpg.rf.bbbe9999ab9f5893d6e33de06ac312bf.jpg,,0,0,no_caries,mild,0.5252,0.37998,0.52518,0.05253,0.04231
crops/hibogi_ai_03191_png_7.jpg,hibogi_ai_03191_png,HIBOGI_AI_03191_png_jpg.rf.bbbe9999ab9f5893d6e33de06ac312bf.jpg,,5,0,advanced,moderate,0.5907,0.09687,0.1552,0.59072,0.15721
crops/hibogi_ai_03191_png_8.jpg,hibogi_ai_03191_png,HIBOGI_AI_03191_png_jpg.rf.bbbe9999ab9f5893d6e33de06ac312bf.jpg,,0,0,no_caries,mild,0.4988,0.28434,0.4988,0.05533,0.16153
crops/hibogi_ai_03191_png_9.jpg,hibogi_ai_03191_png,HIBOGI_AI_03191_png_jpg.rf.bbbe9999ab9f5893d6e33de06ac312bf.jpg,,0,0,no_caries,no_caries,0.5672,0.56721,0.35666,0.05086,0.02527
crops/hibogi_ai_03191_png_10.jpg,hibogi_ai_03191_png,HIBOGI_AI_03191_png_jpg.rf.bbbe9999ab9f5893d6e33de06ac312bf.jpg,,0,0,no_caries,no_caries,0.808,0.80803,0.08111,0.07728,0.03358
crops/hibogi_ai_03191_png_11.jpg,hibogi_ai_03191_png,HIBOGI_AI_03191_png_jpg.rf.bbbe9999ab9f5893d6e33de06ac312bf.jpg,,0,0,no_caries,no_caries,0.8366,0.83664,0.11596,0.0145,0.03289
crops/hibogi_ai_03191_png_12.jpg,hibogi_ai_03191_png,HIBOGI_AI_03191_png_jpg.rf.bbbe9999ab9f5893d6e33de06ac312bf.jpg,,0,0,no_caries,no_caries,0.7647,0.76474,0.16375,0.02327,0.04824
crops/hibogi_ai_03191_png_13.jpg,hibogi_ai_03191_png,HIBOGI_AI_03191_png_jpg.rf.bbbe9999ab9f5893d6e33de06ac312bf.jpg,,3,0,moderate,no_caries,0.5234,0.52345,0.2095,0.21641,0.05064
crops/hibogi_ai_03232_png_0.jpg,hibogi_ai_03232_png,HIBOGI_AI_03232_png_jpg.rf.25d24e6c51c0c7e94857654bbf7392bd.jpg,,0,0,no_caries,no_caries,0.4477,0.44772,0.26993,0.25828,0.02407
crops/hibogi_ai_03232_png_1.jpg,hibogi_ai_03232_png,HIBOGI_AI_03232_png_jpg.rf.25d24e6c51c0c7e94857654bbf7392bd.jpg,,0,0,no_caries,no_caries,0.807,0.80701,0.05408,0.088,0.05091
crops/hibogi_ai_03232_png_2.jpg,hibogi_ai_03232_png,HIBOGI_AI_03232_png_jpg.rf.25d24e6c51c0c7e94857654bbf7392bd.jpg,,0,0,no_caries,no_caries,0.7137,0.71371,0.19337,0.03439,0.05853
crops/hibogi_ai_03232_png_3.jpg,hibogi_ai_03232_png,HIBOGI_AI_03232_png_jpg.rf.25d24e6c51c0c7e94857654bbf7392bd.jpg,,5,0,advanced,advanced,0.9588,0.00945,0.01257,0.01914,0.95883
crops/hibogi_ai_03232_png_4.jpg,hibogi_ai_03232_png,HIBOGI_AI_03232_png_jpg.rf.25d24e6c51c0c7e94857654bbf7392bd.jpg,,0,0,no_caries,no_caries,0.8265,0.82649,0.02706,0.06854,0.0779
crops/hibogi_ai_03232_png_5.jpg,hibogi_ai_03232_png,HIBOGI_AI_03232_png_jpg.rf.25d24e6c51c0c7e94857654bbf7392bd.jpg,,0,0,no_caries,no_caries,0.7754,0.77542,0.05975,0.054,0.11083
crops/hibogi_ai_03232_png_6.jpg,hibogi_ai_03232_png,HIBOGI_AI_03232_png_jpg.rf.25d24e6c51c0c7e94857654bbf7392bd.jpg,,0,0,no_caries,no_caries,0.8017,0.80171,0.10908,0.02217,0.06704
crops/hibogi_ai_03232_png_7.jpg,hibogi_ai_03232_png,HIBOGI_AI_03232_png_jpg.rf.25d24e6c51c0c7e94857654bbf7392bd.jpg,,0,0,no_caries,no_caries,0.7133,0.71327,0.13243,0.07249,0.08181
crops/hibogi_ai_03232_png_8.jpg,hibogi_ai_03232_png,HIBOGI_AI_03232_png_jpg.rf.25d24e6c51c0c7e94857654bbf7392bd.jpg,,0,0,no_caries,no_caries,0.5411,0.5411,0.07662,0.36406,0.01822
crops/hibogi_ai_03232_png_9.jpg,hibogi_ai_03232_png,HIBOGI_AI_03232_png_jpg.rf.25d24e6c51c0c7e94857654bbf7392bd.jpg,,0,0,no_caries,no_caries,0.8328,0.83282,0.09398,0.05943,0.01377
crops/hibogi_ai_03232_png_10.jpg,hibogi_ai_03232_png,HIBOGI_AI_03232_png_jpg.rf.25d24e6c51c0c7e94857654bbf7392bd.jpg,,0,0,no_caries,no_caries,0.6214,0.62142,0.25851,0.04989,0.07018
crops/hibogi_ai_03232_png_11.jpg,hibogi_ai_03232_png,HIBOGI_AI_03232_png_jpg.rf.25d24e6c51c0c7e94857654bbf7392bd.jpg,,0,0,no_caries,no_caries,0.5584,0.55842,0.36765,0.04189,0.03203
crops/hibogi_ai_03232_png_12.jpg,hibogi_ai_03232_png,HIBOGI_AI_03232_png_jpg.rf.25d24e6c51c0c7e94857654bbf7392bd.jpg,,0,0,no_caries,no_caries,0.7439,0.74392,0.11249,0.04756,0.09604
crops/hibogi_ai_03232_png_13.jpg,hibogi_ai_03232_png,HIBOGI_AI_03232_png_jpg.rf.25d24e6c51c0c7e94857654bbf7392bd.jpg,,0,0,no_caries,no_caries,0.8123,0.81229,0.02289,0.12859,0.03622
crops/hibogi_ai_03232_png_14.jpg,hibogi_ai_03232_png,HIBOGI_AI_03232_png_jpg.rf.25d24e6c51c0c7e94857654bbf7392bd.jpg,,0,0,no_caries,moderate,0.4433,0.21779,0.30166,0.44332,0.03724
crops/hibogi_ai_03241_png_0.jpg,hibogi_ai_03241_png,HIBOGI_AI_03241_png_jpg.rf.6842bbfed116bc66fb60e41dbeea595c.jpg,,0,0,no_caries,no_caries,0.4933,0.49333,0.33629,0.06533,0.10505
crops/hibogi_ai_03241_png_1.jpg,hibogi_ai_03241_png,HIBOGI_AI_03241_png_jpg.rf.6842bbfed116bc66fb60e41dbeea595c.jpg,,0,0,no_caries,no_caries,0.4261,0.42609,0.36631,0.13776,0.06984
crops/hibogi_ai_03241_png_2.jpg,hibogi_ai_03241_png,HIBOGI_AI_03241_png_jpg.rf.6842bbfed116bc66fb60e41dbeea595c.jpg,,0,0,no_caries,moderate,0.9504,0.02541,0.00983,0.95039,0.01436
crops/hibogi_ai_03241_png_3.jpg,hibogi_ai_03241_png,HIBOGI_AI_03241_png_jpg.rf.6842bbfed116bc66fb60e41dbeea595c.jpg,,0,0,no_caries,no_caries,0.7889,0.78891,0.10345,0.08537,0.02226
crops/hibogi_ai_03241_png_4.jpg,hibogi_ai_03241_png,HIBOGI_AI_03241_png_jpg.rf.6842bbfed116bc66fb60e41dbeea595c.jpg,,0,0,no_caries,no_caries,0.4907,0.49073,0.47224,0.02627,0.01076
crops/hibogi_ai_03241_png_5.jpg,hibogi_ai_03241_png,HIBOGI_AI_03241_png_jpg.rf.6842bbfed116bc66fb60e41dbeea595c.jpg,,0,0,no_caries,no_caries,0.5853,0.58526,0.32521,0.02858,0.06096
crops/hibogi_ai_03241_png_6.jpg,hibogi_ai_03241_png,HIBOGI_AI_03241_png_jpg.rf.6842bbfed116bc66fb60e41dbeea595c.jpg,,0,0,no_caries,no_caries,0.7912,0.79119,0.11514,0.06115,0.03252
crops/hibogi_ai_03241_png_7.jpg,hibogi_ai_03241_png,HIBOGI_AI_03241_png_jpg.rf.6842bbfed116bc66fb60e41dbeea595c.jpg,,0,0,no_caries,no_caries,0.7316,0.73163,0.12413,0.07003,0.0742
crops/hibogi_ai_03241_png_8.jpg,hibogi_ai_03241_png,HIBOGI_AI_03241_png_jpg.rf.6842bbfed116bc66fb60e41dbeea595c.jpg,,0,0,no_caries,mild,0.4803,0.42968,0.48027,0.02607,0.06397
crops/hibogi_ai_03241_png_9.jpg,hibogi_ai_03241_png,HIBOGI_AI_03241_png_jpg.rf.6842bbfed116bc66fb60e41dbeea595c.jpg,,0,0,no_caries,no_caries,0.6294,0.62936,0.23302,0.05871,0.0789
crops/hibogi_ai_03241_png_10.jpg,hibogi_ai_03241_png,HIBOGI_AI_03241_png_jpg.rf.6842bbfed116bc66fb60e41dbeea595c.jpg,,0,0,no_caries,mild,0.7159,0.22385,0.71595,0.05208,0.00813
crops/hibogi_ai_03241_png_11.jpg,hibogi_ai_03241_png,HIBOGI_AI_03241_png_jpg.rf.6842bbfed116bc66fb60e41dbeea595c.jpg,,0,0,no_caries,mild,0.831,0.05713,0.83102,0.08413,0.02772
crops/hibogi_ai_03241_png_12.jpg,hibogi_ai_03241_png,HIBOGI_AI_03241_png_jpg.rf.6842bbfed116bc66fb60e41dbeea595c.jpg,,0,0,no_caries,mild,0.7824,0.18191,0.78241,0.01901,0.01667
crops/hibogi_ai_03241_png_13.jpg,hibogi_ai_03241_png,HIBOGI_AI_03241_png_jpg.rf.6842bbfed116bc66fb60e41dbeea595c.jpg,,0,0,no_caries,no_caries,0.5235,0.5235,0.39642,0.03633,0.04374
crops/hibogi_ai_03241_png_14.jpg,hibogi_ai_03241_png,HIBOGI_AI_03241_png_jpg.rf.6842bbfed116bc66fb60e41dbeea595c.jpg,,0,0,no_caries,no_caries,0.7435,0.74351,0.17558,0.04435,0.03656
crops/hibogi_ai_03241_png_15.jpg,hibogi_ai_03241_png,HIBOGI_AI_03241_png_jpg.rf.6842bbfed116bc66fb60e41dbeea595c.jpg,,0,0,no_caries,no_caries,0.682,0.68201,0.23444,0.05164,0.03192
crops/hibogi_ai_03241_png_16.jpg,hibogi_ai_03241_png,HIBOGI_AI_03241_png_jpg.rf.6842bbfed116bc66fb60e41dbeea595c.jpg,,0,0,no_caries,mild,0.61,0.34499,0.61001,0.03179,0.0132
crops/hibogi_ai_03248_png_0.jpg,hibogi_ai_03248_png,HIBOGI_AI_03248_png_jpg.rf.a8287c8f6a10f42bfdf919ee3aaabd7e.jpg,,0,0,no_caries,no_caries,0.8822,0.88224,0.05844,0.02802,0.0313
crops/hibogi_ai_03248_png_1.jpg,hibogi_ai_03248_png,HIBOGI_AI_03248_png_jpg.rf.a8287c8f6a10f42bfdf919ee3aaabd7e.jpg,,0,0,no_caries,no_caries,0.6473,0.64726,0.12371,0.1385,0.09053
crops/hibogi_ai_03248_png_2.jpg,hibogi_ai_03248_png,HIBOGI_AI_03248_png_jpg.rf.a8287c8f6a10f42bfdf919ee3aaabd7e.jpg,,0,0,no_caries,no_caries,0.7201,0.72012,0.15615,0.03743,0.0863
crops/hibogi_ai_03248_png_3.jpg,hibogi_ai_03248_png,HIBOGI_AI_03248_png_jpg.rf.a8287c8f6a10f42bfdf919ee3aaabd7e.jpg,,0,0,no_caries,no_caries,0.8011,0.80105,0.03702,0.06622,0.0957
crops/hibogi_ai_03248_png_4.jpg,hibogi_ai_03248_png,HIBOGI_AI_03248_png_jpg.rf.a8287c8f6a10f42bfdf919ee3aaabd7e.jpg,,0,0,no_caries,no_caries,0.7029,0.70292,0.18248,0.05133,0.06327
crops/hibogi_ai_03248_png_5.jpg,hibogi_ai_03248_png,HIBOGI_AI_03248_png_jpg.rf.a8287c8f6a10f42bfdf919ee3aaabd7e.jpg,,0,0,no_caries,mild,0.463,0.45069,0.46298,0.03533,0.051
crops/hibogi_ai_03248_png_6.jpg,hibogi_ai_03248_png,HIBOGI_AI_03248_png_jpg.rf.a8287c8f6a10f42bfdf919ee3aaabd7e.jpg,,0,0,no_caries,moderate,0.4644,0.35253,0.12543,0.46436,0.05767
crops/hibogi_ai_03248_png_7.jpg,hibogi_ai_03248_png,HIBOGI_AI_03248_png_jpg.rf.a8287c8f6a10f42bfdf919ee3aaabd7e.jpg,,0,0,no_caries,no_caries,0.7946,0.79458,0.06442,0.11838,0.02263
crops/hibogi_ai_03248_png_8.jpg,hibogi_ai_03248_png,HIBOGI_AI_03248_png_jpg.rf.a8287c8f6a10f42bfdf919ee3aaabd7e.jpg,,0,0,no_caries,no_caries,0.7568,0.75679,0.11576,0.06175,0.0657
crops/hibogi_ai_03262_png_0.jpg,hibogi_ai_03262_png,HIBOGI_AI_03262_png_jpg.rf.af09d6b68ee9f1794d6e00c0d7676f2d.jpg,,2,0,mild,moderate,0.6761,0.192,0.07834,0.67611,0.05355
crops/hibogi_ai_03262_png_1.jpg,hibogi_ai_03262_png,HIBOGI_AI_03262_png_jpg.rf.af09d6b68ee9f1794d6e00c0d7676f2d.jpg,,0,0,no_caries,no_caries,0.7643,0.76428,0.14582,0.04835,0.04154
crops/hibogi_ai_03262_png_2.jpg,hibogi_ai_03262_png,HIBOGI_AI_03262_png_jpg.rf.af09d6b68ee9f1794d6e00c0d7676f2d.jpg,,0,0,no_caries,no_caries,0.7804,0.78043,0.17497,0.00998,0.03462
crops/hibogi_ai_03262_png_3.jpg,hibogi_ai_03262_png,HIBOGI_AI_03262_png_jpg.rf.af09d6b68ee9f1794d6e00c0d7676f2d.jpg,,0,0,no_caries,no_caries,0.5819,0.5819,0.22533,0.09899,0.09378
crops/hibogi_ai_03262_png_4.jpg,hibogi_ai_03262_png,HIBOGI_AI_03262_png_jpg.rf.af09d6b68ee9f1794d6e00c0d7676f2d.jpg,,0,0,no_caries,no_caries,0.7437,0.74371,0.05274,0.13399,0.06957
crops/hibogi_ai_03262_png_5.jpg,hibogi_ai_03262_png,HIBOGI_AI_03262_png_jpg.rf.af09d6b68ee9f1794d6e00c0d7676f2d.jpg,,3,0,moderate,mild,0.7717,0.02526,0.77167,0.18958,0.01349
crops/hibogi_ai_03262_png_6.jpg,hibogi_ai_03262_png,HIBOGI_AI_03262_png_jpg.rf.af09d6b68ee9f1794d6e00c0d7676f2d.jpg,,0,0,no_caries,no_caries,0.734,0.73398,0.21272,0.02994,0.02336
crops/hibogi_ai_03262_png_7.jpg,hibogi_ai_03262_png,HIBOGI_AI_03262_png_jpg.rf.af09d6b68ee9f1794d6e00c0d7676f2d.jpg,,0,0,no_caries,no_caries,0.5973,0.59727,0.34972,0.01301,0.04
crops/hibogi_ai_03262_png_8.jpg,hibogi_ai_03262_png,HIBOGI_AI_03262_png_jpg.rf.af09d6b68ee9f1794d6e00c0d7676f2d.jpg,,0,0,no_caries,no_caries,0.6882,0.68817,0.2202,0.03955,0.05208
crops/hibogi_ai_03262_png_9.jpg,hibogi_ai_03262_png,HIBOGI_AI_03262_png_jpg.rf.af09d6b68ee9f1794d6e00c0d7676f2d.jpg,,1,0,mild,no_caries,0.6439,0.64393,0.29627,0.02129,0.03851
crops/hibogi_ai_03262_png_10.jpg,hibogi_ai_03262_png,HIBOGI_AI_03262_png_jpg.rf.af09d6b68ee9f1794d6e00c0d7676f2d.jpg,,0,0,no_caries,mild,0.6825,0.26573,0.68255,0.02029,0.03143
crops/hibogi_ai_03262_png_11.jpg,hibogi_ai_03262_png,HIBOGI_AI_03262_png_jpg.rf.af09d6b68ee9f1794d6e00c0d7676f2d.jpg,,0,0,no_caries,no_caries,0.7381,0.73809,0.11966,0.10891,0.03334
crops/hibogi_ai_03265_png_0.jpg,hibogi_ai_03265_png,HIBOGI_AI_03265_png_jpg.rf.3b6cf190412c3ccee5f2c87c8cd3e740.jpg,,0,0,no_caries,mild,0.4423,0.26736,0.44228,0.21148,0.07889
crops/hibogi_ai_03265_png_1.jpg,hibogi_ai_03265_png,HIBOGI_AI_03265_png_jpg.rf.3b6cf190412c3ccee5f2c87c8cd3e740.jpg,,5,0,advanced,advanced,0.9696,0.00849,0.00576,0.01619,0.96956
crops/hibogi_ai_03265_png_2.jpg,hibogi_ai_03265_png,HIBOGI_AI_03265_png_jpg.rf.3b6cf190412c3ccee5f2c87c8cd3e740.jpg,,0,0,no_caries,no_caries,0.8232,0.82315,0.09117,0.01688,0.0688
crops/hibogi_ai_03265_png_3.jpg,hibogi_ai_03265_png,HIBOGI_AI_03265_png_jpg.rf.3b6cf190412c3ccee5f2c87c8cd3e740.jpg,,0,0,no_caries,no_caries,0.8361,0.83612,0.08001,0.0259,0.05797
crops/hibogi_ai_03265_png_4.jpg,hibogi_ai_03265_png,HIBOGI_AI_03265_png_jpg.rf.3b6cf190412c3ccee5f2c87c8cd3e740.jpg,,0,0,no_caries,no_caries,0.7521,0.75207,0.12647,0.0631,0.05836
crops/hibogi_ai_03265_png_5.jpg,hibogi_ai_03265_png,HIBOGI_AI_03265_png_jpg.rf.3b6cf190412c3ccee5f2c87c8cd3e740.jpg,,0,0,no_caries,mild,0.5945,0.28633,0.59454,0.05596,0.06317
crops/hibogi_ai_03265_png_6.jpg,hibogi_ai_03265_png,HIBOGI_AI_03265_png_jpg.rf.3b6cf190412c3ccee5f2c87c8cd3e740.jpg,,0,0,no_caries,no_caries,0.8315,0.83146,0.10476,0.02359,0.04019
crops/hibogi_ai_03265_png_7.jpg,hibogi_ai_03265_png,HIBOGI_AI_03265_png_jpg.rf.3b6cf190412c3ccee5f2c87c8cd3e740.jpg,,0,0,no_caries,no_caries,0.5359,0.5359,0.41504,0.01812,0.03094
crops/hibogi_ai_03265_png_8.jpg,hibogi_ai_03265_png,HIBOGI_AI_03265_png_jpg.rf.3b6cf190412c3ccee5f2c87c8cd3e740.jpg,,0,0,no_caries,no_caries,0.5403,0.54025,0.27172,0.07598,0.11204
crops/hibogi_ai_03265_png_9.jpg,hibogi_ai_03265_png,HIBOGI_AI_03265_png_jpg.rf.3b6cf190412c3ccee5f2c87c8cd3e740.jpg,,0,0,no_caries,no_caries,0.6215,0.62146,0.15911,0.10429,0.11514
crops/hibogi_ai_03265_png_10.jpg,hibogi_ai_03265_png,HIBOGI_AI_03265_png_jpg.rf.3b6cf190412c3ccee5f2c87c8cd3e740.jpg,,0,0,no_caries,no_caries,0.4132,0.41315,0.40376,0.12179,0.06129
crops/hibogi_ai_03268_png_0.jpg,hibogi_ai_03268_png,HIBOGI_AI_03268_png_jpg.rf.5c3145cf3542749cc0ded8c6a0383d22.jpg,,0,0,no_caries,no_caries,0.6714,0.67142,0.17469,0.07517,0.07872
crops/hibogi_ai_03268_png_1.jpg,hibogi_ai_03268_png,HIBOGI_AI_03268_png_jpg.rf.5c3145cf3542749cc0ded8c6a0383d22.jpg,,0,0,no_caries,no_caries,0.6564,0.65644,0.22868,0.07235,0.04253
crops/hibogi_ai_03268_png_2.jpg,hibogi_ai_03268_png,HIBOGI_AI_03268_png_jpg.rf.5c3145cf3542749cc0ded8c6a0383d22.jpg,,0,0,no_caries,no_caries,0.6424,0.64243,0.26527,0.03395,0.05835
crops/hibogi_ai_03268_png_3.jpg,hibogi_ai_03268_png,HIBOGI_AI_03268_png_jpg.rf.5c3145cf3542749cc0ded8c6a0383d22.jpg,,0,0,no_caries,no_caries,0.7072,0.7072,0.09896,0.11746,0.07638
crops/hibogi_ai_03268_png_4.jpg,hibogi_ai_03268_png,HIBOGI_AI_03268_png_jpg.rf.5c3145cf3542749cc0ded8c6a0383d22.jpg,,6,0,advanced,moderate,0.6397,0.00193,0.01169,0.63972,0.34665
crops/hibogi_ai_03268_png_5.jpg,hibogi_ai_03268_png,HIBOGI_AI_03268_png_jpg.rf.5c3145cf3542749cc0ded8c6a0383d22.jpg,,0,0,no_caries,mild,0.6533,0.30556,0.65334,0.02736,0.01374
crops/hibogi_ai_03268_png_6.jpg,hibogi_ai_03268_png,HIBOGI_AI_03268_png_jpg.rf.5c3145cf3542749cc0ded8c6a0383d22.jpg,,0,0,no_caries,no_caries,0.7075,0.70746,0.1186,0.13523,0.03871
crops/hibogi_ai_03268_png_7.jpg,hibogi_ai_03268_png,HIBOGI_AI_03268_png_jpg.rf.5c3145cf3542749cc0ded8c6a0383d22.jpg,,3,0,moderate,moderate,0.9403,0.00396,0.04565,0.94026,0.01013
crops/hibogi_ai_03268_png_8.jpg,hibogi_ai_03268_png,HIBOGI_AI_03268_png_jpg.rf.5c3145cf3542749cc0ded8c6a0383d22.jpg,,0,0,no_caries,no_caries,0.7593,0.75926,0.14545,0.03971,0.05558
crops/hibogi_ai_03268_png_9.jpg,hibogi_ai_03268_png,HIBOGI_AI_03268_png_jpg.rf.5c3145cf3542749cc0ded8c6a0383d22.jpg,,0,0,no_caries,mild,0.5073,0.42843,0.50728,0.03346,0.03082
crops/hibogi_ai_03268_png_10.jpg,hibogi_ai_03268_png,HIBOGI_AI_03268_png_jpg.rf.5c3145cf3542749cc0ded8c6a0383d22.jpg,,0,0,no_caries,no_caries,0.8255,0.82547,0.07297,0.04951,0.05204
crops/hibogi_ai_03274_png_0.jpg,hibogi_ai_03274_png,HIBOGI_AI_03274_png_jpg.rf.cbff64a267771dfa4d4911758b31f8b0.jpg,,1,0,mild,mild,0.5292,0.06728,0.52924,0.26202,0.14145
crops/hibogi_ai_03274_png_1.jpg,hibogi_ai_03274_png,HIBOGI_AI_03274_png_jpg.rf.cbff64a267771dfa4d4911758b31f8b0.jpg,,3,0,moderate,advanced,0.5738,0.00525,0.07751,0.34348,0.57376
crops/hibogi_ai_03274_png_2.jpg,hibogi_ai_03274_png,HIBOGI_AI_03274_png_jpg.rf.cbff64a267771dfa4d4911758b31f8b0.jpg,,0,0,no_caries,no_caries,0.7413,0.74127,0.17085,0.02576,0.06212
crops/hibogi_ai_03274_png_3.jpg,hibogi_ai_03274_png,HIBOGI_AI_03274_png_jpg.rf.cbff64a267771dfa4d4911758b31f8b0.jpg,,0,0,no_caries,no_caries,0.82,0.81998,0.11413,0.01999,0.0459
crops/hibogi_ai_03274_png_4.jpg,hibogi_ai_03274_png,HIBOGI_AI_03274_png_jpg.rf.cbff64a267771dfa4d4911758b31f8b0.jpg,,0,0,no_caries,no_caries,0.8506,0.85059,0.06593,0.04407,0.0394
crops/hibogi_ai_03274_png_5.jpg,hibogi_ai_03274_png,HIBOGI_AI_03274_png_jpg.rf.cbff64a267771dfa4d4911758b31f8b0.jpg,,0,0,no_caries,moderate,0.7335,0.21452,0.01549,0.73353,0.03646
crops/hibogi_ai_03274_png_6.jpg,hibogi_ai_03274_png,HIBOGI_AI_03274_png_jpg.rf.cbff64a267771dfa4d4911758b31f8b0.jpg,,0,0,no_caries,no_caries,0.7596,0.75956,0.10114,0.06174,0.07756
crops/hibogi_ai_03274_png_7.jpg,hibogi_ai_03274_png,HIBOGI_AI_03274_png_jpg.rf.cbff64a267771dfa4d4911758b31f8b0.jpg,,0,0,no_caries,no_caries,0.864,0.864,0.02701,0.06371,0.04528
crops/hibogi_ai_03274_png_8.jpg,hibogi_ai_03274_png,HIBOGI_AI_03274_png_jpg.rf.cbff64a267771dfa4d4911758b31f8b0.jpg,,0,0,no_caries,no_caries,0.8846,0.88464,0.0253,0.05013,0.03994
crops/hibogi_ai_03274_png_9.jpg,hibogi_ai_03274_png,HIBOGI_AI_03274_png_jpg.rf.cbff64a267771dfa4d4911758b31f8b0.jpg,,3,0,moderate,advanced,0.3925,0.36119,0.10518,0.14118,0.39245
crops/hibogi_ai_03274_png_10.jpg,hibogi_ai_03274_png,HIBOGI_AI_03274_png_jpg.rf.cbff64a267771dfa4d4911758b31f8b0.jpg,,0,0,no_caries,no_caries,0.7829,0.78288,0.08484,0.02374,0.10853
crops/hibogi_ai_03274_png_11.jpg,hibogi_ai_03274_png,HIBOGI_AI_03274_png_jpg.rf.cbff64a267771dfa4d4911758b31f8b0.jpg,,2,0,mild,mild,0.5417,0.02348,0.54171,0.41903,0.01578
crops/hibogi_ai_03274_png_12.jpg,hibogi_ai_03274_png,HIBOGI_AI_03274_png_jpg.rf.cbff64a267771dfa4d4911758b31f8b0.jpg,,5,0,advanced,mild,0.6559,0.13123,0.6559,0.12804,0.08484
crops/hibogi_ai_03286_png_0.jpg,hibogi_ai_03286_png,HIBOGI_AI_03286_png_jpg.rf.3cdb43a604a830db03ec733289e85f96.jpg,,0,0,no_caries,no_caries,0.4973,0.49728,0.34459,0.10158,0.05656
crops/hibogi_ai_03286_png_1.jpg,hibogi_ai_03286_png,HIBOGI_AI_03286_png_jpg.rf.3cdb43a604a830db03ec733289e85f96.jpg,,0,0,no_caries,no_caries,0.7264,0.72637,0.19619,0.03252,0.04493
crops/hibogi_ai_03286_png_2.jpg,hibogi_ai_03286_png,HIBOGI_AI_03286_png_jpg.rf.3cdb43a604a830db03ec733289e85f96.jpg,,0,0,no_caries,no_caries,0.7756,0.77558,0.15247,0.04161,0.03034
crops/hibogi_ai_03286_png_3.jpg,hibogi_ai_03286_png,HIBOGI_AI_03286_png_jpg.rf.3cdb43a604a830db03ec733289e85f96.jpg,,0,0,no_caries,no_caries,0.8426,0.84263,0.0671,0.06437,0.0259
crops/hibogi_ai_03286_png_4.jpg,hibogi_ai_03286_png,HIBOGI_AI_03286_png_jpg.rf.3cdb43a604a830db03ec733289e85f96.jpg,,0,0,no_caries,no_caries,0.8473,0.84726,0.0506,0.05269,0.04946
crops/hibogi_ai_03286_png_5.jpg,hibogi_ai_03286_png,HIBOGI_AI_03286_png_jpg.rf.3cdb43a604a830db03ec733289e85f96.jpg,,0,0,no_caries,no_caries,0.7865,0.78648,0.0874,0.06391,0.06221
crops/hibogi_ai_03286_png_6.jpg,hibogi_ai_03286_png,HIBOGI_AI_03286_png_jpg.rf.3cdb43a604a830db03ec733289e85f96.jpg,,0,0,no_caries,no_caries,0.6687,0.6687,0.20799,0.06378,0.05953
crops/hibogi_ai_03286_png_7.jpg,hibogi_ai_03286_png,HIBOGI_AI_03286_png_jpg.rf.3cdb43a604a830db03ec733289e85f96.jpg,,4,0,moderate,moderate,0.9741,0.01906,0.00545,0.97408,0.00141
crops/hibogi_ai_03286_png_8.jpg,hibogi_ai_03286_png,HIBOGI_AI_03286_png_jpg.rf.3cdb43a604a830db03ec733289e85f96.jpg,,0,0,no_caries,no_caries,0.7239,0.72388,0.09514,0.13426,0.04671
crops/hibogi_ai_03286_png_9.jpg,hibogi_ai_03286_png,HIBOGI_AI_03286_png_jpg.rf.3cdb43a604a830db03ec733289e85f96.jpg,,4,0,moderate,mild,0.4645,0.42077,0.46446,0.09587,0.0189
crops/hibogi_ai_03286_png_10.jpg,hibogi_ai_03286_png,HIBOGI_AI_03286_png_jpg.rf.3cdb43a604a830db03ec733289e85f96.jpg,,0,0,no_caries,no_caries,0.6247,0.6247,0.26162,0.04262,0.07106
crops/hibogi_ai_03286_png_11.jpg,hibogi_ai_03286_png,HIBOGI_AI_03286_png_jpg.rf.3cdb43a604a830db03ec733289e85f96.jpg,,0,0,no_caries,mild,0.9515,0.03395,0.95148,0.00877,0.0058
crops/hibogi_ai_03286_png_12.jpg,hibogi_ai_03286_png,HIBOGI_AI_03286_png_jpg.rf.3cdb43a604a830db03ec733289e85f96.jpg,,0,0,no_caries,no_caries,0.8583,0.85827,0.04526,0.04806,0.0484
crops/hibogi_ai_03286_png_13.jpg,hibogi_ai_03286_png,HIBOGI_AI_03286_png_jpg.rf.3cdb43a604a830db03ec733289e85f96.jpg,,0,0,no_caries,no_caries,0.8767,0.87665,0.04527,0.03888,0.0392
crops/hibogi_ai_03286_png_14.jpg,hibogi_ai_03286_png,HIBOGI_AI_03286_png_jpg.rf.3cdb43a604a830db03ec733289e85f96.jpg,,0,0,no_caries,mild,0.7529,0.17761,0.75292,0.05002,0.01946
crops/hibogi_ai_03286_png_15.jpg,hibogi_ai_03286_png,HIBOGI_AI_03286_png_jpg.rf.3cdb43a604a830db03ec733289e85f96.jpg,,0,0,no_caries,no_caries,0.7397,0.73967,0.17342,0.01714,0.06976
crops/hibogi_ai_03286_png_16.jpg,hibogi_ai_03286_png,HIBOGI_AI_03286_png_jpg.rf.3cdb43a604a830db03ec733289e85f96.jpg,,4,0,moderate,advanced,0.846,0.03251,0.03292,0.08862,0.84595
crops/hibogi_ai_03287_png_0.jpg,hibogi_ai_03287_png,HIBOGI_AI_03287_png_jpg.rf.c4e89fad7cd26506145787127c362eea.jpg,,0,0,no_caries,no_caries,0.7509,0.75086,0.15512,0.04212,0.0519
crops/hibogi_ai_03287_png_1.jpg,hibogi_ai_03287_png,HIBOGI_AI_03287_png_jpg.rf.c4e89fad7cd26506145787127c362eea.jpg,,6,0,advanced,advanced,0.7651,0.00978,0.01349,0.21163,0.76511
crops/hibogi_ai_03287_png_2.jpg,hibogi_ai_03287_png,HIBOGI_AI_03287_png_jpg.rf.c4e89fad7cd26506145787127c362eea.jpg,,0,0,no_caries,no_caries,0.5556,0.55563,0.34579,0.03646,0.06212
crops/hibogi_ai_03287_png_3.jpg,hibogi_ai_03287_png,HIBOGI_AI_03287_png_jpg.rf.c4e89fad7cd26506145787127c362eea.jpg,,0,0,no_caries,no_caries,0.5638,0.56381,0.30974,0.04864,0.07781
crops/hibogi_ai_03287_png_4.jpg,hibogi_ai_03287_png,HIBOGI_AI_03287_png_jpg.rf.c4e89fad7cd26506145787127c362eea.jpg,,0,0,no_caries,no_caries,0.8272,0.82718,0.04887,0.0491,0.07486
crops/hibogi_ai_03287_png_5.jpg,hibogi_ai_03287_png,HIBOGI_AI_03287_png_jpg.rf.c4e89fad7cd26506145787127c362eea.jpg,,0,0,no_caries,no_caries,0.7055,0.70554,0.06731,0.11838,0.10877
crops/hibogi_ai_03287_png_6.jpg,hibogi_ai_03287_png,HIBOGI_AI_03287_png_jpg.rf.c4e89fad7cd26506145787127c362eea.jpg,,0,0,no_caries,no_caries,0.6443,0.64426,0.20794,0.07937,0.06843
crops/hibogi_ai_03287_png_7.jpg,hibogi_ai_03287_png,HIBOGI_AI_03287_png_jpg.rf.c4e89fad7cd26506145787127c362eea.jpg,,0,0,no_caries,no_caries,0.8018,0.80182,0.10437,0.04791,0.0459
crops/hibogi_ai_03287_png_8.jpg,hibogi_ai_03287_png,HIBOGI_AI_03287_png_jpg.rf.c4e89fad7cd26506145787127c362eea.jpg,,0,0,no_caries,no_caries,0.8261,0.82608,0.07778,0.0502,0.04595
crops/hibogi_ai_03287_png_9.jpg,hibogi_ai_03287_png,HIBOGI_AI_03287_png_jpg.rf.c4e89fad7cd26506145787127c362eea.jpg,,0,0,no_caries,no_caries,0.7529,0.75286,0.12083,0.04767,0.07863
crops/hibogi_ai_03298_png_0.jpg,hibogi_ai_03298_png,HIBOGI_AI_03298_png_jpg.rf.fcde42c53d4a59755df6abe7b91dbacf.jpg,,0,0,no_caries,no_caries,0.9086,0.90855,0.01579,0.0367,0.03896
crops/hibogi_ai_03298_png_1.jpg,hibogi_ai_03298_png,HIBOGI_AI_03298_png_jpg.rf.fcde42c53d4a59755df6abe7b91dbacf.jpg,,0,0,no_caries,moderate,0.4425,0.31012,0.18785,0.44251,0.05951
crops/hibogi_ai_03298_png_2.jpg,hibogi_ai_03298_png,HIBOGI_AI_03298_png_jpg.rf.fcde42c53d4a59755df6abe7b91dbacf.jpg,,0,0,no_caries,no_caries,0.8924,0.89242,0.02846,0.03954,0.03957
crops/hibogi_ai_03298_png_3.jpg,hibogi_ai_03298_png,HIBOGI_AI_03298_png_jpg.rf.fcde42c53d4a59755df6abe7b91dbacf.jpg,,0,0,no_caries,no_caries,0.8301,0.83008,0.04774,0.0504,0.07178
crops/hibogi_ai_03298_png_4.jpg,hibogi_ai_03298_png,HIBOGI_AI_03298_png_jpg.rf.fcde42c53d4a59755df6abe7b91dbacf.jpg,,0,0,no_caries,no_caries,0.8151,0.81508,0.07785,0.0432,0.06388
crops/hibogi_ai_03298_png_5.jpg,hibogi_ai_03298_png,HIBOGI_AI_03298_png_jpg.rf.fcde42c53d4a59755df6abe7b91dbacf.jpg,,0,0,no_caries,no_caries,0.8328,0.83278,0.05567,0.06692,0.04463
crops/hibogi_ai_03298_png_6.jpg,hibogi_ai_03298_png,HIBOGI_AI_03298_png_jpg.rf.fcde42c53d4a59755df6abe7b91dbacf.jpg,,0,0,no_caries,no_caries,0.6998,0.6998,0.14028,0.05331,0.10661
crops/hibogi_ai_03298_png_7.jpg,hibogi_ai_03298_png,HIBOGI_AI_03298_png_jpg.rf.fcde42c53d4a59755df6abe7b91dbacf.jpg,,0,0,no_caries,no_caries,0.8763,0.87628,0.01292,0.07198,0.03881
crops/hibogi_ai_03298_png_8.jpg,hibogi_ai_03298_png,HIBOGI_AI_03298_png_jpg.rf.fcde42c53d4a59755df6abe7b91dbacf.jpg,,0,0,no_caries,no_caries,0.6311,0.63107,0.03755,0.16613,0.16525
crops/hibogi_ai_03298_png_9.jpg,hibogi_ai_03298_png,HIBOGI_AI_03298_png_jpg.rf.fcde42c53d4a59755df6abe7b91dbacf.jpg,,0,0,no_caries,no_caries,0.8023,0.80231,0.08265,0.04102,0.07401
crops/hibogi_ai_03298_png_10.jpg,hibogi_ai_03298_png,HIBOGI_AI_03298_png_jpg.rf.fcde42c53d4a59755df6abe7b91dbacf.jpg,,0,0,no_caries,no_caries,0.7283,0.72826,0.13671,0.05231,0.08272
crops/hibogi_ai_03298_png_11.jpg,hibogi_ai_03298_png,HIBOGI_AI_03298_png_jpg.rf.fcde42c53d4a59755df6abe7b91dbacf.jpg,,0,0,no_caries,no_caries,0.4865,0.48654,0.08945,0.36853,0.05549
crops/hibogi_ai_03327_png_0.jpg,hibogi_ai_03327_png,HIBOGI_AI_03327_png_jpg.rf.082978d98bba14feda8b5c6e6969c5c6.jpg,,0,0,no_caries,no_caries,0.5388,0.53877,0.33555,0.03643,0.08925
crops/hibogi_ai_03327_png_1.jpg,hibogi_ai_03327_png,HIBOGI_AI_03327_png_jpg.rf.082978d98bba14feda8b5c6e6969c5c6.jpg,,0,0,no_caries,no_caries,0.7469,0.74693,0.15425,0.0398,0.05902
crops/hibogi_ai_03327_png_2.jpg,hibogi_ai_03327_png,HIBOGI_AI_03327_png_jpg.rf.082978d98bba14feda8b5c6e6969c5c6.jpg,,0,0,no_caries,no_caries,0.6263,0.62632,0.25936,0.02504,0.08928
crops/hibogi_ai_03327_png_3.jpg,hibogi_ai_03327_png,HIBOGI_AI_03327_png_jpg.rf.082978d98bba14feda8b5c6e6969c5c6.jpg,,0,0,no_caries,no_caries,0.4912,0.49123,0.39154,0.03951,0.07772
crops/hibogi_ai_03327_png_4.jpg,hibogi_ai_03327_png,HIBOGI_AI_03327_png_jpg.rf.082978d98bba14feda8b5c6e6969c5c6.jpg,,0,0,no_caries,no_caries,0.6392,0.63919,0.22329,0.0359,0.10161
crops/hibogi_ai_03327_png_5.jpg,hibogi_ai_03327_png,HIBOGI_AI_03327_png_jpg.rf.082978d98bba14feda8b5c6e6969c5c6.jpg,,0,0,no_caries,no_caries,0.672,0.67196,0.12741,0.09413,0.1065
crops/hibogi_ai_03327_png_6.jpg,hibogi_ai_03327_png,HIBOGI_AI_03327_png_jpg.rf.082978d98bba14feda8b5c6e6969c5c6.jpg,,0,0,no_caries,no_caries,0.7409,0.74086,0.07375,0.06936,0.11604
crops/hibogi_ai_03327_png_7.jpg,hibogi_ai_03327_png,HIBOGI_AI_03327_png_jpg.rf.082978d98bba14feda8b5c6e6969c5c6.jpg,,0,0,no_caries,no_caries,0.5703,0.57034,0.26378,0.04745,0.11843
crops/hibogi_ai_03327_png_8.jpg,hibogi_ai_03327_png,HIBOGI_AI_03327_png_jpg.rf.082978d98bba14feda8b5c6e6969c5c6.jpg,,0,0,no_caries,mild,0.7654,0.19526,0.76544,0.01373,0.02557
crops/hibogi_ai_03327_png_9.jpg,hibogi_ai_03327_png,HIBOGI_AI_03327_png_jpg.rf.082978d98bba14feda8b5c6e6969c5c6.jpg,,0,0,no_caries,no_caries,0.8366,0.83659,0.06952,0.04492,0.04897
crops/hibogi_ai_03327_png_10.jpg,hibogi_ai_03327_png,HIBOGI_AI_03327_png_jpg.rf.082978d98bba14feda8b5c6e6969c5c6.jpg,,0,0,no_caries,no_caries,0.5787,0.57872,0.29983,0.08655,0.0349
crops/hibogi_ai_03327_png_11.jpg,hibogi_ai_03327_png,HIBOGI_AI_03327_png_jpg.rf.082978d98bba14feda8b5c6e6969c5c6.jpg,,5,0,advanced,advanced,0.9156,0.01567,0.02959,0.03911,0.91563
crops/hibogi_ai_03327_png_12.jpg,hibogi_ai_03327_png,HIBOGI_AI_03327_png_jpg.rf.082978d98bba14feda8b5c6e6969c5c6.jpg,,0,0,no_caries,mild,0.6041,0.3135,0.60414,0.03686,0.04549
crops/hibogi_ai_03327_png_13.jpg,hibogi_ai_03327_png,HIBOGI_AI_03327_png_jpg.rf.082978d98bba14feda8b5c6e6969c5c6.jpg,,0,0,no_caries,no_caries,0.6566,0.65656,0.20697,0.09933,0.03714
crops/hibogi_ai_03327_png_14.jpg,hibogi_ai_03327_png,HIBOGI_AI_03327_png_jpg.rf.082978d98bba14feda8b5c6e6969c5c6.jpg,,6,0,advanced,mild,0.367,0.09834,0.36705,0.21256,0.32205
crops/hibogi_ai_03328_png_0.jpg,hibogi_ai_03328_png,HIBOGI_AI_03328_png_jpg.rf.7c7fc28d0320cc1a10f850e97803a04f.jpg,,0,0,no_caries,no_caries,0.7389,0.73888,0.127,0.06889,0.06523
crops/hibogi_ai_03328_png_1.jpg,hibogi_ai_03328_png,HIBOGI_AI_03328_png_jpg.rf.7c7fc28d0320cc1a10f850e97803a04f.jpg,,0,0,no_caries,no_caries,0.6055,0.60554,0.25493,0.06473,0.0748
crops/hibogi_ai_03328_png_2.jpg,hibogi_ai_03328_png,HIBOGI_AI_03328_png_jpg.rf.7c7fc28d0320cc1a10f850e97803a04f.jpg,,0,0,no_caries,no_caries,0.7172,0.71717,0.16546,0.04218,0.0752
crops/hibogi_ai_03328_png_3.jpg,hibogi_ai_03328_png,HIBOGI_AI_03328_png_jpg.rf.7c7fc28d0320cc1a10f850e97803a04f.jpg,,1,0,mild,no_caries,0.6736,0.67363,0.26267,0.02973,0.03397
crops/hibogi_ai_03328_png_4.jpg,hibogi_ai_03328_png,HIBOGI_AI_03328_png_jpg.rf.7c7fc28d0320cc1a10f850e97803a04f.jpg,,0,0,no_caries,no_caries,0.7664,0.76643,0.09286,0.07881,0.06189
crops/hibogi_ai_03328_png_5.jpg,hibogi_ai_03328_png,HIBOGI_AI_03328_png_jpg.rf.7c7fc28d0320cc1a10f850e97803a04f.jpg,,0,0,no_caries,no_caries,0.7227,0.72272,0.08411,0.08118,0.11199
crops/hibogi_ai_03328_png_6.jpg,hibogi_ai_03328_png,HIBOGI_AI_03328_png_jpg.rf.7c7fc28d0320cc1a10f850e97803a04f.jpg,,0,0,no_caries,no_caries,0.8457,0.84565,0.05877,0.03753,0.05805
crops/hibogi_ai_03328_png_7.jpg,hibogi_ai_03328_png,HIBOGI_AI_03328_png_jpg.rf.7c7fc28d0320cc1a10f850e97803a04f.jpg,,0,0,no_caries,no_caries,0.4377,0.43765,0.112,0.35748,0.09287
crops/hibogi_ai_03328_png_8.jpg,hibogi_ai_03328_png,HIBOGI_AI_03328_png_jpg.rf.7c7fc28d0320cc1a10f850e97803a04f.jpg,,0,0,no_caries,no_caries,0.7779,0.7779,0.13045,0.04107,0.05058
crops/hibogi_ai_03328_png_9.jpg,hibogi_ai_03328_png,HIBOGI_AI_03328_png_jpg.rf.7c7fc28d0320cc1a10f850e97803a04f.jpg,,0,0,no_caries,no_caries,0.7615,0.76153,0.12437,0.04507,0.06903
crops/hibogi_ai_03328_png_10.jpg,hibogi_ai_03328_png,HIBOGI_AI_03328_png_jpg.rf.7c7fc28d0320cc1a10f850e97803a04f.jpg,,0,0,no_caries,no_caries,0.8624,0.8624,0.06009,0.04003,0.03749
crops/hibogi_ai_03328_png_11.jpg,hibogi_ai_03328_png,HIBOGI_AI_03328_png_jpg.rf.7c7fc28d0320cc1a10f850e97803a04f.jpg,,0,0,no_caries,no_caries,0.7843,0.78435,0.07609,0.03146,0.10811
crops/hibogi_ai_03328_png_12.jpg,hibogi_ai_03328_png,HIBOGI_AI_03328_png_jpg.rf.7c7fc28d0320cc1a10f850e97803a04f.jpg,,0,0,no_caries,no_caries,0.7176,0.71758,0.13321,0.05731,0.0919
crops/hibogi_ai_03328_png_13.jpg,hibogi_ai_03328_png,HIBOGI_AI_03328_png_jpg.rf.7c7fc28d0320cc1a10f850e97803a04f.jpg,,0,0,no_caries,no_caries,0.6001,0.60007,0.1959,0.08909,0.11495
crops/hibogi_ai_03345_png_0.jpg,hibogi_ai_03345_png,HIBOGI_AI_03345_png_jpg.rf.b7aa312d75d64987beee3a5d37eee2e7.jpg,,5,0,advanced,advanced,0.6744,0.07976,0.09735,0.14844,0.67444
crops/hibogi_ai_03345_png_1.jpg,hibogi_ai_03345_png,HIBOGI_AI_03345_png_jpg.rf.b7aa312d75d64987beee3a5d37eee2e7.jpg,,0,0,no_caries,no_caries,0.7214,0.72137,0.13251,0.10154,0.04458
crops/hibogi_ai_03345_png_2.jpg,hibogi_ai_03345_png,HIBOGI_AI_03345_png_jpg.rf.b7aa312d75d64987beee3a5d37eee2e7.jpg,,0,0,no_caries,no_caries,0.6952,0.69525,0.15148,0.11876,0.03451
crops/hibogi_ai_03345_png_3.jpg,hibogi_ai_03345_png,HIBOGI_AI_03345_png_jpg.rf.b7aa312d75d64987beee3a5d37eee2e7.jpg,,0,0,no_caries,no_caries,0.7042,0.70423,0.16219,0.09159,0.04198
crops/hibogi_ai_03345_png_4.jpg,hibogi_ai_03345_png,HIBOGI_AI_03345_png_jpg.rf.b7aa312d75d64987beee3a5d37eee2e7.jpg,,0,0,no_caries,no_caries,0.7766,0.77661,0.07933,0.05578,0.08828
crops/hibogi_ai_03345_png_5.jpg,hibogi_ai_03345_png,HIBOGI_AI_03345_png_jpg.rf.b7aa312d75d64987beee3a5d37eee2e7.jpg,,0,0,no_caries,mild,0.5165,0.37896,0.51651,0.03783,0.06669
crops/hibogi_ai_03345_png_6.jpg,hibogi_ai_03345_png,HIBOGI_AI_03345_png_jpg.rf.b7aa312d75d64987beee3a5d37eee2e7.jpg,,0,0,no_caries,no_caries,0.4045,0.40454,0.29234,0.2778,0.02532
crops/hibogi_ai_03345_png_7.jpg,hibogi_ai_03345_png,HIBOGI_AI_03345_png_jpg.rf.b7aa312d75d64987beee3a5d37eee2e7.jpg,,0,0,no_caries,no_caries,0.6043,0.60431,0.29775,0.04005,0.05789
crops/hibogi_ai_03345_png_8.jpg,hibogi_ai_03345_png,HIBOGI_AI_03345_png_jpg.rf.b7aa312d75d64987beee3a5d37eee2e7.jpg,,6,0,advanced,advanced,0.8431,0.0484,0.02674,0.0818,0.84306
crops/hibogi_ai_03345_png_9.jpg,hibogi_ai_03345_png,HIBOGI_AI_03345_png_jpg.rf.b7aa312d75d64987beee3a5d37eee2e7.jpg,,0,0,no_caries,no_caries,0.676,0.67599,0.16702,0.11037,0.04661
crops/hibogi_ai_03345_png_10.jpg,hibogi_ai_03345_png,HIBOGI_AI_03345_png_jpg.rf.b7aa312d75d64987beee3a5d37eee2e7.jpg,,0,0,no_caries,no_caries,0.755,0.75504,0.13991,0.06172,0.04334
crops/hibogi_ai_03345_png_11.jpg,hibogi_ai_03345_png,HIBOGI_AI_03345_png_jpg.rf.b7aa312d75d64987beee3a5d37eee2e7.jpg,,0,0,no_caries,no_caries,0.8435,0.84354,0.03387,0.06636,0.05623
crops/hibogi_ai_03345_png_12.jpg,hibogi_ai_03345_png,HIBOGI_AI_03345_png_jpg.rf.b7aa312d75d64987beee3a5d37eee2e7.jpg,,0,0,no_caries,no_caries,0.6075,0.60753,0.14879,0.21758,0.0261
crops/hibogi_ai_03345_png_13.jpg,hibogi_ai_03345_png,HIBOGI_AI_03345_png_jpg.rf.b7aa312d75d64987beee3a5d37eee2e7.jpg,,0,0,no_caries,no_caries,0.8172,0.81715,0.07542,0.06343,0.04399
crops/hibogi_ai_03345_png_14.jpg,hibogi_ai_03345_png,HIBOGI_AI_03345_png_jpg.rf.b7aa312d75d64987beee3a5d37eee2e7.jpg,,0,0,no_caries,no_caries,0.7015,0.70145,0.09417,0.05246,0.15192
crops/da8c1b7e-149_0.jpg,da8c1b7e-149,da8c1b7e-149_jpg.rf.cccc33fb7ea810b50f45ae6a9207c1fb.jpg,,5,0,advanced,advanced,0.9844,0.00492,0.00553,0.00517,0.98438
crops/da8c1b7e-149_1.jpg,da8c1b7e-149,da8c1b7e-149_jpg.rf.cccc33fb7ea810b50f45ae6a9207c1fb.jpg,,3,0,moderate,no_caries,0.5087,0.50866,0.34414,0.08734,0.05986
crops/da8c1b7e-149_2.jpg,da8c1b7e-149,da8c1b7e-149_jpg.rf.cccc33fb7ea810b50f45ae6a9207c1fb.jpg,,1,0,mild,moderate,0.6013,0.02559,0.36228,0.60129,0.01084
crops/e1c4c567-202_0.jpg,e1c4c567-202,e1c4c567-202_jpg.rf.0a17ebe915fab7979acdcabfbb475495.jpg,,0,0,no_caries,mild,0.9588,0.01748,0.95876,0.01635,0.00741
crops/e1c4c567-202_1.jpg,e1c4c567-202,e1c4c567-202_jpg.rf.0a17ebe915fab7979acdcabfbb475495.jpg,,5,0,advanced,moderate,0.7904,0.00516,0.05017,0.79041,0.15426
crops/e1c4c567-202_2.jpg,e1c4c567-202,e1c4c567-202_jpg.rf.0a17ebe915fab7979acdcabfbb475495.jpg,,5,0,advanced,advanced,0.617,0.02497,0.11829,0.23978,0.61696
crops/e1c4c567-202_3.jpg,e1c4c567-202,e1c4c567-202_jpg.rf.0a17ebe915fab7979acdcabfbb475495.jpg,,0,0,no_caries,no_caries,0.6318,0.63183,0.23962,0.05234,0.07621
crops/e1c4c567-202_4.jpg,e1c4c567-202,e1c4c567-202_jpg.rf.0a17ebe915fab7979acdcabfbb475495.jpg,,0,0,no_caries,mild,0.6061,0.3368,0.60606,0.01605,0.0411
crops/011_00512_10_a091_0.jpg,011_00512_10_a091,011_00512_10_a091_jpg.rf.00ea2fa83723d3c39dc0cd08398eaeb2.jpg,,4,0,moderate,mild,0.6958,0.02305,0.6958,0.27556,0.00559
crops/011_00512_10_a091_1.jpg,011_00512_10_a091,011_00512_10_a091_jpg.rf.00ea2fa83723d3c39dc0cd08398eaeb2.jpg,,3,0,moderate,moderate,0.4908,0.21272,0.26201,0.49077,0.0345
crops/011_00512_10_a091_2.jpg,011_00512_10_a091,011_00512_10_a091_jpg.rf.00ea2fa83723d3c39dc0cd08398eaeb2.jpg,,2,0,mild,no_caries,0.6443,0.64428,0.21874,0.07917,0.05781
crops/011_00512_10_a091_3.jpg,011_00512_10_a091,011_00512_10_a091_jpg.rf.00ea2fa83723d3c39dc0cd08398eaeb2.jpg,,0,0,no_caries,mild,0.4357,0.41429,0.4357,0.09533,0.05469
crops/011_00512_10_a091_4.jpg,011_00512_10_a091,011_00512_10_a091_jpg.rf.00ea2fa83723d3c39dc0cd08398eaeb2.jpg,,0,0,no_caries,mild,0.5422,0.29774,0.54215,0.09098,0.06913
crops/011_00512_10_a091_5.jpg,011_00512_10_a091,011_00512_10_a091_jpg.rf.00ea2fa83723d3c39dc0cd08398eaeb2.jpg,,0,0,no_caries,mild,0.5791,0.29524,0.57912,0.08528,0.04037
crops/011_00512_10_a091_6.jpg,011_00512_10_a091,011_00512_10_a091_jpg.rf.00ea2fa83723d3c39dc0cd08398eaeb2.jpg,,0,0,no_caries,no_caries,0.6101,0.61012,0.26423,0.09354,0.03211
crops/011_00512_10_a091_7.jpg,011_00512_10_a091,011_00512_10_a091_jpg.rf.00ea2fa83723d3c39dc0cd08398eaeb2.jpg,,0,0,no_caries,mild,0.6529,0.26828,0.65285,0.06621,0.01266
crops/011_00512_10_a091_8.jpg,011_00512_10_a091,011_00512_10_a091_jpg.rf.00ea2fa83723d3c39dc0cd08398eaeb2.jpg,,0,0,no_caries,no_caries,0.7439,0.74394,0.16567,0.06349,0.0269
crops/011_00512_10_a091_9.jpg,011_00512_10_a091,011_00512_10_a091_jpg.rf.00ea2fa83723d3c39dc0cd08398eaeb2.jpg,,1,0,mild,mild,0.5058,0.35558,0.50585,0.12801,0.01056
crops/011_00512_10_a091_10.jpg,011_00512_10_a091,011_00512_10_a091_jpg.rf.00ea2fa83723d3c39dc0cd08398eaeb2.jpg,,3,0,moderate,moderate,0.6224,0.13125,0.24239,0.62244,0.00392
crops/011_00512_10_a091_11.jpg,011_00512_10_a091,011_00512_10_a091_jpg.rf.00ea2fa83723d3c39dc0cd08398eaeb2.jpg,,0,0,no_caries,no_caries,0.6982,0.69821,0.14287,0.12086,0.03806
crops/011_00512_10_a091_12.jpg,011_00512_10_a091,011_00512_10_a091_jpg.rf.00ea2fa83723d3c39dc0cd08398eaeb2.jpg,,0,0,no_caries,no_caries,0.6111,0.61111,0.17708,0.14625,0.06556
crops/1013_0.jpg,1013,1013_jpg.rf.bbe127f49e596e249b19c46ea1a87dc1.jpg,,4,0,moderate,mild,0.6118,0.00758,0.61178,0.35254,0.02809
crops/1013_1.jpg,1013,1013_jpg.rf.bbe127f49e596e249b19c46ea1a87dc1.jpg,,4,0,moderate,advanced,0.4647,0.0095,0.11229,0.41349,0.46472
crops/1013_2.jpg,1013,1013_jpg.rf.bbe127f49e596e249b19c46ea1a87dc1.jpg,,1,0,mild,mild,0.9725,0.00804,0.97254,0.00846,0.01096
crops/1013_3.jpg,1013,1013_jpg.rf.bbe127f49e596e249b19c46ea1a87dc1.jpg,,1,0,mild,mild,0.7451,0.00406,0.74508,0.01191,0.23894
crops/1013_4.jpg,1013,1013_jpg.rf.bbe127f49e596e249b19c46ea1a87dc1.jpg,,4,0,moderate,advanced,0.556,0.02427,0.13896,0.28074,0.55603
crops/1013_5.jpg,1013,1013_jpg.rf.bbe127f49e596e249b19c46ea1a87dc1.jpg,,4,0,moderate,advanced,0.5554,0.00263,0.00139,0.44063,0.55535
crops/1013_6.jpg,1013,1013_jpg.rf.bbe127f49e596e249b19c46ea1a87dc1.jpg,,2,0,mild,mild,0.884,0.00071,0.88397,0.11292,0.00241
crops/1013_7.jpg,1013,1013_jpg.rf.bbe127f49e596e249b19c46ea1a87dc1.jpg,,5,0,advanced,mild,0.4714,0.00805,0.47135,0.43021,0.09039
crops/1013_8.jpg,1013,1013_jpg.rf.bbe127f49e596e249b19c46ea1a87dc1.jpg,,6,0,advanced,advanced,0.9143,0.00441,0.02406,0.05723,0.91429
crops/1018_0.jpg,1018,1018_jpg.rf.b1f652a937b55c84a860999c180097e8.jpg,,2,0,mild,mild,0.8141,0.0771,0.81412,0.06139,0.0474
crops/1018_1.jpg,1018,1018_jpg.rf.b1f652a937b55c84a860999c180097e8.jpg,,3,0,moderate,moderate,0.5004,0.13145,0.34181,0.50041,0.02632
crops/1018_2.jpg,1018,1018_jpg.rf.b1f652a937b55c84a860999c180097e8.jpg,,5,0,advanced,advanced,0.5318,0.01864,0.07262,0.37694,0.5318
crops/1018_3.jpg,1018,1018_jpg.rf.b1f652a937b55c84a860999c180097e8.jpg,,6,0,advanced,advanced,0.9837,0.00346,0.00567,0.00721,0.98366
crops/1018_4.jpg,1018,1018_jpg.rf.b1f652a937b55c84a860999c180097e8.jpg,,2,0,mild,mild,0.8973,0.06903,0.89727,0.00452,0.02917
crops/1018_5.jpg,1018,1018_jpg.rf.b1f652a937b55c84a860999c180097e8.jpg,,2,0,mild,mild,0.7153,0.07753,0.71526,0.1564,0.05081
crops/1018_6.jpg,1018,1018_jpg.rf.b1f652a937b55c84a860999c180097e8.jpg,,3,0,moderate,moderate,0.7425,0.01706,0.23092,0.74251,0.00951
crops/1039_0.jpg,1039,1039_jpg.rf.ccf2b767f2426a97e6124d7eddfa8927.jpg,,5,0,advanced,mild,0.4582,0.3448,0.45822,0.12432,0.07266
crops/1039_1.jpg,1039,1039_jpg.rf.ccf2b767f2426a97e6124d7eddfa8927.jpg,,0,0,no_caries,mild,0.8391,0.12668,0.83909,0.0253,0.00893
crops/1039_2.jpg,1039,1039_jpg.rf.ccf2b767f2426a97e6124d7eddfa8927.jpg,,0,0,no_caries,mild,0.7504,0.12432,0.7504,0.09282,0.03246
crops/1039_3.jpg,1039,1039_jpg.rf.ccf2b767f2426a97e6124d7eddfa8927.jpg,,0,0,no_caries,mild,0.43,0.23071,0.42995,0.28885,0.05049
crops/1039_4.jpg,1039,1039_jpg.rf.ccf2b767f2426a97e6124d7eddfa8927.jpg,,0,0,no_caries,mild,0.5382,0.42512,0.53817,0.02172,0.01498
crops/1039_5.jpg,1039,1039_jpg.rf.ccf2b767f2426a97e6124d7eddfa8927.jpg,,1,0,mild,advanced,0.4078,0.08904,0.37405,0.1291,0.40781
crops/1039_6.jpg,1039,1039_jpg.rf.ccf2b767f2426a97e6124d7eddfa8927.jpg,,0,0,no_caries,mild,0.7986,0.11899,0.79865,0.05234,0.03002
crops/1039_7.jpg,1039,1039_jpg.rf.ccf2b767f2426a97e6124d7eddfa8927.jpg,,6,0,advanced,advanced,0.9671,0.00627,0.01154,0.01509,0.96709
crops/1039_8.jpg,1039,1039_jpg.rf.ccf2b767f2426a97e6124d7eddfa8927.jpg,,0,0,no_caries,advanced,0.8771,0.04697,0.03836,0.03756,0.87712
crops/1039_9.jpg,1039,1039_jpg.rf.ccf2b767f2426a97e6124d7eddfa8927.jpg,,0,0,no_caries,no_caries,0.6734,0.67342,0.22579,0.08526,0.01553
crops/1039_10.jpg,1039,1039_jpg.rf.ccf2b767f2426a97e6124d7eddfa8927.jpg,,0,0,no_caries,mild,0.6828,0.1775,0.68284,0.11183,0.02783
crops/1039_11.jpg,1039,1039_jpg.rf.ccf2b767f2426a97e6124d7eddfa8927.jpg,,0,0,no_caries,mild,0.6539,0.18711,0.65388,0.1038,0.05521
crops/1039_12.jpg,1039,1039_jpg.rf.ccf2b767f2426a97e6124d7eddfa8927.jpg,,0,0,no_caries,moderate,0.4201,0.28237,0.26906,0.42011,0.02846
crops/1039_13.jpg,1039,1039_jpg.rf.ccf2b767f2426a97e6124d7eddfa8927.jpg,,0,0,no_caries,moderate,0.4029,0.34178,0.20268,0.40292,0.05262
crops/1039_14.jpg,1039,1039_jpg.rf.ccf2b767f2426a97e6124d7eddfa8927.jpg,,0,0,no_caries,no_caries,0.3389,0.33886,0.26115,0.31082,0.08918
crops/1039_15.jpg,1039,1039_jpg.rf.ccf2b767f2426a97e6124d7eddfa8927.jpg,,0,0,no_caries,mild,0.7454,0.20232,0.74544,0.03143,0.0208
crops/1039_16.jpg,1039,1039_jpg.rf.ccf2b767f2426a97e6124d7eddfa8927.jpg,,0,0,no_caries,mild,0.4912,0.44814,0.49125,0.02679,0.03383
crops/1039_17.jpg,1039,1039_jpg.rf.ccf2b767f2426a97e6124d7eddfa8927.jpg,,0,0,no_caries,no_caries,0.7453,0.74534,0.15006,0.05371,0.05088
crops/1039_18.jpg,1039,1039_jpg.rf.ccf2b767f2426a97e6124d7eddfa8927.jpg,,0,0,no_caries,no_caries,0.8344,0.83443,0.0899,0.04498,0.03069
crops/1184_0.jpg,1184,1184_jpg.rf.9aff2bb54e3d65961d983ad7806a44cb.jpg,,0,0,no_caries,mild,0.9532,0.02922,0.9532,0.0116,0.00599
crops/1184_1.jpg,1184,1184_jpg.rf.9aff2bb54e3d65961d983ad7806a44cb.jpg,,5,0,advanced,advanced,0.8603,0.00696,0.00478,0.12795,0.86031
crops/1184_2.jpg,1184,1184_jpg.rf.9aff2bb54e3d65961d983ad7806a44cb.jpg,,0,0,no_caries,no_caries,0.5461,0.54612,0.35203,0.05433,0.04751
crops/1184_3.jpg,1184,1184_jpg.rf.9aff2bb54e3d65961d983ad7806a44cb.jpg,,0,0,no_caries,no_caries,0.8945,0.89449,0.04035,0.02236,0.0428
crops/1184_4.jpg,1184,1184_jpg.rf.9aff2bb54e3d65961d983ad7806a44cb.jpg,,0,0,no_caries,no_caries,0.8355,0.83545,0.09658,0.03062,0.03735
crops/1184_5.jpg,1184,1184_jpg.rf.9aff2bb54e3d65961d983ad7806a44cb.jpg,,0,0,no_caries,no_caries,0.7466,0.74658,0.18499,0.03483,0.0336
crops/1184_6.jpg,1184,1184_jpg.rf.9aff2bb54e3d65961d983ad7806a44cb.jpg,,0,0,no_caries,no_caries,0.8037,0.80371,0.13967,0.03004,0.02658
crops/1184_7.jpg,1184,1184_jpg.rf.9aff2bb54e3d65961d983ad7806a44cb.jpg,,0,0,no_caries,no_caries,0.8006,0.80057,0.12072,0.02847,0.05024
crops/1184_8.jpg,1184,1184_jpg.rf.9aff2bb54e3d65961d983ad7806a44cb.jpg,,0,0,no_caries,no_caries,0.7658,0.76582,0.12851,0.02659,0.07908
crops/1184_9.jpg,1184,1184_jpg.rf.9aff2bb54e3d65961d983ad7806a44cb.jpg,,0,0,no_caries,mild,0.5196,0.37843,0.51961,0.08163,0.02034
crops/1225_0.jpg,1225,1225_jpg.rf.29b60dce4fe94ed561437d55bfe78a6b.jpg,,6,0,advanced,advanced,0.9214,0.01211,0.03022,0.03623,0.92144
crops/1225_1.jpg,1225,1225_jpg.rf.29b60dce4fe94ed561437d55bfe78a6b.jpg,,3,0,moderate,moderate,0.7359,0.00683,0.2553,0.73594,0.00193
crops/1225_2.jpg,1225,1225_jpg.rf.29b60dce4fe94ed561437d55bfe78a6b.jpg,,3,0,moderate,moderate,0.7042,0.00133,0.29106,0.70415,0.00346
crops/1225_3.jpg,1225,1225_jpg.rf.29b60dce4fe94ed561437d55bfe78a6b.jpg,,3,0,moderate,advanced,0.6865,0.00132,0.00245,0.30969,0.68653
crops/1225_4.jpg,1225,1225_jpg.rf.29b60dce4fe94ed561437d55bfe78a6b.jpg,,1,0,mild,moderate,0.6253,0.0056,0.3174,0.62533,0.05167
crops/1225_5.jpg,1225,1225_jpg.rf.29b60dce4fe94ed561437d55bfe78a6b.jpg,,5,0,advanced,advanced,0.9046,0.01927,0.0489,0.02728,0.90456
crops/1225_6.jpg,1225,1225_jpg.rf.29b60dce4fe94ed561437d55bfe78a6b.jpg,,3,0,moderate,moderate,0.6934,0.00815,0.29669,0.69341,0.00174
crops/1225_7.jpg,1225,1225_jpg.rf.29b60dce4fe94ed561437d55bfe78a6b.jpg,,1,0,mild,mild,0.6484,0.22164,0.64836,0.11617,0.01382
crops/1304_0.jpg,1304,1304_jpg.rf.b25583c05dc3cd4b87294c551df7b525.jpg,,0,0,no_caries,no_caries,0.8246,0.82458,0.05729,0.03992,0.07821
crops/1304_1.jpg,1304,1304_jpg.rf.b25583c05dc3cd4b87294c551df7b525.jpg,,0,0,no_caries,no_caries,0.7609,0.76094,0.1161,0.05349,0.06946
crops/1304_2.jpg,1304,1304_jpg.rf.b25583c05dc3cd4b87294c551df7b525.jpg,,0,0,no_caries,mild,0.7284,0.20125,0.72839,0.02941,0.04095
crops/1304_3.jpg,1304,1304_jpg.rf.b25583c05dc3cd4b87294c551df7b525.jpg,,5,0,advanced,mild,0.7687,0.08946,0.76874,0.02861,0.11318
crops/1304_4.jpg,1304,1304_jpg.rf.b25583c05dc3cd4b87294c551df7b525.jpg,,0,0,no_caries,no_caries,0.7827,0.78274,0.07227,0.07763,0.06736
crops/1304_5.jpg,1304,1304_jpg.rf.b25583c05dc3cd4b87294c551df7b525.jpg,,1,0,mild,mild,0.3562,0.1383,0.35618,0.16684,0.33868
crops/1304_6.jpg,1304,1304_jpg.rf.b25583c05dc3cd4b87294c551df7b525.jpg,,0,0,no_caries,no_caries,0.7946,0.79456,0.08131,0.04664,0.07749
crops/1304_7.jpg,1304,1304_jpg.rf.b25583c05dc3cd4b87294c551df7b525.jpg,,0,0,no_caries,no_caries,0.4686,0.46861,0.43793,0.03806,0.0554
crops/1304_8.jpg,1304,1304_jpg.rf.b25583c05dc3cd4b87294c551df7b525.jpg,,0,0,no_caries,no_caries,0.649,0.64898,0.21172,0.07215,0.06714
crops/1304_9.jpg,1304,1304_jpg.rf.b25583c05dc3cd4b87294c551df7b525.jpg,,0,0,no_caries,no_caries,0.6743,0.67434,0.09795,0.15818,0.06952
crops/1304_10.jpg,1304,1304_jpg.rf.b25583c05dc3cd4b87294c551df7b525.jpg,,0,0,no_caries,no_caries,0.6408,0.64081,0.22455,0.06568,0.06896
crops/1382_0.jpg,1382,1382_jpg.rf.e6cc0cb7fac1b3b22199fdf289bf17ca.jpg,,0,0,no_caries,no_caries,0.5803,0.58034,0.15539,0.07387,0.1904
crops/1382_1.jpg,1382,1382_jpg.rf.e6cc0cb7fac1b3b22199fdf289bf17ca.jpg,,0,0,no_caries,moderate,0.5257,0.11855,0.31129,0.52568,0.04448
crops/1382_2.jpg,1382,1382_jpg.rf.e6cc0cb7fac1b3b22199fdf289bf17ca.jpg,,2,0,mild,mild,0.439,0.27641,0.43895,0.22963,0.05501
crops/1382_3.jpg,1382,1382_jpg.rf.e6cc0cb7fac1b3b22199fdf289bf17ca.jpg,,0,0,no_caries,no_caries,0.6595,0.65945,0.12064,0.15155,0.06835
crops/1382_4.jpg,1382,1382_jpg.rf.e6cc0cb7fac1b3b22199fdf289bf17ca.jpg,,5,0,advanced,advanced,0.9368,0.00368,0.0052,0.05429,0.93683
crops/1382_5.jpg,1382,1382_jpg.rf.e6cc0cb7fac1b3b22199fdf289bf17ca.jpg,,0,0,no_caries,no_caries,0.3346,0.33458,0.2813,0.32457,0.05955
crops/1382_6.jpg,1382,1382_jpg.rf.e6cc0cb7fac1b3b22199fdf289bf17ca.jpg,,4,0,moderate,mild,0.6597,0.27629,0.6597,0.04067,0.02334
crops/1382_7.jpg,1382,1382_jpg.rf.e6cc0cb7fac1b3b22199fdf289bf17ca.jpg,,6,0,advanced,advanced,0.923,0.02846,0.01355,0.03503,0.92297
crops/1382_8.jpg,1382,1382_jpg.rf.e6cc0cb7fac1b3b22199fdf289bf17ca.jpg,,0,0,no_caries,mild,0.5564,0.27759,0.55643,0.1073,0.05868
crops/1400_0.jpg,1400,1400_jpg.rf.77139d7bfffbacd20f87e5bd7881fcdf.jpg,,5,0,advanced,advanced,0.9705,0.00406,0.00671,0.01878,0.97045
crops/1400_1.jpg,1400,1400_jpg.rf.77139d7bfffbacd20f87e5bd7881fcdf.jpg,,5,0,advanced,advanced,0.9692,0.00116,0.00163,0.02805,0.96916
crops/1400_2.jpg,1400,1400_jpg.rf.77139d7bfffbacd20f87e5bd7881fcdf.jpg,,5,0,advanced,advanced,0.9616,0.00975,0.01208,0.01652,0.96164
crops/1400_3.jpg,1400,1400_jpg.rf.77139d7bfffbacd20f87e5bd7881fcdf.jpg,,4,0,moderate,mild,0.5589,0.00982,0.55893,0.0256,0.40565
crops/1400_4.jpg,1400,1400_jpg.rf.77139d7bfffbacd20f87e5bd7881fcdf.jpg,,0,0,no_caries,no_caries,0.7553,0.75535,0.10048,0.0588,0.08537
crops/1400_5.jpg,1400,1400_jpg.rf.77139d7bfffbacd20f87e5bd7881fcdf.jpg,,0,0,no_caries,no_caries,0.7083,0.70826,0.02267,0.23247,0.0366
crops/1400_6.jpg,1400,1400_jpg.rf.77139d7bfffbacd20f87e5bd7881fcdf.jpg,,0,0,no_caries,no_caries,0.7957,0.79565,0.10838,0.06605,0.02991
crops/1409_0.jpg,1409,1409_jpg.rf.04e78b53be3eed0bbf7910d4ee005704.jpg,,1,0,mild,no_caries,0.6259,0.62595,0.2767,0.05038,0.04697
crops/1409_1.jpg,1409,1409_jpg.rf.04e78b53be3eed0bbf7910d4ee005704.jpg,,0,0,no_caries,no_caries,0.4993,0.49934,0.14505,0.17495,0.18067
crops/1409_2.jpg,1409,1409_jpg.rf.04e78b53be3eed0bbf7910d4ee005704.jpg,,5,0,advanced,mild,0.5021,0.0686,0.50212,0.38238,0.0469
crops/1409_3.jpg,1409,1409_jpg.rf.04e78b53be3eed0bbf7910d4ee005704.jpg,,2,0,mild,no_caries,0.7234,0.72338,0.08029,0.12384,0.07248
crops/1409_4.jpg,1409,1409_jpg.rf.04e78b53be3eed0bbf7910d4ee005704.jpg,,2,0,mild,mild,0.9133,0.04186,0.91334,0.03082,0.01398
crops/1409_5.jpg,1409,1409_jpg.rf.04e78b53be3eed0bbf7910d4ee005704.jpg,,0,0,no_caries,no_caries,0.6421,0.64212,0.07036,0.21726,0.07026
crops/1409_6.jpg,1409,1409_jpg.rf.04e78b53be3eed0bbf7910d4ee005704.jpg,,0,0,no_caries,no_caries,0.7626,0.76261,0.11951,0.04884,0.06904
crops/1409_7.jpg,1409,1409_jpg.rf.04e78b53be3eed0bbf7910d4ee005704.jpg,,0,0,no_caries,no_caries,0.5018,0.50179,0.44083,0.01825,0.03914
crops/1409_8.jpg,1409,1409_jpg.rf.04e78b53be3eed0bbf7910d4ee005704.jpg,,5,0,advanced,mild,0.6849,0.19336,0.68492,0.08641,0.03532
crops/1409_9.jpg,1409,1409_jpg.rf.04e78b53be3eed0bbf7910d4ee005704.jpg,,1,0,mild,no_caries,0.6186,0.61856,0.28451,0.05612,0.04081
crops/1409_10.jpg,1409,1409_jpg.rf.04e78b53be3eed0bbf7910d4ee005704.jpg,,2,0,mild,mild,0.6079,0.03727,0.60789,0.09957,0.25526
crops/1409_11.jpg,1409,1409_jpg.rf.04e78b53be3eed0bbf7910d4ee005704.jpg,,2,0,mild,no_caries,0.5471,0.54711,0.2899,0.09332,0.06968
crops/1409_12.jpg,1409,1409_jpg.rf.04e78b53be3eed0bbf7910d4ee005704.jpg,,2,0,mild,no_caries,0.8707,0.87074,0.06988,0.03263,0.02674
crops/1409_13.jpg,1409,1409_jpg.rf.04e78b53be3eed0bbf7910d4ee005704.jpg,,0,0,no_caries,no_caries,0.5453,0.54533,0.28029,0.13975,0.03463
crops/1413_0.jpg,1413,1413_jpg.rf.c2f98ee659f11c0a795d5abc6f8a1010.jpg,,6,0,advanced,advanced,0.9716,0.00224,0.00416,0.02197,0.97164
crops/1413_1.jpg,1413,1413_jpg.rf.c2f98ee659f11c0a795d5abc6f8a1010.jpg,,6,0,advanced,advanced,0.8904,0.00261,0.0106,0.09638,0.89041
crops/1413_2.jpg,1413,1413_jpg.rf.c2f98ee659f11c0a795d5abc6f8a1010.jpg,,6,0,advanced,mild,0.6544,0.14403,0.65438,0.01879,0.1828
crops/1413_3.jpg,1413,1413_jpg.rf.c2f98ee659f11c0a795d5abc6f8a1010.jpg,,6,0,advanced,advanced,0.9004,0.00603,0.08713,0.00647,0.90036
crops/1413_4.jpg,1413,1413_jpg.rf.c2f98ee659f11c0a795d5abc6f8a1010.jpg,,4,0,moderate,advanced,0.5092,0.15063,0.31715,0.02307,0.50915
crops/1413_5.jpg,1413,1413_jpg.rf.c2f98ee659f11c0a795d5abc6f8a1010.jpg,,3,0,moderate,mild,0.9017,0.02109,0.90166,0.03598,0.04128
crops/1413_6.jpg,1413,1413_jpg.rf.c2f98ee659f11c0a795d5abc6f8a1010.jpg,,0,0,no_caries,no_caries,0.8492,0.84919,0.04134,0.05045,0.05902
crops/1413_7.jpg,1413,1413_jpg.rf.c2f98ee659f11c0a795d5abc6f8a1010.jpg,,2,0,mild,no_caries,0.5428,0.54284,0.37276,0.05282,0.03158
crops/1413_8.jpg,1413,1413_jpg.rf.c2f98ee659f11c0a795d5abc6f8a1010.jpg,,2,0,mild,no_caries,0.6,0.59998,0.26028,0.06185,0.0779
crops/1413_9.jpg,1413,1413_jpg.rf.c2f98ee659f11c0a795d5abc6f8a1010.jpg,,0,0,no_caries,no_caries,0.8788,0.8788,0.02409,0.03042,0.06669
crops/1413_10.jpg,1413,1413_jpg.rf.c2f98ee659f11c0a795d5abc6f8a1010.jpg,,0,0,no_caries,no_caries,0.8628,0.86283,0.03209,0.06153,0.04355
crops/1413_11.jpg,1413,1413_jpg.rf.c2f98ee659f11c0a795d5abc6f8a1010.jpg,,0,0,no_caries,no_caries,0.8375,0.83752,0.02762,0.05407,0.08079
crops/1413_12.jpg,1413,1413_jpg.rf.c2f98ee659f11c0a795d5abc6f8a1010.jpg,,0,0,no_caries,no_caries,0.8817,0.88169,0.02004,0.03367,0.0646
crops/1413_13.jpg,1413,1413_jpg.rf.c2f98ee659f11c0a795d5abc6f8a1010.jpg,,4,0,moderate,no_caries,0.5241,0.52411,0.08789,0.31189,0.07611
crops/1422_0.jpg,1422,1422_jpg.rf.810d6f94f8cb98b2df7bfb00abe473e8.jpg,,5,0,advanced,advanced,0.9596,0.00599,0.01666,0.01771,0.95963
crops/1422_1.jpg,1422,1422_jpg.rf.810d6f94f8cb98b2df7bfb00abe473e8.jpg,,6,0,advanced,advanced,0.9718,0.00418,0.00584,0.01815,0.97184
crops/1422_2.jpg,1422,1422_jpg.rf.810d6f94f8cb98b2df7bfb00abe473e8.jpg,,0,0,no_caries,advanced,0.8105,0.04858,0.06355,0.07736,0.8105
crops/1422_3.jpg,1422,1422_jpg.rf.810d6f94f8cb98b2df7bfb00abe473e8.jpg,,2,0,mild,moderate,0.311,0.25809,0.2425,0.31101,0.1884
crops/1626_0.jpg,1626,1626_jpg.rf.9db3f794917533740096ccad45bd8f3c.jpg,,0,0,no_caries,mild,0.4864,0.44413,0.48635,0.0217,0.04782
crops/1626_1.jpg,1626,1626_jpg.rf.9db3f794917533740096ccad45bd8f3c.jpg,,0,0,no_caries,no_caries,0.7846,0.78461,0.14537,0.03571,0.0343
crops/1626_2.jpg,1626,1626_jpg.rf.9db3f794917533740096ccad45bd8f3c.jpg,,0,0,no_caries,no_caries,0.7985,0.79845,0.13957,0.03654,0.02543
crops/1626_3.jpg,1626,1626_jpg.rf.9db3f794917533740096ccad45bd8f3c.jpg,,0,0,no_caries,mild,0.6788,0.22706,0.67882,0.04776,0.04636
crops/1626_4.jpg,1626,1626_jpg.rf.9db3f794917533740096ccad45bd8f3c.jpg,,0,0,no_caries,no_caries,0.8136,0.81365,0.07553,0.03597,0.07486
crops/1626_5.jpg,1626,1626_jpg.rf.9db3f794917533740096ccad45bd8f3c.jpg,,0,0,no_caries,no_caries,0.7457,0.74569,0.12752,0.0547,0.07209
crops/1626_6.jpg,1626,1626_jpg.rf.9db3f794917533740096ccad45bd8f3c.jpg,,0,0,no_caries,no_caries,0.7714,0.77141,0.13754,0.0343,0.05674
crops/1626_7.jpg,1626,1626_jpg.rf.9db3f794917533740096ccad45bd8f3c.jpg,,0,0,no_caries,mild,0.7435,0.08176,0.74355,0.04136,0.13334
crops/1736_0.jpg,1736,1736_jpg.rf.3f29f927f62880cd64fd8a96d743467e.jpg,,5,0,advanced,advanced,0.6784,0.01449,0.02065,0.28647,0.67839
crops/1736_1.jpg,1736,1736_jpg.rf.3f29f927f62880cd64fd8a96d743467e.jpg,,5,0,advanced,advanced,0.7255,0.00232,0.02198,0.25023,0.72546
crops/1736_2.jpg,1736,1736_jpg.rf.3f29f927f62880cd64fd8a96d743467e.jpg,,3,0,moderate,moderate,0.9769,0.00175,0.00333,0.97688,0.01804
crops/1736_3.jpg,1736,1736_jpg.rf.3f29f927f62880cd64fd8a96d743467e.jpg,,4,0,moderate,moderate,0.7839,0.00599,0.00585,0.78394,0.20422
crops/1736_4.jpg,1736,1736_jpg.rf.3f29f927f62880cd64fd8a96d743467e.jpg,,2,0,mild,mild,0.6201,0.14322,0.62006,0.19854,0.03817
crops/1736_5.jpg,1736,1736_jpg.rf.3f29f927f62880cd64fd8a96d743467e.jpg,,2,0,mild,mild,0.8172,0.04253,0.81723,0.08844,0.0518
crops/1823_0.jpg,1823,1823_jpg.rf.ba64fa223ad2f563305a0bbb906f9411.jpg,,6,0,advanced,advanced,0.6634,0.0394,0.00867,0.28856,0.66338
crops/1823_1.jpg,1823,1823_jpg.rf.ba64fa223ad2f563305a0bbb906f9411.jpg,,2,0,mild,advanced,0.8603,0.04376,0.03059,0.06536,0.86029
crops/1823_2.jpg,1823,1823_jpg.rf.ba64fa223ad2f563305a0bbb906f9411.jpg,,1,0,mild,mild,0.6365,0.29204,0.63651,0.0616,0.00985
crops/1823_3.jpg,1823,1823_jpg.rf.ba64fa223ad2f563305a0bbb906f9411.jpg,,5,0,advanced,advanced,0.7915,0.02195,0.0566,0.12991,0.79155
crops/1823_4.jpg,1823,1823_jpg.rf.ba64fa223ad2f563305a0bbb906f9411.jpg,,1,0,mild,mild,0.981,0.00734,0.98104,0.00944,0.00218
crops/1823_5.jpg,1823,1823_jpg.rf.ba64fa223ad2f563305a0bbb906f9411.jpg,,1,0,mild,mild,0.5257,0.39364,0.52567,0.06702,0.01367
crops/1823_6.jpg,1823,1823_jpg.rf.ba64fa223ad2f563305a0bbb906f9411.jpg,,1,0,mild,no_caries,0.5975,0.59753,0.2938,0.08165,0.02702
crops/1823_7.jpg,1823,1823_jpg.rf.ba64fa223ad2f563305a0bbb906f9411.jpg,,1,0,mild,moderate,0.6077,0.10425,0.22873,0.60769,0.05933
crops/1823_8.jpg,1823,1823_jpg.rf.ba64fa223ad2f563305a0bbb906f9411.jpg,,1,0,mild,no_caries,0.641,0.64104,0.22516,0.10313,0.03067
crops/1823_9.jpg,1823,1823_jpg.rf.ba64fa223ad2f563305a0bbb906f9411.jpg,,0,0,no_caries,no_caries,0.6681,0.66809,0.17907,0.11478,0.03806
crops/1823_10.jpg,1823,1823_jpg.rf.ba64fa223ad2f563305a0bbb906f9411.jpg,,0,0,no_caries,no_caries,0.4471,0.44714,0.40033,0.13557,0.01696
crops/1823_11.jpg,1823,1823_jpg.rf.ba64fa223ad2f563305a0bbb906f9411.jpg,,1,0,mild,moderate,0.4451,0.27961,0.21612,0.44507,0.05919
crops/1823_12.jpg,1823,1823_jpg.rf.ba64fa223ad2f563305a0bbb906f9411.jpg,,0,0,no_caries,no_caries,0.7943,0.79429,0.08377,0.07202,0.04993
crops/1840_0.jpg,1840,1840_jpg.rf.bc91e365762e4b9a7f4172d6d654d0bd.jpg,,2,0,mild,mild,0.8676,0.03259,0.86761,0.0496,0.0502
crops/1840_1.jpg,1840,1840_jpg.rf.bc91e365762e4b9a7f4172d6d654d0bd.jpg,,3,0,moderate,advanced,0.834,0.0024,0.0082,0.15539,0.83401
crops/1840_2.jpg,1840,1840_jpg.rf.bc91e365762e4b9a7f4172d6d654d0bd.jpg,,3,0,moderate,advanced,0.971,0.00085,0.00641,0.02171,0.97103
crops/1840_3.jpg,1840,1840_jpg.rf.bc91e365762e4b9a7f4172d6d654d0bd.jpg,,4,0,moderate,advanced,0.9232,0.00355,0.01146,0.06184,0.92315
crops/1840_4.jpg,1840,1840_jpg.rf.bc91e365762e4b9a7f4172d6d654d0bd.jpg,,4,0,moderate,advanced,0.9421,0.00126,0.0023,0.05429,0.94215
crops/1840_5.jpg,1840,1840_jpg.rf.bc91e365762e4b9a7f4172d6d654d0bd.jpg,,3,0,moderate,advanced,0.9671,0.00159,0.00862,0.02271,0.96709
crops/1840_6.jpg,1840,1840_jpg.rf.bc91e365762e4b9a7f4172d6d654d0bd.jpg,,2,0,mild,advanced,0.6709,0.03082,0.26191,0.03641,0.67086
crops/1840_7.jpg,1840,1840_jpg.rf.bc91e365762e4b9a7f4172d6d654d0bd.jpg,,2,0,mild,mild,0.6403,0.07785,0.64026,0.2033,0.07859
crops/1840_8.jpg,1840,1840_jpg.rf.bc91e365762e4b9a7f4172d6d654d0bd.jpg,,3,0,moderate,moderate,0.9635,0.0038,0.01242,0.9635,0.02028
crops/1845_0.jpg,1845,1845_jpg.rf.9c36c72fe02ae286ccba42be73a4a2db.jpg,,4,0,moderate,advanced,0.6767,0.01599,0.28265,0.0247,0.67667
crops/1845_1.jpg,1845,1845_jpg.rf.9c36c72fe02ae286ccba42be73a4a2db.jpg,,4,0,moderate,advanced,0.8892,0.01453,0.02157,0.0747,0.88919
crops/1845_2.jpg,1845,1845_jpg.rf.9c36c72fe02ae286ccba42be73a4a2db.jpg,,2,0,mild,mild,0.8257,0.00779,0.8257,0.15641,0.0101
crops/1845_3.jpg,1845,1845_jpg.rf.9c36c72fe02ae286ccba42be73a4a2db.jpg,,0,0,no_caries,mild,0.7555,0.09076,0.75555,0.14293,0.01076
crops/1845_4.jpg,1845,1845_jpg.rf.9c36c72fe02ae286ccba42be73a4a2db.jpg,,0,0,no_caries,mild,0.5185,0.39752,0.51852,0.06164,0.02232
crops/1845_5.jpg,1845,1845_jpg.rf.9c36c72fe02ae286ccba42be73a4a2db.jpg,,1,0,mild,mild,0.5411,0.27129,0.54111,0.13532,0.05229
crops/1845_6.jpg,1845,1845_jpg.rf.9c36c72fe02ae286ccba42be73a4a2db.jpg,,0,0,no_caries,no_caries,0.5442,0.5442,0.06127,0.3675,0.02704
crops/1845_7.jpg,1845,1845_jpg.rf.9c36c72fe02ae286ccba42be73a4a2db.jpg,,0,0,no_caries,mild,0.4102,0.20072,0.41018,0.35445,0.03466
crops/1845_8.jpg,1845,1845_jpg.rf.9c36c72fe02ae286ccba42be73a4a2db.jpg,,0,0,no_caries,moderate,0.4518,0.40242,0.13413,0.45181,0.01163
crops/1845_9.jpg,1845,1845_jpg.rf.9c36c72fe02ae286ccba42be73a4a2db.jpg,,0,0,no_caries,no_caries,0.4978,0.49783,0.18096,0.25363,0.06759
crops/1845_10.jpg,1845,1845_jpg.rf.9c36c72fe02ae286ccba42be73a4a2db.jpg,,1,0,mild,mild,0.6345,0.23667,0.63447,0.07486,0.054
crops/1845_11.jpg,1845,1845_jpg.rf.9c36c72fe02ae286ccba42be73a4a2db.jpg,,1,0,mild,mild,0.9083,0.06116,0.90835,0.01818,0.01231
crops/1845_12.jpg,1845,1845_jpg.rf.9c36c72fe02ae286ccba42be73a4a2db.jpg,,1,0,mild,mild,0.6132,0.24747,0.61317,0.12629,0.01306
crops/1845_13.jpg,1845,1845_jpg.rf.9c36c72fe02ae286ccba42be73a4a2db.jpg,,4,0,moderate,moderate,0.6847,0.02421,0.28849,0.68466,0.00264
crops/1845_14.jpg,1845,1845_jpg.rf.9c36c72fe02ae286ccba42be73a4a2db.jpg,,3,0,moderate,moderate,0.5794,0.04198,0.36205,0.5794,0.01658
crops/1845_15.jpg,1845,1845_jpg.rf.9c36c72fe02ae286ccba42be73a4a2db.jpg,,6,0,advanced,advanced,0.908,0.01331,0.01956,0.05912,0.90801
crops/1845_16.jpg,1845,1845_jpg.rf.9c36c72fe02ae286ccba42be73a4a2db.jpg,,0,0,no_caries,mild,0.483,0.28677,0.48296,0.2073,0.02297
crops/1845_17.jpg,1845,1845_jpg.rf.9c36c72fe02ae286ccba42be73a4a2db.jpg,,0,0,no_caries,no_caries,0.4084,0.40845,0.19842,0.36049,0.03265
crops/1845_18.jpg,1845,1845_jpg.rf.9c36c72fe02ae286ccba42be73a4a2db.jpg,,0,0,no_caries,no_caries,0.5076,0.50757,0.1067,0.34881,0.03692
crops/1845_19.jpg,1845,1845_jpg.rf.9c36c72fe02ae286ccba42be73a4a2db.jpg,,2,0,mild,moderate,0.5073,0.05833,0.33348,0.50735,0.10085
crops/1845_20.jpg,1845,1845_jpg.rf.9c36c72fe02ae286ccba42be73a4a2db.jpg,,2,0,mild,moderate,0.5099,0.35585,0.04559,0.50986,0.0887
crops/1857_0.jpg,1857,1857_jpg.rf.b5ae23a5e068eae51e55a89dfde26fa8.jpg,,6,0,advanced,advanced,0.918,0.01272,0.02538,0.04391,0.91798
crops/1857_1.jpg,1857,1857_jpg.rf.b5ae23a5e068eae51e55a89dfde26fa8.jpg,,6,0,advanced,advanced,0.5421,0.00604,0.40585,0.04604,0.54206
crops/1857_2.jpg,1857,1857_jpg.rf.b5ae23a5e068eae51e55a89dfde26fa8.jpg,,6,0,advanced,advanced,0.9631,0.00739,0.01533,0.01423,0.96306
crops/1857_3.jpg,1857,1857_jpg.rf.b5ae23a5e068eae51e55a89dfde26fa8.jpg,,6,0,advanced,advanced,0.9356,0.0117,0.03622,0.01647,0.93561
crops/1857_4.jpg,1857,1857_jpg.rf.b5ae23a5e068eae51e55a89dfde26fa8.jpg,,2,0,mild,mild,0.8159,0.12987,0.81588,0.01617,0.03808
crops/1857_5.jpg,1857,1857_jpg.rf.b5ae23a5e068eae51e55a89dfde26fa8.jpg,,1,0,mild,no_caries,0.5452,0.5452,0.34361,0.02222,0.08897
crops/1857_6.jpg,1857,1857_jpg.rf.b5ae23a5e068eae51e55a89dfde26fa8.jpg,,0,0,no_caries,mild,0.6819,0.24201,0.68194,0.01262,0.06342
crops/1857_7.jpg,1857,1857_jpg.rf.b5ae23a5e068eae51e55a89dfde26fa8.jpg,,0,0,no_caries,no_caries,0.5217,0.52167,0.2956,0.0689,0.11383
crops/1857_8.jpg,1857,1857_jpg.rf.b5ae23a5e068eae51e55a89dfde26fa8.jpg,,0,0,no_caries,no_caries,0.5852,0.58524,0.14895,0.17792,0.0879
crops/1857_9.jpg,1857,1857_jpg.rf.b5ae23a5e068eae51e55a89dfde26fa8.jpg,,0,0,no_caries,no_caries,0.719,0.71897,0.04292,0.21586,0.02225
crops/1857_10.jpg,1857,1857_jpg.rf.b5ae23a5e068eae51e55a89dfde26fa8.jpg,,3,0,moderate,moderate,0.6301,0.32035,0.0185,0.63015,0.031
crops/1857_11.jpg,1857,1857_jpg.rf.b5ae23a5e068eae51e55a89dfde26fa8.jpg,,0,0,no_caries,moderate,0.737,0.02838,0.1677,0.737,0.06693
crops/1857_12.jpg,1857,1857_jpg.rf.b5ae23a5e068eae51e55a89dfde26fa8.jpg,,0,0,no_caries,no_caries,0.4158,0.41585,0.2765,0.26702,0.04063
crops/1857_13.jpg,1857,1857_jpg.rf.b5ae23a5e068eae51e55a89dfde26fa8.jpg,,0,0,no_caries,moderate,0.4208,0.27469,0.2062,0.42079,0.09831
crops/351_0.jpg,351,351_jpg.rf.94653fb84ad780b0cf4ae6e823db612a.jpg,,6,0,advanced,advanced,0.8846,0.0236,0.04431,0.04747,0.88462
crops/351_1.jpg,351,351_jpg.rf.94653fb84ad780b0cf4ae6e823db612a.jpg,,6,0,advanced,advanced,0.9694,0.00504,0.00705,0.01847,0.96944
crops/351_2.jpg,351,351_jpg.rf.94653fb84ad780b0cf4ae6e823db612a.jpg,,5,0,advanced,advanced,0.4162,0.20812,0.29848,0.07717,0.41623
crops/351_3.jpg,351,351_jpg.rf.94653fb84ad780b0cf4ae6e823db612a.jpg,,0,0,no_caries,no_caries,0.8204,0.82036,0.04942,0.07705,0.05317
crops/351_4.jpg,351,351_jpg.rf.94653fb84ad780b0cf4ae6e823db612a.jpg,,1,0,mild,no_caries,0.5491,0.54909,0.3268,0.02503,0.09908
crops/351_5.jpg,351,351_jpg.rf.94653fb84ad780b0cf4ae6e823db612a.jpg,,1,0,mild,moderate,0.6771,0.21244,0.09513,0.67714,0.0153
crops/351_6.jpg,351,351_jpg.rf.94653fb84ad780b0cf4ae6e823db612a.jpg,,0,0,no_caries,no_caries,0.4243,0.42433,0.21391,0.25332,0.10844
crops/351_7.jpg,351,351_jpg.rf.94653fb84ad780b0cf4ae6e823db612a.jpg,,0,0,no_caries,no_caries,0.7878,0.78776,0.12571,0.03957,0.04695
crops/351_8.jpg,351,351_jpg.rf.94653fb84ad780b0cf4ae6e823db612a.jpg,,0,0,no_caries,no_caries,0.5507,0.55066,0.33708,0.07125,0.04101
crops/351_9.jpg,351,351_jpg.rf.94653fb84ad780b0cf4ae6e823db612a.jpg,,0,0,no_caries,no_caries,0.6809,0.68093,0.22208,0.03684,0.06015
crops/351_10.jpg,351,351_jpg.rf.94653fb84ad780b0cf4ae6e823db612a.jpg,,0,0,no_caries,no_caries,0.5215,0.52149,0.19688,0.23904,0.04259
crops/351_11.jpg,351,351_jpg.rf.94653fb84ad780b0cf4ae6e823db612a.jpg,,0,0,no_caries,mild,0.56,0.28174,0.56004,0.13824,0.01999
crops/352_0.jpg,352,352_jpg.rf.2d2910ff97b47dc2e193e7209e65ce2b.jpg,,4,0,moderate,mild,0.8163,0.06882,0.81629,0.08517,0.02971
crops/352_1.jpg,352,352_jpg.rf.2d2910ff97b47dc2e193e7209e65ce2b.jpg,,4,0,moderate,mild,0.9684,0.01779,0.96841,0.00968,0.00412
crops/352_2.jpg,352,352_jpg.rf.2d2910ff97b47dc2e193e7209e65ce2b.jpg,,4,0,moderate,mild,0.7567,0.03817,0.75669,0.18921,0.01593
crops/352_3.jpg,352,352_jpg.rf.2d2910ff97b47dc2e193e7209e65ce2b.jpg,,4,0,moderate,mild,0.5249,0.13797,0.52489,0.25128,0.08586
crops/352_4.jpg,352,352_jpg.rf.2d2910ff97b47dc2e193e7209e65ce2b.jpg,,4,0,moderate,mild,0.8901,0.00863,0.89011,0.08949,0.01177
crops/352_5.jpg,352,352_jpg.rf.2d2910ff97b47dc2e193e7209e65ce2b.jpg,,4,0,moderate,mild,0.6268,0.00983,0.62684,0.3041,0.05923
crops/352_6.jpg,352,352_jpg.rf.2d2910ff97b47dc2e193e7209e65ce2b.jpg,,4,0,moderate,advanced,0.7758,0.00184,0.01132,0.21101,0.77583
crops/352_7.jpg,352,352_jpg.rf.2d2910ff97b47dc2e193e7209e65ce2b.jpg,,5,0,advanced,advanced,0.9669,0.00192,0.00575,0.02546,0.96686
crops/352_8.jpg,352,352_jpg.rf.2d2910ff97b47dc2e193e7209e65ce2b.jpg,,4,0,moderate,mild,0.5745,0.00504,0.57451,0.09044,0.33001
crops/352_9.jpg,352,352_jpg.rf.2d2910ff97b47dc2e193e7209e65ce2b.jpg,,6,0,advanced,advanced,0.8165,0.01143,0.01349,0.15859,0.81649
crops/352_10.jpg,352,352_jpg.rf.2d2910ff97b47dc2e193e7209e65ce2b.jpg,,2,0,mild,mild,0.7027,0.17103,0.70272,0.05089,0.07536
crops/352_11.jpg,352,352_jpg.rf.2d2910ff97b47dc2e193e7209e65ce2b.jpg,,3,0,moderate,moderate,0.9148,0.03728,0.03243,0.91478,0.01551
crops/352_12.jpg,352,352_jpg.rf.2d2910ff97b47dc2e193e7209e65ce2b.jpg,,3,0,moderate,moderate,0.5276,0.12123,0.19242,0.52764,0.15871
crops/352_13.jpg,352,352_jpg.rf.2d2910ff97b47dc2e193e7209e65ce2b.jpg,,6,0,advanced,advanced,0.8908,0.039,0.04458,0.02559,0.89082
crops/352_14.jpg,352,352_jpg.rf.2d2910ff97b47dc2e193e7209e65ce2b.jpg,,2,0,mild,mild,0.4936,0.34723,0.49355,0.01453,0.14469
crops/404_0.jpg,404,404_jpg.rf.746473fc7ad52f47d72db5c474f2c6c5.jpg,,6,0,advanced,advanced,0.5834,0.00129,0.00503,0.41029,0.58339
crops/404_1.jpg,404,404_jpg.rf.746473fc7ad52f47d72db5c474f2c6c5.jpg,,3,0,moderate,moderate,0.9819,0.0008,0.01116,0.98194,0.0061
crops/404_2.jpg,404,404_jpg.rf.746473fc7ad52f47d72db5c474f2c6c5.jpg,,5,0,advanced,moderate,0.5906,0.04241,0.21898,0.59056,0.14805
crops/404_3.jpg,404,404_jpg.rf.746473fc7ad52f47d72db5c474f2c6c5.jpg,,3,0,moderate,moderate,0.8845,0.00694,0.06651,0.88452,0.04203
crops/404_4.jpg,404,404_jpg.rf.746473fc7ad52f47d72db5c474f2c6c5.jpg,,6,0,advanced,advanced,0.7991,0.02612,0.1223,0.05251,0.79908
crops/404_5.jpg,404,404_jpg.rf.746473fc7ad52f47d72db5c474f2c6c5.jpg,,5,0,advanced,mild,0.7865,0.0192,0.78653,0.02768,0.16659
crops/404_6.jpg,404,404_jpg.rf.746473fc7ad52f47d72db5c474f2c6c5.jpg,,3,0,moderate,mild,0.5486,0.15674,0.5486,0.03951,0.25515
crops/404_7.jpg,404,404_jpg.rf.746473fc7ad52f47d72db5c474f2c6c5.jpg,,0,0,no_caries,no_caries,0.817,0.81697,0.13006,0.01537,0.0376
crops/404_8.jpg,404,404_jpg.rf.746473fc7ad52f47d72db5c474f2c6c5.jpg,,0,0,no_caries,no_caries,0.6076,0.6076,0.29061,0.08617,0.01562
crops/404_9.jpg,404,404_jpg.rf.746473fc7ad52f47d72db5c474f2c6c5.jpg,,0,0,no_caries,mild,0.4884,0.25008,0.48841,0.21855,0.04296
crops/404_10.jpg,404,404_jpg.rf.746473fc7ad52f47d72db5c474f2c6c5.jpg,,0,0,no_caries,mild,0.4569,0.4024,0.45692,0.09793,0.04275
crops/404_11.jpg,404,404_jpg.rf.746473fc7ad52f47d72db5c474f2c6c5.jpg,,3,0,moderate,no_caries,0.3856,0.38558,0.32844,0.25585,0.03012
crops/404_12.jpg,404,404_jpg.rf.746473fc7ad52f47d72db5c474f2c6c5.jpg,,3,0,moderate,no_caries,0.8048,0.80478,0.12937,0.03306,0.03278
crops/437_0.jpg,437,437_jpg.rf.ba49cb3f03103a00e5ac202c2a95c233.jpg,,5,0,advanced,advanced,0.594,0.00997,0.37951,0.01656,0.59397
crops/437_1.jpg,437,437_jpg.rf.ba49cb3f03103a00e5ac202c2a95c233.jpg,,5,0,advanced,advanced,0.9509,0.01155,0.01055,0.02703,0.95087
crops/437_2.jpg,437,437_jpg.rf.ba49cb3f03103a00e5ac202c2a95c233.jpg,,5,0,advanced,advanced,0.9634,0.00559,0.0065,0.02451,0.96339
crops/437_3.jpg,437,437_jpg.rf.ba49cb3f03103a00e5ac202c2a95c233.jpg,,5,0,advanced,advanced,0.5519,0.00345,0.00391,0.44079,0.55186
crops/437_4.jpg,437,437_jpg.rf.ba49cb3f03103a00e5ac202c2a95c233.jpg,,0,0,no_caries,no_caries,0.5347,0.53473,0.38264,0.05078,0.03184
crops/437_5.jpg,437,437_jpg.rf.ba49cb3f03103a00e5ac202c2a95c233.jpg,,0,0,no_caries,mild,0.798,0.09634,0.79796,0.00356,0.10214
crops/437_6.jpg,437,437_jpg.rf.ba49cb3f03103a00e5ac202c2a95c233.jpg,,0,0,no_caries,no_caries,0.5384,0.53836,0.11463,0.30044,0.04657
crops/437_7.jpg,437,437_jpg.rf.ba49cb3f03103a00e5ac202c2a95c233.jpg,,0,0,no_caries,no_caries,0.7055,0.7055,0.16991,0.08792,0.03666
crops/437_8.jpg,437,437_jpg.rf.ba49cb3f03103a00e5ac202c2a95c233.jpg,,0,0,no_caries,no_caries,0.8398,0.83976,0.08612,0.04144,0.03268
crops/437_9.jpg,437,437_jpg.rf.ba49cb3f03103a00e5ac202c2a95c233.jpg,,0,0,no_caries,no_caries,0.7757,0.77567,0.05909,0.10975,0.0555
crops/452_0.jpg,452,452_jpg.rf.95ece85baa35089349895de3f21fb17f.jpg,,3,0,moderate,moderate,0.9743,0.00173,0.01577,0.97426,0.00824
crops/452_1.jpg,452,452_jpg.rf.95ece85baa35089349895de3f21fb17f.jpg,,0,0,no_caries,no_caries,0.4127,0.41265,0.22219,0.2765,0.08866
crops/452_2.jpg,452,452_jpg.rf.95ece85baa35089349895de3f21fb17f.jpg,,2,0,mild,advanced,0.8994,0.00711,0.03249,0.06098,0.89942
crops/452_3.jpg,452,452_jpg.rf.95ece85baa35089349895de3f21fb17f.jpg,,0,0,no_caries,no_caries,0.7336,0.73356,0.16385,0.05838,0.04421
crops/452_4.jpg,452,452_jpg.rf.95ece85baa35089349895de3f21fb17f.jpg,,0,0,no_caries,no_caries,0.5132,0.5132,0.02563,0.42963,0.03154
crops/499_0.jpg,499,499_jpg.rf.393a39eb5169425da9b34de9247788cb.jpg,,2,0,mild,no_caries,0.7134,0.71344,0.14048,0.04827,0.0978
crops/499_1.jpg,499,499_jpg.rf.393a39eb5169425da9b34de9247788cb.jpg,,2,0,mild,moderate,0.7528,0.16986,0.06056,0.75278,0.01681
crops/499_2.jpg,499,499_jpg.rf.393a39eb5169425da9b34de9247788cb.jpg,,5,0,advanced,advanced,0.6161,0.00154,0.02373,0.35859,0.61614
crops/499_3.jpg,499,499_jpg.rf.393a39eb5169425da9b34de9247788cb.jpg,,5,0,advanced,moderate,0.873,0.00232,0.00676,0.87296,0.11796
crops/499_4.jpg,499,499_jpg.rf.393a39eb5169425da9b34de9247788cb.jpg,,5,0,advanced,moderate,0.8016,0.01722,0.04689,0.80156,0.13433
crops/499_5.jpg,499,499_jpg.rf.393a39eb5169425da9b34de9247788cb.jpg,,6,0,advanced,advanced,0.9826,0.00312,0.0103,0.004,0.98257
crops/499_6.jpg,499,499_jpg.rf.393a39eb5169425da9b34de9247788cb.jpg,,5,0,advanced,advanced,0.9741,0.00184,0.00612,0.01791,0.97414
crops/499_7.jpg,499,499_jpg.rf.393a39eb5169425da9b34de9247788cb.jpg,,0,0,no_caries,no_caries,0.6248,0.62484,0.06961,0.28611,0.01945
crops/499_8.jpg,499,499_jpg.rf.393a39eb5169425da9b34de9247788cb.jpg,,0,0,no_caries,no_caries,0.7277,0.72772,0.20986,0.02738,0.03504
crops/499_9.jpg,499,499_jpg.rf.393a39eb5169425da9b34de9247788cb.jpg,,0,0,no_caries,no_caries,0.8241,0.82412,0.09879,0.05061,0.02648
crops/499_10.jpg,499,499_jpg.rf.393a39eb5169425da9b34de9247788cb.jpg,,3,0,moderate,no_caries,0.7969,0.79686,0.058,0.1218,0.02334
crops/499_11.jpg,499,499_jpg.rf.393a39eb5169425da9b34de9247788cb.jpg,,0,0,no_caries,no_caries,0.5282,0.52817,0.27084,0.17303,0.02797
crops/499_12.jpg,499,499_jpg.rf.393a39eb5169425da9b34de9247788cb.jpg,,0,0,no_caries,mild,0.4452,0.36238,0.44522,0.125,0.0674
crops/512_0.jpg,512,512_jpg.rf.3611b45ae6a32edc313eb25da2bf8cb4.jpg,,5,0,advanced,moderate,0.9493,0.00027,0.04839,0.94929,0.00205
crops/512_1.jpg,512,512_jpg.rf.3611b45ae6a32edc313eb25da2bf8cb4.jpg,,4,0,moderate,mild,0.8635,0.00062,0.86346,0.00672,0.1292
crops/512_2.jpg,512,512_jpg.rf.3611b45ae6a32edc313eb25da2bf8cb4.jpg,,4,0,moderate,advanced,0.9303,0.00277,0.05052,0.01637,0.93034
crops/512_3.jpg,512,512_jpg.rf.3611b45ae6a32edc313eb25da2bf8cb4.jpg,,4,0,moderate,mild,0.7204,0.03395,0.72044,0.13811,0.1075
crops/537_0.jpg,537,537_jpg.rf.ed307f1128f5b7e286522a2b440c2e24.jpg,,4,0,moderate,moderate,0.7246,0.00598,0.01132,0.72458,0.25812
crops/541_0.jpg,541,541_jpg.rf.c3ddf94bf9f4c3115f2166c3fd807868.jpg,,0,0,no_caries,moderate,0.357,0.34323,0.1446,0.35696,0.15521
crops/541_1.jpg,541,541_jpg.rf.c3ddf94bf9f4c3115f2166c3fd807868.jpg,,0,0,no_caries,no_caries,0.525,0.52497,0.17422,0.12042,0.18038
crops/541_2.jpg,541,541_jpg.rf.c3ddf94bf9f4c3115f2166c3fd807868.jpg,,0,0,no_caries,no_caries,0.4276,0.42765,0.30541,0.19738,0.06956
crops/541_3.jpg,541,541_jpg.rf.c3ddf94bf9f4c3115f2166c3fd807868.jpg,,0,0,no_caries,no_caries,0.6468,0.64681,0.17578,0.05379,0.12362
crops/541_4.jpg,541,541_jpg.rf.c3ddf94bf9f4c3115f2166c3fd807868.jpg,,0,0,no_caries,no_caries,0.8441,0.84406,0.10068,0.02007,0.03518
crops/541_5.jpg,541,541_jpg.rf.c3ddf94bf9f4c3115f2166c3fd807868.jpg,,0,0,no_caries,no_caries,0.7822,0.78222,0.12234,0.04278,0.05266
crops/541_6.jpg,541,541_jpg.rf.c3ddf94bf9f4c3115f2166c3fd807868.jpg,,0,0,no_caries,no_caries,0.888,0.88799,0.04064,0.03303,0.03834
crops/541_7.jpg,541,541_jpg.rf.c3ddf94bf9f4c3115f2166c3fd807868.jpg,,0,0,no_caries,no_caries,0.7104,0.71041,0.10201,0.09522,0.09236
crops/541_8.jpg,541,541_jpg.rf.c3ddf94bf9f4c3115f2166c3fd807868.jpg,,0,0,no_caries,no_caries,0.7088,0.70879,0.10113,0.10301,0.08707
crops/541_9.jpg,541,541_jpg.rf.c3ddf94bf9f4c3115f2166c3fd807868.jpg,,0,0,no_caries,no_caries,0.7411,0.74112,0.15816,0.04639,0.05434
crops/541_10.jpg,541,541_jpg.rf.c3ddf94bf9f4c3115f2166c3fd807868.jpg,,0,0,no_caries,no_caries,0.7988,0.79878,0.12361,0.02934,0.04828
crops/541_11.jpg,541,541_jpg.rf.c3ddf94bf9f4c3115f2166c3fd807868.jpg,,0,0,no_caries,no_caries,0.612,0.61205,0.15624,0.1132,0.11851
crops/541_12.jpg,541,541_jpg.rf.c3ddf94bf9f4c3115f2166c3fd807868.jpg,,0,0,no_caries,no_caries,0.401,0.40097,0.32623,0.16676,0.10605
crops/541_13.jpg,541,541_jpg.rf.c3ddf94bf9f4c3115f2166c3fd807868.jpg,,3,0,moderate,mild,0.6659,0.08828,0.66589,0.17853,0.06729
crops/549_0.jpg,549,549_jpg.rf.3327794c5fa97896a1153a26abd4433a.jpg,,2,0,mild,mild,0.8253,0.02212,0.82527,0.048,0.10462
crops/549_1.jpg,549,549_jpg.rf.3327794c5fa97896a1153a26abd4433a.jpg,,0,0,no_caries,no_caries,0.4382,0.43818,0.2148,0.32657,0.02045
crops/549_2.jpg,549,549_jpg.rf.3327794c5fa97896a1153a26abd4433a.jpg,,0,0,no_caries,mild,0.4798,0.32204,0.47982,0.17859,0.01954
crops/549_3.jpg,549,549_jpg.rf.3327794c5fa97896a1153a26abd4433a.jpg,,0,0,no_caries,no_caries,0.5542,0.55418,0.35048,0.06207,0.03327
crops/549_4.jpg,549,549_jpg.rf.3327794c5fa97896a1153a26abd4433a.jpg,,0,0,no_caries,no_caries,0.5772,0.57715,0.27639,0.0963,0.05016
crops/549_5.jpg,549,549_jpg.rf.3327794c5fa97896a1153a26abd4433a.jpg,,0,0,no_caries,no_caries,0.5893,0.58933,0.20086,0.14421,0.0656
crops/549_6.jpg,549,549_jpg.rf.3327794c5fa97896a1153a26abd4433a.jpg,,0,0,no_caries,no_caries,0.7202,0.72015,0.03744,0.21424,0.02816
crops/549_7.jpg,549,549_jpg.rf.3327794c5fa97896a1153a26abd4433a.jpg,,0,0,no_caries,no_caries,0.7634,0.76338,0.1164,0.09174,0.02848
crops/549_8.jpg,549,549_jpg.rf.3327794c5fa97896a1153a26abd4433a.jpg,,0,0,no_caries,no_caries,0.8215,0.82147,0.12073,0.01552,0.04228
crops/549_9.jpg,549,549_jpg.rf.3327794c5fa97896a1153a26abd4433a.jpg,,0,0,no_caries,no_caries,0.5969,0.59692,0.33021,0.02965,0.04322
crops/549_10.jpg,549,549_jpg.rf.3327794c5fa97896a1153a26abd4433a.jpg,,3,0,moderate,no_caries,0.7781,0.77812,0.07549,0.13339,0.013
crops/549_11.jpg,549,549_jpg.rf.3327794c5fa97896a1153a26abd4433a.jpg,,3,0,moderate,no_caries,0.7701,0.77009,0.09704,0.09897,0.03391
crops/549_12.jpg,549,549_jpg.rf.3327794c5fa97896a1153a26abd4433a.jpg,,3,0,moderate,no_caries,0.791,0.79096,0.05334,0.11142,0.04428
crops/590_0.jpg,590,590_jpg.rf.b4ae3fb5be6e5aec7fa86b4025e2cd8d.jpg,,0,0,no_caries,mild,0.6936,0.2459,0.69363,0.02488,0.03558
crops/590_1.jpg,590,590_jpg.rf.b4ae3fb5be6e5aec7fa86b4025e2cd8d.jpg,,0,0,no_caries,no_caries,0.6076,0.60765,0.18708,0.04497,0.1603
crops/590_2.jpg,590,590_jpg.rf.b4ae3fb5be6e5aec7fa86b4025e2cd8d.jpg,,2,0,mild,no_caries,0.5615,0.56153,0.31216,0.10582,0.02048
crops/590_3.jpg,590,590_jpg.rf.b4ae3fb5be6e5aec7fa86b4025e2cd8d.jpg,,3,0,moderate,moderate,0.8726,0.0225,0.09554,0.87255,0.00942
crops/590_4.jpg,590,590_jpg.rf.b4ae3fb5be6e5aec7fa86b4025e2cd8d.jpg,,5,0,advanced,mild,0.5171,0.01687,0.5171,0.45266,0.01337
crops/590_5.jpg,590,590_jpg.rf.b4ae3fb5be6e5aec7fa86b4025e2cd8d.jpg,,3,0,moderate,mild,0.8099,0.05069,0.80994,0.13752,0.00186
crops/590_6.jpg,590,590_jpg.rf.b4ae3fb5be6e5aec7fa86b4025e2cd8d.jpg,,2,0,mild,no_caries,0.7206,0.72059,0.11473,0.09907,0.06561
crops/590_7.jpg,590,590_jpg.rf.b4ae3fb5be6e5aec7fa86b4025e2cd8d.jpg,,3,0,moderate,moderate,0.9257,0.01314,0.01891,0.92575,0.04221
crops/590_8.jpg,590,590_jpg.rf.b4ae3fb5be6e5aec7fa86b4025e2cd8d.jpg,,2,0,mild,moderate,0.9121,0.00297,0.00734,0.91205,0.07764
crops/590_9.jpg,590,590_jpg.rf.b4ae3fb5be6e5aec7fa86b4025e2cd8d.jpg,,2,0,mild,mild,0.7224,0.18599,0.72237,0.06343,0.0282
crops/590_10.jpg,590,590_jpg.rf.b4ae3fb5be6e5aec7fa86b4025e2cd8d.jpg,,3,0,moderate,mild,0.7405,0.12795,0.74054,0.02436,0.10715
crops/590_11.jpg,590,590_jpg.rf.b4ae3fb5be6e5aec7fa86b4025e2cd8d.jpg,,1,0,mild,no_caries,0.6335,0.63352,0.1622,0.10217,0.10211
crops/590_12.jpg,590,590_jpg.rf.b4ae3fb5be6e5aec7fa86b4025e2cd8d.jpg,,0,0,no_caries,no_caries,0.7893,0.78927,0.10388,0.0733,0.03354
crops/593_0.jpg,593,593_jpg.rf.c2a522c6cfaa3eba94c081ea5df42fa0.jpg,,1,0,mild,no_caries,0.4764,0.47636,0.15773,0.34095,0.02496
crops/593_1.jpg,593,593_jpg.rf.c2a522c6cfaa3eba94c081ea5df42fa0.jpg,,1,0,mild,no_caries,0.7854,0.78539,0.04772,0.14405,0.02284
crops/593_2.jpg,593,593_jpg.rf.c2a522c6cfaa3eba94c081ea5df42fa0.jpg,,1,0,mild,no_caries,0.5024,0.50243,0.14734,0.31671,0.03352
crops/593_3.jpg,593,593_jpg.rf.c2a522c6cfaa3eba94c081ea5df42fa0.jpg,,1,0,mild,mild,0.6998,0.23819,0.69975,0.04827,0.01379
crops/593_4.jpg,593,593_jpg.rf.c2a522c6cfaa3eba94c081ea5df42fa0.jpg,,2,0,mild,mild,0.4518,0.12195,0.45178,0.06609,0.36019
crops/593_5.jpg,593,593_jpg.rf.c2a522c6cfaa3eba94c081ea5df42fa0.jpg,,2,0,mild,advanced,0.6867,0.00522,0.07907,0.22903,0.68668
crops/593_6.jpg,593,593_jpg.rf.c2a522c6cfaa3eba94c081ea5df42fa0.jpg,,1,0,mild,mild,0.4583,0.43237,0.45825,0.08364,0.02574
crops/593_7.jpg,593,593_jpg.rf.c2a522c6cfaa3eba94c081ea5df42fa0.jpg,,1,0,mild,no_caries,0.5866,0.58661,0.27799,0.08226,0.05314
crops/593_8.jpg,593,593_jpg.rf.c2a522c6cfaa3eba94c081ea5df42fa0.jpg,,1,0,mild,no_caries,0.6112,0.61122,0.0979,0.2161,0.07479
crops/593_9.jpg,593,593_jpg.rf.c2a522c6cfaa3eba94c081ea5df42fa0.jpg,,1,0,mild,no_caries,0.5602,0.56022,0.13169,0.24732,0.06078
crops/593_10.jpg,593,593_jpg.rf.c2a522c6cfaa3eba94c081ea5df42fa0.jpg,,1,0,mild,no_caries,0.734,0.734,0.04371,0.1825,0.03979
crops/593_11.jpg,593,593_jpg.rf.c2a522c6cfaa3eba94c081ea5df42fa0.jpg,,1,0,mild,no_caries,0.5434,0.54343,0.05431,0.33957,0.06268
crops/593_12.jpg,593,593_jpg.rf.c2a522c6cfaa3eba94c081ea5df42fa0.jpg,,1,0,mild,no_caries,0.7867,0.78671,0.08574,0.07699,0.05055
crops/601_0.jpg,601,601_jpg.rf.fd2d69d3c7f0304c646b8a6971f6ccb5.jpg,,6,0,advanced,advanced,0.6574,0.01271,0.16835,0.16156,0.65738
crops/601_1.jpg,601,601_jpg.rf.fd2d69d3c7f0304c646b8a6971f6ccb5.jpg,,0,0,no_caries,advanced,0.4827,0.05367,0.41724,0.04635,0.48274
crops/601_2.jpg,601,601_jpg.rf.fd2d69d3c7f0304c646b8a6971f6ccb5.jpg,,0,0,no_caries,no_caries,0.4086,0.40859,0.26761,0.09907,0.22473
crops/601_3.jpg,601,601_jpg.rf.fd2d69d3c7f0304c646b8a6971f6ccb5.jpg,,0,0,no_caries,mild,0.9636,0.00238,0.96359,0.00444,0.02959
crops/601_4.jpg,601,601_jpg.rf.fd2d69d3c7f0304c646b8a6971f6ccb5.jpg,,5,0,advanced,advanced,0.3864,0.33667,0.22077,0.05614,0.38643
crops/601_5.jpg,601,601_jpg.rf.fd2d69d3c7f0304c646b8a6971f6ccb5.jpg,,5,0,advanced,advanced,0.6676,0.13294,0.15193,0.04758,0.66756
crops/601_6.jpg,601,601_jpg.rf.fd2d69d3c7f0304c646b8a6971f6ccb5.jpg,,5,0,advanced,mild,0.4099,0.39079,0.40994,0.03825,0.16102
crops/601_7.jpg,601,601_jpg.rf.fd2d69d3c7f0304c646b8a6971f6ccb5.jpg,,5,0,advanced,advanced,0.4968,0.21069,0.18309,0.10944,0.49678
crops/601_8.jpg,601,601_jpg.rf.fd2d69d3c7f0304c646b8a6971f6ccb5.jpg,,2,0,mild,mild,0.6956,0.09835,0.69565,0.09897,0.10704
crops/601_9.jpg,601,601_jpg.rf.fd2d69d3c7f0304c646b8a6971f6ccb5.jpg,,5,0,advanced,mild,0.7929,0.02392,0.7929,0.1105,0.07268
crops/601_10.jpg,601,601_jpg.rf.fd2d69d3c7f0304c646b8a6971f6ccb5.jpg,,5,0,advanced,mild,0.4757,0.13922,0.47573,0.10229,0.28276
crops/601_11.jpg,601,601_jpg.rf.fd2d69d3c7f0304c646b8a6971f6ccb5.jpg,,5,0,advanced,mild,0.5766,0.15001,0.57657,0.1316,0.14183
crops/601_12.jpg,601,601_jpg.rf.fd2d69d3c7f0304c646b8a6971f6ccb5.jpg,,5,0,advanced,no_caries,0.2884,0.28837,0.18796,0.27306,0.25061
crops/601_13.jpg,601,601_jpg.rf.fd2d69d3c7f0304c646b8a6971f6ccb5.jpg,,0,0,no_caries,mild,0.4468,0.29896,0.44681,0.20711,0.04712
crops/601_14.jpg,601,601_jpg.rf.fd2d69d3c7f0304c646b8a6971f6ccb5.jpg,,0,0,no_caries,mild,0.74,0.17724,0.73995,0.05728,0.02553
crops/601_15.jpg,601,601_jpg.rf.fd2d69d3c7f0304c646b8a6971f6ccb5.jpg,,0,0,no_caries,no_caries,0.4053,0.40532,0.17472,0.30313,0.11683
crops/601_16.jpg,601,601_jpg.rf.fd2d69d3c7f0304c646b8a6971f6ccb5.jpg,,5,0,advanced,mild,0.5448,0.18408,0.54481,0.03822,0.23289
crops/605_0.jpg,605,605_jpg.rf.2b40458effbb8e9f0ee495dcf08d0134.jpg,,1,0,mild,advanced,0.3547,0.22107,0.28078,0.14345,0.3547
crops/605_1.jpg,605,605_jpg.rf.2b40458effbb8e9f0ee495dcf08d0134.jpg,,4,0,moderate,advanced,0.9673,0.00368,0.00366,0.02532,0.96733
crops/605_2.jpg,605,605_jpg.rf.2b40458effbb8e9f0ee495dcf08d0134.jpg,,4,0,moderate,mild,0.5375,0.09244,0.53753,0.14889,0.22114
crops/605_3.jpg,605,605_jpg.rf.2b40458effbb8e9f0ee495dcf08d0134.jpg,,3,0,moderate,moderate,0.8016,0.05718,0.04406,0.80165,0.09711
crops/605_4.jpg,605,605_jpg.rf.2b40458effbb8e9f0ee495dcf08d0134.jpg,,1,0,mild,no_caries,0.773,0.77296,0.10466,0.07959,0.04279
crops/605_5.jpg,605,605_jpg.rf.2b40458effbb8e9f0ee495dcf08d0134.jpg,,4,0,moderate,advanced,0.5411,0.0159,0.00748,0.43547,0.54115
crops/605_6.jpg,605,605_jpg.rf.2b40458effbb8e9f0ee495dcf08d0134.jpg,,4,0,moderate,advanced,0.9195,0.0026,0.00065,0.07724,0.91952
crops/605_7.jpg,605,605_jpg.rf.2b40458effbb8e9f0ee495dcf08d0134.jpg,,0,0,no_caries,no_caries,0.6674,0.6674,0.06351,0.08109,0.188
crops/605_8.jpg,605,605_jpg.rf.2b40458effbb8e9f0ee495dcf08d0134.jpg,,0,0,no_caries,no_caries,0.8726,0.87263,0.01867,0.02996,0.07874
crops/605_9.jpg,605,605_jpg.rf.2b40458effbb8e9f0ee495dcf08d0134.jpg,,0,0,no_caries,no_caries,0.8428,0.84277,0.04932,0.02726,0.08066
crops/605_10.jpg,605,605_jpg.rf.2b40458effbb8e9f0ee495dcf08d0134.jpg,,0,0,no_caries,no_caries,0.7658,0.76579,0.14201,0.05801,0.03419
crops/605_11.jpg,605,605_jpg.rf.2b40458effbb8e9f0ee495dcf08d0134.jpg,,0,0,no_caries,no_caries,0.7203,0.72033,0.22549,0.01244,0.04174
crops/605_12.jpg,605,605_jpg.rf.2b40458effbb8e9f0ee495dcf08d0134.jpg,,0,0,no_caries,no_caries,0.8661,0.86612,0.0538,0.02088,0.0592
crops/605_13.jpg,605,605_jpg.rf.2b40458effbb8e9f0ee495dcf08d0134.jpg,,0,0,no_caries,no_caries,0.865,0.86502,0.06002,0.00827,0.0667
crops/605_14.jpg,605,605_jpg.rf.2b40458effbb8e9f0ee495dcf08d0134.jpg,,0,0,no_caries,no_caries,0.8387,0.83867,0.01187,0.10217,0.04729
crops/779_0.jpg,779,779_jpg.rf.7c8ec7502ae3343dc876c831ab4873b2.jpg,,3,0,moderate,moderate,0.5232,0.01041,0.43661,0.52324,0.02975
crops/779_1.jpg,779,779_jpg.rf.7c8ec7502ae3343dc876c831ab4873b2.jpg,,5,0,advanced,advanced,0.9357,0.00831,0.01828,0.0377,0.93571
crops/779_2.jpg,779,779_jpg.rf.7c8ec7502ae3343dc876c831ab4873b2.jpg,,6,0,advanced,advanced,0.9608,0.0053,0.00664,0.02724,0.96082
crops/779_3.jpg,779,779_jpg.rf.7c8ec7502ae3343dc876c831ab4873b2.jpg,,0,0,no_caries,no_caries,0.6288,0.62875,0.15758,0.14343,0.07024
crops/779_4.jpg,779,779_jpg.rf.7c8ec7502ae3343dc876c831ab4873b2.jpg,,1,0,mild,no_caries,0.4838,0.48381,0.10472,0.38325,0.02821
crops/790_0.jpg,790,790_jpg.rf.18d396b1cea3077d08934977a12b06ea.jpg,,0,0,no_caries,mild,0.5063,0.38963,0.50626,0.06256,0.04155
crops/790_1.jpg,790,790_jpg.rf.18d396b1cea3077d08934977a12b06ea.jpg,,0,0,no_caries,mild,0.4661,0.43206,0.46607,0.07287,0.02899
crops/790_2.jpg,790,790_jpg.rf.18d396b1cea3077d08934977a12b06ea.jpg,,0,0,no_caries,no_caries,0.7819,0.78186,0.06894,0.05887,0.09033
crops/790_3.jpg,790,790_jpg.rf.18d396b1cea3077d08934977a12b06ea.jpg,,0,0,no_caries,no_caries,0.5498,0.54984,0.16735,0.11633,0.16648
crops/790_4.jpg,790,790_jpg.rf.18d396b1cea3077d08934977a12b06ea.jpg,,0,0,no_caries,mild,0.5921,0.35868,0.59205,0.02361,0.02565
crops/790_5.jpg,790,790_jpg.rf.18d396b1cea3077d08934977a12b06ea.jpg,,0,0,no_caries,no_caries,0.4919,0.49186,0.34939,0.04406,0.11469
crops/790_6.jpg,790,790_jpg.rf.18d396b1cea3077d08934977a12b06ea.jpg,,0,0,no_caries,no_caries,0.6429,0.64285,0.26176,0.05407,0.04131
crops/790_8.jpg,790,790_jpg.rf.18d396b1cea3077d08934977a12b06ea.jpg,,0,0,no_caries,no_caries,0.5257,0.5257,0.19855,0.22438,0.05137
crops/790_9.jpg,790,790_jpg.rf.18d396b1cea3077d08934977a12b06ea.jpg,,0,0,no_caries,mild,0.5283,0.39735,0.52829,0.04401,0.03035
crops/790_10.jpg,790,790_jpg.rf.18d396b1cea3077d08934977a12b06ea.jpg,,0,0,no_caries,no_caries,0.6484,0.64842,0.21104,0.08886,0.05167
crops/790_11.jpg,790,790_jpg.rf.18d396b1cea3077d08934977a12b06ea.jpg,,0,0,no_caries,no_caries,0.7579,0.75795,0.05452,0.16757,0.01996
crops/790_12.jpg,790,790_jpg.rf.18d396b1cea3077d08934977a12b06ea.jpg,,0,0,no_caries,mild,0.525,0.38515,0.525,0.071,0.01885
crops/790_13.jpg,790,790_jpg.rf.18d396b1cea3077d08934977a12b06ea.jpg,,4,0,moderate,moderate,0.8739,0.00539,0.00831,0.8739,0.1124
crops/790_14.jpg,790,790_jpg.rf.18d396b1cea3077d08934977a12b06ea.jpg,,4,0,moderate,moderate,0.5369,0.26874,0.15109,0.53694,0.04322
crops/791_0.jpg,791,791_jpg.rf.46bae07392c01cb076210800bc4f8b83.jpg,,3,0,moderate,moderate,0.4206,0.03021,0.20167,0.42058,0.34754
crops/791_1.jpg,791,791_jpg.rf.46bae07392c01cb076210800bc4f8b83.jpg,,3,0,moderate,moderate,0.5677,0.16465,0.06571,0.56772,0.20193
crops/791_2.jpg,791,791_jpg.rf.46bae07392c01cb076210800bc4f8b83.jpg,,4,0,moderate,moderate,0.5279,0.02964,0.08705,0.52791,0.35539
crops/791_3.jpg,791,791_jpg.rf.46bae07392c01cb076210800bc4f8b83.jpg,,4,0,moderate,moderate,0.8424,0.01296,0.01949,0.84235,0.1252
crops/791_4.jpg,791,791_jpg.rf.46bae07392c01cb076210800bc4f8b83.jpg,,4,0,moderate,moderate,0.3911,0.27152,0.2666,0.39115,0.07074
crops/791_5.jpg,791,791_jpg.rf.46bae07392c01cb076210800bc4f8b83.jpg,,3,0,moderate,no_caries,0.862,0.86201,0.03462,0.02917,0.0742
crops/791_6.jpg,791,791_jpg.rf.46bae07392c01cb076210800bc4f8b83.jpg,,0,0,no_caries,no_caries,0.7845,0.78446,0.11392,0.0591,0.04252
crops/791_7.jpg,791,791_jpg.rf.46bae07392c01cb076210800bc4f8b83.jpg,,2,0,mild,mild,0.6185,0.02664,0.61849,0.19695,0.15792
crops/791_8.jpg,791,791_jpg.rf.46bae07392c01cb076210800bc4f8b83.jpg,,0,0,no_caries,no_caries,0.8055,0.80553,0.11993,0.05059,0.02394
crops/791_9.jpg,791,791_jpg.rf.46bae07392c01cb076210800bc4f8b83.jpg,,1,0,mild,no_caries,0.6731,0.67312,0.05861,0.22614,0.04213
crops/791_10.jpg,791,791_jpg.rf.46bae07392c01cb076210800bc4f8b83.jpg,,1,0,mild,no_caries,0.7602,0.76025,0.06094,0.11881,0.06
crops/791_11.jpg,791,791_jpg.rf.46bae07392c01cb076210800bc4f8b83.jpg,,1,0,mild,no_caries,0.746,0.74604,0.0387,0.14652,0.06874
crops/791_12.jpg,791,791_jpg.rf.46bae07392c01cb076210800bc4f8b83.jpg,,0,0,no_caries,no_caries,0.786,0.786,0.01586,0.14087,0.05728
crops/791_13.jpg,791,791_jpg.rf.46bae07392c01cb076210800bc4f8b83.jpg,,0,0,no_caries,no_caries,0.7652,0.76516,0.1106,0.07427,0.04996
crops/807_0.jpg,807,807_jpg.rf.55eca21b988655d8e7f525e7eb193ef3.jpg,,2,0,mild,moderate,0.4088,0.21812,0.26586,0.40882,0.1072
crops/807_1.jpg,807,807_jpg.rf.55eca21b988655d8e7f525e7eb193ef3.jpg,,5,0,advanced,moderate,0.6346,0.01004,0.0265,0.63462,0.32884
crops/807_2.jpg,807,807_jpg.rf.55eca21b988655d8e7f525e7eb193ef3.jpg,,5,0,advanced,advanced,0.9098,0.00402,0.00935,0.07682,0.90981
crops/807_3.jpg,807,807_jpg.rf.55eca21b988655d8e7f525e7eb193ef3.jpg,,0,0,no_caries,no_caries,0.8873,0.88733,0.06452,0.03382,0.01433
crops/807_4.jpg,807,807_jpg.rf.55eca21b988655d8e7f525e7eb193ef3.jpg,,4,0,moderate,no_caries,0.5107,0.51072,0.27389,0.19401,0.02138
crops/823_0.jpg,823,823_jpg.rf.4e21938deac13f953b12c349c189d9a4.jpg,,5,0,advanced,advanced,0.9759,0.00962,0.00446,0.01003,0.97589
crops/823_1.jpg,823,823_jpg.rf.4e21938deac13f953b12c349c189d9a4.jpg,,0,0,no_caries,no_caries,0.8153,0.81529,0.03129,0.01213,0.14129
crops/823_2.jpg,823,823_jpg.rf.4e21938deac13f953b12c349c189d9a4.jpg,,0,0,no_caries,no_caries,0.5025,0.50247,0.28049,0.19361,0.02344
crops/823_3.jpg,823,823_jpg.rf.4e21938deac13f953b12c349c189d9a4.jpg,,0,0,no_caries,no_caries,0.9009,0.90087,0.02735,0.03269,0.03909
crops/823_4.jpg,823,823_jpg.rf.4e21938deac13f953b12c349c189d9a4.jpg,,0,0,no_caries,no_caries,0.6694,0.66945,0.20338,0.0701,0.05707
crops/823_5.jpg,823,823_jpg.rf.4e21938deac13f953b12c349c189d9a4.jpg,,0,0,no_caries,no_caries,0.6493,0.6493,0.14054,0.17349,0.03667
crops/823_6.jpg,823,823_jpg.rf.4e21938deac13f953b12c349c189d9a4.jpg,,0,0,no_caries,no_caries,0.8406,0.84055,0.07675,0.06631,0.01639
crops/823_7.jpg,823,823_jpg.rf.4e21938deac13f953b12c349c189d9a4.jpg,,0,0,no_caries,no_caries,0.6121,0.61213,0.21191,0.15475,0.02122
crops/823_8.jpg,823,823_jpg.rf.4e21938deac13f953b12c349c189d9a4.jpg,,0,0,no_caries,no_caries,0.4353,0.43533,0.30568,0.14524,0.11375
crops/823_9.jpg,823,823_jpg.rf.4e21938deac13f953b12c349c189d9a4.jpg,,0,0,no_caries,no_caries,0.79,0.78996,0.11603,0.05217,0.04184
crops/823_10.jpg,823,823_jpg.rf.4e21938deac13f953b12c349c189d9a4.jpg,,6,0,advanced,advanced,0.9289,0.01605,0.01664,0.03842,0.92889
crops/823_11.jpg,823,823_jpg.rf.4e21938deac13f953b12c349c189d9a4.jpg,,6,0,advanced,advanced,0.9581,0.01004,0.01402,0.01788,0.95806
crops/823_12.jpg,823,823_jpg.rf.4e21938deac13f953b12c349c189d9a4.jpg,,0,0,no_caries,no_caries,0.6776,0.67764,0.23612,0.02048,0.06576
crops/836_0.jpg,836,836_jpg.rf.35d532918b76ab39b6d6621a99a8f6b0.jpg,,5,0,advanced,mild,0.4665,0.03447,0.46651,0.33862,0.1604
crops/836_1.jpg,836,836_jpg.rf.35d532918b76ab39b6d6621a99a8f6b0.jpg,,5,0,advanced,moderate,0.7336,0.02176,0.09315,0.73364,0.15145
crops/836_2.jpg,836,836_jpg.rf.35d532918b76ab39b6d6621a99a8f6b0.jpg,,5,0,advanced,advanced,0.4326,0.07201,0.08775,0.40759,0.43265
crops/836_3.jpg,836,836_jpg.rf.35d532918b76ab39b6d6621a99a8f6b0.jpg,,0,0,no_caries,advanced,0.5968,0.29865,0.03092,0.0736,0.59683
crops/836_4.jpg,836,836_jpg.rf.35d532918b76ab39b6d6621a99a8f6b0.jpg,,2,0,mild,advanced,0.7525,0.04165,0.11955,0.08626,0.75254
crops/836_5.jpg,836,836_jpg.rf.35d532918b76ab39b6d6621a99a8f6b0.jpg,,1,0,mild,moderate,0.9326,0.00271,0.01262,0.93265,0.05201
crops/836_6.jpg,836,836_jpg.rf.35d532918b76ab39b6d6621a99a8f6b0.jpg,,1,0,mild,advanced,0.4387,0.01263,0.34293,0.20572,0.43872
crops/836_7.jpg,836,836_jpg.rf.35d532918b76ab39b6d6621a99a8f6b0.jpg,,3,0,moderate,advanced,0.729,0.00305,0.04262,0.22533,0.729
crops/836_8.jpg,836,836_jpg.rf.35d532918b76ab39b6d6621a99a8f6b0.jpg,,6,0,advanced,advanced,0.9267,0.00184,0.01109,0.06036,0.92671
crops/836_9.jpg,836,836_jpg.rf.35d532918b76ab39b6d6621a99a8f6b0.jpg,,5,0,advanced,advanced,0.8051,0.00273,0.01466,0.17755,0.80506
crops/836_10.jpg,836,836_jpg.rf.35d532918b76ab39b6d6621a99a8f6b0.jpg,,6,0,advanced,advanced,0.9747,0.00261,0.00242,0.0203,0.97468
crops/836_11.jpg,836,836_jpg.rf.35d532918b76ab39b6d6621a99a8f6b0.jpg,,5,0,advanced,advanced,0.9929,0.00257,0.00283,0.00166,0.99293
crops/836_12.jpg,836,836_jpg.rf.35d532918b76ab39b6d6621a99a8f6b0.jpg,,0,0,no_caries,advanced,0.3154,0.13894,0.23684,0.30884,0.31538
crops/836_13.jpg,836,836_jpg.rf.35d532918b76ab39b6d6621a99a8f6b0.jpg,,5,0,advanced,advanced,0.4659,0.02872,0.17776,0.32766,0.46586
crops/836_14.jpg,836,836_jpg.rf.35d532918b76ab39b6d6621a99a8f6b0.jpg,,3,0,moderate,moderate,0.7019,0.00298,0.0077,0.70186,0.28746
crops/836_15.jpg,836,836_jpg.rf.35d532918b76ab39b6d6621a99a8f6b0.jpg,,4,0,moderate,advanced,0.8471,0.00585,0.05233,0.09477,0.84705
crops/843_0.jpg,843,843_jpg.rf.3bc39b12bee88f46444acded02949e2c.jpg,,1,0,mild,no_caries,0.5523,0.55226,0.03116,0.40024,0.01634
crops/843_1.jpg,843,843_jpg.rf.3bc39b12bee88f46444acded02949e2c.jpg,,1,0,mild,no_caries,0.5539,0.55388,0.16446,0.24932,0.03234
crops/843_2.jpg,843,843_jpg.rf.3bc39b12bee88f46444acded02949e2c.jpg,,3,0,moderate,advanced,0.8418,0.01232,0.05448,0.09144,0.84176
crops/843_3.jpg,843,843_jpg.rf.3bc39b12bee88f46444acded02949e2c.jpg,,3,0,moderate,moderate,0.9077,0.00268,0.05208,0.90768,0.03756
crops/843_4.jpg,843,843_jpg.rf.3bc39b12bee88f46444acded02949e2c.jpg,,3,0,moderate,advanced,0.8652,0.00665,0.00702,0.12109,0.86524
crops/843_5.jpg,843,843_jpg.rf.3bc39b12bee88f46444acded02949e2c.jpg,,1,0,mild,no_caries,0.5203,0.52028,0.30478,0.09181,0.08313
crops/843_6.jpg,843,843_jpg.rf.3bc39b12bee88f46444acded02949e2c.jpg,,0,0,no_caries,no_caries,0.5929,0.59293,0.13303,0.24723,0.02681
crops/843_7.jpg,843,843_jpg.rf.3bc39b12bee88f46444acded02949e2c.jpg,,1,0,mild,no_caries,0.6182,0.61816,0.24323,0.09738,0.04123
crops/843_8.jpg,843,843_jpg.rf.3bc39b12bee88f46444acded02949e2c.jpg,,1,0,mild,no_caries,0.6797,0.67968,0.20367,0.08366,0.03299
crops/843_9.jpg,843,843_jpg.rf.3bc39b12bee88f46444acded02949e2c.jpg,,0,0,no_caries,no_caries,0.7785,0.77851,0.11104,0.06271,0.04774
crops/843_10.jpg,843,843_jpg.rf.3bc39b12bee88f46444acded02949e2c.jpg,,3,0,moderate,advanced,0.949,0.00831,0.00838,0.03432,0.94899
crops/843_11.jpg,843,843_jpg.rf.3bc39b12bee88f46444acded02949e2c.jpg,,3,0,moderate,moderate,0.745,0.09117,0.14872,0.74505,0.01506
crops/843_12.jpg,843,843_jpg.rf.3bc39b12bee88f46444acded02949e2c.jpg,,2,0,mild,moderate,0.8809,0.05824,0.03848,0.88088,0.02241
crops/884_0.jpg,884,884_jpg.rf.97cfa7df8fc658919509e74afdfc2c8b.jpg,,5,0,advanced,moderate,0.6798,0.02091,0.03879,0.67982,0.26049
crops/884_1.jpg,884,884_jpg.rf.97cfa7df8fc658919509e74afdfc2c8b.jpg,,3,0,moderate,moderate,0.9897,0.00374,0.00584,0.98966,0.00075
crops/884_2.jpg,884,884_jpg.rf.97cfa7df8fc658919509e74afdfc2c8b.jpg,,3,0,moderate,moderate,0.9726,0.00124,0.01045,0.97263,0.01568
crops/884_3.jpg,884,884_jpg.rf.97cfa7df8fc658919509e74afdfc2c8b.jpg,,4,0,moderate,advanced,0.7905,0.00407,0.06341,0.14199,0.79054
crops/884_4.jpg,884,884_jpg.rf.97cfa7df8fc658919509e74afdfc2c8b.jpg,,3,0,moderate,advanced,0.524,0.01739,0.38773,0.07084,0.52404
crops/884_5.jpg,884,884_jpg.rf.97cfa7df8fc658919509e74afdfc2c8b.jpg,,3,0,moderate,advanced,0.6109,0.00197,0.0823,0.30486,0.61087
crops/884_6.jpg,884,884_jpg.rf.97cfa7df8fc658919509e74afdfc2c8b.jpg,,3,0,moderate,mild,0.956,0.00144,0.95599,0.03072,0.01185
crops/884_7.jpg,884,884_jpg.rf.97cfa7df8fc658919509e74afdfc2c8b.jpg,,2,0,mild,mild,0.8055,0.04232,0.80547,0.06716,0.08506
crops/884_8.jpg,884,884_jpg.rf.97cfa7df8fc658919509e74afdfc2c8b.jpg,,2,0,mild,mild,0.523,0.00042,0.52298,0.4589,0.01771
crops/884_9.jpg,884,884_jpg.rf.97cfa7df8fc658919509e74afdfc2c8b.jpg,,2,0,mild,mild,0.8414,0.01548,0.84137,0.10226,0.04089
crops/884_10.jpg,884,884_jpg.rf.97cfa7df8fc658919509e74afdfc2c8b.jpg,,2,0,mild,mild,0.7771,0.04554,0.7771,0.16285,0.01451
crops/965_0.jpg,965,965_jpg.rf.b3f046529d625affd5f6ca1a068ff420.jpg,,0,0,no_caries,mild,0.9258,0.04238,0.92582,0.01907,0.01273
crops/965_1.jpg,965,965_jpg.rf.b3f046529d625affd5f6ca1a068ff420.jpg,,0,0,no_caries,mild,0.8488,0.04602,0.84878,0.06968,0.03552
crops/965_2.jpg,965,965_jpg.rf.b3f046529d625affd5f6ca1a068ff420.jpg,,3,0,moderate,mild,0.7978,0.08633,0.79783,0.02288,0.09296
crops/965_3.jpg,965,965_jpg.rf.b3f046529d625affd5f6ca1a068ff420.jpg,,5,0,advanced,advanced,0.5566,0.01764,0.24108,0.18465,0.55664
crops/965_4.jpg,965,965_jpg.rf.b3f046529d625affd5f6ca1a068ff420.jpg,,0,0,no_caries,mild,0.8381,0.05307,0.83811,0.0443,0.06452
crops/965_5.jpg,965,965_jpg.rf.b3f046529d625affd5f6ca1a068ff420.jpg,,5,0,advanced,advanced,0.9673,0.00789,0.00962,0.01519,0.9673
crops/965_6.jpg,965,965_jpg.rf.b3f046529d625affd5f6ca1a068ff420.jpg,,5,0,advanced,advanced,0.9427,0.01158,0.01073,0.03504,0.94265
crops/965_7.jpg,965,965_jpg.rf.b3f046529d625affd5f6ca1a068ff420.jpg,,5,0,advanced,advanced,0.912,0.02247,0.03628,0.02928,0.91198
crops/965_8.jpg,965,965_jpg.rf.b3f046529d625affd5f6ca1a068ff420.jpg,,5,0,advanced,advanced,0.9799,0.0052,0.00971,0.00524,0.97986
crops/965_9.jpg,965,965_jpg.rf.b3f046529d625affd5f6ca1a068ff420.jpg,,1,0,mild,mild,0.5746,0.31203,0.57464,0.07902,0.03431
crops/965_10.jpg,965,965_jpg.rf.b3f046529d625affd5f6ca1a068ff420.jpg,,5,0,advanced,advanced,0.9543,0.01052,0.01194,0.02327,0.95427
crops/967_0.jpg,967,967_jpg.rf.384a00b2ea5c10d5ce386e3830e2c327.jpg,,5,0,advanced,no_caries,0.411,0.41101,0.16477,0.33391,0.09031
crops/967_1.jpg,967,967_jpg.rf.384a00b2ea5c10d5ce386e3830e2c327.jpg,,5,0,advanced,no_caries,0.4237,0.42369,0.30855,0.14311,0.12464
crops/967_2.jpg,967,967_jpg.rf.384a00b2ea5c10d5ce386e3830e2c327.jpg,,0,0,no_caries,no_caries,0.5433,0.54333,0.18733,0.19685,0.07249
crops/967_3.jpg,967,967_jpg.rf.384a00b2ea5c10d5ce386e3830e2c327.jpg,,0,0,no_caries,no_caries,0.4829,0.48287,0.4183,0.02871,0.07013
crops/967_4.jpg,967,967_jpg.rf.384a00b2ea5c10d5ce386e3830e2c327.jpg,,0,0,no_caries,no_caries,0.8491,0.84905,0.11308,0.0126,0.02527
crops/967_5.jpg,967,967_jpg.rf.384a00b2ea5c10d5ce386e3830e2c327.jpg,,0,0,no_caries,no_caries,0.8149,0.81488,0.11916,0.02489,0.04108
crops/967_6.jpg,967,967_jpg.rf.384a00b2ea5c10d5ce386e3830e2c327.jpg,,0,0,no_caries,no_caries,0.7679,0.76795,0.0847,0.06977,0.07759
crops/967_7.jpg,967,967_jpg.rf.384a00b2ea5c10d5ce386e3830e2c327.jpg,,0,0,no_caries,no_caries,0.7829,0.78294,0.10529,0.04033,0.07145
crops/967_8.jpg,967,967_jpg.rf.384a00b2ea5c10d5ce386e3830e2c327.jpg,,0,0,no_caries,no_caries,0.9056,0.90557,0.04652,0.02035,0.02756
crops/967_9.jpg,967,967_jpg.rf.384a00b2ea5c10d5ce386e3830e2c327.jpg,,0,0,no_caries,no_caries,0.8601,0.86015,0.08485,0.01453,0.04047
crops/967_10.jpg,967,967_jpg.rf.384a00b2ea5c10d5ce386e3830e2c327.jpg,,3,0,moderate,no_caries,0.5035,0.50355,0.39209,0.08338,0.02098
crops/967_11.jpg,967,967_jpg.rf.384a00b2ea5c10d5ce386e3830e2c327.jpg,,2,0,mild,mild,0.4052,0.18679,0.40517,0.35366,0.05439
crops/967_12.jpg,967,967_jpg.rf.384a00b2ea5c10d5ce386e3830e2c327.jpg,,1,0,mild,mild,0.4255,0.16405,0.42546,0.29144,0.11905
crops/967_13.jpg,967,967_jpg.rf.384a00b2ea5c10d5ce386e3830e2c327.jpg,,3,0,moderate,mild,0.4548,0.18566,0.4548,0.3142,0.04534
crops/971_0.jpg,971,971_jpg.rf.0af43d8d3db51f862059d0c024618e1d.jpg,,3,0,moderate,advanced,0.3458,0.01621,0.31631,0.32166,0.34582
crops/971_1.jpg,971,971_jpg.rf.0af43d8d3db51f862059d0c024618e1d.jpg,,3,0,moderate,mild,0.5106,0.02928,0.51064,0.37952,0.08056
crops/971_2.jpg,971,971_jpg.rf.0af43d8d3db51f862059d0c024618e1d.jpg,,5,0,advanced,mild,0.4398,0.12505,0.43981,0.01921,0.41592
crops/971_3.jpg,971,971_jpg.rf.0af43d8d3db51f862059d0c024618e1d.jpg,,5,0,advanced,advanced,0.7151,0.01288,0.26808,0.00392,0.71512
crops/971_4.jpg,971,971_jpg.rf.0af43d8d3db51f862059d0c024618e1d.jpg,,0,0,no_caries,no_caries,0.8129,0.81291,0.09381,0.02695,0.06633
crops/971_5.jpg,971,971_jpg.rf.0af43d8d3db51f862059d0c024618e1d.jpg,,0,0,no_caries,no_caries,0.848,0.84802,0.05528,0.03843,0.05827
crops/971_6.jpg,971,971_jpg.rf.0af43d8d3db51f862059d0c024618e1d.jpg,,0,0,no_caries,no_caries,0.8152,0.8152,0.06904,0.05772,0.05804
crops/971_7.jpg,971,971_jpg.rf.0af43d8d3db51f862059d0c024618e1d.jpg,,0,0,no_caries,no_caries,0.6032,0.60316,0.12505,0.19542,0.07637
crops/971_8.jpg,971,971_jpg.rf.0af43d8d3db51f862059d0c024618e1d.jpg,,0,0,no_caries,no_caries,0.8394,0.83941,0.12422,0.00796,0.02841
crops/971_9.jpg,971,971_jpg.rf.0af43d8d3db51f862059d0c024618e1d.jpg,,0,0,no_caries,no_caries,0.6898,0.68981,0.18528,0.03685,0.08806
crops/971_10.jpg,971,971_jpg.rf.0af43d8d3db51f862059d0c024618e1d.jpg,,0,0,no_caries,no_caries,0.6845,0.68447,0.08979,0.12168,0.10407
crops/971_11.jpg,971,971_jpg.rf.0af43d8d3db51f862059d0c024618e1d.jpg,,0,0,no_caries,no_caries,0.7121,0.71206,0.13885,0.06814,0.08095
crops/971_12.jpg,971,971_jpg.rf.0af43d8d3db51f862059d0c024618e1d.jpg,,1,0,mild,no_caries,0.7564,0.75642,0.17419,0.02455,0.04484
crops/987_0.jpg,987,987_jpg.rf.ac6e59819041831c65d09d816d1fcf9d.jpg,,5,0,advanced,moderate,0.5792,0.0064,0.01428,0.57925,0.40007
crops/987_1.jpg,987,987_jpg.rf.ac6e59819041831c65d09d816d1fcf9d.jpg,,4,0,moderate,moderate,0.7811,0.01381,0.19657,0.78114,0.00847
crops/987_2.jpg,987,987_jpg.rf.ac6e59819041831c65d09d816d1fcf9d.jpg,,3,0,moderate,moderate,0.9213,0.00478,0.07008,0.92126,0.00388
crops/987_3.jpg,987,987_jpg.rf.ac6e59819041831c65d09d816d1fcf9d.jpg,,3,0,moderate,moderate,0.9002,0.00825,0.07863,0.90022,0.01289
crops/987_4.jpg,987,987_jpg.rf.ac6e59819041831c65d09d816d1fcf9d.jpg,,2,0,mild,no_caries,0.3747,0.37473,0.37285,0.1052,0.14722
crops/987_5.jpg,987,987_jpg.rf.ac6e59819041831c65d09d816d1fcf9d.jpg,,4,0,moderate,moderate,0.8031,0.01229,0.15403,0.80307,0.0306
crops/987_6.jpg,987,987_jpg.rf.ac6e59819041831c65d09d816d1fcf9d.jpg,,0,0,no_caries,no_caries,0.4489,0.44892,0.38857,0.06464,0.09787
crops/987_7.jpg,987,987_jpg.rf.ac6e59819041831c65d09d816d1fcf9d.jpg,,0,0,no_caries,no_caries,0.7335,0.73351,0.06854,0.13525,0.06269
crops/hibogi_ai_00914_png_0.jpg,hibogi_ai_00914_png,HIBOGI_AI_00914_png_jpg.rf.fa2516ee7f6bd6e563a576e3158f875b.jpg,,0,0,no_caries,no_caries,0.827,0.82705,0.06569,0.04753,0.05973
crops/hibogi_ai_00914_png_1.jpg,hibogi_ai_00914_png,HIBOGI_AI_00914_png_jpg.rf.fa2516ee7f6bd6e563a576e3158f875b.jpg,,0,0,no_caries,no_caries,0.7526,0.75257,0.02997,0.08471,0.13275
crops/hibogi_ai_00914_png_2.jpg,hibogi_ai_00914_png,HIBOGI_AI_00914_png_jpg.rf.fa2516ee7f6bd6e563a576e3158f875b.jpg,,0,0,no_caries,no_caries,0.7676,0.76759,0.05029,0.07649,0.10564
crops/hibogi_ai_00914_png_3.jpg,hibogi_ai_00914_png,HIBOGI_AI_00914_png_jpg.rf.fa2516ee7f6bd6e563a576e3158f875b.jpg,,0,0,no_caries,no_caries,0.7994,0.79936,0.09158,0.06518,0.04388
crops/hibogi_ai_00914_png_4.jpg,hibogi_ai_00914_png,HIBOGI_AI_00914_png_jpg.rf.fa2516ee7f6bd6e563a576e3158f875b.jpg,,0,0,no_caries,no_caries,0.7226,0.72263,0.16648,0.04,0.07089
crops/hibogi_ai_00914_png_5.jpg,hibogi_ai_00914_png,HIBOGI_AI_00914_png_jpg.rf.fa2516ee7f6bd6e563a576e3158f875b.jpg,,3,0,moderate,moderate,0.9964,0.00171,0.00043,0.99637,0.00149
crops/hibogi_ai_00914_png_6.jpg,hibogi_ai_00914_png,HIBOGI_AI_00914_png_jpg.rf.fa2516ee7f6bd6e563a576e3158f875b.jpg,,3,0,moderate,advanced,0.3647,0.34092,0.10811,0.18626,0.36472
crops/hibogi_ai_00914_png_7.jpg,hibogi_ai_00914_png,HIBOGI_AI_00914_png_jpg.rf.fa2516ee7f6bd6e563a576e3158f875b.jpg,,0,0,no_caries,no_caries,0.82,0.82004,0.01687,0.10301,0.06008
crops/hibogi_ai_00930_png_0.jpg,hibogi_ai_00930_png,HIBOGI_AI_00930_png_jpg.rf.5411e35f49098ef62ab8249eff88479e.jpg,,0,0,no_caries,no_caries,0.7538,0.75378,0.06584,0.11263,0.06776
crops/hibogi_ai_00930_png_1.jpg,hibogi_ai_00930_png,HIBOGI_AI_00930_png_jpg.rf.5411e35f49098ef62ab8249eff88479e.jpg,,0,0,no_caries,no_caries,0.6309,0.63094,0.19253,0.11829,0.05824
crops/hibogi_ai_00930_png_2.jpg,hibogi_ai_00930_png,HIBOGI_AI_00930_png_jpg.rf.5411e35f49098ef62ab8249eff88479e.jpg,,6,0,advanced,mild,0.5539,0.05474,0.55389,0.02153,0.36985
crops/hibogi_ai_00930_png_3.jpg,hibogi_ai_00930_png,HIBOGI_AI_00930_png_jpg.rf.5411e35f49098ef62ab8249eff88479e.jpg,,6,0,advanced,no_caries,0.6964,0.69639,0.04304,0.15007,0.1105
crops/hibogi_ai_00930_png_4.jpg,hibogi_ai_00930_png,HIBOGI_AI_00930_png_jpg.rf.5411e35f49098ef62ab8249eff88479e.jpg,,2,0,mild,no_caries,0.4407,0.44066,0.09998,0.41638,0.04298
crops/hibogi_ai_00930_png_5.jpg,hibogi_ai_00930_png,HIBOGI_AI_00930_png_jpg.rf.5411e35f49098ef62ab8249eff88479e.jpg,,0,0,no_caries,no_caries,0.7955,0.79546,0.02967,0.14354,0.03133
crops/hibogi_ai_00930_png_6.jpg,hibogi_ai_00930_png,HIBOGI_AI_00930_png_jpg.rf.5411e35f49098ef62ab8249eff88479e.jpg,,0,0,no_caries,no_caries,0.6778,0.67777,0.17009,0.09142,0.06072
crops/hibogi_ai_00930_png_7.jpg,hibogi_ai_00930_png,HIBOGI_AI_00930_png_jpg.rf.5411e35f49098ef62ab8249eff88479e.jpg,,0,0,no_caries,mild,0.5609,0.36052,0.56088,0.03774,0.04087
crops/hibogi_ai_00930_png_8.jpg,hibogi_ai_00930_png,HIBOGI_AI_00930_png_jpg.rf.5411e35f49098ef62ab8249eff88479e.jpg,,0,0,no_caries,no_caries,0.7572,0.75719,0.05166,0.17479,0.01636
crops/hibogi_ai_00930_png_9.jpg,hibogi_ai_00930_png,HIBOGI_AI_00930_png_jpg.rf.5411e35f49098ef62ab8249eff88479e.jpg,,6,0,advanced,no_caries,0.4965,0.4965,0.06155,0.18775,0.2542
crops/hibogi_ai_00948_png_0.jpg,hibogi_ai_00948_png,HIBOGI_AI_00948_png_jpg.rf.f91001f033007530be1ad1b1bb6da66f.jpg,,5,0,advanced,mild,0.4228,0.16165,0.42277,0.37655,0.03904
crops/hibogi_ai_00948_png_1.jpg,hibogi_ai_00948_png,HIBOGI_AI_00948_png_jpg.rf.f91001f033007530be1ad1b1bb6da66f.jpg,,0,0,no_caries,no_caries,0.7875,0.78749,0.06759,0.07969,0.06524
crops/hibogi_ai_00948_png_2.jpg,hibogi_ai_00948_png,HIBOGI_AI_00948_png_jpg.rf.f91001f033007530be1ad1b1bb6da66f.jpg,,0,0,no_caries,no_caries,0.8312,0.83118,0.06177,0.04506,0.06199
crops/hibogi_ai_00948_png_3.jpg,hibogi_ai_00948_png,HIBOGI_AI_00948_png_jpg.rf.f91001f033007530be1ad1b1bb6da66f.jpg,,0,0,no_caries,no_caries,0.8105,0.81051,0.05638,0.04751,0.08561
crops/hibogi_ai_00948_png_4.jpg,hibogi_ai_00948_png,HIBOGI_AI_00948_png_jpg.rf.f91001f033007530be1ad1b1bb6da66f.jpg,,0,0,no_caries,no_caries,0.8398,0.8398,0.04323,0.05612,0.06085
crops/hibogi_ai_00948_png_5.jpg,hibogi_ai_00948_png,HIBOGI_AI_00948_png_jpg.rf.f91001f033007530be1ad1b1bb6da66f.jpg,,0,0,no_caries,no_caries,0.9203,0.92032,0.04542,0.01452,0.01975
crops/hibogi_ai_00948_png_6.jpg,hibogi_ai_00948_png,HIBOGI_AI_00948_png_jpg.rf.f91001f033007530be1ad1b1bb6da66f.jpg,,0,0,no_caries,no_caries,0.7808,0.78076,0.05638,0.09441,0.06845
crops/hibogi_ai_00948_png_7.jpg,hibogi_ai_00948_png,HIBOGI_AI_00948_png_jpg.rf.f91001f033007530be1ad1b1bb6da66f.jpg,,0,0,no_caries,no_caries,0.8161,0.8161,0.12025,0.03244,0.03122
crops/hibogi_ai_00948_png_8.jpg,hibogi_ai_00948_png,HIBOGI_AI_00948_png_jpg.rf.f91001f033007530be1ad1b1bb6da66f.jpg,,0,0,no_caries,no_caries,0.8591,0.85907,0.07424,0.03277,0.03392
crops/hibogi_ai_00948_png_9.jpg,hibogi_ai_00948_png,HIBOGI_AI_00948_png_jpg.rf.f91001f033007530be1ad1b1bb6da66f.jpg,,0,0,no_caries,no_caries,0.6773,0.67727,0.23798,0.03687,0.04788
crops/hibogi_ai_00948_png_10.jpg,hibogi_ai_00948_png,HIBOGI_AI_00948_png_jpg.rf.f91001f033007530be1ad1b1bb6da66f.jpg,,0,0,no_caries,no_caries,0.784,0.78396,0.09071,0.07025,0.05508
crops/hibogi_ai_00948_png_11.jpg,hibogi_ai_00948_png,HIBOGI_AI_00948_png_jpg.rf.f91001f033007530be1ad1b1bb6da66f.jpg,,0,0,no_caries,no_caries,0.7195,0.71951,0.18304,0.03433,0.06311
crops/hibogi_ai_01071_png_0.jpg,hibogi_ai_01071_png,HIBOGI_AI_01071_png_jpg.rf.f3521fa143d740d27c0a1565c73edf4b.jpg,,0,0,no_caries,no_caries,0.9062,0.90621,0.02985,0.03198,0.03197
crops/hibogi_ai_01071_png_1.jpg,hibogi_ai_01071_png,HIBOGI_AI_01071_png_jpg.rf.f3521fa143d740d27c0a1565c73edf4b.jpg,,0,0,no_caries,no_caries,0.9262,0.92625,0.01575,0.0352,0.0228
crops/hibogi_ai_01071_png_2.jpg,hibogi_ai_01071_png,HIBOGI_AI_01071_png_jpg.rf.f3521fa143d740d27c0a1565c73edf4b.jpg,,0,0,no_caries,no_caries,0.8874,0.88741,0.04185,0.03565,0.0351
crops/hibogi_ai_01071_png_3.jpg,hibogi_ai_01071_png,HIBOGI_AI_01071_png_jpg.rf.f3521fa143d740d27c0a1565c73edf4b.jpg,,0,0,no_caries,no_caries,0.8346,0.83461,0.05347,0.0715,0.04042
crops/hibogi_ai_01071_png_4.jpg,hibogi_ai_01071_png,HIBOGI_AI_01071_png_jpg.rf.f3521fa143d740d27c0a1565c73edf4b.jpg,,0,0,no_caries,no_caries,0.7231,0.72308,0.13297,0.06851,0.07543
crops/hibogi_ai_01071_png_5.jpg,hibogi_ai_01071_png,HIBOGI_AI_01071_png_jpg.rf.f3521fa143d740d27c0a1565c73edf4b.jpg,,0,0,no_caries,no_caries,0.8617,0.86174,0.02681,0.06597,0.04547
crops/hibogi_ai_01071_png_6.jpg,hibogi_ai_01071_png,HIBOGI_AI_01071_png_jpg.rf.f3521fa143d740d27c0a1565c73edf4b.jpg,,0,0,no_caries,no_caries,0.8577,0.85767,0.02793,0.04561,0.06879
crops/hibogi_ai_01071_png_7.jpg,hibogi_ai_01071_png,HIBOGI_AI_01071_png_jpg.rf.f3521fa143d740d27c0a1565c73edf4b.jpg,,0,0,no_caries,mild,0.2598,0.24892,0.25984,0.24026,0.25097
crops/hibogi_ai_01071_png_8.jpg,hibogi_ai_01071_png,HIBOGI_AI_01071_png_jpg.rf.f3521fa143d740d27c0a1565c73edf4b.jpg,,0,0,no_caries,no_caries,0.7962,0.79617,0.02686,0.12565,0.05132
crops/hibogi_ai_01071_png_9.jpg,hibogi_ai_01071_png,HIBOGI_AI_01071_png_jpg.rf.f3521fa143d740d27c0a1565c73edf4b.jpg,,0,0,no_caries,no_caries,0.7336,0.7336,0.07157,0.14984,0.045
crops/hibogi_ai_01077_png_0.jpg,hibogi_ai_01077_png,HIBOGI_AI_01077_png_jpg.rf.43ce54577d952edf53dc5eda3535132a.jpg,,0,0,no_caries,no_caries,0.6863,0.68634,0.17558,0.06743,0.07065
crops/hibogi_ai_01077_png_1.jpg,hibogi_ai_01077_png,HIBOGI_AI_01077_png_jpg.rf.43ce54577d952edf53dc5eda3535132a.jpg,,0,0,no_caries,no_caries,0.7031,0.70314,0.16242,0.08253,0.05191
crops/hibogi_ai_01077_png_2.jpg,hibogi_ai_01077_png,HIBOGI_AI_01077_png_jpg.rf.43ce54577d952edf53dc5eda3535132a.jpg,,0,0,no_caries,mild,0.5853,0.31356,0.58529,0.08866,0.01249
crops/hibogi_ai_01077_png_3.jpg,hibogi_ai_01077_png,HIBOGI_AI_01077_png_jpg.rf.43ce54577d952edf53dc5eda3535132a.jpg,,5,0,advanced,advanced,0.9106,0.00413,0.0048,0.08047,0.9106
crops/hibogi_ai_01077_png_4.jpg,hibogi_ai_01077_png,HIBOGI_AI_01077_png_jpg.rf.43ce54577d952edf53dc5eda3535132a.jpg,,0,0,no_caries,no_caries,0.7028,0.70279,0.13652,0.09104,0.06965
crops/hibogi_ai_01077_png_5.jpg,hibogi_ai_01077_png,HIBOGI_AI_01077_png_jpg.rf.43ce54577d952edf53dc5eda3535132a.jpg,,0,0,no_caries,moderate,0.8408,0.03529,0.06603,0.84078,0.05791
crops/hibogi_ai_01077_png_6.jpg,hibogi_ai_01077_png,HIBOGI_AI_01077_png_jpg.rf.43ce54577d952edf53dc5eda3535132a.jpg,,0,0,no_caries,no_caries,0.7189,0.71891,0.08365,0.08004,0.1174
crops/hibogi_ai_01077_png_7.jpg,hibogi_ai_01077_png,HIBOGI_AI_01077_png_jpg.rf.43ce54577d952edf53dc5eda3535132a.jpg,,0,0,no_caries,no_caries,0.7127,0.71265,0.14538,0.09707,0.04489
crops/hibogi_ai_01077_png_8.jpg,hibogi_ai_01077_png,HIBOGI_AI_01077_png_jpg.rf.43ce54577d952edf53dc5eda3535132a.jpg,,0,0,no_caries,no_caries,0.5933,0.59335,0.20018,0.12785,0.07863
crops/hibogi_ai_01077_png_9.jpg,hibogi_ai_01077_png,HIBOGI_AI_01077_png_jpg.rf.43ce54577d952edf53dc5eda3535132a.jpg,,0,0,no_caries,no_caries,0.6969,0.69688,0.19867,0.05808,0.04638
crops/hibogi_ai_01077_png_10.jpg,hibogi_ai_01077_png,HIBOGI_AI_01077_png_jpg.rf.43ce54577d952edf53dc5eda3535132a.jpg,,0,0,no_caries,no_caries,0.8004,0.80042,0.10134,0.06512,0.03312
crops/hibogi_ai_01077_png_11.jpg,hibogi_ai_01077_png,HIBOGI_AI_01077_png_jpg.rf.43ce54577d952edf53dc5eda3535132a.jpg,,0,0,no_caries,no_caries,0.8437,0.8437,0.06492,0.06034,0.03104
crops/hibogi_ai_01077_png_12.jpg,hibogi_ai_01077_png,HIBOGI_AI_01077_png_jpg.rf.43ce54577d952edf53dc5eda3535132a.jpg,,0,0,no_caries,no_caries,0.8978,0.89775,0.05175,0.02428,0.02622
crops/hibogi_ai_01077_png_13.jpg,hibogi_ai_01077_png,HIBOGI_AI_01077_png_jpg.rf.43ce54577d952edf53dc5eda3535132a.jpg,,0,0,no_caries,no_caries,0.5982,0.59822,0.21893,0.13736,0.0455
crops/hibogi_ai_01077_png_14.jpg,hibogi_ai_01077_png,HIBOGI_AI_01077_png_jpg.rf.43ce54577d952edf53dc5eda3535132a.jpg,,0,0,no_caries,no_caries,0.7348,0.73477,0.1137,0.12021,0.03132
crops/hibogi_ai_01077_png_15.jpg,hibogi_ai_01077_png,HIBOGI_AI_01077_png_jpg.rf.43ce54577d952edf53dc5eda3535132a.jpg,,1,0,mild,no_caries,0.5491,0.54912,0.18047,0.22891,0.0415
crops/hibogi_ai_01097_0.jpg,hibogi_ai_01097,HIBOGI_AI_01097_jpg.rf.1cbb4ed30fd1b5ef931e4b48e1d066c1.jpg,,6,0,advanced,advanced,0.9484,0.01358,0.01695,0.0211,0.94837
crops/hibogi_ai_01097_1.jpg,hibogi_ai_01097,HIBOGI_AI_01097_jpg.rf.1cbb4ed30fd1b5ef931e4b48e1d066c1.jpg,,5,0,advanced,mild,0.5701,0.23783,0.57006,0.13444,0.05767
crops/hibogi_ai_01097_2.jpg,hibogi_ai_01097,HIBOGI_AI_01097_jpg.rf.1cbb4ed30fd1b5ef931e4b48e1d066c1.jpg,,0,0,no_caries,no_caries,0.7497,0.74966,0.15103,0.0474,0.0519
crops/hibogi_ai_01097_3.jpg,hibogi_ai_01097,HIBOGI_AI_01097_jpg.rf.1cbb4ed30fd1b5ef931e4b48e1d066c1.jpg,,0,0,no_caries,no_caries,0.8434,0.84345,0.05383,0.06862,0.03409
crops/hibogi_ai_01097_4.jpg,hibogi_ai_01097,HIBOGI_AI_01097_jpg.rf.1cbb4ed30fd1b5ef931e4b48e1d066c1.jpg,,0,0,no_caries,no_caries,0.8175,0.81755,0.05939,0.07816,0.0449
crops/hibogi_ai_01097_5.jpg,hibogi_ai_01097,HIBOGI_AI_01097_jpg.rf.1cbb4ed30fd1b5ef931e4b48e1d066c1.jpg,,0,0,no_caries,no_caries,0.6632,0.66323,0.20742,0.04142,0.08793
crops/hibogi_ai_01097_6.jpg,hibogi_ai_01097,HIBOGI_AI_01097_jpg.rf.1cbb4ed30fd1b5ef931e4b48e1d066c1.jpg,,0,0,no_caries,mild,0.7592,0.17418,0.75917,0.03382,0.03284
crops/hibogi_ai_01097_7.jpg,hibogi_ai_01097,HIBOGI_AI_01097_jpg.rf.1cbb4ed30fd1b5ef931e4b48e1d066c1.jpg,,0,0,no_caries,mild,0.4598,0.42399,0.45978,0.04695,0.06929
crops/hibogi_ai_01097_8.jpg,hibogi_ai_01097,HIBOGI_AI_01097_jpg.rf.1cbb4ed30fd1b5ef931e4b48e1d066c1.jpg,,0,0,no_caries,no_caries,0.7757,0.77566,0.07749,0.09217,0.05468
crops/hibogi_ai_01097_9.jpg,hibogi_ai_01097,HIBOGI_AI_01097_jpg.rf.1cbb4ed30fd1b5ef931e4b48e1d066c1.jpg,,0,0,no_caries,no_caries,0.8186,0.81863,0.08465,0.04338,0.05334
crops/hibogi_ai_01097_10.jpg,hibogi_ai_01097,HIBOGI_AI_01097_jpg.rf.1cbb4ed30fd1b5ef931e4b48e1d066c1.jpg,,0,0,no_caries,no_caries,0.6799,0.67991,0.193,0.072,0.05509
crops/hibogi_ai_01097_11.jpg,hibogi_ai_01097,HIBOGI_AI_01097_jpg.rf.1cbb4ed30fd1b5ef931e4b48e1d066c1.jpg,,0,0,no_caries,no_caries,0.5609,0.56091,0.28871,0.0565,0.09388
crops/hibogi_ai_01097_12.jpg,hibogi_ai_01097,HIBOGI_AI_01097_jpg.rf.1cbb4ed30fd1b5ef931e4b48e1d066c1.jpg,,0,0,no_caries,mild,0.7872,0.15954,0.78722,0.02338,0.02986
crops/hibogi_ai_01097_13.jpg,hibogi_ai_01097,HIBOGI_AI_01097_jpg.rf.1cbb4ed30fd1b5ef931e4b48e1d066c1.jpg,,0,0,no_caries,no_caries,0.5553,0.55533,0.23769,0.12442,0.08255
crops/hibogi_ai_01145_png_0.jpg,hibogi_ai_01145_png,HIBOGI_AI_01145_png_jpg.rf.132c6d6fc197a559691aa8d8ec683f1e.jpg,,0,0,no_caries,no_caries,0.7033,0.70327,0.14827,0.11863,0.02983
crops/hibogi_ai_01145_png_1.jpg,hibogi_ai_01145_png,HIBOGI_AI_01145_png_jpg.rf.132c6d6fc197a559691aa8d8ec683f1e.jpg,,0,0,no_caries,no_caries,0.7687,0.76872,0.10229,0.09833,0.03066
crops/hibogi_ai_01145_png_2.jpg,hibogi_ai_01145_png,HIBOGI_AI_01145_png_jpg.rf.132c6d6fc197a559691aa8d8ec683f1e.jpg,,3,0,moderate,moderate,0.5428,0.02017,0.36581,0.5428,0.07121
crops/hibogi_ai_01145_png_3.jpg,hibogi_ai_01145_png,HIBOGI_AI_01145_png_jpg.rf.132c6d6fc197a559691aa8d8ec683f1e.jpg,,0,0,no_caries,no_caries,0.6943,0.69426,0.19693,0.08914,0.01967
crops/hibogi_ai_01145_png_4.jpg,hibogi_ai_01145_png,HIBOGI_AI_01145_png_jpg.rf.132c6d6fc197a559691aa8d8ec683f1e.jpg,,3,0,moderate,moderate,0.6251,0.10288,0.24675,0.62515,0.02523
crops/hibogi_ai_01145_png_5.jpg,hibogi_ai_01145_png,HIBOGI_AI_01145_png_jpg.rf.132c6d6fc197a559691aa8d8ec683f1e.jpg,,6,0,advanced,advanced,0.8903,0.01432,0.02293,0.07246,0.89029
crops/hibogi_ai_01369_png_0.jpg,hibogi_ai_01369_png,HIBOGI_AI_01369_png_jpg.rf.a16e7b7b3af35c3b66498a61bd9d1edb.jpg,,0,0,no_caries,mild,0.567,0.31849,0.56701,0.06062,0.05388
crops/hibogi_ai_01369_png_1.jpg,hibogi_ai_01369_png,HIBOGI_AI_01369_png_jpg.rf.a16e7b7b3af35c3b66498a61bd9d1edb.jpg,,0,0,no_caries,no_caries,0.5854,0.5854,0.25904,0.09119,0.06437
crops/hibogi_ai_01369_png_2.jpg,hibogi_ai_01369_png,HIBOGI_AI_01369_png_jpg.rf.a16e7b7b3af35c3b66498a61bd9d1edb.jpg,,0,0,no_caries,no_caries,0.6887,0.68872,0.1957,0.04566,0.06992
crops/hibogi_ai_01369_png_3.jpg,hibogi_ai_01369_png,HIBOGI_AI_01369_png_jpg.rf.a16e7b7b3af35c3b66498a61bd9d1edb.jpg,,0,0,no_caries,no_caries,0.8282,0.82821,0.08272,0.02837,0.0607
crops/hibogi_ai_01369_png_4.jpg,hibogi_ai_01369_png,HIBOGI_AI_01369_png_jpg.rf.a16e7b7b3af35c3b66498a61bd9d1edb.jpg,,0,0,no_caries,no_caries,0.882,0.88205,0.05426,0.03278,0.0309
crops/hibogi_ai_01369_png_5.jpg,hibogi_ai_01369_png,HIBOGI_AI_01369_png_jpg.rf.a16e7b7b3af35c3b66498a61bd9d1edb.jpg,,0,0,no_caries,no_caries,0.3436,0.34363,0.14021,0.24991,0.26625
crops/hibogi_ai_01369_png_6.jpg,hibogi_ai_01369_png,HIBOGI_AI_01369_png_jpg.rf.a16e7b7b3af35c3b66498a61bd9d1edb.jpg,,6,0,advanced,advanced,0.9693,0.00759,0.00563,0.01751,0.96926
crops/hibogi_ai_01369_png_7.jpg,hibogi_ai_01369_png,HIBOGI_AI_01369_png_jpg.rf.a16e7b7b3af35c3b66498a61bd9d1edb.jpg,,0,0,no_caries,no_caries,0.4661,0.46608,0.29893,0.17052,0.06447
crops/hibogi_ai_01369_png_8.jpg,hibogi_ai_01369_png,HIBOGI_AI_01369_png_jpg.rf.a16e7b7b3af35c3b66498a61bd9d1edb.jpg,,6,0,advanced,mild,0.4936,0.01274,0.49359,0.0975,0.39618
crops/hibogi_ai_01384_png_0.jpg,hibogi_ai_01384_png,HIBOGI_AI_01384_png_jpg.rf.96b8d9516b46df47892b5277f245886e.jpg,,3,0,moderate,moderate,0.7315,0.04622,0.16308,0.73153,0.05917
crops/hibogi_ai_01384_png_1.jpg,hibogi_ai_01384_png,HIBOGI_AI_01384_png_jpg.rf.96b8d9516b46df47892b5277f245886e.jpg,,2,0,mild,mild,0.4636,0.44742,0.46364,0.05372,0.03523
crops/hibogi_ai_01384_png_2.jpg,hibogi_ai_01384_png,HIBOGI_AI_01384_png_jpg.rf.96b8d9516b46df47892b5277f245886e.jpg,,3,0,moderate,moderate,0.9376,0.00502,0.04144,0.93762,0.01592
crops/hibogi_ai_01384_png_3.jpg,hibogi_ai_01384_png,HIBOGI_AI_01384_png_jpg.rf.96b8d9516b46df47892b5277f245886e.jpg,,0,0,no_caries,no_caries,0.8565,0.85646,0.05513,0.02843,0.05998
crops/hibogi_ai_01384_png_4.jpg,hibogi_ai_01384_png,HIBOGI_AI_01384_png_jpg.rf.96b8d9516b46df47892b5277f245886e.jpg,,0,0,no_caries,no_caries,0.9074,0.9074,0.0285,0.03219,0.03191
crops/hibogi_ai_01384_png_5.jpg,hibogi_ai_01384_png,HIBOGI_AI_01384_png_jpg.rf.96b8d9516b46df47892b5277f245886e.jpg,,2,0,mild,mild,0.6482,0.3029,0.64821,0.03013,0.01877
crops/hibogi_ai_01384_png_6.jpg,hibogi_ai_01384_png,HIBOGI_AI_01384_png_jpg.rf.96b8d9516b46df47892b5277f245886e.jpg,,3,0,moderate,no_caries,0.8282,0.8282,0.08371,0.05017,0.03792
crops/hibogi_ai_01384_png_7.jpg,hibogi_ai_01384_png,HIBOGI_AI_01384_png_jpg.rf.96b8d9516b46df47892b5277f245886e.jpg,,2,0,mild,no_caries,0.5528,0.55279,0.38463,0.0301,0.03248
crops/hibogi_ai_01515_png_0.jpg,hibogi_ai_01515_png,HIBOGI_AI_01515_png_jpg.rf.39fb49856f42dff413e00baca095ee48.jpg,,0,0,no_caries,no_caries,0.7914,0.79139,0.05726,0.12511,0.02624
crops/hibogi_ai_01515_png_1.jpg,hibogi_ai_01515_png,HIBOGI_AI_01515_png_jpg.rf.39fb49856f42dff413e00baca095ee48.jpg,,6,0,advanced,advanced,0.9346,0.00894,0.01258,0.04391,0.93456
crops/hibogi_ai_01515_png_2.jpg,hibogi_ai_01515_png,HIBOGI_AI_01515_png_jpg.rf.39fb49856f42dff413e00baca095ee48.jpg,,0,0,no_caries,no_caries,0.3975,0.39748,0.37979,0.04773,0.17501
crops/hibogi_ai_01515_png_3.jpg,hibogi_ai_01515_png,HIBOGI_AI_01515_png_jpg.rf.39fb49856f42dff413e00baca095ee48.jpg,,0,0,no_caries,no_caries,0.7897,0.78973,0.0991,0.06218,0.04899
crops/hibogi_ai_01515_png_4.jpg,hibogi_ai_01515_png,HIBOGI_AI_01515_png_jpg.rf.39fb49856f42dff413e00baca095ee48.jpg,,0,0,no_caries,no_caries,0.8289,0.82892,0.08192,0.05111,0.03805
crops/hibogi_ai_01515_png_5.jpg,hibogi_ai_01515_png,HIBOGI_AI_01515_png_jpg.rf.39fb49856f42dff413e00baca095ee48.jpg,,0,0,no_caries,no_caries,0.8985,0.89852,0.02382,0.04521,0.03245
crops/hibogi_ai_01515_png_6.jpg,hibogi_ai_01515_png,HIBOGI_AI_01515_png_jpg.rf.39fb49856f42dff413e00baca095ee48.jpg,,0,0,no_caries,no_caries,0.817,0.81699,0.0473,0.08108,0.05463
crops/hibogi_ai_01515_png_7.jpg,hibogi_ai_01515_png,HIBOGI_AI_01515_png_jpg.rf.39fb49856f42dff413e00baca095ee48.jpg,,0,0,no_caries,mild,0.4239,0.19335,0.42391,0.36392,0.01882
crops/hibogi_ai_01515_png_8.jpg,hibogi_ai_01515_png,HIBOGI_AI_01515_png_jpg.rf.39fb49856f42dff413e00baca095ee48.jpg,,0,0,no_caries,no_caries,0.7559,0.75595,0.06924,0.09972,0.07509
crops/hibogi_ai_01515_png_9.jpg,hibogi_ai_01515_png,HIBOGI_AI_01515_png_jpg.rf.39fb49856f42dff413e00baca095ee48.jpg,,0,0,no_caries,no_caries,0.7786,0.77862,0.07104,0.06611,0.08423
crops/hibogi_ai_01515_png_10.jpg,hibogi_ai_01515_png,HIBOGI_AI_01515_png_jpg.rf.39fb49856f42dff413e00baca095ee48.jpg,,0,0,no_caries,no_caries,0.74,0.74004,0.0575,0.14093,0.06153
crops/hibogi_ai_01515_png_11.jpg,hibogi_ai_01515_png,HIBOGI_AI_01515_png_jpg.rf.39fb49856f42dff413e00baca095ee48.jpg,,0,0,no_caries,no_caries,0.8321,0.83209,0.03564,0.09039,0.04188
crops/hibogi_ai_01515_png_12.jpg,hibogi_ai_01515_png,HIBOGI_AI_01515_png_jpg.rf.39fb49856f42dff413e00baca095ee48.jpg,,0,0,no_caries,no_caries,0.7458,0.74578,0.07932,0.11015,0.06476
crops/hibogi_ai_01515_png_13.jpg,hibogi_ai_01515_png,HIBOGI_AI_01515_png_jpg.rf.39fb49856f42dff413e00baca095ee48.jpg,,0,0,no_caries,no_caries,0.7608,0.76079,0.06745,0.10561,0.06615
crops/hibogi_ai_01515_png_14.jpg,hibogi_ai_01515_png,HIBOGI_AI_01515_png_jpg.rf.39fb49856f42dff413e00baca095ee48.jpg,,0,0,no_caries,no_caries,0.5517,0.55173,0.26932,0.14412,0.03483
crops/hibogi_ai_01680_png_0.jpg,hibogi_ai_01680_png,HIBOGI_AI_01680_png_jpg.rf.8e87697fe96cc04ba0f18e60560129fd.jpg,,1,0,mild,no_caries,0.6822,0.68219,0.14777,0.11737,0.05267
crops/hibogi_ai_01680_png_1.jpg,hibogi_ai_01680_png,HIBOGI_AI_01680_png_jpg.rf.8e87697fe96cc04ba0f18e60560129fd.jpg,,1,0,mild,moderate,0.4261,0.27462,0.22423,0.4261,0.07504
crops/hibogi_ai_01680_png_2.jpg,hibogi_ai_01680_png,HIBOGI_AI_01680_png_jpg.rf.8e87697fe96cc04ba0f18e60560129fd.jpg,,6,0,advanced,moderate,0.9169,0.0025,0.02382,0.91692,0.05676
crops/hibogi_ai_01680_png_3.jpg,hibogi_ai_01680_png,HIBOGI_AI_01680_png_jpg.rf.8e87697fe96cc04ba0f18e60560129fd.jpg,,0,0,no_caries,no_caries,0.5483,0.54833,0.34292,0.07747,0.03129
crops/hibogi_ai_01680_png_4.jpg,hibogi_ai_01680_png,HIBOGI_AI_01680_png_jpg.rf.8e87697fe96cc04ba0f18e60560129fd.jpg,,0,0,no_caries,no_caries,0.8698,0.86978,0.04102,0.04686,0.04235
crops/hibogi_ai_01680_png_5.jpg,hibogi_ai_01680_png,HIBOGI_AI_01680_png_jpg.rf.8e87697fe96cc04ba0f18e60560129fd.jpg,,0,0,no_caries,no_caries,0.8349,0.83493,0.05165,0.05484,0.05858
crops/hibogi_ai_01680_png_6.jpg,hibogi_ai_01680_png,HIBOGI_AI_01680_png_jpg.rf.8e87697fe96cc04ba0f18e60560129fd.jpg,,0,0,no_caries,no_caries,0.8567,0.85675,0.03481,0.05488,0.05356
crops/hibogi_ai_01680_png_7.jpg,hibogi_ai_01680_png,HIBOGI_AI_01680_png_jpg.rf.8e87697fe96cc04ba0f18e60560129fd.jpg,,0,0,no_caries,no_caries,0.8903,0.89031,0.02468,0.04912,0.03588
crops/hibogi_ai_01680_png_8.jpg,hibogi_ai_01680_png,HIBOGI_AI_01680_png_jpg.rf.8e87697fe96cc04ba0f18e60560129fd.jpg,,0,0,no_caries,no_caries,0.819,0.81895,0.04092,0.09353,0.0466
crops/hibogi_ai_01680_png_9.jpg,hibogi_ai_01680_png,HIBOGI_AI_01680_png_jpg.rf.8e87697fe96cc04ba0f18e60560129fd.jpg,,0,0,no_caries,no_caries,0.773,0.773,0.11971,0.0529,0.05438
crops/hibogi_ai_01680_png_10.jpg,hibogi_ai_01680_png,HIBOGI_AI_01680_png_jpg.rf.8e87697fe96cc04ba0f18e60560129fd.jpg,,2,0,mild,mild,0.6766,0.226,0.67659,0.05743,0.03998
crops/hibogi_ai_01680_png_11.jpg,hibogi_ai_01680_png,HIBOGI_AI_01680_png_jpg.rf.8e87697fe96cc04ba0f18e60560129fd.jpg,,5,0,advanced,advanced,0.4974,0.00105,0.0424,0.4592,0.49735
crops/hibogi_ai_01680_png_12.jpg,hibogi_ai_01680_png,HIBOGI_AI_01680_png_jpg.rf.8e87697fe96cc04ba0f18e60560129fd.jpg,,3,0,moderate,mild,0.5818,0.01616,0.58185,0.39357,0.00843
crops/hibogi_ai_01680_png_13.jpg,hibogi_ai_01680_png,HIBOGI_AI_01680_png_jpg.rf.8e87697fe96cc04ba0f18e60560129fd.jpg,,2,0,mild,mild,0.7331,0.14412,0.73309,0.06828,0.0545
crops/hibogi_ai_01771_png_0.jpg,hibogi_ai_01771_png,HIBOGI_AI_01771_png_jpg.rf.d6ee2e8a26d439f52d83862b5454bd0f.jpg,,0,0,no_caries,no_caries,0.6263,0.62626,0.07717,0.05746,0.23911
crops/hibogi_ai_01771_png_1.jpg,hibogi_ai_01771_png,HIBOGI_AI_01771_png_jpg.rf.d6ee2e8a26d439f52d83862b5454bd0f.jpg,,3,0,moderate,no_caries,0.8213,0.82131,0.0879,0.03431,0.05648
crops/hibogi_ai_01771_png_2.jpg,hibogi_ai_01771_png,HIBOGI_AI_01771_png_jpg.rf.d6ee2e8a26d439f52d83862b5454bd0f.jpg,,0,0,no_caries,no_caries,0.7808,0.78075,0.12423,0.05213,0.04289
crops/hibogi_ai_01771_png_3.jpg,hibogi_ai_01771_png,HIBOGI_AI_01771_png_jpg.rf.d6ee2e8a26d439f52d83862b5454bd0f.jpg,,3,0,moderate,moderate,0.3536,0.25199,0.33006,0.35362,0.06432
crops/hibogi_ai_01771_png_4.jpg,hibogi_ai_01771_png,HIBOGI_AI_01771_png_jpg.rf.d6ee2e8a26d439f52d83862b5454bd0f.jpg,,0,0,no_caries,no_caries,0.6988,0.69883,0.05045,0.17531,0.07541
crops/hibogi_ai_01771_png_5.jpg,hibogi_ai_01771_png,HIBOGI_AI_01771_png_jpg.rf.d6ee2e8a26d439f52d83862b5454bd0f.jpg,,0,0,no_caries,no_caries,0.7804,0.78035,0.07232,0.06494,0.08238
crops/hibogi_ai_01771_png_6.jpg,hibogi_ai_01771_png,HIBOGI_AI_01771_png_jpg.rf.d6ee2e8a26d439f52d83862b5454bd0f.jpg,,5,0,advanced,moderate,0.9086,0.00536,0.00487,0.90857,0.0812
crops/hibogi_ai_01771_png_7.jpg,hibogi_ai_01771_png,HIBOGI_AI_01771_png_jpg.rf.d6ee2e8a26d439f52d83862b5454bd0f.jpg,,0,0,no_caries,no_caries,0.7786,0.77856,0.02363,0.08818,0.10964
crops/hibogi_ai_01771_png_8.jpg,hibogi_ai_01771_png,HIBOGI_AI_01771_png_jpg.rf.d6ee2e8a26d439f52d83862b5454bd0f.jpg,,0,0,no_caries,no_caries,0.7912,0.79124,0.11066,0.06068,0.03742
crops/hibogi_ai_01771_png_9.jpg,hibogi_ai_01771_png,HIBOGI_AI_01771_png_jpg.rf.d6ee2e8a26d439f52d83862b5454bd0f.jpg,,0,0,no_caries,no_caries,0.7878,0.78782,0.13871,0.03919,0.03428
crops/hibogi_ai_01771_png_10.jpg,hibogi_ai_01771_png,HIBOGI_AI_01771_png_jpg.rf.d6ee2e8a26d439f52d83862b5454bd0f.jpg,,0,0,no_caries,no_caries,0.8272,0.82716,0.10488,0.03994,0.02802
crops/hibogi_ai_01771_png_11.jpg,hibogi_ai_01771_png,HIBOGI_AI_01771_png_jpg.rf.d6ee2e8a26d439f52d83862b5454bd0f.jpg,,0,0,no_caries,no_caries,0.8403,0.84034,0.07886,0.03556,0.04524
crops/hibogi_ai_01771_png_12.jpg,hibogi_ai_01771_png,HIBOGI_AI_01771_png_jpg.rf.d6ee2e8a26d439f52d83862b5454bd0f.jpg,,0,0,no_caries,no_caries,0.7336,0.73357,0.10713,0.08276,0.07654
crops/hibogi_ai_01771_png_13.jpg,hibogi_ai_01771_png,HIBOGI_AI_01771_png_jpg.rf.d6ee2e8a26d439f52d83862b5454bd0f.jpg,,0,0,no_caries,no_caries,0.7867,0.78673,0.07457,0.09839,0.04031
crops/hibogi_ai_01771_png_14.jpg,hibogi_ai_01771_png,HIBOGI_AI_01771_png_jpg.rf.d6ee2e8a26d439f52d83862b5454bd0f.jpg,,0,0,no_caries,no_caries,0.799,0.79905,0.06221,0.09401,0.04474
crops/hibogi_ai_01771_png_15.jpg,hibogi_ai_01771_png,HIBOGI_AI_01771_png_jpg.rf.d6ee2e8a26d439f52d83862b5454bd0f.jpg,,0,0,no_caries,no_caries,0.7447,0.74468,0.13835,0.06783,0.04914
crops/hibogi_ai_01771_png_16.jpg,hibogi_ai_01771_png,HIBOGI_AI_01771_png_jpg.rf.d6ee2e8a26d439f52d83862b5454bd0f.jpg,,0,0,no_caries,no_caries,0.8407,0.84068,0.04703,0.0456,0.06669
crops/hibogi_ai_01771_png_17.jpg,hibogi_ai_01771_png,HIBOGI_AI_01771_png_jpg.rf.d6ee2e8a26d439f52d83862b5454bd0f.jpg,,0,0,no_caries,no_caries,0.778,0.77798,0.13278,0.03886,0.05038
crops/hibogi_ai_01889_png_0.jpg,hibogi_ai_01889_png,HIBOGI_AI_01889_png_jpg.rf.be9161cba90689ccfc9137b8c1b4cfd0.jpg,,6,0,advanced,mild,0.5051,0.12678,0.50508,0.30325,0.06489
crops/hibogi_ai_01889_png_1.jpg,hibogi_ai_01889_png,HIBOGI_AI_01889_png_jpg.rf.be9161cba90689ccfc9137b8c1b4cfd0.jpg,,4,0,moderate,moderate,0.649,0.14973,0.17295,0.64895,0.02837
crops/hibogi_ai_01889_png_2.jpg,hibogi_ai_01889_png,HIBOGI_AI_01889_png_jpg.rf.be9161cba90689ccfc9137b8c1b4cfd0.jpg,,1,0,mild,mild,0.792,0.09874,0.79195,0.08128,0.02804
crops/hibogi_ai_01889_png_3.jpg,hibogi_ai_01889_png,HIBOGI_AI_01889_png_jpg.rf.be9161cba90689ccfc9137b8c1b4cfd0.jpg,,0,0,no_caries,no_caries,0.6096,0.60957,0.26717,0.05884,0.06442
crops/hibogi_ai_01889_png_4.jpg,hibogi_ai_01889_png,HIBOGI_AI_01889_png_jpg.rf.be9161cba90689ccfc9137b8c1b4cfd0.jpg,,0,0,no_caries,mild,0.5295,0.2895,0.52947,0.14891,0.03212
crops/hibogi_ai_01889_png_5.jpg,hibogi_ai_01889_png,HIBOGI_AI_01889_png_jpg.rf.be9161cba90689ccfc9137b8c1b4cfd0.jpg,,0,0,no_caries,no_caries,0.6776,0.6776,0.22395,0.05584,0.04261
crops/hibogi_ai_01889_png_6.jpg,hibogi_ai_01889_png,HIBOGI_AI_01889_png_jpg.rf.be9161cba90689ccfc9137b8c1b4cfd0.jpg,,0,0,no_caries,mild,0.6067,0.33036,0.60674,0.0465,0.0164
crops/hibogi_ai_01889_png_7.jpg,hibogi_ai_01889_png,HIBOGI_AI_01889_png_jpg.rf.be9161cba90689ccfc9137b8c1b4cfd0.jpg,,0,0,no_caries,no_caries,0.6341,0.63407,0.17557,0.17044,0.01992
crops/hibogi_ai_01889_png_8.jpg,hibogi_ai_01889_png,HIBOGI_AI_01889_png_jpg.rf.be9161cba90689ccfc9137b8c1b4cfd0.jpg,,0,0,no_caries,no_caries,0.7285,0.72855,0.10336,0.08221,0.08589
crops/hibogi_ai_01889_png_9.jpg,hibogi_ai_01889_png,HIBOGI_AI_01889_png_jpg.rf.be9161cba90689ccfc9137b8c1b4cfd0.jpg,,0,0,no_caries,no_caries,0.6255,0.62549,0.11993,0.20205,0.05252
crops/hibogi_ai_01889_png_10.jpg,hibogi_ai_01889_png,HIBOGI_AI_01889_png_jpg.rf.be9161cba90689ccfc9137b8c1b4cfd0.jpg,,0,0,no_caries,no_caries,0.7694,0.76943,0.10451,0.04268,0.08338
crops/hibogi_ai_01889_png_11.jpg,hibogi_ai_01889_png,HIBOGI_AI_01889_png_jpg.rf.be9161cba90689ccfc9137b8c1b4cfd0.jpg,,5,0,advanced,advanced,0.8421,0.06167,0.01461,0.08165,0.84206
crops/hibogi_ai_01889_png_12.jpg,hibogi_ai_01889_png,HIBOGI_AI_01889_png_jpg.rf.be9161cba90689ccfc9137b8c1b4cfd0.jpg,,5,0,advanced,advanced,0.8792,0.02037,0.04265,0.05781,0.87917
crops/hibogi_ai_01909_png_0.jpg,hibogi_ai_01909_png,HIBOGI_AI_01909_png_jpg.rf.7ae45c781971df002090d3ef58c89e48.jpg,,0,0,no_caries,no_caries,0.8753,0.87528,0.05725,0.02271,0.04475
crops/hibogi_ai_01909_png_1.jpg,hibogi_ai_01909_png,HIBOGI_AI_01909_png_jpg.rf.7ae45c781971df002090d3ef58c89e48.jpg,,0,0,no_caries,no_caries,0.7858,0.78582,0.11425,0.05527,0.04466
crops/hibogi_ai_01909_png_2.jpg,hibogi_ai_01909_png,HIBOGI_AI_01909_png_jpg.rf.7ae45c781971df002090d3ef58c89e48.jpg,,2,0,mild,mild,0.5894,0.26675,0.58936,0.06523,0.07866
crops/hibogi_ai_01909_png_3.jpg,hibogi_ai_01909_png,HIBOGI_AI_01909_png_jpg.rf.7ae45c781971df002090d3ef58c89e48.jpg,,2,0,mild,no_caries,0.7563,0.75631,0.16355,0.04048,0.03967
crops/hibogi_ai_01909_png_4.jpg,hibogi_ai_01909_png,HIBOGI_AI_01909_png_jpg.rf.7ae45c781971df002090d3ef58c89e48.jpg,,0,0,no_caries,no_caries,0.657,0.65703,0.20445,0.09086,0.04766
crops/hibogi_ai_01913_png_0.jpg,hibogi_ai_01913_png,HIBOGI_AI_01913_png_jpg.rf.390d4ec51dcef9b0ef092c88cf42c56c.jpg,,2,0,mild,mild,0.8939,0.05321,0.89391,0.04311,0.00978
crops/hibogi_ai_01913_png_1.jpg,hibogi_ai_01913_png,HIBOGI_AI_01913_png_jpg.rf.390d4ec51dcef9b0ef092c88cf42c56c.jpg,,2,0,mild,mild,0.9432,0.04817,0.94323,0.00709,0.00151
crops/hibogi_ai_01913_png_2.jpg,hibogi_ai_01913_png,HIBOGI_AI_01913_png_jpg.rf.390d4ec51dcef9b0ef092c88cf42c56c.jpg,,2,0,mild,mild,0.9502,0.03565,0.95016,0.00697,0.00722
crops/hibogi_ai_01913_png_3.jpg,hibogi_ai_01913_png,HIBOGI_AI_01913_png_jpg.rf.390d4ec51dcef9b0ef092c88cf42c56c.jpg,,2,0,mild,mild,0.445,0.10648,0.44503,0.24384,0.20465
crops/hibogi_ai_01913_png_4.jpg,hibogi_ai_01913_png,HIBOGI_AI_01913_png_jpg.rf.390d4ec51dcef9b0ef092c88cf42c56c.jpg,,0,0,no_caries,mild,0.92,0.04779,0.92003,0.02382,0.00836
crops/hibogi_ai_01913_png_5.jpg,hibogi_ai_01913_png,HIBOGI_AI_01913_png_jpg.rf.390d4ec51dcef9b0ef092c88cf42c56c.jpg,,3,0,moderate,moderate,0.9305,0.00599,0.00897,0.93054,0.0545
crops/hibogi_ai_01913_png_6.jpg,hibogi_ai_01913_png,HIBOGI_AI_01913_png_jpg.rf.390d4ec51dcef9b0ef092c88cf42c56c.jpg,,6,0,advanced,advanced,0.384,0.32831,0.19323,0.09449,0.38397
crops/hibogi_ai_01913_png_7.jpg,hibogi_ai_01913_png,HIBOGI_AI_01913_png_jpg.rf.390d4ec51dcef9b0ef092c88cf42c56c.jpg,,2,0,mild,no_caries,0.6553,0.65526,0.16308,0.05345,0.12821
crops/hibogi_ai_01913_png_8.jpg,hibogi_ai_01913_png,HIBOGI_AI_01913_png_jpg.rf.390d4ec51dcef9b0ef092c88cf42c56c.jpg,,5,0,advanced,moderate,0.486,0.12344,0.12237,0.48604,0.26815
crops/hibogi_ai_01913_png_9.jpg,hibogi_ai_01913_png,HIBOGI_AI_01913_png_jpg.rf.390d4ec51dcef9b0ef092c88cf42c56c.jpg,,6,0,advanced,advanced,0.4689,0.0048,0.33111,0.19516,0.46893
crops/hibogi_ai_01913_png_10.jpg,hibogi_ai_01913_png,HIBOGI_AI_01913_png_jpg.rf.390d4ec51dcef9b0ef092c88cf42c56c.jpg,,0,0,no_caries,no_caries,0.6813,0.68131,0.09845,0.06708,0.15316
crops/hibogi_ai_01913_png_11.jpg,hibogi_ai_01913_png,HIBOGI_AI_01913_png_jpg.rf.390d4ec51dcef9b0ef092c88cf42c56c.jpg,,0,0,no_caries,no_caries,0.504,0.50402,0.22718,0.23072,0.03808
crops/hibogi_ai_01913_png_12.jpg,hibogi_ai_01913_png,HIBOGI_AI_01913_png_jpg.rf.390d4ec51dcef9b0ef092c88cf42c56c.jpg,,0,0,no_caries,no_caries,0.6637,0.66368,0.25075,0.05913,0.02644
crops/hibogi_ai_01913_png_13.jpg,hibogi_ai_01913_png,HIBOGI_AI_01913_png_jpg.rf.390d4ec51dcef9b0ef092c88cf42c56c.jpg,,0,0,no_caries,no_caries,0.6139,0.6139,0.26773,0.07201,0.04637
crops/hibogi_ai_01913_png_14.jpg,hibogi_ai_01913_png,HIBOGI_AI_01913_png_jpg.rf.390d4ec51dcef9b0ef092c88cf42c56c.jpg,,0,0,no_caries,no_caries,0.7804,0.78039,0.07611,0.0905,0.053
crops/hibogi_ai_01913_png_15.jpg,hibogi_ai_01913_png,HIBOGI_AI_01913_png_jpg.rf.390d4ec51dcef9b0ef092c88cf42c56c.jpg,,0,0,no_caries,no_caries,0.5216,0.52163,0.37275,0.05431,0.0513
crops/hibogi_ai_01913_png_16.jpg,hibogi_ai_01913_png,HIBOGI_AI_01913_png_jpg.rf.390d4ec51dcef9b0ef092c88cf42c56c.jpg,,0,0,no_caries,mild,0.4523,0.05987,0.45234,0.34623,0.14156
crops/hibogi_ai_01913_png_17.jpg,hibogi_ai_01913_png,HIBOGI_AI_01913_png_jpg.rf.390d4ec51dcef9b0ef092c88cf42c56c.jpg,,0,0,no_caries,no_caries,0.7496,0.74961,0.17187,0.02073,0.05779
crops/hibogi_ai_01913_png_18.jpg,hibogi_ai_01913_png,HIBOGI_AI_01913_png_jpg.rf.390d4ec51dcef9b0ef092c88cf42c56c.jpg,,6,0,advanced,moderate,0.3768,0.15,0.10725,0.37678,0.36597
crops/hibogi_ai_01920_png_0.jpg,hibogi_ai_01920_png,HIBOGI_AI_01920_png_jpg.rf.f9a983f236d4502adeb553b453ff8e2d.jpg,,0,0,no_caries,no_caries,0.8905,0.89054,0.0422,0.03692,0.03033
crops/hibogi_ai_01920_png_1.jpg,hibogi_ai_01920_png,HIBOGI_AI_01920_png_jpg.rf.f9a983f236d4502adeb553b453ff8e2d.jpg,,6,0,advanced,advanced,0.975,0.00822,0.00958,0.0072,0.975
crops/hibogi_ai_01920_png_2.jpg,hibogi_ai_01920_png,HIBOGI_AI_01920_png_jpg.rf.f9a983f236d4502adeb553b453ff8e2d.jpg,,5,0,advanced,advanced,0.8979,0.03727,0.03446,0.03033,0.89795
crops/hibogi_ai_01920_png_3.jpg,hibogi_ai_01920_png,HIBOGI_AI_01920_png_jpg.rf.f9a983f236d4502adeb553b453ff8e2d.jpg,,5,0,advanced,advanced,0.8962,0.03258,0.02504,0.04616,0.89623
crops/hibogi_ai_01920_png_4.jpg,hibogi_ai_01920_png,HIBOGI_AI_01920_png_jpg.rf.f9a983f236d4502adeb553b453ff8e2d.jpg,,1,0,mild,no_caries,0.3989,0.39893,0.22313,0.09867,0.27927
crops/hibogi_ai_01920_png_5.jpg,hibogi_ai_01920_png,HIBOGI_AI_01920_png_jpg.rf.f9a983f236d4502adeb553b453ff8e2d.jpg,,1,0,mild,no_caries,0.7233,0.72326,0.11917,0.08711,0.07046
crops/hibogi_ai_01920_png_6.jpg,hibogi_ai_01920_png,HIBOGI_AI_01920_png_jpg.rf.f9a983f236d4502adeb553b453ff8e2d.jpg,,1,0,mild,no_caries,0.6733,0.67325,0.13001,0.12771,0.06903
crops/hibogi_ai_01920_png_7.jpg,hibogi_ai_01920_png,HIBOGI_AI_01920_png_jpg.rf.f9a983f236d4502adeb553b453ff8e2d.jpg,,1,0,mild,no_caries,0.8068,0.80675,0.05434,0.07892,0.05999
crops/hibogi_ai_01920_png_8.jpg,hibogi_ai_01920_png,HIBOGI_AI_01920_png_jpg.rf.f9a983f236d4502adeb553b453ff8e2d.jpg,,1,0,mild,no_caries,0.8558,0.85581,0.04712,0.02502,0.07205
crops/hibogi_ai_01920_png_9.jpg,hibogi_ai_01920_png,HIBOGI_AI_01920_png_jpg.rf.f9a983f236d4502adeb553b453ff8e2d.jpg,,1,0,mild,no_caries,0.6482,0.64824,0.20664,0.0713,0.07382
crops/hibogi_ai_01920_png_10.jpg,hibogi_ai_01920_png,HIBOGI_AI_01920_png_jpg.rf.f9a983f236d4502adeb553b453ff8e2d.jpg,,0,0,no_caries,no_caries,0.733,0.73303,0.0649,0.15574,0.04634
crops/hibogi_ai_01920_png_11.jpg,hibogi_ai_01920_png,HIBOGI_AI_01920_png_jpg.rf.f9a983f236d4502adeb553b453ff8e2d.jpg,,0,0,no_caries,no_caries,0.6927,0.69267,0.02875,0.2537,0.02488
crops/hibogi_ai_01920_png_12.jpg,hibogi_ai_01920_png,HIBOGI_AI_01920_png_jpg.rf.f9a983f236d4502adeb553b453ff8e2d.jpg,,0,0,no_caries,no_caries,0.6374,0.63739,0.21486,0.05985,0.0879
crops/hibogi_ai_01920_png_13.jpg,hibogi_ai_01920_png,HIBOGI_AI_01920_png_jpg.rf.f9a983f236d4502adeb553b453ff8e2d.jpg,,6,0,advanced,advanced,0.9666,0.02017,0.00528,0.00792,0.96663
crops/hibogi_ai_02350_png_0.jpg,hibogi_ai_02350_png,HIBOGI_AI_02350_png_jpg.rf.27bf67ee37a6c2d6732e90eb9a296d63.jpg,,0,0,no_caries,no_caries,0.85,0.85003,0.0449,0.03856,0.0665
crops/hibogi_ai_02350_png_1.jpg,hibogi_ai_02350_png,HIBOGI_AI_02350_png_jpg.rf.27bf67ee37a6c2d6732e90eb9a296d63.jpg,,0,0,no_caries,no_caries,0.8598,0.85975,0.03292,0.06086,0.04647
crops/hibogi_ai_02350_png_2.jpg,hibogi_ai_02350_png,HIBOGI_AI_02350_png_jpg.rf.27bf67ee37a6c2d6732e90eb9a296d63.jpg,,0,0,no_caries,no_caries,0.8381,0.83805,0.05299,0.07295,0.036
crops/hibogi_ai_02350_png_3.jpg,hibogi_ai_02350_png,HIBOGI_AI_02350_png_jpg.rf.27bf67ee37a6c2d6732e90eb9a296d63.jpg,,0,0,no_caries,no_caries,0.7334,0.73335,0.03512,0.16971,0.06181
crops/hibogi_ai_02350_png_4.jpg,hibogi_ai_02350_png,HIBOGI_AI_02350_png_jpg.rf.27bf67ee37a6c2d6732e90eb9a296d63.jpg,,0,0,no_caries,no_caries,0.5115,0.51151,0.02813,0.07039,0.38997
crops/hibogi_ai_02350_png_5.jpg,hibogi_ai_02350_png,HIBOGI_AI_02350_png_jpg.rf.27bf67ee37a6c2d6732e90eb9a296d63.jpg,,0,0,no_caries,no_caries,0.8566,0.85658,0.05318,0.0461,0.04413
crops/hibogi_ai_02350_png_6.jpg,hibogi_ai_02350_png,HIBOGI_AI_02350_png_jpg.rf.27bf67ee37a6c2d6732e90eb9a296d63.jpg,,0,0,no_caries,no_caries,0.776,0.77596,0.04766,0.09263,0.08375
crops/hibogi_ai_02350_png_7.jpg,hibogi_ai_02350_png,HIBOGI_AI_02350_png_jpg.rf.27bf67ee37a6c2d6732e90eb9a296d63.jpg,,0,0,no_caries,no_caries,0.8325,0.83247,0.05702,0.04782,0.0627
crops/hibogi_ai_02350_png_8.jpg,hibogi_ai_02350_png,HIBOGI_AI_02350_png_jpg.rf.27bf67ee37a6c2d6732e90eb9a296d63.jpg,,0,0,no_caries,no_caries,0.7042,0.7042,0.02134,0.20328,0.07117
crops/hibogi_ai_02350_png_9.jpg,hibogi_ai_02350_png,HIBOGI_AI_02350_png_jpg.rf.27bf67ee37a6c2d6732e90eb9a296d63.jpg,,0,0,no_caries,no_caries,0.8298,0.8298,0.0309,0.06243,0.07687
crops/hibogi_ai_02402_png_0.jpg,hibogi_ai_02402_png,HIBOGI_AI_02402_png_jpg.rf.3561cb19b579ceee2438c7e69ec7b138.jpg,,6,0,advanced,advanced,0.9448,0.00751,0.0062,0.04146,0.94483
crops/hibogi_ai_02402_png_1.jpg,hibogi_ai_02402_png,HIBOGI_AI_02402_png_jpg.rf.3561cb19b579ceee2438c7e69ec7b138.jpg,,6,0,advanced,advanced,0.9346,0.00553,0.00751,0.05237,0.93459
crops/hibogi_ai_02402_png_2.jpg,hibogi_ai_02402_png,HIBOGI_AI_02402_png_jpg.rf.3561cb19b579ceee2438c7e69ec7b138.jpg,,6,0,advanced,advanced,0.9507,0.01088,0.01127,0.02711,0.95074
crops/hibogi_ai_02402_png_3.jpg,hibogi_ai_02402_png,HIBOGI_AI_02402_png_jpg.rf.3561cb19b579ceee2438c7e69ec7b138.jpg,,6,0,advanced,advanced,0.9639,0.00554,0.0066,0.02396,0.96389
crops/hibogi_ai_02402_png_4.jpg,hibogi_ai_02402_png,HIBOGI_AI_02402_png_jpg.rf.3561cb19b579ceee2438c7e69ec7b138.jpg,,0,0,no_caries,mild,0.596,0.32346,0.59596,0.02521,0.05537
crops/hibogi_ai_02402_png_5.jpg,hibogi_ai_02402_png,HIBOGI_AI_02402_png_jpg.rf.3561cb19b579ceee2438c7e69ec7b138.jpg,,0,0,no_caries,no_caries,0.3084,0.30836,0.29769,0.18887,0.20508
crops/hibogi_ai_02402_png_6.jpg,hibogi_ai_02402_png,HIBOGI_AI_02402_png_jpg.rf.3561cb19b579ceee2438c7e69ec7b138.jpg,,0,0,no_caries,no_caries,0.7561,0.75612,0.1038,0.08072,0.05937
crops/hibogi_ai_02402_png_7.jpg,hibogi_ai_02402_png,HIBOGI_AI_02402_png_jpg.rf.3561cb19b579ceee2438c7e69ec7b138.jpg,,0,0,no_caries,no_caries,0.6949,0.6949,0.03964,0.22919,0.03627
crops/hibogi_ai_02402_png_8.jpg,hibogi_ai_02402_png,HIBOGI_AI_02402_png_jpg.rf.3561cb19b579ceee2438c7e69ec7b138.jpg,,0,0,no_caries,no_caries,0.8474,0.84742,0.021,0.07768,0.0539
crops/hibogi_ai_02402_png_9.jpg,hibogi_ai_02402_png,HIBOGI_AI_02402_png_jpg.rf.3561cb19b579ceee2438c7e69ec7b138.jpg,,0,0,no_caries,no_caries,0.6665,0.6665,0.11372,0.15171,0.06807
crops/hibogi_ai_02402_png_10.jpg,hibogi_ai_02402_png,HIBOGI_AI_02402_png_jpg.rf.3561cb19b579ceee2438c7e69ec7b138.jpg,,0,0,no_caries,no_caries,0.7668,0.76683,0.13588,0.04998,0.04731
crops/hibogi_ai_02402_png_11.jpg,hibogi_ai_02402_png,HIBOGI_AI_02402_png_jpg.rf.3561cb19b579ceee2438c7e69ec7b138.jpg,,0,0,no_caries,mild,0.9625,0.02327,0.96253,0.0079,0.0063
crops/hibogi_ai_02402_png_12.jpg,hibogi_ai_02402_png,HIBOGI_AI_02402_png_jpg.rf.3561cb19b579ceee2438c7e69ec7b138.jpg,,1,0,mild,mild,0.6386,0.05415,0.63863,0.04054,0.26668
crops/hibogi_ai_02440_png_0.jpg,hibogi_ai_02440_png,HIBOGI_AI_02440_png_jpg.rf.926ec9b0711863859767c6c9a3a10d86.jpg,,3,0,moderate,moderate,0.8108,0.08355,0.0401,0.81079,0.06555
crops/hibogi_ai_02440_png_1.jpg,hibogi_ai_02440_png,HIBOGI_AI_02440_png_jpg.rf.926ec9b0711863859767c6c9a3a10d86.jpg,,0,0,no_caries,no_caries,0.5449,0.54486,0.24944,0.10524,0.10046
crops/hibogi_ai_02440_png_2.jpg,hibogi_ai_02440_png,HIBOGI_AI_02440_png_jpg.rf.926ec9b0711863859767c6c9a3a10d86.jpg,,6,0,advanced,advanced,0.984,0.00149,0.005,0.00955,0.98396
crops/hibogi_ai_02440_png_3.jpg,hibogi_ai_02440_png,HIBOGI_AI_02440_png_jpg.rf.926ec9b0711863859767c6c9a3a10d86.jpg,,6,0,advanced,advanced,0.9731,0.00194,0.01217,0.01275,0.97314
crops/hibogi_ai_02440_png_4.jpg,hibogi_ai_02440_png,HIBOGI_AI_02440_png_jpg.rf.926ec9b0711863859767c6c9a3a10d86.jpg,,6,0,advanced,advanced,0.969,0.00724,0.01224,0.01156,0.96896
crops/hibogi_ai_02440_png_5.jpg,hibogi_ai_02440_png,HIBOGI_AI_02440_png_jpg.rf.926ec9b0711863859767c6c9a3a10d86.jpg,,6,0,advanced,advanced,0.9514,0.0093,0.02476,0.01458,0.95136
crops/hibogi_ai_02440_png_6.jpg,hibogi_ai_02440_png,HIBOGI_AI_02440_png_jpg.rf.926ec9b0711863859767c6c9a3a10d86.jpg,,0,0,no_caries,no_caries,0.6539,0.65385,0.22521,0.03798,0.08296
crops/hibogi_ai_02440_png_7.jpg,hibogi_ai_02440_png,HIBOGI_AI_02440_png_jpg.rf.926ec9b0711863859767c6c9a3a10d86.jpg,,1,0,mild,mild,0.7083,0.14891,0.70834,0.12574,0.01701
crops/hibogi_ai_02440_png_8.jpg,hibogi_ai_02440_png,HIBOGI_AI_02440_png_jpg.rf.926ec9b0711863859767c6c9a3a10d86.jpg,,0,0,no_caries,no_caries,0.626,0.62604,0.18586,0.08074,0.10735
crops/hibogi_ai_02702_png_0.jpg,hibogi_ai_02702_png,HIBOGI_AI_02702_png_jpg.rf.cbba75d26fc554c7a5af93aac995eee4.jpg,,0,0,no_caries,no_caries,0.71,0.71004,0.07729,0.04737,0.1653
crops/hibogi_ai_02702_png_1.jpg,hibogi_ai_02702_png,HIBOGI_AI_02702_png_jpg.rf.cbba75d26fc554c7a5af93aac995eee4.jpg,,2,0,mild,mild,0.3605,0.27974,0.36047,0.32638,0.03341
crops/hibogi_ai_02702_png_2.jpg,hibogi_ai_02702_png,HIBOGI_AI_02702_png_jpg.rf.cbba75d26fc554c7a5af93aac995eee4.jpg,,5,0,advanced,advanced,0.9851,0.00339,0.00567,0.00584,0.98511
crops/hibogi_ai_02702_png_3.jpg,hibogi_ai_02702_png,HIBOGI_AI_02702_png_jpg.rf.cbba75d26fc554c7a5af93aac995eee4.jpg,,3,0,moderate,advanced,0.9083,0.00387,0.00481,0.08301,0.90831
crops/hibogi_ai_02702_png_4.jpg,hibogi_ai_02702_png,HIBOGI_AI_02702_png_jpg.rf.cbba75d26fc554c7a5af93aac995eee4.jpg,,1,0,mild,mild,0.7069,0.26024,0.70689,0.00661,0.02626
crops/hibogi_ai_02702_png_5.jpg,hibogi_ai_02702_png,HIBOGI_AI_02702_png_jpg.rf.cbba75d26fc554c7a5af93aac995eee4.jpg,,0,0,no_caries,mild,0.4641,0.41589,0.46408,0.07258,0.04746
crops/hibogi_ai_02702_png_6.jpg,hibogi_ai_02702_png,HIBOGI_AI_02702_png_jpg.rf.cbba75d26fc554c7a5af93aac995eee4.jpg,,0,0,no_caries,no_caries,0.7417,0.74172,0.11523,0.04093,0.10212
crops/hibogi_ai_02702_png_7.jpg,hibogi_ai_02702_png,HIBOGI_AI_02702_png_jpg.rf.cbba75d26fc554c7a5af93aac995eee4.jpg,,0,0,no_caries,no_caries,0.802,0.80199,0.07294,0.08606,0.03901
crops/hibogi_ai_02702_png_8.jpg,hibogi_ai_02702_png,HIBOGI_AI_02702_png_jpg.rf.cbba75d26fc554c7a5af93aac995eee4.jpg,,0,0,no_caries,no_caries,0.8557,0.85567,0.06208,0.03826,0.04399
crops/hibogi_ai_02702_png_9.jpg,hibogi_ai_02702_png,HIBOGI_AI_02702_png_jpg.rf.cbba75d26fc554c7a5af93aac995eee4.jpg,,0,0,no_caries,no_caries,0.8298,0.82981,0.04878,0.05462,0.06679
crops/hibogi_ai_02702_png_10.jpg,hibogi_ai_02702_png,HIBOGI_AI_02702_png_jpg.rf.cbba75d26fc554c7a5af93aac995eee4.jpg,,0,0,no_caries,no_caries,0.8566,0.8566,0.05663,0.0424,0.04437
crops/hibogi_ai_02702_png_11.jpg,hibogi_ai_02702_png,HIBOGI_AI_02702_png_jpg.rf.cbba75d26fc554c7a5af93aac995eee4.jpg,,0,0,no_caries,no_caries,0.7965,0.79645,0.10916,0.02025,0.07414
crops/hibogi_ai_02702_png_12.jpg,hibogi_ai_02702_png,HIBOGI_AI_02702_png_jpg.rf.cbba75d26fc554c7a5af93aac995eee4.jpg,,0,0,no_caries,no_caries,0.6045,0.6045,0.2833,0.02615,0.08605
crops/hibogi_ai_02712_png_0.jpg,hibogi_ai_02712_png,HIBOGI_AI_02712_png_jpg.rf.f1f57dd3364f52046ca483dc2d7808a5.jpg,,4,0,moderate,mild,0.573,0.2832,0.57301,0.06254,0.08125
crops/hibogi_ai_02712_png_1.jpg,hibogi_ai_02712_png,HIBOGI_AI_02712_png_jpg.rf.f1f57dd3364f52046ca483dc2d7808a5.jpg,,3,0,moderate,moderate,0.6797,0.03553,0.22357,0.67975,0.06116
crops/hibogi_ai_02712_png_2.jpg,hibogi_ai_02712_png,HIBOGI_AI_02712_png_jpg.rf.f1f57dd3364f52046ca483dc2d7808a5.jpg,,3,0,moderate,mild,0.5101,0.38513,0.51012,0.06813,0.03662
crops/hibogi_ai_02712_png_3.jpg,hibogi_ai_02712_png,HIBOGI_AI_02712_png_jpg.rf.f1f57dd3364f52046ca483dc2d7808a5.jpg,,1,0,mild,no_caries,0.5435,0.54353,0.41454,0.01213,0.0298
crops/hibogi_ai_02712_png_4.jpg,hibogi_ai_02712_png,HIBOGI_AI_02712_png_jpg.rf.f1f57dd3364f52046ca483dc2d7808a5.jpg,,1,0,mild,no_caries,0.4333,0.43327,0.13857,0.33374,0.09442
crops/hibogi_ai_02712_png_5.jpg,hibogi_ai_02712_png,HIBOGI_AI_02712_png_jpg.rf.f1f57dd3364f52046ca483dc2d7808a5.jpg,,1,0,mild,no_caries,0.6067,0.60669,0.32155,0.04186,0.02989
crops/hibogi_ai_02712_png_6.jpg,hibogi_ai_02712_png,HIBOGI_AI_02712_png_jpg.rf.f1f57dd3364f52046ca483dc2d7808a5.jpg,,1,0,mild,no_caries,0.8308,0.83078,0.06862,0.04658,0.05403
crops/hibogi_ai_02712_png_7.jpg,hibogi_ai_02712_png,HIBOGI_AI_02712_png_jpg.rf.f1f57dd3364f52046ca483dc2d7808a5.jpg,,1,0,mild,no_caries,0.6216,0.62157,0.28346,0.04739,0.04758
crops/hibogi_ai_02820_png_0.jpg,hibogi_ai_02820_png,HIBOGI_AI_02820_png_jpg.rf.06fb546feee12e2c604073dd4a0b5432.jpg,,0,0,no_caries,no_caries,0.5718,0.57185,0.00623,0.38683,0.03508
crops/hibogi_ai_02820_png_1.jpg,hibogi_ai_02820_png,HIBOGI_AI_02820_png_jpg.rf.06fb546feee12e2c604073dd4a0b5432.jpg,,0,0,no_caries,advanced,0.6451,0.01395,0.06998,0.27093,0.64514
crops/hibogi_ai_02820_png_2.jpg,hibogi_ai_02820_png,HIBOGI_AI_02820_png_jpg.rf.06fb546feee12e2c604073dd4a0b5432.jpg,,2,0,mild,mild,0.576,0.07747,0.57596,0.02614,0.32043
crops/hibogi_ai_02820_png_3.jpg,hibogi_ai_02820_png,HIBOGI_AI_02820_png_jpg.rf.06fb546feee12e2c604073dd4a0b5432.jpg,,2,0,mild,moderate,0.4512,0.1248,0.33113,0.45124,0.09283
crops/hibogi_ai_02820_png_4.jpg,hibogi_ai_02820_png,HIBOGI_AI_02820_png_jpg.rf.06fb546feee12e2c604073dd4a0b5432.jpg,,1,0,mild,no_caries,0.4883,0.48834,0.04165,0.24567,0.22435
crops/hibogi_ai_02820_png_5.jpg,hibogi_ai_02820_png,HIBOGI_AI_02820_png_jpg.rf.06fb546feee12e2c604073dd4a0b5432.jpg,,0,0,no_caries,no_caries,0.8635,0.86348,0.0338,0.06949,0.03323
crops/hibogi_ai_02820_png_6.jpg,hibogi_ai_02820_png,HIBOGI_AI_02820_png_jpg.rf.06fb546feee12e2c604073dd4a0b5432.jpg,,0,0,no_caries,advanced,0.799,0.10474,0.05427,0.04199,0.79899
crops/hibogi_ai_02820_png_7.jpg,hibogi_ai_02820_png,HIBOGI_AI_02820_png_jpg.rf.06fb546feee12e2c604073dd4a0b5432.jpg,,3,0,moderate,no_caries,0.5674,0.5674,0.11365,0.25555,0.06339
crops/hibogi_ai_02820_png_8.jpg,hibogi_ai_02820_png,HIBOGI_AI_02820_png_jpg.rf.06fb546feee12e2c604073dd4a0b5432.jpg,,3,0,moderate,no_caries,0.7613,0.76131,0.07117,0.12803,0.03949
crops/hibogi_ai_02820_png_9.jpg,hibogi_ai_02820_png,HIBOGI_AI_02820_png_jpg.rf.06fb546feee12e2c604073dd4a0b5432.jpg,,3,0,moderate,no_caries,0.5635,0.56352,0.02979,0.31227,0.09442
crops/hibogi_ai_02820_png_10.jpg,hibogi_ai_02820_png,HIBOGI_AI_02820_png_jpg.rf.06fb546feee12e2c604073dd4a0b5432.jpg,,3,0,moderate,no_caries,0.4934,0.49339,0.11881,0.21869,0.16911
crops/hibogi_ai_02820_png_11.jpg,hibogi_ai_02820_png,HIBOGI_AI_02820_png_jpg.rf.06fb546feee12e2c604073dd4a0b5432.jpg,,0,0,no_caries,moderate,0.6547,0.1408,0.13535,0.65468,0.06917
crops/hibogi_ai_02878_png_0.jpg,hibogi_ai_02878_png,HIBOGI_AI_02878_png_jpg.rf.a81a1f68cd1ff52bcb687f0257563775.jpg,,1,0,mild,no_caries,0.5442,0.54418,0.26905,0.10724,0.07952
crops/hibogi_ai_02878_png_1.jpg,hibogi_ai_02878_png,HIBOGI_AI_02878_png_jpg.rf.a81a1f68cd1ff52bcb687f0257563775.jpg,,1,0,mild,mild,0.5339,0.4154,0.53392,0.02424,0.02644
crops/hibogi_ai_02878_png_2.jpg,hibogi_ai_02878_png,HIBOGI_AI_02878_png_jpg.rf.a81a1f68cd1ff52bcb687f0257563775.jpg,,1,0,mild,mild,0.7473,0.19734,0.74731,0.01247,0.04288
crops/hibogi_ai_02878_png_3.jpg,hibogi_ai_02878_png,HIBOGI_AI_02878_png_jpg.rf.a81a1f68cd1ff52bcb687f0257563775.jpg,,0,0,no_caries,no_caries,0.7329,0.7329,0.14896,0.05264,0.06551
crops/hibogi_ai_02878_png_4.jpg,hibogi_ai_02878_png,HIBOGI_AI_02878_png_jpg.rf.a81a1f68cd1ff52bcb687f0257563775.jpg,,0,0,no_caries,no_caries,0.4879,0.48795,0.40157,0.03472,0.07576
crops/hibogi_ai_02878_png_5.jpg,hibogi_ai_02878_png,HIBOGI_AI_02878_png_jpg.rf.a81a1f68cd1ff52bcb687f0257563775.jpg,,0,0,no_caries,mild,0.5435,0.33177,0.54349,0.0383,0.08644
crops/hibogi_ai_02878_png_6.jpg,hibogi_ai_02878_png,HIBOGI_AI_02878_png_jpg.rf.a81a1f68cd1ff52bcb687f0257563775.jpg,,2,0,mild,moderate,0.5567,0.23595,0.04573,0.55666,0.16167
crops/hibogi_ai_02878_png_7.jpg,hibogi_ai_02878_png,HIBOGI_AI_02878_png_jpg.rf.a81a1f68cd1ff52bcb687f0257563775.jpg,,1,0,mild,no_caries,0.7497,0.74969,0.05705,0.10931,0.08396
crops/hibogi_ai_02878_png_8.jpg,hibogi_ai_02878_png,HIBOGI_AI_02878_png_jpg.rf.a81a1f68cd1ff52bcb687f0257563775.jpg,,0,0,no_caries,no_caries,0.7293,0.72932,0.2123,0.02525,0.03313
crops/hibogi_ai_02878_png_9.jpg,hibogi_ai_02878_png,HIBOGI_AI_02878_png_jpg.rf.a81a1f68cd1ff52bcb687f0257563775.jpg,,0,0,no_caries,no_caries,0.484,0.48402,0.40458,0.05403,0.05737
crops/hibogi_ai_02878_png_10.jpg,hibogi_ai_02878_png,HIBOGI_AI_02878_png_jpg.rf.a81a1f68cd1ff52bcb687f0257563775.jpg,,0,0,no_caries,mild,0.5189,0.37036,0.51885,0.04622,0.06456
crops/hibogi_ai_02878_png_11.jpg,hibogi_ai_02878_png,HIBOGI_AI_02878_png_jpg.rf.a81a1f68cd1ff52bcb687f0257563775.jpg,,0,0,no_caries,no_caries,0.6008,0.60082,0.24293,0.09218,0.06407
crops/hibogi_ai_02878_png_12.jpg,hibogi_ai_02878_png,HIBOGI_AI_02878_png_jpg.rf.a81a1f68cd1ff52bcb687f0257563775.jpg,,1,0,mild,mild,0.4938,0.35353,0.49377,0.09426,0.05844
crops/hibogi_ai_02878_png_13.jpg,hibogi_ai_02878_png,HIBOGI_AI_02878_png_jpg.rf.a81a1f68cd1ff52bcb687f0257563775.jpg,,1,0,mild,mild,0.8185,0.1206,0.81846,0.05316,0.00777
crops/hibogi_ai_02878_png_14.jpg,hibogi_ai_02878_png,HIBOGI_AI_02878_png_jpg.rf.a81a1f68cd1ff52bcb687f0257563775.jpg,,0,0,no_caries,no_caries,0.4161,0.41606,0.40264,0.06515,0.11614
crops/hibogi_ai_02928_png_0.jpg,hibogi_ai_02928_png,HIBOGI_AI_02928_png_jpg.rf.75f5f4f04557d7d1454c7f37a2064ab4.jpg,,3,0,moderate,moderate,0.6502,0.06981,0.13778,0.6502,0.14221
crops/hibogi_ai_02928_png_1.jpg,hibogi_ai_02928_png,HIBOGI_AI_02928_png_jpg.rf.75f5f4f04557d7d1454c7f37a2064ab4.jpg,,3,0,moderate,mild,0.7541,0.05975,0.75414,0.10961,0.0765
crops/hibogi_ai_02928_png_2.jpg,hibogi_ai_02928_png,HIBOGI_AI_02928_png_jpg.rf.75f5f4f04557d7d1454c7f37a2064ab4.jpg,,5,0,advanced,advanced,0.5155,0.00883,0.10411,0.37161,0.51546
crops/hibogi_ai_02928_png_3.jpg,hibogi_ai_02928_png,HIBOGI_AI_02928_png_jpg.rf.75f5f4f04557d7d1454c7f37a2064ab4.jpg,,3,0,moderate,moderate,0.8992,0.00481,0.08078,0.89923,0.01518
crops/hibogi_ai_02928_png_4.jpg,hibogi_ai_02928_png,HIBOGI_AI_02928_png_jpg.rf.75f5f4f04557d7d1454c7f37a2064ab4.jpg,,3,0,moderate,mild,0.6516,0.03634,0.6516,0.27017,0.04189
crops/hibogi_ai_02928_png_5.jpg,hibogi_ai_02928_png,HIBOGI_AI_02928_png_jpg.rf.75f5f4f04557d7d1454c7f37a2064ab4.jpg,,2,0,mild,advanced,0.4565,0.05858,0.31924,0.16569,0.45649
crops/hibogi_ai_02928_png_6.jpg,hibogi_ai_02928_png,HIBOGI_AI_02928_png_jpg.rf.75f5f4f04557d7d1454c7f37a2064ab4.jpg,,2,0,mild,advanced,0.8796,0.00163,0.02057,0.09821,0.8796
crops/hibogi_ai_02928_png_7.jpg,hibogi_ai_02928_png,HIBOGI_AI_02928_png_jpg.rf.75f5f4f04557d7d1454c7f37a2064ab4.jpg,,2,0,mild,advanced,0.849,0.04104,0.0375,0.0725,0.84896
crops/hibogi_ai_02928_png_8.jpg,hibogi_ai_02928_png,HIBOGI_AI_02928_png_jpg.rf.75f5f4f04557d7d1454c7f37a2064ab4.jpg,,2,0,mild,mild,0.5156,0.19928,0.51563,0.15017,0.13493
crops/hibogi_ai_02928_png_9.jpg,hibogi_ai_02928_png,HIBOGI_AI_02928_png_jpg.rf.75f5f4f04557d7d1454c7f37a2064ab4.jpg,,2,0,mild,mild,0.5244,0.42131,0.5244,0.01722,0.03707
crops/hibogi_ai_02928_png_10.jpg,hibogi_ai_02928_png,HIBOGI_AI_02928_png_jpg.rf.75f5f4f04557d7d1454c7f37a2064ab4.jpg,,3,0,moderate,moderate,0.8971,0.01323,0.06496,0.89708,0.02473
crops/hibogi_ai_02928_png_11.jpg,hibogi_ai_02928_png,HIBOGI_AI_02928_png_jpg.rf.75f5f4f04557d7d1454c7f37a2064ab4.jpg,,3,0,moderate,moderate,0.8285,0.00572,0.14501,0.82849,0.02078
crops/hibogi_ai_02928_png_12.jpg,hibogi_ai_02928_png,HIBOGI_AI_02928_png_jpg.rf.75f5f4f04557d7d1454c7f37a2064ab4.jpg,,5,0,advanced,advanced,0.501,0.06478,0.32496,0.1093,0.50096
crops/hibogi_ai_02991_png_0.jpg,hibogi_ai_02991_png,HIBOGI_AI_02991_png_jpg.rf.be86b8dd9f1f9163efac72a7f29da4c9.jpg,,1,0,mild,mild,0.9213,0.0381,0.92128,0.0209,0.01972
crops/hibogi_ai_02991_png_1.jpg,hibogi_ai_02991_png,HIBOGI_AI_02991_png_jpg.rf.be86b8dd9f1f9163efac72a7f29da4c9.jpg,,3,0,moderate,mild,0.6015,0.00873,0.60152,0.38186,0.0079
crops/hibogi_ai_02991_png_2.jpg,hibogi_ai_02991_png,HIBOGI_AI_02991_png_jpg.rf.be86b8dd9f1f9163efac72a7f29da4c9.jpg,,3,0,moderate,mild,0.38,0.10191,0.37998,0.29885,0.21925
crops/hibogi_ai_02991_png_3.jpg,hibogi_ai_02991_png,HIBOGI_AI_02991_png_jpg.rf.be86b8dd9f1f9163efac72a7f29da4c9.jpg,,2,0,mild,mild,0.4758,0.10848,0.47578,0.32034,0.09539
crops/hibogi_ai_02991_png_4.jpg,hibogi_ai_02991_png,HIBOGI_AI_02991_png_jpg.rf.be86b8dd9f1f9163efac72a7f29da4c9.jpg,,0,0,no_caries,mild,0.7485,0.1697,0.74852,0.02452,0.05726
crops/hibogi_ai_02991_png_5.jpg,hibogi_ai_02991_png,HIBOGI_AI_02991_png_jpg.rf.be86b8dd9f1f9163efac72a7f29da4c9.jpg,,0,0,no_caries,no_caries,0.4527,0.45273,0.2788,0.20917,0.0593
crops/hibogi_ai_02991_png_6.jpg,hibogi_ai_02991_png,HIBOGI_AI_02991_png_jpg.rf.be86b8dd9f1f9163efac72a7f29da4c9.jpg,,0,0,no_caries,no_caries,0.8055,0.80552,0.09885,0.04779,0.04784
crops/hibogi_ai_02991_png_7.jpg,hibogi_ai_02991_png,HIBOGI_AI_02991_png_jpg.rf.be86b8dd9f1f9163efac72a7f29da4c9.jpg,,0,0,no_caries,no_caries,0.7463,0.74626,0.08276,0.07397,0.09701
crops/hibogi_ai_02991_png_8.jpg,hibogi_ai_02991_png,HIBOGI_AI_02991_png_jpg.rf.be86b8dd9f1f9163efac72a7f29da4c9.jpg,,0,0,no_caries,no_caries,0.7,0.70003,0.15625,0.06473,0.07898
crops/hibogi_ai_02991_png_9.jpg,hibogi_ai_02991_png,HIBOGI_AI_02991_png_jpg.rf.be86b8dd9f1f9163efac72a7f29da4c9.jpg,,0,0,no_caries,mild,0.385,0.38068,0.38501,0.14229,0.09203
crops/hibogi_ai_02991_png_10.jpg,hibogi_ai_02991_png,HIBOGI_AI_02991_png_jpg.rf.be86b8dd9f1f9163efac72a7f29da4c9.jpg,,0,0,no_caries,moderate,0.7219,0.05754,0.13997,0.72186,0.08063
crops/hibogi_ai_02991_png_11.jpg,hibogi_ai_02991_png,HIBOGI_AI_02991_png_jpg.rf.be86b8dd9f1f9163efac72a7f29da4c9.jpg,,0,0,no_caries,mild,0.8987,0.06192,0.89866,0.01908,0.02033
crops/hibogi_ai_02991_png_12.jpg,hibogi_ai_02991_png,HIBOGI_AI_02991_png_jpg.rf.be86b8dd9f1f9163efac72a7f29da4c9.jpg,,4,0,moderate,moderate,0.9021,0.00283,0.08268,0.90205,0.01243
crops/hibogi_ai_03021_png_0.jpg,hibogi_ai_03021_png,HIBOGI_AI_03021_png_jpg.rf.2fefa5efeaccff6978eadf3f80f56931.jpg,,2,0,mild,mild,0.3712,0.27265,0.37123,0.29619,0.05994
crops/hibogi_ai_03021_png_1.jpg,hibogi_ai_03021_png,HIBOGI_AI_03021_png_jpg.rf.2fefa5efeaccff6978eadf3f80f56931.jpg,,6,0,advanced,advanced,0.9555,0.00669,0.01872,0.01904,0.95554
crops/hibogi_ai_03021_png_2.jpg,hibogi_ai_03021_png,HIBOGI_AI_03021_png_jpg.rf.2fefa5efeaccff6978eadf3f80f56931.jpg,,3,0,moderate,mild,0.5182,0.09242,0.51821,0.36169,0.02768
crops/hibogi_ai_03021_png_3.jpg,hibogi_ai_03021_png,HIBOGI_AI_03021_png_jpg.rf.2fefa5efeaccff6978eadf3f80f56931.jpg,,2,0,mild,moderate,0.3885,0.15813,0.24476,0.38847,0.20864
crops/hibogi_ai_03021_png_4.jpg,hibogi_ai_03021_png,HIBOGI_AI_03021_png_jpg.rf.2fefa5efeaccff6978eadf3f80f56931.jpg,,1,0,mild,mild,0.5551,0.28856,0.55514,0.05715,0.09916
crops/hibogi_ai_03021_png_5.jpg,hibogi_ai_03021_png,HIBOGI_AI_03021_png_jpg.rf.2fefa5efeaccff6978eadf3f80f56931.jpg,,2,0,mild,mild,0.6889,0.24536,0.68892,0.00723,0.05848
crops/hibogi_ai_03021_png_6.jpg,hibogi_ai_03021_png,HIBOGI_AI_03021_png_jpg.rf.2fefa5efeaccff6978eadf3f80f56931.jpg,,2,0,mild,mild,0.4485,0.40365,0.4485,0.03509,0.11276
crops/hibogi_ai_03021_png_7.jpg,hibogi_ai_03021_png,HIBOGI_AI_03021_png_jpg.rf.2fefa5efeaccff6978eadf3f80f56931.jpg,,2,0,mild,no_caries,0.7546,0.75461,0.16931,0.02386,0.05223
crops/hibogi_ai_03021_png_8.jpg,hibogi_ai_03021_png,HIBOGI_AI_03021_png_jpg.rf.2fefa5efeaccff6978eadf3f80f56931.jpg,,2,0,mild,mild,0.8674,0.06595,0.86743,0.04933,0.01729
crops/hibogi_ai_03021_png_9.jpg,hibogi_ai_03021_png,HIBOGI_AI_03021_png_jpg.rf.2fefa5efeaccff6978eadf3f80f56931.jpg,,2,0,mild,mild,0.5449,0.3077,0.54487,0.08629,0.06114
crops/hibogi_ai_03021_png_10.jpg,hibogi_ai_03021_png,HIBOGI_AI_03021_png_jpg.rf.2fefa5efeaccff6978eadf3f80f56931.jpg,,2,0,mild,moderate,0.4156,0.02057,0.33095,0.41555,0.23293
crops/hibogi_ai_03021_png_11.jpg,hibogi_ai_03021_png,HIBOGI_AI_03021_png_jpg.rf.2fefa5efeaccff6978eadf3f80f56931.jpg,,3,0,moderate,mild,0.611,0.04216,0.611,0.14184,0.20499
crops/hibogi_ai_03021_png_12.jpg,hibogi_ai_03021_png,HIBOGI_AI_03021_png_jpg.rf.2fefa5efeaccff6978eadf3f80f56931.jpg,,5,0,advanced,moderate,0.8152,0.01003,0.01371,0.81521,0.16105
crops/hibogi_ai_03058_png_0.jpg,hibogi_ai_03058_png,HIBOGI_AI_03058_png_jpg.rf.7ffeddff62109c7ffbe44d80585a04a9.jpg,,0,0,no_caries,no_caries,0.7428,0.74284,0.11471,0.0522,0.09025
crops/hibogi_ai_03058_png_1.jpg,hibogi_ai_03058_png,HIBOGI_AI_03058_png_jpg.rf.7ffeddff62109c7ffbe44d80585a04a9.jpg,,0,0,no_caries,no_caries,0.5714,0.57139,0.31468,0.01514,0.09878
crops/hibogi_ai_03058_png_2.jpg,hibogi_ai_03058_png,HIBOGI_AI_03058_png_jpg.rf.7ffeddff62109c7ffbe44d80585a04a9.jpg,,1,0,mild,no_caries,0.5608,0.56084,0.31656,0.0772,0.04541
crops/hibogi_ai_03058_png_3.jpg,hibogi_ai_03058_png,HIBOGI_AI_03058_png_jpg.rf.7ffeddff62109c7ffbe44d80585a04a9.jpg,,2,0,mild,advanced,0.5461,0.00588,0.42653,0.02151,0.54607
crops/hibogi_ai_03058_png_4.jpg,hibogi_ai_03058_png,HIBOGI_AI_03058_png_jpg.rf.7ffeddff62109c7ffbe44d80585a04a9.jpg,,2,0,mild,mild,0.7351,0.04206,0.73512,0.08864,0.13417
crops/hibogi_ai_03058_png_5.jpg,hibogi_ai_03058_png,HIBOGI_AI_03058_png_jpg.rf.7ffeddff62109c7ffbe44d80585a04a9.jpg,,2,0,mild,moderate,0.6552,0.00089,0.0203,0.65523,0.32358
crops/hibogi_ai_03058_png_6.jpg,hibogi_ai_03058_png,HIBOGI_AI_03058_png_jpg.rf.7ffeddff62109c7ffbe44d80585a04a9.jpg,,5,0,advanced,advanced,0.9092,0.00972,0.03181,0.04928,0.90919
crops/hibogi_ai_03058_png_7.jpg,hibogi_ai_03058_png,HIBOGI_AI_03058_png_jpg.rf.7ffeddff62109c7ffbe44d80585a04a9.jpg,,2,0,mild,mild,0.7811,0.13038,0.78109,0.04902,0.03952
crops/hibogi_ai_03058_png_8.jpg,hibogi_ai_03058_png,HIBOGI_AI_03058_png_jpg.rf.7ffeddff62109c7ffbe44d80585a04a9.jpg,,5,0,advanced,mild,0.7724,0.01164,0.77245,0.17048,0.04544
crops/hibogi_ai_03137_png_0.jpg,hibogi_ai_03137_png,HIBOGI_AI_03137_png_jpg.rf.19c88bbe066a1ea611a8d9dc416bd2cc.jpg,,3,0,moderate,mild,0.4022,0.17377,0.40221,0.19788,0.22614
crops/hibogi_ai_03137_png_1.jpg,hibogi_ai_03137_png,HIBOGI_AI_03137_png_jpg.rf.19c88bbe066a1ea611a8d9dc416bd2cc.jpg,,2,0,mild,no_caries,0.8148,0.81476,0.02333,0.13632,0.02559
crops/hibogi_ai_03137_png_2.jpg,hibogi_ai_03137_png,HIBOGI_AI_03137_png_jpg.rf.19c88bbe066a1ea611a8d9dc416bd2cc.jpg,,1,0,mild,mild,0.8141,0.0337,0.81412,0.10081,0.05137
crops/hibogi_ai_03137_png_3.jpg,hibogi_ai_03137_png,HIBOGI_AI_03137_png_jpg.rf.19c88bbe066a1ea611a8d9dc416bd2cc.jpg,,0,0,no_caries,no_caries,0.832,0.832,0.06273,0.04794,0.05733
crops/hibogi_ai_03137_png_4.jpg,hibogi_ai_03137_png,HIBOGI_AI_03137_png_jpg.rf.19c88bbe066a1ea611a8d9dc416bd2cc.jpg,,0,0,no_caries,no_caries,0.7234,0.72341,0.11324,0.09701,0.06635
crops/hibogi_ai_03137_png_5.jpg,hibogi_ai_03137_png,HIBOGI_AI_03137_png_jpg.rf.19c88bbe066a1ea611a8d9dc416bd2cc.jpg,,0,0,no_caries,no_caries,0.7614,0.76137,0.07378,0.06624,0.0986
crops/hibogi_ai_03137_png_6.jpg,hibogi_ai_03137_png,HIBOGI_AI_03137_png_jpg.rf.19c88bbe066a1ea611a8d9dc416bd2cc.jpg,,0,0,no_caries,no_caries,0.8014,0.80143,0.0515,0.11807,0.029
crops/hibogi_ai_03180_png_0.jpg,hibogi_ai_03180_png,HIBOGI_AI_03180_png_jpg.rf.9d023e2366186ed7e79361a03a9a8bfc.jpg,,3,0,moderate,mild,0.4686,0.43862,0.46857,0.04528,0.04754
crops/hibogi_ai_03180_png_1.jpg,hibogi_ai_03180_png,HIBOGI_AI_03180_png_jpg.rf.9d023e2366186ed7e79361a03a9a8bfc.jpg,,1,0,mild,mild,0.5477,0.32786,0.54769,0.05512,0.06934
crops/hibogi_ai_03180_png_2.jpg,hibogi_ai_03180_png,HIBOGI_AI_03180_png_jpg.rf.9d023e2366186ed7e79361a03a9a8bfc.jpg,,0,0,no_caries,no_caries,0.7624,0.76244,0.12293,0.04734,0.06729
crops/hibogi_ai_03180_png_3.jpg,hibogi_ai_03180_png,HIBOGI_AI_03180_png_jpg.rf.9d023e2366186ed7e79361a03a9a8bfc.jpg,,0,0,no_caries,no_caries,0.7369,0.73691,0.11617,0.06653,0.08039
crops/hibogi_ai_03180_png_4.jpg,hibogi_ai_03180_png,HIBOGI_AI_03180_png_jpg.rf.9d023e2366186ed7e79361a03a9a8bfc.jpg,,0,0,no_caries,no_caries,0.7517,0.75167,0.04007,0.13329,0.07497
crops/hibogi_ai_03180_png_5.jpg,hibogi_ai_03180_png,HIBOGI_AI_03180_png_jpg.rf.9d023e2366186ed7e79361a03a9a8bfc.jpg,,0,0,no_caries,no_caries,0.8261,0.82611,0.05589,0.05746,0.06054
crops/hibogi_ai_03180_png_6.jpg,hibogi_ai_03180_png,HIBOGI_AI_03180_png_jpg.rf.9d023e2366186ed7e79361a03a9a8bfc.jpg,,0,0,no_caries,no_caries,0.7165,0.71653,0.11461,0.03677,0.13209
crops/hibogi_ai_03180_png_7.jpg,hibogi_ai_03180_png,HIBOGI_AI_03180_png_jpg.rf.9d023e2366186ed7e79361a03a9a8bfc.jpg,,0,0,no_caries,no_caries,0.8459,0.84587,0.04959,0.0532,0.05134
crops/hibogi_ai_03180_png_8.jpg,hibogi_ai_03180_png,HIBOGI_AI_03180_png_jpg.rf.9d023e2366186ed7e79361a03a9a8bfc.jpg,,0,0,no_caries,no_caries,0.7983,0.79828,0.10472,0.03184,0.06516
crops/hibogi_ai_03180_png_9.jpg,hibogi_ai_03180_png,HIBOGI_AI_03180_png_jpg.rf.9d023e2366186ed7e79361a03a9a8bfc.jpg,,0,0,no_caries,no_caries,0.8364,0.83639,0.04803,0.05277,0.06281
crops/hibogi_ai_03180_png_10.jpg,hibogi_ai_03180_png,HIBOGI_AI_03180_png_jpg.rf.9d023e2366186ed7e79361a03a9a8bfc.jpg,,0,0,no_caries,no_caries,0.8373,0.83734,0.06727,0.03797,0.05742
crops/hibogi_ai_03180_png_11.jpg,hibogi_ai_03180_png,HIBOGI_AI_03180_png_jpg.rf.9d023e2366186ed7e79361a03a9a8bfc.jpg,,0,0,no_caries,no_caries,0.9062,0.90623,0.02609,0.03841,0.02927
crops/hibogi_ai_03180_png_12.jpg,hibogi_ai_03180_png,HIBOGI_AI_03180_png_jpg.rf.9d023e2366186ed7e79361a03a9a8bfc.jpg,,0,0,no_caries,no_caries,0.9346,0.93457,0.01367,0.0284,0.02336
crops/hibogi_ai_03180_png_13.jpg,hibogi_ai_03180_png,HIBOGI_AI_03180_png_jpg.rf.9d023e2366186ed7e79361a03a9a8bfc.jpg,,0,0,no_caries,no_caries,0.9057,0.90573,0.02037,0.03008,0.04381
crops/hibogi_ai_03194_png_0.jpg,hibogi_ai_03194_png,HIBOGI_AI_03194_png_jpg.rf.86670fe349fb0079f7d4683a818eeb9e.jpg,,0,0,no_caries,no_caries,0.8547,0.85467,0.01688,0.07489,0.05356
crops/hibogi_ai_03194_png_1.jpg,hibogi_ai_03194_png,HIBOGI_AI_03194_png_jpg.rf.86670fe349fb0079f7d4683a818eeb9e.jpg,,0,0,no_caries,no_caries,0.8008,0.80082,0.06469,0.05511,0.07938
crops/hibogi_ai_03194_png_2.jpg,hibogi_ai_03194_png,HIBOGI_AI_03194_png_jpg.rf.86670fe349fb0079f7d4683a818eeb9e.jpg,,0,0,no_caries,no_caries,0.8296,0.82963,0.04755,0.04968,0.07315
crops/hibogi_ai_03194_png_3.jpg,hibogi_ai_03194_png,HIBOGI_AI_03194_png_jpg.rf.86670fe349fb0079f7d4683a818eeb9e.jpg,,0,0,no_caries,no_caries,0.774,0.77395,0.1334,0.0358,0.05685
crops/hibogi_ai_03194_png_4.jpg,hibogi_ai_03194_png,HIBOGI_AI_03194_png_jpg.rf.86670fe349fb0079f7d4683a818eeb9e.jpg,,0,0,no_caries,no_caries,0.764,0.76405,0.03849,0.11092,0.08654
crops/hibogi_ai_03194_png_5.jpg,hibogi_ai_03194_png,HIBOGI_AI_03194_png_jpg.rf.86670fe349fb0079f7d4683a818eeb9e.jpg,,0,0,no_caries,no_caries,0.7515,0.75148,0.10624,0.04164,0.10065
crops/hibogi_ai_03194_png_6.jpg,hibogi_ai_03194_png,HIBOGI_AI_03194_png_jpg.rf.86670fe349fb0079f7d4683a818eeb9e.jpg,,0,0,no_caries,no_caries,0.7524,0.7524,0.14579,0.05834,0.04346
crops/hibogi_ai_03194_png_7.jpg,hibogi_ai_03194_png,HIBOGI_AI_03194_png_jpg.rf.86670fe349fb0079f7d4683a818eeb9e.jpg,,0,0,no_caries,no_caries,0.8171,0.81707,0.08323,0.02173,0.07797
crops/hibogi_ai_03333_png_0.jpg,hibogi_ai_03333_png,HIBOGI_AI_03333_png_jpg.rf.47643e6b931d62469b61dec4d869532a.jpg,,0,0,no_caries,no_caries,0.7448,0.74481,0.07018,0.05442,0.1306
crops/hibogi_ai_03333_png_1.jpg,hibogi_ai_03333_png,HIBOGI_AI_03333_png_jpg.rf.47643e6b931d62469b61dec4d869532a.jpg,,2,0,mild,no_caries,0.551,0.55096,0.3901,0.02547,0.03347
crops/hibogi_ai_03333_png_2.jpg,hibogi_ai_03333_png,HIBOGI_AI_03333_png_jpg.rf.47643e6b931d62469b61dec4d869532a.jpg,,0,0,no_caries,no_caries,0.7742,0.77425,0.14058,0.03686,0.04831
crops/hibogi_ai_03333_png_3.jpg,hibogi_ai_03333_png,HIBOGI_AI_03333_png_jpg.rf.47643e6b931d62469b61dec4d869532a.jpg,,0,0,no_caries,no_caries,0.7436,0.74363,0.10968,0.06468,0.082
crops/hibogi_ai_03333_png_4.jpg,hibogi_ai_03333_png,HIBOGI_AI_03333_png_jpg.rf.47643e6b931d62469b61dec4d869532a.jpg,,0,0,no_caries,no_caries,0.8151,0.81508,0.08651,0.05456,0.04385
crops/hibogi_ai_03333_png_5.jpg,hibogi_ai_03333_png,HIBOGI_AI_03333_png_jpg.rf.47643e6b931d62469b61dec4d869532a.jpg,,0,0,no_caries,no_caries,0.7722,0.77215,0.05909,0.08009,0.08867
crops/hibogi_ai_03333_png_6.jpg,hibogi_ai_03333_png,HIBOGI_AI_03333_png_jpg.rf.47643e6b931d62469b61dec4d869532a.jpg,,0,0,no_caries,no_caries,0.7675,0.76754,0.07108,0.05478,0.1066
crops/hibogi_ai_03333_png_7.jpg,hibogi_ai_03333_png,HIBOGI_AI_03333_png_jpg.rf.47643e6b931d62469b61dec4d869532a.jpg,,0,0,no_caries,no_caries,0.7651,0.76515,0.14673,0.06054,0.02758
crops/hibogi_ai_03333_png_8.jpg,hibogi_ai_03333_png,HIBOGI_AI_03333_png_jpg.rf.47643e6b931d62469b61dec4d869532a.jpg,,0,0,no_caries,no_caries,0.3793,0.37935,0.35896,0.20422,0.05747
crops/hibogi_ai_03333_png_9.jpg,hibogi_ai_03333_png,HIBOGI_AI_03333_png_jpg.rf.47643e6b931d62469b61dec4d869532a.jpg,,3,0,moderate,no_caries,0.4504,0.45036,0.22928,0.30799,0.01237
crops/hibogi_ai_03336_png_0.jpg,hibogi_ai_03336_png,HIBOGI_AI_03336_png_jpg.rf.9d2ea201f12f33f7124eca9d4f01324e.jpg,,5,0,advanced,moderate,0.8468,0.0045,0.13629,0.84681,0.0124
crops/hibogi_ai_03336_png_1.jpg,hibogi_ai_03336_png,HIBOGI_AI_03336_png_jpg.rf.9d2ea201f12f33f7124eca9d4f01324e.jpg,,5,0,advanced,moderate,0.8298,0.0033,0.1016,0.82984,0.06526
crops/hibogi_ai_03336_png_2.jpg,hibogi_ai_03336_png,HIBOGI_AI_03336_png_jpg.rf.9d2ea201f12f33f7124eca9d4f01324e.jpg,,5,0,advanced,advanced,0.5689,0.00081,0.00242,0.42785,0.56892
crops/hibogi_ai_03336_png_3.jpg,hibogi_ai_03336_png,HIBOGI_AI_03336_png_jpg.rf.9d2ea201f12f33f7124eca9d4f01324e.jpg,,0,0,no_caries,no_caries,0.834,0.83401,0.09633,0.02149,0.04817
crops/hibogi_ai_03336_png_4.jpg,hibogi_ai_03336_png,HIBOGI_AI_03336_png_jpg.rf.9d2ea201f12f33f7124eca9d4f01324e.jpg,,0,0,no_caries,no_caries,0.9005,0.90049,0.02982,0.03667,0.03302
crops/hibogi_ai_03336_png_5.jpg,hibogi_ai_03336_png,HIBOGI_AI_03336_png_jpg.rf.9d2ea201f12f33f7124eca9d4f01324e.jpg,,0,0,no_caries,no_caries,0.8097,0.80971,0.05823,0.05199,0.08007
crops/hibogi_ai_03336_png_6.jpg,hibogi_ai_03336_png,HIBOGI_AI_03336_png_jpg.rf.9d2ea201f12f33f7124eca9d4f01324e.jpg,,0,0,no_caries,no_caries,0.8829,0.88289,0.04248,0.03697,0.03765
crops/hibogi_ai_03336_png_7.jpg,hibogi_ai_03336_png,HIBOGI_AI_03336_png_jpg.rf.9d2ea201f12f33f7124eca9d4f01324e.jpg,,0,0,no_caries,no_caries,0.9134,0.91335,0.01634,0.03027,0.04003
crops/hibogi_ai_03336_png_8.jpg,hibogi_ai_03336_png,HIBOGI_AI_03336_png_jpg.rf.9d2ea201f12f33f7124eca9d4f01324e.jpg,,0,0,no_caries,no_caries,0.6889,0.68888,0.1872,0.05123,0.07269
crops/hibogi_ai_03336_png_9.jpg,hibogi_ai_03336_png,HIBOGI_AI_03336_png_jpg.rf.9d2ea201f12f33f7124eca9d4f01324e.jpg,,0,0,no_caries,mild,0.5112,0.02207,0.5112,0.45931,0.00741
crops/hibogi_ai_03336_png_10.jpg,hibogi_ai_03336_png,HIBOGI_AI_03336_png_jpg.rf.9d2ea201f12f33f7124eca9d4f01324e.jpg,,4,0,moderate,mild,0.5252,0.00471,0.52524,0.4608,0.00924
crops/hibogi_ai_03336_png_11.jpg,hibogi_ai_03336_png,HIBOGI_AI_03336_png_jpg.rf.9d2ea201f12f33f7124eca9d4f01324e.jpg,,5,0,advanced,advanced,0.7007,0.00856,0.01422,0.27647,0.70074
