crop,patient_id,image,fdi,icdas,fold,true,pred,confidence,p_no_caries,p_mild,p_moderate,p_advanced
crops/-10-_0.jpg,-10-,-10-_jpg.rf.85806b3c3d7496428912c8a14731318b.jpg,,0,0,no_caries,no_caries,0.4559,0.45589,0.33558,0.10001,0.10851
crops/-10-_1.jpg,-10-,-10-_jpg.rf.85806b3c3d7496428912c8a14731318b.jpg,,0,0,no_caries,no_caries,0.4317,0.43172,0.41004,0.08876,0.06947
crops/-10-_2.jpg,-10-,-10-_jpg.rf.85806b3c3d7496428912c8a14731318b.jpg,,0,0,no_caries,no_caries,0.4083,0.40831,0.37003,0.11168,0.10999
crops/-10-_3.jpg,-10-,-10-_jpg.rf.85806b3c3d7496428912c8a14731318b.jpg,,0,0,no_caries,mild,0.4913,0.3098,0.49127,0.16531,0.03362
crops/-10-_4.jpg,-10-,-10-_jpg.rf.85806b3c3d7496428912c8a14731318b.jpg,,2,0,mild,mild,0.7485,0.13004,0.74854,0.09858,0.02283
crops/-10-_5.jpg,-10-,-10-_jpg.rf.85806b3c3d7496428912c8a14731318b.jpg,,0,0,no_caries,mild,0.5817,0.22349,0.58167,0.16346,0.03138
crops/-10-_6.jpg,-10-,-10-_jpg.rf.85806b3c3d7496428912c8a14731318b.jpg,,0,0,no_caries,mild,0.8396,0.12004,0.83962,0.02054,0.01979
crops/-10-_7.jpg,-10-,-10-_jpg.rf.85806b3c3d7496428912c8a14731318b.jpg,,0,0,no_caries,mild,0.7623,0.11101,0.76226,0.06622,0.06051
crops/-10-_8.jpg,-10-,-10-_jpg.rf.85806b3c3d7496428912c8a14731318b.jpg,,0,0,no_caries,mild,0.715,0.18885,0.71504,0.06065,0.03546
crops/-10-_9.jpg,-10-,-10-_jpg.rf.85806b3c3d7496428912c8a14731318b.jpg,,2,0,mild,mild,0.5325,0.19891,0.53249,0.23524,0.03337
crops/-10-_10.jpg,-10-,-10-_jpg.rf.85806b3c3d7496428912c8a14731318b.jpg,,5,0,advanced,advanced,0.8347,0.00266,0.06248,0.10017,0.83469
crops/-10-_11.jpg,-10-,-10-_jpg.rf.85806b3c3d7496428912c8a14731318b.jpg,,0,0,no_caries,mild,0.66,0.21122,0.66001,0.08215,0.04662
crops/-10-_12.jpg,-10-,-10-_jpg.rf.85806b3c3d7496428912c8a14731318b.jpg,,0,0,no_caries,mild,0.5503,0.34826,0.55031,0.05365,0.04779
crops/-10-_13.jpg,-10-,-10-_jpg.rf.85806b3c3d7496428912c8a14731318b.jpg,,0,0,no_caries,no_caries,0.7132,0.71325,0.19713,0.06588,0.02374
crops/-10-_14.jpg,-10-,-10-_jpg.rf.85806b3c3d7496428912c8a14731318b.jpg,,0,0,no_caries,no_caries,0.6174,0.61739,0.19653,0.11505,0.07104
crops/-10-_15.jpg,-10-,-10-_jpg.rf.85806b3c3d7496428912c8a14731318b.jpg,,0,0,no_caries,mild,0.4308,0.42961,0.43075,0.1077,0.03195
crops/-10-_16.jpg,-10-,-10-_jpg.rf.85806b3c3d7496428912c8a14731318b.jpg,,0,0,no_caries,mild,0.6126,0.28916,0.61259,0.07266,0.02559
crops/-10-_17.jpg,-10-,-10-_jpg.rf.85806b3c3d7496428912c8a14731318b.jpg,,2,0,mild,mild,0.8512,0.06439,0.85116,0.06819,0.01627
crops/-10-_18.jpg,-10-,-10-_jpg.rf.85806b3c3d7496428912c8a14731318b.jpg,,0,0,no_caries,mild,0.6301,0.23898,0.63006,0.09697,0.03399
crops/-10-_19.jpg,-10-,-10-_jpg.rf.85806b3c3d7496428912c8a14731318b.jpg,,5,0,advanced,advanced,0.46,0.00812,0.08901,0.44282,0.46005
crops/-10-_20.jpg,-10-,-10-_jpg.rf.85806b3c3d7496428912c8a14731318b.jpg,,2,0,mild,mild,0.6665,0.12201,0.66651,0.15038,0.06111
crops/-10-_21.jpg,-10-,-10-_jpg.rf.85806b3c3d7496428912c8a14731318b.jpg,,2,0,mild,mild,0.4362,0.33749,0.43625,0.11297,0.1133
crops/-10-_22.jpg,-10-,-10-_jpg.rf.85806b3c3d7496428912c8a14731318b.jpg,,0,0,no_caries,mild,0.4314,0.27376,0.43143,0.23249,0.06232
crops/-10-_23.jpg,-10-,-10-_jpg.rf.85806b3c3d7496428912c8a14731318b.jpg,,0,0,no_caries,no_caries,0.4683,0.46832,0.37644,0.1099,0.04534
crops/-10-_24.jpg,-10-,-10-_jpg.rf.85806b3c3d7496428912c8a14731318b.jpg,,0,0,no_caries,no_caries,0.6279,0.62795,0.28675,0.06928,0.01603
crops/-10-_25.jpg,-10-,-10-_jpg.rf.85806b3c3d7496428912c8a14731318b.jpg,,0,0,no_caries,no_caries,0.6758,0.67582,0.13266,0.13497,0.05655
crops/005_00259_03_a091_0.jpg,005_00259_03_a091,005_00259_03_a091_jpg.rf.1c375e438ab34508efd1738845150cd0.jpg,,1,0,mild,no_caries,0.6117,0.61169,0.2861,0.07239,0.02983
crops/005_00259_03_a091_1.jpg,005_00259_03_a091,005_00259_03_a091_jpg.rf.1c375e438ab34508efd1738845150cd0.jpg,,1,0,mild,no_caries,0.576,0.57599,0.22026,0.13391,0.06984
crops/005_00259_03_a091_2.jpg,005_00259_03_a091,005_00259_03_a091_jpg.rf.1c375e438ab34508efd1738845150cd0.jpg,,0,0,no_caries,no_caries,0.6066,0.60655,0.26341,0.08574,0.0443
crops/005_00259_03_a091_3.jpg,005_00259_03_a091,005_00259_03_a091_jpg.rf.1c375e438ab34508efd1738845150cd0.jpg,,5,0,advanced,moderate,0.6901,0.00769,0.01908,0.69013,0.2831
crops/005_00259_03_a091_4.jpg,005_00259_03_a091,005_00259_03_a091_jpg.rf.1c375e438ab34508efd1738845150cd0.jpg,,0,0,no_caries,mild,0.4003,0.12191,0.40031,0.07771,0.40008
crops/005_00259_03_a091_5.jpg,005_00259_03_a091,005_00259_03_a091_jpg.rf.1c375e438ab34508efd1738845150cd0.jpg,,0,0,no_caries,no_caries,0.6733,0.67328,0.20411,0.08539,0.03722
crops/005_00259_03_a091_6.jpg,005_00259_03_a091,005_00259_03_a091_jpg.rf.1c375e438ab34508efd1738845150cd0.jpg,,0,0,no_caries,no_caries,0.6164,0.61643,0.20421,0.13923,0.04012
crops/005_00259_03_a091_7.jpg,005_00259_03_a091,005_00259_03_a091_jpg.rf.1c375e438ab34508efd1738845150cd0.jpg,,0,0,no_caries,no_caries,0.4964,0.49639,0.11725,0.33801,0.04835
crops/005_00259_03_a091_8.jpg,005_00259_03_a091,005_00259_03_a091_jpg.rf.1c375e438ab34508efd1738845150cd0.jpg,,0,0,no_caries,no_caries,0.5745,0.57451,0.25135,0.12852,0.04562
crops/005_00259_03_a091_9.jpg,005_00259_03_a091,005_00259_03_a091_jpg.rf.1c375e438ab34508efd1738845150cd0.jpg,,0,0,no_caries,no_caries,0.5741,0.57411,0.16414,0.23364,0.02812
crops/005_00259_03_a091_10.jpg,005_00259_03_a091,005_00259_03_a091_jpg.rf.1c375e438ab34508efd1738845150cd0.jpg,,0,0,no_caries,no_caries,0.6883,0.68833,0.0708,0.16799,0.07288
crops/010_00506_10_a091_0.jpg,010_00506_10_a091,010_00506_10_a091_jpg.rf.c57782fddd7535d7e2b351508322fb8e.jpg,,2,0,mild,moderate,0.5615,0.10359,0.23782,0.56146,0.09713
crops/010_00506_10_a091_1.jpg,010_00506_10_a091,010_00506_10_a091_jpg.rf.c57782fddd7535d7e2b351508322fb8e.jpg,,4,0,moderate,mild,0.5484,0.04801,0.54839,0.38852,0.01507
crops/010_00506_10_a091_2.jpg,010_00506_10_a091,010_00506_10_a091_jpg.rf.c57782fddd7535d7e2b351508322fb8e.jpg,,2,0,mild,no_caries,0.6374,0.63743,0.1771,0.14099,0.04448
crops/010_00506_10_a091_3.jpg,010_00506_10_a091,010_00506_10_a091_jpg.rf.c57782fddd7535d7e2b351508322fb8e.jpg,,4,0,moderate,no_caries,0.5985,0.5985,0.16515,0.2017,0.03465
crops/010_00506_10_a091_4.jpg,010_00506_10_a091,010_00506_10_a091_jpg.rf.c57782fddd7535d7e2b351508322fb8e.jpg,,3,0,moderate,no_caries,0.3496,0.34962,0.32892,0.22984,0.09162
crops/010_00506_10_a091_5.jpg,010_00506_10_a091,010_00506_10_a091_jpg.rf.c57782fddd7535d7e2b351508322fb8e.jpg,,0,0,no_caries,no_caries,0.713,0.71297,0.07415,0.14415,0.06873
crops/010_00506_10_a091_6.jpg,010_00506_10_a091,010_00506_10_a091_jpg.rf.c57782fddd7535d7e2b351508322fb8e.jpg,,0,0,no_caries,no_caries,0.7454,0.74539,0.02462,0.18333,0.04666
crops/010_00550_12_a091_0.jpg,010_00550_12_a091,010_00550_12_a091_jpg.rf.1c3993d9b87000928c818765215902ac.jpg,,3,0,moderate,mild,0.3413,0.31253,0.3413,0.32819,0.01799
crops/010_00550_12_a091_1.jpg,010_00550_12_a091,010_00550_12_a091_jpg.rf.1c3993d9b87000928c818765215902ac.jpg,,0,0,no_caries,mild,0.4521,0.27626,0.4521,0.21799,0.05364
crops/010_00550_12_a091_2.jpg,010_00550_12_a091,010_00550_12_a091_jpg.rf.1c3993d9b87000928c818765215902ac.jpg,,0,0,no_caries,no_caries,0.7364,0.73638,0.14131,0.10853,0.01378
crops/010_00550_12_a091_3.jpg,010_00550_12_a091,010_00550_12_a091_jpg.rf.1c3993d9b87000928c818765215902ac.jpg,,0,0,no_caries,no_caries,0.5026,0.50262,0.25184,0.21642,0.02912
crops/010_00550_12_a091_4.jpg,010_00550_12_a091,010_00550_12_a091_jpg.rf.1c3993d9b87000928c818765215902ac.jpg,,2,0,mild,mild,0.574,0.11423,0.57398,0.20989,0.10189
crops/010_00550_12_a091_5.jpg,010_00550_12_a091,010_00550_12_a091_jpg.rf.1c3993d9b87000928c818765215902ac.jpg,,2,0,mild,no_caries,0.4003,0.40029,0.3157,0.25149,0.03251
crops/010_00550_12_a091_6.jpg,010_00550_12_a091,010_00550_12_a091_jpg.rf.1c3993d9b87000928c818765215902ac.jpg,,0,0,no_caries,mild,0.4379,0.09801,0.43786,0.37775,0.08639
crops/010_00550_12_a091_7.jpg,010_00550_12_a091,010_00550_12_a091_jpg.rf.1c3993d9b87000928c818765215902ac.jpg,,1,0,mild,mild,0.3934,0.30014,0.39343,0.26704,0.03939
crops/010_00550_12_a091_8.jpg,010_00550_12_a091,010_00550_12_a091_jpg.rf.1c3993d9b87000928c818765215902ac.jpg,,3,0,moderate,moderate,0.7836,0.01397,0.19761,0.7836,0.00482
crops/010_00550_12_a091_9.jpg,010_00550_12_a091,010_00550_12_a091_jpg.rf.1c3993d9b87000928c818765215902ac.jpg,,3,0,moderate,moderate,0.4288,0.10614,0.41987,0.42885,0.04515
crops/011_00510_05_a091_0.jpg,011_00510_05_a091,011_00510_05_a091_jpg.rf.7e1bf798d94c1cc8027e98105193c7fc.jpg,,0,0,no_caries,no_caries,0.4632,0.46325,0.32649,0.16895,0.04131
crops/011_00510_05_a091_1.jpg,011_00510_05_a091,011_00510_05_a091_jpg.rf.7e1bf798d94c1cc8027e98105193c7fc.jpg,,0,0,no_caries,no_caries,0.491,0.49099,0.45122,0.03937,0.01841
crops/011_00510_05_a091_2.jpg,011_00510_05_a091,011_00510_05_a091_jpg.rf.7e1bf798d94c1cc8027e98105193c7fc.jpg,,0,0,no_caries,no_caries,0.6159,0.61592,0.30263,0.04937,0.03208
crops/011_00510_05_a091_3.jpg,011_00510_05_a091,011_00510_05_a091_jpg.rf.7e1bf798d94c1cc8027e98105193c7fc.jpg,,1,0,mild,mild,0.5299,0.35818,0.52986,0.06637,0.04559
crops/011_00510_05_a091_4.jpg,011_00510_05_a091,011_00510_05_a091_jpg.rf.7e1bf798d94c1cc8027e98105193c7fc.jpg,,1,0,mild,mild,0.4724,0.39819,0.47244,0.1097,0.01967
crops/011_00510_05_a091_5.jpg,011_00510_05_a091,011_00510_05_a091_jpg.rf.7e1bf798d94c1cc8027e98105193c7fc.jpg,,0,0,no_caries,no_caries,0.4798,0.47984,0.41412,0.08548,0.02056
crops/011_00510_05_a091_6.jpg,011_00510_05_a091,011_00510_05_a091_jpg.rf.7e1bf798d94c1cc8027e98105193c7fc.jpg,,0,0,no_caries,no_caries,0.5955,0.59554,0.31277,0.07035,0.02134
crops/011_00510_05_a091_7.jpg,011_00510_05_a091,011_00510_05_a091_jpg.rf.7e1bf798d94c1cc8027e98105193c7fc.jpg,,0,0,no_caries,no_caries,0.549,0.54903,0.34894,0.05293,0.04911
crops/012_00399_07_a091_0.jpg,012_00399_07_a091,012_00399_07_a091_jpg.rf.d006f8edf3351c3cf1b06aaddb42c194.jpg,,5,0,advanced,advanced,0.8458,0.00949,0.13265,0.01205,0.84581
crops/012_00399_07_a091_1.jpg,012_00399_07_a091,012_00399_07_a091_jpg.rf.d006f8edf3351c3cf1b06aaddb42c194.jpg,,5,0,advanced,advanced,0.9453,0.00516,0.0213,0.02819,0.94535
crops/012_00399_07_a091_2.jpg,012_00399_07_a091,012_00399_07_a091_jpg.rf.d006f8edf3351c3cf1b06aaddb42c194.jpg,,2,0,mild,mild,0.3646,0.20465,0.36461,0.25357,0.17717
crops/012_00399_07_a091_3.jpg,012_00399_07_a091,012_00399_07_a091_jpg.rf.d006f8edf3351c3cf1b06aaddb42c194.jpg,,1,0,mild,no_caries,0.6876,0.68759,0.16823,0.05669,0.08749
crops/012_00399_07_a091_4.jpg,012_00399_07_a091,012_00399_07_a091_jpg.rf.d006f8edf3351c3cf1b06aaddb42c194.jpg,,0,0,no_caries,no_caries,0.6742,0.67416,0.21082,0.04832,0.0667
crops/012_00399_07_a091_5.jpg,012_00399_07_a091,012_00399_07_a091_jpg.rf.d006f8edf3351c3cf1b06aaddb42c194.jpg,,0,0,no_caries,no_caries,0.5136,0.51361,0.29855,0.05888,0.12896
crops/012_00399_07_a091_6.jpg,012_00399_07_a091,012_00399_07_a091_jpg.rf.d006f8edf3351c3cf1b06aaddb42c194.jpg,,0,0,no_caries,advanced,0.5502,0.05907,0.24547,0.14527,0.55019
crops/1072_0.jpg,1072,1072_jpg.rf.3e4e844152f26b9de1845e90170c2635.jpg,,2,0,mild,mild,0.4312,0.06844,0.4312,0.33989,0.16046
crops/1072_1.jpg,1072,1072_jpg.rf.3e4e844152f26b9de1845e90170c2635.jpg,,4,0,moderate,advanced,0.5144,0.02173,0.03965,0.42424,0.51438
crops/1072_2.jpg,1072,1072_jpg.rf.3e4e844152f26b9de1845e90170c2635.jpg,,0,0,no_caries,mild,0.3471,0.26894,0.34706,0.22555,0.15846
crops/1072_3.jpg,1072,1072_jpg.rf.3e4e844152f26b9de1845e90170c2635.jpg,,6,0,advanced,advanced,0.9695,0.00087,0.0134,0.01626,0.96947
crops/1072_4.jpg,1072,1072_jpg.rf.3e4e844152f26b9de1845e90170c2635.jpg,,0,0,no_caries,advanced,0.4279,0.30266,0.09385,0.17554,0.42794
crops/1072_5.jpg,1072,1072_jpg.rf.3e4e844152f26b9de1845e90170c2635.jpg,,0,0,no_caries,no_caries,0.73,0.72999,0.20083,0.03019,0.03899
crops/1072_6.jpg,1072,1072_jpg.rf.3e4e844152f26b9de1845e90170c2635.jpg,,5,0,advanced,advanced,0.9134,0.00183,0.01764,0.06715,0.91337
crops/1072_7.jpg,1072,1072_jpg.rf.3e4e844152f26b9de1845e90170c2635.jpg,,5,0,advanced,moderate,0.7947,0.00185,0.04043,0.79468,0.16304
crops/1072_8.jpg,1072,1072_jpg.rf.3e4e844152f26b9de1845e90170c2635.jpg,,6,0,advanced,advanced,0.9735,0.00086,0.01079,0.01488,0.97348
crops/1072_9.jpg,1072,1072_jpg.rf.3e4e844152f26b9de1845e90170c2635.jpg,,2,0,mild,mild,0.6167,0.13435,0.61668,0.17784,0.07113
crops/1075_0.jpg,1075,1075_jpg.rf.66052dcff065fd43fa2f791130671ffa.jpg,,0,0,no_caries,no_caries,0.536,0.53602,0.19522,0.20641,0.06235
crops/1075_1.jpg,1075,1075_jpg.rf.66052dcff065fd43fa2f791130671ffa.jpg,,0,0,no_caries,no_caries,0.5557,0.5557,0.18741,0.17227,0.08462
crops/1075_2.jpg,1075,1075_jpg.rf.66052dcff065fd43fa2f791130671ffa.jpg,,5,0,advanced,moderate,0.7856,0.01091,0.05407,0.78563,0.14939
crops/1075_3.jpg,1075,1075_jpg.rf.66052dcff065fd43fa2f791130671ffa.jpg,,2,0,mild,moderate,0.6854,0.12759,0.09902,0.68542,0.08798
crops/1075_4.jpg,1075,1075_jpg.rf.66052dcff065fd43fa2f791130671ffa.jpg,,2,0,mild,moderate,0.4538,0.16318,0.2092,0.45377,0.17385
crops/1075_5.jpg,1075,1075_jpg.rf.66052dcff065fd43fa2f791130671ffa.jpg,,3,0,moderate,moderate,0.4387,0.22915,0.06457,0.43871,0.26758
crops/1075_6.jpg,1075,1075_jpg.rf.66052dcff065fd43fa2f791130671ffa.jpg,,3,0,moderate,mild,0.6687,0.04535,0.66872,0.17481,0.11112
crops/1075_7.jpg,1075,1075_jpg.rf.66052dcff065fd43fa2f791130671ffa.jpg,,0,0,no_caries,mild,0.7959,0.12232,0.79588,0.05226,0.02955
crops/1075_8.jpg,1075,1075_jpg.rf.66052dcff065fd43fa2f791130671ffa.jpg,,0,0,no_caries,mild,0.7141,0.19184,0.71411,0.04209,0.05196
crops/1075_9.jpg,1075,1075_jpg.rf.66052dcff065fd43fa2f791130671ffa.jpg,,0,0,no_caries,mild,0.3689,0.1888,0.36893,0.23234,0.20993
crops/1075_10.jpg,1075,1075_jpg.rf.66052dcff065fd43fa2f791130671ffa.jpg,,2,0,mild,mild,0.4579,0.1505,0.45792,0.24292,0.14866
crops/1075_11.jpg,1075,1075_jpg.rf.66052dcff065fd43fa2f791130671ffa.jpg,,2,0,mild,mild,0.5669,0.27754,0.56694,0.13531,0.02021
crops/1075_12.jpg,1075,1075_jpg.rf.66052dcff065fd43fa2f791130671ffa.jpg,,2,0,mild,mild,0.62,0.02868,0.62003,0.07655,0.27474
crops/1075_13.jpg,1075,1075_jpg.rf.66052dcff065fd43fa2f791130671ffa.jpg,,2,0,mild,no_caries,0.4335,0.43351,0.37165,0.12568,0.06915
crops/1075_14.jpg,1075,1075_jpg.rf.66052dcff065fd43fa2f791130671ffa.jpg,,2,0,mild,no_caries,0.5701,0.57011,0.24933,0.14075,0.03982
crops/1075_15.jpg,1075,1075_jpg.rf.66052dcff065fd43fa2f791130671ffa.jpg,,0,0,no_caries,mild,0.6355,0.12718,0.63553,0.07062,0.16667
crops/1098_0.jpg,1098,1098_jpg.rf.545738cfad6445d62ee517152cad615f.jpg,,0,0,no_caries,no_caries,0.7114,0.71139,0.01251,0.07512,0.20098
crops/1098_1.jpg,1098,1098_jpg.rf.545738cfad6445d62ee517152cad615f.jpg,,0,0,no_caries,no_caries,0.7113,0.7113,0.02483,0.09731,0.16655
crops/1098_2.jpg,1098,1098_jpg.rf.545738cfad6445d62ee517152cad615f.jpg,,0,0,no_caries,no_caries,0.617,0.61701,0.02941,0.17781,0.17577
crops/1098_3.jpg,1098,1098_jpg.rf.545738cfad6445d62ee517152cad615f.jpg,,0,0,no_caries,no_caries,0.758,0.75804,0.04556,0.10643,0.08997
crops/1098_4.jpg,1098,1098_jpg.rf.545738cfad6445d62ee517152cad615f.jpg,,0,0,no_caries,no_caries,0.8545,0.8545,0.03635,0.05252,0.05664
crops/1098_5.jpg,1098,1098_jpg.rf.545738cfad6445d62ee517152cad615f.jpg,,0,0,no_caries,no_caries,0.8413,0.8413,0.03916,0.05313,0.06641
crops/1098_6.jpg,1098,1098_jpg.rf.545738cfad6445d62ee517152cad615f.jpg,,0,0,no_caries,no_caries,0.8453,0.84532,0.02223,0.05942,0.07304
crops/1098_7.jpg,1098,1098_jpg.rf.545738cfad6445d62ee517152cad615f.jpg,,0,0,no_caries,no_caries,0.836,0.836,0.02502,0.05872,0.08027
crops/1098_8.jpg,1098,1098_jpg.rf.545738cfad6445d62ee517152cad615f.jpg,,0,0,no_caries,no_caries,0.8326,0.83262,0.01818,0.07115,0.07806
crops/1098_9.jpg,1098,1098_jpg.rf.545738cfad6445d62ee517152cad615f.jpg,,0,0,no_caries,no_caries,0.6533,0.65334,0.02638,0.20869,0.11159
crops/1098_10.jpg,1098,1098_jpg.rf.545738cfad6445d62ee517152cad615f.jpg,,0,0,no_caries,no_caries,0.8536,0.85356,0.01877,0.06432,0.06335
crops/1098_11.jpg,1098,1098_jpg.rf.545738cfad6445d62ee517152cad615f.jpg,,0,0,no_caries,no_caries,0.7155,0.71546,0.08466,0.08128,0.1186
crops/1098_12.jpg,1098,1098_jpg.rf.545738cfad6445d62ee517152cad615f.jpg,,0,0,no_caries,no_caries,0.7008,0.70078,0.22846,0.04333,0.02743
crops/1098_13.jpg,1098,1098_jpg.rf.545738cfad6445d62ee517152cad615f.jpg,,0,0,no_caries,no_caries,0.764,0.76401,0.13866,0.04826,0.04907
crops/1098_14.jpg,1098,1098_jpg.rf.545738cfad6445d62ee517152cad615f.jpg,,2,0,mild,no_caries,0.7815,0.78149,0.12837,0.04299,0.04715
crops/1098_15.jpg,1098,1098_jpg.rf.545738cfad6445d62ee517152cad615f.jpg,,0,0,no_caries,no_caries,0.8429,0.84288,0.05357,0.05656,0.04699
crops/1098_16.jpg,1098,1098_jpg.rf.545738cfad6445d62ee517152cad615f.jpg,,0,0,no_caries,no_caries,0.8051,0.80513,0.04504,0.06544,0.08439
crops/1098_17.jpg,1098,1098_jpg.rf.545738cfad6445d62ee517152cad615f.jpg,,0,0,no_caries,no_caries,0.7187,0.7187,0.06451,0.12234,0.09445
crops/1098_18.jpg,1098,1098_jpg.rf.545738cfad6445d62ee517152cad615f.jpg,,0,0,no_caries,no_caries,0.7796,0.77963,0.04406,0.08983,0.08647
crops/1098_19.jpg,1098,1098_jpg.rf.545738cfad6445d62ee517152cad615f.jpg,,0,0,no_caries,no_caries,0.7329,0.73289,0.01794,0.12163,0.12753
crops/1098_20.jpg,1098,1098_jpg.rf.545738cfad6445d62ee517152cad615f.jpg,,0,0,no_caries,no_caries,0.8286,0.8286,0.03196,0.08065,0.0588
crops/1098_21.jpg,1098,1098_jpg.rf.545738cfad6445d62ee517152cad615f.jpg,,0,0,no_caries,no_caries,0.7802,0.78024,0.07963,0.07061,0.06952
crops/1098_22.jpg,1098,1098_jpg.rf.545738cfad6445d62ee517152cad615f.jpg,,0,0,no_caries,no_caries,0.7289,0.72892,0.04129,0.14801,0.08178
crops/1196_0.jpg,1196,1196_jpg.rf.d4ab9650b2b381e81c1ba7847380b18f.jpg,,0,0,no_caries,no_caries,0.5857,0.58574,0.29048,0.07807,0.0457
crops/1196_1.jpg,1196,1196_jpg.rf.d4ab9650b2b381e81c1ba7847380b18f.jpg,,5,0,advanced,advanced,0.9363,0.00606,0.03694,0.02069,0.93631
crops/1196_2.jpg,1196,1196_jpg.rf.d4ab9650b2b381e81c1ba7847380b18f.jpg,,5,0,advanced,advanced,0.9103,0.00127,0.0487,0.0397,0.91033
crops/1196_3.jpg,1196,1196_jpg.rf.d4ab9650b2b381e81c1ba7847380b18f.jpg,,5,0,advanced,advanced,0.8471,0.00427,0.0944,0.0542,0.84713
crops/1196_4.jpg,1196,1196_jpg.rf.d4ab9650b2b381e81c1ba7847380b18f.jpg,,5,0,advanced,advanced,0.9866,0.00061,0.0094,0.00339,0.9866
crops/1196_5.jpg,1196,1196_jpg.rf.d4ab9650b2b381e81c1ba7847380b18f.jpg,,0,0,no_caries,no_caries,0.4235,0.42346,0.08155,0.42339,0.07161
crops/1196_6.jpg,1196,1196_jpg.rf.d4ab9650b2b381e81c1ba7847380b18f.jpg,,0,0,no_caries,no_caries,0.4468,0.44678,0.40675,0.08543,0.06104
crops/1196_7.jpg,1196,1196_jpg.rf.d4ab9650b2b381e81c1ba7847380b18f.jpg,,0,0,no_caries,no_caries,0.7495,0.7495,0.16517,0.05856,0.02677
crops/1196_8.jpg,1196,1196_jpg.rf.d4ab9650b2b381e81c1ba7847380b18f.jpg,,0,0,no_caries,no_caries,0.5845,0.58448,0.20389,0.17656,0.03507
crops/1196_9.jpg,1196,1196_jpg.rf.d4ab9650b2b381e81c1ba7847380b18f.jpg,,0,0,no_caries,no_caries,0.3908,0.3908,0.28232,0.29105,0.03583
crops/1196_10.jpg,1196,1196_jpg.rf.d4ab9650b2b381e81c1ba7847380b18f.jpg,,0,0,no_caries,no_caries,0.4868,0.48684,0.31467,0.16764,0.03085
crops/1196_11.jpg,1196,1196_jpg.rf.d4ab9650b2b381e81c1ba7847380b18f.jpg,,0,0,no_caries,no_caries,0.5975,0.59753,0.26822,0.07312,0.06113
crops/1196_12.jpg,1196,1196_jpg.rf.d4ab9650b2b381e81c1ba7847380b18f.jpg,,0,0,no_caries,no_caries,0.684,0.68402,0.18008,0.06657,0.06933
crops/1196_13.jpg,1196,1196_jpg.rf.d4ab9650b2b381e81c1ba7847380b18f.jpg,,0,0,no_caries,mild,0.5265,0.30928,0.52652,0.09536,0.06884
crops/1254_0.jpg,1254,1254_jpg.rf.cc9b5365254dd173e476dfe053387d0c.jpg,,0,0,no_caries,no_caries,0.5423,0.5423,0.12067,0.20832,0.12871
crops/1254_1.jpg,1254,1254_jpg.rf.cc9b5365254dd173e476dfe053387d0c.jpg,,0,0,no_caries,no_caries,0.7248,0.72476,0.11957,0.10096,0.05471
crops/1254_2.jpg,1254,1254_jpg.rf.cc9b5365254dd173e476dfe053387d0c.jpg,,0,0,no_caries,mild,0.3615,0.29214,0.36147,0.24579,0.1006
crops/1254_3.jpg,1254,1254_jpg.rf.cc9b5365254dd173e476dfe053387d0c.jpg,,0,0,no_caries,no_caries,0.5967,0.5967,0.25904,0.10078,0.04347
crops/1254_4.jpg,1254,1254_jpg.rf.cc9b5365254dd173e476dfe053387d0c.jpg,,0,0,no_caries,no_caries,0.6022,0.60223,0.28206,0.05275,0.06296
crops/1254_5.jpg,1254,1254_jpg.rf.cc9b5365254dd173e476dfe053387d0c.jpg,,0,0,no_caries,mild,0.6178,0.1306,0.61781,0.13836,0.11324
crops/1254_6.jpg,1254,1254_jpg.rf.cc9b5365254dd173e476dfe053387d0c.jpg,,0,0,no_caries,mild,0.7158,0.21349,0.71585,0.02844,0.04222
crops/1254_7.jpg,1254,1254_jpg.rf.cc9b5365254dd173e476dfe053387d0c.jpg,,0,0,no_caries,mild,0.6979,0.25105,0.69794,0.02536,0.02565
crops/1254_8.jpg,1254,1254_jpg.rf.cc9b5365254dd173e476dfe053387d0c.jpg,,0,0,no_caries,mild,0.4717,0.41051,0.47167,0.04386,0.07397
crops/1258_0.jpg,1258,1258_jpg.rf.69751d47803d4ac3761186be51de6ca7.jpg,,0,0,no_caries,mild,0.4542,0.4018,0.45421,0.10052,0.04347
crops/1258_1.jpg,1258,1258_jpg.rf.69751d47803d4ac3761186be51de6ca7.jpg,,0,0,no_caries,no_caries,0.7566,0.75659,0.10867,0.05865,0.07609
crops/1258_2.jpg,1258,1258_jpg.rf.69751d47803d4ac3761186be51de6ca7.jpg,,0,0,no_caries,no_caries,0.4969,0.49688,0.42739,0.03932,0.03641
crops/1258_3.jpg,1258,1258_jpg.rf.69751d47803d4ac3761186be51de6ca7.jpg,,0,0,no_caries,no_caries,0.5469,0.54689,0.37658,0.05597,0.02057
crops/1258_4.jpg,1258,1258_jpg.rf.69751d47803d4ac3761186be51de6ca7.jpg,,0,0,no_caries,no_caries,0.6848,0.68483,0.22858,0.04733,0.03926
crops/1258_5.jpg,1258,1258_jpg.rf.69751d47803d4ac3761186be51de6ca7.jpg,,0,0,no_caries,no_caries,0.5334,0.53337,0.39632,0.02657,0.04374
crops/1258_6.jpg,1258,1258_jpg.rf.69751d47803d4ac3761186be51de6ca7.jpg,,5,0,advanced,mild,0.5117,0.27723,0.51166,0.0896,0.12152
crops/1258_7.jpg,1258,1258_jpg.rf.69751d47803d4ac3761186be51de6ca7.jpg,,5,0,advanced,no_caries,0.4845,0.48455,0.38463,0.0969,0.03392
crops/1258_8.jpg,1258,1258_jpg.rf.69751d47803d4ac3761186be51de6ca7.jpg,,1,0,mild,moderate,0.6196,0.24016,0.0866,0.61958,0.05366
crops/1258_9.jpg,1258,1258_jpg.rf.69751d47803d4ac3761186be51de6ca7.jpg,,0,0,no_caries,no_caries,0.5594,0.55938,0.28951,0.0864,0.06472
crops/1258_10.jpg,1258,1258_jpg.rf.69751d47803d4ac3761186be51de6ca7.jpg,,0,0,no_caries,mild,0.6486,0.21643,0.64856,0.06731,0.06769
crops/1258_11.jpg,1258,1258_jpg.rf.69751d47803d4ac3761186be51de6ca7.jpg,,0,0,no_caries,mild,0.555,0.3669,0.55502,0.05101,0.02707
crops/1258_12.jpg,1258,1258_jpg.rf.69751d47803d4ac3761186be51de6ca7.jpg,,0,0,no_caries,no_caries,0.6236,0.62356,0.28551,0.05199,0.03894
crops/1258_13.jpg,1258,1258_jpg.rf.69751d47803d4ac3761186be51de6ca7.jpg,,0,0,no_caries,no_caries,0.4706,0.47061,0.40821,0.07363,0.04756
crops/1258_14.jpg,1258,1258_jpg.rf.69751d47803d4ac3761186be51de6ca7.jpg,,0,0,no_caries,no_caries,0.5954,0.59539,0.28878,0.06649,0.04934
crops/1258_15.jpg,1258,1258_jpg.rf.69751d47803d4ac3761186be51de6ca7.jpg,,0,0,no_caries,no_caries,0.7582,0.75824,0.10482,0.08111,0.05583
crops/1258_16.jpg,1258,1258_jpg.rf.69751d47803d4ac3761186be51de6ca7.jpg,,5,0,advanced,mild,0.5522,0.30703,0.55216,0.02246,0.11835
crops/1267_0.jpg,1267,1267_jpg.rf.5e476baeeb2f2f19876f26304f3ad4be.jpg,,1,0,mild,no_caries,0.5572,0.55722,0.24653,0.09024,0.10602
crops/1267_1.jpg,1267,1267_jpg.rf.5e476baeeb2f2f19876f26304f3ad4be.jpg,,3,0,moderate,moderate,0.5832,0.00158,0.02976,0.58323,0.38542
crops/1267_2.jpg,1267,1267_jpg.rf.5e476baeeb2f2f19876f26304f3ad4be.jpg,,6,0,advanced,advanced,0.5309,0.04428,0.30438,0.12039,0.53094
crops/1267_3.jpg,1267,1267_jpg.rf.5e476baeeb2f2f19876f26304f3ad4be.jpg,,3,0,moderate,mild,0.6531,0.06046,0.65307,0.02658,0.2599
crops/1267_4.jpg,1267,1267_jpg.rf.5e476baeeb2f2f19876f26304f3ad4be.jpg,,0,0,no_caries,mild,0.4259,0.3615,0.42593,0.13083,0.08174
crops/1267_5.jpg,1267,1267_jpg.rf.5e476baeeb2f2f19876f26304f3ad4be.jpg,,0,0,no_caries,no_caries,0.459,0.45903,0.27805,0.15727,0.10566
crops/1267_6.jpg,1267,1267_jpg.rf.5e476baeeb2f2f19876f26304f3ad4be.jpg,,2,0,mild,advanced,0.485,0.03416,0.44625,0.03464,0.48496
crops/1267_7.jpg,1267,1267_jpg.rf.5e476baeeb2f2f19876f26304f3ad4be.jpg,,5,0,advanced,advanced,0.7417,0.01012,0.21634,0.03187,0.74167
crops/1267_8.jpg,1267,1267_jpg.rf.5e476baeeb2f2f19876f26304f3ad4be.jpg,,0,0,no_caries,mild,0.8076,0.11808,0.80755,0.0078,0.06657
crops/1267_9.jpg,1267,1267_jpg.rf.5e476baeeb2f2f19876f26304f3ad4be.jpg,,0,0,no_caries,mild,0.4464,0.28343,0.44635,0.08354,0.18667
crops/1267_10.jpg,1267,1267_jpg.rf.5e476baeeb2f2f19876f26304f3ad4be.jpg,,6,0,advanced,advanced,0.6249,0.01479,0.22153,0.13876,0.62493
crops/1267_11.jpg,1267,1267_jpg.rf.5e476baeeb2f2f19876f26304f3ad4be.jpg,,6,0,advanced,advanced,0.5686,0.07007,0.28353,0.07784,0.56857
crops/1267_12.jpg,1267,1267_jpg.rf.5e476baeeb2f2f19876f26304f3ad4be.jpg,,3,0,moderate,mild,0.5366,0.14293,0.53662,0.30013,0.02031
crops/1267_13.jpg,1267,1267_jpg.rf.5e476baeeb2f2f19876f26304f3ad4be.jpg,,2,0,mild,mild,0.6134,0.16868,0.61336,0.20538,0.01259
crops/1267_14.jpg,1267,1267_jpg.rf.5e476baeeb2f2f19876f26304f3ad4be.jpg,,3,0,moderate,moderate,0.8081,0.00274,0.15289,0.80807,0.0363
crops/1267_15.jpg,1267,1267_jpg.rf.5e476baeeb2f2f19876f26304f3ad4be.jpg,,2,0,mild,mild,0.6182,0.03343,0.61818,0.21041,0.13798
crops/1267_16.jpg,1267,1267_jpg.rf.5e476baeeb2f2f19876f26304f3ad4be.jpg,,2,0,mild,mild,0.4454,0.10796,0.4454,0.33847,0.10817
crops/1267_17.jpg,1267,1267_jpg.rf.5e476baeeb2f2f19876f26304f3ad4be.jpg,,2,0,mild,no_caries,0.38,0.37997,0.30996,0.28348,0.02659
crops/1267_18.jpg,1267,1267_jpg.rf.5e476baeeb2f2f19876f26304f3ad4be.jpg,,0,0,no_caries,mild,0.6982,0.22272,0.69823,0.05968,0.01937
crops/1267_19.jpg,1267,1267_jpg.rf.5e476baeeb2f2f19876f26304f3ad4be.jpg,,0,0,no_caries,no_caries,0.485,0.48501,0.44223,0.04092,0.03184
crops/1267_20.jpg,1267,1267_jpg.rf.5e476baeeb2f2f19876f26304f3ad4be.jpg,,0,0,no_caries,no_caries,0.7158,0.7158,0.1679,0.06963,0.04667
crops/127_0.jpg,127,127_jpg.rf.aa57fa6ee4bacb3df04ad82673c8fcb0.jpg,,6,0,advanced,advanced,0.987,0.00115,0.00602,0.00583,0.98699
crops/127_1.jpg,127,127_jpg.rf.aa57fa6ee4bacb3df04ad82673c8fcb0.jpg,,5,0,advanced,moderate,0.8908,0.00211,0.0092,0.89078,0.09791
crops/127_2.jpg,127,127_jpg.rf.aa57fa6ee4bacb3df04ad82673c8fcb0.jpg,,0,0,no_caries,mild,0.724,0.07882,0.72395,0.17844,0.01879
crops/127_3.jpg,127,127_jpg.rf.aa57fa6ee4bacb3df04ad82673c8fcb0.jpg,,0,0,no_caries,mild,0.682,0.23471,0.68199,0.06765,0.01566
crops/127_4.jpg,127,127_jpg.rf.aa57fa6ee4bacb3df04ad82673c8fcb0.jpg,,0,0,no_caries,mild,0.4926,0.4292,0.49265,0.05065,0.0275
crops/1291_0.jpg,1291,1291_jpg.rf.3cdc5f511add5873f00a946cfd7e7431.jpg,,0,0,no_caries,no_caries,0.499,0.49903,0.28243,0.13811,0.08043
crops/1291_1.jpg,1291,1291_jpg.rf.3cdc5f511add5873f00a946cfd7e7431.jpg,,0,0,no_caries,no_caries,0.5285,0.52845,0.31124,0.09234,0.06797
crops/1291_2.jpg,1291,1291_jpg.rf.3cdc5f511add5873f00a946cfd7e7431.jpg,,2,0,mild,advanced,0.5767,0.01311,0.23411,0.17604,0.57673
crops/1291_3.jpg,1291,1291_jpg.rf.3cdc5f511add5873f00a946cfd7e7431.jpg,,3,0,moderate,moderate,0.5008,0.10985,0.2161,0.5008,0.17326
crops/1291_4.jpg,1291,1291_jpg.rf.3cdc5f511add5873f00a946cfd7e7431.jpg,,1,0,mild,mild,0.5165,0.14891,0.51649,0.24735,0.08725
crops/1291_5.jpg,1291,1291_jpg.rf.3cdc5f511add5873f00a946cfd7e7431.jpg,,3,0,moderate,moderate,0.546,0.02108,0.39106,0.54596,0.0419
crops/1291_6.jpg,1291,1291_jpg.rf.3cdc5f511add5873f00a946cfd7e7431.jpg,,3,0,moderate,moderate,0.6778,0.00439,0.06583,0.67777,0.25201
crops/1291_7.jpg,1291,1291_jpg.rf.3cdc5f511add5873f00a946cfd7e7431.jpg,,2,0,mild,mild,0.5621,0.06289,0.56206,0.21472,0.16032
crops/1291_8.jpg,1291,1291_jpg.rf.3cdc5f511add5873f00a946cfd7e7431.jpg,,0,0,no_caries,no_caries,0.7249,0.72489,0.09535,0.07583,0.10392
crops/1291_9.jpg,1291,1291_jpg.rf.3cdc5f511add5873f00a946cfd7e7431.jpg,,0,0,no_caries,no_caries,0.8381,0.83811,0.05911,0.03502,0.06775
crops/1291_10.jpg,1291,1291_jpg.rf.3cdc5f511add5873f00a946cfd7e7431.jpg,,0,0,no_caries,no_caries,0.4741,0.47409,0.22483,0.09356,0.20752
crops/1291_11.jpg,1291,1291_jpg.rf.3cdc5f511add5873f00a946cfd7e7431.jpg,,1,0,mild,no_caries,0.6508,0.65078,0.23737,0.07401,0.03784
crops/1291_12.jpg,1291,1291_jpg.rf.3cdc5f511add5873f00a946cfd7e7431.jpg,,1,0,mild,no_caries,0.7497,0.74969,0.04544,0.12679,0.07807
crops/1291_13.jpg,1291,1291_jpg.rf.3cdc5f511add5873f00a946cfd7e7431.jpg,,1,0,mild,no_caries,0.4087,0.40865,0.32697,0.18778,0.0766
crops/1291_14.jpg,1291,1291_jpg.rf.3cdc5f511add5873f00a946cfd7e7431.jpg,,0,0,no_caries,moderate,0.5538,0.27037,0.14034,0.5538,0.0355
crops/1291_15.jpg,1291,1291_jpg.rf.3cdc5f511add5873f00a946cfd7e7431.jpg,,0,0,no_caries,no_caries,0.4839,0.4839,0.22959,0.23022,0.0563
crops/1291_16.jpg,1291,1291_jpg.rf.3cdc5f511add5873f00a946cfd7e7431.jpg,,0,0,no_caries,no_caries,0.5112,0.51118,0.1018,0.29529,0.09173
crops/1291_17.jpg,1291,1291_jpg.rf.3cdc5f511add5873f00a946cfd7e7431.jpg,,0,0,no_caries,no_caries,0.5293,0.52934,0.06714,0.29873,0.10479
crops/1291_18.jpg,1291,1291_jpg.rf.3cdc5f511add5873f00a946cfd7e7431.jpg,,0,0,no_caries,no_caries,0.7439,0.74393,0.14824,0.04828,0.05956
crops/1291_19.jpg,1291,1291_jpg.rf.3cdc5f511add5873f00a946cfd7e7431.jpg,,0,0,no_caries,no_caries,0.7227,0.72274,0.0719,0.14425,0.06111
crops/1297_0.jpg,1297,1297_jpg.rf.719936eaba637f61e55179ad5dbdb77d.jpg,,0,0,no_caries,no_caries,0.5526,0.55258,0.26949,0.11542,0.06251
crops/1297_1.jpg,1297,1297_jpg.rf.719936eaba637f61e55179ad5dbdb77d.jpg,,0,0,no_caries,no_caries,0.4998,0.49981,0.22957,0.18989,0.08073
crops/1297_2.jpg,1297,1297_jpg.rf.719936eaba637f61e55179ad5dbdb77d.jpg,,0,0,no_caries,moderate,0.3035,0.30285,0.19887,0.30351,0.19477
crops/1297_3.jpg,1297,1297_jpg.rf.719936eaba637f61e55179ad5dbdb77d.jpg,,0,0,no_caries,no_caries,0.8368,0.83678,0.08543,0.03268,0.04512
crops/1297_4.jpg,1297,1297_jpg.rf.719936eaba637f61e55179ad5dbdb77d.jpg,,0,0,no_caries,no_caries,0.6473,0.64735,0.23228,0.05334,0.06703
crops/1297_5.jpg,1297,1297_jpg.rf.719936eaba637f61e55179ad5dbdb77d.jpg,,0,0,no_caries,no_caries,0.5982,0.59818,0.33127,0.02827,0.04228
crops/1297_6.jpg,1297,1297_jpg.rf.719936eaba637f61e55179ad5dbdb77d.jpg,,0,0,no_caries,mild,0.5212,0.39885,0.52119,0.03909,0.04088
crops/1297_7.jpg,1297,1297_jpg.rf.719936eaba637f61e55179ad5dbdb77d.jpg,,0,0,no_caries,no_caries,0.5295,0.52949,0.42746,0.02261,0.02044
crops/1297_8.jpg,1297,1297_jpg.rf.719936eaba637f61e55179ad5dbdb77d.jpg,,0,0,no_caries,mild,0.5724,0.27128,0.57244,0.0223,0.13398
crops/1297_9.jpg,1297,1297_jpg.rf.719936eaba637f61e55179ad5dbdb77d.jpg,,0,0,no_caries,mild,0.4972,0.43474,0.49723,0.02133,0.04671
crops/1313_0.jpg,1313,1313_jpg.rf.62e798b6b6758ef324af1da64d86160d.jpg,,0,0,no_caries,no_caries,0.5063,0.50633,0.31576,0.11398,0.06393
crops/1313_1.jpg,1313,1313_jpg.rf.62e798b6b6758ef324af1da64d86160d.jpg,,0,0,no_caries,no_caries,0.5267,0.52672,0.38249,0.06449,0.0263
crops/1313_2.jpg,1313,1313_jpg.rf.62e798b6b6758ef324af1da64d86160d.jpg,,0,0,no_caries,mild,0.458,0.39331,0.45797,0.08426,0.06445
crops/1313_3.jpg,1313,1313_jpg.rf.62e798b6b6758ef324af1da64d86160d.jpg,,0,0,no_caries,mild,0.4883,0.42093,0.48829,0.03704,0.05375
crops/1313_4.jpg,1313,1313_jpg.rf.62e798b6b6758ef324af1da64d86160d.jpg,,0,0,no_caries,mild,0.5762,0.13675,0.57624,0.05046,0.23656
crops/1313_5.jpg,1313,1313_jpg.rf.62e798b6b6758ef324af1da64d86160d.jpg,,0,0,no_caries,mild,0.6222,0.25052,0.62223,0.06613,0.06111
crops/1313_6.jpg,1313,1313_jpg.rf.62e798b6b6758ef324af1da64d86160d.jpg,,0,0,no_caries,mild,0.5194,0.2555,0.51939,0.17557,0.04954
crops/1313_7.jpg,1313,1313_jpg.rf.62e798b6b6758ef324af1da64d86160d.jpg,,0,0,no_caries,mild,0.763,0.15156,0.76301,0.06608,0.01935
crops/1313_8.jpg,1313,1313_jpg.rf.62e798b6b6758ef324af1da64d86160d.jpg,,4,0,moderate,mild,0.8123,0.02953,0.81226,0.07302,0.08519
crops/1313_9.jpg,1313,1313_jpg.rf.62e798b6b6758ef324af1da64d86160d.jpg,,4,0,moderate,advanced,0.7191,0.01968,0.19784,0.06336,0.71913
crops/1313_10.jpg,1313,1313_jpg.rf.62e798b6b6758ef324af1da64d86160d.jpg,,5,0,advanced,advanced,0.8396,0.0149,0.08743,0.05805,0.83962
crops/1313_11.jpg,1313,1313_jpg.rf.62e798b6b6758ef324af1da64d86160d.jpg,,1,0,mild,mild,0.7879,0.08581,0.78792,0.10202,0.02425
crops/1313_12.jpg,1313,1313_jpg.rf.62e798b6b6758ef324af1da64d86160d.jpg,,0,0,no_caries,mild,0.8846,0.05134,0.88461,0.04993,0.01412
crops/1313_13.jpg,1313,1313_jpg.rf.62e798b6b6758ef324af1da64d86160d.jpg,,0,0,no_caries,no_caries,0.3446,0.34456,0.3344,0.29405,0.02698
crops/1313_14.jpg,1313,1313_jpg.rf.62e798b6b6758ef324af1da64d86160d.jpg,,0,0,no_caries,no_caries,0.7506,0.75058,0.13451,0.07915,0.03576
crops/1313_15.jpg,1313,1313_jpg.rf.62e798b6b6758ef324af1da64d86160d.jpg,,0,0,no_caries,mild,0.5019,0.40228,0.5019,0.07402,0.0218
crops/1313_16.jpg,1313,1313_jpg.rf.62e798b6b6758ef324af1da64d86160d.jpg,,0,0,no_caries,no_caries,0.4093,0.40934,0.40126,0.16381,0.02558
crops/1313_17.jpg,1313,1313_jpg.rf.62e798b6b6758ef324af1da64d86160d.jpg,,0,0,no_caries,mild,0.3511,0.27475,0.35114,0.34076,0.03335
crops/1313_18.jpg,1313,1313_jpg.rf.62e798b6b6758ef324af1da64d86160d.jpg,,0,0,no_caries,moderate,0.463,0.27321,0.2192,0.46305,0.04455
crops/1578_0.jpg,1578,1578_jpg.rf.00112fa761a7e7386604ac33d405a20c.jpg,,6,0,advanced,advanced,0.9447,0.00175,0.01775,0.03576,0.94474
crops/1578_1.jpg,1578,1578_jpg.rf.00112fa761a7e7386604ac33d405a20c.jpg,,5,0,advanced,advanced,0.9718,0.00149,0.01551,0.01121,0.97179
crops/1578_2.jpg,1578,1578_jpg.rf.00112fa761a7e7386604ac33d405a20c.jpg,,5,0,advanced,advanced,0.8438,0.00375,0.07775,0.07466,0.84383
crops/1578_3.jpg,1578,1578_jpg.rf.00112fa761a7e7386604ac33d405a20c.jpg,,5,0,advanced,moderate,0.4277,0.01787,0.25507,0.42768,0.29938
crops/1578_4.jpg,1578,1578_jpg.rf.00112fa761a7e7386604ac33d405a20c.jpg,,5,0,advanced,moderate,0.5093,0.02316,0.39777,0.50925,0.06981
crops/1578_5.jpg,1578,1578_jpg.rf.00112fa761a7e7386604ac33d405a20c.jpg,,5,0,advanced,mild,0.4409,0.01254,0.44091,0.23304,0.31351
crops/1578_6.jpg,1578,1578_jpg.rf.00112fa761a7e7386604ac33d405a20c.jpg,,0,0,no_caries,mild,0.3731,0.30337,0.37308,0.14997,0.17358
crops/1578_7.jpg,1578,1578_jpg.rf.00112fa761a7e7386604ac33d405a20c.jpg,,0,0,no_caries,moderate,0.3815,0.04718,0.19381,0.38149,0.37753
crops/1578_8.jpg,1578,1578_jpg.rf.00112fa761a7e7386604ac33d405a20c.jpg,,0,0,no_caries,mild,0.3194,0.19101,0.31943,0.31339,0.17616
crops/1578_9.jpg,1578,1578_jpg.rf.00112fa761a7e7386604ac33d405a20c.jpg,,5,0,advanced,advanced,0.7762,0.00286,0.07083,0.15009,0.77622
crops/1578_10.jpg,1578,1578_jpg.rf.00112fa761a7e7386604ac33d405a20c.jpg,,5,0,advanced,advanced,0.8816,0.00175,0.01183,0.10485,0.88157
crops/1578_11.jpg,1578,1578_jpg.rf.00112fa761a7e7386604ac33d405a20c.jpg,,0,0,no_caries,mild,0.4579,0.21624,0.45786,0.15524,0.17066
crops/1578_12.jpg,1578,1578_jpg.rf.00112fa761a7e7386604ac33d405a20c.jpg,,5,0,advanced,advanced,0.8713,0.00291,0.03459,0.09121,0.8713
crops/1578_13.jpg,1578,1578_jpg.rf.00112fa761a7e7386604ac33d405a20c.jpg,,6,0,advanced,advanced,0.9783,0.00182,0.01047,0.00944,0.97827
crops/1578_14.jpg,1578,1578_jpg.rf.00112fa761a7e7386604ac33d405a20c.jpg,,5,0,advanced,advanced,0.8429,0.00456,0.04367,0.10888,0.84289
crops/158_0.jpg,158,158_jpg.rf.03c9f089c7eb7a3d524fe098f03962e8.jpg,,1,0,mild,no_caries,0.7442,0.74424,0.17745,0.04844,0.02987
crops/158_1.jpg,158,158_jpg.rf.03c9f089c7eb7a3d524fe098f03962e8.jpg,,2,0,mild,advanced,0.5713,0.01828,0.07505,0.33537,0.5713
crops/158_2.jpg,158,158_jpg.rf.03c9f089c7eb7a3d524fe098f03962e8.jpg,,2,0,mild,mild,0.7082,0.08388,0.70822,0.11667,0.09122
crops/158_3.jpg,158,158_jpg.rf.03c9f089c7eb7a3d524fe098f03962e8.jpg,,6,0,advanced,advanced,0.971,0.00232,0.005,0.02165,0.97103
crops/158_4.jpg,158,158_jpg.rf.03c9f089c7eb7a3d524fe098f03962e8.jpg,,6,0,advanced,advanced,0.9073,0.01879,0.04978,0.0241,0.90733
crops/158_5.jpg,158,158_jpg.rf.03c9f089c7eb7a3d524fe098f03962e8.jpg,,5,0,advanced,advanced,0.9528,0.00495,0.02075,0.02154,0.95277
crops/158_6.jpg,158,158_jpg.rf.03c9f089c7eb7a3d524fe098f03962e8.jpg,,6,0,advanced,advanced,0.9301,0.00604,0.03547,0.0284,0.93009
crops/158_7.jpg,158,158_jpg.rf.03c9f089c7eb7a3d524fe098f03962e8.jpg,,5,0,advanced,advanced,0.9463,0.00813,0.01651,0.02909,0.94627
crops/158_8.jpg,158,158_jpg.rf.03c9f089c7eb7a3d524fe098f03962e8.jpg,,5,0,advanced,advanced,0.9882,0.00025,0.00448,0.00707,0.98819
crops/158_9.jpg,158,158_jpg.rf.03c9f089c7eb7a3d524fe098f03962e8.jpg,,0,0,no_caries,no_caries,0.5376,0.53756,0.40025,0.03885,0.02334
crops/158_10.jpg,158,158_jpg.rf.03c9f089c7eb7a3d524fe098f03962e8.jpg,,0,0,no_caries,no_caries,0.5358,0.53584,0.29571,0.10193,0.06652
crops/158_11.jpg,158,158_jpg.rf.03c9f089c7eb7a3d524fe098f03962e8.jpg,,1,0,mild,mild,0.4065,0.09785,0.40646,0.30946,0.18624
crops/158_12.jpg,158,158_jpg.rf.03c9f089c7eb7a3d524fe098f03962e8.jpg,,0,0,no_caries,moderate,0.4855,0.11668,0.31587,0.4855,0.08194
crops/158_13.jpg,158,158_jpg.rf.03c9f089c7eb7a3d524fe098f03962e8.jpg,,0,0,no_caries,no_caries,0.3199,0.31993,0.17948,0.20464,0.29595
crops/158_14.jpg,158,158_jpg.rf.03c9f089c7eb7a3d524fe098f03962e8.jpg,,0,0,no_caries,no_caries,0.7662,0.76619,0.09108,0.09578,0.04695
crops/1654_0.jpg,1654,1654_jpg.rf.2e896eda41ea5e90f02e1bb02d6abe4f.jpg,,5,0,advanced,advanced,0.8542,0.02393,0.04231,0.07954,0.85422
crops/1654_1.jpg,1654,1654_jpg.rf.2e896eda41ea5e90f02e1bb02d6abe4f.jpg,,0,0,no_caries,no_caries,0.5302,0.53021,0.30194,0.10627,0.06158
crops/1654_2.jpg,1654,1654_jpg.rf.2e896eda41ea5e90f02e1bb02d6abe4f.jpg,,0,0,no_caries,mild,0.4711,0.42379,0.47114,0.07445,0.03061
crops/1811_0.jpg,1811,1811_jpg.rf.5fcd82d5998ca4934ff1e6a2f68986fc.jpg,,2,0,mild,moderate,0.3245,0.24512,0.3083,0.3245,0.12209
crops/1811_1.jpg,1811,1811_jpg.rf.5fcd82d5998ca4934ff1e6a2f68986fc.jpg,,0,0,no_caries,no_caries,0.6678,0.66782,0.16192,0.0856,0.08467
crops/1811_2.jpg,1811,1811_jpg.rf.5fcd82d5998ca4934ff1e6a2f68986fc.jpg,,6,0,advanced,advanced,0.8415,0.03686,0.09506,0.0266,0.84147
crops/1811_3.jpg,1811,1811_jpg.rf.5fcd82d5998ca4934ff1e6a2f68986fc.jpg,,3,0,moderate,mild,0.5319,0.08507,0.5319,0.11608,0.26695
crops/1811_4.jpg,1811,1811_jpg.rf.5fcd82d5998ca4934ff1e6a2f68986fc.jpg,,1,0,mild,no_caries,0.3822,0.3822,0.2139,0.20044,0.20346
crops/1811_5.jpg,1811,1811_jpg.rf.5fcd82d5998ca4934ff1e6a2f68986fc.jpg,,0,0,no_caries,mild,0.3663,0.34412,0.36634,0.08501,0.20454
crops/1811_6.jpg,1811,1811_jpg.rf.5fcd82d5998ca4934ff1e6a2f68986fc.jpg,,0,0,no_caries,no_caries,0.7959,0.79586,0.03023,0.12749,0.04643
crops/1811_7.jpg,1811,1811_jpg.rf.5fcd82d5998ca4934ff1e6a2f68986fc.jpg,,0,0,no_caries,advanced,0.5497,0.15686,0.08007,0.21337,0.5497
crops/1811_8.jpg,1811,1811_jpg.rf.5fcd82d5998ca4934ff1e6a2f68986fc.jpg,,0,0,no_caries,no_caries,0.3322,0.3322,0.26884,0.14628,0.25268
crops/1811_9.jpg,1811,1811_jpg.rf.5fcd82d5998ca4934ff1e6a2f68986fc.jpg,,6,0,advanced,advanced,0.9807,0.00114,0.0061,0.01203,0.98074
crops/1811_10.jpg,1811,1811_jpg.rf.5fcd82d5998ca4934ff1e6a2f68986fc.jpg,,2,0,mild,mild,0.665,0.17362,0.66502,0.12587,0.03548
crops/1_0.jpg,1,1_jpg.rf.15636baee6e7688effa2cd6f6ae3d828.jpg,,0,0,no_caries,mild,0.5074,0.1963,0.50742,0.05196,0.24432
crops/1_1.jpg,1,1_jpg.rf.15636baee6e7688effa2cd6f6ae3d828.jpg,,0,0,no_caries,mild,0.459,0.32756,0.45898,0.08723,0.12623
crops/1_2.jpg,1,1_jpg.rf.15636baee6e7688effa2cd6f6ae3d828.jpg,,0,0,no_caries,no_caries,0.4437,0.44371,0.36461,0.1461,0.04557
crops/1_3.jpg,1,1_jpg.rf.15636baee6e7688effa2cd6f6ae3d828.jpg,,0,0,no_caries,mild,0.6023,0.27164,0.60234,0.08962,0.0364
crops/1_4.jpg,1,1_jpg.rf.15636baee6e7688effa2cd6f6ae3d828.jpg,,0,0,no_caries,mild,0.493,0.35685,0.49301,0.07535,0.0748
crops/1_5.jpg,1,1_jpg.rf.15636baee6e7688effa2cd6f6ae3d828.jpg,,0,0,no_caries,no_caries,0.7461,0.74612,0.14863,0.06359,0.04167
crops/1_6.jpg,1,1_jpg.rf.15636baee6e7688effa2cd6f6ae3d828.jpg,,0,0,no_caries,mild,0.5088,0.34974,0.50881,0.12503,0.01642
crops/1_7.jpg,1,1_jpg.rf.15636baee6e7688effa2cd6f6ae3d828.jpg,,0,0,no_caries,no_caries,0.4693,0.4693,0.40296,0.10666,0.02108
crops/1_8.jpg,1,1_jpg.rf.15636baee6e7688effa2cd6f6ae3d828.jpg,,0,0,no_caries,mild,0.4778,0.36953,0.47783,0.12642,0.02622
crops/1_9.jpg,1,1_jpg.rf.15636baee6e7688effa2cd6f6ae3d828.jpg,,0,0,no_caries,no_caries,0.5154,0.51544,0.23528,0.19641,0.05287
crops/1_10.jpg,1,1_jpg.rf.15636baee6e7688effa2cd6f6ae3d828.jpg,,0,0,no_caries,no_caries,0.731,0.73104,0.14955,0.0702,0.04922
crops/1_11.jpg,1,1_jpg.rf.15636baee6e7688effa2cd6f6ae3d828.jpg,,0,0,no_caries,no_caries,0.8118,0.81181,0.1096,0.04583,0.03275
crops/1_12.jpg,1,1_jpg.rf.15636baee6e7688effa2cd6f6ae3d828.jpg,,2,0,mild,no_caries,0.6264,0.6264,0.1609,0.14108,0.07162
crops/1_13.jpg,1,1_jpg.rf.15636baee6e7688effa2cd6f6ae3d828.jpg,,0,0,no_caries,no_caries,0.5668,0.56681,0.23598,0.16191,0.0353
crops/204_0.jpg,204,204_jpg.rf.a995df396b81b7c0a39440386ab2be1d.jpg,,2,0,mild,no_caries,0.6688,0.66878,0.10792,0.1283,0.095
crops/204_1.jpg,204,204_jpg.rf.a995df396b81b7c0a39440386ab2be1d.jpg,,2,0,mild,no_caries,0.4566,0.4566,0.2888,0.14829,0.10632
crops/204_2.jpg,204,204_jpg.rf.a995df396b81b7c0a39440386ab2be1d.jpg,,2,0,mild,mild,0.6973,0.04329,0.69725,0.21685,0.04261
crops/204_3.jpg,204,204_jpg.rf.a995df396b81b7c0a39440386ab2be1d.jpg,,2,0,mild,moderate,0.668,0.03599,0.23106,0.66798,0.06498
crops/204_4.jpg,204,204_jpg.rf.a995df396b81b7c0a39440386ab2be1d.jpg,,3,0,moderate,moderate,0.5217,0.00321,0.37715,0.52165,0.09799
crops/204_5.jpg,204,204_jpg.rf.a995df396b81b7c0a39440386ab2be1d.jpg,,3,0,moderate,advanced,0.7462,0.00448,0.21527,0.03401,0.74623
crops/204_6.jpg,204,204_jpg.rf.a995df396b81b7c0a39440386ab2be1d.jpg,,6,0,advanced,advanced,0.9697,0.00108,0.01369,0.01553,0.9697
crops/204_7.jpg,204,204_jpg.rf.a995df396b81b7c0a39440386ab2be1d.jpg,,2,0,mild,advanced,0.6918,0.00516,0.17274,0.13034,0.69176
crops/204_8.jpg,204,204_jpg.rf.a995df396b81b7c0a39440386ab2be1d.jpg,,2,0,mild,mild,0.5084,0.07657,0.50835,0.25829,0.15679
crops/204_9.jpg,204,204_jpg.rf.a995df396b81b7c0a39440386ab2be1d.jpg,,2,0,mild,no_caries,0.658,0.65801,0.15913,0.15188,0.03098
crops/204_10.jpg,204,204_jpg.rf.a995df396b81b7c0a39440386ab2be1d.jpg,,2,0,mild,moderate,0.4342,0.20251,0.33282,0.4342,0.03046
crops/204_11.jpg,204,204_jpg.rf.a995df396b81b7c0a39440386ab2be1d.jpg,,2,0,mild,no_caries,0.6437,0.64366,0.10384,0.22216,0.03034
crops/204_12.jpg,204,204_jpg.rf.a995df396b81b7c0a39440386ab2be1d.jpg,,2,0,mild,no_caries,0.4472,0.4472,0.13653,0.37676,0.0395
crops/204_13.jpg,204,204_jpg.rf.a995df396b81b7c0a39440386ab2be1d.jpg,,3,0,moderate,no_caries,0.4624,0.46245,0.10271,0.40541,0.02943
crops/204_14.jpg,204,204_jpg.rf.a995df396b81b7c0a39440386ab2be1d.jpg,,0,0,no_caries,no_caries,0.5784,0.57842,0.03895,0.34613,0.03651
crops/204_15.jpg,204,204_jpg.rf.a995df396b81b7c0a39440386ab2be1d.jpg,,0,0,no_caries,moderate,0.4056,0.31571,0.25593,0.40563,0.02273
crops/204_16.jpg,204,204_jpg.rf.a995df396b81b7c0a39440386ab2be1d.jpg,,0,0,no_caries,mild,0.5542,0.21658,0.55422,0.20813,0.02106
crops/204_17.jpg,204,204_jpg.rf.a995df396b81b7c0a39440386ab2be1d.jpg,,0,0,no_caries,mild,0.5979,0.17346,0.59791,0.13778,0.09084
crops/204_18.jpg,204,204_jpg.rf.a995df396b81b7c0a39440386ab2be1d.jpg,,1,0,mild,mild,0.5487,0.24405,0.54868,0.05769,0.14958
crops/210_0.jpg,210,210_jpg.rf.72379546f04e8758fa9ecc839c63b11f.jpg,,0,0,no_caries,advanced,0.3515,0.28305,0.13208,0.23339,0.35148
crops/210_1.jpg,210,210_jpg.rf.72379546f04e8758fa9ecc839c63b11f.jpg,,0,0,no_caries,no_caries,0.4811,0.48105,0.36265,0.07537,0.08093
crops/210_2.jpg,210,210_jpg.rf.72379546f04e8758fa9ecc839c63b11f.jpg,,5,0,advanced,mild,0.5326,0.12019,0.53261,0.23429,0.11292
crops/210_3.jpg,210,210_jpg.rf.72379546f04e8758fa9ecc839c63b11f.jpg,,5,0,advanced,mild,0.5261,0.05306,0.52613,0.12018,0.30063
crops/210_4.jpg,210,210_jpg.rf.72379546f04e8758fa9ecc839c63b11f.jpg,,5,0,advanced,mild,0.415,0.37008,0.41499,0.13654,0.07838
crops/210_5.jpg,210,210_jpg.rf.72379546f04e8758fa9ecc839c63b11f.jpg,,0,0,no_caries,no_caries,0.6567,0.65672,0.1423,0.09345,0.10754
crops/210_6.jpg,210,210_jpg.rf.72379546f04e8758fa9ecc839c63b11f.jpg,,0,0,no_caries,no_caries,0.7765,0.7765,0.09278,0.056,0.07472
crops/210_7.jpg,210,210_jpg.rf.72379546f04e8758fa9ecc839c63b11f.jpg,,0,0,no_caries,no_caries,0.6703,0.67033,0.12186,0.08601,0.1218
crops/210_8.jpg,210,210_jpg.rf.72379546f04e8758fa9ecc839c63b11f.jpg,,0,0,no_caries,no_caries,0.7809,0.78087,0.069,0.06947,0.08065
crops/210_9.jpg,210,210_jpg.rf.72379546f04e8758fa9ecc839c63b11f.jpg,,0,0,no_caries,no_caries,0.6009,0.60092,0.13233,0.12738,0.13937
crops/210_10.jpg,210,210_jpg.rf.72379546f04e8758fa9ecc839c63b11f.jpg,,0,0,no_caries,no_caries,0.6138,0.61382,0.14175,0.17786,0.06657
crops/2897_0.jpg,2897,2897_jpg.rf.f9e9e37528ca11a89368bfee570392e2.jpg,,5,0,advanced,advanced,0.9787,0.00073,0.00496,0.01559,0.97873
crops/2897_1.jpg,2897,2897_jpg.rf.f9e9e37528ca11a89368bfee570392e2.jpg,,3,0,moderate,advanced,0.7788,0.08571,0.09816,0.03736,0.77877
crops/297_0.jpg,297,297_jpg.rf.012a2f13cc7052d05662c55c126cefd4.jpg,,0,0,no_caries,mild,0.6518,0.16405,0.65183,0.05162,0.1325
crops/297_1.jpg,297,297_jpg.rf.012a2f13cc7052d05662c55c126cefd4.jpg,,0,0,no_caries,mild,0.4559,0.22344,0.45591,0.03946,0.28119
crops/297_2.jpg,297,297_jpg.rf.012a2f13cc7052d05662c55c126cefd4.jpg,,0,0,no_caries,mild,0.5248,0.34011,0.5248,0.05811,0.07698
crops/297_3.jpg,297,297_jpg.rf.012a2f13cc7052d05662c55c126cefd4.jpg,,2,0,mild,moderate,0.7946,0.01459,0.15494,0.79462,0.03586
crops/297_4.jpg,297,297_jpg.rf.012a2f13cc7052d05662c55c126cefd4.jpg,,2,0,mild,mild,0.7344,0.07667,0.73436,0.07871,0.11027
crops/297_5.jpg,297,297_jpg.rf.012a2f13cc7052d05662c55c126cefd4.jpg,,2,0,mild,mild,0.6694,0.18617,0.6694,0.10232,0.04211
crops/297_6.jpg,297,297_jpg.rf.012a2f13cc7052d05662c55c126cefd4.jpg,,2,0,mild,mild,0.3894,0.19778,0.3894,0.24201,0.1708
crops/297_7.jpg,297,297_jpg.rf.012a2f13cc7052d05662c55c126cefd4.jpg,,2,0,mild,mild,0.5557,0.24175,0.55567,0.13153,0.07105
crops/297_8.jpg,297,297_jpg.rf.012a2f13cc7052d05662c55c126cefd4.jpg,,2,0,mild,no_caries,0.4692,0.46919,0.33625,0.10433,0.09023
crops/297_9.jpg,297,297_jpg.rf.012a2f13cc7052d05662c55c126cefd4.jpg,,0,0,no_caries,no_caries,0.6499,0.64993,0.20795,0.07031,0.07181
crops/297_10.jpg,297,297_jpg.rf.012a2f13cc7052d05662c55c126cefd4.jpg,,0,0,no_caries,no_caries,0.6988,0.69882,0.19873,0.05257,0.04988
crops/297_11.jpg,297,297_jpg.rf.012a2f13cc7052d05662c55c126cefd4.jpg,,0,0,no_caries,no_caries,0.6871,0.68707,0.10835,0.12709,0.0775
crops/297_12.jpg,297,297_jpg.rf.012a2f13cc7052d05662c55c126cefd4.jpg,,0,0,no_caries,no_caries,0.6941,0.69409,0.10529,0.11984,0.08079
crops/297_13.jpg,297,297_jpg.rf.012a2f13cc7052d05662c55c126cefd4.jpg,,0,0,no_caries,no_caries,0.7244,0.72442,0.11694,0.11153,0.04711
crops/297_14.jpg,297,297_jpg.rf.012a2f13cc7052d05662c55c126cefd4.jpg,,0,0,no_caries,no_caries,0.7085,0.70845,0.05984,0.15715,0.07456
crops/297_15.jpg,297,297_jpg.rf.012a2f13cc7052d05662c55c126cefd4.jpg,,0,0,no_caries,no_caries,0.8356,0.83562,0.04654,0.07837,0.03947
crops/297_16.jpg,297,297_jpg.rf.012a2f13cc7052d05662c55c126cefd4.jpg,,0,0,no_caries,no_caries,0.6584,0.65841,0.07967,0.20607,0.05585
crops/30_0.jpg,30,30_jpg.rf.a0d9ea3a890a0799840d924e8a71d91b.jpg,,0,0,no_caries,no_caries,0.5666,0.56659,0.36916,0.02552,0.03873
crops/30_1.jpg,30,30_jpg.rf.a0d9ea3a890a0799840d924e8a71d91b.jpg,,0,0,no_caries,no_caries,0.5963,0.59629,0.30904,0.05561,0.03906
crops/30_2.jpg,30,30_jpg.rf.a0d9ea3a890a0799840d924e8a71d91b.jpg,,5,0,advanced,mild,0.5806,0.07311,0.58064,0.22583,0.12043
crops/30_3.jpg,30,30_jpg.rf.a0d9ea3a890a0799840d924e8a71d91b.jpg,,2,0,mild,mild,0.4073,0.14397,0.40734,0.2468,0.20189
crops/30_4.jpg,30,30_jpg.rf.a0d9ea3a890a0799840d924e8a71d91b.jpg,,5,0,advanced,mild,0.4773,0.02473,0.47733,0.37826,0.11967
crops/30_5.jpg,30,30_jpg.rf.a0d9ea3a890a0799840d924e8a71d91b.jpg,,0,0,no_caries,no_caries,0.5371,0.53715,0.31682,0.07477,0.07126
crops/30_6.jpg,30,30_jpg.rf.a0d9ea3a890a0799840d924e8a71d91b.jpg,,0,0,no_caries,no_caries,0.7089,0.70886,0.21365,0.04202,0.03547
crops/30_7.jpg,30,30_jpg.rf.a0d9ea3a890a0799840d924e8a71d91b.jpg,,0,0,no_caries,mild,0.6532,0.27288,0.65316,0.01443,0.05953
crops/3209_0.jpg,3209,3209_jpg.rf.44a5052b3b41f423c8351cc549767593.jpg,,2,0,mild,mild,0.5895,0.27367,0.58952,0.11052,0.02629
crops/3209_1.jpg,3209,3209_jpg.rf.44a5052b3b41f423c8351cc549767593.jpg,,0,0,no_caries,no_caries,0.5514,0.55135,0.3855,0.03355,0.0296
crops/3209_2.jpg,3209,3209_jpg.rf.44a5052b3b41f423c8351cc549767593.jpg,,2,0,mild,no_caries,0.5202,0.52022,0.23616,0.19346,0.05016
crops/3209_3.jpg,3209,3209_jpg.rf.44a5052b3b41f423c8351cc549767593.jpg,,0,0,no_caries,advanced,0.3688,0.0833,0.3401,0.20783,0.36877
crops/3209_4.jpg,3209,3209_jpg.rf.44a5052b3b41f423c8351cc549767593.jpg,,0,0,no_caries,mild,0.6246,0.18904,0.62464,0.11937,0.06695
crops/3209_5.jpg,3209,3209_jpg.rf.44a5052b3b41f423c8351cc549767593.jpg,,0,0,no_caries,mild,0.51,0.34626,0.51004,0.10882,0.03488
crops/3209_6.jpg,3209,3209_jpg.rf.44a5052b3b41f423c8351cc549767593.jpg,,0,0,no_caries,mild,0.7789,0.16019,0.77894,0.03908,0.0218
crops/3209_7.jpg,3209,3209_jpg.rf.44a5052b3b41f423c8351cc549767593.jpg,,1,0,mild,mild,0.5253,0.21773,0.52531,0.18352,0.07344
crops/3209_8.jpg,3209,3209_jpg.rf.44a5052b3b41f423c8351cc549767593.jpg,,0,0,no_caries,mild,0.5686,0.36052,0.56859,0.0324,0.03849
crops/3209_9.jpg,3209,3209_jpg.rf.44a5052b3b41f423c8351cc549767593.jpg,,3,0,moderate,moderate,0.7631,0.04372,0.15708,0.76306,0.03614
crops/3209_10.jpg,3209,3209_jpg.rf.44a5052b3b41f423c8351cc549767593.jpg,,3,0,moderate,moderate,0.6641,0.05032,0.22622,0.66414,0.05933
crops/3209_11.jpg,3209,3209_jpg.rf.44a5052b3b41f423c8351cc549767593.jpg,,5,0,advanced,mild,0.6009,0.06366,0.60091,0.22835,0.10707
crops/hibogi_ai_01201_0.jpg,hibogi_ai_01201,HIBOGI_AI_01201_jpg.rf.8da1514a1e0ae6213005ed1c81b39dcf.jpg,,2,0,mild,mild,0.5284,0.15634,0.52841,0.1608,0.15445
crops/hibogi_ai_01201_1.jpg,hibogi_ai_01201,HIBOGI_AI_01201_jpg.rf.8da1514a1e0ae6213005ed1c81b39dcf.jpg,,0,0,no_caries,mild,0.6066,0.257,0.60662,0.03139,0.105
crops/hibogi_ai_01201_2.jpg,hibogi_ai_01201,HIBOGI_AI_01201_jpg.rf.8da1514a1e0ae6213005ed1c81b39dcf.jpg,,0,0,no_caries,mild,0.4124,0.25283,0.41243,0.09032,0.24443
crops/hibogi_ai_01201_3.jpg,hibogi_ai_01201,HIBOGI_AI_01201_jpg.rf.8da1514a1e0ae6213005ed1c81b39dcf.jpg,,0,0,no_caries,mild,0.5296,0.39385,0.52956,0.03489,0.04171
crops/hibogi_ai_01201_4.jpg,hibogi_ai_01201,HIBOGI_AI_01201_jpg.rf.8da1514a1e0ae6213005ed1c81b39dcf.jpg,,0,0,no_caries,no_caries,0.5749,0.57486,0.35447,0.0262,0.04447
crops/hibogi_ai_01201_5.jpg,hibogi_ai_01201,HIBOGI_AI_01201_jpg.rf.8da1514a1e0ae6213005ed1c81b39dcf.jpg,,0,0,no_caries,no_caries,0.5725,0.57254,0.19875,0.06126,0.16745
crops/hibogi_ai_01201_6.jpg,hibogi_ai_01201,HIBOGI_AI_01201_jpg.rf.8da1514a1e0ae6213005ed1c81b39dcf.jpg,,0,0,no_caries,mild,0.5756,0.24616,0.57558,0.06144,0.11682
crops/hibogi_ai_01201_7.jpg,hibogi_ai_01201,HIBOGI_AI_01201_jpg.rf.8da1514a1e0ae6213005ed1c81b39dcf.jpg,,0,0,no_caries,mild,0.6946,0.07998,0.69456,0.04712,0.17834
crops/hibogi_ai_01201_8.jpg,hibogi_ai_01201,HIBOGI_AI_01201_jpg.rf.8da1514a1e0ae6213005ed1c81b39dcf.jpg,,0,0,no_caries,moderate,0.5631,0.03831,0.19259,0.56311,0.20599
crops/hibogi_ai_01328_png_0.jpg,hibogi_ai_01328_png,HIBOGI_AI_01328_png_jpg.rf.6fd70aa853d98f74240df3386d37c1fe.jpg,,1,0,mild,advanced,0.6192,0.15458,0.05652,0.16971,0.61919
crops/hibogi_ai_01328_png_1.jpg,hibogi_ai_01328_png,HIBOGI_AI_01328_png_jpg.rf.6fd70aa853d98f74240df3386d37c1fe.jpg,,1,0,mild,mild,0.5221,0.30671,0.52212,0.07056,0.10061
crops/hibogi_ai_01328_png_2.jpg,hibogi_ai_01328_png,HIBOGI_AI_01328_png_jpg.rf.6fd70aa853d98f74240df3386d37c1fe.jpg,,5,0,advanced,advanced,0.9802,0.00328,0.00466,0.01189,0.98017
crops/hibogi_ai_01328_png_3.jpg,hibogi_ai_01328_png,HIBOGI_AI_01328_png_jpg.rf.6fd70aa853d98f74240df3386d37c1fe.jpg,,0,0,no_caries,no_caries,0.4449,0.4449,0.41477,0.02396,0.11638
crops/hibogi_ai_01328_png_4.jpg,hibogi_ai_01328_png,HIBOGI_AI_01328_png_jpg.rf.6fd70aa853d98f74240df3386d37c1fe.jpg,,0,0,no_caries,no_caries,0.7978,0.79778,0.02183,0.08612,0.09428
crops/hibogi_ai_01328_png_5.jpg,hibogi_ai_01328_png,HIBOGI_AI_01328_png_jpg.rf.6fd70aa853d98f74240df3386d37c1fe.jpg,,0,0,no_caries,no_caries,0.6563,0.65625,0.25569,0.02969,0.05836
crops/hibogi_ai_01328_png_6.jpg,hibogi_ai_01328_png,HIBOGI_AI_01328_png_jpg.rf.6fd70aa853d98f74240df3386d37c1fe.jpg,,5,0,advanced,advanced,0.9599,0.00662,0.0146,0.01886,0.95992
crops/hibogi_ai_01328_png_7.jpg,hibogi_ai_01328_png,HIBOGI_AI_01328_png_jpg.rf.6fd70aa853d98f74240df3386d37c1fe.jpg,,2,0,mild,moderate,0.3319,0.16162,0.21836,0.33193,0.28809
crops/hibogi_ai_01328_png_8.jpg,hibogi_ai_01328_png,HIBOGI_AI_01328_png_jpg.rf.6fd70aa853d98f74240df3386d37c1fe.jpg,,0,0,no_caries,no_caries,0.5936,0.59357,0.16936,0.09373,0.14334
crops/hibogi_ai_01328_png_9.jpg,hibogi_ai_01328_png,HIBOGI_AI_01328_png_jpg.rf.6fd70aa853d98f74240df3386d37c1fe.jpg,,0,0,no_caries,no_caries,0.7495,0.74954,0.04108,0.13766,0.07172
crops/hibogi_ai_01328_png_10.jpg,hibogi_ai_01328_png,HIBOGI_AI_01328_png_jpg.rf.6fd70aa853d98f74240df3386d37c1fe.jpg,,0,0,no_caries,no_caries,0.7398,0.73984,0.04495,0.1573,0.05791
crops/hibogi_ai_01328_png_11.jpg,hibogi_ai_01328_png,HIBOGI_AI_01328_png_jpg.rf.6fd70aa853d98f74240df3386d37c1fe.jpg,,0,0,no_caries,no_caries,0.4779,0.47793,0.01193,0.41782,0.09231
crops/hibogi_ai_01777_png_0.jpg,hibogi_ai_01777_png,HIBOGI_AI_01777_png_jpg.rf.9918a8c89e4835106a254405ba25bc97.jpg,,0,0,no_caries,no_caries,0.7382,0.73821,0.14246,0.06729,0.05204
crops/hibogi_ai_01777_png_1.jpg,hibogi_ai_01777_png,HIBOGI_AI_01777_png_jpg.rf.9918a8c89e4835106a254405ba25bc97.jpg,,0,0,no_caries,no_caries,0.516,0.51595,0.15428,0.12541,0.20436
crops/hibogi_ai_01777_png_2.jpg,hibogi_ai_01777_png,HIBOGI_AI_01777_png_jpg.rf.9918a8c89e4835106a254405ba25bc97.jpg,,0,0,no_caries,no_caries,0.7866,0.78664,0.07625,0.08559,0.05152
crops/hibogi_ai_01777_png_3.jpg,hibogi_ai_01777_png,HIBOGI_AI_01777_png_jpg.rf.9918a8c89e4835106a254405ba25bc97.jpg,,0,0,no_caries,no_caries,0.7109,0.71095,0.17013,0.045,0.07392
crops/hibogi_ai_01777_png_4.jpg,hibogi_ai_01777_png,HIBOGI_AI_01777_png_jpg.rf.9918a8c89e4835106a254405ba25bc97.jpg,,0,0,no_caries,no_caries,0.7522,0.75216,0.11933,0.06583,0.06267
crops/hibogi_ai_01777_png_5.jpg,hibogi_ai_01777_png,HIBOGI_AI_01777_png_jpg.rf.9918a8c89e4835106a254405ba25bc97.jpg,,0,0,no_caries,no_caries,0.759,0.75898,0.08777,0.08953,0.06372
crops/hibogi_ai_01777_png_6.jpg,hibogi_ai_01777_png,HIBOGI_AI_01777_png_jpg.rf.9918a8c89e4835106a254405ba25bc97.jpg,,0,0,no_caries,no_caries,0.6532,0.65318,0.20279,0.04801,0.09602
crops/hibogi_ai_01777_png_7.jpg,hibogi_ai_01777_png,HIBOGI_AI_01777_png_jpg.rf.9918a8c89e4835106a254405ba25bc97.jpg,,0,0,no_caries,no_caries,0.5425,0.54254,0.20357,0.08805,0.16584
crops/hibogi_ai_01777_png_8.jpg,hibogi_ai_01777_png,HIBOGI_AI_01777_png_jpg.rf.9918a8c89e4835106a254405ba25bc97.jpg,,0,0,no_caries,no_caries,0.7339,0.73386,0.08889,0.12384,0.05341
crops/hibogi_ai_01777_png_9.jpg,hibogi_ai_01777_png,HIBOGI_AI_01777_png_jpg.rf.9918a8c89e4835106a254405ba25bc97.jpg,,0,0,no_caries,no_caries,0.8312,0.83119,0.05407,0.08191,0.03283
crops/hibogi_ai_01777_png_10.jpg,hibogi_ai_01777_png,HIBOGI_AI_01777_png_jpg.rf.9918a8c89e4835106a254405ba25bc97.jpg,,0,0,no_caries,no_caries,0.7959,0.79588,0.06664,0.07084,0.06664
crops/hibogi_ai_01777_png_11.jpg,hibogi_ai_01777_png,HIBOGI_AI_01777_png_jpg.rf.9918a8c89e4835106a254405ba25bc97.jpg,,0,0,no_caries,no_caries,0.7815,0.78148,0.0886,0.08311,0.0468
crops/hibogi_ai_01777_png_12.jpg,hibogi_ai_01777_png,HIBOGI_AI_01777_png_jpg.rf.9918a8c89e4835106a254405ba25bc97.jpg,,0,0,no_caries,no_caries,0.7706,0.7706,0.07732,0.11336,0.03872
crops/hibogi_ai_01777_png_13.jpg,hibogi_ai_01777_png,HIBOGI_AI_01777_png_jpg.rf.9918a8c89e4835106a254405ba25bc97.jpg,,0,0,no_caries,no_caries,0.6453,0.64532,0.05059,0.18788,0.11621
crops/hibogi_ai_02752_png_0.jpg,hibogi_ai_02752_png,HIBOGI_AI_02752_png_jpg.rf.7e5e443bc7478778a48ea5014aa11da8.jpg,,0,0,no_caries,no_caries,0.7229,0.72288,0.05814,0.10691,0.11208
crops/hibogi_ai_02752_png_1.jpg,hibogi_ai_02752_png,HIBOGI_AI_02752_png_jpg.rf.7e5e443bc7478778a48ea5014aa11da8.jpg,,0,0,no_caries,no_caries,0.6195,0.61953,0.06596,0.21693,0.09758
crops/hibogi_ai_02752_png_2.jpg,hibogi_ai_02752_png,HIBOGI_AI_02752_png_jpg.rf.7e5e443bc7478778a48ea5014aa11da8.jpg,,0,0,no_caries,no_caries,0.5357,0.53566,0.29927,0.11887,0.04619
crops/hibogi_ai_02752_png_3.jpg,hibogi_ai_02752_png,HIBOGI_AI_02752_png_jpg.rf.7e5e443bc7478778a48ea5014aa11da8.jpg,,0,0,no_caries,no_caries,0.6505,0.65047,0.22681,0.06554,0.05719
crops/hibogi_ai_02752_png_4.jpg,hibogi_ai_02752_png,HIBOGI_AI_02752_png_jpg.rf.7e5e443bc7478778a48ea5014aa11da8.jpg,,0,0,no_caries,mild,0.4534,0.36314,0.45338,0.06075,0.12273
crops/hibogi_ai_02752_png_5.jpg,hibogi_ai_02752_png,HIBOGI_AI_02752_png_jpg.rf.7e5e443bc7478778a48ea5014aa11da8.jpg,,0,0,no_caries,no_caries,0.3805,0.38049,0.28945,0.10933,0.22072
crops/hibogi_ai_02752_png_6.jpg,hibogi_ai_02752_png,HIBOGI_AI_02752_png_jpg.rf.7e5e443bc7478778a48ea5014aa11da8.jpg,,0,0,no_caries,no_caries,0.6304,0.63036,0.08245,0.22671,0.06048
crops/hibogi_ai_02752_png_7.jpg,hibogi_ai_02752_png,HIBOGI_AI_02752_png_jpg.rf.7e5e443bc7478778a48ea5014aa11da8.jpg,,0,0,no_caries,moderate,0.5636,0.14593,0.20519,0.56364,0.08524
crops/hibogi_ai_02752_png_8.jpg,hibogi_ai_02752_png,HIBOGI_AI_02752_png_jpg.rf.7e5e443bc7478778a48ea5014aa11da8.jpg,,0,0,no_caries,no_caries,0.6764,0.6764,0.13639,0.15116,0.03605
crops/hibogi_ai_02752_png_9.jpg,hibogi_ai_02752_png,HIBOGI_AI_02752_png_jpg.rf.7e5e443bc7478778a48ea5014aa11da8.jpg,,0,0,no_caries,no_caries,0.7252,0.72519,0.13404,0.10984,0.03093
crops/hibogi_ai_02752_png_10.jpg,hibogi_ai_02752_png,HIBOGI_AI_02752_png_jpg.rf.7e5e443bc7478778a48ea5014aa11da8.jpg,,0,0,no_caries,no_caries,0.6193,0.61934,0.06481,0.29467,0.02118
crops/hibogi_ai_02752_png_11.jpg,hibogi_ai_02752_png,HIBOGI_AI_02752_png_jpg.rf.7e5e443bc7478778a48ea5014aa11da8.jpg,,0,0,no_caries,no_caries,0.7027,0.70271,0.15269,0.07305,0.07155
crops/hibogi_ai_02752_png_12.jpg,hibogi_ai_02752_png,HIBOGI_AI_02752_png_jpg.rf.7e5e443bc7478778a48ea5014aa11da8.jpg,,0,0,no_caries,no_caries,0.6022,0.60217,0.2523,0.06075,0.08477
crops/hibogi_ai_02752_png_13.jpg,hibogi_ai_02752_png,HIBOGI_AI_02752_png_jpg.rf.7e5e443bc7478778a48ea5014aa11da8.jpg,,5,0,advanced,advanced,0.9806,0.00314,0.00727,0.00894,0.98065
crops/hibogi_ai_02757_png_0.jpg,hibogi_ai_02757_png,HIBOGI_AI_02757_png_jpg.rf.c6558b756c04410e4fa005c9b7851da8.jpg,,2,0,mild,mild,0.4547,0.06611,0.45469,0.32761,0.15159
crops/hibogi_ai_02757_png_1.jpg,hibogi_ai_02757_png,HIBOGI_AI_02757_png_jpg.rf.c6558b756c04410e4fa005c9b7851da8.jpg,,5,0,advanced,advanced,0.8191,0.02573,0.03444,0.12072,0.81911
crops/hibogi_ai_02757_png_2.jpg,hibogi_ai_02757_png,HIBOGI_AI_02757_png_jpg.rf.c6558b756c04410e4fa005c9b7851da8.jpg,,0,0,no_caries,no_caries,0.6759,0.67589,0.20766,0.07038,0.04607
crops/hibogi_ai_02757_png_3.jpg,hibogi_ai_02757_png,HIBOGI_AI_02757_png_jpg.rf.c6558b756c04410e4fa005c9b7851da8.jpg,,0,0,no_caries,no_caries,0.7312,0.7312,0.03943,0.16812,0.06125
crops/hibogi_ai_02757_png_4.jpg,hibogi_ai_02757_png,HIBOGI_AI_02757_png_jpg.rf.c6558b756c04410e4fa005c9b7851da8.jpg,,0,0,no_caries,no_caries,0.7781,0.77812,0.04231,0.08234,0.09723
crops/hibogi_ai_02757_png_5.jpg,hibogi_ai_02757_png,HIBOGI_AI_02757_png_jpg.rf.c6558b756c04410e4fa005c9b7851da8.jpg,,0,0,no_caries,no_caries,0.8377,0.83766,0.01927,0.09117,0.0519
crops/hibogi_ai_02757_png_6.jpg,hibogi_ai_02757_png,HIBOGI_AI_02757_png_jpg.rf.c6558b756c04410e4fa005c9b7851da8.jpg,,0,0,no_caries,no_caries,0.7919,0.79193,0.03292,0.13551,0.03964
crops/hibogi_ai_02757_png_7.jpg,hibogi_ai_02757_png,HIBOGI_AI_02757_png_jpg.rf.c6558b756c04410e4fa005c9b7851da8.jpg,,0,0,no_caries,no_caries,0.5371,0.53709,0.35742,0.06634,0.03915
crops/hibogi_ai_02757_png_8.jpg,hibogi_ai_02757_png,HIBOGI_AI_02757_png_jpg.rf.c6558b756c04410e4fa005c9b7851da8.jpg,,6,0,advanced,advanced,0.74,0.00346,0.03921,0.21736,0.73997
crops/hibogi_ai_02757_png_9.jpg,hibogi_ai_02757_png,HIBOGI_AI_02757_png_jpg.rf.c6558b756c04410e4fa005c9b7851da8.jpg,,5,0,advanced,advanced,0.3747,0.0412,0.25787,0.32629,0.37465
crops/hibogi_ai_03083_png_0.jpg,hibogi_ai_03083_png,HIBOGI_AI_03083_png_jpg.rf.8643aa00d05f449e04a74fa561b14342.jpg,,4,0,moderate,mild,0.5638,0.32587,0.56378,0.05974,0.05061
crops/hibogi_ai_03083_png_1.jpg,hibogi_ai_03083_png,HIBOGI_AI_03083_png_jpg.rf.8643aa00d05f449e04a74fa561b14342.jpg,,0,0,no_caries,no_caries,0.6054,0.60542,0.28281,0.07282,0.03896
crops/hibogi_ai_03083_png_2.jpg,hibogi_ai_03083_png,HIBOGI_AI_03083_png_jpg.rf.8643aa00d05f449e04a74fa561b14342.jpg,,0,0,no_caries,no_caries,0.6839,0.6839,0.13844,0.12103,0.05663
crops/hibogi_ai_03083_png_3.jpg,hibogi_ai_03083_png,HIBOGI_AI_03083_png_jpg.rf.8643aa00d05f449e04a74fa561b14342.jpg,,0,0,no_caries,mild,0.6785,0.21514,0.67852,0.08439,0.02195
crops/hibogi_ai_03083_png_4.jpg,hibogi_ai_03083_png,HIBOGI_AI_03083_png_jpg.rf.8643aa00d05f449e04a74fa561b14342.jpg,,0,0,no_caries,mild,0.478,0.45155,0.47803,0.05686,0.01356
crops/hibogi_ai_03083_png_5.jpg,hibogi_ai_03083_png,HIBOGI_AI_03083_png_jpg.rf.8643aa00d05f449e04a74fa561b14342.jpg,,0,0,no_caries,no_caries,0.5335,0.53348,0.39568,0.0289,0.04195
crops/hibogi_ai_03083_png_6.jpg,hibogi_ai_03083_png,HIBOGI_AI_03083_png_jpg.rf.8643aa00d05f449e04a74fa561b14342.jpg,,6,0,advanced,advanced,0.8824,0.00379,0.03033,0.08345,0.88243
crops/hibogi_ai_03083_png_7.jpg,hibogi_ai_03083_png,HIBOGI_AI_03083_png_jpg.rf.8643aa00d05f449e04a74fa561b14342.jpg,,2,0,mild,mild,0.6024,0.19024,0.60239,0.09872,0.10865
crops/hibogi_ai_03083_png_8.jpg,hibogi_ai_03083_png,HIBOGI_AI_03083_png_jpg.rf.8643aa00d05f449e04a74fa561b14342.jpg,,1,0,mild,no_caries,0.7108,0.71076,0.13851,0.12065,0.03009
crops/hibogi_ai_03083_png_9.jpg,hibogi_ai_03083_png,HIBOGI_AI_03083_png_jpg.rf.8643aa00d05f449e04a74fa561b14342.jpg,,0,0,no_caries,no_caries,0.5592,0.55916,0.30408,0.09599,0.04077
crops/hibogi_ai_03083_png_10.jpg,hibogi_ai_03083_png,HIBOGI_AI_03083_png_jpg.rf.8643aa00d05f449e04a74fa561b14342.jpg,,0,0,no_caries,no_caries,0.499,0.49899,0.36625,0.11592,0.01884
crops/hibogi_ai_03083_png_11.jpg,hibogi_ai_03083_png,HIBOGI_AI_03083_png_jpg.rf.8643aa00d05f449e04a74fa561b14342.jpg,,6,0,advanced,advanced,0.5084,0.17455,0.23715,0.07988,0.50841
crops/001_00114_05_a091_0.jpg,001_00114_05_a091,001_00114_05_a091_jpg.rf.b0b7c7f0f3dcbf8c3b433f2c99d3f220.jpg,,0,0,no_caries,no_caries,0.5666,0.56663,0.16774,0.19999,0.06565
crops/001_00114_05_a091_1.jpg,001_00114_05_a091,001_00114_05_a091_jpg.rf.b0b7c7f0f3dcbf8c3b433f2c99d3f220.jpg,,0,0,no_caries,no_caries,0.5639,0.56394,0.21569,0.11912,0.10125
crops/001_00114_05_a091_2.jpg,001_00114_05_a091,001_00114_05_a091_jpg.rf.b0b7c7f0f3dcbf8c3b433f2c99d3f220.jpg,,0,0,no_caries,no_caries,0.6568,0.65675,0.19647,0.0997,0.04708
crops/001_00114_05_a091_3.jpg,001_00114_05_a091,001_00114_05_a091_jpg.rf.b0b7c7f0f3dcbf8c3b433f2c99d3f220.jpg,,1,0,mild,no_caries,0.6718,0.6718,0.1855,0.07691,0.06578
crops/001_00114_05_a091_4.jpg,001_00114_05_a091,001_00114_05_a091_jpg.rf.b0b7c7f0f3dcbf8c3b433f2c99d3f220.jpg,,0,0,no_caries,no_caries,0.6741,0.6741,0.15799,0.1299,0.03801
crops/001_00114_05_a091_5.jpg,001_00114_05_a091,001_00114_05_a091_jpg.rf.b0b7c7f0f3dcbf8c3b433f2c99d3f220.jpg,,0,0,no_caries,no_caries,0.5375,0.53749,0.26884,0.15159,0.04209
crops/001_00114_05_a091_6.jpg,001_00114_05_a091,001_00114_05_a091_jpg.rf.b0b7c7f0f3dcbf8c3b433f2c99d3f220.jpg,,0,0,no_caries,no_caries,0.5397,0.53973,0.32448,0.09003,0.04576
crops/001_00114_05_a091_7.jpg,001_00114_05_a091,001_00114_05_a091_jpg.rf.b0b7c7f0f3dcbf8c3b433f2c99d3f220.jpg,,2,0,mild,mild,0.5713,0.34938,0.57129,0.02395,0.05538
crops/001_00114_05_a091_8.jpg,001_00114_05_a091,001_00114_05_a091_jpg.rf.b0b7c7f0f3dcbf8c3b433f2c99d3f220.jpg,,0,0,no_caries,mild,0.6758,0.19799,0.6758,0.0646,0.06161
crops/001_00114_05_a091_9.jpg,001_00114_05_a091,001_00114_05_a091_jpg.rf.b0b7c7f0f3dcbf8c3b433f2c99d3f220.jpg,,0,0,no_caries,mild,0.6975,0.23559,0.69754,0.03261,0.03426
crops/001_00114_05_a091_10.jpg,001_00114_05_a091,001_00114_05_a091_jpg.rf.b0b7c7f0f3dcbf8c3b433f2c99d3f220.jpg,,0,0,no_caries,mild,0.6793,0.22681,0.67932,0.03426,0.05961
crops/001_00114_05_a091_11.jpg,001_00114_05_a091,001_00114_05_a091_jpg.rf.b0b7c7f0f3dcbf8c3b433f2c99d3f220.jpg,,2,0,mild,mild,0.7162,0.18045,0.71623,0.00989,0.09343
crops/001_00114_05_a091_12.jpg,001_00114_05_a091,001_00114_05_a091_jpg.rf.b0b7c7f0f3dcbf8c3b433f2c99d3f220.jpg,,0,0,no_caries,no_caries,0.5832,0.58323,0.30675,0.04597,0.06406
crops/001_00114_05_a091_13.jpg,001_00114_05_a091,001_00114_05_a091_jpg.rf.b0b7c7f0f3dcbf8c3b433f2c99d3f220.jpg,,2,0,mild,no_caries,0.525,0.525,0.32144,0.06603,0.08752
crops/001_00114_05_a091_14.jpg,001_00114_05_a091,001_00114_05_a091_jpg.rf.b0b7c7f0f3dcbf8c3b433f2c99d3f220.jpg,,2,0,mild,mild,0.5893,0.32799,0.58932,0.0423,0.04039
crops/003_00048_11_a091_0.jpg,003_00048_11_a091,003_00048_11_a091_jpg.rf.adf11a6f3184af172ec1caac3905eb4b.jpg,,0,0,no_caries,mild,0.4684,0.36485,0.46844,0.12853,0.03817
crops/003_00048_11_a091_1.jpg,003_00048_11_a091,003_00048_11_a091_jpg.rf.adf11a6f3184af172ec1caac3905eb4b.jpg,,0,0,no_caries,no_caries,0.4143,0.41434,0.38177,0.14326,0.06063
crops/003_00048_11_a091_2.jpg,003_00048_11_a091,003_00048_11_a091_jpg.rf.adf11a6f3184af172ec1caac3905eb4b.jpg,,0,0,no_caries,advanced,0.4291,0.29402,0.18146,0.09539,0.42913
crops/003_00048_11_a091_3.jpg,003_00048_11_a091,003_00048_11_a091_jpg.rf.adf11a6f3184af172ec1caac3905eb4b.jpg,,0,0,no_caries,advanced,0.3321,0.30547,0.22256,0.13988,0.3321
crops/003_00048_11_a091_4.jpg,003_00048_11_a091,003_00048_11_a091_jpg.rf.adf11a6f3184af172ec1caac3905eb4b.jpg,,0,0,no_caries,no_caries,0.5765,0.57653,0.30162,0.05254,0.06931
crops/003_00048_11_a091_5.jpg,003_00048_11_a091,003_00048_11_a091_jpg.rf.adf11a6f3184af172ec1caac3905eb4b.jpg,,0,0,no_caries,no_caries,0.635,0.63505,0.20528,0.08457,0.0751
crops/003_00048_11_a091_6.jpg,003_00048_11_a091,003_00048_11_a091_jpg.rf.adf11a6f3184af172ec1caac3905eb4b.jpg,,0,0,no_caries,no_caries,0.7369,0.73685,0.13322,0.04958,0.08034
crops/003_00048_11_a091_7.jpg,003_00048_11_a091,003_00048_11_a091_jpg.rf.adf11a6f3184af172ec1caac3905eb4b.jpg,,0,0,no_caries,no_caries,0.6393,0.63929,0.16407,0.05449,0.14215
crops/003_00048_11_a091_8.jpg,003_00048_11_a091,003_00048_11_a091_jpg.rf.adf11a6f3184af172ec1caac3905eb4b.jpg,,0,0,no_caries,no_caries,0.6361,0.63606,0.20072,0.06943,0.09379
crops/003_00048_11_a091_9.jpg,003_00048_11_a091,003_00048_11_a091_jpg.rf.adf11a6f3184af172ec1caac3905eb4b.jpg,,0,0,no_caries,no_caries,0.5894,0.5894,0.25467,0.10389,0.05204
crops/003_00048_11_a091_10.jpg,003_00048_11_a091,003_00048_11_a091_jpg.rf.adf11a6f3184af172ec1caac3905eb4b.jpg,,0,0,no_caries,advanced,0.3748,0.24572,0.12023,0.25923,0.37481
crops/003_00048_11_a091_11.jpg,003_00048_11_a091,003_00048_11_a091_jpg.rf.adf11a6f3184af172ec1caac3905eb4b.jpg,,0,0,no_caries,no_caries,0.5833,0.58328,0.22135,0.12369,0.07168
crops/005_00240_03_a091_0.jpg,005_00240_03_a091,005_00240_03_a091_jpg.rf.c6a3b7ea561e492901a53e99a26fa35c.jpg,,0,0,no_caries,no_caries,0.7527,0.75266,0.04331,0.10472,0.09931
crops/005_00240_03_a091_1.jpg,005_00240_03_a091,005_00240_03_a091_jpg.rf.c6a3b7ea561e492901a53e99a26fa35c.jpg,,4,0,moderate,mild,0.5363,0.05192,0.53625,0.38045,0.03138
crops/005_00240_03_a091_2.jpg,005_00240_03_a091,005_00240_03_a091_jpg.rf.c6a3b7ea561e492901a53e99a26fa35c.jpg,,4,0,moderate,moderate,0.3904,0.21474,0.34561,0.39037,0.04929
crops/005_00240_03_a091_3.jpg,005_00240_03_a091,005_00240_03_a091_jpg.rf.c6a3b7ea561e492901a53e99a26fa35c.jpg,,0,0,no_caries,no_caries,0.5172,0.51716,0.26288,0.16527,0.05469
crops/005_00240_03_a091_4.jpg,005_00240_03_a091,005_00240_03_a091_jpg.rf.c6a3b7ea561e492901a53e99a26fa35c.jpg,,0,0,no_caries,no_caries,0.6445,0.6445,0.18508,0.11664,0.05378
crops/005_00240_03_a091_5.jpg,005_00240_03_a091,005_00240_03_a091_jpg.rf.c6a3b7ea561e492901a53e99a26fa35c.jpg,,1,0,mild,no_caries,0.594,0.59402,0.30253,0.06255,0.0409
crops/005_00276_04_a091_0.jpg,005_00276_04_a091,005_00276_04_a091_jpg.rf.1b272ee84fd5fb1ed9f99296df269ff9.jpg,,3,0,moderate,mild,0.6894,0.25142,0.68935,0.03262,0.02661
crops/005_00276_04_a091_1.jpg,005_00276_04_a091,005_00276_04_a091_jpg.rf.1b272ee84fd5fb1ed9f99296df269ff9.jpg,,5,0,advanced,moderate,0.5455,0.13646,0.27864,0.54546,0.03945
crops/005_00276_04_a091_2.jpg,005_00276_04_a091,005_00276_04_a091_jpg.rf.1b272ee84fd5fb1ed9f99296df269ff9.jpg,,5,0,advanced,advanced,0.7698,0.00261,0.03685,0.19069,0.76985
crops/005_00276_04_a091_3.jpg,005_00276_04_a091,005_00276_04_a091_jpg.rf.1b272ee84fd5fb1ed9f99296df269ff9.jpg,,0,0,no_caries,mild,0.6321,0.26816,0.63209,0.08307,0.01668
crops/005_00276_04_a091_4.jpg,005_00276_04_a091,005_00276_04_a091_jpg.rf.1b272ee84fd5fb1ed9f99296df269ff9.jpg,,0,0,no_caries,mild,0.6689,0.23904,0.66891,0.07967,0.01238
crops/005_00276_04_a091_5.jpg,005_00276_04_a091,005_00276_04_a091_jpg.rf.1b272ee84fd5fb1ed9f99296df269ff9.jpg,,0,0,no_caries,mild,0.4852,0.34633,0.48516,0.15411,0.0144
crops/005_00276_04_a091_6.jpg,005_00276_04_a091,005_00276_04_a091_jpg.rf.1b272ee84fd5fb1ed9f99296df269ff9.jpg,,0,0,no_caries,mild,0.4434,0.42734,0.44343,0.09326,0.03597
crops/005_00276_04_a091_7.jpg,005_00276_04_a091,005_00276_04_a091_jpg.rf.1b272ee84fd5fb1ed9f99296df269ff9.jpg,,0,0,no_caries,no_caries,0.4509,0.45089,0.28334,0.23936,0.0264
crops/005_00276_04_a091_8.jpg,005_00276_04_a091,005_00276_04_a091_jpg.rf.1b272ee84fd5fb1ed9f99296df269ff9.jpg,,0,0,no_caries,no_caries,0.6434,0.64336,0.23687,0.08587,0.03389
crops/005_00276_04_a091_9.jpg,005_00276_04_a091,005_00276_04_a091_jpg.rf.1b272ee84fd5fb1ed9f99296df269ff9.jpg,,0,0,no_caries,no_caries,0.6579,0.65786,0.03491,0.21895,0.08828
crops/005_00276_04_a091_10.jpg,005_00276_04_a091,005_00276_04_a091_jpg.rf.1b272ee84fd5fb1ed9f99296df269ff9.jpg,,0,0,no_caries,no_caries,0.7699,0.76989,0.10414,0.08676,0.03921
crops/005_00276_04_a091_11.jpg,005_00276_04_a091,005_00276_04_a091_jpg.rf.1b272ee84fd5fb1ed9f99296df269ff9.jpg,,0,0,no_caries,no_caries,0.7553,0.75528,0.07544,0.12917,0.04011
crops/005_00276_07_a091_0.jpg,005_00276_07_a091,005_00276_07_a091_jpg.rf.565eaf0ed1eebe46f2e807160f0a94c1.jpg,,0,0,no_caries,mild,0.388,0.20792,0.38799,0.38003,0.02406
crops/005_00276_07_a091_1.jpg,005_00276_07_a091,005_00276_07_a091_jpg.rf.565eaf0ed1eebe46f2e807160f0a94c1.jpg,,3,0,moderate,moderate,0.843,0.04649,0.06867,0.84304,0.04179
crops/005_00276_07_a091_2.jpg,005_00276_07_a091,005_00276_07_a091_jpg.rf.565eaf0ed1eebe46f2e807160f0a94c1.jpg,,1,0,mild,mild,0.6347,0.28634,0.6347,0.0617,0.01725
crops/005_00276_07_a091_3.jpg,005_00276_07_a091,005_00276_07_a091_jpg.rf.565eaf0ed1eebe46f2e807160f0a94c1.jpg,,3,0,moderate,mild,0.6754,0.10886,0.67539,0.1881,0.02764
crops/005_00276_07_a091_4.jpg,005_00276_07_a091,005_00276_07_a091_jpg.rf.565eaf0ed1eebe46f2e807160f0a94c1.jpg,,6,0,advanced,advanced,0.9598,0.00182,0.01286,0.02553,0.95978
crops/005_00276_07_a091_5.jpg,005_00276_07_a091,005_00276_07_a091_jpg.rf.565eaf0ed1eebe46f2e807160f0a94c1.jpg,,6,0,advanced,advanced,0.974,0.00143,0.00732,0.01725,0.974
crops/010_00496_10_a091_0.jpg,010_00496_10_a091,010_00496_10_a091_jpg.rf.85b003fb7f05a275ecce262593a71b94.jpg,,1,0,mild,mild,0.5276,0.42805,0.52756,0.03194,0.01245
crops/010_00496_10_a091_1.jpg,010_00496_10_a091,010_00496_10_a091_jpg.rf.85b003fb7f05a275ecce262593a71b94.jpg,,1,0,mild,mild,0.3795,0.14123,0.37955,0.32747,0.15175
crops/010_00496_10_a091_2.jpg,010_00496_10_a091,010_00496_10_a091_jpg.rf.85b003fb7f05a275ecce262593a71b94.jpg,,2,0,mild,no_caries,0.4372,0.43724,0.41385,0.0925,0.05641
crops/010_00496_10_a091_3.jpg,010_00496_10_a091,010_00496_10_a091_jpg.rf.85b003fb7f05a275ecce262593a71b94.jpg,,2,0,mild,mild,0.5647,0.30738,0.56467,0.07153,0.05642
crops/010_00496_10_a091_4.jpg,010_00496_10_a091,010_00496_10_a091_jpg.rf.85b003fb7f05a275ecce262593a71b94.jpg,,1,0,mild,mild,0.46,0.44041,0.46004,0.04142,0.05813
crops/010_00496_10_a091_5.jpg,010_00496_10_a091,010_00496_10_a091_jpg.rf.85b003fb7f05a275ecce262593a71b94.jpg,,1,0,mild,no_caries,0.4724,0.47244,0.27426,0.13276,0.12054
crops/010_00496_10_a091_6.jpg,010_00496_10_a091,010_00496_10_a091_jpg.rf.85b003fb7f05a275ecce262593a71b94.jpg,,0,0,no_caries,moderate,0.4775,0.17011,0.30586,0.47753,0.04651
crops/010_00551_12_a091_0.jpg,010_00551_12_a091,010_00551_12_a091_jpg.rf.cbe4aced8da04ea766b80a46fd4d9b9e.jpg,,1,0,mild,mild,0.6555,0.08105,0.65547,0.0541,0.20937
crops/010_00551_12_a091_1.jpg,010_00551_12_a091,010_00551_12_a091_jpg.rf.cbe4aced8da04ea766b80a46fd4d9b9e.jpg,,3,0,moderate,moderate,0.9088,0.00258,0.0378,0.90879,0.05083
crops/010_00551_12_a091_2.jpg,010_00551_12_a091,010_00551_12_a091_jpg.rf.cbe4aced8da04ea766b80a46fd4d9b9e.jpg,,3,0,moderate,moderate,0.8962,0.00754,0.07382,0.89617,0.02247
crops/010_00551_12_a091_3.jpg,010_00551_12_a091,010_00551_12_a091_jpg.rf.cbe4aced8da04ea766b80a46fd4d9b9e.jpg,,3,0,moderate,mild,0.6581,0.18925,0.65808,0.10432,0.04835
crops/010_00551_12_a091_4.jpg,010_00551_12_a091,010_00551_12_a091_jpg.rf.cbe4aced8da04ea766b80a46fd4d9b9e.jpg,,1,0,mild,advanced,0.5201,0.01133,0.0443,0.42428,0.52009
crops/010_00551_12_a091_5.jpg,010_00551_12_a091,010_00551_12_a091_jpg.rf.cbe4aced8da04ea766b80a46fd4d9b9e.jpg,,1,0,mild,mild,0.3274,0.05849,0.3274,0.30314,0.31098
crops/010_00551_12_a091_6.jpg,010_00551_12_a091,010_00551_12_a091_jpg.rf.cbe4aced8da04ea766b80a46fd4d9b9e.jpg,,5,0,advanced,moderate,0.483,0.02326,0.13839,0.48304,0.35531
crops/010_00551_12_a091_7.jpg,010_00551_12_a091,010_00551_12_a091_jpg.rf.cbe4aced8da04ea766b80a46fd4d9b9e.jpg,,5,0,advanced,mild,0.4156,0.20841,0.41559,0.24688,0.12912
crops/010_00551_12_a091_8.jpg,010_00551_12_a091,010_00551_12_a091_jpg.rf.cbe4aced8da04ea766b80a46fd4d9b9e.jpg,,5,0,advanced,no_caries,0.7129,0.71295,0.06936,0.20069,0.017
crops/022_00070_04_a091_0.jpg,022_00070_04_a091,022_00070_04_a091_jpg.rf.0e283bb8db38a4001619bd1ae462c9b5.jpg,,0,0,no_caries,no_caries,0.571,0.57095,0.37997,0.02491,0.02417
crops/022_00070_04_a091_1.jpg,022_00070_04_a091,022_00070_04_a091_jpg.rf.0e283bb8db38a4001619bd1ae462c9b5.jpg,,0,0,no_caries,mild,0.6342,0.31948,0.63417,0.0369,0.00945
crops/022_00070_04_a091_2.jpg,022_00070_04_a091,022_00070_04_a091_jpg.rf.0e283bb8db38a4001619bd1ae462c9b5.jpg,,0,0,no_caries,mild,0.6019,0.2933,0.60188,0.08835,0.01648
crops/022_00070_04_a091_3.jpg,022_00070_04_a091,022_00070_04_a091_jpg.rf.0e283bb8db38a4001619bd1ae462c9b5.jpg,,0,0,no_caries,mild,0.5855,0.2175,0.58549,0.17439,0.02261
crops/022_00070_04_a091_4.jpg,022_00070_04_a091,022_00070_04_a091_jpg.rf.0e283bb8db38a4001619bd1ae462c9b5.jpg,,1,0,mild,moderate,0.5073,0.00996,0.19354,0.50732,0.28918
crops/022_00070_04_a091_5.jpg,022_00070_04_a091,022_00070_04_a091_jpg.rf.0e283bb8db38a4001619bd1ae462c9b5.jpg,,1,0,mild,moderate,0.4068,0.14341,0.38556,0.40678,0.06425
crops/022_00070_04_a091_6.jpg,022_00070_04_a091,022_00070_04_a091_jpg.rf.0e283bb8db38a4001619bd1ae462c9b5.jpg,,0,0,no_caries,no_caries,0.5993,0.59928,0.20583,0.15009,0.04479
crops/022_00070_05_a091_0.jpg,022_00070_05_a091,022_00070_05_a091_jpg.rf.9ccffd156c5e8d4dec63dabfc48c388b.jpg,,0,0,no_caries,no_caries,0.561,0.56105,0.31167,0.0791,0.04819
crops/022_00070_05_a091_1.jpg,022_00070_05_a091,022_00070_05_a091_jpg.rf.9ccffd156c5e8d4dec63dabfc48c388b.jpg,,0,0,no_caries,mild,0.6958,0.24073,0.69579,0.04889,0.01459
crops/022_00070_05_a091_2.jpg,022_00070_05_a091,022_00070_05_a091_jpg.rf.9ccffd156c5e8d4dec63dabfc48c388b.jpg,,2,0,mild,mild,0.7678,0.12966,0.76778,0.08709,0.01547
crops/022_00070_05_a091_3.jpg,022_00070_05_a091,022_00070_05_a091_jpg.rf.9ccffd156c5e8d4dec63dabfc48c388b.jpg,,0,0,no_caries,mild,0.7808,0.1503,0.78083,0.05441,0.01446
crops/022_00070_05_a091_4.jpg,022_00070_05_a091,022_00070_05_a091_jpg.rf.9ccffd156c5e8d4dec63dabfc48c388b.jpg,,2,0,mild,mild,0.62,0.11562,0.61995,0.1401,0.12433
crops/022_00070_05_a091_5.jpg,022_00070_05_a091,022_00070_05_a091_jpg.rf.9ccffd156c5e8d4dec63dabfc48c388b.jpg,,2,0,mild,mild,0.4282,0.06334,0.42816,0.33291,0.17558
crops/022_00070_05_a091_6.jpg,022_00070_05_a091,022_00070_05_a091_jpg.rf.9ccffd156c5e8d4dec63dabfc48c388b.jpg,,0,0,no_caries,mild,0.5626,0.19369,0.56259,0.22098,0.02274
crops/022_00070_05_a091_7.jpg,022_00070_05_a091,022_00070_05_a091_jpg.rf.9ccffd156c5e8d4dec63dabfc48c388b.jpg,,0,0,no_caries,mild,0.7551,0.1113,0.75506,0.08856,0.04508
crops/022_00070_05_a091_8.jpg,022_00070_05_a091,022_00070_05_a091_jpg.rf.9ccffd156c5e8d4dec63dabfc48c388b.jpg,,0,0,no_caries,no_caries,0.6723,0.6723,0.25769,0.05188,0.01813
crops/022_00070_05_a091_9.jpg,022_00070_05_a091,022_00070_05_a091_jpg.rf.9ccffd156c5e8d4dec63dabfc48c388b.jpg,,0,0,no_caries,mild,0.6849,0.11813,0.6849,0.1572,0.03977
crops/031_00120_08_a091_0.jpg,031_00120_08_a091,031_00120_08_a091_jpg.rf.3a88f771f258089cfa237729566067b9.jpg,,5,0,advanced,advanced,0.5856,0.00909,0.06524,0.34008,0.58559
crops/031_00120_08_a091_1.jpg,031_00120_08_a091,031_00120_08_a091_jpg.rf.3a88f771f258089cfa237729566067b9.jpg,,0,0,no_caries,no_caries,0.4604,0.46041,0.41858,0.07603,0.04499
crops/031_00120_08_a091_2.jpg,031_00120_08_a091,031_00120_08_a091_jpg.rf.3a88f771f258089cfa237729566067b9.jpg,,0,0,no_caries,mild,0.5536,0.32842,0.5536,0.05814,0.05984
crops/031_00120_08_a091_3.jpg,031_00120_08_a091,031_00120_08_a091_jpg.rf.3a88f771f258089cfa237729566067b9.jpg,,0,0,no_caries,no_caries,0.4693,0.46932,0.16599,0.31473,0.04996
crops/031_00120_08_a091_4.jpg,031_00120_08_a091,031_00120_08_a091_jpg.rf.3a88f771f258089cfa237729566067b9.jpg,,0,0,no_caries,no_caries,0.7523,0.7523,0.15154,0.05774,0.03841
crops/031_00120_08_a091_5.jpg,031_00120_08_a091,031_00120_08_a091_jpg.rf.3a88f771f258089cfa237729566067b9.jpg,,0,0,no_caries,mild,0.4499,0.2246,0.44991,0.09217,0.23332
crops/031_00120_08_a091_6.jpg,031_00120_08_a091,031_00120_08_a091_jpg.rf.3a88f771f258089cfa237729566067b9.jpg,,0,0,no_caries,mild,0.3559,0.20009,0.35593,0.26115,0.18283
crops/031_00120_08_a091_7.jpg,031_00120_08_a091,031_00120_08_a091_jpg.rf.3a88f771f258089cfa237729566067b9.jpg,,0,0,no_caries,mild,0.663,0.19211,0.66302,0.08466,0.06022
crops/031_00120_08_a091_8.jpg,031_00120_08_a091,031_00120_08_a091_jpg.rf.3a88f771f258089cfa237729566067b9.jpg,,2,0,mild,mild,0.5729,0.09661,0.57288,0.31037,0.02014
crops/031_00120_08_a091_9.jpg,031_00120_08_a091,031_00120_08_a091_jpg.rf.3a88f771f258089cfa237729566067b9.jpg,,0,0,no_caries,mild,0.5184,0.12409,0.51838,0.32127,0.03625
crops/031_00120_08_a091_10.jpg,031_00120_08_a091,031_00120_08_a091_jpg.rf.3a88f771f258089cfa237729566067b9.jpg,,0,0,no_caries,mild,0.4927,0.3593,0.49266,0.12671,0.02133
crops/031_00321_07_a091_0.jpg,031_00321_07_a091,031_00321_07_a091_jpg.rf.becdf23cec28b42b065e19076b546a5e.jpg,,5,0,advanced,advanced,0.9511,0.00016,0.00609,0.04266,0.95109
crops/031_00321_07_a091_1.jpg,031_00321_07_a091,031_00321_07_a091_jpg.rf.becdf23cec28b42b065e19076b546a5e.jpg,,5,0,advanced,mild,0.3618,0.08155,0.36184,0.32974,0.22687
crops/031_00321_07_a091_2.jpg,031_00321_07_a091,031_00321_07_a091_jpg.rf.becdf23cec28b42b065e19076b546a5e.jpg,,5,0,advanced,moderate,0.6851,0.03351,0.15259,0.6851,0.1288
crops/031_00321_07_a091_3.jpg,031_00321_07_a091,031_00321_07_a091_jpg.rf.becdf23cec28b42b065e19076b546a5e.jpg,,5,0,advanced,moderate,0.6764,0.01426,0.15039,0.6764,0.15896
crops/031_00321_07_a091_4.jpg,031_00321_07_a091,031_00321_07_a091_jpg.rf.becdf23cec28b42b065e19076b546a5e.jpg,,5,0,advanced,moderate,0.7786,0.02056,0.10112,0.77858,0.09974
crops/031_00321_07_a091_5.jpg,031_00321_07_a091,031_00321_07_a091_jpg.rf.becdf23cec28b42b065e19076b546a5e.jpg,,2,0,mild,mild,0.6405,0.25785,0.64048,0.0695,0.03217
crops/031_00321_07_a091_6.jpg,031_00321_07_a091,031_00321_07_a091_jpg.rf.becdf23cec28b42b065e19076b546a5e.jpg,,2,0,mild,mild,0.3782,0.18542,0.3782,0.11516,0.32122
crops/031_00321_07_a091_7.jpg,031_00321_07_a091,031_00321_07_a091_jpg.rf.becdf23cec28b42b065e19076b546a5e.jpg,,0,0,no_caries,no_caries,0.7263,0.72633,0.04809,0.15907,0.0665
crops/031_00321_07_a091_8.jpg,031_00321_07_a091,031_00321_07_a091_jpg.rf.becdf23cec28b42b065e19076b546a5e.jpg,,0,0,no_caries,no_caries,0.7729,0.77292,0.05571,0.1257,0.04567
crops/031_00321_07_a091_9.jpg,031_00321_07_a091,031_00321_07_a091_jpg.rf.becdf23cec28b42b065e19076b546a5e.jpg,,0,0,no_caries,no_caries,0.6975,0.69749,0.03186,0.22349,0.04717
crops/031_00321_07_a091_10.jpg,031_00321_07_a091,031_00321_07_a091_jpg.rf.becdf23cec28b42b065e19076b546a5e.jpg,,0,0,no_caries,no_caries,0.7516,0.7516,0.05952,0.15302,0.03586
crops/031_00321_07_a091_11.jpg,031_00321_07_a091,031_00321_07_a091_jpg.rf.becdf23cec28b42b065e19076b546a5e.jpg,,0,0,no_caries,no_caries,0.6594,0.65937,0.17959,0.129,0.03204
crops/031_00502_08_a091_0.jpg,031_00502_08_a091,031_00502_08_a091_jpg.rf.11f5e5e9bf2db75a6748e79f976b18e4.jpg,,0,0,no_caries,mild,0.4659,0.36032,0.46589,0.11764,0.05616
crops/031_00502_08_a091_1.jpg,031_00502_08_a091,031_00502_08_a091_jpg.rf.11f5e5e9bf2db75a6748e79f976b18e4.jpg,,0,0,no_caries,no_caries,0.4878,0.48781,0.33417,0.0923,0.08572
crops/031_00502_08_a091_2.jpg,031_00502_08_a091,031_00502_08_a091_jpg.rf.11f5e5e9bf2db75a6748e79f976b18e4.jpg,,0,0,no_caries,no_caries,0.6943,0.69429,0.13948,0.11029,0.05594
crops/031_00502_08_a091_3.jpg,031_00502_08_a091,031_00502_08_a091_jpg.rf.11f5e5e9bf2db75a6748e79f976b18e4.jpg,,0,0,no_caries,no_caries,0.4838,0.4838,0.37396,0.11095,0.03129
crops/031_00502_08_a091_4.jpg,031_00502_08_a091,031_00502_08_a091_jpg.rf.11f5e5e9bf2db75a6748e79f976b18e4.jpg,,0,0,no_caries,no_caries,0.6638,0.66382,0.22198,0.08667,0.02753
crops/031_00502_08_a091_5.jpg,031_00502_08_a091,031_00502_08_a091_jpg.rf.11f5e5e9bf2db75a6748e79f976b18e4.jpg,,0,0,no_caries,no_caries,0.59,0.59005,0.25088,0.10448,0.05459
crops/031_00502_08_a091_6.jpg,031_00502_08_a091,031_00502_08_a091_jpg.rf.11f5e5e9bf2db75a6748e79f976b18e4.jpg,,0,0,no_caries,no_caries,0.4806,0.48057,0.38665,0.06408,0.06869
crops/031_00502_08_a091_7.jpg,031_00502_08_a091,031_00502_08_a091_jpg.rf.11f5e5e9bf2db75a6748e79f976b18e4.jpg,,0,0,no_caries,no_caries,0.745,0.74501,0.12213,0.09951,0.03335
crops/031_00502_08_a091_8.jpg,031_00502_08_a091,031_00502_08_a091_jpg.rf.11f5e5e9bf2db75a6748e79f976b18e4.jpg,,0,0,no_caries,no_caries,0.8503,0.85026,0.0342,0.0763,0.03924
crops/031_00502_08_a091_9.jpg,031_00502_08_a091,031_00502_08_a091_jpg.rf.11f5e5e9bf2db75a6748e79f976b18e4.jpg,,0,0,no_caries,no_caries,0.6479,0.64795,0.23871,0.08691,0.02643
crops/031_00502_08_a091_10.jpg,031_00502_08_a091,031_00502_08_a091_jpg.rf.11f5e5e9bf2db75a6748e79f976b18e4.jpg,,0,0,no_caries,no_caries,0.5181,0.51805,0.37908,0.06606,0.0368
crops/031_00502_08_a091_11.jpg,031_00502_08_a091,031_00502_08_a091_jpg.rf.11f5e5e9bf2db75a6748e79f976b18e4.jpg,,0,0,no_caries,no_caries,0.5807,0.5807,0.2003,0.11593,0.10307
crops/031_00502_08_a091_12.jpg,031_00502_08_a091,031_00502_08_a091_jpg.rf.11f5e5e9bf2db75a6748e79f976b18e4.jpg,,0,0,no_caries,mild,0.4617,0.20671,0.46169,0.26965,0.06196
crops/031_00502_08_a091_13.jpg,031_00502_08_a091,031_00502_08_a091_jpg.rf.11f5e5e9bf2db75a6748e79f976b18e4.jpg,,0,0,no_caries,no_caries,0.5058,0.50578,0.41393,0.04746,0.03282
crops/034_00139_09_a091_0.jpg,034_00139_09_a091,034_00139_09_a091_jpg.rf.36b123eab702afbcf7648aa4c87024d1.jpg,,0,0,no_caries,mild,0.4381,0.38122,0.4381,0.09494,0.08574
crops/034_00139_09_a091_1.jpg,034_00139_09_a091,034_00139_09_a091_jpg.rf.36b123eab702afbcf7648aa4c87024d1.jpg,,0,0,no_caries,no_caries,0.5495,0.54947,0.18232,0.12391,0.14429
crops/034_00139_09_a091_2.jpg,034_00139_09_a091,034_00139_09_a091_jpg.rf.36b123eab702afbcf7648aa4c87024d1.jpg,,0,0,no_caries,no_caries,0.7437,0.74372,0.12797,0.07399,0.05432
crops/034_00139_09_a091_3.jpg,034_00139_09_a091,034_00139_09_a091_jpg.rf.36b123eab702afbcf7648aa4c87024d1.jpg,,0,0,no_caries,moderate,0.5987,0.01602,0.07901,0.5987,0.30627
crops/034_00139_09_a091_4.jpg,034_00139_09_a091,034_00139_09_a091_jpg.rf.36b123eab702afbcf7648aa4c87024d1.jpg,,0,0,no_caries,no_caries,0.4472,0.44718,0.32488,0.1808,0.04714
crops/034_00139_09_a091_5.jpg,034_00139_09_a091,034_00139_09_a091_jpg.rf.36b123eab702afbcf7648aa4c87024d1.jpg,,3,0,moderate,moderate,0.894,0.03115,0.04578,0.89399,0.02908
crops/034_00139_09_a091_6.jpg,034_00139_09_a091,034_00139_09_a091_jpg.rf.36b123eab702afbcf7648aa4c87024d1.jpg,,3,0,moderate,moderate,0.753,0.11853,0.10112,0.75296,0.02739
crops/034_00139_09_a091_7.jpg,034_00139_09_a091,034_00139_09_a091_jpg.rf.36b123eab702afbcf7648aa4c87024d1.jpg,,3,0,moderate,mild,0.6407,0.17374,0.6407,0.11278,0.07278
crops/034_00139_09_a091_8.jpg,034_00139_09_a091,034_00139_09_a091_jpg.rf.36b123eab702afbcf7648aa4c87024d1.jpg,,0,0,no_caries,moderate,0.8836,0.01526,0.08852,0.8836,0.01261
crops/034_00139_09_a091_9.jpg,034_00139_09_a091,034_00139_09_a091_jpg.rf.36b123eab702afbcf7648aa4c87024d1.jpg,,5,0,advanced,mild,0.5414,0.14445,0.5414,0.14064,0.17351
crops/042_00545_11_a091_0.jpg,042_00545_11_a091,042_00545_11_a091_jpg.rf.34c095e222ea90a0952f8c9768c045ae.jpg,,0,0,no_caries,mild,0.8043,0.11257,0.80427,0.03546,0.04771
crops/042_00545_11_a091_1.jpg,042_00545_11_a091,042_00545_11_a091_jpg.rf.34c095e222ea90a0952f8c9768c045ae.jpg,,0,0,no_caries,no_caries,0.4852,0.48516,0.36628,0.08883,0.05973
crops/042_00545_11_a091_2.jpg,042_00545_11_a091,042_00545_11_a091_jpg.rf.34c095e222ea90a0952f8c9768c045ae.jpg,,0,0,no_caries,mild,0.4677,0.34553,0.4677,0.11564,0.07113
crops/042_00545_11_a091_3.jpg,042_00545_11_a091,042_00545_11_a091_jpg.rf.34c095e222ea90a0952f8c9768c045ae.jpg,,1,0,mild,mild,0.338,0.2631,0.33797,0.10138,0.29756
crops/042_00545_11_a091_4.jpg,042_00545_11_a091,042_00545_11_a091_jpg.rf.34c095e222ea90a0952f8c9768c045ae.jpg,,0,0,no_caries,mild,0.541,0.36983,0.54095,0.04916,0.04006
crops/042_00545_11_a091_5.jpg,042_00545_11_a091,042_00545_11_a091_jpg.rf.34c095e222ea90a0952f8c9768c045ae.jpg,,0,0,no_caries,mild,0.4607,0.36091,0.46073,0.09899,0.07937
crops/042_00545_11_a091_6.jpg,042_00545_11_a091,042_00545_11_a091_jpg.rf.34c095e222ea90a0952f8c9768c045ae.jpg,,0,0,no_caries,no_caries,0.5036,0.50355,0.377,0.07797,0.04148
crops/042_00545_11_a091_7.jpg,042_00545_11_a091,042_00545_11_a091_jpg.rf.34c095e222ea90a0952f8c9768c045ae.jpg,,0,0,no_caries,mild,0.4547,0.42143,0.45468,0.10534,0.01855
crops/042_00545_11_a091_8.jpg,042_00545_11_a091,042_00545_11_a091_jpg.rf.34c095e222ea90a0952f8c9768c045ae.jpg,,0,0,no_caries,mild,0.5189,0.30838,0.51886,0.08166,0.0911
crops/042_00545_11_a091_9.jpg,042_00545_11_a091,042_00545_11_a091_jpg.rf.34c095e222ea90a0952f8c9768c045ae.jpg,,0,0,no_caries,no_caries,0.5571,0.55707,0.26861,0.1074,0.06693
crops/042_00545_11_a091_10.jpg,042_00545_11_a091,042_00545_11_a091_jpg.rf.34c095e222ea90a0952f8c9768c045ae.jpg,,0,0,no_caries,no_caries,0.613,0.61297,0.24357,0.09028,0.05319
crops/042_00545_11_a091_11.jpg,042_00545_11_a091,042_00545_11_a091_jpg.rf.34c095e222ea90a0952f8c9768c045ae.jpg,,0,0,no_caries,mild,0.3524,0.18237,0.35239,0.30763,0.15761
crops/042_00545_11_a091_12.jpg,042_00545_11_a091,042_00545_11_a091_jpg.rf.34c095e222ea90a0952f8c9768c045ae.jpg,,3,0,moderate,moderate,0.9069,0.00539,0.01479,0.90688,0.07294
crops/1046_0.jpg,1046,1046_jpg.rf.84c4860f24bcdb67f1705c6715ade09b.jpg,,0,0,no_caries,mild,0.5693,0.33118,0.56927,0.03602,0.06353
crops/1046_1.jpg,1046,1046_jpg.rf.84c4860f24bcdb67f1705c6715ade09b.jpg,,0,0,no_caries,mild,0.4711,0.39293,0.47112,0.06699,0.06896
crops/1046_2.jpg,1046,1046_jpg.rf.84c4860f24bcdb67f1705c6715ade09b.jpg,,0,0,no_caries,mild,0.5623,0.33415,0.56226,0.05151,0.05208
crops/1046_3.jpg,1046,1046_jpg.rf.84c4860f24bcdb67f1705c6715ade09b.jpg,,0,0,no_caries,mild,0.7805,0.16894,0.78052,0.0224,0.02815
crops/1046_4.jpg,1046,1046_jpg.rf.84c4860f24bcdb67f1705c6715ade09b.jpg,,4,0,moderate,advanced,0.5375,0.03965,0.19648,0.22641,0.53746
crops/1046_5.jpg,1046,1046_jpg.rf.84c4860f24bcdb67f1705c6715ade09b.jpg,,3,0,moderate,mild,0.5243,0.10131,0.5243,0.05467,0.31972
crops/1046_6.jpg,1046,1046_jpg.rf.84c4860f24bcdb67f1705c6715ade09b.jpg,,5,0,advanced,advanced,0.9649,0.00146,0.00445,0.02918,0.96491
crops/1046_7.jpg,1046,1046_jpg.rf.84c4860f24bcdb67f1705c6715ade09b.jpg,,3,0,moderate,advanced,0.9125,0.00149,0.0467,0.03926,0.91254
crops/1046_8.jpg,1046,1046_jpg.rf.84c4860f24bcdb67f1705c6715ade09b.jpg,,5,0,advanced,advanced,0.7551,0.00882,0.06043,0.17569,0.75507
crops/1051_0.jpg,1051,1051_jpg.rf.dbf197656d3bfbbdcc0a02e54a8fbd86.jpg,,3,0,moderate,mild,0.4791,0.30567,0.47906,0.16193,0.05334
crops/1051_1.jpg,1051,1051_jpg.rf.dbf197656d3bfbbdcc0a02e54a8fbd86.jpg,,3,0,moderate,moderate,0.5608,0.0804,0.17243,0.56084,0.18633
crops/1051_2.jpg,1051,1051_jpg.rf.dbf197656d3bfbbdcc0a02e54a8fbd86.jpg,,5,0,advanced,mild,0.7485,0.06435,0.74847,0.09618,0.091
crops/1051_3.jpg,1051,1051_jpg.rf.dbf197656d3bfbbdcc0a02e54a8fbd86.jpg,,2,0,mild,advanced,0.3586,0.25185,0.31869,0.07089,0.35858
crops/1051_4.jpg,1051,1051_jpg.rf.dbf197656d3bfbbdcc0a02e54a8fbd86.jpg,,0,0,no_caries,no_caries,0.5182,0.51816,0.35336,0.0578,0.07069
crops/1051_5.jpg,1051,1051_jpg.rf.dbf197656d3bfbbdcc0a02e54a8fbd86.jpg,,0,0,no_caries,mild,0.4381,0.36214,0.43809,0.08821,0.11156
crops/1051_6.jpg,1051,1051_jpg.rf.dbf197656d3bfbbdcc0a02e54a8fbd86.jpg,,0,0,no_caries,mild,0.4577,0.15206,0.45767,0.1865,0.20377
crops/1051_7.jpg,1051,1051_jpg.rf.dbf197656d3bfbbdcc0a02e54a8fbd86.jpg,,0,0,no_caries,mild,0.4505,0.26511,0.45054,0.17047,0.11388
crops/1051_8.jpg,1051,1051_jpg.rf.dbf197656d3bfbbdcc0a02e54a8fbd86.jpg,,0,0,no_caries,mild,0.5245,0.16205,0.52452,0.15655,0.15688
crops/1051_9.jpg,1051,1051_jpg.rf.dbf197656d3bfbbdcc0a02e54a8fbd86.jpg,,0,0,no_caries,no_caries,0.4154,0.41544,0.41002,0.12754,0.047
crops/1051_10.jpg,1051,1051_jpg.rf.dbf197656d3bfbbdcc0a02e54a8fbd86.jpg,,3,0,moderate,moderate,0.5128,0.0511,0.40676,0.51277,0.02937
crops/1051_11.jpg,1051,1051_jpg.rf.dbf197656d3bfbbdcc0a02e54a8fbd86.jpg,,0,0,no_caries,no_caries,0.4933,0.49332,0.31734,0.12281,0.06653
crops/1051_12.jpg,1051,1051_jpg.rf.dbf197656d3bfbbdcc0a02e54a8fbd86.jpg,,3,0,moderate,moderate,0.5662,0.08834,0.24615,0.56617,0.09934
crops/1051_13.jpg,1051,1051_jpg.rf.dbf197656d3bfbbdcc0a02e54a8fbd86.jpg,,3,0,moderate,mild,0.508,0.18548,0.50802,0.2116,0.0949
crops/1076_0.jpg,1076,1076_jpg.rf.a6d7e933ffa9b6039c34b096a609c0e4.jpg,,6,0,advanced,advanced,0.9603,0.00125,0.00967,0.02882,0.96026
crops/1076_1.jpg,1076,1076_jpg.rf.a6d7e933ffa9b6039c34b096a609c0e4.jpg,,5,0,advanced,mild,0.5745,0.00691,0.57446,0.11984,0.29879
crops/1076_2.jpg,1076,1076_jpg.rf.a6d7e933ffa9b6039c34b096a609c0e4.jpg,,5,0,advanced,advanced,0.687,0.00451,0.06934,0.23911,0.68705
crops/1076_3.jpg,1076,1076_jpg.rf.a6d7e933ffa9b6039c34b096a609c0e4.jpg,,5,0,advanced,advanced,0.9134,0.00868,0.02883,0.04906,0.91343
crops/1076_4.jpg,1076,1076_jpg.rf.a6d7e933ffa9b6039c34b096a609c0e4.jpg,,2,0,mild,mild,0.5192,0.01858,0.51924,0.17365,0.28853
crops/1076_5.jpg,1076,1076_jpg.rf.a6d7e933ffa9b6039c34b096a609c0e4.jpg,,2,0,mild,advanced,0.5744,0.03556,0.18293,0.20715,0.57436
crops/1076_6.jpg,1076,1076_jpg.rf.a6d7e933ffa9b6039c34b096a609c0e4.jpg,,2,0,mild,mild,0.4138,0.34629,0.41381,0.05682,0.18309
crops/1076_7.jpg,1076,1076_jpg.rf.a6d7e933ffa9b6039c34b096a609c0e4.jpg,,5,0,advanced,advanced,0.9702,0.0009,0.00712,0.02176,0.97022
crops/1076_8.jpg,1076,1076_jpg.rf.a6d7e933ffa9b6039c34b096a609c0e4.jpg,,6,0,advanced,advanced,0.9518,0.00142,0.03085,0.01591,0.95183
crops/1093_0.jpg,1093,1093_jpg.rf.7134138cd3e680a9e87983da0da8709f.jpg,,3,0,moderate,moderate,0.3156,0.30767,0.28328,0.31564,0.09341
crops/1093_1.jpg,1093,1093_jpg.rf.7134138cd3e680a9e87983da0da8709f.jpg,,3,0,moderate,no_caries,0.4167,0.41672,0.31887,0.21161,0.0528
crops/1093_2.jpg,1093,1093_jpg.rf.7134138cd3e680a9e87983da0da8709f.jpg,,5,0,advanced,moderate,0.393,0.19999,0.32687,0.39302,0.08013
crops/1093_3.jpg,1093,1093_jpg.rf.7134138cd3e680a9e87983da0da8709f.jpg,,5,0,advanced,mild,0.5344,0.05938,0.53439,0.26412,0.14212
crops/1093_4.jpg,1093,1093_jpg.rf.7134138cd3e680a9e87983da0da8709f.jpg,,2,0,mild,mild,0.6673,0.03607,0.66729,0.25255,0.04409
crops/1093_5.jpg,1093,1093_jpg.rf.7134138cd3e680a9e87983da0da8709f.jpg,,2,0,mild,mild,0.4789,0.25381,0.4789,0.24139,0.0259
crops/1093_6.jpg,1093,1093_jpg.rf.7134138cd3e680a9e87983da0da8709f.jpg,,2,0,mild,mild,0.7801,0.06125,0.78012,0.11393,0.0447
crops/1093_7.jpg,1093,1093_jpg.rf.7134138cd3e680a9e87983da0da8709f.jpg,,2,0,mild,mild,0.5879,0.05106,0.58789,0.2539,0.10715
crops/1093_8.jpg,1093,1093_jpg.rf.7134138cd3e680a9e87983da0da8709f.jpg,,2,0,mild,moderate,0.6525,0.00188,0.15484,0.65249,0.19079
crops/1093_9.jpg,1093,1093_jpg.rf.7134138cd3e680a9e87983da0da8709f.jpg,,3,0,moderate,moderate,0.5016,0.00637,0.07399,0.5016,0.41804
crops/1093_10.jpg,1093,1093_jpg.rf.7134138cd3e680a9e87983da0da8709f.jpg,,0,0,no_caries,no_caries,0.5154,0.51539,0.15809,0.24539,0.08113
crops/1093_11.jpg,1093,1093_jpg.rf.7134138cd3e680a9e87983da0da8709f.jpg,,3,0,moderate,moderate,0.3003,0.28705,0.18413,0.30027,0.22855
crops/1093_12.jpg,1093,1093_jpg.rf.7134138cd3e680a9e87983da0da8709f.jpg,,0,0,no_caries,moderate,0.392,0.18162,0.26101,0.392,0.16536
crops/1093_13.jpg,1093,1093_jpg.rf.7134138cd3e680a9e87983da0da8709f.jpg,,2,0,mild,mild,0.4269,0.21409,0.42688,0.29739,0.06164
crops/1093_14.jpg,1093,1093_jpg.rf.7134138cd3e680a9e87983da0da8709f.jpg,,0,0,no_caries,no_caries,0.5264,0.52638,0.19778,0.20704,0.0688
crops/1093_15.jpg,1093,1093_jpg.rf.7134138cd3e680a9e87983da0da8709f.jpg,,2,0,mild,moderate,0.6232,0.0739,0.27781,0.62317,0.02512
crops/1093_16.jpg,1093,1093_jpg.rf.7134138cd3e680a9e87983da0da8709f.jpg,,2,0,mild,mild,0.6044,0.08904,0.60435,0.26805,0.03856
crops/1093_17.jpg,1093,1093_jpg.rf.7134138cd3e680a9e87983da0da8709f.jpg,,2,0,mild,mild,0.7558,0.03751,0.75583,0.1719,0.03476
crops/1093_18.jpg,1093,1093_jpg.rf.7134138cd3e680a9e87983da0da8709f.jpg,,3,0,moderate,advanced,0.872,0.00061,0.02091,0.10649,0.87199
crops/1093_19.jpg,1093,1093_jpg.rf.7134138cd3e680a9e87983da0da8709f.jpg,,3,0,moderate,advanced,0.7598,0.00406,0.08257,0.15359,0.75979
crops/1093_20.jpg,1093,1093_jpg.rf.7134138cd3e680a9e87983da0da8709f.jpg,,3,0,moderate,advanced,0.4899,0.00838,0.23669,0.26501,0.48992
crops/1093_21.jpg,1093,1093_jpg.rf.7134138cd3e680a9e87983da0da8709f.jpg,,3,0,moderate,moderate,0.5692,0.00035,0.03364,0.56924,0.39676
crops/1093_22.jpg,1093,1093_jpg.rf.7134138cd3e680a9e87983da0da8709f.jpg,,2,0,mild,no_caries,0.3688,0.36875,0.29851,0.29309,0.03965
crops/1093_23.jpg,1093,1093_jpg.rf.7134138cd3e680a9e87983da0da8709f.jpg,,2,0,mild,moderate,0.6056,0.22003,0.15286,0.60563,0.02148
crops/1093_24.jpg,1093,1093_jpg.rf.7134138cd3e680a9e87983da0da8709f.jpg,,5,0,advanced,mild,0.4678,0.07633,0.46777,0.25856,0.19735
crops/1112_0.jpg,1112,1112_jpg.rf.cfb931fa0b6ba2f5435f21364c9de1f2.jpg,,0,0,no_caries,no_caries,0.5608,0.56079,0.32116,0.08498,0.03308
crops/1112_1.jpg,1112,1112_jpg.rf.cfb931fa0b6ba2f5435f21364c9de1f2.jpg,,0,0,no_caries,no_caries,0.7398,0.73979,0.15324,0.07392,0.03305
crops/1112_2.jpg,1112,1112_jpg.rf.cfb931fa0b6ba2f5435f21364c9de1f2.jpg,,0,0,no_caries,no_caries,0.7283,0.72829,0.12247,0.08814,0.06111
crops/1112_3.jpg,1112,1112_jpg.rf.cfb931fa0b6ba2f5435f21364c9de1f2.jpg,,0,0,no_caries,no_caries,0.6559,0.65594,0.1883,0.0881,0.06766
crops/1112_4.jpg,1112,1112_jpg.rf.cfb931fa0b6ba2f5435f21364c9de1f2.jpg,,0,0,no_caries,no_caries,0.6585,0.65846,0.20721,0.10026,0.03408
crops/1112_5.jpg,1112,1112_jpg.rf.cfb931fa0b6ba2f5435f21364c9de1f2.jpg,,0,0,no_caries,no_caries,0.6626,0.66258,0.24882,0.04326,0.04534
crops/1112_6.jpg,1112,1112_jpg.rf.cfb931fa0b6ba2f5435f21364c9de1f2.jpg,,0,0,no_caries,no_caries,0.7041,0.70413,0.20005,0.04646,0.04935
crops/1112_7.jpg,1112,1112_jpg.rf.cfb931fa0b6ba2f5435f21364c9de1f2.jpg,,0,0,no_caries,no_caries,0.7052,0.70517,0.15724,0.06787,0.06972
crops/1112_8.jpg,1112,1112_jpg.rf.cfb931fa0b6ba2f5435f21364c9de1f2.jpg,,0,0,no_caries,no_caries,0.7818,0.78183,0.09632,0.06195,0.05989
crops/1112_9.jpg,1112,1112_jpg.rf.cfb931fa0b6ba2f5435f21364c9de1f2.jpg,,0,0,no_caries,no_caries,0.622,0.622,0.29338,0.05467,0.02996
crops/1112_10.jpg,1112,1112_jpg.rf.cfb931fa0b6ba2f5435f21364c9de1f2.jpg,,0,0,no_caries,no_caries,0.7279,0.72787,0.18922,0.05378,0.02913
crops/1112_11.jpg,1112,1112_jpg.rf.cfb931fa0b6ba2f5435f21364c9de1f2.jpg,,0,0,no_caries,no_caries,0.7185,0.71852,0.18824,0.06397,0.02927
crops/1112_12.jpg,1112,1112_jpg.rf.cfb931fa0b6ba2f5435f21364c9de1f2.jpg,,0,0,no_caries,no_caries,0.6771,0.67708,0.19021,0.0875,0.04521
crops/1112_13.jpg,1112,1112_jpg.rf.cfb931fa0b6ba2f5435f21364c9de1f2.jpg,,3,0,moderate,moderate,0.7566,0.045,0.18369,0.75662,0.01469
crops/1114_0.jpg,1114,1114_jpg.rf.f0da38cabb6eb391543cb7eaf21da7ef.jpg,,5,0,advanced,mild,0.2912,0.16923,0.29121,0.25012,0.28944
crops/1114_1.jpg,1114,1114_jpg.rf.f0da38cabb6eb391543cb7eaf21da7ef.jpg,,6,0,advanced,advanced,0.4613,0.14898,0.15992,0.2298,0.4613
crops/1114_2.jpg,1114,1114_jpg.rf.f0da38cabb6eb391543cb7eaf21da7ef.jpg,,0,0,no_caries,mild,0.4861,0.27769,0.48609,0.08058,0.15563
crops/1114_3.jpg,1114,1114_jpg.rf.f0da38cabb6eb391543cb7eaf21da7ef.jpg,,0,0,no_caries,advanced,0.5882,0.11233,0.22503,0.07448,0.58816
crops/1114_4.jpg,1114,1114_jpg.rf.f0da38cabb6eb391543cb7eaf21da7ef.jpg,,0,0,no_caries,advanced,0.4506,0.06671,0.37618,0.10656,0.45055
crops/1114_5.jpg,1114,1114_jpg.rf.f0da38cabb6eb391543cb7eaf21da7ef.jpg,,0,0,no_caries,no_caries,0.4342,0.43423,0.37707,0.08116,0.10754
crops/1114_6.jpg,1114,1114_jpg.rf.f0da38cabb6eb391543cb7eaf21da7ef.jpg,,0,0,no_caries,advanced,0.4713,0.08403,0.28678,0.15791,0.47128
crops/1114_7.jpg,1114,1114_jpg.rf.f0da38cabb6eb391543cb7eaf21da7ef.jpg,,0,0,no_caries,no_caries,0.5787,0.57868,0.17983,0.18993,0.05156
crops/1114_8.jpg,1114,1114_jpg.rf.f0da38cabb6eb391543cb7eaf21da7ef.jpg,,5,0,advanced,mild,0.6125,0.07659,0.61249,0.18107,0.12984
crops/1114_9.jpg,1114,1114_jpg.rf.f0da38cabb6eb391543cb7eaf21da7ef.jpg,,0,0,no_caries,mild,0.4606,0.2533,0.46057,0.09763,0.18849
crops/1114_10.jpg,1114,1114_jpg.rf.f0da38cabb6eb391543cb7eaf21da7ef.jpg,,0,0,no_caries,mild,0.3954,0.33022,0.3954,0.12225,0.15212
crops/1123_0.jpg,1123,1123_jpg.rf.c2497110730816b44722ddb0393c1ae3.jpg,,3,0,moderate,mild,0.4019,0.2589,0.4019,0.18087,0.15833
crops/1123_1.jpg,1123,1123_jpg.rf.c2497110730816b44722ddb0393c1ae3.jpg,,0,0,no_caries,no_caries,0.6585,0.65846,0.24782,0.05152,0.04221
crops/1123_2.jpg,1123,1123_jpg.rf.c2497110730816b44722ddb0393c1ae3.jpg,,0,0,no_caries,no_caries,0.4878,0.4878,0.36544,0.08781,0.05896
crops/1123_3.jpg,1123,1123_jpg.rf.c2497110730816b44722ddb0393c1ae3.jpg,,5,0,advanced,advanced,0.7819,0.01984,0.0709,0.12737,0.78189
crops/1123_4.jpg,1123,1123_jpg.rf.c2497110730816b44722ddb0393c1ae3.jpg,,0,0,no_caries,mild,0.3783,0.22714,0.37826,0.132,0.26261
crops/1123_5.jpg,1123,1123_jpg.rf.c2497110730816b44722ddb0393c1ae3.jpg,,2,0,mild,moderate,0.7312,0.04746,0.17324,0.7312,0.0481
crops/1123_6.jpg,1123,1123_jpg.rf.c2497110730816b44722ddb0393c1ae3.jpg,,2,0,mild,mild,0.8592,0.09073,0.85918,0.03579,0.0143
crops/125_0.jpg,125,125_jpg.rf.a0864735a082ed356ed4924f04e8f2de.jpg,,6,0,advanced,mild,0.278,0.25457,0.27804,0.26911,0.19828
crops/125_1.jpg,125,125_jpg.rf.a0864735a082ed356ed4924f04e8f2de.jpg,,3,0,moderate,advanced,0.5864,0.00523,0.04722,0.36116,0.58639
crops/125_2.jpg,125,125_jpg.rf.a0864735a082ed356ed4924f04e8f2de.jpg,,3,0,moderate,advanced,0.5075,0.01433,0.28603,0.1921,0.50754
crops/125_3.jpg,125,125_jpg.rf.a0864735a082ed356ed4924f04e8f2de.jpg,,5,0,advanced,advanced,0.9631,0.0018,0.02379,0.01126,0.96314
crops/125_4.jpg,125,125_jpg.rf.a0864735a082ed356ed4924f04e8f2de.jpg,,5,0,advanced,advanced,0.9618,0.00153,0.02547,0.01123,0.96178
crops/125_5.jpg,125,125_jpg.rf.a0864735a082ed356ed4924f04e8f2de.jpg,,5,0,advanced,advanced,0.8763,0.00292,0.01495,0.10585,0.87628
crops/125_6.jpg,125,125_jpg.rf.a0864735a082ed356ed4924f04e8f2de.jpg,,2,0,mild,advanced,0.5165,0.06592,0.34461,0.073,0.51647
crops/125_7.jpg,125,125_jpg.rf.a0864735a082ed356ed4924f04e8f2de.jpg,,4,0,moderate,advanced,0.5979,0.08875,0.13912,0.17422,0.59791
crops/1485_0.jpg,1485,1485_jpg.rf.8307e960af99b44fd7b1692c6b662ab0.jpg,,5,0,advanced,advanced,0.5489,0.0084,0.02363,0.4191,0.54886
crops/1485_1.jpg,1485,1485_jpg.rf.8307e960af99b44fd7b1692c6b662ab0.jpg,,5,0,advanced,no_caries,0.4724,0.47244,0.15933,0.21202,0.15621
crops/1485_2.jpg,1485,1485_jpg.rf.8307e960af99b44fd7b1692c6b662ab0.jpg,,5,0,advanced,mild,0.4716,0.07485,0.47157,0.35941,0.09418
crops/1485_3.jpg,1485,1485_jpg.rf.8307e960af99b44fd7b1692c6b662ab0.jpg,,4,0,moderate,no_caries,0.3833,0.38332,0.18144,0.34136,0.09388
crops/1485_4.jpg,1485,1485_jpg.rf.8307e960af99b44fd7b1692c6b662ab0.jpg,,0,0,no_caries,no_caries,0.7141,0.71409,0.09231,0.11994,0.07366
crops/1485_5.jpg,1485,1485_jpg.rf.8307e960af99b44fd7b1692c6b662ab0.jpg,,0,0,no_caries,no_caries,0.729,0.72897,0.08192,0.12596,0.06315
crops/1485_6.jpg,1485,1485_jpg.rf.8307e960af99b44fd7b1692c6b662ab0.jpg,,0,0,no_caries,no_caries,0.6806,0.68064,0.1348,0.11147,0.07309
crops/1485_7.jpg,1485,1485_jpg.rf.8307e960af99b44fd7b1692c6b662ab0.jpg,,0,0,no_caries,no_caries,0.7629,0.76292,0.02787,0.13359,0.07561
crops/1485_8.jpg,1485,1485_jpg.rf.8307e960af99b44fd7b1692c6b662ab0.jpg,,0,0,no_caries,no_caries,0.7675,0.7675,0.02774,0.13057,0.07419
crops/1485_9.jpg,1485,1485_jpg.rf.8307e960af99b44fd7b1692c6b662ab0.jpg,,0,0,no_caries,no_caries,0.5581,0.5581,0.09757,0.22938,0.11495
crops/1485_10.jpg,1485,1485_jpg.rf.8307e960af99b44fd7b1692c6b662ab0.jpg,,5,0,advanced,advanced,0.9723,0.00147,0.01018,0.01602,0.97233
crops/1485_11.jpg,1485,1485_jpg.rf.8307e960af99b44fd7b1692c6b662ab0.jpg,,1,0,mild,advanced,0.8706,0.01115,0.08154,0.03672,0.87059
crops/1485_12.jpg,1485,1485_jpg.rf.8307e960af99b44fd7b1692c6b662ab0.jpg,,0,0,no_caries,no_caries,0.5814,0.58142,0.07426,0.3172,0.02712
crops/1485_13.jpg,1485,1485_jpg.rf.8307e960af99b44fd7b1692c6b662ab0.jpg,,1,0,mild,moderate,0.7133,0.22033,0.03626,0.71333,0.03008
crops/1485_14.jpg,1485,1485_jpg.rf.8307e960af99b44fd7b1692c6b662ab0.jpg,,0,0,no_caries,no_caries,0.6321,0.63214,0.04737,0.28098,0.03951
crops/1485_15.jpg,1485,1485_jpg.rf.8307e960af99b44fd7b1692c6b662ab0.jpg,,0,0,no_caries,no_caries,0.7724,0.77242,0.04637,0.12985,0.05136
crops/1485_16.jpg,1485,1485_jpg.rf.8307e960af99b44fd7b1692c6b662ab0.jpg,,0,0,no_caries,no_caries,0.7859,0.78594,0.04956,0.12582,0.03867
crops/1485_17.jpg,1485,1485_jpg.rf.8307e960af99b44fd7b1692c6b662ab0.jpg,,0,0,no_caries,no_caries,0.6148,0.61478,0.13075,0.20078,0.05369
crops/1485_18.jpg,1485,1485_jpg.rf.8307e960af99b44fd7b1692c6b662ab0.jpg,,1,0,mild,no_caries,0.3526,0.35264,0.27265,0.3144,0.06031
crops/1485_19.jpg,1485,1485_jpg.rf.8307e960af99b44fd7b1692c6b662ab0.jpg,,1,0,mild,mild,0.5541,0.24664,0.55409,0.06269,0.13658
crops/1487_0.jpg,1487,1487_jpg.rf.c9382117d66aa65742026d2c2914ecb8.jpg,,5,0,advanced,advanced,0.9861,0.00084,0.00562,0.00747,0.98608
crops/1487_1.jpg,1487,1487_jpg.rf.c9382117d66aa65742026d2c2914ecb8.jpg,,6,0,advanced,advanced,0.6774,0.00643,0.12318,0.19303,0.67736
crops/1487_2.jpg,1487,1487_jpg.rf.c9382117d66aa65742026d2c2914ecb8.jpg,,6,0,advanced,mild,0.4674,0.26423,0.46736,0.02004,0.24837
crops/1487_3.jpg,1487,1487_jpg.rf.c9382117d66aa65742026d2c2914ecb8.jpg,,6,0,advanced,advanced,0.8865,0.00298,0.05585,0.05466,0.8865
crops/1487_4.jpg,1487,1487_jpg.rf.c9382117d66aa65742026d2c2914ecb8.jpg,,6,0,advanced,advanced,0.8322,0.00735,0.08104,0.07941,0.83219
crops/1487_5.jpg,1487,1487_jpg.rf.c9382117d66aa65742026d2c2914ecb8.jpg,,6,0,advanced,advanced,0.9781,0.00127,0.01058,0.01005,0.97811
crops/1487_6.jpg,1487,1487_jpg.rf.c9382117d66aa65742026d2c2914ecb8.jpg,,6,0,advanced,mild,0.6796,0.20588,0.67965,0.07117,0.0433
crops/1487_7.jpg,1487,1487_jpg.rf.c9382117d66aa65742026d2c2914ecb8.jpg,,5,0,advanced,advanced,0.9674,0.00199,0.01194,0.01872,0.96735
crops/1487_8.jpg,1487,1487_jpg.rf.c9382117d66aa65742026d2c2914ecb8.jpg,,5,0,advanced,advanced,0.9673,0.00321,0.01515,0.01435,0.96728
crops/1487_9.jpg,1487,1487_jpg.rf.c9382117d66aa65742026d2c2914ecb8.jpg,,6,0,advanced,no_caries,0.5743,0.57434,0.09042,0.09899,0.23624
crops/1487_10.jpg,1487,1487_jpg.rf.c9382117d66aa65742026d2c2914ecb8.jpg,,6,0,advanced,advanced,0.9549,0.00601,0.02697,0.0121,0.95492
crops/1487_11.jpg,1487,1487_jpg.rf.c9382117d66aa65742026d2c2914ecb8.jpg,,6,0,advanced,no_caries,0.5057,0.50573,0.09813,0.21976,0.17638
crops/1487_12.jpg,1487,1487_jpg.rf.c9382117d66aa65742026d2c2914ecb8.jpg,,6,0,advanced,advanced,0.4965,0.02792,0.0764,0.39914,0.49653
crops/1487_13.jpg,1487,1487_jpg.rf.c9382117d66aa65742026d2c2914ecb8.jpg,,6,0,advanced,advanced,0.8261,0.00392,0.01376,0.1562,0.82612
crops/1487_14.jpg,1487,1487_jpg.rf.c9382117d66aa65742026d2c2914ecb8.jpg,,6,0,advanced,advanced,0.9899,0.0004,0.00302,0.00672,0.98985
crops/1487_15.jpg,1487,1487_jpg.rf.c9382117d66aa65742026d2c2914ecb8.jpg,,5,0,advanced,advanced,0.9564,0.00136,0.02426,0.01795,0.95642
crops/1487_16.jpg,1487,1487_jpg.rf.c9382117d66aa65742026d2c2914ecb8.jpg,,5,0,advanced,advanced,0.8967,0.00267,0.06228,0.03834,0.89671
crops/1487_17.jpg,1487,1487_jpg.rf.c9382117d66aa65742026d2c2914ecb8.jpg,,5,0,advanced,advanced,0.9493,0.00202,0.02187,0.02677,0.94933
crops/1491_0.jpg,1491,1491_jpg.rf.51eeeb3589f7e1bd76f391e3055eb4ae.jpg,,0,0,no_caries,no_caries,0.618,0.61797,0.22855,0.09149,0.06199
crops/1491_1.jpg,1491,1491_jpg.rf.51eeeb3589f7e1bd76f391e3055eb4ae.jpg,,0,0,no_caries,no_caries,0.5981,0.59813,0.28191,0.056,0.06396
crops/1491_2.jpg,1491,1491_jpg.rf.51eeeb3589f7e1bd76f391e3055eb4ae.jpg,,5,0,advanced,advanced,0.7337,0.02964,0.1758,0.06088,0.73367
crops/1491_3.jpg,1491,1491_jpg.rf.51eeeb3589f7e1bd76f391e3055eb4ae.jpg,,5,0,advanced,advanced,0.8392,0.02342,0.09728,0.04006,0.83924
crops/1491_4.jpg,1491,1491_jpg.rf.51eeeb3589f7e1bd76f391e3055eb4ae.jpg,,0,0,no_caries,no_caries,0.6458,0.6458,0.14477,0.09665,0.11278
crops/1491_5.jpg,1491,1491_jpg.rf.51eeeb3589f7e1bd76f391e3055eb4ae.jpg,,0,0,no_caries,mild,0.3974,0.37539,0.39745,0.15736,0.0698
crops/1491_6.jpg,1491,1491_jpg.rf.51eeeb3589f7e1bd76f391e3055eb4ae.jpg,,0,0,no_caries,no_caries,0.7109,0.71087,0.09403,0.13505,0.06004
crops/1491_7.jpg,1491,1491_jpg.rf.51eeeb3589f7e1bd76f391e3055eb4ae.jpg,,0,0,no_caries,no_caries,0.6576,0.65759,0.16693,0.12007,0.05541
crops/1491_8.jpg,1491,1491_jpg.rf.51eeeb3589f7e1bd76f391e3055eb4ae.jpg,,1,0,mild,moderate,0.8781,0.00744,0.07324,0.87812,0.04121
crops/1491_9.jpg,1491,1491_jpg.rf.51eeeb3589f7e1bd76f391e3055eb4ae.jpg,,1,0,mild,advanced,0.5781,0.00401,0.06931,0.34858,0.5781
crops/1491_10.jpg,1491,1491_jpg.rf.51eeeb3589f7e1bd76f391e3055eb4ae.jpg,,0,0,no_caries,no_caries,0.5964,0.5964,0.27976,0.05138,0.07245
crops/1491_11.jpg,1491,1491_jpg.rf.51eeeb3589f7e1bd76f391e3055eb4ae.jpg,,0,0,no_caries,no_caries,0.5908,0.59084,0.18775,0.13562,0.08579
crops/1492_0.jpg,1492,1492_jpg.rf.142bbbdc7fcc9466ed0c85071af92716.jpg,,0,0,no_caries,mild,0.4041,0.31641,0.40409,0.1605,0.119
crops/1492_1.jpg,1492,1492_jpg.rf.142bbbdc7fcc9466ed0c85071af92716.jpg,,0,0,no_caries,no_caries,0.6085,0.60851,0.28976,0.05497,0.04676
crops/1492_2.jpg,1492,1492_jpg.rf.142bbbdc7fcc9466ed0c85071af92716.jpg,,0,0,no_caries,no_caries,0.6808,0.68085,0.11856,0.11224,0.08835
crops/1492_3.jpg,1492,1492_jpg.rf.142bbbdc7fcc9466ed0c85071af92716.jpg,,0,0,no_caries,no_caries,0.641,0.64095,0.21017,0.06715,0.08173
crops/1492_4.jpg,1492,1492_jpg.rf.142bbbdc7fcc9466ed0c85071af92716.jpg,,0,0,no_caries,no_caries,0.6214,0.6214,0.23411,0.09883,0.04566
crops/1492_5.jpg,1492,1492_jpg.rf.142bbbdc7fcc9466ed0c85071af92716.jpg,,0,0,no_caries,no_caries,0.7364,0.73639,0.16956,0.04918,0.04487
crops/1492_6.jpg,1492,1492_jpg.rf.142bbbdc7fcc9466ed0c85071af92716.jpg,,0,0,no_caries,no_caries,0.7086,0.70864,0.13948,0.07693,0.07495
crops/1492_7.jpg,1492,1492_jpg.rf.142bbbdc7fcc9466ed0c85071af92716.jpg,,0,0,no_caries,no_caries,0.7554,0.75541,0.14337,0.05322,0.048
crops/1492_8.jpg,1492,1492_jpg.rf.142bbbdc7fcc9466ed0c85071af92716.jpg,,0,0,no_caries,no_caries,0.6701,0.67012,0.18251,0.09546,0.05191
crops/1492_9.jpg,1492,1492_jpg.rf.142bbbdc7fcc9466ed0c85071af92716.jpg,,0,0,no_caries,no_caries,0.7252,0.72519,0.15993,0.07346,0.04143
crops/1492_10.jpg,1492,1492_jpg.rf.142bbbdc7fcc9466ed0c85071af92716.jpg,,0,0,no_caries,no_caries,0.5682,0.56818,0.3267,0.05448,0.05064
crops/1492_11.jpg,1492,1492_jpg.rf.142bbbdc7fcc9466ed0c85071af92716.jpg,,0,0,no_caries,no_caries,0.6876,0.68758,0.18942,0.06925,0.05375
crops/1492_12.jpg,1492,1492_jpg.rf.142bbbdc7fcc9466ed0c85071af92716.jpg,,0,0,no_caries,no_caries,0.6091,0.60912,0.22843,0.07742,0.08503
crops/1492_13.jpg,1492,1492_jpg.rf.142bbbdc7fcc9466ed0c85071af92716.jpg,,3,0,moderate,mild,0.5617,0.14075,0.56175,0.26324,0.03426
crops/1505_0.jpg,1505,1505_jpg.rf.dc2334f0de8510a7d0d96ac8238ff8ff.jpg,,5,0,advanced,moderate,0.5425,0.00316,0.01455,0.54249,0.4398
crops/1505_1.jpg,1505,1505_jpg.rf.dc2334f0de8510a7d0d96ac8238ff8ff.jpg,,5,0,advanced,moderate,0.6108,0.012,0.0515,0.6108,0.3257
crops/1505_2.jpg,1505,1505_jpg.rf.dc2334f0de8510a7d0d96ac8238ff8ff.jpg,,0,0,no_caries,mild,0.5764,0.22272,0.5764,0.099,0.10189
crops/1505_3.jpg,1505,1505_jpg.rf.dc2334f0de8510a7d0d96ac8238ff8ff.jpg,,0,0,no_caries,mild,0.6676,0.17932,0.66761,0.09399,0.05909
crops/1512_0.jpg,1512,1512_jpg.rf.38361a83cb0204c345b45f50a5e8e2b1.jpg,,3,0,moderate,moderate,0.5354,0.00741,0.18192,0.53536,0.27531
crops/1512_1.jpg,1512,1512_jpg.rf.38361a83cb0204c345b45f50a5e8e2b1.jpg,,3,0,moderate,moderate,0.5571,0.05771,0.2628,0.55714,0.12234
crops/1512_2.jpg,1512,1512_jpg.rf.38361a83cb0204c345b45f50a5e8e2b1.jpg,,3,0,moderate,moderate,0.7916,0.02083,0.0519,0.79161,0.13566
crops/1512_3.jpg,1512,1512_jpg.rf.38361a83cb0204c345b45f50a5e8e2b1.jpg,,5,0,advanced,moderate,0.5336,0.01344,0.16277,0.53364,0.29015
crops/1512_4.jpg,1512,1512_jpg.rf.38361a83cb0204c345b45f50a5e8e2b1.jpg,,3,0,moderate,moderate,0.6665,0.00632,0.25286,0.66654,0.07429
crops/1512_5.jpg,1512,1512_jpg.rf.38361a83cb0204c345b45f50a5e8e2b1.jpg,,3,0,moderate,mild,0.6863,0.092,0.68633,0.1575,0.06417
crops/1512_6.jpg,1512,1512_jpg.rf.38361a83cb0204c345b45f50a5e8e2b1.jpg,,3,0,moderate,moderate,0.8943,0.03338,0.05446,0.89434,0.01782
crops/1512_7.jpg,1512,1512_jpg.rf.38361a83cb0204c345b45f50a5e8e2b1.jpg,,0,0,no_caries,no_caries,0.5398,0.53979,0.28677,0.11072,0.06272
crops/1512_8.jpg,1512,1512_jpg.rf.38361a83cb0204c345b45f50a5e8e2b1.jpg,,0,0,no_caries,moderate,0.409,0.11979,0.10695,0.40905,0.3642
crops/1512_9.jpg,1512,1512_jpg.rf.38361a83cb0204c345b45f50a5e8e2b1.jpg,,0,0,no_caries,no_caries,0.5933,0.59326,0.10295,0.13848,0.1653
crops/1512_10.jpg,1512,1512_jpg.rf.38361a83cb0204c345b45f50a5e8e2b1.jpg,,0,0,no_caries,no_caries,0.472,0.47196,0.15555,0.2906,0.0819
crops/1512_11.jpg,1512,1512_jpg.rf.38361a83cb0204c345b45f50a5e8e2b1.jpg,,3,0,moderate,no_caries,0.3824,0.3824,0.19858,0.30421,0.1148
crops/1512_12.jpg,1512,1512_jpg.rf.38361a83cb0204c345b45f50a5e8e2b1.jpg,,3,0,moderate,advanced,0.6135,0.00853,0.09198,0.286,0.61349
crops/1512_13.jpg,1512,1512_jpg.rf.38361a83cb0204c345b45f50a5e8e2b1.jpg,,3,0,moderate,advanced,0.775,0.00113,0.01156,0.21226,0.77505
crops/1512_14.jpg,1512,1512_jpg.rf.38361a83cb0204c345b45f50a5e8e2b1.jpg,,0,0,no_caries,moderate,0.5057,0.11008,0.14009,0.50569,0.24414
crops/1512_15.jpg,1512,1512_jpg.rf.38361a83cb0204c345b45f50a5e8e2b1.jpg,,0,0,no_caries,no_caries,0.5081,0.50806,0.24301,0.15783,0.0911
crops/1519_0.jpg,1519,1519_jpg.rf.047c1c55f964fd1889ccb80e3574fbac.jpg,,6,0,advanced,advanced,0.9734,0.00196,0.01207,0.0126,0.97336
crops/1519_1.jpg,1519,1519_jpg.rf.047c1c55f964fd1889ccb80e3574fbac.jpg,,6,0,advanced,advanced,0.9849,0.00057,0.00414,0.01044,0.98485
crops/1519_2.jpg,1519,1519_jpg.rf.047c1c55f964fd1889ccb80e3574fbac.jpg,,5,0,advanced,advanced,0.8191,0.00332,0.02515,0.15246,0.81907
crops/1519_3.jpg,1519,1519_jpg.rf.047c1c55f964fd1889ccb80e3574fbac.jpg,,5,0,advanced,advanced,0.9134,0.00536,0.02674,0.05452,0.91338
crops/1519_4.jpg,1519,1519_jpg.rf.047c1c55f964fd1889ccb80e3574fbac.jpg,,5,0,advanced,advanced,0.9622,0.00435,0.01677,0.01664,0.96223
crops/1519_5.jpg,1519,1519_jpg.rf.047c1c55f964fd1889ccb80e3574fbac.jpg,,6,0,advanced,advanced,0.9604,0.00349,0.02153,0.01456,0.96042
crops/1519_6.jpg,1519,1519_jpg.rf.047c1c55f964fd1889ccb80e3574fbac.jpg,,5,0,advanced,advanced,0.811,0.00622,0.03584,0.14693,0.81101
crops/1521_0.jpg,1521,1521_jpg.rf.10bd25fc5bf8e9b14c7db7a3f1bedcfe.jpg,,0,0,no_caries,mild,0.7026,0.16568,0.70262,0.03861,0.09308
crops/1521_1.jpg,1521,1521_jpg.rf.10bd25fc5bf8e9b14c7db7a3f1bedcfe.jpg,,5,0,advanced,advanced,0.9777,0.0013,0.00737,0.01361,0.97771
crops/1521_2.jpg,1521,1521_jpg.rf.10bd25fc5bf8e9b14c7db7a3f1bedcfe.jpg,,4,0,moderate,moderate,0.3654,0.05782,0.28374,0.36543,0.293
crops/1521_3.jpg,1521,1521_jpg.rf.10bd25fc5bf8e9b14c7db7a3f1bedcfe.jpg,,5,0,advanced,advanced,0.9605,0.00088,0.00458,0.03399,0.96055
crops/1521_4.jpg,1521,1521_jpg.rf.10bd25fc5bf8e9b14c7db7a3f1bedcfe.jpg,,0,0,no_caries,no_caries,0.5466,0.54663,0.36202,0.03501,0.05635
crops/1521_5.jpg,1521,1521_jpg.rf.10bd25fc5bf8e9b14c7db7a3f1bedcfe.jpg,,0,0,no_caries,mild,0.4576,0.32839,0.4576,0.18404,0.02996
crops/1521_6.jpg,1521,1521_jpg.rf.10bd25fc5bf8e9b14c7db7a3f1bedcfe.jpg,,0,0,no_caries,mild,0.491,0.32126,0.49101,0.13775,0.04998
crops/1521_7.jpg,1521,1521_jpg.rf.10bd25fc5bf8e9b14c7db7a3f1bedcfe.jpg,,0,0,no_caries,mild,0.6034,0.1893,0.60343,0.19394,0.01333
crops/1521_8.jpg,1521,1521_jpg.rf.10bd25fc5bf8e9b14c7db7a3f1bedcfe.jpg,,0,0,no_caries,mild,0.6412,0.09914,0.64116,0.2463,0.0134
crops/1521_9.jpg,1521,1521_jpg.rf.10bd25fc5bf8e9b14c7db7a3f1bedcfe.jpg,,3,0,moderate,moderate,0.6451,0.05977,0.20803,0.64507,0.08713
crops/1521_10.jpg,1521,1521_jpg.rf.10bd25fc5bf8e9b14c7db7a3f1bedcfe.jpg,,2,0,mild,moderate,0.5013,0.03641,0.37214,0.50134,0.09011
crops/1521_11.jpg,1521,1521_jpg.rf.10bd25fc5bf8e9b14c7db7a3f1bedcfe.jpg,,0,0,no_caries,moderate,0.6026,0.04604,0.32672,0.60258,0.02466
crops/1521_12.jpg,1521,1521_jpg.rf.10bd25fc5bf8e9b14c7db7a3f1bedcfe.jpg,,0,0,no_caries,mild,0.7516,0.12253,0.75157,0.11786,0.00804
crops/1521_13.jpg,1521,1521_jpg.rf.10bd25fc5bf8e9b14c7db7a3f1bedcfe.jpg,,5,0,advanced,mild,0.4117,0.20365,0.41169,0.24475,0.13992
crops/1521_14.jpg,1521,1521_jpg.rf.10bd25fc5bf8e9b14c7db7a3f1bedcfe.jpg,,5,0,advanced,advanced,0.7146,0.01711,0.17204,0.09623,0.71462
crops/1525_0.jpg,1525,1525_jpg.rf.94057a976b3a85308ab816faad1d88ba.jpg,,5,0,advanced,advanced,0.6942,0.00508,0.09071,0.21001,0.6942
crops/1525_1.jpg,1525,1525_jpg.rf.94057a976b3a85308ab816faad1d88ba.jpg,,2,0,mild,mild,0.8638,0.03274,0.86375,0.06358,0.03992
crops/1525_2.jpg,1525,1525_jpg.rf.94057a976b3a85308ab816faad1d88ba.jpg,,6,0,advanced,advanced,0.9075,0.00119,0.03895,0.05239,0.90747
crops/1525_3.jpg,1525,1525_jpg.rf.94057a976b3a85308ab816faad1d88ba.jpg,,6,0,advanced,advanced,0.694,0.00664,0.13589,0.1635,0.69397
crops/1525_4.jpg,1525,1525_jpg.rf.94057a976b3a85308ab816faad1d88ba.jpg,,2,0,mild,moderate,0.4845,0.1422,0.24073,0.48453,0.13255
crops/1525_5.jpg,1525,1525_jpg.rf.94057a976b3a85308ab816faad1d88ba.jpg,,2,0,mild,mild,0.3755,0.28659,0.37548,0.22974,0.10819
crops/1525_6.jpg,1525,1525_jpg.rf.94057a976b3a85308ab816faad1d88ba.jpg,,1,0,mild,mild,0.4681,0.27489,0.46808,0.16773,0.0893
crops/1528_0.jpg,1528,1528_jpg.rf.1bc6cacf0a49722691b11bdee966b0eb.jpg,,0,0,no_caries,no_caries,0.7039,0.70389,0.17694,0.06429,0.05487
crops/1528_1.jpg,1528,1528_jpg.rf.1bc6cacf0a49722691b11bdee966b0eb.jpg,,3,0,moderate,moderate,0.554,0.13071,0.22533,0.55402,0.08995
crops/1528_2.jpg,1528,1528_jpg.rf.1bc6cacf0a49722691b11bdee966b0eb.jpg,,0,0,no_caries,mild,0.5563,0.32441,0.55628,0.04295,0.07635
crops/1528_3.jpg,1528,1528_jpg.rf.1bc6cacf0a49722691b11bdee966b0eb.jpg,,0,0,no_caries,no_caries,0.7296,0.72963,0.08982,0.11784,0.06271
crops/1528_4.jpg,1528,1528_jpg.rf.1bc6cacf0a49722691b11bdee966b0eb.jpg,,0,0,no_caries,no_caries,0.4097,0.40971,0.36181,0.1787,0.04978
crops/1528_5.jpg,1528,1528_jpg.rf.1bc6cacf0a49722691b11bdee966b0eb.jpg,,0,0,no_caries,no_caries,0.6182,0.61816,0.1277,0.14075,0.11338
crops/1528_6.jpg,1528,1528_jpg.rf.1bc6cacf0a49722691b11bdee966b0eb.jpg,,3,0,moderate,moderate,0.7778,0.07028,0.12109,0.77785,0.03079
crops/1528_7.jpg,1528,1528_jpg.rf.1bc6cacf0a49722691b11bdee966b0eb.jpg,,3,0,moderate,moderate,0.8735,0.01216,0.08298,0.87348,0.03138
crops/1528_8.jpg,1528,1528_jpg.rf.1bc6cacf0a49722691b11bdee966b0eb.jpg,,3,0,moderate,moderate,0.8749,0.01171,0.02831,0.87486,0.08513
crops/1528_9.jpg,1528,1528_jpg.rf.1bc6cacf0a49722691b11bdee966b0eb.jpg,,3,0,moderate,moderate,0.794,0.04585,0.11429,0.79398,0.04589
crops/1528_10.jpg,1528,1528_jpg.rf.1bc6cacf0a49722691b11bdee966b0eb.jpg,,0,0,no_caries,moderate,0.3964,0.17609,0.3515,0.39637,0.07604
crops/1532_0.jpg,1532,1532_jpg.rf.597e464fd6a9d5d7947c94cf9e680f51.jpg,,0,0,no_caries,mild,0.5315,0.10287,0.53145,0.11715,0.24853
crops/1532_1.jpg,1532,1532_jpg.rf.597e464fd6a9d5d7947c94cf9e680f51.jpg,,5,0,advanced,advanced,0.9812,0.00065,0.00741,0.01078,0.98116
crops/1532_2.jpg,1532,1532_jpg.rf.597e464fd6a9d5d7947c94cf9e680f51.jpg,,4,0,moderate,no_caries,0.3912,0.39124,0.12628,0.29988,0.1826
crops/1532_3.jpg,1532,1532_jpg.rf.597e464fd6a9d5d7947c94cf9e680f51.jpg,,5,0,advanced,advanced,0.915,0.0044,0.00458,0.076,0.91502
crops/1532_4.jpg,1532,1532_jpg.rf.597e464fd6a9d5d7947c94cf9e680f51.jpg,,0,0,no_caries,moderate,0.4182,0.14924,0.25944,0.41815,0.17317
crops/1532_5.jpg,1532,1532_jpg.rf.597e464fd6a9d5d7947c94cf9e680f51.jpg,,3,0,moderate,mild,0.504,0.19009,0.50398,0.24395,0.06198
crops/1532_6.jpg,1532,1532_jpg.rf.597e464fd6a9d5d7947c94cf9e680f51.jpg,,3,0,moderate,mild,0.4496,0.2345,0.44961,0.27638,0.03951
crops/1532_7.jpg,1532,1532_jpg.rf.597e464fd6a9d5d7947c94cf9e680f51.jpg,,0,0,no_caries,no_caries,0.763,0.76303,0.06995,0.11597,0.05105
crops/1532_8.jpg,1532,1532_jpg.rf.597e464fd6a9d5d7947c94cf9e680f51.jpg,,0,0,no_caries,no_caries,0.5367,0.53674,0.22577,0.17343,0.06406
crops/1532_9.jpg,1532,1532_jpg.rf.597e464fd6a9d5d7947c94cf9e680f51.jpg,,3,0,moderate,mild,0.6809,0.1112,0.6809,0.19385,0.01405
crops/1532_10.jpg,1532,1532_jpg.rf.597e464fd6a9d5d7947c94cf9e680f51.jpg,,3,0,moderate,mild,0.4007,0.32545,0.40071,0.22622,0.04762
crops/1532_11.jpg,1532,1532_jpg.rf.597e464fd6a9d5d7947c94cf9e680f51.jpg,,0,0,no_caries,no_caries,0.5846,0.58464,0.08335,0.26501,0.067
crops/1532_12.jpg,1532,1532_jpg.rf.597e464fd6a9d5d7947c94cf9e680f51.jpg,,0,0,no_caries,no_caries,0.8142,0.81423,0.07875,0.07199,0.03502
crops/1532_13.jpg,1532,1532_jpg.rf.597e464fd6a9d5d7947c94cf9e680f51.jpg,,0,0,no_caries,no_caries,0.7122,0.71223,0.11315,0.11975,0.05487
crops/1550_0.jpg,1550,1550_jpg.rf.f2adeef1da35cd3fa594e1235489329b.jpg,,5,0,advanced,moderate,0.8432,0.00464,0.03521,0.84323,0.11692
crops/1550_1.jpg,1550,1550_jpg.rf.f2adeef1da35cd3fa594e1235489329b.jpg,,5,0,advanced,mild,0.6063,0.18266,0.60629,0.18909,0.02196
crops/1550_2.jpg,1550,1550_jpg.rf.f2adeef1da35cd3fa594e1235489329b.jpg,,0,0,no_caries,mild,0.6859,0.2608,0.68594,0.04281,0.01045
crops/1550_3.jpg,1550,1550_jpg.rf.f2adeef1da35cd3fa594e1235489329b.jpg,,0,0,no_caries,mild,0.5789,0.30473,0.57894,0.09504,0.02129
crops/1550_4.jpg,1550,1550_jpg.rf.f2adeef1da35cd3fa594e1235489329b.jpg,,0,0,no_caries,no_caries,0.6343,0.63427,0.07982,0.2266,0.05931
crops/1550_5.jpg,1550,1550_jpg.rf.f2adeef1da35cd3fa594e1235489329b.jpg,,0,0,no_caries,no_caries,0.4797,0.47973,0.25112,0.23313,0.03602
crops/1550_6.jpg,1550,1550_jpg.rf.f2adeef1da35cd3fa594e1235489329b.jpg,,0,0,no_caries,no_caries,0.7407,0.74065,0.02572,0.14759,0.08604
crops/1558_0.jpg,1558,1558_jpg.rf.5e5e3a144d18589a30d370116bf1bf05.jpg,,2,0,mild,moderate,0.9666,0.00508,0.02131,0.96659,0.00702
crops/1558_1.jpg,1558,1558_jpg.rf.5e5e3a144d18589a30d370116bf1bf05.jpg,,2,0,mild,no_caries,0.6889,0.68894,0.1945,0.05453,0.06202
crops/1558_2.jpg,1558,1558_jpg.rf.5e5e3a144d18589a30d370116bf1bf05.jpg,,0,0,no_caries,moderate,0.4224,0.27476,0.25837,0.42243,0.04443
crops/1558_3.jpg,1558,1558_jpg.rf.5e5e3a144d18589a30d370116bf1bf05.jpg,,0,0,no_caries,no_caries,0.4726,0.47258,0.30855,0.17151,0.04736
crops/1558_4.jpg,1558,1558_jpg.rf.5e5e3a144d18589a30d370116bf1bf05.jpg,,0,0,no_caries,moderate,0.4596,0.20303,0.28114,0.45963,0.0562
crops/1558_5.jpg,1558,1558_jpg.rf.5e5e3a144d18589a30d370116bf1bf05.jpg,,0,0,no_caries,moderate,0.4251,0.15903,0.36441,0.42511,0.05145
crops/1558_6.jpg,1558,1558_jpg.rf.5e5e3a144d18589a30d370116bf1bf05.jpg,,0,0,no_caries,no_caries,0.4414,0.44142,0.29738,0.15126,0.10993
crops/1558_7.jpg,1558,1558_jpg.rf.5e5e3a144d18589a30d370116bf1bf05.jpg,,0,0,no_caries,no_caries,0.4714,0.47136,0.28397,0.16211,0.08256
crops/1558_8.jpg,1558,1558_jpg.rf.5e5e3a144d18589a30d370116bf1bf05.jpg,,0,0,no_caries,no_caries,0.524,0.52402,0.29842,0.10357,0.07398
crops/1558_9.jpg,1558,1558_jpg.rf.5e5e3a144d18589a30d370116bf1bf05.jpg,,2,0,mild,moderate,0.9684,0.0063,0.02173,0.9684,0.00358
crops/1571_0.jpg,1571,1571_jpg.rf.54e05e5a0483b5859a58cd88c1bb1abd.jpg,,5,0,advanced,advanced,0.7582,0.00417,0.14892,0.08872,0.75819
crops/1571_1.jpg,1571,1571_jpg.rf.54e05e5a0483b5859a58cd88c1bb1abd.jpg,,5,0,advanced,advanced,0.7502,0.01977,0.09926,0.13078,0.75019
crops/1571_2.jpg,1571,1571_jpg.rf.54e05e5a0483b5859a58cd88c1bb1abd.jpg,,6,0,advanced,advanced,0.9124,0.00212,0.02372,0.06171,0.91244
crops/1571_3.jpg,1571,1571_jpg.rf.54e05e5a0483b5859a58cd88c1bb1abd.jpg,,6,0,advanced,advanced,0.9361,0.00284,0.02629,0.03477,0.93609
crops/1571_4.jpg,1571,1571_jpg.rf.54e05e5a0483b5859a58cd88c1bb1abd.jpg,,5,0,advanced,advanced,0.77,0.00287,0.09555,0.13155,0.77004
crops/1571_5.jpg,1571,1571_jpg.rf.54e05e5a0483b5859a58cd88c1bb1abd.jpg,,6,0,advanced,advanced,0.8599,0.00795,0.1226,0.00957,0.85989
crops/1571_6.jpg,1571,1571_jpg.rf.54e05e5a0483b5859a58cd88c1bb1abd.jpg,,5,0,advanced,advanced,0.9662,0.00123,0.01026,0.02234,0.96617
crops/1571_7.jpg,1571,1571_jpg.rf.54e05e5a0483b5859a58cd88c1bb1abd.jpg,,5,0,advanced,advanced,0.9026,0.01373,0.06427,0.01943,0.90257
crops/1571_8.jpg,1571,1571_jpg.rf.54e05e5a0483b5859a58cd88c1bb1abd.jpg,,6,0,advanced,advanced,0.579,0.00237,0.06539,0.35321,0.57902
crops/1571_9.jpg,1571,1571_jpg.rf.54e05e5a0483b5859a58cd88c1bb1abd.jpg,,5,0,advanced,advanced,0.7738,0.01213,0.17159,0.04245,0.77383
crops/1571_10.jpg,1571,1571_jpg.rf.54e05e5a0483b5859a58cd88c1bb1abd.jpg,,6,0,advanced,mild,0.6932,0.11286,0.69322,0.08174,0.11218
crops/1571_11.jpg,1571,1571_jpg.rf.54e05e5a0483b5859a58cd88c1bb1abd.jpg,,5,0,advanced,advanced,0.8181,0.00296,0.14761,0.03134,0.81809
crops/1604_0.jpg,1604,1604_jpg.rf.41fe9412b2f111a99efda8ea094867c8.jpg,,3,0,moderate,moderate,0.9786,0.00572,0.01397,0.97861,0.0017
crops/1604_1.jpg,1604,1604_jpg.rf.41fe9412b2f111a99efda8ea094867c8.jpg,,3,0,moderate,moderate,0.993,0.00047,0.00291,0.99304,0.00357
crops/1604_2.jpg,1604,1604_jpg.rf.41fe9412b2f111a99efda8ea094867c8.jpg,,3,0,moderate,moderate,0.9895,0.00138,0.00705,0.98952,0.00205
crops/1616_0.jpg,1616,1616_jpg.rf.4f731585b3e743f5235f175d32b89ecb.jpg,,5,0,advanced,mild,0.4568,0.29764,0.45678,0.16693,0.07864
crops/1616_1.jpg,1616,1616_jpg.rf.4f731585b3e743f5235f175d32b89ecb.jpg,,0,0,no_caries,advanced,0.442,0.0779,0.37451,0.10561,0.44198
crops/1616_2.jpg,1616,1616_jpg.rf.4f731585b3e743f5235f175d32b89ecb.jpg,,5,0,advanced,advanced,0.9506,0.00224,0.01694,0.03026,0.95056
crops/1616_3.jpg,1616,1616_jpg.rf.4f731585b3e743f5235f175d32b89ecb.jpg,,2,0,mild,mild,0.6859,0.21317,0.68587,0.04549,0.05548
crops/1616_4.jpg,1616,1616_jpg.rf.4f731585b3e743f5235f175d32b89ecb.jpg,,0,0,no_caries,no_caries,0.4944,0.4944,0.32735,0.12431,0.05394
crops/1616_5.jpg,1616,1616_jpg.rf.4f731585b3e743f5235f175d32b89ecb.jpg,,0,0,no_caries,no_caries,0.6719,0.67187,0.25681,0.04404,0.02729
crops/1616_6.jpg,1616,1616_jpg.rf.4f731585b3e743f5235f175d32b89ecb.jpg,,0,0,no_caries,no_caries,0.5151,0.51511,0.20608,0.05758,0.22123
crops/1616_7.jpg,1616,1616_jpg.rf.4f731585b3e743f5235f175d32b89ecb.jpg,,3,0,moderate,mild,0.5567,0.2429,0.55669,0.14814,0.05227
crops/1616_8.jpg,1616,1616_jpg.rf.4f731585b3e743f5235f175d32b89ecb.jpg,,5,0,advanced,advanced,0.9777,0.00135,0.00939,0.01154,0.97773
crops/1616_9.jpg,1616,1616_jpg.rf.4f731585b3e743f5235f175d32b89ecb.jpg,,5,0,advanced,advanced,0.9019,0.00189,0.01383,0.08234,0.90194
crops/1616_10.jpg,1616,1616_jpg.rf.4f731585b3e743f5235f175d32b89ecb.jpg,,5,0,advanced,mild,0.5187,0.27054,0.51866,0.1584,0.05241
crops/1629_0.jpg,1629,1629_jpg.rf.50a78e722f2e9aa191da6b5495006685.jpg,,3,0,moderate,mild,0.8041,0.07991,0.80411,0.0314,0.08458
crops/1629_1.jpg,1629,1629_jpg.rf.50a78e722f2e9aa191da6b5495006685.jpg,,6,0,advanced,advanced,0.894,0.00386,0.08444,0.0177,0.894
crops/1629_2.jpg,1629,1629_jpg.rf.50a78e722f2e9aa191da6b5495006685.jpg,,5,0,advanced,advanced,0.9708,0.001,0.01375,0.01447,0.97078
crops/1629_3.jpg,1629,1629_jpg.rf.50a78e722f2e9aa191da6b5495006685.jpg,,5,0,advanced,advanced,0.9321,0.00123,0.00906,0.05759,0.93211
crops/1629_4.jpg,1629,1629_jpg.rf.50a78e722f2e9aa191da6b5495006685.jpg,,0,0,no_caries,no_caries,0.45,0.44999,0.24291,0.05473,0.25237
crops/1629_5.jpg,1629,1629_jpg.rf.50a78e722f2e9aa191da6b5495006685.jpg,,6,0,advanced,advanced,0.9773,0.00107,0.00805,0.01356,0.97732
crops/1629_6.jpg,1629,1629_jpg.rf.50a78e722f2e9aa191da6b5495006685.jpg,,6,0,advanced,advanced,0.9714,0.00361,0.01037,0.01461,0.97141
crops/1629_7.jpg,1629,1629_jpg.rf.50a78e722f2e9aa191da6b5495006685.jpg,,6,0,advanced,advanced,0.7738,0.01949,0.14371,0.06302,0.77378
crops/1629_8.jpg,1629,1629_jpg.rf.50a78e722f2e9aa191da6b5495006685.jpg,,6,0,advanced,mild,0.7576,0.06562,0.7576,0.03932,0.13745
crops/1629_9.jpg,1629,1629_jpg.rf.50a78e722f2e9aa191da6b5495006685.jpg,,3,0,moderate,mild,0.6168,0.22677,0.61682,0.09684,0.05957
crops/1629_10.jpg,1629,1629_jpg.rf.50a78e722f2e9aa191da6b5495006685.jpg,,0,0,no_caries,no_caries,0.3378,0.33778,0.27985,0.19422,0.18815
crops/1629_11.jpg,1629,1629_jpg.rf.50a78e722f2e9aa191da6b5495006685.jpg,,0,0,no_caries,no_caries,0.5049,0.50487,0.03292,0.3937,0.06851
crops/1629_12.jpg,1629,1629_jpg.rf.50a78e722f2e9aa191da6b5495006685.jpg,,0,0,no_caries,no_caries,0.7561,0.75612,0.07845,0.12145,0.04397
crops/1629_13.jpg,1629,1629_jpg.rf.50a78e722f2e9aa191da6b5495006685.jpg,,0,0,no_caries,no_caries,0.4018,0.4018,0.19416,0.3498,0.05424
crops/1629_14.jpg,1629,1629_jpg.rf.50a78e722f2e9aa191da6b5495006685.jpg,,0,0,no_caries,moderate,0.3963,0.30303,0.19785,0.39628,0.10284
crops/1629_15.jpg,1629,1629_jpg.rf.50a78e722f2e9aa191da6b5495006685.jpg,,0,0,no_caries,no_caries,0.6231,0.62312,0.17967,0.12562,0.07159
crops/1629_16.jpg,1629,1629_jpg.rf.50a78e722f2e9aa191da6b5495006685.jpg,,0,0,no_caries,no_caries,0.7892,0.78919,0.03372,0.12046,0.05662
crops/1629_17.jpg,1629,1629_jpg.rf.50a78e722f2e9aa191da6b5495006685.jpg,,5,0,advanced,advanced,0.4439,0.02989,0.17018,0.356,0.44393
crops/1629_18.jpg,1629,1629_jpg.rf.50a78e722f2e9aa191da6b5495006685.jpg,,0,0,no_caries,mild,0.5195,0.09169,0.5195,0.23572,0.15309
crops/1631_0.jpg,1631,1631_jpg.rf.3d742d1f11862b8e7e80b20bdef0715b.jpg,,0,0,no_caries,mild,0.5718,0.16885,0.57176,0.07667,0.18273
crops/1631_1.jpg,1631,1631_jpg.rf.3d742d1f11862b8e7e80b20bdef0715b.jpg,,0,0,no_caries,no_caries,0.7202,0.72024,0.09898,0.13251,0.04827
crops/1631_2.jpg,1631,1631_jpg.rf.3d742d1f11862b8e7e80b20bdef0715b.jpg,,3,0,moderate,mild,0.5131,0.04561,0.51307,0.22048,0.22084
crops/1631_3.jpg,1631,1631_jpg.rf.3d742d1f11862b8e7e80b20bdef0715b.jpg,,3,0,moderate,advanced,0.4703,0.00246,0.17602,0.35119,0.47033
crops/1631_4.jpg,1631,1631_jpg.rf.3d742d1f11862b8e7e80b20bdef0715b.jpg,,3,0,moderate,mild,0.5499,0.02448,0.5499,0.31531,0.1103
crops/1631_5.jpg,1631,1631_jpg.rf.3d742d1f11862b8e7e80b20bdef0715b.jpg,,3,0,moderate,mild,0.6333,0.01127,0.63332,0.30223,0.05318
crops/1631_6.jpg,1631,1631_jpg.rf.3d742d1f11862b8e7e80b20bdef0715b.jpg,,3,0,moderate,advanced,0.5471,0.01376,0.29991,0.13924,0.54709
crops/1631_7.jpg,1631,1631_jpg.rf.3d742d1f11862b8e7e80b20bdef0715b.jpg,,2,0,mild,advanced,0.8152,0.0354,0.09803,0.05133,0.81525
crops/1631_8.jpg,1631,1631_jpg.rf.3d742d1f11862b8e7e80b20bdef0715b.jpg,,0,0,no_caries,no_caries,0.5734,0.57345,0.08937,0.29035,0.04683
crops/1631_9.jpg,1631,1631_jpg.rf.3d742d1f11862b8e7e80b20bdef0715b.jpg,,0,0,no_caries,no_caries,0.6697,0.66968,0.13587,0.16242,0.03203
crops/1631_10.jpg,1631,1631_jpg.rf.3d742d1f11862b8e7e80b20bdef0715b.jpg,,0,0,no_caries,no_caries,0.8061,0.80615,0.05629,0.086,0.05157
crops/1631_11.jpg,1631,1631_jpg.rf.3d742d1f11862b8e7e80b20bdef0715b.jpg,,0,0,no_caries,no_caries,0.6095,0.60954,0.24877,0.07276,0.06893
crops/1631_12.jpg,1631,1631_jpg.rf.3d742d1f11862b8e7e80b20bdef0715b.jpg,,0,0,no_caries,no_caries,0.3792,0.37916,0.23928,0.25418,0.12738
crops/1631_13.jpg,1631,1631_jpg.rf.3d742d1f11862b8e7e80b20bdef0715b.jpg,,2,0,mild,mild,0.5639,0.0782,0.56391,0.19291,0.16499
crops/1631_14.jpg,1631,1631_jpg.rf.3d742d1f11862b8e7e80b20bdef0715b.jpg,,2,0,mild,mild,0.8938,0.02394,0.89383,0.0354,0.04683
crops/1631_15.jpg,1631,1631_jpg.rf.3d742d1f11862b8e7e80b20bdef0715b.jpg,,2,0,mild,mild,0.6981,0.1595,0.69814,0.03052,0.11184
crops/1637_0.jpg,1637,1637_jpg.rf.e6fe2344fc307062d2afd645173ddf14.jpg,,5,0,advanced,advanced,0.645,0.0204,0.12999,0.2046,0.64502
crops/1637_1.jpg,1637,1637_jpg.rf.e6fe2344fc307062d2afd645173ddf14.jpg,,5,0,advanced,advanced,0.6121,0.00151,0.04019,0.34616,0.61215
crops/1637_2.jpg,1637,1637_jpg.rf.e6fe2344fc307062d2afd645173ddf14.jpg,,5,0,advanced,advanced,0.7669,0.00201,0.04168,0.18937,0.76694
crops/1637_3.jpg,1637,1637_jpg.rf.e6fe2344fc307062d2afd645173ddf14.jpg,,5,0,advanced,advanced,0.9144,0.00302,0.0411,0.04153,0.91435
crops/1637_4.jpg,1637,1637_jpg.rf.e6fe2344fc307062d2afd645173ddf14.jpg,,6,0,advanced,advanced,0.9439,0.00243,0.02801,0.02562,0.94394
crops/1637_5.jpg,1637,1637_jpg.rf.e6fe2344fc307062d2afd645173ddf14.jpg,,5,0,advanced,advanced,0.891,0.00125,0.01495,0.09285,0.89096
crops/1637_6.jpg,1637,1637_jpg.rf.e6fe2344fc307062d2afd645173ddf14.jpg,,5,0,advanced,advanced,0.6001,0.01623,0.30649,0.0772,0.60008
crops/1637_7.jpg,1637,1637_jpg.rf.e6fe2344fc307062d2afd645173ddf14.jpg,,2,0,mild,mild,0.6866,0.02921,0.68665,0.03385,0.25029
crops/1637_8.jpg,1637,1637_jpg.rf.e6fe2344fc307062d2afd645173ddf14.jpg,,5,0,advanced,mild,0.6145,0.02075,0.6145,0.02116,0.34359
crops/1637_9.jpg,1637,1637_jpg.rf.e6fe2344fc307062d2afd645173ddf14.jpg,,6,0,advanced,advanced,0.7934,0.02186,0.16841,0.01633,0.7934
crops/1637_10.jpg,1637,1637_jpg.rf.e6fe2344fc307062d2afd645173ddf14.jpg,,5,0,advanced,mild,0.507,0.03198,0.50702,0.09395,0.36705
crops/1637_11.jpg,1637,1637_jpg.rf.e6fe2344fc307062d2afd645173ddf14.jpg,,5,0,advanced,mild,0.4461,0.16637,0.44614,0.09294,0.29455
crops/1637_12.jpg,1637,1637_jpg.rf.e6fe2344fc307062d2afd645173ddf14.jpg,,3,0,moderate,advanced,0.6443,0.00637,0.33263,0.0167,0.6443
crops/1637_13.jpg,1637,1637_jpg.rf.e6fe2344fc307062d2afd645173ddf14.jpg,,1,0,mild,no_caries,0.4143,0.41427,0.35176,0.16456,0.06941
crops/1637_14.jpg,1637,1637_jpg.rf.e6fe2344fc307062d2afd645173ddf14.jpg,,0,0,no_caries,no_caries,0.6086,0.60859,0.23952,0.09469,0.0572
crops/1637_15.jpg,1637,1637_jpg.rf.e6fe2344fc307062d2afd645173ddf14.jpg,,0,0,no_caries,no_caries,0.4633,0.46333,0.43036,0.07317,0.03314
crops/1637_16.jpg,1637,1637_jpg.rf.e6fe2344fc307062d2afd645173ddf14.jpg,,0,0,no_caries,mild,0.4433,0.42247,0.44329,0.06825,0.06599
crops/1637_17.jpg,1637,1637_jpg.rf.e6fe2344fc307062d2afd645173ddf14.jpg,,0,0,no_caries,advanced,0.8481,0.00682,0.06496,0.08015,0.84807
crops/1637_18.jpg,1637,1637_jpg.rf.e6fe2344fc307062d2afd645173ddf14.jpg,,6,0,advanced,mild,0.5008,0.08721,0.50084,0.07516,0.33679
crops/1644_0.jpg,1644,1644_jpg.rf.d6400c5f2a79c5e2ce091d3de59617da.jpg,,0,0,no_caries,no_caries,0.6413,0.64135,0.21585,0.06473,0.07807
crops/1644_1.jpg,1644,1644_jpg.rf.d6400c5f2a79c5e2ce091d3de59617da.jpg,,6,0,advanced,advanced,0.9885,0.00196,0.00639,0.00316,0.98849
crops/1644_2.jpg,1644,1644_jpg.rf.d6400c5f2a79c5e2ce091d3de59617da.jpg,,6,0,advanced,advanced,0.9889,0.00096,0.00645,0.00365,0.98894
crops/1644_3.jpg,1644,1644_jpg.rf.d6400c5f2a79c5e2ce091d3de59617da.jpg,,6,0,advanced,advanced,0.9638,0.00147,0.00615,0.02854,0.96384
crops/1644_4.jpg,1644,1644_jpg.rf.d6400c5f2a79c5e2ce091d3de59617da.jpg,,5,0,advanced,advanced,0.9229,0.0044,0.03785,0.03487,0.92287
crops/1644_5.jpg,1644,1644_jpg.rf.d6400c5f2a79c5e2ce091d3de59617da.jpg,,0,0,no_caries,no_caries,0.626,0.626,0.11408,0.19646,0.06347
crops/1644_6.jpg,1644,1644_jpg.rf.d6400c5f2a79c5e2ce091d3de59617da.jpg,,0,0,no_caries,no_caries,0.6617,0.66171,0.11346,0.14201,0.08282
crops/1644_7.jpg,1644,1644_jpg.rf.d6400c5f2a79c5e2ce091d3de59617da.jpg,,0,0,no_caries,no_caries,0.6422,0.6422,0.26149,0.04667,0.04964
crops/1644_8.jpg,1644,1644_jpg.rf.d6400c5f2a79c5e2ce091d3de59617da.jpg,,0,0,no_caries,no_caries,0.7368,0.73683,0.07659,0.13819,0.04839
crops/1644_9.jpg,1644,1644_jpg.rf.d6400c5f2a79c5e2ce091d3de59617da.jpg,,0,0,no_caries,no_caries,0.6099,0.60987,0.19364,0.15626,0.04024
crops/1644_10.jpg,1644,1644_jpg.rf.d6400c5f2a79c5e2ce091d3de59617da.jpg,,0,0,no_caries,no_caries,0.7412,0.74125,0.16353,0.05556,0.03966
crops/1644_11.jpg,1644,1644_jpg.rf.d6400c5f2a79c5e2ce091d3de59617da.jpg,,0,0,no_caries,no_caries,0.7504,0.75043,0.05109,0.12638,0.0721
crops/1644_12.jpg,1644,1644_jpg.rf.d6400c5f2a79c5e2ce091d3de59617da.jpg,,0,0,no_caries,no_caries,0.6869,0.6869,0.03713,0.20091,0.07506
crops/1646_0.jpg,1646,1646_jpg.rf.08bb105a04bd0c67ee2484ca12201aaf.jpg,,5,0,advanced,advanced,0.5757,0.02134,0.32968,0.07326,0.57572
crops/1646_1.jpg,1646,1646_jpg.rf.08bb105a04bd0c67ee2484ca12201aaf.jpg,,5,0,advanced,advanced,0.4667,0.03634,0.37928,0.11767,0.46672
crops/1646_2.jpg,1646,1646_jpg.rf.08bb105a04bd0c67ee2484ca12201aaf.jpg,,5,0,advanced,mild,0.569,0.06582,0.56905,0.16485,0.20029
crops/1646_3.jpg,1646,1646_jpg.rf.08bb105a04bd0c67ee2484ca12201aaf.jpg,,5,0,advanced,moderate,0.5338,0.00654,0.32197,0.53384,0.13765
crops/1646_4.jpg,1646,1646_jpg.rf.08bb105a04bd0c67ee2484ca12201aaf.jpg,,5,0,advanced,advanced,0.8613,0.0044,0.0404,0.09393,0.86126
crops/1646_5.jpg,1646,1646_jpg.rf.08bb105a04bd0c67ee2484ca12201aaf.jpg,,3,0,moderate,mild,0.4685,0.05593,0.46851,0.26138,0.21418
crops/1646_6.jpg,1646,1646_jpg.rf.08bb105a04bd0c67ee2484ca12201aaf.jpg,,0,0,no_caries,no_caries,0.4991,0.49914,0.37494,0.05769,0.06824
crops/1646_7.jpg,1646,1646_jpg.rf.08bb105a04bd0c67ee2484ca12201aaf.jpg,,1,0,mild,mild,0.7224,0.0626,0.72245,0.07872,0.13624
crops/1646_8.jpg,1646,1646_jpg.rf.08bb105a04bd0c67ee2484ca12201aaf.jpg,,1,0,mild,mild,0.3212,0.31802,0.32122,0.17774,0.18302
crops/1646_9.jpg,1646,1646_jpg.rf.08bb105a04bd0c67ee2484ca12201aaf.jpg,,0,0,no_caries,mild,0.8188,0.09026,0.81881,0.07118,0.01975
crops/1680_0.jpg,1680,1680_jpg.rf.42e226803c9e4cf700464e0537f38407.jpg,,3,0,moderate,moderate,0.953,0.00149,0.02441,0.95302,0.02109
crops/1680_1.jpg,1680,1680_jpg.rf.42e226803c9e4cf700464e0537f38407.jpg,,0,0,no_caries,mild,0.5124,0.03805,0.51236,0.42954,0.02005
crops/1680_2.jpg,1680,1680_jpg.rf.42e226803c9e4cf700464e0537f38407.jpg,,3,0,moderate,moderate,0.6366,0.00217,0.04437,0.63657,0.31689
crops/1680_3.jpg,1680,1680_jpg.rf.42e226803c9e4cf700464e0537f38407.jpg,,3,0,moderate,moderate,0.5091,0.01101,0.12317,0.50908,0.35674
crops/1871_0.jpg,1871,1871_jpg.rf.0d40f9162f391c2d8b3dcd1a7f07fb84.jpg,,0,0,no_caries,advanced,0.6068,0.16253,0.15274,0.0779,0.60683
crops/1871_1.jpg,1871,1871_jpg.rf.0d40f9162f391c2d8b3dcd1a7f07fb84.jpg,,0,0,no_caries,mild,0.5329,0.22782,0.53294,0.1173,0.12194
crops/1871_2.jpg,1871,1871_jpg.rf.0d40f9162f391c2d8b3dcd1a7f07fb84.jpg,,0,0,no_caries,no_caries,0.6053,0.60525,0.25105,0.08815,0.05555
crops/1871_3.jpg,1871,1871_jpg.rf.0d40f9162f391c2d8b3dcd1a7f07fb84.jpg,,0,0,no_caries,no_caries,0.5076,0.50763,0.24211,0.15039,0.09988
crops/1871_4.jpg,1871,1871_jpg.rf.0d40f9162f391c2d8b3dcd1a7f07fb84.jpg,,5,0,advanced,advanced,0.9626,0.00213,0.00754,0.02775,0.96257
crops/1871_5.jpg,1871,1871_jpg.rf.0d40f9162f391c2d8b3dcd1a7f07fb84.jpg,,0,0,no_caries,mild,0.4539,0.12048,0.4539,0.07465,0.35097
crops/1871_6.jpg,1871,1871_jpg.rf.0d40f9162f391c2d8b3dcd1a7f07fb84.jpg,,0,0,no_caries,mild,0.6333,0.2567,0.63325,0.06149,0.04856
crops/1871_7.jpg,1871,1871_jpg.rf.0d40f9162f391c2d8b3dcd1a7f07fb84.jpg,,0,0,no_caries,no_caries,0.6312,0.63116,0.28856,0.04605,0.03423
crops/1871_8.jpg,1871,1871_jpg.rf.0d40f9162f391c2d8b3dcd1a7f07fb84.jpg,,5,0,advanced,mild,0.5035,0.14962,0.50348,0.23158,0.11532
crops/1871_9.jpg,1871,1871_jpg.rf.0d40f9162f391c2d8b3dcd1a7f07fb84.jpg,,5,0,advanced,moderate,0.425,0.37246,0.10921,0.42498,0.09334
crops/1871_10.jpg,1871,1871_jpg.rf.0d40f9162f391c2d8b3dcd1a7f07fb84.jpg,,0,0,no_caries,no_caries,0.6321,0.63207,0.20176,0.11956,0.04662
crops/1871_11.jpg,1871,1871_jpg.rf.0d40f9162f391c2d8b3dcd1a7f07fb84.jpg,,0,0,no_caries,no_caries,0.7961,0.79612,0.04568,0.09245,0.06575
crops/1871_12.jpg,1871,1871_jpg.rf.0d40f9162f391c2d8b3dcd1a7f07fb84.jpg,,0,0,no_caries,no_caries,0.8188,0.81883,0.02703,0.10534,0.0488
crops/1871_13.jpg,1871,1871_jpg.rf.0d40f9162f391c2d8b3dcd1a7f07fb84.jpg,,0,0,no_caries,no_caries,0.7398,0.73977,0.01663,0.15868,0.08491
crops/1871_14.jpg,1871,1871_jpg.rf.0d40f9162f391c2d8b3dcd1a7f07fb84.jpg,,0,0,no_caries,no_caries,0.8125,0.81246,0.02696,0.10842,0.05216
crops/1871_15.jpg,1871,1871_jpg.rf.0d40f9162f391c2d8b3dcd1a7f07fb84.jpg,,0,0,no_caries,no_caries,0.7272,0.72722,0.09709,0.09755,0.07814
crops/1871_16.jpg,1871,1871_jpg.rf.0d40f9162f391c2d8b3dcd1a7f07fb84.jpg,,0,0,no_caries,no_caries,0.806,0.80595,0.02497,0.11676,0.05232
crops/1871_17.jpg,1871,1871_jpg.rf.0d40f9162f391c2d8b3dcd1a7f07fb84.jpg,,5,0,advanced,mild,0.3878,0.19091,0.3878,0.28457,0.13673
crops/194_0.jpg,194,194_jpg.rf.7ea705db47a6824dd892de178d5e614e.jpg,,3,0,moderate,advanced,0.7809,0.02106,0.13298,0.06502,0.78093
crops/194_1.jpg,194,194_jpg.rf.7ea705db47a6824dd892de178d5e614e.jpg,,5,0,advanced,advanced,0.9795,0.0016,0.00892,0.00999,0.9795
crops/194_2.jpg,194,194_jpg.rf.7ea705db47a6824dd892de178d5e614e.jpg,,5,0,advanced,advanced,0.497,0.00575,0.04958,0.4477,0.49697
crops/194_3.jpg,194,194_jpg.rf.7ea705db47a6824dd892de178d5e614e.jpg,,5,0,advanced,advanced,0.7687,0.01172,0.15767,0.06193,0.76869
crops/194_4.jpg,194,194_jpg.rf.7ea705db47a6824dd892de178d5e614e.jpg,,0,0,no_caries,mild,0.5026,0.39468,0.50257,0.02557,0.07718
crops/194_5.jpg,194,194_jpg.rf.7ea705db47a6824dd892de178d5e614e.jpg,,4,0,moderate,advanced,0.4802,0.06079,0.17295,0.28602,0.48025
crops/194_6.jpg,194,194_jpg.rf.7ea705db47a6824dd892de178d5e614e.jpg,,4,0,moderate,mild,0.4192,0.20904,0.41921,0.19324,0.17851
crops/194_7.jpg,194,194_jpg.rf.7ea705db47a6824dd892de178d5e614e.jpg,,0,0,no_caries,no_caries,0.6956,0.69561,0.04002,0.14156,0.12282
crops/194_8.jpg,194,194_jpg.rf.7ea705db47a6824dd892de178d5e614e.jpg,,0,0,no_caries,no_caries,0.5998,0.59985,0.13571,0.1459,0.11854
crops/194_9.jpg,194,194_jpg.rf.7ea705db47a6824dd892de178d5e614e.jpg,,2,0,mild,mild,0.5671,0.16901,0.56709,0.16866,0.09524
crops/194_10.jpg,194,194_jpg.rf.7ea705db47a6824dd892de178d5e614e.jpg,,0,0,no_caries,no_caries,0.6591,0.65907,0.13622,0.14121,0.0635
crops/194_11.jpg,194,194_jpg.rf.7ea705db47a6824dd892de178d5e614e.jpg,,0,0,no_caries,no_caries,0.5616,0.56157,0.23886,0.12003,0.07954
crops/194_12.jpg,194,194_jpg.rf.7ea705db47a6824dd892de178d5e614e.jpg,,3,0,moderate,advanced,0.4455,0.11758,0.24739,0.18958,0.44545
crops/195_0.jpg,195,195_jpg.rf.0fb3ed7d5e69f85e55e1ccffc118826c.jpg,,0,0,no_caries,moderate,0.4505,0.27327,0.2053,0.45047,0.07095
crops/195_1.jpg,195,195_jpg.rf.0fb3ed7d5e69f85e55e1ccffc118826c.jpg,,2,0,mild,moderate,0.7262,0.0563,0.18941,0.72623,0.02806
crops/195_2.jpg,195,195_jpg.rf.0fb3ed7d5e69f85e55e1ccffc118826c.jpg,,5,0,advanced,moderate,0.9591,0.00204,0.00298,0.95906,0.03592
crops/195_3.jpg,195,195_jpg.rf.0fb3ed7d5e69f85e55e1ccffc118826c.jpg,,5,0,advanced,no_caries,0.6617,0.66173,0.19924,0.09201,0.04702
crops/195_4.jpg,195,195_jpg.rf.0fb3ed7d5e69f85e55e1ccffc118826c.jpg,,3,0,moderate,moderate,0.5075,0.26358,0.12838,0.50749,0.10055
crops/195_5.jpg,195,195_jpg.rf.0fb3ed7d5e69f85e55e1ccffc118826c.jpg,,0,0,no_caries,no_caries,0.4952,0.49516,0.40762,0.0695,0.02771
crops/195_6.jpg,195,195_jpg.rf.0fb3ed7d5e69f85e55e1ccffc118826c.jpg,,0,0,no_caries,mild,0.7001,0.2518,0.70011,0.03263,0.01546
crops/195_7.jpg,195,195_jpg.rf.0fb3ed7d5e69f85e55e1ccffc118826c.jpg,,0,0,no_caries,mild,0.7402,0.20252,0.74015,0.04056,0.01677
crops/195_8.jpg,195,195_jpg.rf.0fb3ed7d5e69f85e55e1ccffc118826c.jpg,,3,0,moderate,mild,0.8778,0.07729,0.87777,0.0324,0.01254
crops/195_9.jpg,195,195_jpg.rf.0fb3ed7d5e69f85e55e1ccffc118826c.jpg,,0,0,no_caries,mild,0.6338,0.30586,0.63376,0.04962,0.01076
crops/195_10.jpg,195,195_jpg.rf.0fb3ed7d5e69f85e55e1ccffc118826c.jpg,,3,0,moderate,mild,0.5783,0.34622,0.57833,0.05735,0.01811
crops/195_11.jpg,195,195_jpg.rf.0fb3ed7d5e69f85e55e1ccffc118826c.jpg,,3,0,moderate,advanced,0.7036,0.0118,0.03616,0.24847,0.70356
crops/195_12.jpg,195,195_jpg.rf.0fb3ed7d5e69f85e55e1ccffc118826c.jpg,,5,0,advanced,moderate,0.5789,0.03783,0.10932,0.57894,0.27391
crops/195_13.jpg,195,195_jpg.rf.0fb3ed7d5e69f85e55e1ccffc118826c.jpg,,2,0,mild,moderate,0.85,0.06005,0.06787,0.84997,0.02211
crops/195_14.jpg,195,195_jpg.rf.0fb3ed7d5e69f85e55e1ccffc118826c.jpg,,1,0,mild,mild,0.4145,0.08266,0.41445,0.35053,0.15236
crops/1_jpeg_0.jpg,1_jpeg,1_jpeg_jpg.rf.32d2c13a697b316c80491ec167452c5c.jpg,,3,0,moderate,mild,0.7822,0.03152,0.7822,0.18115,0.00513
crops/1_jpeg_1.jpg,1_jpeg,1_jpeg_jpg.rf.32d2c13a697b316c80491ec167452c5c.jpg,,3,0,moderate,moderate,0.9621,0.00109,0.02399,0.96209,0.01283
crops/1_jpeg_2.jpg,1_jpeg,1_jpeg_jpg.rf.32d2c13a697b316c80491ec167452c5c.jpg,,0,0,no_caries,moderate,0.6045,0.0314,0.35101,0.60449,0.0131
crops/1_jpeg_3.jpg,1_jpeg,1_jpeg_jpg.rf.32d2c13a697b316c80491ec167452c5c.jpg,,1,0,mild,moderate,0.7073,0.01265,0.27211,0.70727,0.00797
crops/1_jpeg_4.jpg,1_jpeg,1_jpeg_jpg.rf.32d2c13a697b316c80491ec167452c5c.jpg,,0,0,no_caries,mild,0.4544,0.4403,0.4544,0.06262,0.04268
crops/1_jpeg_5.jpg,1_jpeg,1_jpeg_jpg.rf.32d2c13a697b316c80491ec167452c5c.jpg,,0,0,no_caries,mild,0.7486,0.18135,0.74859,0.05459,0.01547
crops/1_jpeg_6.jpg,1_jpeg,1_jpeg_jpg.rf.32d2c13a697b316c80491ec167452c5c.jpg,,0,0,no_caries,mild,0.4871,0.3373,0.48712,0.14084,0.03474
crops/1_jpeg_7.jpg,1_jpeg,1_jpeg_jpg.rf.32d2c13a697b316c80491ec167452c5c.jpg,,0,0,no_caries,mild,0.8349,0.07135,0.83486,0.07608,0.0177
crops/1_jpeg_8.jpg,1_jpeg,1_jpeg_jpg.rf.32d2c13a697b316c80491ec167452c5c.jpg,,0,0,no_caries,mild,0.5327,0.42478,0.53267,0.03183,0.01071
crops/1_jpeg_9.jpg,1_jpeg,1_jpeg_jpg.rf.32d2c13a697b316c80491ec167452c5c.jpg,,0,0,no_caries,no_caries,0.6921,0.6921,0.22164,0.03379,0.05247
crops/1_jpeg_10.jpg,1_jpeg,1_jpeg_jpg.rf.32d2c13a697b316c80491ec167452c5c.jpg,,3,0,moderate,moderate,0.9843,0.00105,0.00533,0.98426,0.00936
crops/1_jpeg_11.jpg,1_jpeg,1_jpeg_jpg.rf.32d2c13a697b316c80491ec167452c5c.jpg,,3,0,moderate,moderate,0.9295,0.00336,0.05703,0.92946,0.01015
crops/1_jpeg_12.jpg,1_jpeg,1_jpeg_jpg.rf.32d2c13a697b316c80491ec167452c5c.jpg,,3,0,moderate,moderate,0.7419,0.00416,0.16458,0.74189,0.08937
crops/1_jpeg_13.jpg,1_jpeg,1_jpeg_jpg.rf.32d2c13a697b316c80491ec167452c5c.jpg,,3,0,moderate,moderate,0.8653,0.00374,0.12293,0.86529,0.00804
crops/226_0.jpg,226,226_jpg.rf.39e029ae94932cc8ee58675380547d19.jpg,,6,0,advanced,advanced,0.9934,0.00102,0.00229,0.00332,0.99338
crops/226_1.jpg,226,226_jpg.rf.39e029ae94932cc8ee58675380547d19.jpg,,6,0,advanced,advanced,0.9916,0.00081,0.00098,0.00665,0.99156
crops/226_2.jpg,226,226_jpg.rf.39e029ae94932cc8ee58675380547d19.jpg,,5,0,advanced,advanced,0.503,0.01429,0.04977,0.43295,0.50299
crops/226_3.jpg,226,226_jpg.rf.39e029ae94932cc8ee58675380547d19.jpg,,5,0,advanced,advanced,0.9119,0.01668,0.01664,0.05477,0.91191
crops/226_4.jpg,226,226_jpg.rf.39e029ae94932cc8ee58675380547d19.jpg,,6,0,advanced,advanced,0.9929,0.00129,0.00321,0.00257,0.99293
crops/226_5.jpg,226,226_jpg.rf.39e029ae94932cc8ee58675380547d19.jpg,,6,0,advanced,advanced,0.9748,0.00454,0.00998,0.01066,0.97483
crops/226_6.jpg,226,226_jpg.rf.39e029ae94932cc8ee58675380547d19.jpg,,6,0,advanced,advanced,0.967,0.00268,0.00781,0.02247,0.96705
crops/226_7.jpg,226,226_jpg.rf.39e029ae94932cc8ee58675380547d19.jpg,,0,0,no_caries,advanced,0.8019,0.04768,0.02918,0.12122,0.80193
crops/226_8.jpg,226,226_jpg.rf.39e029ae94932cc8ee58675380547d19.jpg,,0,0,no_caries,no_caries,0.8005,0.80049,0.02076,0.10662,0.07214
crops/226_9.jpg,226,226_jpg.rf.39e029ae94932cc8ee58675380547d19.jpg,,0,0,no_caries,no_caries,0.7801,0.78006,0.02538,0.14606,0.0485
crops/229_0.jpg,229,229_jpg.rf.4db27c14be6b8c04089709ce1178cda8.jpg,,0,0,no_caries,mild,0.4973,0.35951,0.49725,0.09668,0.04656
crops/229_1.jpg,229,229_jpg.rf.4db27c14be6b8c04089709ce1178cda8.jpg,,0,0,no_caries,mild,0.5427,0.30433,0.54268,0.12533,0.02766
crops/229_2.jpg,229,229_jpg.rf.4db27c14be6b8c04089709ce1178cda8.jpg,,0,0,no_caries,no_caries,0.4611,0.46111,0.2293,0.20761,0.10197
crops/229_3.jpg,229,229_jpg.rf.4db27c14be6b8c04089709ce1178cda8.jpg,,0,0,no_caries,mild,0.5567,0.05721,0.55672,0.35911,0.02697
crops/229_4.jpg,229,229_jpg.rf.4db27c14be6b8c04089709ce1178cda8.jpg,,0,0,no_caries,no_caries,0.5342,0.53424,0.24029,0.14401,0.08146
crops/229_5.jpg,229,229_jpg.rf.4db27c14be6b8c04089709ce1178cda8.jpg,,0,0,no_caries,no_caries,0.5927,0.59266,0.32453,0.02867,0.05414
crops/229_6.jpg,229,229_jpg.rf.4db27c14be6b8c04089709ce1178cda8.jpg,,0,0,no_caries,no_caries,0.4401,0.44005,0.42349,0.07722,0.05923
crops/229_7.jpg,229,229_jpg.rf.4db27c14be6b8c04089709ce1178cda8.jpg,,0,0,no_caries,no_caries,0.451,0.45102,0.41415,0.08143,0.0534
crops/229_8.jpg,229,229_jpg.rf.4db27c14be6b8c04089709ce1178cda8.jpg,,0,0,no_caries,no_caries,0.4769,0.47692,0.4127,0.04981,0.06057
crops/229_9.jpg,229,229_jpg.rf.4db27c14be6b8c04089709ce1178cda8.jpg,,0,0,no_caries,no_caries,0.5308,0.5308,0.32797,0.10149,0.03973
crops/229_10.jpg,229,229_jpg.rf.4db27c14be6b8c04089709ce1178cda8.jpg,,0,0,no_caries,no_caries,0.479,0.47896,0.32879,0.15148,0.04077
crops/229_11.jpg,229,229_jpg.rf.4db27c14be6b8c04089709ce1178cda8.jpg,,0,0,no_caries,no_caries,0.6559,0.65592,0.23362,0.08805,0.02242
crops/229_12.jpg,229,229_jpg.rf.4db27c14be6b8c04089709ce1178cda8.jpg,,0,0,no_caries,no_caries,0.7601,0.76007,0.10103,0.10798,0.03092
crops/229_13.jpg,229,229_jpg.rf.4db27c14be6b8c04089709ce1178cda8.jpg,,0,0,no_caries,mild,0.4258,0.36091,0.42575,0.04415,0.16919
crops/229_14.jpg,229,229_jpg.rf.4db27c14be6b8c04089709ce1178cda8.jpg,,0,0,no_caries,no_caries,0.5064,0.50638,0.40064,0.05843,0.03455
crops/229_15.jpg,229,229_jpg.rf.4db27c14be6b8c04089709ce1178cda8.jpg,,0,0,no_caries,no_caries,0.6607,0.66069,0.22858,0.04964,0.0611
crops/229_16.jpg,229,229_jpg.rf.4db27c14be6b8c04089709ce1178cda8.jpg,,0,0,no_caries,no_caries,0.6221,0.62207,0.24854,0.0574,0.07198
crops/229_17.jpg,229,229_jpg.rf.4db27c14be6b8c04089709ce1178cda8.jpg,,0,0,no_caries,no_caries,0.7036,0.70364,0.15729,0.09432,0.04475
crops/229_18.jpg,229,229_jpg.rf.4db27c14be6b8c04089709ce1178cda8.jpg,,0,0,no_caries,no_caries,0.7717,0.77166,0.05146,0.13007,0.04681
crops/229_19.jpg,229,229_jpg.rf.4db27c14be6b8c04089709ce1178cda8.jpg,,0,0,no_caries,no_caries,0.7463,0.74634,0.08934,0.12096,0.04337
crops/262_0.jpg,262,262_jpg.rf.85589da786d6cdb1ecc255cc02a6fad9.jpg,,0,0,no_caries,mild,0.4639,0.34878,0.46393,0.06031,0.12699
crops/262_1.jpg,262,262_jpg.rf.85589da786d6cdb1ecc255cc02a6fad9.jpg,,0,0,no_caries,no_caries,0.4979,0.49791,0.38624,0.03191,0.08394
crops/262_2.jpg,262,262_jpg.rf.85589da786d6cdb1ecc255cc02a6fad9.jpg,,0,0,no_caries,no_caries,0.6565,0.65646,0.1963,0.06328,0.08396
crops/262_3.jpg,262,262_jpg.rf.85589da786d6cdb1ecc255cc02a6fad9.jpg,,0,0,no_caries,no_caries,0.572,0.57198,0.33313,0.04064,0.05425
crops/262_4.jpg,262,262_jpg.rf.85589da786d6cdb1ecc255cc02a6fad9.jpg,,6,0,advanced,advanced,0.918,0.00356,0.04402,0.03441,0.91802
crops/262_5.jpg,262,262_jpg.rf.85589da786d6cdb1ecc255cc02a6fad9.jpg,,6,0,advanced,advanced,0.3781,0.01332,0.27756,0.33103,0.3781
crops/262_6.jpg,262,262_jpg.rf.85589da786d6cdb1ecc255cc02a6fad9.jpg,,5,0,advanced,advanced,0.7694,0.01337,0.12356,0.09366,0.76941
crops/262_7.jpg,262,262_jpg.rf.85589da786d6cdb1ecc255cc02a6fad9.jpg,,0,0,no_caries,no_caries,0.5933,0.59328,0.28184,0.04404,0.08084
crops/262_8.jpg,262,262_jpg.rf.85589da786d6cdb1ecc255cc02a6fad9.jpg,,0,0,no_caries,mild,0.5519,0.34521,0.55188,0.04285,0.06005
crops/262_9.jpg,262,262_jpg.rf.85589da786d6cdb1ecc255cc02a6fad9.jpg,,0,0,no_caries,no_caries,0.5109,0.51093,0.39766,0.05212,0.03929
crops/262_10.jpg,262,262_jpg.rf.85589da786d6cdb1ecc255cc02a6fad9.jpg,,0,0,no_caries,no_caries,0.5425,0.54253,0.2197,0.13448,0.10329
crops/262_11.jpg,262,262_jpg.rf.85589da786d6cdb1ecc255cc02a6fad9.jpg,,0,0,no_caries,no_caries,0.6841,0.68406,0.09801,0.11045,0.10748
crops/2855_0.jpg,2855,2855_jpg.rf.e3223eede90161e62aa8d0abbef0fb7c.jpg,,2,0,mild,moderate,0.4347,0.02002,0.18829,0.43473,0.35696
crops/2855_1.jpg,2855,2855_jpg.rf.e3223eede90161e62aa8d0abbef0fb7c.jpg,,2,0,mild,advanced,0.7977,0.00282,0.04249,0.15698,0.79771
crops/2855_2.jpg,2855,2855_jpg.rf.e3223eede90161e62aa8d0abbef0fb7c.jpg,,2,0,mild,advanced,0.8965,0.00419,0.02606,0.07323,0.89652
crops/2922_0.jpg,2922,2922_jpg.rf.c3d47b36813308e3fb5f72e3f1cc255e.jpg,,4,0,moderate,advanced,0.9857,0.00085,0.00401,0.00946,0.98569
crops/2922_1.jpg,2922,2922_jpg.rf.c3d47b36813308e3fb5f72e3f1cc255e.jpg,,3,0,moderate,mild,0.5113,0.04198,0.5113,0.24821,0.19851
crops/2922_2.jpg,2922,2922_jpg.rf.c3d47b36813308e3fb5f72e3f1cc255e.jpg,,3,0,moderate,moderate,0.6775,0.05322,0.12398,0.67748,0.14531
crops/3000_0.jpg,3000,3000_jpg.rf.15714bf510c4af5a5bb359c5b3a5dc5a.jpg,,5,0,advanced,advanced,0.9717,0.00126,0.00673,0.02032,0.9717
crops/3000_1.jpg,3000,3000_jpg.rf.15714bf510c4af5a5bb359c5b3a5dc5a.jpg,,5,0,advanced,advanced,0.542,0.02989,0.41144,0.01665,0.54203
crops/3000_2.jpg,3000,3000_jpg.rf.15714bf510c4af5a5bb359c5b3a5dc5a.jpg,,5,0,advanced,no_caries,0.4937,0.49367,0.33398,0.01965,0.15269
crops/3001_0.jpg,3001,3001_jpg.rf.5448424c212cd1593858bc2eeb524850.jpg,,0,0,no_caries,moderate,0.428,0.20399,0.32052,0.42802,0.04747
crops/3001_1.jpg,3001,3001_jpg.rf.5448424c212cd1593858bc2eeb524850.jpg,,3,0,moderate,mild,0.5257,0.24737,0.5257,0.18389,0.04304
crops/3001_2.jpg,3001,3001_jpg.rf.5448424c212cd1593858bc2eeb524850.jpg,,0,0,no_caries,mild,0.5866,0.24897,0.5866,0.11954,0.0449
crops/3001_3.jpg,3001,3001_jpg.rf.5448424c212cd1593858bc2eeb524850.jpg,,3,0,moderate,moderate,0.9264,0.01723,0.03048,0.92642,0.02587
crops/3001_4.jpg,3001,3001_jpg.rf.5448424c212cd1593858bc2eeb524850.jpg,,3,0,moderate,mild,0.6978,0.05466,0.69777,0.15024,0.09733
crops/3001_5.jpg,3001,3001_jpg.rf.5448424c212cd1593858bc2eeb524850.jpg,,3,0,moderate,mild,0.7894,0.03015,0.78943,0.04461,0.13582
crops/3001_6.jpg,3001,3001_jpg.rf.5448424c212cd1593858bc2eeb524850.jpg,,3,0,moderate,moderate,0.9317,0.00856,0.02749,0.93171,0.03224
crops/3001_7.jpg,3001,3001_jpg.rf.5448424c212cd1593858bc2eeb524850.jpg,,0,0,no_caries,no_caries,0.5601,0.56011,0.33026,0.06399,0.04565
crops/3001_8.jpg,3001,3001_jpg.rf.5448424c212cd1593858bc2eeb524850.jpg,,0,0,no_caries,mild,0.53,0.39404,0.53001,0.05714,0.01881
crops/303_0.jpg,303,303_jpg.rf.6f8251e2895290c0594ba8c6c4a604bf.jpg,,4,0,moderate,mild,0.3678,0.28922,0.36783,0.20039,0.14256
crops/303_1.jpg,303,303_jpg.rf.6f8251e2895290c0594ba8c6c4a604bf.jpg,,5,0,advanced,mild,0.4975,0.1823,0.49746,0.21734,0.1029
crops/303_2.jpg,303,303_jpg.rf.6f8251e2895290c0594ba8c6c4a604bf.jpg,,6,0,advanced,advanced,0.954,0.0048,0.02333,0.01787,0.954
crops/303_3.jpg,303,303_jpg.rf.6f8251e2895290c0594ba8c6c4a604bf.jpg,,0,0,no_caries,no_caries,0.4319,0.43188,0.36464,0.13016,0.07332
crops/303_4.jpg,303,303_jpg.rf.6f8251e2895290c0594ba8c6c4a604bf.jpg,,0,0,no_caries,no_caries,0.5368,0.53681,0.35639,0.07461,0.03219
crops/303_5.jpg,303,303_jpg.rf.6f8251e2895290c0594ba8c6c4a604bf.jpg,,2,0,mild,mild,0.707,0.06331,0.70701,0.15796,0.07172
crops/303_6.jpg,303,303_jpg.rf.6f8251e2895290c0594ba8c6c4a604bf.jpg,,2,0,mild,mild,0.4129,0.38647,0.41292,0.15826,0.04235
crops/303_7.jpg,303,303_jpg.rf.6f8251e2895290c0594ba8c6c4a604bf.jpg,,3,0,moderate,moderate,0.4451,0.17243,0.21134,0.44506,0.17117
crops/303_8.jpg,303,303_jpg.rf.6f8251e2895290c0594ba8c6c4a604bf.jpg,,0,0,no_caries,no_caries,0.5417,0.54173,0.23798,0.16818,0.05211
crops/303_9.jpg,303,303_jpg.rf.6f8251e2895290c0594ba8c6c4a604bf.jpg,,0,0,no_caries,no_caries,0.4331,0.43306,0.32108,0.20845,0.03742
crops/303_10.jpg,303,303_jpg.rf.6f8251e2895290c0594ba8c6c4a604bf.jpg,,2,0,mild,mild,0.8729,0.07976,0.87287,0.03715,0.01023
crops/303_11.jpg,303,303_jpg.rf.6f8251e2895290c0594ba8c6c4a604bf.jpg,,2,0,mild,mild,0.7478,0.21779,0.7478,0.02517,0.00925
crops/303_12.jpg,303,303_jpg.rf.6f8251e2895290c0594ba8c6c4a604bf.jpg,,2,0,mild,mild,0.8144,0.13442,0.81438,0.04364,0.00755
crops/303_13.jpg,303,303_jpg.rf.6f8251e2895290c0594ba8c6c4a604bf.jpg,,2,0,mild,mild,0.709,0.1782,0.70898,0.09332,0.01951
crops/303_14.jpg,303,303_jpg.rf.6f8251e2895290c0594ba8c6c4a604bf.jpg,,2,0,mild,mild,0.6272,0.2544,0.62724,0.06806,0.0503
crops/303_15.jpg,303,303_jpg.rf.6f8251e2895290c0594ba8c6c4a604bf.jpg,,5,0,advanced,moderate,0.5007,0.05742,0.36144,0.50067,0.08047
crops/313_0.jpg,313,313_jpg.rf.5a2a1d0b4f42105962e04643de024611.jpg,,0,0,no_caries,mild,0.5252,0.30774,0.52517,0.02819,0.1389
crops/313_1.jpg,313,313_jpg.rf.5a2a1d0b4f42105962e04643de024611.jpg,,0,0,no_caries,mild,0.5099,0.36795,0.5099,0.06316,0.05899
crops/313_2.jpg,313,313_jpg.rf.5a2a1d0b4f42105962e04643de024611.jpg,,2,0,mild,moderate,0.645,0.02914,0.29391,0.64501,0.03195
crops/313_3.jpg,313,313_jpg.rf.5a2a1d0b4f42105962e04643de024611.jpg,,3,0,moderate,moderate,0.9634,0.00087,0.01388,0.96344,0.02181
crops/313_4.jpg,313,313_jpg.rf.5a2a1d0b4f42105962e04643de024611.jpg,,3,0,moderate,moderate,0.831,0.01066,0.1416,0.831,0.01674
crops/313_5.jpg,313,313_jpg.rf.5a2a1d0b4f42105962e04643de024611.jpg,,3,0,moderate,mild,0.4329,0.01344,0.43294,0.18865,0.36497
crops/313_6.jpg,313,313_jpg.rf.5a2a1d0b4f42105962e04643de024611.jpg,,3,0,moderate,moderate,0.6601,0.01187,0.29491,0.66008,0.03315
crops/313_7.jpg,313,313_jpg.rf.5a2a1d0b4f42105962e04643de024611.jpg,,3,0,moderate,mild,0.5684,0.27328,0.5684,0.08546,0.07286
crops/313_8.jpg,313,313_jpg.rf.5a2a1d0b4f42105962e04643de024611.jpg,,3,0,moderate,no_caries,0.384,0.38398,0.2329,0.24805,0.13507
crops/313_9.jpg,313,313_jpg.rf.5a2a1d0b4f42105962e04643de024611.jpg,,1,0,mild,no_caries,0.4884,0.48841,0.28657,0.14333,0.08169
crops/313_10.jpg,313,313_jpg.rf.5a2a1d0b4f42105962e04643de024611.jpg,,3,0,moderate,moderate,0.6157,0.08667,0.18115,0.61567,0.1165
crops/313_11.jpg,313,313_jpg.rf.5a2a1d0b4f42105962e04643de024611.jpg,,0,0,no_caries,moderate,0.4779,0.22093,0.19054,0.47787,0.11066
crops/313_12.jpg,313,313_jpg.rf.5a2a1d0b4f42105962e04643de024611.jpg,,2,0,mild,moderate,0.7914,0.02811,0.10969,0.79143,0.07077
crops/313_13.jpg,313,313_jpg.rf.5a2a1d0b4f42105962e04643de024611.jpg,,2,0,mild,moderate,0.5243,0.28759,0.07548,0.52427,0.11265
crops/313_14.jpg,313,313_jpg.rf.5a2a1d0b4f42105962e04643de024611.jpg,,1,0,mild,moderate,0.476,0.16212,0.2712,0.47602,0.09066
crops/313_15.jpg,313,313_jpg.rf.5a2a1d0b4f42105962e04643de024611.jpg,,1,0,mild,mild,0.4405,0.27481,0.44047,0.18783,0.09689
crops/323_0.jpg,323,323_jpg.rf.5f18ba8e52a27d0332b01e107ebb0b9d.jpg,,5,0,advanced,advanced,0.9803,0.0015,0.00692,0.01132,0.98025
crops/323_1.jpg,323,323_jpg.rf.5f18ba8e52a27d0332b01e107ebb0b9d.jpg,,5,0,advanced,moderate,0.5037,0.01876,0.11632,0.50372,0.3612
crops/323_2.jpg,323,323_jpg.rf.5f18ba8e52a27d0332b01e107ebb0b9d.jpg,,5,0,advanced,advanced,0.5988,0.00326,0.016,0.38194,0.5988
crops/323_3.jpg,323,323_jpg.rf.5f18ba8e52a27d0332b01e107ebb0b9d.jpg,,5,0,advanced,advanced,0.5614,0.01795,0.26425,0.15636,0.56144
crops/323_4.jpg,323,323_jpg.rf.5f18ba8e52a27d0332b01e107ebb0b9d.jpg,,3,0,moderate,advanced,0.7149,0.00873,0.1206,0.15575,0.71491
crops/323_5.jpg,323,323_jpg.rf.5f18ba8e52a27d0332b01e107ebb0b9d.jpg,,2,0,mild,mild,0.7323,0.12857,0.73228,0.05162,0.08753
crops/323_6.jpg,323,323_jpg.rf.5f18ba8e52a27d0332b01e107ebb0b9d.jpg,,3,0,moderate,mild,0.5891,0.04497,0.58912,0.29137,0.07454
crops/323_7.jpg,323,323_jpg.rf.5f18ba8e52a27d0332b01e107ebb0b9d.jpg,,3,0,moderate,advanced,0.3765,0.02794,0.31067,0.28484,0.37654
crops/323_8.jpg,323,323_jpg.rf.5f18ba8e52a27d0332b01e107ebb0b9d.jpg,,2,0,mild,mild,0.5315,0.05913,0.53149,0.28605,0.12334
crops/323_9.jpg,323,323_jpg.rf.5f18ba8e52a27d0332b01e107ebb0b9d.jpg,,5,0,advanced,advanced,0.9814,0.00206,0.00835,0.00824,0.98135
crops/323_10.jpg,323,323_jpg.rf.5f18ba8e52a27d0332b01e107ebb0b9d.jpg,,6,0,advanced,advanced,0.9897,0.00047,0.00617,0.00365,0.9897
crops/323_11.jpg,323,323_jpg.rf.5f18ba8e52a27d0332b01e107ebb0b9d.jpg,,5,0,advanced,moderate,0.4385,0.0145,0.28552,0.43851,0.26146
crops/323_12.jpg,323,323_jpg.rf.5f18ba8e52a27d0332b01e107ebb0b9d.jpg,,0,0,no_caries,no_caries,0.4403,0.44026,0.41394,0.10972,0.03609
crops/3284_0.jpg,3284,3284_jpg.rf.233da5b6d14e54d8cfd8fc860eca7ca3.jpg,,0,0,no_caries,mild,0.8268,0.12195,0.82681,0.009,0.04224
crops/3284_1.jpg,3284,3284_jpg.rf.233da5b6d14e54d8cfd8fc860eca7ca3.jpg,,5,0,advanced,advanced,0.9699,0.00228,0.00779,0.01999,0.96994
crops/3284_2.jpg,3284,3284_jpg.rf.233da5b6d14e54d8cfd8fc860eca7ca3.jpg,,3,0,moderate,moderate,0.6584,0.03422,0.30177,0.65838,0.00563
crops/3326_0.jpg,3326,3326_jpg.rf.1394719dd45048440644abe49474bbea.jpg,,2,0,mild,mild,0.6269,0.13823,0.62695,0.17665,0.05817
crops/3326_1.jpg,3326,3326_jpg.rf.1394719dd45048440644abe49474bbea.jpg,,5,0,advanced,moderate,0.6966,0.00933,0.26107,0.69659,0.03301
crops/3326_2.jpg,3326,3326_jpg.rf.1394719dd45048440644abe49474bbea.jpg,,0,0,no_caries,mild,0.6022,0.09503,0.60219,0.20351,0.09927
crops/3326_3.jpg,3326,3326_jpg.rf.1394719dd45048440644abe49474bbea.jpg,,6,0,advanced,advanced,0.6155,0.00489,0.03603,0.34356,0.61552
crops/3326_4.jpg,3326,3326_jpg.rf.1394719dd45048440644abe49474bbea.jpg,,3,0,moderate,moderate,0.6348,0.02373,0.30642,0.63476,0.0351
crops/3326_5.jpg,3326,3326_jpg.rf.1394719dd45048440644abe49474bbea.jpg,,3,0,moderate,advanced,0.5023,0.00956,0.1633,0.32484,0.50231
crops/3326_6.jpg,3326,3326_jpg.rf.1394719dd45048440644abe49474bbea.jpg,,0,0,no_caries,mild,0.5364,0.38747,0.53644,0.03101,0.04508
crops/3326_7.jpg,3326,3326_jpg.rf.1394719dd45048440644abe49474bbea.jpg,,6,0,advanced,advanced,0.7264,0.03845,0.06825,0.16692,0.72639
crops/3326_8.jpg,3326,3326_jpg.rf.1394719dd45048440644abe49474bbea.jpg,,5,0,advanced,moderate,0.5684,0.01412,0.14484,0.56843,0.27261
crops/3326_9.jpg,3326,3326_jpg.rf.1394719dd45048440644abe49474bbea.jpg,,0,0,no_caries,mild,0.5982,0.1256,0.5982,0.23222,0.04398
crops/3326_10.jpg,3326,3326_jpg.rf.1394719dd45048440644abe49474bbea.jpg,,0,0,no_caries,no_caries,0.6305,0.63046,0.22227,0.0907,0.05658
crops/3326_11.jpg,3326,3326_jpg.rf.1394719dd45048440644abe49474bbea.jpg,,0,0,no_caries,no_caries,0.4266,0.42664,0.33484,0.12938,0.10914
crops/3326_12.jpg,3326,3326_jpg.rf.1394719dd45048440644abe49474bbea.jpg,,0,0,no_caries,moderate,0.3647,0.33906,0.21017,0.3647,0.08607
crops/3326_13.jpg,3326,3326_jpg.rf.1394719dd45048440644abe49474bbea.jpg,,0,0,no_caries,no_caries,0.5137,0.51367,0.34268,0.10346,0.04019
crops/3326_14.jpg,3326,3326_jpg.rf.1394719dd45048440644abe49474bbea.jpg,,0,0,no_caries,mild,0.6892,0.16593,0.68924,0.10113,0.0437
crops/3326_15.jpg,3326,3326_jpg.rf.1394719dd45048440644abe49474bbea.jpg,,5,0,advanced,advanced,0.7476,0.05283,0.15074,0.04885,0.74758
crops/334_0.jpg,334,334_jpg.rf.43e6e7605d265e4f42e04933dfa0b289.jpg,,5,0,advanced,moderate,0.6355,0.03031,0.04713,0.63552,0.28705
crops/334_1.jpg,334,334_jpg.rf.43e6e7605d265e4f42e04933dfa0b289.jpg,,0,0,no_caries,no_caries,0.4481,0.44807,0.06387,0.15453,0.33353
crops/334_2.jpg,334,334_jpg.rf.43e6e7605d265e4f42e04933dfa0b289.jpg,,0,0,no_caries,no_caries,0.7662,0.76618,0.08302,0.08265,0.06815
crops/334_3.jpg,334,334_jpg.rf.43e6e7605d265e4f42e04933dfa0b289.jpg,,0,0,no_caries,no_caries,0.828,0.82802,0.06484,0.06199,0.04515
crops/334_4.jpg,334,334_jpg.rf.43e6e7605d265e4f42e04933dfa0b289.jpg,,0,0,no_caries,no_caries,0.6759,0.67587,0.14974,0.1636,0.01079
crops/334_5.jpg,334,334_jpg.rf.43e6e7605d265e4f42e04933dfa0b289.jpg,,0,0,no_caries,no_caries,0.8324,0.83241,0.03784,0.07526,0.05449
crops/334_6.jpg,334,334_jpg.rf.43e6e7605d265e4f42e04933dfa0b289.jpg,,0,0,no_caries,no_caries,0.8589,0.85887,0.05353,0.02314,0.06446
crops/334_7.jpg,334,334_jpg.rf.43e6e7605d265e4f42e04933dfa0b289.jpg,,0,0,no_caries,no_caries,0.4442,0.44424,0.06621,0.40231,0.08725
crops/334_8.jpg,334,334_jpg.rf.43e6e7605d265e4f42e04933dfa0b289.jpg,,0,0,no_caries,no_caries,0.7186,0.7186,0.02911,0.17111,0.08119
crops/334_9.jpg,334,334_jpg.rf.43e6e7605d265e4f42e04933dfa0b289.jpg,,0,0,no_caries,no_caries,0.733,0.73302,0.08707,0.15674,0.02317
crops/334_10.jpg,334,334_jpg.rf.43e6e7605d265e4f42e04933dfa0b289.jpg,,4,0,moderate,no_caries,0.372,0.37203,0.14108,0.35142,0.13547
crops/334_11.jpg,334,334_jpg.rf.43e6e7605d265e4f42e04933dfa0b289.jpg,,3,0,moderate,moderate,0.533,0.17282,0.222,0.533,0.07217
crops/3396_0.jpg,3396,3396_jpg.rf.6d65f42674b7612a35b112514ed7a889.jpg,,0,0,no_caries,no_caries,0.4744,0.47444,0.36444,0.09921,0.06191
crops/3396_1.jpg,3396,3396_jpg.rf.6d65f42674b7612a35b112514ed7a889.jpg,,0,0,no_caries,mild,0.5368,0.27145,0.53685,0.09351,0.09819
crops/3396_2.jpg,3396,3396_jpg.rf.6d65f42674b7612a35b112514ed7a889.jpg,,5,0,advanced,advanced,0.9707,0.00285,0.00858,0.01787,0.97069
crops/3396_3.jpg,3396,3396_jpg.rf.6d65f42674b7612a35b112514ed7a889.jpg,,0,0,no_caries,mild,0.4479,0.20833,0.44795,0.25419,0.08953
crops/344_0.jpg,344,344_jpg.rf.2070bedec09018511fe45381677070df.jpg,,0,0,no_caries,mild,0.5596,0.17664,0.55957,0.07727,0.18651
crops/344_1.jpg,344,344_jpg.rf.2070bedec09018511fe45381677070df.jpg,,0,0,no_caries,no_caries,0.547,0.54697,0.31802,0.05118,0.08383
crops/344_2.jpg,344,344_jpg.rf.2070bedec09018511fe45381677070df.jpg,,0,0,no_caries,no_caries,0.5808,0.58081,0.19923,0.12289,0.09707
crops/344_3.jpg,344,344_jpg.rf.2070bedec09018511fe45381677070df.jpg,,3,0,moderate,mild,0.4857,0.11862,0.48574,0.26297,0.13267
crops/344_4.jpg,344,344_jpg.rf.2070bedec09018511fe45381677070df.jpg,,0,0,no_caries,mild,0.6155,0.19557,0.61547,0.10609,0.08287
crops/373_0.jpg,373,373_jpg.rf.ecb2690e942fba231678577efd459c0c.jpg,,0,0,no_caries,no_caries,0.6876,0.6876,0.21352,0.0543,0.04459
crops/373_1.jpg,373,373_jpg.rf.ecb2690e942fba231678577efd459c0c.jpg,,0,0,no_caries,no_caries,0.7483,0.7483,0.13555,0.05141,0.06474
crops/373_2.jpg,373,373_jpg.rf.ecb2690e942fba231678577efd459c0c.jpg,,0,0,no_caries,no_caries,0.5528,0.55279,0.34824,0.05372,0.04525
crops/373_3.jpg,373,373_jpg.rf.ecb2690e942fba231678577efd459c0c.jpg,,0,0,no_caries,mild,0.8165,0.09297,0.81646,0.06635,0.02422
crops/373_4.jpg,373,373_jpg.rf.ecb2690e942fba231678577efd459c0c.jpg,,0,0,no_caries,mild,0.6326,0.24362,0.63256,0.07206,0.05176
crops/373_5.jpg,373,373_jpg.rf.ecb2690e942fba231678577efd459c0c.jpg,,0,0,no_caries,no_caries,0.4311,0.43106,0.35144,0.10551,0.11198
crops/373_6.jpg,373,373_jpg.rf.ecb2690e942fba231678577efd459c0c.jpg,,0,0,no_caries,no_caries,0.5139,0.5139,0.16602,0.20635,0.11372
crops/373_7.jpg,373,373_jpg.rf.ecb2690e942fba231678577efd459c0c.jpg,,0,0,no_caries,no_caries,0.4299,0.42988,0.26055,0.20405,0.10552
crops/373_8.jpg,373,373_jpg.rf.ecb2690e942fba231678577efd459c0c.jpg,,0,0,no_caries,no_caries,0.5087,0.50874,0.30018,0.13715,0.05393
crops/373_9.jpg,373,373_jpg.rf.ecb2690e942fba231678577efd459c0c.jpg,,0,0,no_caries,no_caries,0.5937,0.59374,0.20238,0.07741,0.12647
crops/373_10.jpg,373,373_jpg.rf.ecb2690e942fba231678577efd459c0c.jpg,,0,0,no_caries,no_caries,0.6373,0.63734,0.11975,0.18384,0.05907
crops/373_11.jpg,373,373_jpg.rf.ecb2690e942fba231678577efd459c0c.jpg,,0,0,no_caries,no_caries,0.5975,0.59752,0.22762,0.09783,0.07703
crops/396_0.jpg,396,396_jpg.rf.67544317dd92222bcd40217e451caba6.jpg,,0,0,no_caries,mild,0.4436,0.35202,0.44357,0.1352,0.06921
crops/396_1.jpg,396,396_jpg.rf.67544317dd92222bcd40217e451caba6.jpg,,5,0,advanced,advanced,0.7936,0.00872,0.02391,0.17375,0.79362
crops/396_2.jpg,396,396_jpg.rf.67544317dd92222bcd40217e451caba6.jpg,,0,0,no_caries,advanced,0.5775,0.05022,0.2475,0.12475,0.57753
crops/396_3.jpg,396,396_jpg.rf.67544317dd92222bcd40217e451caba6.jpg,,0,0,no_caries,no_caries,0.6886,0.68861,0.17671,0.0842,0.05047
crops/396_4.jpg,396,396_jpg.rf.67544317dd92222bcd40217e451caba6.jpg,,0,0,no_caries,no_caries,0.6436,0.64361,0.28021,0.04364,0.03255
crops/417_0.jpg,417,417_jpg.rf.7346c8993d4640b26867ea539545f366.jpg,,0,0,no_caries,mild,0.3897,0.20872,0.38974,0.09473,0.30682
crops/417_1.jpg,417,417_jpg.rf.7346c8993d4640b26867ea539545f366.jpg,,0,0,no_caries,mild,0.4259,0.17034,0.42587,0.1248,0.27899
crops/417_2.jpg,417,417_jpg.rf.7346c8993d4640b26867ea539545f366.jpg,,0,0,no_caries,mild,0.7649,0.15233,0.76486,0.03097,0.05183
crops/417_3.jpg,417,417_jpg.rf.7346c8993d4640b26867ea539545f366.jpg,,0,0,no_caries,no_caries,0.5082,0.50819,0.31087,0.06892,0.11203
crops/417_4.jpg,417,417_jpg.rf.7346c8993d4640b26867ea539545f366.jpg,,0,0,no_caries,no_caries,0.556,0.55601,0.29214,0.09463,0.05722
crops/417_5.jpg,417,417_jpg.rf.7346c8993d4640b26867ea539545f366.jpg,,0,0,no_caries,mild,0.4935,0.21381,0.49355,0.23668,0.05596
crops/417_6.jpg,417,417_jpg.rf.7346c8993d4640b26867ea539545f366.jpg,,5,0,advanced,advanced,0.9746,0.00282,0.0115,0.01112,0.97456
crops/417_7.jpg,417,417_jpg.rf.7346c8993d4640b26867ea539545f366.jpg,,0,0,no_caries,mild,0.7027,0.12795,0.70272,0.11867,0.05066
crops/417_8.jpg,417,417_jpg.rf.7346c8993d4640b26867ea539545f366.jpg,,6,0,advanced,advanced,0.9904,0.0008,0.00304,0.00578,0.99038
crops/417_9.jpg,417,417_jpg.rf.7346c8993d4640b26867ea539545f366.jpg,,5,0,advanced,advanced,0.9728,0.00121,0.01818,0.00783,0.97278
crops/417_10.jpg,417,417_jpg.rf.7346c8993d4640b26867ea539545f366.jpg,,3,0,moderate,moderate,0.9609,0.00192,0.02938,0.96091,0.00779
crops/417_11.jpg,417,417_jpg.rf.7346c8993d4640b26867ea539545f366.jpg,,5,0,advanced,advanced,0.9755,0.00102,0.0101,0.01338,0.9755
crops/417_12.jpg,417,417_jpg.rf.7346c8993d4640b26867ea539545f366.jpg,,3,0,moderate,moderate,0.4425,0.06856,0.36342,0.44252,0.12551
crops/417_13.jpg,417,417_jpg.rf.7346c8993d4640b26867ea539545f366.jpg,,0,0,no_caries,mild,0.509,0.39935,0.50898,0.05323,0.03844
crops/417_14.jpg,417,417_jpg.rf.7346c8993d4640b26867ea539545f366.jpg,,0,0,no_caries,advanced,0.3581,0.19888,0.30685,0.13616,0.35811
crops/41_jpeg_0.jpg,41_jpeg,41_jpeg_jpg.rf.1f93dd3a580ded6636734415cbe23a09.jpg,,2,0,mild,no_caries,0.4619,0.46193,0.17789,0.22307,0.13711
crops/41_jpeg_1.jpg,41_jpeg,41_jpeg_jpg.rf.1f93dd3a580ded6636734415cbe23a09.jpg,,0,0,no_caries,mild,0.4829,0.43275,0.4829,0.05292,0.03143
crops/41_jpeg_2.jpg,41_jpeg,41_jpeg_jpg.rf.1f93dd3a580ded6636734415cbe23a09.jpg,,0,0,no_caries,mild,0.7617,0.19483,0.7617,0.02802,0.01545
crops/41_jpeg_3.jpg,41_jpeg,41_jpeg_jpg.rf.1f93dd3a580ded6636734415cbe23a09.jpg,,2,0,mild,mild,0.8345,0.1425,0.83448,0.00733,0.01569
crops/41_jpeg_4.jpg,41_jpeg,41_jpeg_jpg.rf.1f93dd3a580ded6636734415cbe23a09.jpg,,2,0,mild,mild,0.869,0.0479,0.86898,0.03414,0.04897
crops/41_jpeg_5.jpg,41_jpeg,41_jpeg_jpg.rf.1f93dd3a580ded6636734415cbe23a09.jpg,,2,0,mild,moderate,0.4157,0.06341,0.33552,0.41572,0.18534
crops/41_jpeg_6.jpg,41_jpeg,41_jpeg_jpg.rf.1f93dd3a580ded6636734415cbe23a09.jpg,,2,0,mild,mild,0.7481,0.17638,0.74809,0.05246,0.02306
crops/41_jpeg_7.jpg,41_jpeg,41_jpeg_jpg.rf.1f93dd3a580ded6636734415cbe23a09.jpg,,0,0,no_caries,no_caries,0.4285,0.42852,0.07097,0.37526,0.12525
crops/41_jpeg_8.jpg,41_jpeg,41_jpeg_jpg.rf.1f93dd3a580ded6636734415cbe23a09.jpg,,0,0,no_caries,no_caries,0.6977,0.69765,0.14249,0.08858,0.07128
crops/41_jpeg_9.jpg,41_jpeg,41_jpeg_jpg.rf.1f93dd3a580ded6636734415cbe23a09.jpg,,0,0,no_caries,no_caries,0.7925,0.79249,0.11123,0.0656,0.03068
crops/41_jpeg_10.jpg,41_jpeg,41_jpeg_jpg.rf.1f93dd3a580ded6636734415cbe23a09.jpg,,0,0,no_caries,no_caries,0.7825,0.78253,0.12171,0.06032,0.03544
crops/41_jpeg_11.jpg,41_jpeg,41_jpeg_jpg.rf.1f93dd3a580ded6636734415cbe23a09.jpg,,0,0,no_caries,mild,0.5137,0.40746,0.51366,0.05109,0.02779
crops/41_jpeg_12.jpg,41_jpeg,41_jpeg_jpg.rf.1f93dd3a580ded6636734415cbe23a09.jpg,,0,0,no_caries,mild,0.6541,0.18093,0.65411,0.12337,0.04159
crops/41_jpeg_13.jpg,41_jpeg,41_jpeg_jpg.rf.1f93dd3a580ded6636734415cbe23a09.jpg,,2,0,mild,mild,0.7183,0.05143,0.71833,0.18902,0.04123
crops/41_jpeg_14.jpg,41_jpeg,41_jpeg_jpg.rf.1f93dd3a580ded6636734415cbe23a09.jpg,,2,0,mild,mild,0.4865,0.26398,0.48646,0.17337,0.07618
crops/451_0.jpg,451,451_jpg.rf.444c8e819be140160baa8471fc51f7c7.jpg,,5,0,advanced,advanced,0.5379,0.0041,0.03251,0.42547,0.53792
crops/451_1.jpg,451,451_jpg.rf.444c8e819be140160baa8471fc51f7c7.jpg,,0,0,no_caries,moderate,0.6174,0.01624,0.1672,0.61744,0.19912
crops/451_2.jpg,451,451_jpg.rf.444c8e819be140160baa8471fc51f7c7.jpg,,0,0,no_caries,mild,0.4215,0.28796,0.42148,0.21765,0.07291
crops/451_3.jpg,451,451_jpg.rf.444c8e819be140160baa8471fc51f7c7.jpg,,0,0,no_caries,moderate,0.2835,0.21691,0.26833,0.28353,0.23123
crops/45_jpeg_0.jpg,45_jpeg,45_jpeg_jpg.rf.bdacc78320cba8a90ba72e9b63655ace.jpg,,2,0,mild,mild,0.5827,0.28151,0.58273,0.0817,0.05406
crops/45_jpeg_1.jpg,45_jpeg,45_jpeg_jpg.rf.bdacc78320cba8a90ba72e9b63655ace.jpg,,0,0,no_caries,mild,0.7938,0.15058,0.7938,0.03128,0.02435
crops/45_jpeg_2.jpg,45_jpeg,45_jpeg_jpg.rf.bdacc78320cba8a90ba72e9b63655ace.jpg,,1,0,mild,mild,0.7487,0.07462,0.74872,0.09599,0.08066
crops/45_jpeg_3.jpg,45_jpeg,45_jpeg_jpg.rf.bdacc78320cba8a90ba72e9b63655ace.jpg,,5,0,advanced,moderate,0.5256,0.08102,0.10095,0.52558,0.29245
crops/45_jpeg_4.jpg,45_jpeg,45_jpeg_jpg.rf.bdacc78320cba8a90ba72e9b63655ace.jpg,,0,0,no_caries,mild,0.5242,0.31499,0.52425,0.12687,0.0339
crops/45_jpeg_5.jpg,45_jpeg,45_jpeg_jpg.rf.bdacc78320cba8a90ba72e9b63655ace.jpg,,0,0,no_caries,mild,0.5133,0.39766,0.51332,0.06684,0.02218
crops/45_jpeg_6.jpg,45_jpeg,45_jpeg_jpg.rf.bdacc78320cba8a90ba72e9b63655ace.jpg,,0,0,no_caries,mild,0.5263,0.40509,0.52634,0.03892,0.02965
crops/45_jpeg_7.jpg,45_jpeg,45_jpeg_jpg.rf.bdacc78320cba8a90ba72e9b63655ace.jpg,,0,0,no_caries,mild,0.4715,0.32563,0.47154,0.15064,0.05218
crops/45_jpeg_8.jpg,45_jpeg,45_jpeg_jpg.rf.bdacc78320cba8a90ba72e9b63655ace.jpg,,0,0,no_caries,mild,0.5785,0.09597,0.57849,0.13867,0.18687
crops/45_jpeg_9.jpg,45_jpeg,45_jpeg_jpg.rf.bdacc78320cba8a90ba72e9b63655ace.jpg,,0,0,no_caries,mild,0.7794,0.17938,0.77938,0.034,0.00723
crops/45_jpeg_10.jpg,45_jpeg,45_jpeg_jpg.rf.bdacc78320cba8a90ba72e9b63655ace.jpg,,0,0,no_caries,mild,0.5322,0.43704,0.53225,0.0162,0.01451
crops/45_jpeg_11.jpg,45_jpeg,45_jpeg_jpg.rf.bdacc78320cba8a90ba72e9b63655ace.jpg,,0,0,no_caries,mild,0.6213,0.18783,0.62128,0.16975,0.02114
crops/45_jpeg_12.jpg,45_jpeg,45_jpeg_jpg.rf.bdacc78320cba8a90ba72e9b63655ace.jpg,,1,0,mild,moderate,0.7065,0.04063,0.22969,0.70647,0.02322
crops/45_jpeg_13.jpg,45_jpeg,45_jpeg_jpg.rf.bdacc78320cba8a90ba72e9b63655ace.jpg,,2,0,mild,mild,0.7896,0.0488,0.78955,0.11112,0.05052
crops/45_jpeg_14.jpg,45_jpeg,45_jpeg_jpg.rf.bdacc78320cba8a90ba72e9b63655ace.jpg,,3,0,moderate,mild,0.6982,0.10653,0.69815,0.13779,0.05753
crops/45_jpeg_15.jpg,45_jpeg,45_jpeg_jpg.rf.bdacc78320cba8a90ba72e9b63655ace.jpg,,4,0,moderate,mild,0.5661,0.0682,0.56608,0.27988,0.08583
crops/480_0.jpg,480,480_jpg.rf.823251054be2d66e91160c1d6a94bde9.jpg,,0,0,no_caries,no_caries,0.7423,0.74234,0.039,0.15454,0.06412
crops/480_1.jpg,480,480_jpg.rf.823251054be2d66e91160c1d6a94bde9.jpg,,0,0,no_caries,moderate,0.4979,0.15893,0.01753,0.49787,0.32566
crops/480_2.jpg,480,480_jpg.rf.823251054be2d66e91160c1d6a94bde9.jpg,,0,0,no_caries,no_caries,0.4824,0.4824,0.10813,0.15048,0.25899
crops/480_3.jpg,480,480_jpg.rf.823251054be2d66e91160c1d6a94bde9.jpg,,0,0,no_caries,no_caries,0.561,0.561,0.16222,0.15623,0.12056
crops/480_4.jpg,480,480_jpg.rf.823251054be2d66e91160c1d6a94bde9.jpg,,0,0,no_caries,mild,0.601,0.30996,0.60101,0.04679,0.04224
crops/480_5.jpg,480,480_jpg.rf.823251054be2d66e91160c1d6a94bde9.jpg,,0,0,no_caries,mild,0.7893,0.16739,0.78934,0.01609,0.02718
crops/480_6.jpg,480,480_jpg.rf.823251054be2d66e91160c1d6a94bde9.jpg,,0,0,no_caries,mild,0.7773,0.17813,0.77732,0.0259,0.01865
crops/480_7.jpg,480,480_jpg.rf.823251054be2d66e91160c1d6a94bde9.jpg,,0,0,no_caries,mild,0.7103,0.20602,0.71032,0.04226,0.0414
crops/480_8.jpg,480,480_jpg.rf.823251054be2d66e91160c1d6a94bde9.jpg,,0,0,no_caries,no_caries,0.5172,0.51724,0.40019,0.04653,0.03604
crops/480_9.jpg,480,480_jpg.rf.823251054be2d66e91160c1d6a94bde9.jpg,,0,0,no_caries,no_caries,0.5188,0.51885,0.15591,0.0666,0.25865
crops/480_10.jpg,480,480_jpg.rf.823251054be2d66e91160c1d6a94bde9.jpg,,0,0,no_caries,no_caries,0.6389,0.63894,0.20099,0.04503,0.11505
crops/480_11.jpg,480,480_jpg.rf.823251054be2d66e91160c1d6a94bde9.jpg,,0,0,no_caries,mild,0.5747,0.32619,0.57472,0.0451,0.054
crops/480_12.jpg,480,480_jpg.rf.823251054be2d66e91160c1d6a94bde9.jpg,,0,0,no_caries,no_caries,0.5659,0.56593,0.32326,0.05509,0.05573
crops/480_13.jpg,480,480_jpg.rf.823251054be2d66e91160c1d6a94bde9.jpg,,0,0,no_caries,no_caries,0.6141,0.61414,0.28013,0.06176,0.04397
crops/480_14.jpg,480,480_jpg.rf.823251054be2d66e91160c1d6a94bde9.jpg,,0,0,no_caries,no_caries,0.6993,0.69927,0.22929,0.03509,0.03635
crops/480_15.jpg,480,480_jpg.rf.823251054be2d66e91160c1d6a94bde9.jpg,,0,0,no_caries,no_caries,0.4938,0.49384,0.43165,0.03279,0.04171
crops/480_16.jpg,480,480_jpg.rf.823251054be2d66e91160c1d6a94bde9.jpg,,0,0,no_caries,no_caries,0.6034,0.60344,0.30386,0.04735,0.04535
crops/480_17.jpg,480,480_jpg.rf.823251054be2d66e91160c1d6a94bde9.jpg,,0,0,no_caries,no_caries,0.5563,0.55628,0.36542,0.03995,0.03835
crops/480_18.jpg,480,480_jpg.rf.823251054be2d66e91160c1d6a94bde9.jpg,,0,0,no_caries,mild,0.547,0.40571,0.54703,0.02522,0.02203
crops/480_19.jpg,480,480_jpg.rf.823251054be2d66e91160c1d6a94bde9.jpg,,0,0,no_caries,no_caries,0.6577,0.65768,0.20559,0.05799,0.07874
crops/480_20.jpg,480,480_jpg.rf.823251054be2d66e91160c1d6a94bde9.jpg,,5,0,advanced,no_caries,0.582,0.58197,0.26169,0.06789,0.08845
crops/50_jpeg_0.jpg,50_jpeg,50_jpeg_jpg.rf.94875a204aaf5299238e26edaa029721.jpg,,0,0,no_caries,no_caries,0.7409,0.7409,0.14957,0.06617,0.04335
crops/50_jpeg_1.jpg,50_jpeg,50_jpeg_jpg.rf.94875a204aaf5299238e26edaa029721.jpg,,0,0,no_caries,no_caries,0.4803,0.48029,0.36284,0.13188,0.02499
crops/50_jpeg_2.jpg,50_jpeg,50_jpeg_jpg.rf.94875a204aaf5299238e26edaa029721.jpg,,0,0,no_caries,mild,0.5602,0.30788,0.56023,0.08993,0.04195
crops/50_jpeg_3.jpg,50_jpeg,50_jpeg_jpg.rf.94875a204aaf5299238e26edaa029721.jpg,,5,0,advanced,moderate,0.4943,0.01106,0.07337,0.49426,0.42131
crops/50_jpeg_4.jpg,50_jpeg,50_jpeg_jpg.rf.94875a204aaf5299238e26edaa029721.jpg,,4,0,moderate,advanced,0.7687,0.02764,0.08838,0.11527,0.76871
crops/50_jpeg_5.jpg,50_jpeg,50_jpeg_jpg.rf.94875a204aaf5299238e26edaa029721.jpg,,4,0,moderate,moderate,0.382,0.15631,0.18952,0.382,0.27217
crops/50_jpeg_6.jpg,50_jpeg,50_jpeg_jpg.rf.94875a204aaf5299238e26edaa029721.jpg,,1,0,mild,moderate,0.7106,0.09661,0.1734,0.71056,0.01944
crops/50_jpeg_7.jpg,50_jpeg,50_jpeg_jpg.rf.94875a204aaf5299238e26edaa029721.jpg,,1,0,mild,no_caries,0.7137,0.71374,0.15636,0.07893,0.05097
crops/50_jpeg_8.jpg,50_jpeg,50_jpeg_jpg.rf.94875a204aaf5299238e26edaa029721.jpg,,1,0,mild,no_caries,0.593,0.59299,0.16705,0.16124,0.07872
crops/50_jpeg_9.jpg,50_jpeg,50_jpeg_jpg.rf.94875a204aaf5299238e26edaa029721.jpg,,0,0,no_caries,no_caries,0.6294,0.62936,0.1743,0.0999,0.09644
crops/50_jpeg_10.jpg,50_jpeg,50_jpeg_jpg.rf.94875a204aaf5299238e26edaa029721.jpg,,1,0,mild,no_caries,0.7586,0.75857,0.07506,0.10395,0.06242
crops/50_jpeg_11.jpg,50_jpeg,50_jpeg_jpg.rf.94875a204aaf5299238e26edaa029721.jpg,,0,0,no_caries,no_caries,0.779,0.77902,0.06615,0.063,0.09183
crops/50_jpeg_12.jpg,50_jpeg,50_jpeg_jpg.rf.94875a204aaf5299238e26edaa029721.jpg,,2,0,mild,no_caries,0.4238,0.42375,0.30851,0.1034,0.16434
crops/50_jpeg_13.jpg,50_jpeg,50_jpeg_jpg.rf.94875a204aaf5299238e26edaa029721.jpg,,0,0,no_caries,no_caries,0.5948,0.59478,0.1633,0.18148,0.06044
crops/50_jpeg_14.jpg,50_jpeg,50_jpeg_jpg.rf.94875a204aaf5299238e26edaa029721.jpg,,0,0,no_caries,no_caries,0.7401,0.74013,0.05219,0.13168,0.076
crops/50_jpeg_15.jpg,50_jpeg,50_jpeg_jpg.rf.94875a204aaf5299238e26edaa029721.jpg,,0,0,no_caries,no_caries,0.8323,0.83227,0.05556,0.05645,0.05572
crops/50_jpeg_16.jpg,50_jpeg,50_jpeg_jpg.rf.94875a204aaf5299238e26edaa029721.jpg,,0,0,no_caries,no_caries,0.7603,0.76033,0.08848,0.06587,0.08532
crops/55_jpeg_0.jpg,55_jpeg,55_jpeg_jpg.rf.df7add5b1f8b44d886b5dbc636439d00.jpg,,3,0,moderate,moderate,0.7405,0.07041,0.17774,0.74046,0.01139
crops/55_jpeg_1.jpg,55_jpeg,55_jpeg_jpg.rf.df7add5b1f8b44d886b5dbc636439d00.jpg,,0,0,no_caries,mild,0.4978,0.42134,0.49781,0.03953,0.04132
crops/55_jpeg_2.jpg,55_jpeg,55_jpeg_jpg.rf.df7add5b1f8b44d886b5dbc636439d00.jpg,,0,0,no_caries,no_caries,0.6729,0.67292,0.26758,0.03174,0.02776
crops/55_jpeg_3.jpg,55_jpeg,55_jpeg_jpg.rf.df7add5b1f8b44d886b5dbc636439d00.jpg,,0,0,no_caries,no_caries,0.4768,0.47681,0.37545,0.06412,0.08361
crops/55_jpeg_4.jpg,55_jpeg,55_jpeg_jpg.rf.df7add5b1f8b44d886b5dbc636439d00.jpg,,0,0,no_caries,no_caries,0.647,0.64701,0.22974,0.06546,0.05778
crops/55_jpeg_5.jpg,55_jpeg,55_jpeg_jpg.rf.df7add5b1f8b44d886b5dbc636439d00.jpg,,0,0,no_caries,no_caries,0.5668,0.56677,0.25773,0.1018,0.07369
crops/55_jpeg_6.jpg,55_jpeg,55_jpeg_jpg.rf.df7add5b1f8b44d886b5dbc636439d00.jpg,,0,0,no_caries,no_caries,0.5979,0.59786,0.28835,0.08257,0.03122
crops/55_jpeg_7.jpg,55_jpeg,55_jpeg_jpg.rf.df7add5b1f8b44d886b5dbc636439d00.jpg,,0,0,no_caries,mild,0.4977,0.43601,0.49771,0.04109,0.02518
crops/55_jpeg_8.jpg,55_jpeg,55_jpeg_jpg.rf.df7add5b1f8b44d886b5dbc636439d00.jpg,,0,0,no_caries,mild,0.6577,0.27493,0.65767,0.03946,0.02794
crops/55_jpeg_9.jpg,55_jpeg,55_jpeg_jpg.rf.df7add5b1f8b44d886b5dbc636439d00.jpg,,3,0,moderate,moderate,0.8277,0.0572,0.10106,0.82766,0.01409
crops/56_jpeg_0.jpg,56_jpeg,56_jpeg_jpg.rf.78127d18ef6454b0e05182694c86304c.jpg,,0,0,no_caries,no_caries,0.5214,0.52135,0.35338,0.07103,0.05424
crops/56_jpeg_1.jpg,56_jpeg,56_jpeg_jpg.rf.78127d18ef6454b0e05182694c86304c.jpg,,0,0,no_caries,no_caries,0.5882,0.58824,0.23343,0.09863,0.07969
crops/56_jpeg_2.jpg,56_jpeg,56_jpeg_jpg.rf.78127d18ef6454b0e05182694c86304c.jpg,,0,0,no_caries,no_caries,0.686,0.68602,0.15189,0.10991,0.05218
crops/56_jpeg_3.jpg,56_jpeg,56_jpeg_jpg.rf.78127d18ef6454b0e05182694c86304c.jpg,,0,0,no_caries,moderate,0.3756,0.31611,0.25036,0.37559,0.05794
crops/56_jpeg_4.jpg,56_jpeg,56_jpeg_jpg.rf.78127d18ef6454b0e05182694c86304c.jpg,,0,0,no_caries,no_caries,0.7195,0.7195,0.10093,0.12038,0.0592
crops/56_jpeg_5.jpg,56_jpeg,56_jpeg_jpg.rf.78127d18ef6454b0e05182694c86304c.jpg,,0,0,no_caries,no_caries,0.7274,0.72743,0.11468,0.09944,0.05845
crops/56_jpeg_6.jpg,56_jpeg,56_jpeg_jpg.rf.78127d18ef6454b0e05182694c86304c.jpg,,3,0,moderate,advanced,0.6758,0.01178,0.0562,0.25618,0.67584
crops/56_jpeg_7.jpg,56_jpeg,56_jpeg_jpg.rf.78127d18ef6454b0e05182694c86304c.jpg,,3,0,moderate,moderate,0.903,0.01141,0.04619,0.90303,0.03937
crops/56_jpeg_8.jpg,56_jpeg,56_jpeg_jpg.rf.78127d18ef6454b0e05182694c86304c.jpg,,3,0,moderate,moderate,0.585,0.09968,0.09527,0.58501,0.22003
crops/56_jpeg_9.jpg,56_jpeg,56_jpeg_jpg.rf.78127d18ef6454b0e05182694c86304c.jpg,,3,0,moderate,no_caries,0.6867,0.68667,0.16713,0.08944,0.05675
crops/56_jpeg_10.jpg,56_jpeg,56_jpeg_jpg.rf.78127d18ef6454b0e05182694c86304c.jpg,,0,0,no_caries,no_caries,0.5249,0.52487,0.30993,0.12611,0.03908
crops/56_jpeg_11.jpg,56_jpeg,56_jpeg_jpg.rf.78127d18ef6454b0e05182694c86304c.jpg,,0,0,no_caries,no_caries,0.7525,0.75254,0.14981,0.05423,0.04342
crops/56_jpeg_12.jpg,56_jpeg,56_jpeg_jpg.rf.78127d18ef6454b0e05182694c86304c.jpg,,3,0,moderate,moderate,0.9273,0.00684,0.02741,0.92734,0.03841
crops/56_jpeg_13.jpg,56_jpeg,56_jpeg_jpg.rf.78127d18ef6454b0e05182694c86304c.jpg,,4,0,moderate,mild,0.6516,0.0554,0.65159,0.11569,0.17732
crops/56_0.jpg,56,56_jpg.rf.f8ad5d0ada60de22ff389d8743f6e233.jpg,,0,0,no_caries,mild,0.3934,0.27914,0.39338,0.27112,0.05636
crops/56_1.jpg,56,56_jpg.rf.f8ad5d0ada60de22ff389d8743f6e233.jpg,,0,0,no_caries,mild,0.5249,0.09919,0.52493,0.11859,0.25729
crops/56_2.jpg,56,56_jpg.rf.f8ad5d0ada60de22ff389d8743f6e233.jpg,,5,0,advanced,advanced,0.9862,0.00061,0.00543,0.00775,0.98621
crops/56_3.jpg,56,56_jpg.rf.f8ad5d0ada60de22ff389d8743f6e233.jpg,,5,0,advanced,advanced,0.9365,0.00241,0.01122,0.04986,0.9365
crops/56_4.jpg,56,56_jpg.rf.f8ad5d0ada60de22ff389d8743f6e233.jpg,,0,0,no_caries,mild,0.66,0.25836,0.65998,0.04824,0.03342
crops/56_5.jpg,56,56_jpg.rf.f8ad5d0ada60de22ff389d8743f6e233.jpg,,0,0,no_caries,mild,0.6552,0.23923,0.65516,0.05075,0.05486
crops/5_jpeg_0.jpg,5_jpeg,5_jpeg_jpg.rf.34a447c27d87576a0f11a538575c2ae7.jpg,,3,0,moderate,moderate,0.6912,0.04755,0.18292,0.69117,0.07835
crops/5_jpeg_1.jpg,5_jpeg,5_jpeg_jpg.rf.34a447c27d87576a0f11a538575c2ae7.jpg,,0,0,no_caries,mild,0.4603,0.32863,0.46035,0.10321,0.10782
crops/5_jpeg_2.jpg,5_jpeg,5_jpeg_jpg.rf.34a447c27d87576a0f11a538575c2ae7.jpg,,0,0,no_caries,no_caries,0.5661,0.56608,0.28946,0.08438,0.06008
crops/5_jpeg_3.jpg,5_jpeg,5_jpeg_jpg.rf.34a447c27d87576a0f11a538575c2ae7.jpg,,0,0,no_caries,no_caries,0.4677,0.46766,0.38023,0.11608,0.03603
crops/5_jpeg_4.jpg,5_jpeg,5_jpeg_jpg.rf.34a447c27d87576a0f11a538575c2ae7.jpg,,0,0,no_caries,no_caries,0.5091,0.50912,0.24333,0.18614,0.06141
crops/5_jpeg_5.jpg,5_jpeg,5_jpeg_jpg.rf.34a447c27d87576a0f11a538575c2ae7.jpg,,0,0,no_caries,no_caries,0.4519,0.45192,0.44776,0.07293,0.0274
crops/5_jpeg_6.jpg,5_jpeg,5_jpeg_jpg.rf.34a447c27d87576a0f11a538575c2ae7.jpg,,0,0,no_caries,no_caries,0.5493,0.54933,0.34898,0.0646,0.03709
crops/5_jpeg_7.jpg,5_jpeg,5_jpeg_jpg.rf.34a447c27d87576a0f11a538575c2ae7.jpg,,0,0,no_caries,no_caries,0.5261,0.52605,0.30086,0.13144,0.04165
crops/5_jpeg_8.jpg,5_jpeg,5_jpeg_jpg.rf.34a447c27d87576a0f11a538575c2ae7.jpg,,0,0,no_caries,mild,0.6924,0.25685,0.69242,0.03233,0.0184
crops/5_jpeg_9.jpg,5_jpeg,5_jpeg_jpg.rf.34a447c27d87576a0f11a538575c2ae7.jpg,,0,0,no_caries,mild,0.5989,0.30807,0.59893,0.05364,0.03936
crops/5_jpeg_10.jpg,5_jpeg,5_jpeg_jpg.rf.34a447c27d87576a0f11a538575c2ae7.jpg,,3,0,moderate,moderate,0.9403,0.00041,0.00281,0.94028,0.05649
crops/5_jpeg_11.jpg,5_jpeg,5_jpeg_jpg.rf.34a447c27d87576a0f11a538575c2ae7.jpg,,3,0,moderate,moderate,0.8537,0.01179,0.1272,0.85369,0.00731
crops/648_0.jpg,648,648_jpg.rf.36a275594a62d1a908b81338937f95ce.jpg,,0,0,no_caries,no_caries,0.4911,0.49112,0.15239,0.11564,0.24086
crops/648_1.jpg,648,648_jpg.rf.36a275594a62d1a908b81338937f95ce.jpg,,0,0,no_caries,no_caries,0.6807,0.68072,0.1234,0.0892,0.10668
crops/648_2.jpg,648,648_jpg.rf.36a275594a62d1a908b81338937f95ce.jpg,,2,0,mild,no_caries,0.5686,0.56857,0.13967,0.20942,0.08234
crops/648_3.jpg,648,648_jpg.rf.36a275594a62d1a908b81338937f95ce.jpg,,6,0,advanced,advanced,0.9731,0.00113,0.00866,0.01713,0.97308
crops/648_4.jpg,648,648_jpg.rf.36a275594a62d1a908b81338937f95ce.jpg,,2,0,mild,no_caries,0.6508,0.6508,0.13508,0.12891,0.0852
crops/648_5.jpg,648,648_jpg.rf.36a275594a62d1a908b81338937f95ce.jpg,,0,0,no_caries,no_caries,0.6993,0.69933,0.11205,0.12659,0.06202
crops/648_6.jpg,648,648_jpg.rf.36a275594a62d1a908b81338937f95ce.jpg,,0,0,no_caries,mild,0.5657,0.22224,0.56571,0.04708,0.16498
crops/648_7.jpg,648,648_jpg.rf.36a275594a62d1a908b81338937f95ce.jpg,,0,0,no_caries,no_caries,0.2973,0.29731,0.23591,0.29182,0.17495
crops/648_8.jpg,648,648_jpg.rf.36a275594a62d1a908b81338937f95ce.jpg,,0,0,no_caries,no_caries,0.5316,0.53163,0.1477,0.23492,0.08575
crops/648_9.jpg,648,648_jpg.rf.36a275594a62d1a908b81338937f95ce.jpg,,0,0,no_caries,no_caries,0.6925,0.69252,0.11845,0.10015,0.08889
crops/648_10.jpg,648,648_jpg.rf.36a275594a62d1a908b81338937f95ce.jpg,,0,0,no_caries,no_caries,0.5473,0.54728,0.06356,0.24886,0.14031
crops/648_11.jpg,648,648_jpg.rf.36a275594a62d1a908b81338937f95ce.jpg,,4,0,moderate,no_caries,0.6768,0.67678,0.2242,0.06803,0.03099
crops/648_12.jpg,648,648_jpg.rf.36a275594a62d1a908b81338937f95ce.jpg,,0,0,no_caries,no_caries,0.6009,0.60094,0.13011,0.20184,0.0671
crops/648_13.jpg,648,648_jpg.rf.36a275594a62d1a908b81338937f95ce.jpg,,0,0,no_caries,no_caries,0.6872,0.68724,0.12857,0.12853,0.05566
crops/648_14.jpg,648,648_jpg.rf.36a275594a62d1a908b81338937f95ce.jpg,,0,0,no_caries,mild,0.7578,0.06981,0.75782,0.0494,0.12297
crops/64_jpeg_0.jpg,64_jpeg,64_jpeg_jpg.rf.34364578814529446f5457bd72849ebc.jpg,,0,0,no_caries,mild,0.8946,0.03431,0.89463,0.05762,0.01343
crops/64_jpeg_1.jpg,64_jpeg,64_jpeg_jpg.rf.34364578814529446f5457bd72849ebc.jpg,,0,0,no_caries,mild,0.5301,0.33567,0.53014,0.08664,0.04754
crops/64_jpeg_2.jpg,64_jpeg,64_jpeg_jpg.rf.34364578814529446f5457bd72849ebc.jpg,,0,0,no_caries,no_caries,0.4526,0.45256,0.35542,0.07958,0.11244
crops/64_jpeg_3.jpg,64_jpeg,64_jpeg_jpg.rf.34364578814529446f5457bd72849ebc.jpg,,0,0,no_caries,no_caries,0.5437,0.5437,0.23648,0.12722,0.09261
crops/64_jpeg_4.jpg,64_jpeg,64_jpeg_jpg.rf.34364578814529446f5457bd72849ebc.jpg,,0,0,no_caries,no_caries,0.4677,0.46772,0.40949,0.07318,0.0496
crops/64_jpeg_5.jpg,64_jpeg,64_jpeg_jpg.rf.34364578814529446f5457bd72849ebc.jpg,,0,0,no_caries,no_caries,0.4477,0.4477,0.41812,0.07032,0.06386
crops/64_jpeg_6.jpg,64_jpeg,64_jpeg_jpg.rf.34364578814529446f5457bd72849ebc.jpg,,2,0,mild,mild,0.6193,0.28329,0.61934,0.03524,0.06213
crops/64_jpeg_7.jpg,64_jpeg,64_jpeg_jpg.rf.34364578814529446f5457bd72849ebc.jpg,,2,0,mild,mild,0.4871,0.38956,0.48708,0.05426,0.0691
crops/64_jpeg_8.jpg,64_jpeg,64_jpeg_jpg.rf.34364578814529446f5457bd72849ebc.jpg,,2,0,mild,mild,0.6017,0.33827,0.60168,0.03491,0.02514
crops/64_jpeg_9.jpg,64_jpeg,64_jpeg_jpg.rf.34364578814529446f5457bd72849ebc.jpg,,0,0,no_caries,mild,0.4376,0.43642,0.43764,0.07437,0.05157
crops/64_jpeg_10.jpg,64_jpeg,64_jpeg_jpg.rf.34364578814529446f5457bd72849ebc.jpg,,0,0,no_caries,no_caries,0.5444,0.54444,0.28012,0.06839,0.10704
crops/64_jpeg_11.jpg,64_jpeg,64_jpeg_jpg.rf.34364578814529446f5457bd72849ebc.jpg,,0,0,no_caries,mild,0.4031,0.35471,0.40315,0.09888,0.14327
crops/64_jpeg_12.jpg,64_jpeg,64_jpeg_jpg.rf.34364578814529446f5457bd72849ebc.jpg,,0,0,no_caries,mild,0.5858,0.30931,0.58584,0.06354,0.04131
crops/64_jpeg_13.jpg,64_jpeg,64_jpeg_jpg.rf.34364578814529446f5457bd72849ebc.jpg,,0,0,no_caries,mild,0.9115,0.03437,0.91147,0.0432,0.01096
crops/664_0.jpg,664,664_jpg.rf.0fd9cdeea2b370e303b8b6b51a7e62de.jpg,,5,0,advanced,advanced,0.8329,0.00257,0.05082,0.11376,0.83286
crops/664_1.jpg,664,664_jpg.rf.0fd9cdeea2b370e303b8b6b51a7e62de.jpg,,3,0,moderate,mild,0.7196,0.00566,0.71961,0.25962,0.01511
crops/664_2.jpg,664,664_jpg.rf.0fd9cdeea2b370e303b8b6b51a7e62de.jpg,,0,0,no_caries,moderate,0.4699,0.13763,0.36503,0.46988,0.02745
crops/664_3.jpg,664,664_jpg.rf.0fd9cdeea2b370e303b8b6b51a7e62de.jpg,,0,0,no_caries,moderate,0.3837,0.28448,0.25415,0.38367,0.0777
crops/677_0.jpg,677,677_jpg.rf.eb6f952e365ad08ec1b8d6710ab9a049.jpg,,0,0,no_caries,mild,0.4778,0.27781,0.47775,0.04848,0.19595
crops/677_1.jpg,677,677_jpg.rf.eb6f952e365ad08ec1b8d6710ab9a049.jpg,,0,0,no_caries,mild,0.4289,0.34459,0.42886,0.1304,0.09616
crops/677_2.jpg,677,677_jpg.rf.eb6f952e365ad08ec1b8d6710ab9a049.jpg,,0,0,no_caries,no_caries,0.5537,0.55367,0.20848,0.13451,0.10335
crops/677_3.jpg,677,677_jpg.rf.eb6f952e365ad08ec1b8d6710ab9a049.jpg,,3,0,moderate,moderate,0.4613,0.06591,0.43169,0.46133,0.04107
crops/677_4.jpg,677,677_jpg.rf.eb6f952e365ad08ec1b8d6710ab9a049.jpg,,0,0,no_caries,no_caries,0.6396,0.63965,0.17077,0.10367,0.08591
crops/677_5.jpg,677,677_jpg.rf.eb6f952e365ad08ec1b8d6710ab9a049.jpg,,0,0,no_caries,no_caries,0.3958,0.39579,0.31316,0.10173,0.18932
crops/677_6.jpg,677,677_jpg.rf.eb6f952e365ad08ec1b8d6710ab9a049.jpg,,0,0,no_caries,no_caries,0.6248,0.62479,0.16964,0.08521,0.12036
crops/677_7.jpg,677,677_jpg.rf.eb6f952e365ad08ec1b8d6710ab9a049.jpg,,0,0,no_caries,no_caries,0.6492,0.64915,0.19402,0.06079,0.09604
crops/677_8.jpg,677,677_jpg.rf.eb6f952e365ad08ec1b8d6710ab9a049.jpg,,0,0,no_caries,no_caries,0.6941,0.69414,0.09006,0.06359,0.15221
crops/677_9.jpg,677,677_jpg.rf.eb6f952e365ad08ec1b8d6710ab9a049.jpg,,0,0,no_caries,no_caries,0.6271,0.62712,0.22776,0.047,0.09812
crops/677_10.jpg,677,677_jpg.rf.eb6f952e365ad08ec1b8d6710ab9a049.jpg,,0,0,no_caries,no_caries,0.4043,0.40429,0.20114,0.16319,0.23137
crops/677_11.jpg,677,677_jpg.rf.eb6f952e365ad08ec1b8d6710ab9a049.jpg,,0,0,no_caries,no_caries,0.7523,0.75227,0.15198,0.04763,0.04811
crops/677_12.jpg,677,677_jpg.rf.eb6f952e365ad08ec1b8d6710ab9a049.jpg,,0,0,no_caries,no_caries,0.6812,0.68116,0.20004,0.05729,0.06151
crops/677_13.jpg,677,677_jpg.rf.eb6f952e365ad08ec1b8d6710ab9a049.jpg,,0,0,no_caries,no_caries,0.7589,0.75888,0.10541,0.06124,0.07447
crops/694_0.jpg,694,694_jpg.rf.8b6abb2c61082014f5f101407dc0aa24.jpg,,5,0,advanced,advanced,0.9443,0.00086,0.01728,0.03754,0.94432
crops/694_1.jpg,694,694_jpg.rf.8b6abb2c61082014f5f101407dc0aa24.jpg,,5,0,advanced,advanced,0.9733,0.00072,0.01047,0.01548,0.97333
crops/694_2.jpg,694,694_jpg.rf.8b6abb2c61082014f5f101407dc0aa24.jpg,,5,0,advanced,advanced,0.7633,0.0057,0.09775,0.13328,0.76327
crops/694_3.jpg,694,694_jpg.rf.8b6abb2c61082014f5f101407dc0aa24.jpg,,0,0,no_caries,moderate,0.4816,0.40745,0.07498,0.48161,0.03597
crops/710_0.jpg,710,710_jpg.rf.96a93988bb7b5016f47cfce2a64cbb13.jpg,,0,0,no_caries,no_caries,0.7206,0.72056,0.1521,0.04863,0.07871
crops/710_1.jpg,710,710_jpg.rf.96a93988bb7b5016f47cfce2a64cbb13.jpg,,5,0,advanced,advanced,0.9102,0.00228,0.0121,0.07542,0.91021
crops/710_2.jpg,710,710_jpg.rf.96a93988bb7b5016f47cfce2a64cbb13.jpg,,1,0,mild,mild,0.8324,0.09083,0.8324,0.05157,0.0252
crops/710_3.jpg,710,710_jpg.rf.96a93988bb7b5016f47cfce2a64cbb13.jpg,,6,0,advanced,advanced,0.9914,0.00101,0.00451,0.00307,0.99142
crops/710_4.jpg,710,710_jpg.rf.96a93988bb7b5016f47cfce2a64cbb13.jpg,,2,0,mild,mild,0.5331,0.20482,0.53307,0.04768,0.21443
crops/710_5.jpg,710,710_jpg.rf.96a93988bb7b5016f47cfce2a64cbb13.jpg,,1,0,mild,no_caries,0.6421,0.64214,0.15603,0.14072,0.0611
crops/710_6.jpg,710,710_jpg.rf.96a93988bb7b5016f47cfce2a64cbb13.jpg,,0,0,no_caries,no_caries,0.7346,0.7346,0.14711,0.06419,0.0541
crops/710_7.jpg,710,710_jpg.rf.96a93988bb7b5016f47cfce2a64cbb13.jpg,,0,0,no_caries,no_caries,0.3984,0.3984,0.39619,0.16195,0.04347
crops/710_8.jpg,710,710_jpg.rf.96a93988bb7b5016f47cfce2a64cbb13.jpg,,0,0,no_caries,moderate,0.5136,0.3694,0.06374,0.51356,0.05331
crops/710_9.jpg,710,710_jpg.rf.96a93988bb7b5016f47cfce2a64cbb13.jpg,,0,0,no_caries,no_caries,0.7144,0.7144,0.1255,0.09376,0.06634
crops/710_10.jpg,710,710_jpg.rf.96a93988bb7b5016f47cfce2a64cbb13.jpg,,6,0,advanced,advanced,0.9593,0.00433,0.02516,0.0112,0.95932
crops/710_11.jpg,710,710_jpg.rf.96a93988bb7b5016f47cfce2a64cbb13.jpg,,5,0,advanced,advanced,0.9461,0.00485,0.02624,0.02279,0.94612
crops/714_0.jpg,714,714_jpg.rf.50b33f85f286317ead0fff46c6351f8e.jpg,,2,0,mild,mild,0.588,0.20054,0.588,0.09952,0.11194
crops/714_1.jpg,714,714_jpg.rf.50b33f85f286317ead0fff46c6351f8e.jpg,,0,0,no_caries,mild,0.4694,0.39464,0.46936,0.0737,0.0623
crops/714_2.jpg,714,714_jpg.rf.50b33f85f286317ead0fff46c6351f8e.jpg,,5,0,advanced,mild,0.8913,0.02817,0.89131,0.01037,0.07014
crops/714_3.jpg,714,714_jpg.rf.50b33f85f286317ead0fff46c6351f8e.jpg,,5,0,advanced,mild,0.8382,0.02038,0.83821,0.06485,0.07656
crops/714_4.jpg,714,714_jpg.rf.50b33f85f286317ead0fff46c6351f8e.jpg,,5,0,advanced,advanced,0.7704,0.00585,0.10967,0.11409,0.77039
crops/714_5.jpg,714,714_jpg.rf.50b33f85f286317ead0fff46c6351f8e.jpg,,5,0,advanced,advanced,0.8408,0.00181,0.11319,0.04418,0.84082
crops/714_6.jpg,714,714_jpg.rf.50b33f85f286317ead0fff46c6351f8e.jpg,,5,0,advanced,advanced,0.7445,0.00708,0.09394,0.15448,0.7445
crops/714_7.jpg,714,714_jpg.rf.50b33f85f286317ead0fff46c6351f8e.jpg,,3,0,moderate,mild,0.739,0.0434,0.73897,0.0298,0.18783
crops/714_8.jpg,714,714_jpg.rf.50b33f85f286317ead0fff46c6351f8e.jpg,,3,0,moderate,no_caries,0.7525,0.75254,0.12355,0.07028,0.05363
crops/714_9.jpg,714,714_jpg.rf.50b33f85f286317ead0fff46c6351f8e.jpg,,3,0,moderate,no_caries,0.6415,0.64153,0.24215,0.05241,0.06391
crops/722_0.jpg,722,722_jpg.rf.1aa162defbaa7fb7c5ece6bafcbfcf24.jpg,,3,0,moderate,moderate,0.4362,0.1844,0.17146,0.43618,0.20796
crops/722_1.jpg,722,722_jpg.rf.1aa162defbaa7fb7c5ece6bafcbfcf24.jpg,,5,0,advanced,advanced,0.9135,0.00147,0.01128,0.07371,0.91354
crops/722_2.jpg,722,722_jpg.rf.1aa162defbaa7fb7c5ece6bafcbfcf24.jpg,,2,0,mild,mild,0.8147,0.0361,0.81467,0.03574,0.11349
crops/722_3.jpg,722,722_jpg.rf.1aa162defbaa7fb7c5ece6bafcbfcf24.jpg,,6,0,advanced,advanced,0.9892,0.0005,0.00432,0.00597,0.98922
crops/722_4.jpg,722,722_jpg.rf.1aa162defbaa7fb7c5ece6bafcbfcf24.jpg,,2,0,mild,advanced,0.9262,0.00214,0.04805,0.02363,0.92618
crops/722_5.jpg,722,722_jpg.rf.1aa162defbaa7fb7c5ece6bafcbfcf24.jpg,,1,0,mild,mild,0.4069,0.36545,0.40691,0.04405,0.18359
crops/722_6.jpg,722,722_jpg.rf.1aa162defbaa7fb7c5ece6bafcbfcf24.jpg,,1,0,mild,no_caries,0.3443,0.34432,0.20208,0.29306,0.16054
crops/722_7.jpg,722,722_jpg.rf.1aa162defbaa7fb7c5ece6bafcbfcf24.jpg,,3,0,moderate,moderate,0.4227,0.02868,0.28075,0.42267,0.26789
crops/722_8.jpg,722,722_jpg.rf.1aa162defbaa7fb7c5ece6bafcbfcf24.jpg,,2,0,mild,moderate,0.8203,0.00667,0.1183,0.8203,0.05473
crops/722_9.jpg,722,722_jpg.rf.1aa162defbaa7fb7c5ece6bafcbfcf24.jpg,,2,0,mild,moderate,0.8079,0.00202,0.0603,0.80795,0.12974
crops/722_10.jpg,722,722_jpg.rf.1aa162defbaa7fb7c5ece6bafcbfcf24.jpg,,3,0,moderate,advanced,0.9555,0.0049,0.02739,0.01224,0.95547
crops/722_11.jpg,722,722_jpg.rf.1aa162defbaa7fb7c5ece6bafcbfcf24.jpg,,3,0,moderate,advanced,0.945,0.00233,0.02711,0.02555,0.94501
crops/722_12.jpg,722,722_jpg.rf.1aa162defbaa7fb7c5ece6bafcbfcf24.jpg,,2,0,mild,advanced,0.7166,0.0054,0.1748,0.10325,0.71655
crops/722_13.jpg,722,722_jpg.rf.1aa162defbaa7fb7c5ece6bafcbfcf24.jpg,,2,0,mild,moderate,0.7984,0.00274,0.08791,0.79844,0.11091
crops/722_14.jpg,722,722_jpg.rf.1aa162defbaa7fb7c5ece6bafcbfcf24.jpg,,1,0,mild,mild,0.5167,0.2423,0.51667,0.18471,0.05632
crops/722_15.jpg,722,722_jpg.rf.1aa162defbaa7fb7c5ece6bafcbfcf24.jpg,,1,0,mild,no_caries,0.4524,0.45236,0.41552,0.07102,0.0611
crops/724_0.jpg,724,724_jpg.rf.e2761266e45bbab4a0a78751a3a37562.jpg,,5,0,advanced,advanced,0.9778,0.00084,0.00427,0.01713,0.97776
crops/724_1.jpg,724,724_jpg.rf.e2761266e45bbab4a0a78751a3a37562.jpg,,3,0,moderate,mild,0.5549,0.23253,0.55492,0.16853,0.04401
crops/724_2.jpg,724,724_jpg.rf.e2761266e45bbab4a0a78751a3a37562.jpg,,1,0,mild,mild,0.4357,0.38158,0.43574,0.13942,0.04325
crops/724_3.jpg,724,724_jpg.rf.e2761266e45bbab4a0a78751a3a37562.jpg,,0,0,no_caries,no_caries,0.6448,0.6448,0.24349,0.0802,0.03152
crops/724_4.jpg,724,724_jpg.rf.e2761266e45bbab4a0a78751a3a37562.jpg,,0,0,no_caries,no_caries,0.7807,0.78066,0.07286,0.06565,0.08082
crops/724_5.jpg,724,724_jpg.rf.e2761266e45bbab4a0a78751a3a37562.jpg,,0,0,no_caries,moderate,0.4348,0.23031,0.30602,0.43476,0.02891
crops/731_0.jpg,731,731_jpg.rf.42f6eab16aecf7bbce289d6e1bdb205f.jpg,,5,0,advanced,advanced,0.9774,0.0028,0.00445,0.01531,0.97743
crops/731_1.jpg,731,731_jpg.rf.42f6eab16aecf7bbce289d6e1bdb205f.jpg,,5,0,advanced,advanced,0.9795,0.00255,0.00413,0.01381,0.97951
crops/731_2.jpg,731,731_jpg.rf.42f6eab16aecf7bbce289d6e1bdb205f.jpg,,0,0,no_caries,no_caries,0.4605,0.46045,0.36663,0.10235,0.07057
crops/731_3.jpg,731,731_jpg.rf.42f6eab16aecf7bbce289d6e1bdb205f.jpg,,0,0,no_caries,no_caries,0.6067,0.60667,0.25926,0.10736,0.02671
crops/731_4.jpg,731,731_jpg.rf.42f6eab16aecf7bbce289d6e1bdb205f.jpg,,0,0,no_caries,no_caries,0.4404,0.4404,0.40011,0.13251,0.02699
crops/731_5.jpg,731,731_jpg.rf.42f6eab16aecf7bbce289d6e1bdb205f.jpg,,0,0,no_caries,no_caries,0.6878,0.68783,0.17599,0.10138,0.0348
crops/73_jpeg_0.jpg,73_jpeg,73_jpeg_jpg.rf.0b0c2aa546f30adf87ebe5ab53651b81.jpg,,5,0,advanced,advanced,0.6675,0.00777,0.25764,0.06707,0.66752
crops/73_jpeg_1.jpg,73_jpeg,73_jpeg_jpg.rf.0b0c2aa546f30adf87ebe5ab53651b81.jpg,,5,0,advanced,advanced,0.9648,0.00719,0.01769,0.01033,0.96478
crops/73_jpeg_2.jpg,73_jpeg,73_jpeg_jpg.rf.0b0c2aa546f30adf87ebe5ab53651b81.jpg,,5,0,advanced,moderate,0.5309,0.03317,0.12721,0.53088,0.30874
crops/73_jpeg_3.jpg,73_jpeg,73_jpeg_jpg.rf.0b0c2aa546f30adf87ebe5ab53651b81.jpg,,0,0,no_caries,mild,0.8065,0.08193,0.80651,0.06751,0.04406
crops/73_jpeg_4.jpg,73_jpeg,73_jpeg_jpg.rf.0b0c2aa546f30adf87ebe5ab53651b81.jpg,,0,0,no_caries,mild,0.4785,0.41601,0.47848,0.05954,0.04597
crops/73_jpeg_5.jpg,73_jpeg,73_jpeg_jpg.rf.0b0c2aa546f30adf87ebe5ab53651b81.jpg,,0,0,no_caries,no_caries,0.446,0.44595,0.4145,0.07857,0.06097
crops/73_jpeg_6.jpg,73_jpeg,73_jpeg_jpg.rf.0b0c2aa546f30adf87ebe5ab53651b81.jpg,,0,0,no_caries,no_caries,0.5737,0.57368,0.29132,0.06995,0.06505
crops/73_jpeg_7.jpg,73_jpeg,73_jpeg_jpg.rf.0b0c2aa546f30adf87ebe5ab53651b81.jpg,,0,0,no_caries,no_caries,0.4756,0.47565,0.38852,0.09272,0.04312
crops/73_jpeg_8.jpg,73_jpeg,73_jpeg_jpg.rf.0b0c2aa546f30adf87ebe5ab53651b81.jpg,,0,0,no_caries,no_caries,0.5932,0.59323,0.19206,0.17269,0.04202
crops/73_jpeg_9.jpg,73_jpeg,73_jpeg_jpg.rf.0b0c2aa546f30adf87ebe5ab53651b81.jpg,,0,0,no_caries,no_caries,0.5474,0.54735,0.3417,0.07414,0.03681
crops/73_jpeg_10.jpg,73_jpeg,73_jpeg_jpg.rf.0b0c2aa546f30adf87ebe5ab53651b81.jpg,,0,0,no_caries,mild,0.5675,0.30119,0.56751,0.10498,0.02633
crops/73_jpeg_11.jpg,73_jpeg,73_jpeg_jpg.rf.0b0c2aa546f30adf87ebe5ab53651b81.jpg,,3,0,moderate,no_caries,0.4421,0.44213,0.40361,0.10876,0.04549
crops/73_jpeg_12.jpg,73_jpeg,73_jpeg_jpg.rf.0b0c2aa546f30adf87ebe5ab53651b81.jpg,,3,0,moderate,moderate,0.9594,0.00093,0.03054,0.95943,0.00909
crops/73_jpeg_13.jpg,73_jpeg,73_jpeg_jpg.rf.0b0c2aa546f30adf87ebe5ab53651b81.jpg,,6,0,advanced,advanced,0.9831,0.0016,0.00748,0.00781,0.98311
crops/73_jpeg_14.jpg,73_jpeg,73_jpeg_jpg.rf.0b0c2aa546f30adf87ebe5ab53651b81.jpg,,5,0,advanced,advanced,0.9101,0.00249,0.01844,0.06896,0.91012
crops/7f23bc3a-112_0.jpg,7f23bc3a-112,7f23bc3a-112_jpg.rf.c6cad2688d16e69dc37b1d2c1d6814f6.jpg,,0,0,no_caries,no_caries,0.5303,0.53033,0.36471,0.05676,0.04819
crops/7f23bc3a-112_1.jpg,7f23bc3a-112,7f23bc3a-112_jpg.rf.c6cad2688d16e69dc37b1d2c1d6814f6.jpg,,0,0,no_caries,no_caries,0.5375,0.5375,0.26743,0.12738,0.06769
crops/7f23bc3a-112_2.jpg,7f23bc3a-112,7f23bc3a-112_jpg.rf.c6cad2688d16e69dc37b1d2c1d6814f6.jpg,,0,0,no_caries,mild,0.6252,0.24503,0.62517,0.10155,0.02825
crops/7f23bc3a-112_3.jpg,7f23bc3a-112,7f23bc3a-112_jpg.rf.c6cad2688d16e69dc37b1d2c1d6814f6.jpg,,0,0,no_caries,mild,0.8154,0.08725,0.8154,0.03914,0.05821
crops/7f23bc3a-112_4.jpg,7f23bc3a-112,7f23bc3a-112_jpg.rf.c6cad2688d16e69dc37b1d2c1d6814f6.jpg,,2,0,mild,mild,0.9244,0.00742,0.92437,0.02319,0.04502
crops/7f23bc3a-112_5.jpg,7f23bc3a-112,7f23bc3a-112_jpg.rf.c6cad2688d16e69dc37b1d2c1d6814f6.jpg,,2,0,mild,mild,0.8839,0.05486,0.88395,0.0485,0.01269
crops/7f23bc3a-112_6.jpg,7f23bc3a-112,7f23bc3a-112_jpg.rf.c6cad2688d16e69dc37b1d2c1d6814f6.jpg,,2,0,mild,mild,0.5522,0.26157,0.55219,0.09374,0.0925
crops/7f23bc3a-112_7.jpg,7f23bc3a-112,7f23bc3a-112_jpg.rf.c6cad2688d16e69dc37b1d2c1d6814f6.jpg,,5,0,advanced,advanced,0.883,0.00352,0.02299,0.09046,0.88303
crops/7f23bc3a-112_8.jpg,7f23bc3a-112,7f23bc3a-112_jpg.rf.c6cad2688d16e69dc37b1d2c1d6814f6.jpg,,0,0,no_caries,mild,0.6923,0.17448,0.69228,0.08848,0.04477
crops/7f23bc3a-112_9.jpg,7f23bc3a-112,7f23bc3a-112_jpg.rf.c6cad2688d16e69dc37b1d2c1d6814f6.jpg,,0,0,no_caries,no_caries,0.5879,0.58793,0.21913,0.06671,0.12623
crops/7f23bc3a-112_10.jpg,7f23bc3a-112,7f23bc3a-112_jpg.rf.c6cad2688d16e69dc37b1d2c1d6814f6.jpg,,0,0,no_caries,no_caries,0.487,0.48702,0.36694,0.061,0.08503
crops/7f23bc3a-112_11.jpg,7f23bc3a-112,7f23bc3a-112_jpg.rf.c6cad2688d16e69dc37b1d2c1d6814f6.jpg,,0,0,no_caries,no_caries,0.4625,0.46253,0.3834,0.08837,0.0657
crops/7f23bc3a-112_12.jpg,7f23bc3a-112,7f23bc3a-112_jpg.rf.c6cad2688d16e69dc37b1d2c1d6814f6.jpg,,0,0,no_caries,no_caries,0.5367,0.53672,0.22238,0.18837,0.05253
crops/7f23bc3a-112_13.jpg,7f23bc3a-112,7f23bc3a-112_jpg.rf.c6cad2688d16e69dc37b1d2c1d6814f6.jpg,,0,0,no_caries,no_caries,0.6165,0.61647,0.24435,0.09299,0.04619
crops/7f23bc3a-112_14.jpg,7f23bc3a-112,7f23bc3a-112_jpg.rf.c6cad2688d16e69dc37b1d2c1d6814f6.jpg,,0,0,no_caries,mild,0.4963,0.37716,0.49627,0.09455,0.03202
crops/7f23bc3a-112_15.jpg,7f23bc3a-112,7f23bc3a-112_jpg.rf.c6cad2688d16e69dc37b1d2c1d6814f6.jpg,,0,0,no_caries,mild,0.4684,0.44186,0.46843,0.05394,0.03576
crops/7f23bc3a-112_16.jpg,7f23bc3a-112,7f23bc3a-112_jpg.rf.c6cad2688d16e69dc37b1d2c1d6814f6.jpg,,0,0,no_caries,mild,0.4755,0.44275,0.47548,0.04441,0.03736
crops/7f23bc3a-112_17.jpg,7f23bc3a-112,7f23bc3a-112_jpg.rf.c6cad2688d16e69dc37b1d2c1d6814f6.jpg,,0,0,no_caries,no_caries,0.4682,0.46824,0.41996,0.0554,0.0564
crops/7f23bc3a-112_18.jpg,7f23bc3a-112,7f23bc3a-112_jpg.rf.c6cad2688d16e69dc37b1d2c1d6814f6.jpg,,0,0,no_caries,no_caries,0.7249,0.72492,0.15425,0.07208,0.04875
crops/7f23bc3a-112_19.jpg,7f23bc3a-112,7f23bc3a-112_jpg.rf.c6cad2688d16e69dc37b1d2c1d6814f6.jpg,,0,0,no_caries,mild,0.5174,0.40791,0.51742,0.03392,0.04075
crops/7f23bc3a-112_20.jpg,7f23bc3a-112,7f23bc3a-112_jpg.rf.c6cad2688d16e69dc37b1d2c1d6814f6.jpg,,0,0,no_caries,no_caries,0.5417,0.54173,0.33338,0.08029,0.0446
crops/7f23bc3a-112_21.jpg,7f23bc3a-112,7f23bc3a-112_jpg.rf.c6cad2688d16e69dc37b1d2c1d6814f6.jpg,,0,0,no_caries,no_caries,0.4758,0.47578,0.44162,0.04131,0.04129
crops/7f23bc3a-112_22.jpg,7f23bc3a-112,7f23bc3a-112_jpg.rf.c6cad2688d16e69dc37b1d2c1d6814f6.jpg,,0,0,no_caries,no_caries,0.7273,0.7273,0.13202,0.06054,0.08014
crops/7f23bc3a-112_23.jpg,7f23bc3a-112,7f23bc3a-112_jpg.rf.c6cad2688d16e69dc37b1d2c1d6814f6.jpg,,0,0,no_caries,no_caries,0.6521,0.65209,0.1239,0.11445,0.10957
crops/7f23bc3a-112_24.jpg,7f23bc3a-112,7f23bc3a-112_jpg.rf.c6cad2688d16e69dc37b1d2c1d6814f6.jpg,,0,0,no_caries,moderate,0.3801,0.22388,0.16668,0.38012,0.22931
crops/837_0.jpg,837,837_jpg.rf.b190cc90d831f2b35d9f8a1d974f5d40.jpg,,0,0,no_caries,mild,0.3547,0.29307,0.35472,0.23482,0.11739
crops/837_1.jpg,837,837_jpg.rf.b190cc90d831f2b35d9f8a1d974f5d40.jpg,,5,0,advanced,advanced,0.9242,0.00546,0.016,0.05433,0.92421
crops/837_2.jpg,837,837_jpg.rf.b190cc90d831f2b35d9f8a1d974f5d40.jpg,,0,0,no_caries,advanced,0.8023,0.01168,0.11481,0.07121,0.8023
crops/837_3.jpg,837,837_jpg.rf.b190cc90d831f2b35d9f8a1d974f5d40.jpg,,0,0,no_caries,mild,0.4881,0.37166,0.48807,0.11573,0.02454
crops/837_4.jpg,837,837_jpg.rf.b190cc90d831f2b35d9f8a1d974f5d40.jpg,,0,0,no_caries,no_caries,0.5727,0.57267,0.3205,0.06463,0.04219
crops/847_0.jpg,847,847_jpg.rf.db4d005aab6c1c3ec9cb486b41451848.jpg,,3,0,moderate,mild,0.564,0.10927,0.56397,0.12835,0.19842
crops/847_1.jpg,847,847_jpg.rf.db4d005aab6c1c3ec9cb486b41451848.jpg,,5,0,advanced,advanced,0.768,0.01638,0.04331,0.1723,0.76801
crops/847_2.jpg,847,847_jpg.rf.db4d005aab6c1c3ec9cb486b41451848.jpg,,0,0,no_caries,no_caries,0.5535,0.55352,0.34417,0.0569,0.04541
crops/847_3.jpg,847,847_jpg.rf.db4d005aab6c1c3ec9cb486b41451848.jpg,,0,0,no_caries,advanced,0.4529,0.20644,0.27557,0.06509,0.4529
crops/847_4.jpg,847,847_jpg.rf.db4d005aab6c1c3ec9cb486b41451848.jpg,,0,0,no_caries,advanced,0.7009,0.0853,0.17612,0.03765,0.70093
crops/847_5.jpg,847,847_jpg.rf.db4d005aab6c1c3ec9cb486b41451848.jpg,,0,0,no_caries,no_caries,0.6225,0.62249,0.15191,0.08908,0.13653
crops/847_6.jpg,847,847_jpg.rf.db4d005aab6c1c3ec9cb486b41451848.jpg,,0,0,no_caries,mild,0.433,0.40357,0.43297,0.04164,0.12181
crops/847_7.jpg,847,847_jpg.rf.db4d005aab6c1c3ec9cb486b41451848.jpg,,0,0,no_caries,advanced,0.3041,0.29869,0.23832,0.15884,0.30415
crops/847_8.jpg,847,847_jpg.rf.db4d005aab6c1c3ec9cb486b41451848.jpg,,0,0,no_caries,no_caries,0.7171,0.71713,0.13466,0.09943,0.04878
crops/847_9.jpg,847,847_jpg.rf.db4d005aab6c1c3ec9cb486b41451848.jpg,,0,0,no_caries,no_caries,0.7847,0.78467,0.08556,0.10258,0.02718
crops/847_10.jpg,847,847_jpg.rf.db4d005aab6c1c3ec9cb486b41451848.jpg,,0,0,no_caries,no_caries,0.8372,0.83715,0.06572,0.05874,0.03839
crops/847_11.jpg,847,847_jpg.rf.db4d005aab6c1c3ec9cb486b41451848.jpg,,0,0,no_caries,no_caries,0.6271,0.62713,0.17033,0.11754,0.085
crops/847_12.jpg,847,847_jpg.rf.db4d005aab6c1c3ec9cb486b41451848.jpg,,0,0,no_caries,no_caries,0.3436,0.34359,0.23028,0.27677,0.14936
crops/895_0.jpg,895,895_jpg.rf.3e22e2cb2cbd8104240f6f86cdd880a9.jpg,,0,0,no_caries,no_caries,0.5284,0.52839,0.30998,0.12229,0.03934
crops/895_1.jpg,895,895_jpg.rf.3e22e2cb2cbd8104240f6f86cdd880a9.jpg,,0,0,no_caries,mild,0.7394,0.15169,0.73945,0.06876,0.04011
crops/895_2.jpg,895,895_jpg.rf.3e22e2cb2cbd8104240f6f86cdd880a9.jpg,,5,0,advanced,advanced,0.9697,0.00225,0.00733,0.02076,0.96965
crops/895_3.jpg,895,895_jpg.rf.3e22e2cb2cbd8104240f6f86cdd880a9.jpg,,5,0,advanced,advanced,0.952,0.00076,0.0212,0.02604,0.952
crops/895_4.jpg,895,895_jpg.rf.3e22e2cb2cbd8104240f6f86cdd880a9.jpg,,0,0,no_caries,no_caries,0.5826,0.5826,0.25641,0.11471,0.04627
crops/895_5.jpg,895,895_jpg.rf.3e22e2cb2cbd8104240f6f86cdd880a9.jpg,,0,0,no_caries,no_caries,0.7234,0.72336,0.15768,0.03875,0.08021
crops/895_6.jpg,895,895_jpg.rf.3e22e2cb2cbd8104240f6f86cdd880a9.jpg,,0,0,no_caries,no_caries,0.6686,0.66857,0.03722,0.06491,0.22931
crops/895_7.jpg,895,895_jpg.rf.3e22e2cb2cbd8104240f6f86cdd880a9.jpg,,0,0,no_caries,no_caries,0.4819,0.4819,0.40602,0.05717,0.05491
crops/895_8.jpg,895,895_jpg.rf.3e22e2cb2cbd8104240f6f86cdd880a9.jpg,,0,0,no_caries,mild,0.7913,0.09144,0.79126,0.01735,0.09995
crops/895_9.jpg,895,895_jpg.rf.3e22e2cb2cbd8104240f6f86cdd880a9.jpg,,0,0,no_caries,no_caries,0.5188,0.51879,0.43361,0.02745,0.02015
crops/895_10.jpg,895,895_jpg.rf.3e22e2cb2cbd8104240f6f86cdd880a9.jpg,,0,0,no_caries,no_caries,0.5906,0.59063,0.24316,0.13112,0.03508
crops/895_11.jpg,895,895_jpg.rf.3e22e2cb2cbd8104240f6f86cdd880a9.jpg,,0,0,no_caries,no_caries,0.6513,0.65126,0.16765,0.14335,0.03773
crops/895_12.jpg,895,895_jpg.rf.3e22e2cb2cbd8104240f6f86cdd880a9.jpg,,0,0,no_caries,no_caries,0.5687,0.56868,0.26859,0.14237,0.02036
crops/906_0.jpg,906,906_jpg.rf.3a902d8d2df6f0f300a9b70ec7f68a14.jpg,,0,0,no_caries,no_caries,0.818,0.81796,0.04296,0.0602,0.07888
crops/906_1.jpg,906,906_jpg.rf.3a902d8d2df6f0f300a9b70ec7f68a14.jpg,,0,0,no_caries,no_caries,0.7192,0.71919,0.15815,0.06268,0.05997
crops/906_2.jpg,906,906_jpg.rf.3a902d8d2df6f0f300a9b70ec7f68a14.jpg,,0,0,no_caries,no_caries,0.7179,0.71793,0.12095,0.09817,0.06295
crops/906_3.jpg,906,906_jpg.rf.3a902d8d2df6f0f300a9b70ec7f68a14.jpg,,0,0,no_caries,no_caries,0.7293,0.72928,0.08809,0.11696,0.06566
crops/906_4.jpg,906,906_jpg.rf.3a902d8d2df6f0f300a9b70ec7f68a14.jpg,,0,0,no_caries,mild,0.5009,0.28352,0.50092,0.10874,0.10682
crops/906_5.jpg,906,906_jpg.rf.3a902d8d2df6f0f300a9b70ec7f68a14.jpg,,0,0,no_caries,no_caries,0.4198,0.41978,0.3409,0.13849,0.10083
crops/906_6.jpg,906,906_jpg.rf.3a902d8d2df6f0f300a9b70ec7f68a14.jpg,,3,0,moderate,moderate,0.9767,0.00184,0.00461,0.97671,0.01684
crops/906_7.jpg,906,906_jpg.rf.3a902d8d2df6f0f300a9b70ec7f68a14.jpg,,0,0,no_caries,no_caries,0.4821,0.48207,0.25152,0.20408,0.06232
crops/906_8.jpg,906,906_jpg.rf.3a902d8d2df6f0f300a9b70ec7f68a14.jpg,,0,0,no_caries,no_caries,0.7742,0.77416,0.07099,0.10531,0.04953
crops/906_9.jpg,906,906_jpg.rf.3a902d8d2df6f0f300a9b70ec7f68a14.jpg,,0,0,no_caries,no_caries,0.5579,0.55787,0.31954,0.07344,0.04915
crops/906_10.jpg,906,906_jpg.rf.3a902d8d2df6f0f300a9b70ec7f68a14.jpg,,0,0,no_caries,no_caries,0.7516,0.75158,0.14382,0.05032,0.05428
crops/91_0.jpg,91,91_jpg.rf.3ddd286f399b6d5b06a7824873c87841.jpg,,4,0,moderate,mild,0.5068,0.35897,0.50685,0.09341,0.04077
crops/91_1.jpg,91,91_jpg.rf.3ddd286f399b6d5b06a7824873c87841.jpg,,1,0,mild,mild,0.4065,0.17865,0.4065,0.30158,0.11327
crops/91_2.jpg,91,91_jpg.rf.3ddd286f399b6d5b06a7824873c87841.jpg,,2,0,mild,mild,0.5012,0.29034,0.5012,0.18135,0.02711
crops/91_3.jpg,91,91_jpg.rf.3ddd286f399b6d5b06a7824873c87841.jpg,,0,0,no_caries,mild,0.5275,0.23845,0.5275,0.20617,0.02788
crops/91_4.jpg,91,91_jpg.rf.3ddd286f399b6d5b06a7824873c87841.jpg,,2,0,mild,mild,0.8088,0.02817,0.80875,0.14864,0.01444
crops/91_5.jpg,91,91_jpg.rf.3ddd286f399b6d5b06a7824873c87841.jpg,,2,0,mild,mild,0.6302,0.03561,0.63024,0.31548,0.01867
crops/91_6.jpg,91,91_jpg.rf.3ddd286f399b6d5b06a7824873c87841.jpg,,0,0,no_caries,mild,0.4728,0.3318,0.47285,0.15988,0.03548
crops/91_7.jpg,91,91_jpg.rf.3ddd286f399b6d5b06a7824873c87841.jpg,,0,0,no_caries,mild,0.6891,0.15844,0.68906,0.11467,0.03783
crops/91_8.jpg,91,91_jpg.rf.3ddd286f399b6d5b06a7824873c87841.jpg,,0,0,no_caries,no_caries,0.3787,0.37868,0.31712,0.19416,0.11004
crops/91_9.jpg,91,91_jpg.rf.3ddd286f399b6d5b06a7824873c87841.jpg,,2,0,mild,mild,0.7603,0.1554,0.7603,0.06408,0.02022
crops/91_10.jpg,91,91_jpg.rf.3ddd286f399b6d5b06a7824873c87841.jpg,,1,0,mild,mild,0.3635,0.31815,0.36354,0.15315,0.16516
crops/91_11.jpg,91,91_jpg.rf.3ddd286f399b6d5b06a7824873c87841.jpg,,1,0,mild,mild,0.7544,0.13163,0.75445,0.08717,0.02675
crops/91_12.jpg,91,91_jpg.rf.3ddd286f399b6d5b06a7824873c87841.jpg,,1,0,mild,no_caries,0.4627,0.46273,0.44329,0.08132,0.01267
crops/91_13.jpg,91,91_jpg.rf.3ddd286f399b6d5b06a7824873c87841.jpg,,1,0,mild,mild,0.5033,0.36767,0.50327,0.10535,0.02371
crops/91_14.jpg,91,91_jpg.rf.3ddd286f399b6d5b06a7824873c87841.jpg,,0,0,no_caries,mild,0.5394,0.21569,0.53944,0.21121,0.03366
crops/91_15.jpg,91,91_jpg.rf.3ddd286f399b6d5b06a7824873c87841.jpg,,0,0,no_caries,mild,0.4796,0.39944,0.47963,0.09258,0.02835
crops/91_16.jpg,91,91_jpg.rf.3ddd286f399b6d5b06a7824873c87841.jpg,,0,0,no_caries,mild,0.5396,0.32224,0.53962,0.1154,0.02275
crops/91_17.jpg,91,91_jpg.rf.3ddd286f399b6d5b06a7824873c87841.jpg,,0,0,no_caries,no_caries,0.6248,0.62481,0.20767,0.12852,0.03899
crops/91_18.jpg,91,91_jpg.rf.3ddd286f399b6d5b06a7824873c87841.jpg,,0,0,no_caries,no_caries,0.6613,0.66132,0.18082,0.11605,0.04181
crops/91_19.jpg,91,91_jpg.rf.3ddd286f399b6d5b06a7824873c87841.jpg,,0,0,no_caries,mild,0.6118,0.25472,0.61184,0.10179,0.03165
crops/91_20.jpg,91,91_jpg.rf.3ddd286f399b6d5b06a7824873c87841.jpg,,0,0,no_caries,mild,0.586,0.26108,0.58599,0.10965,0.04329
crops/91_21.jpg,91,91_jpg.rf.3ddd286f399b6d5b06a7824873c87841.jpg,,5,0,advanced,moderate,0.8896,0.00795,0.02239,0.88956,0.0801
crops/91_22.jpg,91,91_jpg.rf.3ddd286f399b6d5b06a7824873c87841.jpg,,0,0,no_caries,mild,0.3194,0.29437,0.31939,0.26354,0.12269
crops/hibogi_ai_00040_0.jpg,hibogi_ai_00040,HIBOGI_AI_00040_jpg.rf.0f9cc16f8b98a98d0f01ce9a8009c409.jpg,,0,0,no_caries,advanced,0.4511,0.05367,0.39143,0.10385,0.45105
crops/hibogi_ai_00040_1.jpg,hibogi_ai_00040,HIBOGI_AI_00040_jpg.rf.0f9cc16f8b98a98d0f01ce9a8009c409.jpg,,5,0,advanced,advanced,0.8863,0.00228,0.00744,0.10397,0.88631
crops/hibogi_ai_00040_2.jpg,hibogi_ai_00040,HIBOGI_AI_00040_jpg.rf.0f9cc16f8b98a98d0f01ce9a8009c409.jpg,,0,0,no_caries,no_caries,0.8052,0.8052,0.10864,0.05252,0.03364
crops/hibogi_ai_00040_3.jpg,hibogi_ai_00040,HIBOGI_AI_00040_jpg.rf.0f9cc16f8b98a98d0f01ce9a8009c409.jpg,,0,0,no_caries,no_caries,0.8009,0.80091,0.0919,0.05836,0.04883
crops/hibogi_ai_00040_4.jpg,hibogi_ai_00040,HIBOGI_AI_00040_jpg.rf.0f9cc16f8b98a98d0f01ce9a8009c409.jpg,,0,0,no_caries,no_caries,0.6481,0.64807,0.15053,0.12537,0.07603
crops/hibogi_ai_00040_5.jpg,hibogi_ai_00040,HIBOGI_AI_00040_jpg.rf.0f9cc16f8b98a98d0f01ce9a8009c409.jpg,,6,0,advanced,advanced,0.967,0.0012,0.00508,0.02668,0.96703
crops/hibogi_ai_00040_6.jpg,hibogi_ai_00040,HIBOGI_AI_00040_jpg.rf.0f9cc16f8b98a98d0f01ce9a8009c409.jpg,,0,0,no_caries,no_caries,0.5393,0.53932,0.26362,0.07059,0.12647
crops/hibogi_ai_00040_7.jpg,hibogi_ai_00040,HIBOGI_AI_00040_jpg.rf.0f9cc16f8b98a98d0f01ce9a8009c409.jpg,,0,0,no_caries,no_caries,0.8091,0.80908,0.09503,0.04415,0.05174
crops/hibogi_ai_00040_8.jpg,hibogi_ai_00040,HIBOGI_AI_00040_jpg.rf.0f9cc16f8b98a98d0f01ce9a8009c409.jpg,,0,0,no_caries,no_caries,0.7297,0.72971,0.15508,0.0653,0.04991
crops/hibogi_ai_00040_9.jpg,hibogi_ai_00040,HIBOGI_AI_00040_jpg.rf.0f9cc16f8b98a98d0f01ce9a8009c409.jpg,,0,0,no_caries,no_caries,0.6565,0.65647,0.22498,0.03029,0.08827
crops/hibogi_ai_00040_10.jpg,hibogi_ai_00040,HIBOGI_AI_00040_jpg.rf.0f9cc16f8b98a98d0f01ce9a8009c409.jpg,,5,0,advanced,moderate,0.6804,0.04704,0.03533,0.68041,0.23722
crops/hibogi_ai_00040_11.jpg,hibogi_ai_00040,HIBOGI_AI_00040_jpg.rf.0f9cc16f8b98a98d0f01ce9a8009c409.jpg,,6,0,advanced,advanced,0.9482,0.0038,0.04029,0.00775,0.94815
crops/hibogi_ai_00040_12.jpg,hibogi_ai_00040,HIBOGI_AI_00040_jpg.rf.0f9cc16f8b98a98d0f01ce9a8009c409.jpg,,5,0,advanced,mild,0.4134,0.39799,0.41339,0.07012,0.1185
crops/hibogi_ai_00040_13.jpg,hibogi_ai_00040,HIBOGI_AI_00040_jpg.rf.0f9cc16f8b98a98d0f01ce9a8009c409.jpg,,0,0,no_caries,no_caries,0.4289,0.4289,0.37833,0.08065,0.11212
crops/hibogi_ai_00040_14.jpg,hibogi_ai_00040,HIBOGI_AI_00040_jpg.rf.0f9cc16f8b98a98d0f01ce9a8009c409.jpg,,5,0,advanced,mild,0.4718,0.14091,0.47178,0.20067,0.18663
crops/hibogi_ai_00040_15.jpg,hibogi_ai_00040,HIBOGI_AI_00040_jpg.rf.0f9cc16f8b98a98d0f01ce9a8009c409.jpg,,0,0,no_caries,no_caries,0.5428,0.54275,0.20028,0.07201,0.18496
crops/hibogi_ai_00082_0.jpg,hibogi_ai_00082,HIBOGI_AI_00082_jpg.rf.d974bcf6b8add81cec002c6f6ee6e72c.jpg,,0,0,no_caries,mild,0.6152,0.29851,0.61519,0.03264,0.05367
crops/hibogi_ai_00082_1.jpg,hibogi_ai_00082,HIBOGI_AI_00082_jpg.rf.d974bcf6b8add81cec002c6f6ee6e72c.jpg,,0,0,no_caries,no_caries,0.5244,0.5244,0.31147,0.09319,0.07093
crops/hibogi_ai_00082_2.jpg,hibogi_ai_00082,HIBOGI_AI_00082_jpg.rf.d974bcf6b8add81cec002c6f6ee6e72c.jpg,,0,0,no_caries,no_caries,0.662,0.662,0.15771,0.13852,0.04177
crops/hibogi_ai_00082_3.jpg,hibogi_ai_00082,HIBOGI_AI_00082_jpg.rf.d974bcf6b8add81cec002c6f6ee6e72c.jpg,,0,0,no_caries,mild,0.4525,0.45143,0.45251,0.06547,0.03059
crops/hibogi_ai_00082_4.jpg,hibogi_ai_00082,HIBOGI_AI_00082_jpg.rf.d974bcf6b8add81cec002c6f6ee6e72c.jpg,,0,0,no_caries,no_caries,0.485,0.48502,0.35109,0.08785,0.07604
crops/hibogi_ai_00082_5.jpg,hibogi_ai_00082,HIBOGI_AI_00082_jpg.rf.d974bcf6b8add81cec002c6f6ee6e72c.jpg,,0,0,no_caries,no_caries,0.6939,0.69387,0.11676,0.10104,0.08833
crops/hibogi_ai_00082_6.jpg,hibogi_ai_00082,HIBOGI_AI_00082_jpg.rf.d974bcf6b8add81cec002c6f6ee6e72c.jpg,,5,0,advanced,advanced,0.8883,0.00357,0.02892,0.07916,0.88835
crops/hibogi_ai_00082_7.jpg,hibogi_ai_00082,HIBOGI_AI_00082_jpg.rf.d974bcf6b8add81cec002c6f6ee6e72c.jpg,,0,0,no_caries,no_caries,0.6227,0.62271,0.28933,0.06914,0.01882
crops/hibogi_ai_00082_8.jpg,hibogi_ai_00082,HIBOGI_AI_00082_jpg.rf.d974bcf6b8add81cec002c6f6ee6e72c.jpg,,0,0,no_caries,mild,0.5671,0.37991,0.56713,0.0348,0.01815
crops/hibogi_ai_00082_9.jpg,hibogi_ai_00082,HIBOGI_AI_00082_jpg.rf.d974bcf6b8add81cec002c6f6ee6e72c.jpg,,0,0,no_caries,no_caries,0.796,0.79595,0.0517,0.09996,0.05239
crops/hibogi_ai_00082_10.jpg,hibogi_ai_00082,HIBOGI_AI_00082_jpg.rf.d974bcf6b8add81cec002c6f6ee6e72c.jpg,,0,0,no_caries,no_caries,0.7729,0.77294,0.06644,0.10651,0.05411
crops/hibogi_ai_00109_png_0.jpg,hibogi_ai_00109_png,HIBOGI_AI_00109_png_jpg.rf.f05e19486e830463c919b55b7a16e1fa.jpg,,0,0,no_caries,mild,0.5483,0.20441,0.54831,0.21057,0.03672
crops/hibogi_ai_00109_png_1.jpg,hibogi_ai_00109_png,HIBOGI_AI_00109_png_jpg.rf.f05e19486e830463c919b55b7a16e1fa.jpg,,0,0,no_caries,no_caries,0.4625,0.46251,0.44891,0.06946,0.01912
crops/hibogi_ai_00109_png_2.jpg,hibogi_ai_00109_png,HIBOGI_AI_00109_png_jpg.rf.f05e19486e830463c919b55b7a16e1fa.jpg,,0,0,no_caries,no_caries,0.3971,0.39711,0.39015,0.185,0.02775
crops/hibogi_ai_00109_png_3.jpg,hibogi_ai_00109_png,HIBOGI_AI_00109_png_jpg.rf.f05e19486e830463c919b55b7a16e1fa.jpg,,0,0,no_caries,no_caries,0.4733,0.47331,0.30005,0.17728,0.04935
crops/hibogi_ai_00109_png_4.jpg,hibogi_ai_00109_png,HIBOGI_AI_00109_png_jpg.rf.f05e19486e830463c919b55b7a16e1fa.jpg,,0,0,no_caries,no_caries,0.5536,0.55355,0.09243,0.19348,0.16054
crops/hibogi_ai_00109_png_5.jpg,hibogi_ai_00109_png,HIBOGI_AI_00109_png_jpg.rf.f05e19486e830463c919b55b7a16e1fa.jpg,,0,0,no_caries,no_caries,0.7228,0.72281,0.06277,0.15747,0.05695
crops/hibogi_ai_00109_png_6.jpg,hibogi_ai_00109_png,HIBOGI_AI_00109_png_jpg.rf.f05e19486e830463c919b55b7a16e1fa.jpg,,0,0,no_caries,no_caries,0.866,0.86596,0.02199,0.08623,0.02583
crops/hibogi_ai_00109_png_7.jpg,hibogi_ai_00109_png,HIBOGI_AI_00109_png_jpg.rf.f05e19486e830463c919b55b7a16e1fa.jpg,,0,0,no_caries,no_caries,0.4221,0.42212,0.13415,0.29359,0.15013
crops/hibogi_ai_00109_png_8.jpg,hibogi_ai_00109_png,HIBOGI_AI_00109_png_jpg.rf.f05e19486e830463c919b55b7a16e1fa.jpg,,0,0,no_caries,no_caries,0.6489,0.64889,0.10659,0.16484,0.07969
crops/hibogi_ai_00109_png_9.jpg,hibogi_ai_00109_png,HIBOGI_AI_00109_png_jpg.rf.f05e19486e830463c919b55b7a16e1fa.jpg,,0,0,no_caries,mild,0.4831,0.34567,0.48309,0.13886,0.03237
crops/hibogi_ai_00120_0.jpg,hibogi_ai_00120,HIBOGI_AI_00120_jpg.rf.e5f317ccce6d5ec039e70a20ae089bb6.jpg,,5,0,advanced,advanced,0.948,0.00698,0.02878,0.01621,0.94802
crops/hibogi_ai_00120_1.jpg,hibogi_ai_00120,HIBOGI_AI_00120_jpg.rf.e5f317ccce6d5ec039e70a20ae089bb6.jpg,,5,0,advanced,advanced,0.8826,0.00666,0.01988,0.09083,0.88262
crops/hibogi_ai_00120_2.jpg,hibogi_ai_00120,HIBOGI_AI_00120_jpg.rf.e5f317ccce6d5ec039e70a20ae089bb6.jpg,,0,0,no_caries,no_caries,0.8496,0.84959,0.07811,0.04031,0.03199
crops/hibogi_ai_00120_3.jpg,hibogi_ai_00120,HIBOGI_AI_00120_jpg.rf.e5f317ccce6d5ec039e70a20ae089bb6.jpg,,0,0,no_caries,no_caries,0.8447,0.8447,0.02922,0.04976,0.07632
crops/hibogi_ai_00120_4.jpg,hibogi_ai_00120,HIBOGI_AI_00120_jpg.rf.e5f317ccce6d5ec039e70a20ae089bb6.jpg,,0,0,no_caries,no_caries,0.8497,0.8497,0.0378,0.05242,0.06007
crops/hibogi_ai_00120_5.jpg,hibogi_ai_00120,HIBOGI_AI_00120_jpg.rf.e5f317ccce6d5ec039e70a20ae089bb6.jpg,,0,0,no_caries,mild,0.4754,0.42576,0.47542,0.03302,0.0658
crops/hibogi_ai_00120_6.jpg,hibogi_ai_00120,HIBOGI_AI_00120_jpg.rf.e5f317ccce6d5ec039e70a20ae089bb6.jpg,,5,0,advanced,mild,0.3862,0.11146,0.38623,0.22382,0.27849
crops/hibogi_ai_00120_7.jpg,hibogi_ai_00120,HIBOGI_AI_00120_jpg.rf.e5f317ccce6d5ec039e70a20ae089bb6.jpg,,1,0,mild,mild,0.4616,0.27204,0.46155,0.21121,0.0552
crops/hibogi_ai_00152_0.jpg,hibogi_ai_00152,HIBOGI_AI_00152_jpg.rf.0fc5aaa92b3e68e780721883db1d904e.jpg,,0,0,no_caries,no_caries,0.5673,0.56733,0.19695,0.13601,0.09971
crops/hibogi_ai_00152_1.jpg,hibogi_ai_00152,HIBOGI_AI_00152_jpg.rf.0fc5aaa92b3e68e780721883db1d904e.jpg,,0,0,no_caries,no_caries,0.5487,0.54875,0.23198,0.0586,0.16068
crops/hibogi_ai_00152_2.jpg,hibogi_ai_00152,HIBOGI_AI_00152_jpg.rf.0fc5aaa92b3e68e780721883db1d904e.jpg,,0,0,no_caries,no_caries,0.7923,0.79225,0.06165,0.07376,0.07233
crops/hibogi_ai_00152_3.jpg,hibogi_ai_00152,HIBOGI_AI_00152_jpg.rf.0fc5aaa92b3e68e780721883db1d904e.jpg,,0,0,no_caries,no_caries,0.8092,0.80917,0.06434,0.05296,0.07352
crops/hibogi_ai_00152_4.jpg,hibogi_ai_00152,HIBOGI_AI_00152_jpg.rf.0fc5aaa92b3e68e780721883db1d904e.jpg,,0,0,no_caries,no_caries,0.8501,0.85014,0.05784,0.03912,0.0529
crops/hibogi_ai_00152_5.jpg,hibogi_ai_00152,HIBOGI_AI_00152_jpg.rf.0fc5aaa92b3e68e780721883db1d904e.jpg,,0,0,no_caries,no_caries,0.6499,0.64989,0.14083,0.07029,0.13898
crops/hibogi_ai_00152_6.jpg,hibogi_ai_00152,HIBOGI_AI_00152_jpg.rf.0fc5aaa92b3e68e780721883db1d904e.jpg,,0,0,no_caries,no_caries,0.6524,0.65238,0.04354,0.15696,0.14712
crops/hibogi_ai_00152_7.jpg,hibogi_ai_00152,HIBOGI_AI_00152_jpg.rf.0fc5aaa92b3e68e780721883db1d904e.jpg,,0,0,no_caries,no_caries,0.3164,0.31643,0.20052,0.2068,0.27626
crops/hibogi_ai_00152_8.jpg,hibogi_ai_00152,HIBOGI_AI_00152_jpg.rf.0fc5aaa92b3e68e780721883db1d904e.jpg,,0,0,no_caries,no_caries,0.7023,0.70234,0.11048,0.11293,0.07424
crops/hibogi_ai_00152_9.jpg,hibogi_ai_00152,HIBOGI_AI_00152_jpg.rf.0fc5aaa92b3e68e780721883db1d904e.jpg,,0,0,no_caries,no_caries,0.7655,0.76555,0.08035,0.10685,0.04725
crops/hibogi_ai_00152_10.jpg,hibogi_ai_00152,HIBOGI_AI_00152_jpg.rf.0fc5aaa92b3e68e780721883db1d904e.jpg,,0,0,no_caries,no_caries,0.7092,0.70924,0.08109,0.10832,0.10136
crops/hibogi_ai_00152_11.jpg,hibogi_ai_00152,HIBOGI_AI_00152_jpg.rf.0fc5aaa92b3e68e780721883db1d904e.jpg,,0,0,no_caries,no_caries,0.7929,0.79291,0.05777,0.08062,0.06871
crops/hibogi_ai_00152_12.jpg,hibogi_ai_00152,HIBOGI_AI_00152_jpg.rf.0fc5aaa92b3e68e780721883db1d904e.jpg,,0,0,no_caries,no_caries,0.7667,0.76674,0.09325,0.06959,0.07042
crops/hibogi_ai_00152_13.jpg,hibogi_ai_00152,HIBOGI_AI_00152_jpg.rf.0fc5aaa92b3e68e780721883db1d904e.jpg,,0,0,no_caries,no_caries,0.7539,0.75385,0.08117,0.0861,0.07887
crops/hibogi_ai_00152_14.jpg,hibogi_ai_00152,HIBOGI_AI_00152_jpg.rf.0fc5aaa92b3e68e780721883db1d904e.jpg,,0,0,no_caries,no_caries,0.542,0.54201,0.37933,0.02592,0.05274
crops/hibogi_ai_00152_15.jpg,hibogi_ai_00152,HIBOGI_AI_00152_jpg.rf.0fc5aaa92b3e68e780721883db1d904e.jpg,,0,0,no_caries,no_caries,0.8314,0.83139,0.07121,0.06715,0.03025
crops/hibogi_ai_00152_16.jpg,hibogi_ai_00152,HIBOGI_AI_00152_jpg.rf.0fc5aaa92b3e68e780721883db1d904e.jpg,,0,0,no_caries,no_caries,0.5867,0.5867,0.24079,0.10458,0.06793
crops/hibogi_ai_00227_0.jpg,hibogi_ai_00227,HIBOGI_AI_00227_jpg.rf.150cb6d00f7d59bf1d55a46bbcc3dbe2.jpg,,3,0,moderate,moderate,0.6349,0.00608,0.06438,0.63489,0.29466
crops/hibogi_ai_00227_1.jpg,hibogi_ai_00227,HIBOGI_AI_00227_jpg.rf.150cb6d00f7d59bf1d55a46bbcc3dbe2.jpg,,3,0,moderate,moderate,0.7619,0.03771,0.0712,0.76195,0.12914
crops/hibogi_ai_00227_2.jpg,hibogi_ai_00227,HIBOGI_AI_00227_jpg.rf.150cb6d00f7d59bf1d55a46bbcc3dbe2.jpg,,0,0,no_caries,moderate,0.5692,0.08332,0.28539,0.5692,0.06209
crops/hibogi_ai_00227_3.jpg,hibogi_ai_00227,HIBOGI_AI_00227_jpg.rf.150cb6d00f7d59bf1d55a46bbcc3dbe2.jpg,,0,0,no_caries,no_caries,0.5115,0.51146,0.29641,0.16452,0.02761
crops/hibogi_ai_00227_4.jpg,hibogi_ai_00227,HIBOGI_AI_00227_jpg.rf.150cb6d00f7d59bf1d55a46bbcc3dbe2.jpg,,0,0,no_caries,no_caries,0.5835,0.58353,0.25748,0.12056,0.03844
crops/hibogi_ai_00227_5.jpg,hibogi_ai_00227,HIBOGI_AI_00227_jpg.rf.150cb6d00f7d59bf1d55a46bbcc3dbe2.jpg,,0,0,no_caries,no_caries,0.5943,0.59431,0.29809,0.06046,0.04714
crops/hibogi_ai_00227_6.jpg,hibogi_ai_00227,HIBOGI_AI_00227_jpg.rf.150cb6d00f7d59bf1d55a46bbcc3dbe2.jpg,,0,0,no_caries,no_caries,0.6795,0.67946,0.15935,0.10992,0.05127
crops/hibogi_ai_00227_7.jpg,hibogi_ai_00227,HIBOGI_AI_00227_jpg.rf.150cb6d00f7d59bf1d55a46bbcc3dbe2.jpg,,0,0,no_caries,mild,0.545,0.18131,0.54499,0.18786,0.08584
crops/hibogi_ai_00227_8.jpg,hibogi_ai_00227,HIBOGI_AI_00227_jpg.rf.150cb6d00f7d59bf1d55a46bbcc3dbe2.jpg,,5,0,advanced,moderate,0.5498,0.0015,0.00727,0.54977,0.44146
crops/hibogi_ai_00227_9.jpg,hibogi_ai_00227,HIBOGI_AI_00227_jpg.rf.150cb6d00f7d59bf1d55a46bbcc3dbe2.jpg,,0,0,no_caries,advanced,0.6224,0.03372,0.22012,0.12378,0.62238
crops/hibogi_ai_00423_0.jpg,hibogi_ai_00423,HIBOGI_AI_00423_jpg.rf.83d3a61761524089c63a3a3cd0cbfb63.jpg,,0,0,no_caries,no_caries,0.6597,0.65972,0.09242,0.17125,0.07661
crops/hibogi_ai_00423_1.jpg,hibogi_ai_00423,HIBOGI_AI_00423_jpg.rf.83d3a61761524089c63a3a3cd0cbfb63.jpg,,0,0,no_caries,no_caries,0.7374,0.73743,0.02679,0.15051,0.08527
crops/hibogi_ai_00423_2.jpg,hibogi_ai_00423,HIBOGI_AI_00423_jpg.rf.83d3a61761524089c63a3a3cd0cbfb63.jpg,,0,0,no_caries,no_caries,0.7963,0.79626,0.03814,0.11598,0.04962
crops/hibogi_ai_00423_3.jpg,hibogi_ai_00423,HIBOGI_AI_00423_jpg.rf.83d3a61761524089c63a3a3cd0cbfb63.jpg,,5,0,advanced,moderate,0.3913,0.3323,0.06207,0.39134,0.2143
crops/hibogi_ai_00423_4.jpg,hibogi_ai_00423,HIBOGI_AI_00423_jpg.rf.83d3a61761524089c63a3a3cd0cbfb63.jpg,,6,0,advanced,advanced,0.9789,0.00287,0.0051,0.01308,0.97895
crops/hibogi_ai_00423_5.jpg,hibogi_ai_00423,HIBOGI_AI_00423_jpg.rf.83d3a61761524089c63a3a3cd0cbfb63.jpg,,6,0,advanced,advanced,0.9844,0.00406,0.0049,0.00661,0.98442
crops/hibogi_ai_00423_6.jpg,hibogi_ai_00423,HIBOGI_AI_00423_jpg.rf.83d3a61761524089c63a3a3cd0cbfb63.jpg,,6,0,advanced,advanced,0.9338,0.00566,0.0078,0.05276,0.93378
crops/hibogi_ai_00423_7.jpg,hibogi_ai_00423,HIBOGI_AI_00423_jpg.rf.83d3a61761524089c63a3a3cd0cbfb63.jpg,,5,0,advanced,advanced,0.9736,0.00284,0.00697,0.01661,0.97358
crops/hibogi_ai_00423_8.jpg,hibogi_ai_00423,HIBOGI_AI_00423_jpg.rf.83d3a61761524089c63a3a3cd0cbfb63.jpg,,5,0,advanced,mild,0.6847,0.05168,0.68473,0.1041,0.15949
crops/hibogi_ai_00423_9.jpg,hibogi_ai_00423,HIBOGI_AI_00423_jpg.rf.83d3a61761524089c63a3a3cd0cbfb63.jpg,,0,0,no_caries,no_caries,0.7341,0.73415,0.03788,0.14299,0.08498
crops/hibogi_ai_00423_10.jpg,hibogi_ai_00423,HIBOGI_AI_00423_jpg.rf.83d3a61761524089c63a3a3cd0cbfb63.jpg,,0,0,no_caries,no_caries,0.6869,0.68694,0.01758,0.21398,0.08151
crops/hibogi_ai_00423_12.jpg,hibogi_ai_00423,HIBOGI_AI_00423_jpg.rf.83d3a61761524089c63a3a3cd0cbfb63.jpg,,6,0,advanced,advanced,0.8114,0.03645,0.06125,0.09092,0.81138
crops/hibogi_ai_00745_png_0.jpg,hibogi_ai_00745_png,HIBOGI_AI_00745_png_jpg.rf.26cf5bbf3f2be8a6b48ded192145ef0d.jpg,,0,0,no_caries,no_caries,0.4735,0.47354,0.3656,0.0503,0.11056
crops/hibogi_ai_00745_png_1.jpg,hibogi_ai_00745_png,HIBOGI_AI_00745_png_jpg.rf.26cf5bbf3f2be8a6b48ded192145ef0d.jpg,,0,0,no_caries,no_caries,0.5293,0.5293,0.29851,0.0771,0.0951
crops/hibogi_ai_00745_png_2.jpg,hibogi_ai_00745_png,HIBOGI_AI_00745_png_jpg.rf.26cf5bbf3f2be8a6b48ded192145ef0d.jpg,,0,0,no_caries,mild,0.3838,0.33529,0.38382,0.13476,0.14612
crops/hibogi_ai_00745_png_3.jpg,hibogi_ai_00745_png,HIBOGI_AI_00745_png_jpg.rf.26cf5bbf3f2be8a6b48ded192145ef0d.jpg,,0,0,no_caries,no_caries,0.7098,0.70977,0.04958,0.1695,0.07115
crops/hibogi_ai_00745_png_4.jpg,hibogi_ai_00745_png,HIBOGI_AI_00745_png_jpg.rf.26cf5bbf3f2be8a6b48ded192145ef0d.jpg,,0,0,no_caries,no_caries,0.7684,0.76842,0.0433,0.13046,0.05782
crops/hibogi_ai_00745_png_5.jpg,hibogi_ai_00745_png,HIBOGI_AI_00745_png_jpg.rf.26cf5bbf3f2be8a6b48ded192145ef0d.jpg,,0,0,no_caries,mild,0.5628,0.32119,0.56284,0.04944,0.06653
crops/hibogi_ai_00745_png_6.jpg,hibogi_ai_00745_png,HIBOGI_AI_00745_png_jpg.rf.26cf5bbf3f2be8a6b48ded192145ef0d.jpg,,0,0,no_caries,mild,0.4069,0.32722,0.40686,0.1326,0.13332
crops/hibogi_ai_00745_png_7.jpg,hibogi_ai_00745_png,HIBOGI_AI_00745_png_jpg.rf.26cf5bbf3f2be8a6b48ded192145ef0d.jpg,,0,0,no_caries,advanced,0.7268,0.03777,0.18332,0.05214,0.72676
crops/hibogi_ai_00951_png_0.jpg,hibogi_ai_00951_png,HIBOGI_AI_00951_png_jpg.rf.3e7f5622b1ec2728a3c158af22b7465b.jpg,,3,0,moderate,mild,0.5333,0.16063,0.53327,0.2176,0.0885
crops/hibogi_ai_00951_png_1.jpg,hibogi_ai_00951_png,HIBOGI_AI_00951_png_jpg.rf.3e7f5622b1ec2728a3c158af22b7465b.jpg,,0,0,no_caries,no_caries,0.7195,0.71951,0.18883,0.06802,0.02364
crops/hibogi_ai_00951_png_2.jpg,hibogi_ai_00951_png,HIBOGI_AI_00951_png_jpg.rf.3e7f5622b1ec2728a3c158af22b7465b.jpg,,0,0,no_caries,no_caries,0.7348,0.73478,0.12908,0.07194,0.0642
crops/hibogi_ai_00951_png_3.jpg,hibogi_ai_00951_png,HIBOGI_AI_00951_png_jpg.rf.3e7f5622b1ec2728a3c158af22b7465b.jpg,,0,0,no_caries,no_caries,0.8502,0.85015,0.02966,0.07388,0.04631
crops/hibogi_ai_00951_png_4.jpg,hibogi_ai_00951_png,HIBOGI_AI_00951_png_jpg.rf.3e7f5622b1ec2728a3c158af22b7465b.jpg,,0,0,no_caries,no_caries,0.8907,0.89072,0.02633,0.05917,0.02379
crops/hibogi_ai_00951_png_5.jpg,hibogi_ai_00951_png,HIBOGI_AI_00951_png_jpg.rf.3e7f5622b1ec2728a3c158af22b7465b.jpg,,0,0,no_caries,no_caries,0.8209,0.82093,0.03017,0.12551,0.02339
crops/hibogi_ai_00951_png_6.jpg,hibogi_ai_00951_png,HIBOGI_AI_00951_png_jpg.rf.3e7f5622b1ec2728a3c158af22b7465b.jpg,,0,0,no_caries,no_caries,0.8217,0.82166,0.0236,0.13398,0.02076
crops/hibogi_ai_00951_png_7.jpg,hibogi_ai_00951_png,HIBOGI_AI_00951_png_jpg.rf.3e7f5622b1ec2728a3c158af22b7465b.jpg,,0,0,no_caries,no_caries,0.4654,0.4654,0.27935,0.20031,0.05493
crops/hibogi_ai_00951_png_8.jpg,hibogi_ai_00951_png,HIBOGI_AI_00951_png_jpg.rf.3e7f5622b1ec2728a3c158af22b7465b.jpg,,3,0,moderate,mild,0.6057,0.15595,0.6057,0.20169,0.03666
crops/hibogi_ai_00951_png_9.jpg,hibogi_ai_00951_png,HIBOGI_AI_00951_png_jpg.rf.3e7f5622b1ec2728a3c158af22b7465b.jpg,,0,0,no_caries,mild,0.4212,0.37093,0.42124,0.16168,0.04615
crops/hibogi_ai_00951_png_10.jpg,hibogi_ai_00951_png,HIBOGI_AI_00951_png_jpg.rf.3e7f5622b1ec2728a3c158af22b7465b.jpg,,3,0,moderate,mild,0.6725,0.16168,0.67247,0.14535,0.0205
crops/hibogi_ai_00951_png_11.jpg,hibogi_ai_00951_png,HIBOGI_AI_00951_png_jpg.rf.3e7f5622b1ec2728a3c158af22b7465b.jpg,,0,0,no_caries,no_caries,0.7667,0.76665,0.12841,0.06243,0.04251
crops/hibogi_ai_00951_png_12.jpg,hibogi_ai_00951_png,HIBOGI_AI_00951_png_jpg.rf.3e7f5622b1ec2728a3c158af22b7465b.jpg,,0,0,no_caries,no_caries,0.725,0.72501,0.05913,0.18353,0.03233
crops/hibogi_ai_00951_png_13.jpg,hibogi_ai_00951_png,HIBOGI_AI_00951_png_jpg.rf.3e7f5622b1ec2728a3c158af22b7465b.jpg,,0,0,no_caries,no_caries,0.7723,0.7723,0.05058,0.14909,0.02804
crops/hibogi_ai_00951_png_14.jpg,hibogi_ai_00951_png,HIBOGI_AI_00951_png_jpg.rf.3e7f5622b1ec2728a3c158af22b7465b.jpg,,0,0,no_caries,no_caries,0.8211,0.82106,0.03687,0.07811,0.06396
crops/hibogi_ai_00951_png_15.jpg,hibogi_ai_00951_png,HIBOGI_AI_00951_png_jpg.rf.3e7f5622b1ec2728a3c158af22b7465b.jpg,,0,0,no_caries,no_caries,0.7305,0.73048,0.05295,0.12738,0.08919
crops/hibogi_ai_00979_0.jpg,hibogi_ai_00979,HIBOGI_AI_00979_jpg.rf.46f6d549e3a3d4fabfa546185ea56bca.jpg,,0,0,no_caries,mild,0.8197,0.10715,0.81969,0.01577,0.05739
crops/hibogi_ai_00979_1.jpg,hibogi_ai_00979,HIBOGI_AI_00979_jpg.rf.46f6d549e3a3d4fabfa546185ea56bca.jpg,,0,0,no_caries,mild,0.482,0.44368,0.48195,0.03674,0.03763
crops/hibogi_ai_00979_2.jpg,hibogi_ai_00979,HIBOGI_AI_00979_jpg.rf.46f6d549e3a3d4fabfa546185ea56bca.jpg,,0,0,no_caries,no_caries,0.7989,0.79886,0.08291,0.05344,0.06479
crops/hibogi_ai_00979_3.jpg,hibogi_ai_00979,HIBOGI_AI_00979_jpg.rf.46f6d549e3a3d4fabfa546185ea56bca.jpg,,0,0,no_caries,no_caries,0.7125,0.71252,0.10983,0.07654,0.10111
crops/hibogi_ai_00979_4.jpg,hibogi_ai_00979,HIBOGI_AI_00979_jpg.rf.46f6d549e3a3d4fabfa546185ea56bca.jpg,,0,0,no_caries,no_caries,0.7674,0.76741,0.06695,0.08148,0.08416
crops/hibogi_ai_00979_5.jpg,hibogi_ai_00979,HIBOGI_AI_00979_jpg.rf.46f6d549e3a3d4fabfa546185ea56bca.jpg,,0,0,no_caries,no_caries,0.7465,0.74654,0.12558,0.06272,0.06516
crops/hibogi_ai_00979_6.jpg,hibogi_ai_00979,HIBOGI_AI_00979_jpg.rf.46f6d549e3a3d4fabfa546185ea56bca.jpg,,0,0,no_caries,no_caries,0.8364,0.83636,0.05999,0.05278,0.05087
crops/hibogi_ai_00979_7.jpg,hibogi_ai_00979,HIBOGI_AI_00979_jpg.rf.46f6d549e3a3d4fabfa546185ea56bca.jpg,,0,0,no_caries,no_caries,0.6129,0.61291,0.29771,0.04649,0.04289
crops/hibogi_ai_00979_8.jpg,hibogi_ai_00979,HIBOGI_AI_00979_jpg.rf.46f6d549e3a3d4fabfa546185ea56bca.jpg,,0,0,no_caries,no_caries,0.7334,0.73338,0.16573,0.05747,0.04342
crops/hibogi_ai_00979_9.jpg,hibogi_ai_00979,HIBOGI_AI_00979_jpg.rf.46f6d549e3a3d4fabfa546185ea56bca.jpg,,0,0,no_caries,no_caries,0.7113,0.71134,0.08538,0.10707,0.09622
crops/hibogi_ai_00979_10.jpg,hibogi_ai_00979,HIBOGI_AI_00979_jpg.rf.46f6d549e3a3d4fabfa546185ea56bca.jpg,,0,0,no_caries,no_caries,0.7923,0.79228,0.07132,0.08361,0.05279
crops/hibogi_ai_00995_0.jpg,hibogi_ai_00995,HIBOGI_AI_00995_jpg.rf.4dec89ca463927b6f030a1e1c732517a.jpg,,0,0,no_caries,no_caries,0.7663,0.76625,0.0818,0.08937,0.06258
crops/hibogi_ai_00995_1.jpg,hibogi_ai_00995,HIBOGI_AI_00995_jpg.rf.4dec89ca463927b6f030a1e1c732517a.jpg,,0,0,no_caries,no_caries,0.7998,0.79982,0.0622,0.07578,0.0622
crops/hibogi_ai_00995_2.jpg,hibogi_ai_00995,HIBOGI_AI_00995_jpg.rf.4dec89ca463927b6f030a1e1c732517a.jpg,,3,0,moderate,moderate,0.4233,0.1595,0.13913,0.42329,0.27808
crops/hibogi_ai_00995_3.jpg,hibogi_ai_00995,HIBOGI_AI_00995_jpg.rf.4dec89ca463927b6f030a1e1c732517a.jpg,,0,0,no_caries,no_caries,0.7905,0.79046,0.07796,0.07218,0.0594
crops/hibogi_ai_00995_4.jpg,hibogi_ai_00995,HIBOGI_AI_00995_jpg.rf.4dec89ca463927b6f030a1e1c732517a.jpg,,0,0,no_caries,no_caries,0.8284,0.8284,0.05304,0.06395,0.0546
crops/hibogi_ai_00995_5.jpg,hibogi_ai_00995,HIBOGI_AI_00995_jpg.rf.4dec89ca463927b6f030a1e1c732517a.jpg,,0,0,no_caries,no_caries,0.632,0.63204,0.21811,0.09216,0.05769
crops/hibogi_ai_00995_6.jpg,hibogi_ai_00995,HIBOGI_AI_00995_jpg.rf.4dec89ca463927b6f030a1e1c732517a.jpg,,0,0,no_caries,no_caries,0.6643,0.66434,0.13358,0.13883,0.06325
crops/hibogi_ai_00995_7.jpg,hibogi_ai_00995,HIBOGI_AI_00995_jpg.rf.4dec89ca463927b6f030a1e1c732517a.jpg,,0,0,no_caries,no_caries,0.7036,0.70363,0.18746,0.0543,0.05461
crops/hibogi_ai_00995_8.jpg,hibogi_ai_00995,HIBOGI_AI_00995_jpg.rf.4dec89ca463927b6f030a1e1c732517a.jpg,,0,0,no_caries,no_caries,0.4456,0.44563,0.2178,0.28906,0.04751
crops/hibogi_ai_00995_9.jpg,hibogi_ai_00995,HIBOGI_AI_00995_jpg.rf.4dec89ca463927b6f030a1e1c732517a.jpg,,0,0,no_caries,no_caries,0.7459,0.74588,0.08044,0.09337,0.0803
crops/hibogi_ai_00995_10.jpg,hibogi_ai_00995,HIBOGI_AI_00995_jpg.rf.4dec89ca463927b6f030a1e1c732517a.jpg,,0,0,no_caries,no_caries,0.7703,0.77027,0.07926,0.07445,0.07602
crops/hibogi_ai_00995_11.jpg,hibogi_ai_00995,HIBOGI_AI_00995_jpg.rf.4dec89ca463927b6f030a1e1c732517a.jpg,,0,0,no_caries,no_caries,0.8074,0.80743,0.04673,0.08988,0.05596
crops/hibogi_ai_00995_12.jpg,hibogi_ai_00995,HIBOGI_AI_00995_jpg.rf.4dec89ca463927b6f030a1e1c732517a.jpg,,0,0,no_caries,no_caries,0.8128,0.81277,0.0528,0.06928,0.06515
crops/hibogi_ai_00995_13.jpg,hibogi_ai_00995,HIBOGI_AI_00995_jpg.rf.4dec89ca463927b6f030a1e1c732517a.jpg,,0,0,no_caries,no_caries,0.7691,0.76909,0.06392,0.08351,0.08347
crops/hibogi_ai_00995_14.jpg,hibogi_ai_00995,HIBOGI_AI_00995_jpg.rf.4dec89ca463927b6f030a1e1c732517a.jpg,,3,0,moderate,no_caries,0.527,0.52703,0.15368,0.25103,0.06826
crops/hibogi_ai_00997_0.jpg,hibogi_ai_00997,HIBOGI_AI_00997_jpg.rf.fe6cc58e1139bd955850ef6221d5afd5.jpg,,0,0,no_caries,mild,0.3044,0.22173,0.30438,0.21828,0.25561
crops/hibogi_ai_00997_1.jpg,hibogi_ai_00997,HIBOGI_AI_00997_jpg.rf.fe6cc58e1139bd955850ef6221d5afd5.jpg,,0,0,no_caries,no_caries,0.8107,0.81065,0.07972,0.07123,0.0384
crops/hibogi_ai_00997_2.jpg,hibogi_ai_00997,HIBOGI_AI_00997_jpg.rf.fe6cc58e1139bd955850ef6221d5afd5.jpg,,0,0,no_caries,no_caries,0.6506,0.65056,0.21778,0.07018,0.06149
crops/hibogi_ai_00997_3.jpg,hibogi_ai_00997,HIBOGI_AI_00997_jpg.rf.fe6cc58e1139bd955850ef6221d5afd5.jpg,,0,0,no_caries,no_caries,0.7161,0.71612,0.16088,0.07934,0.04366
crops/hibogi_ai_00997_4.jpg,hibogi_ai_00997,HIBOGI_AI_00997_jpg.rf.fe6cc58e1139bd955850ef6221d5afd5.jpg,,3,0,moderate,moderate,0.608,0.05033,0.04441,0.60797,0.29729
crops/hibogi_ai_00997_5.jpg,hibogi_ai_00997,HIBOGI_AI_00997_jpg.rf.fe6cc58e1139bd955850ef6221d5afd5.jpg,,0,0,no_caries,no_caries,0.806,0.80601,0.06996,0.06852,0.05551
crops/hibogi_ai_00997_6.jpg,hibogi_ai_00997,HIBOGI_AI_00997_jpg.rf.fe6cc58e1139bd955850ef6221d5afd5.jpg,,0,0,no_caries,no_caries,0.7573,0.75729,0.0859,0.06193,0.09488
crops/hibogi_ai_00997_7.jpg,hibogi_ai_00997,HIBOGI_AI_00997_jpg.rf.fe6cc58e1139bd955850ef6221d5afd5.jpg,,0,0,no_caries,no_caries,0.8077,0.80773,0.05145,0.07371,0.0671
crops/hibogi_ai_00997_8.jpg,hibogi_ai_00997,HIBOGI_AI_00997_jpg.rf.fe6cc58e1139bd955850ef6221d5afd5.jpg,,0,0,no_caries,no_caries,0.7459,0.74585,0.07573,0.10733,0.07109
crops/hibogi_ai_00997_9.jpg,hibogi_ai_00997,HIBOGI_AI_00997_jpg.rf.fe6cc58e1139bd955850ef6221d5afd5.jpg,,0,0,no_caries,no_caries,0.7501,0.7501,0.1025,0.08103,0.06637
crops/hibogi_ai_00997_10.jpg,hibogi_ai_00997,HIBOGI_AI_00997_jpg.rf.fe6cc58e1139bd955850ef6221d5afd5.jpg,,0,0,no_caries,no_caries,0.7566,0.75663,0.08738,0.07838,0.07762
crops/hibogi_ai_00997_11.jpg,hibogi_ai_00997,HIBOGI_AI_00997_jpg.rf.fe6cc58e1139bd955850ef6221d5afd5.jpg,,0,0,no_caries,no_caries,0.7715,0.77153,0.05632,0.07787,0.09428
crops/hibogi_ai_00997_12.jpg,hibogi_ai_00997,HIBOGI_AI_00997_jpg.rf.fe6cc58e1139bd955850ef6221d5afd5.jpg,,0,0,no_caries,no_caries,0.6874,0.68739,0.05658,0.08728,0.16875
crops/hibogi_ai_00997_14.jpg,hibogi_ai_00997,HIBOGI_AI_00997_jpg.rf.fe6cc58e1139bd955850ef6221d5afd5.jpg,,0,0,no_caries,no_caries,0.4302,0.43019,0.04612,0.18289,0.3408
crops/hibogi_ai_01082_0.jpg,hibogi_ai_01082,HIBOGI_AI_01082_jpg.rf.fd5c09cceaaa3e934d3e09515c0becef.jpg,,6,0,advanced,advanced,0.8914,0.01617,0.07982,0.01258,0.89143
crops/hibogi_ai_01082_1.jpg,hibogi_ai_01082,HIBOGI_AI_01082_jpg.rf.fd5c09cceaaa3e934d3e09515c0becef.jpg,,0,0,no_caries,advanced,0.4007,0.2837,0.15869,0.15686,0.40075
crops/hibogi_ai_01082_2.jpg,hibogi_ai_01082,HIBOGI_AI_01082_jpg.rf.fd5c09cceaaa3e934d3e09515c0becef.jpg,,0,0,no_caries,mild,0.492,0.40505,0.49199,0.06333,0.03963
crops/hibogi_ai_01082_3.jpg,hibogi_ai_01082,HIBOGI_AI_01082_jpg.rf.fd5c09cceaaa3e934d3e09515c0becef.jpg,,0,0,no_caries,no_caries,0.5076,0.50761,0.42145,0.03368,0.03726
crops/hibogi_ai_01082_4.jpg,hibogi_ai_01082,HIBOGI_AI_01082_jpg.rf.fd5c09cceaaa3e934d3e09515c0becef.jpg,,0,0,no_caries,no_caries,0.8233,0.82326,0.05505,0.06184,0.05985
crops/hibogi_ai_01082_5.jpg,hibogi_ai_01082,HIBOGI_AI_01082_jpg.rf.fd5c09cceaaa3e934d3e09515c0becef.jpg,,0,0,no_caries,mild,0.4733,0.40977,0.47329,0.03684,0.08009
crops/hibogi_ai_01082_6.jpg,hibogi_ai_01082,HIBOGI_AI_01082_jpg.rf.fd5c09cceaaa3e934d3e09515c0becef.jpg,,0,0,no_caries,mild,0.4908,0.42957,0.49084,0.03813,0.04146
crops/hibogi_ai_01082_7.jpg,hibogi_ai_01082,HIBOGI_AI_01082_jpg.rf.fd5c09cceaaa3e934d3e09515c0becef.jpg,,0,0,no_caries,no_caries,0.7733,0.77331,0.14255,0.03938,0.04476
crops/hibogi_ai_01082_8.jpg,hibogi_ai_01082,HIBOGI_AI_01082_jpg.rf.fd5c09cceaaa3e934d3e09515c0becef.jpg,,0,0,no_caries,no_caries,0.832,0.83203,0.07822,0.0385,0.05124
crops/hibogi_ai_01082_9.jpg,hibogi_ai_01082,HIBOGI_AI_01082_jpg.rf.fd5c09cceaaa3e934d3e09515c0becef.jpg,,0,0,no_caries,mild,0.6348,0.27343,0.63477,0.04366,0.04814
crops/hibogi_ai_01082_10.jpg,hibogi_ai_01082,HIBOGI_AI_01082_jpg.rf.fd5c09cceaaa3e934d3e09515c0becef.jpg,,0,0,no_caries,advanced,0.6159,0.11247,0.22081,0.05077,0.61595
crops/hibogi_ai_01082_11.jpg,hibogi_ai_01082,HIBOGI_AI_01082_jpg.rf.fd5c09cceaaa3e934d3e09515c0becef.jpg,,6,0,advanced,advanced,0.8951,0.00532,0.06195,0.03763,0.8951
crops/hibogi_ai_01101_0.jpg,hibogi_ai_01101,HIBOGI_AI_01101_jpg.rf.1843f7cb8479cde15e295803b7284f3e.jpg,,0,0,no_caries,no_caries,0.7352,0.73525,0.12126,0.0525,0.091
crops/hibogi_ai_01101_1.jpg,hibogi_ai_01101,HIBOGI_AI_01101_jpg.rf.1843f7cb8479cde15e295803b7284f3e.jpg,,0,0,no_caries,no_caries,0.85,0.85003,0.01675,0.06424,0.06899
crops/hibogi_ai_01101_2.jpg,hibogi_ai_01101,HIBOGI_AI_01101_jpg.rf.1843f7cb8479cde15e295803b7284f3e.jpg,,0,0,no_caries,no_caries,0.811,0.81099,0.03324,0.07691,0.07886
crops/hibogi_ai_01101_3.jpg,hibogi_ai_01101,HIBOGI_AI_01101_jpg.rf.1843f7cb8479cde15e295803b7284f3e.jpg,,0,0,no_caries,no_caries,0.7755,0.77545,0.05575,0.0864,0.0824
crops/hibogi_ai_01101_4.jpg,hibogi_ai_01101,HIBOGI_AI_01101_jpg.rf.1843f7cb8479cde15e295803b7284f3e.jpg,,0,0,no_caries,no_caries,0.7743,0.77435,0.07696,0.1057,0.043
crops/hibogi_ai_01101_5.jpg,hibogi_ai_01101,HIBOGI_AI_01101_jpg.rf.1843f7cb8479cde15e295803b7284f3e.jpg,,0,0,no_caries,no_caries,0.7503,0.75033,0.12207,0.07096,0.05664
crops/hibogi_ai_01101_6.jpg,hibogi_ai_01101,HIBOGI_AI_01101_jpg.rf.1843f7cb8479cde15e295803b7284f3e.jpg,,0,0,no_caries,mild,0.6098,0.21655,0.60984,0.0638,0.10982
crops/hibogi_ai_01101_7.jpg,hibogi_ai_01101,HIBOGI_AI_01101_jpg.rf.1843f7cb8479cde15e295803b7284f3e.jpg,,0,0,no_caries,no_caries,0.6426,0.64263,0.10508,0.19839,0.05391
crops/hibogi_ai_01101_8.jpg,hibogi_ai_01101,HIBOGI_AI_01101_jpg.rf.1843f7cb8479cde15e295803b7284f3e.jpg,,0,0,no_caries,no_caries,0.8244,0.82443,0.04875,0.06699,0.05983
crops/hibogi_ai_01101_9.jpg,hibogi_ai_01101,HIBOGI_AI_01101_jpg.rf.1843f7cb8479cde15e295803b7284f3e.jpg,,0,0,no_caries,no_caries,0.7775,0.77751,0.08262,0.07183,0.06803
crops/hibogi_ai_01101_10.jpg,hibogi_ai_01101,HIBOGI_AI_01101_jpg.rf.1843f7cb8479cde15e295803b7284f3e.jpg,,0,0,no_caries,no_caries,0.7255,0.7255,0.10147,0.06609,0.10693
crops/hibogi_ai_01101_11.jpg,hibogi_ai_01101,HIBOGI_AI_01101_jpg.rf.1843f7cb8479cde15e295803b7284f3e.jpg,,0,0,no_caries,no_caries,0.7865,0.78649,0.03736,0.09522,0.08093
crops/hibogi_ai_01101_12.jpg,hibogi_ai_01101,HIBOGI_AI_01101_jpg.rf.1843f7cb8479cde15e295803b7284f3e.jpg,,0,0,no_caries,no_caries,0.8422,0.8422,0.01916,0.07794,0.0607
crops/hibogi_ai_01101_13.jpg,hibogi_ai_01101,HIBOGI_AI_01101_jpg.rf.1843f7cb8479cde15e295803b7284f3e.jpg,,0,0,no_caries,no_caries,0.7429,0.74294,0.02358,0.17564,0.05784
crops/hibogi_ai_01126_png_0.jpg,hibogi_ai_01126_png,HIBOGI_AI_01126_png_jpg.rf.dd093672a894c069792035565b6b7212.jpg,,3,0,moderate,mild,0.5049,0.18212,0.50488,0.21029,0.10271
crops/hibogi_ai_01126_png_1.jpg,hibogi_ai_01126_png,HIBOGI_AI_01126_png_jpg.rf.dd093672a894c069792035565b6b7212.jpg,,2,0,mild,no_caries,0.4573,0.45726,0.35567,0.1405,0.04658
crops/hibogi_ai_01126_png_2.jpg,hibogi_ai_01126_png,HIBOGI_AI_01126_png_jpg.rf.dd093672a894c069792035565b6b7212.jpg,,2,0,mild,no_caries,0.5417,0.54172,0.24359,0.09565,0.11904
crops/hibogi_ai_01126_png_3.jpg,hibogi_ai_01126_png,HIBOGI_AI_01126_png_jpg.rf.dd093672a894c069792035565b6b7212.jpg,,0,0,no_caries,no_caries,0.819,0.81898,0.08419,0.05171,0.04513
crops/hibogi_ai_01126_png_4.jpg,hibogi_ai_01126_png,HIBOGI_AI_01126_png_jpg.rf.dd093672a894c069792035565b6b7212.jpg,,0,0,no_caries,no_caries,0.7739,0.77394,0.06666,0.08883,0.07057
crops/hibogi_ai_01126_png_5.jpg,hibogi_ai_01126_png,HIBOGI_AI_01126_png_jpg.rf.dd093672a894c069792035565b6b7212.jpg,,0,0,no_caries,no_caries,0.6453,0.64529,0.07596,0.17626,0.10249
crops/hibogi_ai_01126_png_6.jpg,hibogi_ai_01126_png,HIBOGI_AI_01126_png_jpg.rf.dd093672a894c069792035565b6b7212.jpg,,5,0,advanced,advanced,0.5014,0.04267,0.3884,0.06756,0.50138
crops/hibogi_ai_01126_png_7.jpg,hibogi_ai_01126_png,HIBOGI_AI_01126_png_jpg.rf.dd093672a894c069792035565b6b7212.jpg,,3,0,moderate,mild,0.6973,0.11154,0.69735,0.08874,0.10237
crops/hibogi_ai_01126_png_8.jpg,hibogi_ai_01126_png,HIBOGI_AI_01126_png_jpg.rf.dd093672a894c069792035565b6b7212.jpg,,5,0,advanced,moderate,0.5761,0.08026,0.08572,0.57612,0.2579
crops/hibogi_ai_01126_png_9.jpg,hibogi_ai_01126_png,HIBOGI_AI_01126_png_jpg.rf.dd093672a894c069792035565b6b7212.jpg,,0,0,no_caries,mild,0.3987,0.27765,0.39873,0.26346,0.06016
crops/hibogi_ai_01126_png_10.jpg,hibogi_ai_01126_png,HIBOGI_AI_01126_png_jpg.rf.dd093672a894c069792035565b6b7212.jpg,,0,0,no_caries,no_caries,0.5097,0.50966,0.30414,0.12796,0.05825
crops/hibogi_ai_01126_png_11.jpg,hibogi_ai_01126_png,HIBOGI_AI_01126_png_jpg.rf.dd093672a894c069792035565b6b7212.jpg,,0,0,no_caries,no_caries,0.6297,0.62975,0.21526,0.07571,0.07929
crops/hibogi_ai_01126_png_12.jpg,hibogi_ai_01126_png,HIBOGI_AI_01126_png_jpg.rf.dd093672a894c069792035565b6b7212.jpg,,0,0,no_caries,no_caries,0.6174,0.61743,0.14446,0.15616,0.08194
crops/hibogi_ai_01126_png_13.jpg,hibogi_ai_01126_png,HIBOGI_AI_01126_png_jpg.rf.dd093672a894c069792035565b6b7212.jpg,,0,0,no_caries,no_caries,0.8047,0.80471,0.04158,0.07602,0.0777
crops/hibogi_ai_01126_png_14.jpg,hibogi_ai_01126_png,HIBOGI_AI_01126_png_jpg.rf.dd093672a894c069792035565b6b7212.jpg,,0,0,no_caries,no_caries,0.5738,0.57379,0.20904,0.14046,0.07672
crops/hibogi_ai_01126_png_15.jpg,hibogi_ai_01126_png,HIBOGI_AI_01126_png_jpg.rf.dd093672a894c069792035565b6b7212.jpg,,0,0,no_caries,no_caries,0.4315,0.43153,0.36004,0.17853,0.0299
crops/hibogi_ai_01126_png_16.jpg,hibogi_ai_01126_png,HIBOGI_AI_01126_png_jpg.rf.dd093672a894c069792035565b6b7212.jpg,,0,0,no_caries,mild,0.4456,0.37285,0.44561,0.15453,0.02702
crops/hibogi_ai_01126_png_17.jpg,hibogi_ai_01126_png,HIBOGI_AI_01126_png_jpg.rf.dd093672a894c069792035565b6b7212.jpg,,0,0,no_caries,moderate,0.8723,0.02408,0.05647,0.8723,0.04716
crops/hibogi_ai_01166_0.jpg,hibogi_ai_01166,HIBOGI_AI_01166_jpg.rf.8e40ba600225b66804591f54793da23e.jpg,,1,0,mild,advanced,0.5385,0.05221,0.34938,0.05995,0.53845
crops/hibogi_ai_01166_1.jpg,hibogi_ai_01166,HIBOGI_AI_01166_jpg.rf.8e40ba600225b66804591f54793da23e.jpg,,1,0,mild,mild,0.637,0.19729,0.63699,0.10315,0.06257
crops/hibogi_ai_01166_2.jpg,hibogi_ai_01166,HIBOGI_AI_01166_jpg.rf.8e40ba600225b66804591f54793da23e.jpg,,0,0,no_caries,no_caries,0.7403,0.74035,0.06584,0.14576,0.04805
crops/hibogi_ai_01166_3.jpg,hibogi_ai_01166,HIBOGI_AI_01166_jpg.rf.8e40ba600225b66804591f54793da23e.jpg,,0,0,no_caries,no_caries,0.8158,0.81581,0.03405,0.07629,0.07386
crops/hibogi_ai_01166_4.jpg,hibogi_ai_01166,HIBOGI_AI_01166_jpg.rf.8e40ba600225b66804591f54793da23e.jpg,,0,0,no_caries,no_caries,0.7853,0.78532,0.05695,0.0719,0.08583
crops/hibogi_ai_01166_5.jpg,hibogi_ai_01166,HIBOGI_AI_01166_jpg.rf.8e40ba600225b66804591f54793da23e.jpg,,0,0,no_caries,no_caries,0.7812,0.78122,0.07425,0.08205,0.06249
crops/hibogi_ai_01166_6.jpg,hibogi_ai_01166,HIBOGI_AI_01166_jpg.rf.8e40ba600225b66804591f54793da23e.jpg,,0,0,no_caries,advanced,0.8023,0.07094,0.05628,0.07049,0.8023
crops/hibogi_ai_01166_7.jpg,hibogi_ai_01166,HIBOGI_AI_01166_jpg.rf.8e40ba600225b66804591f54793da23e.jpg,,0,0,no_caries,mild,0.6826,0.22079,0.68255,0.06431,0.03235
crops/hibogi_ai_01166_8.jpg,hibogi_ai_01166,HIBOGI_AI_01166_jpg.rf.8e40ba600225b66804591f54793da23e.jpg,,0,0,no_caries,no_caries,0.6337,0.63368,0.24127,0.07744,0.04761
crops/hibogi_ai_01166_9.jpg,hibogi_ai_01166,HIBOGI_AI_01166_jpg.rf.8e40ba600225b66804591f54793da23e.jpg,,5,0,advanced,advanced,0.5111,0.00582,0.01983,0.46324,0.51111
crops/hibogi_ai_01219_0.jpg,hibogi_ai_01219,HIBOGI_AI_01219_jpg.rf.a2cf3face43d6e0e01095a11d8122690.jpg,,1,0,mild,no_caries,0.3376,0.33761,0.33107,0.04603,0.28528
crops/hibogi_ai_01219_1.jpg,hibogi_ai_01219,HIBOGI_AI_01219_jpg.rf.a2cf3face43d6e0e01095a11d8122690.jpg,,5,0,advanced,moderate,0.6202,0.14141,0.05249,0.62021,0.18588
crops/hibogi_ai_01219_2.jpg,hibogi_ai_01219,HIBOGI_AI_01219_jpg.rf.a2cf3face43d6e0e01095a11d8122690.jpg,,5,0,advanced,advanced,0.8199,0.01341,0.0708,0.09587,0.81993
crops/hibogi_ai_01219_3.jpg,hibogi_ai_01219,HIBOGI_AI_01219_jpg.rf.a2cf3face43d6e0e01095a11d8122690.jpg,,0,0,no_caries,no_caries,0.6971,0.69712,0.08437,0.07201,0.1465
crops/hibogi_ai_01219_4.jpg,hibogi_ai_01219,HIBOGI_AI_01219_jpg.rf.a2cf3face43d6e0e01095a11d8122690.jpg,,0,0,no_caries,advanced,0.4653,0.4035,0.07213,0.05903,0.46534
crops/hibogi_ai_01271_png_0.jpg,hibogi_ai_01271_png,HIBOGI_AI_01271_png_jpg.rf.0093373fed8b1656a4d8ce6da2a80291.jpg,,0,0,no_caries,no_caries,0.4677,0.46771,0.13518,0.23947,0.15764
crops/hibogi_ai_01271_png_1.jpg,hibogi_ai_01271_png,HIBOGI_AI_01271_png_jpg.rf.0093373fed8b1656a4d8ce6da2a80291.jpg,,0,0,no_caries,no_caries,0.7343,0.73428,0.09524,0.10669,0.06379
crops/hibogi_ai_01271_png_2.jpg,hibogi_ai_01271_png,HIBOGI_AI_01271_png_jpg.rf.0093373fed8b1656a4d8ce6da2a80291.jpg,,0,0,no_caries,no_caries,0.7241,0.72414,0.15093,0.04476,0.08017
crops/hibogi_ai_01271_png_3.jpg,hibogi_ai_01271_png,HIBOGI_AI_01271_png_jpg.rf.0093373fed8b1656a4d8ce6da2a80291.jpg,,0,0,no_caries,no_caries,0.7452,0.74522,0.0572,0.07964,0.11795
crops/hibogi_ai_01271_png_4.jpg,hibogi_ai_01271_png,HIBOGI_AI_01271_png_jpg.rf.0093373fed8b1656a4d8ce6da2a80291.jpg,,0,0,no_caries,no_caries,0.85,0.84999,0.04294,0.07719,0.02988
crops/hibogi_ai_01271_png_5.jpg,hibogi_ai_01271_png,HIBOGI_AI_01271_png_jpg.rf.0093373fed8b1656a4d8ce6da2a80291.jpg,,0,0,no_caries,no_caries,0.7598,0.75975,0.04153,0.14422,0.0545
crops/hibogi_ai_01271_png_6.jpg,hibogi_ai_01271_png,HIBOGI_AI_01271_png_jpg.rf.0093373fed8b1656a4d8ce6da2a80291.jpg,,0,0,no_caries,no_caries,0.8365,0.83647,0.0262,0.08647,0.05087
crops/hibogi_ai_01271_png_7.jpg,hibogi_ai_01271_png,HIBOGI_AI_01271_png_jpg.rf.0093373fed8b1656a4d8ce6da2a80291.jpg,,0,0,no_caries,mild,0.5832,0.09844,0.5832,0.28582,0.03254
crops/hibogi_ai_01271_png_8.jpg,hibogi_ai_01271_png,HIBOGI_AI_01271_png_jpg.rf.0093373fed8b1656a4d8ce6da2a80291.jpg,,0,0,no_caries,mild,0.5521,0.18193,0.55211,0.19995,0.06601
crops/hibogi_ai_01271_png_9.jpg,hibogi_ai_01271_png,HIBOGI_AI_01271_png_jpg.rf.0093373fed8b1656a4d8ce6da2a80291.jpg,,0,0,no_caries,no_caries,0.5735,0.57354,0.21712,0.11043,0.0989
crops/hibogi_ai_01271_png_10.jpg,hibogi_ai_01271_png,HIBOGI_AI_01271_png_jpg.rf.0093373fed8b1656a4d8ce6da2a80291.jpg,,0,0,no_caries,no_caries,0.8206,0.82059,0.04481,0.07774,0.05687
crops/hibogi_ai_01271_png_11.jpg,hibogi_ai_01271_png,HIBOGI_AI_01271_png_jpg.rf.0093373fed8b1656a4d8ce6da2a80291.jpg,,0,0,no_caries,no_caries,0.6735,0.67348,0.18445,0.06392,0.07815
crops/hibogi_ai_01271_png_12.jpg,hibogi_ai_01271_png,HIBOGI_AI_01271_png_jpg.rf.0093373fed8b1656a4d8ce6da2a80291.jpg,,0,0,no_caries,no_caries,0.7718,0.77181,0.05618,0.06608,0.10592
crops/hibogi_ai_01271_png_13.jpg,hibogi_ai_01271_png,HIBOGI_AI_01271_png_jpg.rf.0093373fed8b1656a4d8ce6da2a80291.jpg,,0,0,no_caries,no_caries,0.8346,0.83464,0.03456,0.07105,0.05975
crops/hibogi_ai_01271_png_14.jpg,hibogi_ai_01271_png,HIBOGI_AI_01271_png_jpg.rf.0093373fed8b1656a4d8ce6da2a80291.jpg,,0,0,no_caries,no_caries,0.6554,0.65538,0.05485,0.17297,0.11679
crops/hibogi_ai_01282_png_0.jpg,hibogi_ai_01282_png,HIBOGI_AI_01282_png_jpg.rf.67ae374fcf39f6a428e6d06e620927a9.jpg,,5,0,advanced,moderate,0.507,0.2314,0.16628,0.50702,0.0953
crops/hibogi_ai_01282_png_1.jpg,hibogi_ai_01282_png,HIBOGI_AI_01282_png_jpg.rf.67ae374fcf39f6a428e6d06e620927a9.jpg,,0,0,no_caries,no_caries,0.6575,0.6575,0.09611,0.17688,0.06951
crops/hibogi_ai_01282_png_2.jpg,hibogi_ai_01282_png,HIBOGI_AI_01282_png_jpg.rf.67ae374fcf39f6a428e6d06e620927a9.jpg,,0,0,no_caries,no_caries,0.7441,0.74413,0.1221,0.09074,0.04302
crops/hibogi_ai_01282_png_3.jpg,hibogi_ai_01282_png,HIBOGI_AI_01282_png_jpg.rf.67ae374fcf39f6a428e6d06e620927a9.jpg,,0,0,no_caries,no_caries,0.739,0.73899,0.14338,0.06734,0.05029
crops/hibogi_ai_01282_png_4.jpg,hibogi_ai_01282_png,HIBOGI_AI_01282_png_jpg.rf.67ae374fcf39f6a428e6d06e620927a9.jpg,,0,0,no_caries,no_caries,0.7224,0.72241,0.15311,0.08031,0.04418
crops/hibogi_ai_01282_png_5.jpg,hibogi_ai_01282_png,HIBOGI_AI_01282_png_jpg.rf.67ae374fcf39f6a428e6d06e620927a9.jpg,,4,0,moderate,moderate,0.6135,0.09309,0.16574,0.61351,0.12766
crops/hibogi_ai_01282_png_6.jpg,hibogi_ai_01282_png,HIBOGI_AI_01282_png_jpg.rf.67ae374fcf39f6a428e6d06e620927a9.jpg,,0,0,no_caries,moderate,0.4785,0.22718,0.22491,0.47853,0.06938
crops/hibogi_ai_01282_png_7.jpg,hibogi_ai_01282_png,HIBOGI_AI_01282_png_jpg.rf.67ae374fcf39f6a428e6d06e620927a9.jpg,,4,0,moderate,moderate,0.4713,0.0932,0.11303,0.47132,0.32245
crops/hibogi_ai_01282_png_8.jpg,hibogi_ai_01282_png,HIBOGI_AI_01282_png_jpg.rf.67ae374fcf39f6a428e6d06e620927a9.jpg,,0,0,no_caries,moderate,0.5203,0.05999,0.26044,0.52028,0.15929
crops/hibogi_ai_01282_png_9.jpg,hibogi_ai_01282_png,HIBOGI_AI_01282_png_jpg.rf.67ae374fcf39f6a428e6d06e620927a9.jpg,,0,0,no_caries,no_caries,0.6466,0.6466,0.17255,0.11912,0.06173
crops/hibogi_ai_01282_png_10.jpg,hibogi_ai_01282_png,HIBOGI_AI_01282_png_jpg.rf.67ae374fcf39f6a428e6d06e620927a9.jpg,,0,0,no_caries,mild,0.465,0.15384,0.46505,0.24533,0.13579
crops/hibogi_ai_01282_png_11.jpg,hibogi_ai_01282_png,HIBOGI_AI_01282_png_jpg.rf.67ae374fcf39f6a428e6d06e620927a9.jpg,,0,0,no_caries,mild,0.5704,0.18252,0.57042,0.13493,0.11214
crops/hibogi_ai_01282_png_12.jpg,hibogi_ai_01282_png,HIBOGI_AI_01282_png_jpg.rf.67ae374fcf39f6a428e6d06e620927a9.jpg,,0,0,no_caries,mild,0.5512,0.37932,0.55121,0.03655,0.03292
crops/hibogi_ai_01282_png_13.jpg,hibogi_ai_01282_png,HIBOGI_AI_01282_png_jpg.rf.67ae374fcf39f6a428e6d06e620927a9.jpg,,0,0,no_caries,no_caries,0.7614,0.76137,0.04705,0.08135,0.11023
crops/hibogi_ai_01282_png_14.jpg,hibogi_ai_01282_png,HIBOGI_AI_01282_png_jpg.rf.67ae374fcf39f6a428e6d06e620927a9.jpg,,0,0,no_caries,no_caries,0.8263,0.8263,0.02799,0.07078,0.07493
crops/hibogi_ai_01282_png_15.jpg,hibogi_ai_01282_png,HIBOGI_AI_01282_png_jpg.rf.67ae374fcf39f6a428e6d06e620927a9.jpg,,0,0,no_caries,no_caries,0.7367,0.73666,0.10116,0.09639,0.06578
crops/hibogi_ai_01282_png_16.jpg,hibogi_ai_01282_png,HIBOGI_AI_01282_png_jpg.rf.67ae374fcf39f6a428e6d06e620927a9.jpg,,2,0,mild,no_caries,0.3568,0.35679,0.29508,0.27324,0.07489
crops/hibogi_ai_01282_png_17.jpg,hibogi_ai_01282_png,HIBOGI_AI_01282_png_jpg.rf.67ae374fcf39f6a428e6d06e620927a9.jpg,,0,0,no_caries,mild,0.4958,0.32302,0.49583,0.14931,0.03184
crops/hibogi_ai_01289_png_0.jpg,hibogi_ai_01289_png,HIBOGI_AI_01289_png_jpg.rf.f2f6702881ec05f36195ab088fe48652.jpg,,5,0,advanced,advanced,0.3617,0.1619,0.17039,0.30597,0.36174
crops/hibogi_ai_01289_png_1.jpg,hibogi_ai_01289_png,HIBOGI_AI_01289_png_jpg.rf.f2f6702881ec05f36195ab088fe48652.jpg,,0,0,no_caries,no_caries,0.4989,0.49889,0.33414,0.08989,0.07708
crops/hibogi_ai_01289_png_2.jpg,hibogi_ai_01289_png,HIBOGI_AI_01289_png_jpg.rf.f2f6702881ec05f36195ab088fe48652.jpg,,0,0,no_caries,mild,0.4047,0.18963,0.40467,0.29461,0.11109
crops/hibogi_ai_01289_png_3.jpg,hibogi_ai_01289_png,HIBOGI_AI_01289_png_jpg.rf.f2f6702881ec05f36195ab088fe48652.jpg,,0,0,no_caries,no_caries,0.7664,0.76635,0.12494,0.07068,0.03803
crops/hibogi_ai_01289_png_4.jpg,hibogi_ai_01289_png,HIBOGI_AI_01289_png_jpg.rf.f2f6702881ec05f36195ab088fe48652.jpg,,0,0,no_caries,no_caries,0.7857,0.78566,0.09403,0.06883,0.05149
crops/hibogi_ai_01289_png_5.jpg,hibogi_ai_01289_png,HIBOGI_AI_01289_png_jpg.rf.f2f6702881ec05f36195ab088fe48652.jpg,,0,0,no_caries,no_caries,0.7867,0.78674,0.04138,0.10247,0.06941
crops/hibogi_ai_01289_png_6.jpg,hibogi_ai_01289_png,HIBOGI_AI_01289_png_jpg.rf.f2f6702881ec05f36195ab088fe48652.jpg,,0,0,no_caries,no_caries,0.7949,0.79493,0.01889,0.11188,0.07429
crops/hibogi_ai_01289_png_7.jpg,hibogi_ai_01289_png,HIBOGI_AI_01289_png_jpg.rf.f2f6702881ec05f36195ab088fe48652.jpg,,1,0,mild,no_caries,0.6654,0.6654,0.20096,0.08869,0.04495
crops/hibogi_ai_01289_png_8.jpg,hibogi_ai_01289_png,HIBOGI_AI_01289_png_jpg.rf.f2f6702881ec05f36195ab088fe48652.jpg,,0,0,no_caries,no_caries,0.6036,0.60362,0.25258,0.06774,0.07605
crops/hibogi_ai_01289_png_9.jpg,hibogi_ai_01289_png,HIBOGI_AI_01289_png_jpg.rf.f2f6702881ec05f36195ab088fe48652.jpg,,0,0,no_caries,advanced,0.7963,0.05517,0.06906,0.07948,0.79629
crops/hibogi_ai_01289_png_10.jpg,hibogi_ai_01289_png,HIBOGI_AI_01289_png_jpg.rf.f2f6702881ec05f36195ab088fe48652.jpg,,6,0,advanced,advanced,0.9768,0.00416,0.01149,0.00759,0.97676
crops/hibogi_ai_01289_png_11.jpg,hibogi_ai_01289_png,HIBOGI_AI_01289_png_jpg.rf.f2f6702881ec05f36195ab088fe48652.jpg,,2,0,mild,mild,0.3625,0.24462,0.3625,0.28448,0.10839
crops/hibogi_ai_01299_png_0.jpg,hibogi_ai_01299_png,HIBOGI_AI_01299_png_jpg.rf.7967cfe1afadf217bd46bc6164bd975a.jpg,,0,0,no_caries,no_caries,0.505,0.50504,0.12447,0.128,0.24249
crops/hibogi_ai_01299_png_1.jpg,hibogi_ai_01299_png,HIBOGI_AI_01299_png_jpg.rf.7967cfe1afadf217bd46bc6164bd975a.jpg,,0,0,no_caries,no_caries,0.674,0.67398,0.01653,0.13528,0.17421
crops/hibogi_ai_01299_png_2.jpg,hibogi_ai_01299_png,HIBOGI_AI_01299_png_jpg.rf.7967cfe1afadf217bd46bc6164bd975a.jpg,,0,0,no_caries,mild,0.5821,0.25203,0.58206,0.04215,0.12376
crops/hibogi_ai_01299_png_3.jpg,hibogi_ai_01299_png,HIBOGI_AI_01299_png_jpg.rf.7967cfe1afadf217bd46bc6164bd975a.jpg,,1,0,mild,moderate,0.4434,0.0725,0.44335,0.44342,0.04073
crops/hibogi_ai_01299_png_4.jpg,hibogi_ai_01299_png,HIBOGI_AI_01299_png_jpg.rf.7967cfe1afadf217bd46bc6164bd975a.jpg,,0,0,no_caries,mild,0.6309,0.25281,0.63091,0.04491,0.07137
crops/hibogi_ai_01299_png_5.jpg,hibogi_ai_01299_png,HIBOGI_AI_01299_png_jpg.rf.7967cfe1afadf217bd46bc6164bd975a.jpg,,0,0,no_caries,no_caries,0.4678,0.46777,0.42159,0.07979,0.03085
crops/hibogi_ai_01299_png_6.jpg,hibogi_ai_01299_png,HIBOGI_AI_01299_png_jpg.rf.7967cfe1afadf217bd46bc6164bd975a.jpg,,0,0,no_caries,no_caries,0.783,0.78303,0.09391,0.05108,0.07197
crops/hibogi_ai_01299_png_7.jpg,hibogi_ai_01299_png,HIBOGI_AI_01299_png_jpg.rf.7967cfe1afadf217bd46bc6164bd975a.jpg,,0,0,no_caries,no_caries,0.8408,0.8408,0.03108,0.0602,0.06791
crops/hibogi_ai_01299_png_8.jpg,hibogi_ai_01299_png,HIBOGI_AI_01299_png_jpg.rf.7967cfe1afadf217bd46bc6164bd975a.jpg,,0,0,no_caries,no_caries,0.7194,0.71941,0.03527,0.12146,0.12386
crops/hibogi_ai_01299_png_9.jpg,hibogi_ai_01299_png,HIBOGI_AI_01299_png_jpg.rf.7967cfe1afadf217bd46bc6164bd975a.jpg,,0,0,no_caries,no_caries,0.8326,0.83263,0.03437,0.06322,0.06978
crops/hibogi_ai_01299_png_10.jpg,hibogi_ai_01299_png,HIBOGI_AI_01299_png_jpg.rf.7967cfe1afadf217bd46bc6164bd975a.jpg,,0,0,no_caries,no_caries,0.8516,0.8516,0.03501,0.06487,0.04852
crops/hibogi_ai_01299_png_11.jpg,hibogi_ai_01299_png,HIBOGI_AI_01299_png_jpg.rf.7967cfe1afadf217bd46bc6164bd975a.jpg,,0,0,no_caries,no_caries,0.8373,0.83735,0.05064,0.06025,0.05176
crops/hibogi_ai_01299_png_12.jpg,hibogi_ai_01299_png,HIBOGI_AI_01299_png_jpg.rf.7967cfe1afadf217bd46bc6164bd975a.jpg,,0,0,no_caries,mild,0.5028,0.32349,0.50281,0.08496,0.08873
crops/hibogi_ai_01299_png_13.jpg,hibogi_ai_01299_png,HIBOGI_AI_01299_png_jpg.rf.7967cfe1afadf217bd46bc6164bd975a.jpg,,0,0,no_caries,mild,0.677,0.18807,0.67705,0.06911,0.06577
crops/hibogi_ai_01299_png_14.jpg,hibogi_ai_01299_png,HIBOGI_AI_01299_png_jpg.rf.7967cfe1afadf217bd46bc6164bd975a.jpg,,2,0,mild,moderate,0.5366,0.03997,0.22672,0.5366,0.1967
crops/hibogi_ai_01299_png_15.jpg,hibogi_ai_01299_png,HIBOGI_AI_01299_png_jpg.rf.7967cfe1afadf217bd46bc6164bd975a.jpg,,2,0,mild,moderate,0.3349,0.06539,0.30738,0.33489,0.29234
crops/hibogi_ai_01334_png_0.jpg,hibogi_ai_01334_png,HIBOGI_AI_01334_png_jpg.rf.ef30a986397a8fd2ff72e645ed2b487b.jpg,,3,0,moderate,moderate,0.8705,0.01286,0.06554,0.87054,0.05106
crops/hibogi_ai_01334_png_1.jpg,hibogi_ai_01334_png,HIBOGI_AI_01334_png_jpg.rf.ef30a986397a8fd2ff72e645ed2b487b.jpg,,0,0,no_caries,advanced,0.3563,0.06617,0.33413,0.24345,0.35625
crops/hibogi_ai_01334_png_2.jpg,hibogi_ai_01334_png,HIBOGI_AI_01334_png_jpg.rf.ef30a986397a8fd2ff72e645ed2b487b.jpg,,1,0,mild,mild,0.4512,0.24252,0.4512,0.16305,0.14323
crops/hibogi_ai_01334_png_3.jpg,hibogi_ai_01334_png,HIBOGI_AI_01334_png_jpg.rf.ef30a986397a8fd2ff72e645ed2b487b.jpg,,0,0,no_caries,no_caries,0.7768,0.77679,0.10302,0.06865,0.05154
crops/hibogi_ai_01334_png_4.jpg,hibogi_ai_01334_png,HIBOGI_AI_01334_png_jpg.rf.ef30a986397a8fd2ff72e645ed2b487b.jpg,,0,0,no_caries,no_caries,0.8095,0.80954,0.04848,0.08611,0.05586
crops/hibogi_ai_01334_png_5.jpg,hibogi_ai_01334_png,HIBOGI_AI_01334_png_jpg.rf.ef30a986397a8fd2ff72e645ed2b487b.jpg,,0,0,no_caries,no_caries,0.7665,0.76654,0.02772,0.11438,0.09136
crops/hibogi_ai_01334_png_6.jpg,hibogi_ai_01334_png,HIBOGI_AI_01334_png_jpg.rf.ef30a986397a8fd2ff72e645ed2b487b.jpg,,0,0,no_caries,no_caries,0.7687,0.7687,0.03379,0.09797,0.09954
crops/hibogi_ai_01334_png_7.jpg,hibogi_ai_01334_png,HIBOGI_AI_01334_png_jpg.rf.ef30a986397a8fd2ff72e645ed2b487b.jpg,,0,0,no_caries,no_caries,0.8102,0.81025,0.04437,0.07844,0.06694
crops/hibogi_ai_01334_png_8.jpg,hibogi_ai_01334_png,HIBOGI_AI_01334_png_jpg.rf.ef30a986397a8fd2ff72e645ed2b487b.jpg,,0,0,no_caries,no_caries,0.8443,0.84429,0.06089,0.0614,0.03342
crops/hibogi_ai_01334_png_9.jpg,hibogi_ai_01334_png,HIBOGI_AI_01334_png_jpg.rf.ef30a986397a8fd2ff72e645ed2b487b.jpg,,0,0,no_caries,no_caries,0.5369,0.53695,0.3442,0.06182,0.05703
crops/hibogi_ai_01334_png_10.jpg,hibogi_ai_01334_png,HIBOGI_AI_01334_png_jpg.rf.ef30a986397a8fd2ff72e645ed2b487b.jpg,,0,0,no_caries,mild,0.7133,0.07771,0.71329,0.18401,0.025
crops/hibogi_ai_01334_png_11.jpg,hibogi_ai_01334_png,HIBOGI_AI_01334_png_jpg.rf.ef30a986397a8fd2ff72e645ed2b487b.jpg,,3,0,moderate,moderate,0.9421,0.00228,0.03347,0.94213,0.02213
crops/hibogi_ai_01344_png_0.jpg,hibogi_ai_01344_png,HIBOGI_AI_01344_png_jpg.rf.ded7521b564ad41e25324f181f192c8c.jpg,,0,0,no_caries,mild,0.3879,0.15135,0.38793,0.30376,0.15697
crops/hibogi_ai_01344_png_1.jpg,hibogi_ai_01344_png,HIBOGI_AI_01344_png_jpg.rf.ded7521b564ad41e25324f181f192c8c.jpg,,4,0,moderate,mild,0.4894,0.08445,0.48938,0.34806,0.07812
crops/hibogi_ai_01344_png_2.jpg,hibogi_ai_01344_png,HIBOGI_AI_01344_png_jpg.rf.ded7521b564ad41e25324f181f192c8c.jpg,,0,0,no_caries,mild,0.618,0.28327,0.61804,0.0663,0.03239
crops/hibogi_ai_01344_png_3.jpg,hibogi_ai_01344_png,HIBOGI_AI_01344_png_jpg.rf.ded7521b564ad41e25324f181f192c8c.jpg,,0,0,no_caries,no_caries,0.8351,0.83514,0.03339,0.07402,0.05745
crops/hibogi_ai_01344_png_4.jpg,hibogi_ai_01344_png,HIBOGI_AI_01344_png_jpg.rf.ded7521b564ad41e25324f181f192c8c.jpg,,2,0,mild,mild,0.4301,0.28073,0.43011,0.06295,0.22622
crops/hibogi_ai_01344_png_5.jpg,hibogi_ai_01344_png,HIBOGI_AI_01344_png_jpg.rf.ded7521b564ad41e25324f181f192c8c.jpg,,2,0,mild,no_caries,0.5939,0.59388,0.17769,0.0613,0.16712
crops/hibogi_ai_01344_png_6.jpg,hibogi_ai_01344_png,HIBOGI_AI_01344_png_jpg.rf.ded7521b564ad41e25324f181f192c8c.jpg,,2,0,mild,no_caries,0.6993,0.6993,0.18191,0.0523,0.06648
crops/hibogi_ai_01344_png_7.jpg,hibogi_ai_01344_png,HIBOGI_AI_01344_png_jpg.rf.ded7521b564ad41e25324f181f192c8c.jpg,,1,0,mild,no_caries,0.5893,0.58929,0.29004,0.05113,0.06953
crops/hibogi_ai_01344_png_8.jpg,hibogi_ai_01344_png,HIBOGI_AI_01344_png_jpg.rf.ded7521b564ad41e25324f181f192c8c.jpg,,1,0,mild,no_caries,0.6609,0.66091,0.13094,0.10275,0.10539
crops/hibogi_ai_01344_png_9.jpg,hibogi_ai_01344_png,HIBOGI_AI_01344_png_jpg.rf.ded7521b564ad41e25324f181f192c8c.jpg,,4,0,moderate,moderate,0.5495,0.0189,0.39052,0.54952,0.04106
crops/hibogi_ai_01344_png_10.jpg,hibogi_ai_01344_png,HIBOGI_AI_01344_png_jpg.rf.ded7521b564ad41e25324f181f192c8c.jpg,,5,0,advanced,mild,0.3796,0.30076,0.37959,0.26169,0.05796
crops/hibogi_ai_01346_png_0.jpg,hibogi_ai_01346_png,HIBOGI_AI_01346_png_jpg.rf.c567700f6ea1b9441569c637808efae2.jpg,,0,0,no_caries,no_caries,0.7433,0.74333,0.05143,0.10143,0.10382
crops/hibogi_ai_01346_png_1.jpg,hibogi_ai_01346_png,HIBOGI_AI_01346_png_jpg.rf.c567700f6ea1b9441569c637808efae2.jpg,,0,0,no_caries,no_caries,0.6544,0.65437,0.14623,0.08005,0.11935
crops/hibogi_ai_01346_png_2.jpg,hibogi_ai_01346_png,HIBOGI_AI_01346_png_jpg.rf.c567700f6ea1b9441569c637808efae2.jpg,,0,0,no_caries,no_caries,0.7597,0.75975,0.05951,0.09825,0.08249
crops/hibogi_ai_01346_png_3.jpg,hibogi_ai_01346_png,HIBOGI_AI_01346_png_jpg.rf.c567700f6ea1b9441569c637808efae2.jpg,,0,0,no_caries,no_caries,0.8234,0.82338,0.0188,0.07807,0.07974
crops/hibogi_ai_01346_png_4.jpg,hibogi_ai_01346_png,HIBOGI_AI_01346_png_jpg.rf.c567700f6ea1b9441569c637808efae2.jpg,,0,0,no_caries,no_caries,0.7913,0.79131,0.02454,0.12288,0.06126
crops/hibogi_ai_01346_png_5.jpg,hibogi_ai_01346_png,HIBOGI_AI_01346_png_jpg.rf.c567700f6ea1b9441569c637808efae2.jpg,,0,0,no_caries,no_caries,0.7751,0.77514,0.03278,0.08122,0.11085
crops/hibogi_ai_01346_png_6.jpg,hibogi_ai_01346_png,HIBOGI_AI_01346_png_jpg.rf.c567700f6ea1b9441569c637808efae2.jpg,,0,0,no_caries,no_caries,0.6384,0.63838,0.08872,0.17196,0.10094
crops/hibogi_ai_01346_png_7.jpg,hibogi_ai_01346_png,HIBOGI_AI_01346_png_jpg.rf.c567700f6ea1b9441569c637808efae2.jpg,,0,0,no_caries,advanced,0.3417,0.32407,0.18414,0.15004,0.34175
crops/hibogi_ai_01346_png_8.jpg,hibogi_ai_01346_png,HIBOGI_AI_01346_png_jpg.rf.c567700f6ea1b9441569c637808efae2.jpg,,0,0,no_caries,advanced,0.3102,0.30226,0.12716,0.26039,0.31019
crops/hibogi_ai_01346_png_9.jpg,hibogi_ai_01346_png,HIBOGI_AI_01346_png_jpg.rf.c567700f6ea1b9441569c637808efae2.jpg,,0,0,no_caries,moderate,0.3769,0.25609,0.21505,0.37686,0.15201
crops/hibogi_ai_01346_png_10.jpg,hibogi_ai_01346_png,HIBOGI_AI_01346_png_jpg.rf.c567700f6ea1b9441569c637808efae2.jpg,,0,0,no_caries,no_caries,0.7086,0.70863,0.14529,0.06917,0.0769
crops/hibogi_ai_01346_png_11.jpg,hibogi_ai_01346_png,HIBOGI_AI_01346_png_jpg.rf.c567700f6ea1b9441569c637808efae2.jpg,,0,0,no_caries,no_caries,0.6284,0.62836,0.09542,0.07635,0.19986
crops/hibogi_ai_01346_png_12.jpg,hibogi_ai_01346_png,HIBOGI_AI_01346_png_jpg.rf.c567700f6ea1b9441569c637808efae2.jpg,,0,0,no_caries,no_caries,0.512,0.51203,0.13063,0.07598,0.28137
crops/hibogi_ai_01346_png_13.jpg,hibogi_ai_01346_png,HIBOGI_AI_01346_png_jpg.rf.c567700f6ea1b9441569c637808efae2.jpg,,0,0,no_caries,no_caries,0.4893,0.48928,0.11892,0.07606,0.31574
crops/hibogi_ai_01346_png_14.jpg,hibogi_ai_01346_png,HIBOGI_AI_01346_png_jpg.rf.c567700f6ea1b9441569c637808efae2.jpg,,0,0,no_caries,no_caries,0.7087,0.70872,0.04502,0.08709,0.15916
crops/hibogi_ai_01346_png_15.jpg,hibogi_ai_01346_png,HIBOGI_AI_01346_png_jpg.rf.c567700f6ea1b9441569c637808efae2.jpg,,0,0,no_caries,no_caries,0.6259,0.62589,0.08398,0.1169,0.17323
crops/hibogi_ai_01346_png_16.jpg,hibogi_ai_01346_png,HIBOGI_AI_01346_png_jpg.rf.c567700f6ea1b9441569c637808efae2.jpg,,0,0,no_caries,no_caries,0.6133,0.61333,0.02897,0.1537,0.20401
crops/hibogi_ai_01359_png_0.jpg,hibogi_ai_01359_png,HIBOGI_AI_01359_png_jpg.rf.44255e633409cf56f41932449944916d.jpg,,4,0,moderate,moderate,0.4738,0.04697,0.12581,0.47378,0.35344
crops/hibogi_ai_01359_png_1.jpg,hibogi_ai_01359_png,HIBOGI_AI_01359_png_jpg.rf.44255e633409cf56f41932449944916d.jpg,,2,0,mild,mild,0.5982,0.16447,0.59825,0.09211,0.14518
crops/hibogi_ai_01359_png_2.jpg,hibogi_ai_01359_png,HIBOGI_AI_01359_png_jpg.rf.44255e633409cf56f41932449944916d.jpg,,3,0,moderate,mild,0.5751,0.10308,0.57506,0.19575,0.12611
crops/hibogi_ai_01359_png_3.jpg,hibogi_ai_01359_png,HIBOGI_AI_01359_png_jpg.rf.44255e633409cf56f41932449944916d.jpg,,3,0,moderate,moderate,0.8401,0.00242,0.03862,0.84014,0.11883
crops/hibogi_ai_01359_png_4.jpg,hibogi_ai_01359_png,HIBOGI_AI_01359_png_jpg.rf.44255e633409cf56f41932449944916d.jpg,,3,0,moderate,no_caries,0.6404,0.64039,0.22322,0.0465,0.08989
crops/hibogi_ai_01359_png_5.jpg,hibogi_ai_01359_png,HIBOGI_AI_01359_png_jpg.rf.44255e633409cf56f41932449944916d.jpg,,1,0,mild,no_caries,0.4951,0.49507,0.30325,0.04655,0.15512
crops/hibogi_ai_01359_png_6.jpg,hibogi_ai_01359_png,HIBOGI_AI_01359_png_jpg.rf.44255e633409cf56f41932449944916d.jpg,,0,0,no_caries,mild,0.5746,0.17015,0.57463,0.08607,0.16915
crops/hibogi_ai_01359_png_7.jpg,hibogi_ai_01359_png,HIBOGI_AI_01359_png_jpg.rf.44255e633409cf56f41932449944916d.jpg,,0,0,no_caries,no_caries,0.5739,0.5739,0.1791,0.0556,0.19139
crops/hibogi_ai_01359_png_8.jpg,hibogi_ai_01359_png,HIBOGI_AI_01359_png_jpg.rf.44255e633409cf56f41932449944916d.jpg,,0,0,no_caries,no_caries,0.5517,0.55167,0.24409,0.03306,0.17118
crops/hibogi_ai_01359_png_9.jpg,hibogi_ai_01359_png,HIBOGI_AI_01359_png_jpg.rf.44255e633409cf56f41932449944916d.jpg,,0,0,no_caries,no_caries,0.7232,0.72317,0.13055,0.06602,0.08026
crops/hibogi_ai_01359_png_10.jpg,hibogi_ai_01359_png,HIBOGI_AI_01359_png_jpg.rf.44255e633409cf56f41932449944916d.jpg,,3,0,moderate,moderate,0.7038,0.03338,0.19605,0.70379,0.06678
crops/hibogi_ai_01359_png_11.jpg,hibogi_ai_01359_png,HIBOGI_AI_01359_png_jpg.rf.44255e633409cf56f41932449944916d.jpg,,5,0,advanced,advanced,0.7415,0.03906,0.13935,0.08009,0.7415
crops/hibogi_ai_01376_png_0.jpg,hibogi_ai_01376_png,HIBOGI_AI_01376_png_jpg.rf.1db4c4edb7bb0c3ce1cf542b34de2b62.jpg,,0,0,no_caries,no_caries,0.498,0.49803,0.35197,0.06909,0.0809
crops/hibogi_ai_01376_png_1.jpg,hibogi_ai_01376_png,HIBOGI_AI_01376_png_jpg.rf.1db4c4edb7bb0c3ce1cf542b34de2b62.jpg,,0,0,no_caries,no_caries,0.5308,0.5308,0.32929,0.07032,0.06959
crops/hibogi_ai_01376_png_2.jpg,hibogi_ai_01376_png,HIBOGI_AI_01376_png_jpg.rf.1db4c4edb7bb0c3ce1cf542b34de2b62.jpg,,0,0,no_caries,moderate,0.3445,0.29568,0.30837,0.34449,0.05146
crops/hibogi_ai_01376_png_3.jpg,hibogi_ai_01376_png,HIBOGI_AI_01376_png_jpg.rf.1db4c4edb7bb0c3ce1cf542b34de2b62.jpg,,0,0,no_caries,no_caries,0.7717,0.77167,0.05736,0.08203,0.08894
crops/hibogi_ai_01376_png_4.jpg,hibogi_ai_01376_png,HIBOGI_AI_01376_png_jpg.rf.1db4c4edb7bb0c3ce1cf542b34de2b62.jpg,,0,0,no_caries,no_caries,0.5872,0.58719,0.29889,0.06197,0.05195
crops/hibogi_ai_01376_png_5.jpg,hibogi_ai_01376_png,HIBOGI_AI_01376_png_jpg.rf.1db4c4edb7bb0c3ce1cf542b34de2b62.jpg,,0,0,no_caries,no_caries,0.7567,0.75665,0.11898,0.05715,0.06721
crops/hibogi_ai_01376_png_7.jpg,hibogi_ai_01376_png,HIBOGI_AI_01376_png_jpg.rf.1db4c4edb7bb0c3ce1cf542b34de2b62.jpg,,0,0,no_caries,mild,0.5591,0.10482,0.55912,0.07591,0.26016
crops/hibogi_ai_01376_png_8.jpg,hibogi_ai_01376_png,HIBOGI_AI_01376_png_jpg.rf.1db4c4edb7bb0c3ce1cf542b34de2b62.jpg,,0,0,no_caries,no_caries,0.4595,0.45954,0.3839,0.07444,0.08212
crops/hibogi_ai_01376_png_9.jpg,hibogi_ai_01376_png,HIBOGI_AI_01376_png_jpg.rf.1db4c4edb7bb0c3ce1cf542b34de2b62.jpg,,0,0,no_caries,no_caries,0.6285,0.62846,0.22392,0.09018,0.05744
crops/hibogi_ai_01376_png_10.jpg,hibogi_ai_01376_png,HIBOGI_AI_01376_png_jpg.rf.1db4c4edb7bb0c3ce1cf542b34de2b62.jpg,,0,0,no_caries,no_caries,0.7036,0.70358,0.10253,0.09747,0.09642
crops/hibogi_ai_01376_png_11.jpg,hibogi_ai_01376_png,HIBOGI_AI_01376_png_jpg.rf.1db4c4edb7bb0c3ce1cf542b34de2b62.jpg,,0,0,no_caries,no_caries,0.573,0.57301,0.33805,0.04267,0.04627
crops/hibogi_ai_01376_png_12.jpg,hibogi_ai_01376_png,HIBOGI_AI_01376_png_jpg.rf.1db4c4edb7bb0c3ce1cf542b34de2b62.jpg,,0,0,no_caries,mild,0.6147,0.23869,0.61475,0.04128,0.10528
crops/hibogi_ai_01376_png_13.jpg,hibogi_ai_01376_png,HIBOGI_AI_01376_png_jpg.rf.1db4c4edb7bb0c3ce1cf542b34de2b62.jpg,,0,0,no_caries,mild,0.4736,0.43928,0.47361,0.03489,0.05222
crops/hibogi_ai_01376_png_14.jpg,hibogi_ai_01376_png,HIBOGI_AI_01376_png_jpg.rf.1db4c4edb7bb0c3ce1cf542b34de2b62.jpg,,0,0,no_caries,mild,0.5558,0.35552,0.55579,0.04454,0.04415
crops/hibogi_ai_01376_png_15.jpg,hibogi_ai_01376_png,HIBOGI_AI_01376_png_jpg.rf.1db4c4edb7bb0c3ce1cf542b34de2b62.jpg,,0,0,no_caries,no_caries,0.4606,0.46057,0.45949,0.04911,0.03083
crops/hibogi_ai_01376_png_16.jpg,hibogi_ai_01376_png,HIBOGI_AI_01376_png_jpg.rf.1db4c4edb7bb0c3ce1cf542b34de2b62.jpg,,0,0,no_caries,no_caries,0.4839,0.48394,0.28883,0.1838,0.04343
crops/hibogi_ai_01376_png_17.jpg,hibogi_ai_01376_png,HIBOGI_AI_01376_png_jpg.rf.1db4c4edb7bb0c3ce1cf542b34de2b62.jpg,,0,0,no_caries,moderate,0.7217,0.13516,0.11103,0.72169,0.03213
crops/hibogi_ai_01408_png_0.jpg,hibogi_ai_01408_png,HIBOGI_AI_01408_png_jpg.rf.673f26331bfd4b38a1117f91207b4b3e.jpg,,0,0,no_caries,no_caries,0.7647,0.76474,0.04201,0.13389,0.05936
crops/hibogi_ai_01408_png_1.jpg,hibogi_ai_01408_png,HIBOGI_AI_01408_png_jpg.rf.673f26331bfd4b38a1117f91207b4b3e.jpg,,0,0,no_caries,no_caries,0.8161,0.81611,0.05213,0.06672,0.06504
crops/hibogi_ai_01408_png_2.jpg,hibogi_ai_01408_png,HIBOGI_AI_01408_png_jpg.rf.673f26331bfd4b38a1117f91207b4b3e.jpg,,0,0,no_caries,no_caries,0.7517,0.75167,0.116,0.07402,0.0583
crops/hibogi_ai_01408_png_3.jpg,hibogi_ai_01408_png,HIBOGI_AI_01408_png_jpg.rf.673f26331bfd4b38a1117f91207b4b3e.jpg,,0,0,no_caries,no_caries,0.7586,0.75859,0.07796,0.10779,0.05566
crops/hibogi_ai_01408_png_4.jpg,hibogi_ai_01408_png,HIBOGI_AI_01408_png_jpg.rf.673f26331bfd4b38a1117f91207b4b3e.jpg,,0,0,no_caries,no_caries,0.7331,0.73313,0.0839,0.10273,0.08025
crops/hibogi_ai_01408_png_5.jpg,hibogi_ai_01408_png,HIBOGI_AI_01408_png_jpg.rf.673f26331bfd4b38a1117f91207b4b3e.jpg,,0,0,no_caries,moderate,0.3323,0.30992,0.25905,0.33234,0.09869
crops/hibogi_ai_01408_png_6.jpg,hibogi_ai_01408_png,HIBOGI_AI_01408_png_jpg.rf.673f26331bfd4b38a1117f91207b4b3e.jpg,,0,0,no_caries,mild,0.448,0.2152,0.44803,0.1538,0.18296
crops/hibogi_ai_01408_png_7.jpg,hibogi_ai_01408_png,HIBOGI_AI_01408_png_jpg.rf.673f26331bfd4b38a1117f91207b4b3e.jpg,,0,0,no_caries,no_caries,0.7182,0.71823,0.07194,0.11284,0.09699
crops/hibogi_ai_01408_png_8.jpg,hibogi_ai_01408_png,HIBOGI_AI_01408_png_jpg.rf.673f26331bfd4b38a1117f91207b4b3e.jpg,,0,0,no_caries,no_caries,0.782,0.78199,0.05945,0.13273,0.02583
crops/hibogi_ai_01408_png_9.jpg,hibogi_ai_01408_png,HIBOGI_AI_01408_png_jpg.rf.673f26331bfd4b38a1117f91207b4b3e.jpg,,0,0,no_caries,no_caries,0.8446,0.84457,0.04095,0.06403,0.05045
crops/hibogi_ai_01408_png_10.jpg,hibogi_ai_01408_png,HIBOGI_AI_01408_png_jpg.rf.673f26331bfd4b38a1117f91207b4b3e.jpg,,0,0,no_caries,no_caries,0.7666,0.76659,0.05469,0.0942,0.08452
crops/hibogi_ai_01408_png_11.jpg,hibogi_ai_01408_png,HIBOGI_AI_01408_png_jpg.rf.673f26331bfd4b38a1117f91207b4b3e.jpg,,0,0,no_caries,no_caries,0.7672,0.76722,0.07384,0.07019,0.08875
crops/hibogi_ai_01408_png_12.jpg,hibogi_ai_01408_png,HIBOGI_AI_01408_png_jpg.rf.673f26331bfd4b38a1117f91207b4b3e.jpg,,0,0,no_caries,no_caries,0.7347,0.73466,0.08699,0.07491,0.10344
crops/hibogi_ai_01425_png_0.jpg,hibogi_ai_01425_png,HIBOGI_AI_01425_png_jpg.rf.621d19ec582fad0d5758758f525b3f78.jpg,,0,0,no_caries,no_caries,0.7212,0.72119,0.04392,0.08913,0.14576
crops/hibogi_ai_01425_png_1.jpg,hibogi_ai_01425_png,HIBOGI_AI_01425_png_jpg.rf.621d19ec582fad0d5758758f525b3f78.jpg,,0,0,no_caries,no_caries,0.7719,0.77188,0.05963,0.05191,0.11658
crops/hibogi_ai_01425_png_2.jpg,hibogi_ai_01425_png,HIBOGI_AI_01425_png_jpg.rf.621d19ec582fad0d5758758f525b3f78.jpg,,0,0,no_caries,no_caries,0.8027,0.80273,0.0542,0.05732,0.08575
crops/hibogi_ai_01425_png_3.jpg,hibogi_ai_01425_png,HIBOGI_AI_01425_png_jpg.rf.621d19ec582fad0d5758758f525b3f78.jpg,,0,0,no_caries,no_caries,0.7422,0.74222,0.12183,0.05414,0.08181
crops/hibogi_ai_01425_png_4.jpg,hibogi_ai_01425_png,HIBOGI_AI_01425_png_jpg.rf.621d19ec582fad0d5758758f525b3f78.jpg,,5,0,advanced,advanced,0.9806,0.00269,0.00927,0.00742,0.98062
crops/hibogi_ai_01425_png_5.jpg,hibogi_ai_01425_png,HIBOGI_AI_01425_png_jpg.rf.621d19ec582fad0d5758758f525b3f78.jpg,,0,0,no_caries,no_caries,0.7761,0.77607,0.08199,0.0862,0.05573
crops/hibogi_ai_01425_png_6.jpg,hibogi_ai_01425_png,HIBOGI_AI_01425_png_jpg.rf.621d19ec582fad0d5758758f525b3f78.jpg,,0,0,no_caries,mild,0.4811,0.26416,0.48108,0.09244,0.16231
crops/hibogi_ai_01425_png_7.jpg,hibogi_ai_01425_png,HIBOGI_AI_01425_png_jpg.rf.621d19ec582fad0d5758758f525b3f78.jpg,,0,0,no_caries,no_caries,0.7046,0.70459,0.1027,0.09669,0.09602
crops/hibogi_ai_01425_png_8.jpg,hibogi_ai_01425_png,HIBOGI_AI_01425_png_jpg.rf.621d19ec582fad0d5758758f525b3f78.jpg,,0,0,no_caries,no_caries,0.7591,0.75905,0.03573,0.14423,0.06099
crops/hibogi_ai_01425_png_9.jpg,hibogi_ai_01425_png,HIBOGI_AI_01425_png_jpg.rf.621d19ec582fad0d5758758f525b3f78.jpg,,0,0,no_caries,no_caries,0.6631,0.66312,0.14537,0.101,0.09051
crops/hibogi_ai_01425_png_10.jpg,hibogi_ai_01425_png,HIBOGI_AI_01425_png_jpg.rf.621d19ec582fad0d5758758f525b3f78.jpg,,0,0,no_caries,no_caries,0.7107,0.7107,0.0722,0.07251,0.14459
crops/hibogi_ai_01425_png_11.jpg,hibogi_ai_01425_png,HIBOGI_AI_01425_png_jpg.rf.621d19ec582fad0d5758758f525b3f78.jpg,,0,0,no_caries,no_caries,0.7545,0.75453,0.08814,0.08611,0.07122
crops/hibogi_ai_01425_png_12.jpg,hibogi_ai_01425_png,HIBOGI_AI_01425_png_jpg.rf.621d19ec582fad0d5758758f525b3f78.jpg,,0,0,no_caries,no_caries,0.7308,0.73075,0.07463,0.07988,0.11473
crops/hibogi_ai_01425_png_13.jpg,hibogi_ai_01425_png,HIBOGI_AI_01425_png_jpg.rf.621d19ec582fad0d5758758f525b3f78.jpg,,0,0,no_caries,no_caries,0.7519,0.75195,0.07817,0.09566,0.07422
crops/hibogi_ai_01425_png_14.jpg,hibogi_ai_01425_png,HIBOGI_AI_01425_png_jpg.rf.621d19ec582fad0d5758758f525b3f78.jpg,,0,0,no_caries,no_caries,0.6822,0.6822,0.13373,0.11035,0.07373
crops/hibogi_ai_01425_png_15.jpg,hibogi_ai_01425_png,HIBOGI_AI_01425_png_jpg.rf.621d19ec582fad0d5758758f525b3f78.jpg,,0,0,no_caries,mild,0.536,0.17362,0.53596,0.21348,0.07695
crops/hibogi_ai_01426_png_0.jpg,hibogi_ai_01426_png,HIBOGI_AI_01426_png_jpg.rf.dcecd38dd044b1c223f2ee47bb84eee3.jpg,,3,0,moderate,moderate,0.4586,0.07749,0.43409,0.45861,0.02982
crops/hibogi_ai_01426_png_1.jpg,hibogi_ai_01426_png,HIBOGI_AI_01426_png_jpg.rf.dcecd38dd044b1c223f2ee47bb84eee3.jpg,,3,0,moderate,moderate,0.3893,0.10388,0.30905,0.38929,0.19778
crops/hibogi_ai_01426_png_2.jpg,hibogi_ai_01426_png,HIBOGI_AI_01426_png_jpg.rf.dcecd38dd044b1c223f2ee47bb84eee3.jpg,,6,0,advanced,advanced,0.5367,0.05078,0.24949,0.16305,0.53668
crops/hibogi_ai_01426_png_3.jpg,hibogi_ai_01426_png,HIBOGI_AI_01426_png_jpg.rf.dcecd38dd044b1c223f2ee47bb84eee3.jpg,,3,0,moderate,moderate,0.8754,0.01772,0.04994,0.87537,0.05697
crops/hibogi_ai_01426_png_4.jpg,hibogi_ai_01426_png,HIBOGI_AI_01426_png_jpg.rf.dcecd38dd044b1c223f2ee47bb84eee3.jpg,,2,0,mild,mild,0.4338,0.31931,0.43376,0.13738,0.10955
crops/hibogi_ai_01426_png_5.jpg,hibogi_ai_01426_png,HIBOGI_AI_01426_png_jpg.rf.dcecd38dd044b1c223f2ee47bb84eee3.jpg,,0,0,no_caries,no_caries,0.792,0.79205,0.08794,0.08066,0.03935
crops/hibogi_ai_01426_png_6.jpg,hibogi_ai_01426_png,HIBOGI_AI_01426_png_jpg.rf.dcecd38dd044b1c223f2ee47bb84eee3.jpg,,0,0,no_caries,no_caries,0.7655,0.76547,0.10578,0.08192,0.04683
crops/hibogi_ai_01426_png_7.jpg,hibogi_ai_01426_png,HIBOGI_AI_01426_png_jpg.rf.dcecd38dd044b1c223f2ee47bb84eee3.jpg,,0,0,no_caries,no_caries,0.491,0.49102,0.32276,0.05179,0.13442
crops/hibogi_ai_01426_png_8.jpg,hibogi_ai_01426_png,HIBOGI_AI_01426_png_jpg.rf.dcecd38dd044b1c223f2ee47bb84eee3.jpg,,5,0,advanced,advanced,0.7237,0.02588,0.04627,0.20411,0.72374
crops/hibogi_ai_01426_png_9.jpg,hibogi_ai_01426_png,HIBOGI_AI_01426_png_jpg.rf.dcecd38dd044b1c223f2ee47bb84eee3.jpg,,5,0,advanced,advanced,0.9538,0.00476,0.02009,0.02137,0.95377
crops/hibogi_ai_01426_png_10.jpg,hibogi_ai_01426_png,HIBOGI_AI_01426_png_jpg.rf.dcecd38dd044b1c223f2ee47bb84eee3.jpg,,1,0,mild,mild,0.5503,0.29915,0.55033,0.08673,0.06378
crops/hibogi_ai_01426_png_11.jpg,hibogi_ai_01426_png,HIBOGI_AI_01426_png_jpg.rf.dcecd38dd044b1c223f2ee47bb84eee3.jpg,,0,0,no_caries,moderate,0.4289,0.02937,0.23552,0.42891,0.30619
crops/hibogi_ai_01426_png_12.jpg,hibogi_ai_01426_png,HIBOGI_AI_01426_png_jpg.rf.dcecd38dd044b1c223f2ee47bb84eee3.jpg,,4,0,moderate,mild,0.5044,0.35405,0.50442,0.07632,0.0652
crops/hibogi_ai_01429_png_0.jpg,hibogi_ai_01429_png,HIBOGI_AI_01429_png_jpg.rf.36fb1172234d4d61a90754d029acc289.jpg,,0,0,no_caries,no_caries,0.5688,0.56877,0.13709,0.10939,0.18474
crops/hibogi_ai_01429_png_1.jpg,hibogi_ai_01429_png,HIBOGI_AI_01429_png_jpg.rf.36fb1172234d4d61a90754d029acc289.jpg,,0,0,no_caries,no_caries,0.5977,0.59769,0.21441,0.12642,0.06148
crops/hibogi_ai_01429_png_2.jpg,hibogi_ai_01429_png,HIBOGI_AI_01429_png_jpg.rf.36fb1172234d4d61a90754d029acc289.jpg,,0,0,no_caries,no_caries,0.5185,0.51851,0.23925,0.1165,0.12573
crops/hibogi_ai_01429_png_3.jpg,hibogi_ai_01429_png,HIBOGI_AI_01429_png_jpg.rf.36fb1172234d4d61a90754d029acc289.jpg,,0,0,no_caries,no_caries,0.8425,0.84248,0.0528,0.07667,0.02805
crops/hibogi_ai_01429_png_4.jpg,hibogi_ai_01429_png,HIBOGI_AI_01429_png_jpg.rf.36fb1172234d4d61a90754d029acc289.jpg,,6,0,advanced,mild,0.4199,0.06972,0.41989,0.2207,0.28969
crops/hibogi_ai_01429_png_5.jpg,hibogi_ai_01429_png,HIBOGI_AI_01429_png_jpg.rf.36fb1172234d4d61a90754d029acc289.jpg,,6,0,advanced,advanced,0.9695,0.00254,0.01186,0.01609,0.96952
crops/hibogi_ai_01429_png_6.jpg,hibogi_ai_01429_png,HIBOGI_AI_01429_png_jpg.rf.36fb1172234d4d61a90754d029acc289.jpg,,0,0,no_caries,no_caries,0.5633,0.56334,0.07663,0.30132,0.05871
crops/hibogi_ai_01429_png_7.jpg,hibogi_ai_01429_png,HIBOGI_AI_01429_png_jpg.rf.36fb1172234d4d61a90754d029acc289.jpg,,0,0,no_caries,no_caries,0.5536,0.55362,0.01749,0.39068,0.03821
crops/hibogi_ai_01429_png_8.jpg,hibogi_ai_01429_png,HIBOGI_AI_01429_png_jpg.rf.36fb1172234d4d61a90754d029acc289.jpg,,0,0,no_caries,no_caries,0.6829,0.6829,0.02864,0.2355,0.05296
crops/hibogi_ai_01429_png_9.jpg,hibogi_ai_01429_png,HIBOGI_AI_01429_png_jpg.rf.36fb1172234d4d61a90754d029acc289.jpg,,0,0,no_caries,no_caries,0.5574,0.5574,0.07983,0.13889,0.22388
crops/hibogi_ai_01429_png_10.jpg,hibogi_ai_01429_png,HIBOGI_AI_01429_png_jpg.rf.36fb1172234d4d61a90754d029acc289.jpg,,3,0,moderate,moderate,0.3768,0.18133,0.334,0.37682,0.10784
crops/hibogi_ai_01429_png_11.jpg,hibogi_ai_01429_png,HIBOGI_AI_01429_png_jpg.rf.36fb1172234d4d61a90754d029acc289.jpg,,6,0,advanced,advanced,0.9893,0.00093,0.00389,0.00586,0.98931
crops/hibogi_ai_01432_png_0.jpg,hibogi_ai_01432_png,HIBOGI_AI_01432_png_jpg.rf.baf0224fa60e01b44a3a250926f39a82.jpg,,5,0,advanced,advanced,0.872,0.01757,0.06888,0.04156,0.87199
crops/hibogi_ai_01432_png_1.jpg,hibogi_ai_01432_png,HIBOGI_AI_01432_png_jpg.rf.baf0224fa60e01b44a3a250926f39a82.jpg,,0,0,no_caries,mild,0.5845,0.2382,0.58446,0.12416,0.05318
crops/hibogi_ai_01432_png_2.jpg,hibogi_ai_01432_png,HIBOGI_AI_01432_png_jpg.rf.baf0224fa60e01b44a3a250926f39a82.jpg,,0,0,no_caries,no_caries,0.8136,0.8136,0.07163,0.04014,0.07463
crops/hibogi_ai_01432_png_3.jpg,hibogi_ai_01432_png,HIBOGI_AI_01432_png_jpg.rf.baf0224fa60e01b44a3a250926f39a82.jpg,,0,0,no_caries,no_caries,0.8029,0.80295,0.05481,0.07657,0.06567
crops/hibogi_ai_01432_png_4.jpg,hibogi_ai_01432_png,HIBOGI_AI_01432_png_jpg.rf.baf0224fa60e01b44a3a250926f39a82.jpg,,0,0,no_caries,no_caries,0.5576,0.55757,0.2739,0.09374,0.07479
crops/hibogi_ai_01432_png_5.jpg,hibogi_ai_01432_png,HIBOGI_AI_01432_png_jpg.rf.baf0224fa60e01b44a3a250926f39a82.jpg,,0,0,no_caries,no_caries,0.8306,0.83061,0.05352,0.05336,0.06251
crops/hibogi_ai_01432_png_6.jpg,hibogi_ai_01432_png,HIBOGI_AI_01432_png_jpg.rf.baf0224fa60e01b44a3a250926f39a82.jpg,,0,0,no_caries,no_caries,0.8293,0.82934,0.06499,0.04491,0.06076
crops/hibogi_ai_01432_png_7.jpg,hibogi_ai_01432_png,HIBOGI_AI_01432_png_jpg.rf.baf0224fa60e01b44a3a250926f39a82.jpg,,0,0,no_caries,mild,0.6594,0.14184,0.65938,0.05787,0.14091
crops/hibogi_ai_01432_png_8.jpg,hibogi_ai_01432_png,HIBOGI_AI_01432_png_jpg.rf.baf0224fa60e01b44a3a250926f39a82.jpg,,5,0,advanced,advanced,0.6162,0.00518,0.314,0.06461,0.61621
crops/hibogi_ai_01435_png_0.jpg,hibogi_ai_01435_png,HIBOGI_AI_01435_png_jpg.rf.2957e93d992cdc461e5fcde3b9ddebfd.jpg,,0,0,no_caries,no_caries,0.5933,0.59331,0.05327,0.2536,0.09982
crops/hibogi_ai_01435_png_1.jpg,hibogi_ai_01435_png,HIBOGI_AI_01435_png_jpg.rf.2957e93d992cdc461e5fcde3b9ddebfd.jpg,,0,0,no_caries,no_caries,0.735,0.73501,0.0187,0.16333,0.08295
crops/hibogi_ai_01435_png_2.jpg,hibogi_ai_01435_png,HIBOGI_AI_01435_png_jpg.rf.2957e93d992cdc461e5fcde3b9ddebfd.jpg,,0,0,no_caries,no_caries,0.6939,0.69389,0.04261,0.20332,0.06018
crops/hibogi_ai_01435_png_3.jpg,hibogi_ai_01435_png,HIBOGI_AI_01435_png_jpg.rf.2957e93d992cdc461e5fcde3b9ddebfd.jpg,,0,0,no_caries,no_caries,0.7004,0.70044,0.19927,0.07168,0.02861
crops/hibogi_ai_01435_png_4.jpg,hibogi_ai_01435_png,HIBOGI_AI_01435_png_jpg.rf.2957e93d992cdc461e5fcde3b9ddebfd.jpg,,0,0,no_caries,no_caries,0.6715,0.67147,0.11099,0.07578,0.14175
crops/hibogi_ai_01435_png_5.jpg,hibogi_ai_01435_png,HIBOGI_AI_01435_png_jpg.rf.2957e93d992cdc461e5fcde3b9ddebfd.jpg,,0,0,no_caries,no_caries,0.7278,0.72776,0.07483,0.07397,0.12344
crops/hibogi_ai_01435_png_6.jpg,hibogi_ai_01435_png,HIBOGI_AI_01435_png_jpg.rf.2957e93d992cdc461e5fcde3b9ddebfd.jpg,,0,0,no_caries,no_caries,0.6415,0.64146,0.21904,0.08435,0.05516
crops/hibogi_ai_01435_png_7.jpg,hibogi_ai_01435_png,HIBOGI_AI_01435_png_jpg.rf.2957e93d992cdc461e5fcde3b9ddebfd.jpg,,0,0,no_caries,no_caries,0.7579,0.75794,0.10238,0.04641,0.09327
crops/hibogi_ai_01435_png_8.jpg,hibogi_ai_01435_png,HIBOGI_AI_01435_png_jpg.rf.2957e93d992cdc461e5fcde3b9ddebfd.jpg,,0,0,no_caries,no_caries,0.795,0.79505,0.06184,0.0494,0.09372
crops/hibogi_ai_01435_png_9.jpg,hibogi_ai_01435_png,HIBOGI_AI_01435_png_jpg.rf.2957e93d992cdc461e5fcde3b9ddebfd.jpg,,0,0,no_caries,no_caries,0.7756,0.77563,0.02065,0.12191,0.0818
crops/hibogi_ai_01435_png_10.jpg,hibogi_ai_01435_png,HIBOGI_AI_01435_png_jpg.rf.2957e93d992cdc461e5fcde3b9ddebfd.jpg,,0,0,no_caries,no_caries,0.6709,0.67095,0.09518,0.05684,0.17703
crops/hibogi_ai_01435_png_11.jpg,hibogi_ai_01435_png,HIBOGI_AI_01435_png_jpg.rf.2957e93d992cdc461e5fcde3b9ddebfd.jpg,,0,0,no_caries,no_caries,0.7636,0.76365,0.06917,0.08405,0.08313
crops/hibogi_ai_01435_png_12.jpg,hibogi_ai_01435_png,HIBOGI_AI_01435_png_jpg.rf.2957e93d992cdc461e5fcde3b9ddebfd.jpg,,0,0,no_caries,no_caries,0.7628,0.76275,0.03592,0.07924,0.12208
crops/hibogi_ai_01435_png_13.jpg,hibogi_ai_01435_png,HIBOGI_AI_01435_png_jpg.rf.2957e93d992cdc461e5fcde3b9ddebfd.jpg,,0,0,no_caries,no_caries,0.4512,0.45119,0.27882,0.11599,0.15399
crops/hibogi_ai_01435_png_14.jpg,hibogi_ai_01435_png,HIBOGI_AI_01435_png_jpg.rf.2957e93d992cdc461e5fcde3b9ddebfd.jpg,,4,0,moderate,no_caries,0.6512,0.65125,0.18271,0.07337,0.09268
crops/hibogi_ai_01441_png_0.jpg,hibogi_ai_01441_png,HIBOGI_AI_01441_png_jpg.rf.f3cc09793cb8e1d50a5d1ce70e08dde9.jpg,,0,0,no_caries,no_caries,0.7065,0.70651,0.01207,0.12886,0.15256
crops/hibogi_ai_01441_png_1.jpg,hibogi_ai_01441_png,HIBOGI_AI_01441_png_jpg.rf.f3cc09793cb8e1d50a5d1ce70e08dde9.jpg,,0,0,no_caries,no_caries,0.7855,0.78548,0.0831,0.05808,0.07334
crops/hibogi_ai_01441_png_2.jpg,hibogi_ai_01441_png,HIBOGI_AI_01441_png_jpg.rf.f3cc09793cb8e1d50a5d1ce70e08dde9.jpg,,0,0,no_caries,no_caries,0.7984,0.79837,0.03589,0.09316,0.07258
crops/hibogi_ai_01441_png_3.jpg,hibogi_ai_01441_png,HIBOGI_AI_01441_png_jpg.rf.f3cc09793cb8e1d50a5d1ce70e08dde9.jpg,,0,0,no_caries,no_caries,0.7867,0.78666,0.02952,0.09288,0.09093
crops/hibogi_ai_01441_png_4.jpg,hibogi_ai_01441_png,HIBOGI_AI_01441_png_jpg.rf.f3cc09793cb8e1d50a5d1ce70e08dde9.jpg,,0,0,no_caries,no_caries,0.7369,0.73689,0.13371,0.05787,0.07153
crops/hibogi_ai_01441_png_5.jpg,hibogi_ai_01441_png,HIBOGI_AI_01441_png_jpg.rf.f3cc09793cb8e1d50a5d1ce70e08dde9.jpg,,0,0,no_caries,no_caries,0.731,0.73103,0.11157,0.06645,0.09095
crops/hibogi_ai_01441_png_6.jpg,hibogi_ai_01441_png,HIBOGI_AI_01441_png_jpg.rf.f3cc09793cb8e1d50a5d1ce70e08dde9.jpg,,0,0,no_caries,no_caries,0.6528,0.65278,0.11964,0.14407,0.08352
crops/hibogi_ai_01441_png_7.jpg,hibogi_ai_01441_png,HIBOGI_AI_01441_png_jpg.rf.f3cc09793cb8e1d50a5d1ce70e08dde9.jpg,,0,0,no_caries,no_caries,0.6011,0.60106,0.02319,0.24282,0.13293
crops/hibogi_ai_01441_png_8.jpg,hibogi_ai_01441_png,HIBOGI_AI_01441_png_jpg.rf.f3cc09793cb8e1d50a5d1ce70e08dde9.jpg,,0,0,no_caries,no_caries,0.7941,0.79406,0.04699,0.09416,0.06479
crops/hibogi_ai_01441_png_9.jpg,hibogi_ai_01441_png,HIBOGI_AI_01441_png_jpg.rf.f3cc09793cb8e1d50a5d1ce70e08dde9.jpg,,0,0,no_caries,no_caries,0.8551,0.85508,0.04336,0.04466,0.05691
crops/hibogi_ai_01441_png_10.jpg,hibogi_ai_01441_png,HIBOGI_AI_01441_png_jpg.rf.f3cc09793cb8e1d50a5d1ce70e08dde9.jpg,,0,0,no_caries,no_caries,0.8036,0.80362,0.03003,0.06489,0.10146
crops/hibogi_ai_01441_png_11.jpg,hibogi_ai_01441_png,HIBOGI_AI_01441_png_jpg.rf.f3cc09793cb8e1d50a5d1ce70e08dde9.jpg,,0,0,no_caries,no_caries,0.7286,0.72865,0.02353,0.09072,0.15711
crops/hibogi_ai_01441_png_12.jpg,hibogi_ai_01441_png,HIBOGI_AI_01441_png_jpg.rf.f3cc09793cb8e1d50a5d1ce70e08dde9.jpg,,0,0,no_caries,no_caries,0.7996,0.79964,0.05581,0.09675,0.0478
crops/hibogi_ai_01442_png_0.jpg,hibogi_ai_01442_png,HIBOGI_AI_01442_png_jpg.rf.f6ca90bb1dc02d9d713be5178156b2ac.jpg,,0,0,no_caries,no_caries,0.8135,0.81349,0.01206,0.09475,0.0797
crops/hibogi_ai_01442_png_1.jpg,hibogi_ai_01442_png,HIBOGI_AI_01442_png_jpg.rf.f6ca90bb1dc02d9d713be5178156b2ac.jpg,,0,0,no_caries,no_caries,0.7283,0.72829,0.0843,0.14374,0.04367
crops/hibogi_ai_01442_png_2.jpg,hibogi_ai_01442_png,HIBOGI_AI_01442_png_jpg.rf.f6ca90bb1dc02d9d713be5178156b2ac.jpg,,0,0,no_caries,no_caries,0.7422,0.74216,0.12635,0.08396,0.04754
crops/hibogi_ai_01442_png_3.jpg,hibogi_ai_01442_png,HIBOGI_AI_01442_png_jpg.rf.f6ca90bb1dc02d9d713be5178156b2ac.jpg,,0,0,no_caries,no_caries,0.7733,0.7733,0.10385,0.06624,0.05661
crops/hibogi_ai_01442_png_4.jpg,hibogi_ai_01442_png,HIBOGI_AI_01442_png_jpg.rf.f6ca90bb1dc02d9d713be5178156b2ac.jpg,,0,0,no_caries,no_caries,0.7828,0.78278,0.01643,0.15388,0.04691
crops/hibogi_ai_01442_png_5.jpg,hibogi_ai_01442_png,HIBOGI_AI_01442_png_jpg.rf.f6ca90bb1dc02d9d713be5178156b2ac.jpg,,0,0,no_caries,no_caries,0.8316,0.83161,0.05037,0.07836,0.03966
crops/hibogi_ai_01442_png_6.jpg,hibogi_ai_01442_png,HIBOGI_AI_01442_png_jpg.rf.f6ca90bb1dc02d9d713be5178156b2ac.jpg,,0,0,no_caries,no_caries,0.594,0.59402,0.2872,0.0435,0.07529
crops/hibogi_ai_01442_png_7.jpg,hibogi_ai_01442_png,HIBOGI_AI_01442_png_jpg.rf.f6ca90bb1dc02d9d713be5178156b2ac.jpg,,0,0,no_caries,no_caries,0.6233,0.62334,0.25194,0.06274,0.06199
crops/hibogi_ai_01442_png_8.jpg,hibogi_ai_01442_png,HIBOGI_AI_01442_png_jpg.rf.f6ca90bb1dc02d9d713be5178156b2ac.jpg,,0,0,no_caries,no_caries,0.8142,0.81417,0.02537,0.11864,0.04183
crops/hibogi_ai_01442_png_9.jpg,hibogi_ai_01442_png,HIBOGI_AI_01442_png_jpg.rf.f6ca90bb1dc02d9d713be5178156b2ac.jpg,,0,0,no_caries,no_caries,0.5923,0.59227,0.088,0.14297,0.17677
crops/hibogi_ai_01444_png_0.jpg,hibogi_ai_01444_png,HIBOGI_AI_01444_png_jpg.rf.9e537b01e692f3aad6afcadcb434e76f.jpg,,2,0,mild,mild,0.6507,0.12615,0.65073,0.08398,0.13914
crops/hibogi_ai_01444_png_1.jpg,hibogi_ai_01444_png,HIBOGI_AI_01444_png_jpg.rf.9e537b01e692f3aad6afcadcb434e76f.jpg,,0,0,no_caries,no_caries,0.7594,0.75939,0.10852,0.0643,0.06778
crops/hibogi_ai_01444_png_2.jpg,hibogi_ai_01444_png,HIBOGI_AI_01444_png_jpg.rf.9e537b01e692f3aad6afcadcb434e76f.jpg,,0,0,no_caries,no_caries,0.5784,0.57844,0.33643,0.03925,0.04589
crops/hibogi_ai_01444_png_3.jpg,hibogi_ai_01444_png,HIBOGI_AI_01444_png_jpg.rf.9e537b01e692f3aad6afcadcb434e76f.jpg,,0,0,no_caries,no_caries,0.7811,0.78107,0.11609,0.06587,0.03696
crops/hibogi_ai_01444_png_4.jpg,hibogi_ai_01444_png,HIBOGI_AI_01444_png_jpg.rf.9e537b01e692f3aad6afcadcb434e76f.jpg,,6,0,advanced,advanced,0.5038,0.21802,0.24584,0.03233,0.50381
crops/hibogi_ai_01444_png_5.jpg,hibogi_ai_01444_png,HIBOGI_AI_01444_png_jpg.rf.9e537b01e692f3aad6afcadcb434e76f.jpg,,0,0,no_caries,no_caries,0.4687,0.46868,0.34833,0.04174,0.14126
crops/hibogi_ai_01444_png_6.jpg,hibogi_ai_01444_png,HIBOGI_AI_01444_png_jpg.rf.9e537b01e692f3aad6afcadcb434e76f.jpg,,0,0,no_caries,no_caries,0.5721,0.57215,0.34959,0.02129,0.05698
crops/hibogi_ai_01444_png_7.jpg,hibogi_ai_01444_png,HIBOGI_AI_01444_png_jpg.rf.9e537b01e692f3aad6afcadcb434e76f.jpg,,0,0,no_caries,no_caries,0.4883,0.48825,0.41621,0.04312,0.05242
crops/hibogi_ai_01444_png_8.jpg,hibogi_ai_01444_png,HIBOGI_AI_01444_png_jpg.rf.9e537b01e692f3aad6afcadcb434e76f.jpg,,0,0,no_caries,no_caries,0.5746,0.57458,0.33504,0.03724,0.05314
crops/hibogi_ai_01444_png_9.jpg,hibogi_ai_01444_png,HIBOGI_AI_01444_png_jpg.rf.9e537b01e692f3aad6afcadcb434e76f.jpg,,0,0,no_caries,no_caries,0.7434,0.74336,0.15372,0.06778,0.03515
crops/hibogi_ai_01444_png_10.jpg,hibogi_ai_01444_png,HIBOGI_AI_01444_png_jpg.rf.9e537b01e692f3aad6afcadcb434e76f.jpg,,0,0,no_caries,mild,0.4696,0.25856,0.46962,0.06226,0.20957
crops/hibogi_ai_01444_png_11.jpg,hibogi_ai_01444_png,HIBOGI_AI_01444_png_jpg.rf.9e537b01e692f3aad6afcadcb434e76f.jpg,,0,0,no_caries,no_caries,0.6224,0.62238,0.27663,0.04917,0.05182
crops/hibogi_ai_01444_png_12.jpg,hibogi_ai_01444_png,HIBOGI_AI_01444_png_jpg.rf.9e537b01e692f3aad6afcadcb434e76f.jpg,,2,0,mild,mild,0.4442,0.42139,0.44418,0.04422,0.09021
crops/hibogi_ai_01446_png_0.jpg,hibogi_ai_01446_png,HIBOGI_AI_01446_png_jpg.rf.8df15d2d33a76574af9c9c7cccfd5537.jpg,,0,0,no_caries,no_caries,0.595,0.59501,0.19312,0.16959,0.04228
crops/hibogi_ai_01446_png_1.jpg,hibogi_ai_01446_png,HIBOGI_AI_01446_png_jpg.rf.8df15d2d33a76574af9c9c7cccfd5537.jpg,,0,0,no_caries,no_caries,0.7341,0.73409,0.05437,0.15927,0.05227
crops/hibogi_ai_01446_png_2.jpg,hibogi_ai_01446_png,HIBOGI_AI_01446_png_jpg.rf.8df15d2d33a76574af9c9c7cccfd5537.jpg,,0,0,no_caries,no_caries,0.7388,0.73878,0.1388,0.06763,0.05479
crops/hibogi_ai_01446_png_3.jpg,hibogi_ai_01446_png,HIBOGI_AI_01446_png_jpg.rf.8df15d2d33a76574af9c9c7cccfd5537.jpg,,6,0,advanced,advanced,0.6486,0.03436,0.28254,0.03451,0.64859
crops/hibogi_ai_01446_png_4.jpg,hibogi_ai_01446_png,HIBOGI_AI_01446_png_jpg.rf.8df15d2d33a76574af9c9c7cccfd5537.jpg,,0,0,no_caries,mild,0.6314,0.06412,0.63143,0.06132,0.24314
crops/hibogi_ai_01446_png_5.jpg,hibogi_ai_01446_png,HIBOGI_AI_01446_png_jpg.rf.8df15d2d33a76574af9c9c7cccfd5537.jpg,,0,0,no_caries,no_caries,0.801,0.80097,0.05859,0.08173,0.05871
crops/hibogi_ai_01446_png_6.jpg,hibogi_ai_01446_png,HIBOGI_AI_01446_png_jpg.rf.8df15d2d33a76574af9c9c7cccfd5537.jpg,,0,0,no_caries,no_caries,0.7906,0.79058,0.11038,0.06899,0.03004
crops/hibogi_ai_01446_png_7.jpg,hibogi_ai_01446_png,HIBOGI_AI_01446_png_jpg.rf.8df15d2d33a76574af9c9c7cccfd5537.jpg,,0,0,no_caries,no_caries,0.849,0.84903,0.03179,0.06041,0.05877
crops/hibogi_ai_01446_png_8.jpg,hibogi_ai_01446_png,HIBOGI_AI_01446_png_jpg.rf.8df15d2d33a76574af9c9c7cccfd5537.jpg,,0,0,no_caries,no_caries,0.8682,0.86822,0.02304,0.05674,0.05199
crops/hibogi_ai_01446_png_9.jpg,hibogi_ai_01446_png,HIBOGI_AI_01446_png_jpg.rf.8df15d2d33a76574af9c9c7cccfd5537.jpg,,0,0,no_caries,no_caries,0.7176,0.71758,0.03876,0.17986,0.06379
crops/hibogi_ai_01455_png_0.jpg,hibogi_ai_01455_png,HIBOGI_AI_01455_png_jpg.rf.e65d5d86e1a90280ecd240ed47d0a20b.jpg,,0,0,no_caries,no_caries,0.6164,0.61644,0.19105,0.12225,0.07026
crops/hibogi_ai_01455_png_1.jpg,hibogi_ai_01455_png,HIBOGI_AI_01455_png_jpg.rf.e65d5d86e1a90280ecd240ed47d0a20b.jpg,,0,0,no_caries,no_caries,0.734,0.73401,0.08514,0.0775,0.10335
crops/hibogi_ai_01455_png_2.jpg,hibogi_ai_01455_png,HIBOGI_AI_01455_png_jpg.rf.e65d5d86e1a90280ecd240ed47d0a20b.jpg,,0,0,no_caries,no_caries,0.8438,0.8438,0.02503,0.07179,0.05938
crops/hibogi_ai_01455_png_3.jpg,hibogi_ai_01455_png,HIBOGI_AI_01455_png_jpg.rf.e65d5d86e1a90280ecd240ed47d0a20b.jpg,,0,0,no_caries,no_caries,0.8171,0.81707,0.04683,0.06947,0.06662
crops/hibogi_ai_01455_png_4.jpg,hibogi_ai_01455_png,HIBOGI_AI_01455_png_jpg.rf.e65d5d86e1a90280ecd240ed47d0a20b.jpg,,0,0,no_caries,no_caries,0.7861,0.78607,0.02348,0.13058,0.05988
crops/hibogi_ai_01455_png_5.jpg,hibogi_ai_01455_png,HIBOGI_AI_01455_png_jpg.rf.e65d5d86e1a90280ecd240ed47d0a20b.jpg,,0,0,no_caries,no_caries,0.7731,0.77309,0.02818,0.12426,0.07447
crops/hibogi_ai_01455_png_6.jpg,hibogi_ai_01455_png,HIBOGI_AI_01455_png_jpg.rf.e65d5d86e1a90280ecd240ed47d0a20b.jpg,,0,0,no_caries,no_caries,0.6145,0.61448,0.21378,0.11157,0.06017
crops/hibogi_ai_01455_png_7.jpg,hibogi_ai_01455_png,HIBOGI_AI_01455_png_jpg.rf.e65d5d86e1a90280ecd240ed47d0a20b.jpg,,0,0,no_caries,no_caries,0.7591,0.75911,0.08839,0.06482,0.08768
crops/hibogi_ai_01459_png_0.jpg,hibogi_ai_01459_png,HIBOGI_AI_01459_png_jpg.rf.ef2b086c019b75287924db590698ce57.jpg,,2,0,mild,no_caries,0.6251,0.62511,0.15379,0.11974,0.10135
crops/hibogi_ai_01459_png_1.jpg,hibogi_ai_01459_png,HIBOGI_AI_01459_png_jpg.rf.ef2b086c019b75287924db590698ce57.jpg,,0,0,no_caries,no_caries,0.6085,0.60851,0.18925,0.08395,0.11828
crops/hibogi_ai_01459_png_2.jpg,hibogi_ai_01459_png,HIBOGI_AI_01459_png_jpg.rf.ef2b086c019b75287924db590698ce57.jpg,,2,0,mild,no_caries,0.7007,0.70074,0.11254,0.09798,0.08873
crops/hibogi_ai_01459_png_3.jpg,hibogi_ai_01459_png,HIBOGI_AI_01459_png_jpg.rf.ef2b086c019b75287924db590698ce57.jpg,,0,0,no_caries,no_caries,0.7203,0.7203,0.1559,0.06489,0.05891
crops/hibogi_ai_01459_png_4.jpg,hibogi_ai_01459_png,HIBOGI_AI_01459_png_jpg.rf.ef2b086c019b75287924db590698ce57.jpg,,0,0,no_caries,no_caries,0.6719,0.67188,0.20084,0.07521,0.05208
crops/hibogi_ai_01459_png_5.jpg,hibogi_ai_01459_png,HIBOGI_AI_01459_png_jpg.rf.ef2b086c019b75287924db590698ce57.jpg,,1,0,mild,mild,0.4299,0.40548,0.42993,0.03652,0.12808
crops/hibogi_ai_01459_png_6.jpg,hibogi_ai_01459_png,HIBOGI_AI_01459_png_jpg.rf.ef2b086c019b75287924db590698ce57.jpg,,0,0,no_caries,no_caries,0.8134,0.81336,0.06174,0.05509,0.06981
crops/hibogi_ai_01459_png_7.jpg,hibogi_ai_01459_png,HIBOGI_AI_01459_png_jpg.rf.ef2b086c019b75287924db590698ce57.jpg,,0,0,no_caries,no_caries,0.5416,0.54165,0.13642,0.13859,0.18333
crops/hibogi_ai_01459_png_8.jpg,hibogi_ai_01459_png,HIBOGI_AI_01459_png_jpg.rf.ef2b086c019b75287924db590698ce57.jpg,,0,0,no_caries,no_caries,0.6355,0.63552,0.11275,0.15792,0.09381
crops/hibogi_ai_01459_png_9.jpg,hibogi_ai_01459_png,HIBOGI_AI_01459_png_jpg.rf.ef2b086c019b75287924db590698ce57.jpg,,0,0,no_caries,no_caries,0.7625,0.76249,0.04489,0.08236,0.11026
crops/hibogi_ai_01459_png_10.jpg,hibogi_ai_01459_png,HIBOGI_AI_01459_png_jpg.rf.ef2b086c019b75287924db590698ce57.jpg,,0,0,no_caries,no_caries,0.7343,0.7343,0.10044,0.09218,0.07308
crops/hibogi_ai_01459_png_11.jpg,hibogi_ai_01459_png,HIBOGI_AI_01459_png_jpg.rf.ef2b086c019b75287924db590698ce57.jpg,,0,0,no_caries,no_caries,0.8088,0.80878,0.02749,0.09273,0.07099
crops/hibogi_ai_01459_png_12.jpg,hibogi_ai_01459_png,HIBOGI_AI_01459_png_jpg.rf.ef2b086c019b75287924db590698ce57.jpg,,0,0,no_caries,no_caries,0.727,0.727,0.07612,0.1384,0.05849
crops/hibogi_ai_01459_png_13.jpg,hibogi_ai_01459_png,HIBOGI_AI_01459_png_jpg.rf.ef2b086c019b75287924db590698ce57.jpg,,0,0,no_caries,no_caries,0.6327,0.63268,0.22755,0.05936,0.08041
crops/hibogi_ai_01459_png_14.jpg,hibogi_ai_01459_png,HIBOGI_AI_01459_png_jpg.rf.ef2b086c019b75287924db590698ce57.jpg,,0,0,no_caries,no_caries,0.803,0.80303,0.07013,0.07325,0.05359
crops/hibogi_ai_01459_png_15.jpg,hibogi_ai_01459_png,HIBOGI_AI_01459_png_jpg.rf.ef2b086c019b75287924db590698ce57.jpg,,0,0,no_caries,no_caries,0.8153,0.8153,0.0554,0.0684,0.06091
crops/hibogi_ai_01460_png_0.jpg,hibogi_ai_01460_png,HIBOGI_AI_01460_png_jpg.rf.63f6048b1e652e32a1d45eeddc005b29.jpg,,0,0,no_caries,advanced,0.4837,0.05416,0.30013,0.16199,0.48371
crops/hibogi_ai_01460_png_1.jpg,hibogi_ai_01460_png,HIBOGI_AI_01460_png_jpg.rf.63f6048b1e652e32a1d45eeddc005b29.jpg,,0,0,no_caries,no_caries,0.5408,0.54084,0.20763,0.12763,0.12389
crops/hibogi_ai_01460_png_2.jpg,hibogi_ai_01460_png,HIBOGI_AI_01460_png_jpg.rf.63f6048b1e652e32a1d45eeddc005b29.jpg,,0,0,no_caries,no_caries,0.6007,0.60067,0.26043,0.07586,0.06304
crops/hibogi_ai_01460_png_3.jpg,hibogi_ai_01460_png,HIBOGI_AI_01460_png_jpg.rf.63f6048b1e652e32a1d45eeddc005b29.jpg,,0,0,no_caries,no_caries,0.7632,0.76315,0.03185,0.07763,0.12736
crops/hibogi_ai_01460_png_4.jpg,hibogi_ai_01460_png,HIBOGI_AI_01460_png_jpg.rf.63f6048b1e652e32a1d45eeddc005b29.jpg,,0,0,no_caries,no_caries,0.7635,0.76352,0.0337,0.08526,0.11752
crops/hibogi_ai_01460_png_5.jpg,hibogi_ai_01460_png,HIBOGI_AI_01460_png_jpg.rf.63f6048b1e652e32a1d45eeddc005b29.jpg,,0,0,no_caries,no_caries,0.6223,0.6223,0.08444,0.14101,0.15225
crops/hibogi_ai_01460_png_7.jpg,hibogi_ai_01460_png,HIBOGI_AI_01460_png_jpg.rf.63f6048b1e652e32a1d45eeddc005b29.jpg,,0,0,no_caries,no_caries,0.7184,0.7184,0.03758,0.11301,0.13101
crops/hibogi_ai_01460_png_9.jpg,hibogi_ai_01460_png,HIBOGI_AI_01460_png_jpg.rf.63f6048b1e652e32a1d45eeddc005b29.jpg,,0,0,no_caries,no_caries,0.7189,0.71887,0.10591,0.06914,0.10608
crops/hibogi_ai_01460_png_10.jpg,hibogi_ai_01460_png,HIBOGI_AI_01460_png_jpg.rf.63f6048b1e652e32a1d45eeddc005b29.jpg,,0,0,no_caries,no_caries,0.7774,0.77742,0.09913,0.07633,0.04712
crops/hibogi_ai_01460_png_11.jpg,hibogi_ai_01460_png,HIBOGI_AI_01460_png_jpg.rf.63f6048b1e652e32a1d45eeddc005b29.jpg,,0,0,no_caries,no_caries,0.766,0.76605,0.09104,0.08352,0.0594
crops/hibogi_ai_01460_png_12.jpg,hibogi_ai_01460_png,HIBOGI_AI_01460_png_jpg.rf.63f6048b1e652e32a1d45eeddc005b29.jpg,,0,0,no_caries,moderate,0.501,0.28152,0.20265,0.50098,0.01485
crops/hibogi_ai_01461_png_0.jpg,hibogi_ai_01461_png,HIBOGI_AI_01461_png_jpg.rf.e3fba64ff0ca5bb885bef7b03dfe2545.jpg,,0,0,no_caries,no_caries,0.7348,0.73476,0.07632,0.07454,0.11438
crops/hibogi_ai_01461_png_1.jpg,hibogi_ai_01461_png,HIBOGI_AI_01461_png_jpg.rf.e3fba64ff0ca5bb885bef7b03dfe2545.jpg,,0,0,no_caries,no_caries,0.8355,0.83545,0.02704,0.07049,0.06702
crops/hibogi_ai_01461_png_2.jpg,hibogi_ai_01461_png,HIBOGI_AI_01461_png_jpg.rf.e3fba64ff0ca5bb885bef7b03dfe2545.jpg,,0,0,no_caries,no_caries,0.6916,0.69159,0.04845,0.1375,0.12245
crops/hibogi_ai_01461_png_3.jpg,hibogi_ai_01461_png,HIBOGI_AI_01461_png_jpg.rf.e3fba64ff0ca5bb885bef7b03dfe2545.jpg,,0,0,no_caries,no_caries,0.7488,0.74885,0.05312,0.10655,0.09148
crops/hibogi_ai_01461_png_4.jpg,hibogi_ai_01461_png,HIBOGI_AI_01461_png_jpg.rf.e3fba64ff0ca5bb885bef7b03dfe2545.jpg,,0,0,no_caries,no_caries,0.6101,0.61007,0.2825,0.06004,0.04739
crops/hibogi_ai_01461_png_5.jpg,hibogi_ai_01461_png,HIBOGI_AI_01461_png_jpg.rf.e3fba64ff0ca5bb885bef7b03dfe2545.jpg,,0,0,no_caries,no_caries,0.7374,0.73737,0.09275,0.08943,0.08046
crops/hibogi_ai_01461_png_6.jpg,hibogi_ai_01461_png,HIBOGI_AI_01461_png_jpg.rf.e3fba64ff0ca5bb885bef7b03dfe2545.jpg,,0,0,no_caries,no_caries,0.8163,0.81631,0.04349,0.07705,0.06315
crops/hibogi_ai_01461_png_7.jpg,hibogi_ai_01461_png,HIBOGI_AI_01461_png_jpg.rf.e3fba64ff0ca5bb885bef7b03dfe2545.jpg,,0,0,no_caries,no_caries,0.7681,0.76808,0.07064,0.06187,0.09942
crops/hibogi_ai_01461_png_8.jpg,hibogi_ai_01461_png,HIBOGI_AI_01461_png_jpg.rf.e3fba64ff0ca5bb885bef7b03dfe2545.jpg,,0,0,no_caries,no_caries,0.7551,0.75509,0.07196,0.09241,0.08054
crops/hibogi_ai_01461_png_9.jpg,hibogi_ai_01461_png,HIBOGI_AI_01461_png_jpg.rf.e3fba64ff0ca5bb885bef7b03dfe2545.jpg,,0,0,no_caries,no_caries,0.6842,0.68424,0.11181,0.09948,0.10447
crops/hibogi_ai_01463_png_0.jpg,hibogi_ai_01463_png,HIBOGI_AI_01463_png_jpg.rf.e66237da2598d66dec25e58892cdb298.jpg,,0,0,no_caries,no_caries,0.7459,0.7459,0.03254,0.15986,0.06169
crops/hibogi_ai_01463_png_1.jpg,hibogi_ai_01463_png,HIBOGI_AI_01463_png_jpg.rf.e66237da2598d66dec25e58892cdb298.jpg,,0,0,no_caries,no_caries,0.8077,0.80767,0.0463,0.09303,0.053
crops/hibogi_ai_01463_png_2.jpg,hibogi_ai_01463_png,HIBOGI_AI_01463_png_jpg.rf.e66237da2598d66dec25e58892cdb298.jpg,,0,0,no_caries,mild,0.5178,0.2943,0.5178,0.14263,0.04527
crops/hibogi_ai_01463_png_3.jpg,hibogi_ai_01463_png,HIBOGI_AI_01463_png_jpg.rf.e66237da2598d66dec25e58892cdb298.jpg,,0,0,no_caries,no_caries,0.7287,0.7287,0.13551,0.10055,0.03525
crops/hibogi_ai_01463_png_4.jpg,hibogi_ai_01463_png,HIBOGI_AI_01463_png_jpg.rf.e66237da2598d66dec25e58892cdb298.jpg,,0,0,no_caries,no_caries,0.5955,0.59552,0.23448,0.12437,0.04563
crops/hibogi_ai_01463_png_5.jpg,hibogi_ai_01463_png,HIBOGI_AI_01463_png_jpg.rf.e66237da2598d66dec25e58892cdb298.jpg,,0,0,no_caries,no_caries,0.4696,0.46956,0.30205,0.14011,0.08828
crops/hibogi_ai_01463_png_6.jpg,hibogi_ai_01463_png,HIBOGI_AI_01463_png_jpg.rf.e66237da2598d66dec25e58892cdb298.jpg,,0,0,no_caries,advanced,0.5123,0.13505,0.30961,0.043,0.51233
crops/hibogi_ai_01463_png_7.jpg,hibogi_ai_01463_png,HIBOGI_AI_01463_png_jpg.rf.e66237da2598d66dec25e58892cdb298.jpg,,0,0,no_caries,mild,0.476,0.23704,0.47597,0.08121,0.20579
crops/hibogi_ai_01463_png_8.jpg,hibogi_ai_01463_png,HIBOGI_AI_01463_png_jpg.rf.e66237da2598d66dec25e58892cdb298.jpg,,0,0,no_caries,mild,0.3817,0.23882,0.3817,0.15991,0.21957
crops/hibogi_ai_01463_png_9.jpg,hibogi_ai_01463_png,HIBOGI_AI_01463_png_jpg.rf.e66237da2598d66dec25e58892cdb298.jpg,,0,0,no_caries,no_caries,0.567,0.56701,0.27264,0.08559,0.07476
crops/hibogi_ai_01463_png_10.jpg,hibogi_ai_01463_png,HIBOGI_AI_01463_png_jpg.rf.e66237da2598d66dec25e58892cdb298.jpg,,0,0,no_caries,no_caries,0.674,0.67397,0.12419,0.14692,0.05491
crops/hibogi_ai_01463_png_11.jpg,hibogi_ai_01463_png,HIBOGI_AI_01463_png_jpg.rf.e66237da2598d66dec25e58892cdb298.jpg,,0,0,no_caries,no_caries,0.5652,0.56519,0.26692,0.12882,0.03906
crops/hibogi_ai_01463_png_12.jpg,hibogi_ai_01463_png,HIBOGI_AI_01463_png_jpg.rf.e66237da2598d66dec25e58892cdb298.jpg,,0,0,no_caries,no_caries,0.6218,0.62177,0.07787,0.21847,0.08189
crops/hibogi_ai_01464_png_0.jpg,hibogi_ai_01464_png,HIBOGI_AI_01464_png_jpg.rf.f9b9142f849b9e207a774fb74ea64431.jpg,,6,0,advanced,advanced,0.9522,0.00117,0.00423,0.0424,0.95219
crops/hibogi_ai_01464_png_1.jpg,hibogi_ai_01464_png,HIBOGI_AI_01464_png_jpg.rf.f9b9142f849b9e207a774fb74ea64431.jpg,,0,0,no_caries,no_caries,0.7182,0.71818,0.14115,0.06862,0.07205
crops/hibogi_ai_01464_png_2.jpg,hibogi_ai_01464_png,HIBOGI_AI_01464_png_jpg.rf.f9b9142f849b9e207a774fb74ea64431.jpg,,0,0,no_caries,no_caries,0.7468,0.74679,0.04143,0.11586,0.09592
crops/hibogi_ai_01464_png_3.jpg,hibogi_ai_01464_png,HIBOGI_AI_01464_png_jpg.rf.f9b9142f849b9e207a774fb74ea64431.jpg,,0,0,no_caries,no_caries,0.7932,0.79319,0.05828,0.06978,0.07875
crops/hibogi_ai_01464_png_4.jpg,hibogi_ai_01464_png,HIBOGI_AI_01464_png_jpg.rf.f9b9142f849b9e207a774fb74ea64431.jpg,,0,0,no_caries,no_caries,0.7485,0.74854,0.07934,0.09184,0.08028
crops/hibogi_ai_01464_png_5.jpg,hibogi_ai_01464_png,HIBOGI_AI_01464_png_jpg.rf.f9b9142f849b9e207a774fb74ea64431.jpg,,0,0,no_caries,no_caries,0.7659,0.76591,0.09676,0.07267,0.06465
crops/hibogi_ai_01464_png_6.jpg,hibogi_ai_01464_png,HIBOGI_AI_01464_png_jpg.rf.f9b9142f849b9e207a774fb74ea64431.jpg,,0,0,no_caries,advanced,0.7781,0.13875,0.04901,0.03418,0.77807
crops/hibogi_ai_01464_png_7.jpg,hibogi_ai_01464_png,HIBOGI_AI_01464_png_jpg.rf.f9b9142f849b9e207a774fb74ea64431.jpg,,0,0,no_caries,no_caries,0.4841,0.48413,0.12171,0.24121,0.15295
crops/hibogi_ai_01464_png_8.jpg,hibogi_ai_01464_png,HIBOGI_AI_01464_png_jpg.rf.f9b9142f849b9e207a774fb74ea64431.jpg,,0,0,no_caries,no_caries,0.7387,0.7387,0.09893,0.07867,0.0837
crops/hibogi_ai_01464_png_9.jpg,hibogi_ai_01464_png,HIBOGI_AI_01464_png_jpg.rf.f9b9142f849b9e207a774fb74ea64431.jpg,,0,0,no_caries,no_caries,0.7369,0.73689,0.15607,0.05924,0.0478
crops/hibogi_ai_01464_png_10.jpg,hibogi_ai_01464_png,HIBOGI_AI_01464_png_jpg.rf.f9b9142f849b9e207a774fb74ea64431.jpg,,0,0,no_caries,no_caries,0.6645,0.6645,0.2234,0.06137,0.05073
crops/hibogi_ai_01464_png_11.jpg,hibogi_ai_01464_png,HIBOGI_AI_01464_png_jpg.rf.f9b9142f849b9e207a774fb74ea64431.jpg,,0,0,no_caries,mild,0.5603,0.31509,0.56033,0.04162,0.08295
crops/hibogi_ai_01464_png_12.jpg,hibogi_ai_01464_png,HIBOGI_AI_01464_png_jpg.rf.f9b9142f849b9e207a774fb74ea64431.jpg,,0,0,no_caries,no_caries,0.6705,0.67047,0.24056,0.06298,0.02599
crops/hibogi_ai_01464_png_13.jpg,hibogi_ai_01464_png,HIBOGI_AI_01464_png_jpg.rf.f9b9142f849b9e207a774fb74ea64431.jpg,,0,0,no_caries,no_caries,0.8051,0.80513,0.06116,0.08681,0.0469
crops/hibogi_ai_01464_png_14.jpg,hibogi_ai_01464_png,HIBOGI_AI_01464_png_jpg.rf.f9b9142f849b9e207a774fb74ea64431.jpg,,0,0,no_caries,no_caries,0.6065,0.60655,0.17492,0.14844,0.0701
crops/hibogi_ai_01485_png_0.jpg,hibogi_ai_01485_png,HIBOGI_AI_01485_png_jpg.rf.5e60102419b4e80e4e670179c6fbcac5.jpg,,0,0,no_caries,advanced,0.4084,0.10931,0.38338,0.09888,0.40842
crops/hibogi_ai_01485_png_1.jpg,hibogi_ai_01485_png,HIBOGI_AI_01485_png_jpg.rf.5e60102419b4e80e4e670179c6fbcac5.jpg,,0,0,no_caries,no_caries,0.7265,0.72646,0.1327,0.06082,0.08002
crops/hibogi_ai_01485_png_2.jpg,hibogi_ai_01485_png,HIBOGI_AI_01485_png_jpg.rf.5e60102419b4e80e4e670179c6fbcac5.jpg,,0,0,no_caries,no_caries,0.8511,0.85113,0.03098,0.04845,0.06944
crops/hibogi_ai_01485_png_3.jpg,hibogi_ai_01485_png,HIBOGI_AI_01485_png_jpg.rf.5e60102419b4e80e4e670179c6fbcac5.jpg,,0,0,no_caries,no_caries,0.8274,0.82741,0.03192,0.09774,0.04293
crops/hibogi_ai_01485_png_4.jpg,hibogi_ai_01485_png,HIBOGI_AI_01485_png_jpg.rf.5e60102419b4e80e4e670179c6fbcac5.jpg,,0,0,no_caries,no_caries,0.8071,0.80712,0.04812,0.08701,0.05774
crops/hibogi_ai_01485_png_5.jpg,hibogi_ai_01485_png,HIBOGI_AI_01485_png_jpg.rf.5e60102419b4e80e4e670179c6fbcac5.jpg,,0,0,no_caries,mild,0.5261,0.31987,0.52609,0.10651,0.04754
crops/hibogi_ai_01485_png_6.jpg,hibogi_ai_01485_png,HIBOGI_AI_01485_png_jpg.rf.5e60102419b4e80e4e670179c6fbcac5.jpg,,0,0,no_caries,no_caries,0.8106,0.81056,0.02269,0.07571,0.09105
crops/hibogi_ai_01485_png_7.jpg,hibogi_ai_01485_png,HIBOGI_AI_01485_png_jpg.rf.5e60102419b4e80e4e670179c6fbcac5.jpg,,0,0,no_caries,no_caries,0.8226,0.82262,0.0148,0.09233,0.07025
crops/hibogi_ai_01485_png_8.jpg,hibogi_ai_01485_png,HIBOGI_AI_01485_png_jpg.rf.5e60102419b4e80e4e670179c6fbcac5.jpg,,0,0,no_caries,no_caries,0.8509,0.85085,0.03359,0.05555,0.06001
crops/hibogi_ai_01485_png_9.jpg,hibogi_ai_01485_png,HIBOGI_AI_01485_png_jpg.rf.5e60102419b4e80e4e670179c6fbcac5.jpg,,0,0,no_caries,no_caries,0.7989,0.79893,0.04552,0.07326,0.08229
crops/hibogi_ai_01485_png_10.jpg,hibogi_ai_01485_png,HIBOGI_AI_01485_png_jpg.rf.5e60102419b4e80e4e670179c6fbcac5.jpg,,0,0,no_caries,no_caries,0.7288,0.72878,0.07483,0.09023,0.10616
crops/hibogi_ai_01485_png_11.jpg,hibogi_ai_01485_png,HIBOGI_AI_01485_png_jpg.rf.5e60102419b4e80e4e670179c6fbcac5.jpg,,0,0,no_caries,moderate,0.4179,0.13993,0.27301,0.41793,0.16914
crops/hibogi_ai_01496_png_0.jpg,hibogi_ai_01496_png,HIBOGI_AI_01496_png_jpg.rf.3c4455f1fd385830ee76d8899f1706e3.jpg,,0,0,no_caries,no_caries,0.6411,0.64113,0.1279,0.17623,0.05474
crops/hibogi_ai_01496_png_1.jpg,hibogi_ai_01496_png,HIBOGI_AI_01496_png_jpg.rf.3c4455f1fd385830ee76d8899f1706e3.jpg,,0,0,no_caries,no_caries,0.64,0.64004,0.05874,0.20523,0.09599
crops/hibogi_ai_01496_png_2.jpg,hibogi_ai_01496_png,HIBOGI_AI_01496_png_jpg.rf.3c4455f1fd385830ee76d8899f1706e3.jpg,,0,0,no_caries,no_caries,0.7946,0.79459,0.05043,0.06776,0.08722
crops/hibogi_ai_01496_png_3.jpg,hibogi_ai_01496_png,HIBOGI_AI_01496_png_jpg.rf.3c4455f1fd385830ee76d8899f1706e3.jpg,,0,0,no_caries,no_caries,0.4883,0.48827,0.24737,0.21687,0.04749
crops/hibogi_ai_01496_png_4.jpg,hibogi_ai_01496_png,HIBOGI_AI_01496_png_jpg.rf.3c4455f1fd385830ee76d8899f1706e3.jpg,,0,0,no_caries,no_caries,0.5496,0.54955,0.17162,0.24491,0.03392
crops/hibogi_ai_01496_png_5.jpg,hibogi_ai_01496_png,HIBOGI_AI_01496_png_jpg.rf.3c4455f1fd385830ee76d8899f1706e3.jpg,,0,0,no_caries,no_caries,0.7383,0.7383,0.12515,0.10476,0.03179
crops/hibogi_ai_01496_png_6.jpg,hibogi_ai_01496_png,HIBOGI_AI_01496_png_jpg.rf.3c4455f1fd385830ee76d8899f1706e3.jpg,,0,0,no_caries,mild,0.6419,0.28047,0.64194,0.03062,0.04697
crops/hibogi_ai_01496_png_7.jpg,hibogi_ai_01496_png,HIBOGI_AI_01496_png_jpg.rf.3c4455f1fd385830ee76d8899f1706e3.jpg,,0,0,no_caries,no_caries,0.83,0.83001,0.07616,0.05288,0.04095
crops/hibogi_ai_01496_png_8.jpg,hibogi_ai_01496_png,HIBOGI_AI_01496_png_jpg.rf.3c4455f1fd385830ee76d8899f1706e3.jpg,,0,0,no_caries,no_caries,0.8518,0.85181,0.02858,0.08252,0.03709
crops/hibogi_ai_01496_png_9.jpg,hibogi_ai_01496_png,HIBOGI_AI_01496_png_jpg.rf.3c4455f1fd385830ee76d8899f1706e3.jpg,,0,0,no_caries,no_caries,0.8202,0.82019,0.03954,0.07983,0.06044
crops/hibogi_ai_01496_png_10.jpg,hibogi_ai_01496_png,HIBOGI_AI_01496_png_jpg.rf.3c4455f1fd385830ee76d8899f1706e3.jpg,,0,0,no_caries,no_caries,0.8539,0.85394,0.01821,0.07857,0.04928
crops/hibogi_ai_01496_png_11.jpg,hibogi_ai_01496_png,HIBOGI_AI_01496_png_jpg.rf.3c4455f1fd385830ee76d8899f1706e3.jpg,,0,0,no_caries,no_caries,0.7126,0.71258,0.13079,0.06785,0.08878
crops/hibogi_ai_01496_png_12.jpg,hibogi_ai_01496_png,HIBOGI_AI_01496_png_jpg.rf.3c4455f1fd385830ee76d8899f1706e3.jpg,,0,0,no_caries,mild,0.3999,0.39576,0.39995,0.12978,0.07451
crops/hibogi_ai_01496_png_13.jpg,hibogi_ai_01496_png,HIBOGI_AI_01496_png_jpg.rf.3c4455f1fd385830ee76d8899f1706e3.jpg,,0,0,no_caries,no_caries,0.607,0.60695,0.08104,0.10514,0.20687
crops/hibogi_ai_01497_png_0.jpg,hibogi_ai_01497_png,HIBOGI_AI_01497_png_jpg.rf.dcbca14985b83f6407f69ba622afc4a6.jpg,,3,0,moderate,no_caries,0.3968,0.3968,0.34469,0.18634,0.07217
crops/hibogi_ai_01497_png_1.jpg,hibogi_ai_01497_png,HIBOGI_AI_01497_png_jpg.rf.dcbca14985b83f6407f69ba622afc4a6.jpg,,4,0,moderate,moderate,0.8616,0.02327,0.05116,0.86157,0.064
crops/hibogi_ai_01497_png_2.jpg,hibogi_ai_01497_png,HIBOGI_AI_01497_png_jpg.rf.dcbca14985b83f6407f69ba622afc4a6.jpg,,0,0,no_caries,no_caries,0.3326,0.33258,0.30509,0.25665,0.10568
crops/hibogi_ai_01497_png_3.jpg,hibogi_ai_01497_png,HIBOGI_AI_01497_png_jpg.rf.dcbca14985b83f6407f69ba622afc4a6.jpg,,2,0,mild,no_caries,0.6463,0.64631,0.18643,0.11465,0.05261
crops/hibogi_ai_01497_png_4.jpg,hibogi_ai_01497_png,HIBOGI_AI_01497_png_jpg.rf.dcbca14985b83f6407f69ba622afc4a6.jpg,,0,0,no_caries,no_caries,0.8009,0.80087,0.04755,0.07751,0.07408
crops/hibogi_ai_01497_png_5.jpg,hibogi_ai_01497_png,HIBOGI_AI_01497_png_jpg.rf.dcbca14985b83f6407f69ba622afc4a6.jpg,,0,0,no_caries,no_caries,0.831,0.83101,0.02605,0.0524,0.09053
crops/hibogi_ai_01497_png_6.jpg,hibogi_ai_01497_png,HIBOGI_AI_01497_png_jpg.rf.dcbca14985b83f6407f69ba622afc4a6.jpg,,0,0,no_caries,no_caries,0.6202,0.62023,0.21046,0.08495,0.08436
crops/hibogi_ai_01497_png_7.jpg,hibogi_ai_01497_png,HIBOGI_AI_01497_png_jpg.rf.dcbca14985b83f6407f69ba622afc4a6.jpg,,2,0,mild,moderate,0.51,0.12228,0.20535,0.51001,0.16236
crops/hibogi_ai_01497_png_8.jpg,hibogi_ai_01497_png,HIBOGI_AI_01497_png_jpg.rf.dcbca14985b83f6407f69ba622afc4a6.jpg,,3,0,moderate,advanced,0.7378,0.01103,0.03037,0.22084,0.73776
crops/hibogi_ai_01497_png_9.jpg,hibogi_ai_01497_png,HIBOGI_AI_01497_png_jpg.rf.dcbca14985b83f6407f69ba622afc4a6.jpg,,0,0,no_caries,no_caries,0.7234,0.72345,0.09958,0.06991,0.10707
crops/hibogi_ai_01497_png_10.jpg,hibogi_ai_01497_png,HIBOGI_AI_01497_png_jpg.rf.dcbca14985b83f6407f69ba622afc4a6.jpg,,0,0,no_caries,no_caries,0.8336,0.83364,0.01505,0.06836,0.08295
crops/hibogi_ai_01497_png_11.jpg,hibogi_ai_01497_png,HIBOGI_AI_01497_png_jpg.rf.dcbca14985b83f6407f69ba622afc4a6.jpg,,0,0,no_caries,no_caries,0.8088,0.80883,0.01935,0.09828,0.07354
crops/hibogi_ai_01497_png_14.jpg,hibogi_ai_01497_png,HIBOGI_AI_01497_png_jpg.rf.dcbca14985b83f6407f69ba622afc4a6.jpg,,0,0,no_caries,no_caries,0.696,0.69605,0.04433,0.20897,0.05066
crops/hibogi_ai_01499_png_0.jpg,hibogi_ai_01499_png,HIBOGI_AI_01499_png_jpg.rf.19a7f700d488977470e5ba6282111a74.jpg,,0,0,no_caries,no_caries,0.6718,0.67182,0.20614,0.07446,0.04758
crops/hibogi_ai_01499_png_1.jpg,hibogi_ai_01499_png,HIBOGI_AI_01499_png_jpg.rf.19a7f700d488977470e5ba6282111a74.jpg,,2,0,mild,mild,0.5218,0.38629,0.5218,0.0395,0.05241
crops/hibogi_ai_01499_png_2.jpg,hibogi_ai_01499_png,HIBOGI_AI_01499_png_jpg.rf.19a7f700d488977470e5ba6282111a74.jpg,,0,0,no_caries,no_caries,0.815,0.81497,0.08411,0.05165,0.04927
crops/hibogi_ai_01499_png_3.jpg,hibogi_ai_01499_png,HIBOGI_AI_01499_png_jpg.rf.19a7f700d488977470e5ba6282111a74.jpg,,0,0,no_caries,no_caries,0.7295,0.72951,0.16125,0.05961,0.04963
crops/hibogi_ai_01499_png_4.jpg,hibogi_ai_01499_png,HIBOGI_AI_01499_png_jpg.rf.19a7f700d488977470e5ba6282111a74.jpg,,0,0,no_caries,no_caries,0.7945,0.79451,0.08793,0.05823,0.05933
crops/hibogi_ai_01499_png_5.jpg,hibogi_ai_01499_png,HIBOGI_AI_01499_png_jpg.rf.19a7f700d488977470e5ba6282111a74.jpg,,0,0,no_caries,no_caries,0.8047,0.80468,0.05401,0.07782,0.06349
crops/hibogi_ai_01499_png_6.jpg,hibogi_ai_01499_png,HIBOGI_AI_01499_png_jpg.rf.19a7f700d488977470e5ba6282111a74.jpg,,2,0,mild,no_caries,0.645,0.64498,0.2612,0.04296,0.05085
crops/hibogi_ai_01499_png_7.jpg,hibogi_ai_01499_png,HIBOGI_AI_01499_png_jpg.rf.19a7f700d488977470e5ba6282111a74.jpg,,2,0,mild,mild,0.675,0.20157,0.675,0.04291,0.08052
crops/hibogi_ai_01499_png_8.jpg,hibogi_ai_01499_png,HIBOGI_AI_01499_png_jpg.rf.19a7f700d488977470e5ba6282111a74.jpg,,2,0,mild,no_caries,0.6695,0.6695,0.21511,0.08568,0.0297
crops/hibogi_ai_01499_png_9.jpg,hibogi_ai_01499_png,HIBOGI_AI_01499_png_jpg.rf.19a7f700d488977470e5ba6282111a74.jpg,,2,0,mild,mild,0.4707,0.44287,0.4707,0.04885,0.03758
crops/hibogi_ai_01499_png_10.jpg,hibogi_ai_01499_png,HIBOGI_AI_01499_png_jpg.rf.19a7f700d488977470e5ba6282111a74.jpg,,2,0,mild,no_caries,0.632,0.63202,0.28636,0.04817,0.03345
crops/hibogi_ai_01499_png_11.jpg,hibogi_ai_01499_png,HIBOGI_AI_01499_png_jpg.rf.19a7f700d488977470e5ba6282111a74.jpg,,2,0,mild,no_caries,0.5312,0.53118,0.37522,0.03791,0.05569
crops/hibogi_ai_01499_png_12.jpg,hibogi_ai_01499_png,HIBOGI_AI_01499_png_jpg.rf.19a7f700d488977470e5ba6282111a74.jpg,,2,0,mild,no_caries,0.5417,0.54168,0.38425,0.04416,0.02991
crops/hibogi_ai_01499_png_13.jpg,hibogi_ai_01499_png,HIBOGI_AI_01499_png_jpg.rf.19a7f700d488977470e5ba6282111a74.jpg,,2,0,mild,no_caries,0.6668,0.66679,0.20972,0.05303,0.07046
crops/hibogi_ai_01499_png_14.jpg,hibogi_ai_01499_png,HIBOGI_AI_01499_png_jpg.rf.19a7f700d488977470e5ba6282111a74.jpg,,2,0,mild,no_caries,0.7215,0.72146,0.15897,0.06623,0.05334
crops/hibogi_ai_01499_png_15.jpg,hibogi_ai_01499_png,HIBOGI_AI_01499_png_jpg.rf.19a7f700d488977470e5ba6282111a74.jpg,,0,0,no_caries,no_caries,0.7454,0.74539,0.12539,0.05959,0.06962
crops/hibogi_ai_01499_png_16.jpg,hibogi_ai_01499_png,HIBOGI_AI_01499_png_jpg.rf.19a7f700d488977470e5ba6282111a74.jpg,,2,0,mild,no_caries,0.7092,0.70921,0.18118,0.06751,0.0421
crops/hibogi_ai_01503_png_0.jpg,hibogi_ai_01503_png,HIBOGI_AI_01503_png_jpg.rf.de65e413b8540f4f285ee92b586b911d.jpg,,0,0,no_caries,mild,0.4488,0.16205,0.44881,0.31091,0.07822
crops/hibogi_ai_01503_png_1.jpg,hibogi_ai_01503_png,HIBOGI_AI_01503_png_jpg.rf.de65e413b8540f4f285ee92b586b911d.jpg,,0,0,no_caries,mild,0.6619,0.24483,0.66187,0.06476,0.02854
crops/hibogi_ai_01503_png_2.jpg,hibogi_ai_01503_png,HIBOGI_AI_01503_png_jpg.rf.de65e413b8540f4f285ee92b586b911d.jpg,,0,0,no_caries,no_caries,0.5626,0.56256,0.33704,0.06327,0.03713
crops/hibogi_ai_01503_png_3.jpg,hibogi_ai_01503_png,HIBOGI_AI_01503_png_jpg.rf.de65e413b8540f4f285ee92b586b911d.jpg,,0,0,no_caries,mild,0.8672,0.06857,0.86725,0.04526,0.01892
crops/hibogi_ai_01503_png_4.jpg,hibogi_ai_01503_png,HIBOGI_AI_01503_png_jpg.rf.de65e413b8540f4f285ee92b586b911d.jpg,,0,0,no_caries,advanced,0.439,0.20587,0.2788,0.07631,0.43902
crops/hibogi_ai_01503_png_5.jpg,hibogi_ai_01503_png,HIBOGI_AI_01503_png_jpg.rf.de65e413b8540f4f285ee92b586b911d.jpg,,0,0,no_caries,no_caries,0.4398,0.43982,0.16388,0.25082,0.14548
crops/hibogi_ai_01503_png_6.jpg,hibogi_ai_01503_png,HIBOGI_AI_01503_png_jpg.rf.de65e413b8540f4f285ee92b586b911d.jpg,,0,0,no_caries,no_caries,0.3926,0.39257,0.141,0.21412,0.25231
crops/hibogi_ai_01503_png_7.jpg,hibogi_ai_01503_png,HIBOGI_AI_01503_png_jpg.rf.de65e413b8540f4f285ee92b586b911d.jpg,,0,0,no_caries,no_caries,0.3767,0.37667,0.23634,0.1477,0.23929
crops/hibogi_ai_01503_png_8.jpg,hibogi_ai_01503_png,HIBOGI_AI_01503_png_jpg.rf.de65e413b8540f4f285ee92b586b911d.jpg,,0,0,no_caries,mild,0.6582,0.2474,0.65817,0.05881,0.03562
crops/hibogi_ai_01503_png_9.jpg,hibogi_ai_01503_png,HIBOGI_AI_01503_png_jpg.rf.de65e413b8540f4f285ee92b586b911d.jpg,,0,0,no_caries,mild,0.6628,0.20183,0.66275,0.11114,0.02427
crops/hibogi_ai_01503_png_10.jpg,hibogi_ai_01503_png,HIBOGI_AI_01503_png_jpg.rf.de65e413b8540f4f285ee92b586b911d.jpg,,0,0,no_caries,mild,0.585,0.256,0.58498,0.11299,0.04602
crops/hibogi_ai_01503_png_11.jpg,hibogi_ai_01503_png,HIBOGI_AI_01503_png_jpg.rf.de65e413b8540f4f285ee92b586b911d.jpg,,1,0,mild,moderate,0.5138,0.02913,0.19751,0.51378,0.25958
crops/hibogi_ai_01505_png_0.jpg,hibogi_ai_01505_png,HIBOGI_AI_01505_png_jpg.rf.7152e05aaf4974fea162d723f45e7b4a.jpg,,0,0,no_caries,no_caries,0.5851,0.58511,0.14795,0.16325,0.10369
crops/hibogi_ai_01505_png_1.jpg,hibogi_ai_01505_png,HIBOGI_AI_01505_png_jpg.rf.7152e05aaf4974fea162d723f45e7b4a.jpg,,0,0,no_caries,no_caries,0.6096,0.60963,0.20362,0.10795,0.0788
crops/hibogi_ai_01505_png_2.jpg,hibogi_ai_01505_png,HIBOGI_AI_01505_png_jpg.rf.7152e05aaf4974fea162d723f45e7b4a.jpg,,0,0,no_caries,no_caries,0.7742,0.77415,0.06685,0.09434,0.06465
crops/hibogi_ai_01505_png_3.jpg,hibogi_ai_01505_png,HIBOGI_AI_01505_png_jpg.rf.7152e05aaf4974fea162d723f45e7b4a.jpg,,0,0,no_caries,no_caries,0.7825,0.78245,0.05893,0.1197,0.03891
crops/hibogi_ai_01505_png_4.jpg,hibogi_ai_01505_png,HIBOGI_AI_01505_png_jpg.rf.7152e05aaf4974fea162d723f45e7b4a.jpg,,0,0,no_caries,no_caries,0.478,0.47805,0.42111,0.06666,0.03418
crops/hibogi_ai_01505_png_5.jpg,hibogi_ai_01505_png,HIBOGI_AI_01505_png_jpg.rf.7152e05aaf4974fea162d723f45e7b4a.jpg,,0,0,no_caries,no_caries,0.5386,0.53864,0.28195,0.09505,0.08436
crops/hibogi_ai_01505_png_6.jpg,hibogi_ai_01505_png,HIBOGI_AI_01505_png_jpg.rf.7152e05aaf4974fea162d723f45e7b4a.jpg,,0,0,no_caries,no_caries,0.7075,0.70747,0.1407,0.08371,0.06812
crops/hibogi_ai_01505_png_7.jpg,hibogi_ai_01505_png,HIBOGI_AI_01505_png_jpg.rf.7152e05aaf4974fea162d723f45e7b4a.jpg,,0,0,no_caries,no_caries,0.72,0.72001,0.11943,0.07304,0.08753
crops/hibogi_ai_01505_png_8.jpg,hibogi_ai_01505_png,HIBOGI_AI_01505_png_jpg.rf.7152e05aaf4974fea162d723f45e7b4a.jpg,,0,0,no_caries,no_caries,0.529,0.52898,0.06072,0.24363,0.16668
crops/hibogi_ai_01505_png_9.jpg,hibogi_ai_01505_png,HIBOGI_AI_01505_png_jpg.rf.7152e05aaf4974fea162d723f45e7b4a.jpg,,0,0,no_caries,moderate,0.3455,0.30148,0.1947,0.3455,0.15833
crops/hibogi_ai_01514_png_0.jpg,hibogi_ai_01514_png,HIBOGI_AI_01514_png_jpg.rf.1d9b19306f2927e3b9f7d7bead2ff975.jpg,,0,0,no_caries,no_caries,0.8317,0.83172,0.05346,0.07629,0.03852
crops/hibogi_ai_01514_png_1.jpg,hibogi_ai_01514_png,HIBOGI_AI_01514_png_jpg.rf.1d9b19306f2927e3b9f7d7bead2ff975.jpg,,0,0,no_caries,no_caries,0.8318,0.83182,0.04841,0.05544,0.06433
crops/hibogi_ai_01514_png_2.jpg,hibogi_ai_01514_png,HIBOGI_AI_01514_png_jpg.rf.1d9b19306f2927e3b9f7d7bead2ff975.jpg,,0,0,no_caries,no_caries,0.8576,0.85761,0.0503,0.04986,0.04223
crops/hibogi_ai_01514_png_3.jpg,hibogi_ai_01514_png,HIBOGI_AI_01514_png_jpg.rf.1d9b19306f2927e3b9f7d7bead2ff975.jpg,,0,0,no_caries,no_caries,0.7432,0.74317,0.05953,0.13145,0.06584
crops/hibogi_ai_01514_png_4.jpg,hibogi_ai_01514_png,HIBOGI_AI_01514_png_jpg.rf.1d9b19306f2927e3b9f7d7bead2ff975.jpg,,4,0,moderate,mild,0.4841,0.28256,0.48409,0.15156,0.08179
crops/hibogi_ai_01514_png_5.jpg,hibogi_ai_01514_png,HIBOGI_AI_01514_png_jpg.rf.1d9b19306f2927e3b9f7d7bead2ff975.jpg,,5,0,advanced,advanced,0.9366,0.00101,0.02193,0.04043,0.93663
crops/hibogi_ai_01514_png_6.jpg,hibogi_ai_01514_png,HIBOGI_AI_01514_png_jpg.rf.1d9b19306f2927e3b9f7d7bead2ff975.jpg,,0,0,no_caries,mild,0.5273,0.27356,0.5273,0.17562,0.02353
crops/hibogi_ai_01514_png_7.jpg,hibogi_ai_01514_png,HIBOGI_AI_01514_png_jpg.rf.1d9b19306f2927e3b9f7d7bead2ff975.jpg,,0,0,no_caries,no_caries,0.7416,0.74158,0.0603,0.11044,0.08768
crops/hibogi_ai_01514_png_8.jpg,hibogi_ai_01514_png,HIBOGI_AI_01514_png_jpg.rf.1d9b19306f2927e3b9f7d7bead2ff975.jpg,,0,0,no_caries,no_caries,0.5943,0.59434,0.26802,0.0653,0.07234
crops/hibogi_ai_01514_png_9.jpg,hibogi_ai_01514_png,HIBOGI_AI_01514_png_jpg.rf.1d9b19306f2927e3b9f7d7bead2ff975.jpg,,0,0,no_caries,no_caries,0.6512,0.65124,0.21018,0.09893,0.03965
crops/hibogi_ai_01514_png_10.jpg,hibogi_ai_01514_png,HIBOGI_AI_01514_png_jpg.rf.1d9b19306f2927e3b9f7d7bead2ff975.jpg,,0,0,no_caries,no_caries,0.8423,0.8423,0.03554,0.06131,0.06084
crops/hibogi_ai_01514_png_11.jpg,hibogi_ai_01514_png,HIBOGI_AI_01514_png_jpg.rf.1d9b19306f2927e3b9f7d7bead2ff975.jpg,,0,0,no_caries,no_caries,0.7526,0.75257,0.16117,0.0511,0.03516
crops/hibogi_ai_01514_png_12.jpg,hibogi_ai_01514_png,HIBOGI_AI_01514_png_jpg.rf.1d9b19306f2927e3b9f7d7bead2ff975.jpg,,0,0,no_caries,mild,0.7647,0.11759,0.76468,0.07724,0.04048
crops/hibogi_ai_01514_png_13.jpg,hibogi_ai_01514_png,HIBOGI_AI_01514_png_jpg.rf.1d9b19306f2927e3b9f7d7bead2ff975.jpg,,4,0,moderate,mild,0.733,0.13136,0.733,0.10375,0.03189
crops/hibogi_ai_01514_png_14.jpg,hibogi_ai_01514_png,HIBOGI_AI_01514_png_jpg.rf.1d9b19306f2927e3b9f7d7bead2ff975.jpg,,4,0,moderate,advanced,0.6028,0.06649,0.25189,0.07879,0.60282
crops/hibogi_ai_01540_png_0.jpg,hibogi_ai_01540_png,HIBOGI_AI_01540_png_jpg.rf.a5d7b08ff2ca2d7d6b82f5d6ad9198be.jpg,,5,0,advanced,advanced,0.904,0.01041,0.03278,0.05285,0.90396
crops/hibogi_ai_01540_png_1.jpg,hibogi_ai_01540_png,HIBOGI_AI_01540_png_jpg.rf.a5d7b08ff2ca2d7d6b82f5d6ad9198be.jpg,,0,0,no_caries,no_caries,0.8057,0.80571,0.06704,0.06469,0.06256
crops/hibogi_ai_01540_png_2.jpg,hibogi_ai_01540_png,HIBOGI_AI_01540_png_jpg.rf.a5d7b08ff2ca2d7d6b82f5d6ad9198be.jpg,,0,0,no_caries,no_caries,0.8219,0.82185,0.05718,0.0606,0.06038
crops/hibogi_ai_01540_png_3.jpg,hibogi_ai_01540_png,HIBOGI_AI_01540_png_jpg.rf.a5d7b08ff2ca2d7d6b82f5d6ad9198be.jpg,,0,0,no_caries,no_caries,0.8442,0.8442,0.06133,0.04822,0.04625
crops/hibogi_ai_01540_png_4.jpg,hibogi_ai_01540_png,HIBOGI_AI_01540_png_jpg.rf.a5d7b08ff2ca2d7d6b82f5d6ad9198be.jpg,,1,0,mild,mild,0.6239,0.31974,0.62388,0.03427,0.02211
crops/hibogi_ai_01540_png_5.jpg,hibogi_ai_01540_png,HIBOGI_AI_01540_png_jpg.rf.a5d7b08ff2ca2d7d6b82f5d6ad9198be.jpg,,0,0,no_caries,no_caries,0.772,0.77203,0.09446,0.06999,0.06352
crops/hibogi_ai_01540_png_6.jpg,hibogi_ai_01540_png,HIBOGI_AI_01540_png_jpg.rf.a5d7b08ff2ca2d7d6b82f5d6ad9198be.jpg,,0,0,no_caries,no_caries,0.575,0.57497,0.30006,0.06983,0.05514
crops/hibogi_ai_01540_png_7.jpg,hibogi_ai_01540_png,HIBOGI_AI_01540_png_jpg.rf.a5d7b08ff2ca2d7d6b82f5d6ad9198be.jpg,,1,0,mild,no_caries,0.4659,0.46593,0.39077,0.10204,0.04125
crops/hibogi_ai_01540_png_8.jpg,hibogi_ai_01540_png,HIBOGI_AI_01540_png_jpg.rf.a5d7b08ff2ca2d7d6b82f5d6ad9198be.jpg,,0,0,no_caries,no_caries,0.7394,0.73939,0.16315,0.06654,0.03093
crops/hibogi_ai_01540_png_9.jpg,hibogi_ai_01540_png,HIBOGI_AI_01540_png_jpg.rf.a5d7b08ff2ca2d7d6b82f5d6ad9198be.jpg,,0,0,no_caries,no_caries,0.7659,0.76594,0.12117,0.06153,0.05136
crops/hibogi_ai_01540_png_10.jpg,hibogi_ai_01540_png,HIBOGI_AI_01540_png_jpg.rf.a5d7b08ff2ca2d7d6b82f5d6ad9198be.jpg,,0,0,no_caries,no_caries,0.7762,0.7762,0.1082,0.05846,0.05714
crops/hibogi_ai_01540_png_11.jpg,hibogi_ai_01540_png,HIBOGI_AI_01540_png_jpg.rf.a5d7b08ff2ca2d7d6b82f5d6ad9198be.jpg,,0,0,no_caries,no_caries,0.7906,0.79058,0.11615,0.04851,0.04475
crops/hibogi_ai_01540_png_12.jpg,hibogi_ai_01540_png,HIBOGI_AI_01540_png_jpg.rf.a5d7b08ff2ca2d7d6b82f5d6ad9198be.jpg,,1,0,mild,no_caries,0.8031,0.80308,0.06315,0.06692,0.06685
crops/hibogi_ai_01540_png_13.jpg,hibogi_ai_01540_png,HIBOGI_AI_01540_png_jpg.rf.a5d7b08ff2ca2d7d6b82f5d6ad9198be.jpg,,3,0,moderate,mild,0.3927,0.39028,0.39267,0.08105,0.136
crops/hibogi_ai_01540_png_14.jpg,hibogi_ai_01540_png,HIBOGI_AI_01540_png_jpg.rf.a5d7b08ff2ca2d7d6b82f5d6ad9198be.jpg,,0,0,no_caries,no_caries,0.7855,0.78555,0.12224,0.05302,0.0392
crops/hibogi_ai_01540_png_15.jpg,hibogi_ai_01540_png,HIBOGI_AI_01540_png_jpg.rf.a5d7b08ff2ca2d7d6b82f5d6ad9198be.jpg,,0,0,no_caries,no_caries,0.6929,0.69287,0.2282,0.04494,0.03399
crops/hibogi_ai_01568_png_0.jpg,hibogi_ai_01568_png,HIBOGI_AI_01568_png_jpg.rf.a2065ae681b9276e4e9899b980d112f7.jpg,,0,0,no_caries,no_caries,0.771,0.77095,0.06839,0.09009,0.07057
crops/hibogi_ai_01568_png_1.jpg,hibogi_ai_01568_png,HIBOGI_AI_01568_png_jpg.rf.a2065ae681b9276e4e9899b980d112f7.jpg,,0,0,no_caries,no_caries,0.6009,0.60089,0.12232,0.14365,0.13314
crops/hibogi_ai_01568_png_2.jpg,hibogi_ai_01568_png,HIBOGI_AI_01568_png_jpg.rf.a2065ae681b9276e4e9899b980d112f7.jpg,,0,0,no_caries,no_caries,0.742,0.74202,0.04321,0.12457,0.09019
crops/hibogi_ai_01568_png_3.jpg,hibogi_ai_01568_png,HIBOGI_AI_01568_png_jpg.rf.a2065ae681b9276e4e9899b980d112f7.jpg,,0,0,no_caries,no_caries,0.7006,0.70056,0.07702,0.09958,0.12284
crops/hibogi_ai_01568_png_4.jpg,hibogi_ai_01568_png,HIBOGI_AI_01568_png_jpg.rf.a2065ae681b9276e4e9899b980d112f7.jpg,,0,0,no_caries,no_caries,0.7322,0.73217,0.0908,0.12373,0.0533
crops/hibogi_ai_01568_png_5.jpg,hibogi_ai_01568_png,HIBOGI_AI_01568_png_jpg.rf.a2065ae681b9276e4e9899b980d112f7.jpg,,0,0,no_caries,no_caries,0.705,0.70501,0.09924,0.09954,0.0962
crops/hibogi_ai_01568_png_6.jpg,hibogi_ai_01568_png,HIBOGI_AI_01568_png_jpg.rf.a2065ae681b9276e4e9899b980d112f7.jpg,,0,0,no_caries,no_caries,0.3377,0.33772,0.22603,0.25373,0.18252
crops/hibogi_ai_01568_png_7.jpg,hibogi_ai_01568_png,HIBOGI_AI_01568_png_jpg.rf.a2065ae681b9276e4e9899b980d112f7.jpg,,0,0,no_caries,no_caries,0.7552,0.75523,0.03049,0.13191,0.08236
crops/hibogi_ai_01568_png_8.jpg,hibogi_ai_01568_png,HIBOGI_AI_01568_png_jpg.rf.a2065ae681b9276e4e9899b980d112f7.jpg,,0,0,no_caries,no_caries,0.7876,0.78757,0.05124,0.08161,0.07957
crops/hibogi_ai_01568_png_9.jpg,hibogi_ai_01568_png,HIBOGI_AI_01568_png_jpg.rf.a2065ae681b9276e4e9899b980d112f7.jpg,,0,0,no_caries,no_caries,0.4234,0.42344,0.3133,0.04386,0.21941
crops/hibogi_ai_01568_png_10.jpg,hibogi_ai_01568_png,HIBOGI_AI_01568_png_jpg.rf.a2065ae681b9276e4e9899b980d112f7.jpg,,0,0,no_caries,no_caries,0.5893,0.58933,0.29423,0.05402,0.06242
crops/hibogi_ai_01568_png_11.jpg,hibogi_ai_01568_png,HIBOGI_AI_01568_png_jpg.rf.a2065ae681b9276e4e9899b980d112f7.jpg,,0,0,no_caries,no_caries,0.4701,0.47008,0.3805,0.05014,0.09929
crops/hibogi_ai_01568_png_12.jpg,hibogi_ai_01568_png,HIBOGI_AI_01568_png_jpg.rf.a2065ae681b9276e4e9899b980d112f7.jpg,,0,0,no_caries,no_caries,0.6146,0.6146,0.16766,0.06458,0.15316
crops/hibogi_ai_01568_png_13.jpg,hibogi_ai_01568_png,HIBOGI_AI_01568_png_jpg.rf.a2065ae681b9276e4e9899b980d112f7.jpg,,0,0,no_caries,no_caries,0.6553,0.6553,0.06144,0.15645,0.12681
crops/hibogi_ai_01568_png_14.jpg,hibogi_ai_01568_png,HIBOGI_AI_01568_png_jpg.rf.a2065ae681b9276e4e9899b980d112f7.jpg,,0,0,no_caries,no_caries,0.7332,0.73323,0.07984,0.14461,0.04233
crops/hibogi_ai_01570_png_0.jpg,hibogi_ai_01570_png,HIBOGI_AI_01570_png_jpg.rf.ce1bad7486b1c26982a024c4a2ada09f.jpg,,0,0,no_caries,no_caries,0.7727,0.77275,0.10336,0.07095,0.05294
crops/hibogi_ai_01570_png_1.jpg,hibogi_ai_01570_png,HIBOGI_AI_01570_png_jpg.rf.ce1bad7486b1c26982a024c4a2ada09f.jpg,,0,0,no_caries,no_caries,0.7245,0.72453,0.06358,0.15838,0.05351
crops/hibogi_ai_01570_png_2.jpg,hibogi_ai_01570_png,HIBOGI_AI_01570_png_jpg.rf.ce1bad7486b1c26982a024c4a2ada09f.jpg,,0,0,no_caries,no_caries,0.7067,0.70671,0.05023,0.14021,0.10285
crops/hibogi_ai_01570_png_3.jpg,hibogi_ai_01570_png,HIBOGI_AI_01570_png_jpg.rf.ce1bad7486b1c26982a024c4a2ada09f.jpg,,0,0,no_caries,mild,0.4899,0.39454,0.48994,0.0632,0.05232
crops/hibogi_ai_01570_png_4.jpg,hibogi_ai_01570_png,HIBOGI_AI_01570_png_jpg.rf.ce1bad7486b1c26982a024c4a2ada09f.jpg,,0,0,no_caries,mild,0.5206,0.25716,0.52062,0.03457,0.18765
crops/hibogi_ai_01570_png_5.jpg,hibogi_ai_01570_png,HIBOGI_AI_01570_png_jpg.rf.ce1bad7486b1c26982a024c4a2ada09f.jpg,,0,0,no_caries,no_caries,0.5252,0.52522,0.28151,0.08093,0.11234
crops/hibogi_ai_01570_png_6.jpg,hibogi_ai_01570_png,HIBOGI_AI_01570_png_jpg.rf.ce1bad7486b1c26982a024c4a2ada09f.jpg,,0,0,no_caries,no_caries,0.6898,0.68977,0.15474,0.08029,0.0752
crops/hibogi_ai_01570_png_7.jpg,hibogi_ai_01570_png,HIBOGI_AI_01570_png_jpg.rf.ce1bad7486b1c26982a024c4a2ada09f.jpg,,0,0,no_caries,no_caries,0.3453,0.34533,0.23436,0.09294,0.32737
crops/hibogi_ai_01570_png_8.jpg,hibogi_ai_01570_png,HIBOGI_AI_01570_png_jpg.rf.ce1bad7486b1c26982a024c4a2ada09f.jpg,,0,0,no_caries,advanced,0.4336,0.23071,0.27036,0.06539,0.43355
crops/hibogi_ai_01570_png_9.jpg,hibogi_ai_01570_png,HIBOGI_AI_01570_png_jpg.rf.ce1bad7486b1c26982a024c4a2ada09f.jpg,,0,0,no_caries,no_caries,0.6622,0.66216,0.18641,0.07292,0.07851
crops/hibogi_ai_01570_png_10.jpg,hibogi_ai_01570_png,HIBOGI_AI_01570_png_jpg.rf.ce1bad7486b1c26982a024c4a2ada09f.jpg,,0,0,no_caries,no_caries,0.7206,0.72064,0.13229,0.07958,0.06749
crops/hibogi_ai_01570_png_11.jpg,hibogi_ai_01570_png,HIBOGI_AI_01570_png_jpg.rf.ce1bad7486b1c26982a024c4a2ada09f.jpg,,0,0,no_caries,no_caries,0.7279,0.72787,0.12429,0.10939,0.03845
crops/hibogi_ai_01570_png_12.jpg,hibogi_ai_01570_png,HIBOGI_AI_01570_png_jpg.rf.ce1bad7486b1c26982a024c4a2ada09f.jpg,,5,0,advanced,no_caries,0.4909,0.49091,0.02511,0.37647,0.10752
crops/hibogi_ai_01580_png_0.jpg,hibogi_ai_01580_png,HIBOGI_AI_01580_png_jpg.rf.77278ac801fe0ccfb36cc56e3475c60f.jpg,,5,0,advanced,mild,0.4308,0.22488,0.43076,0.23968,0.10467
crops/hibogi_ai_01580_png_1.jpg,hibogi_ai_01580_png,HIBOGI_AI_01580_png_jpg.rf.77278ac801fe0ccfb36cc56e3475c60f.jpg,,4,0,moderate,no_caries,0.415,0.41495,0.40363,0.1269,0.05451
crops/hibogi_ai_01580_png_2.jpg,hibogi_ai_01580_png,HIBOGI_AI_01580_png_jpg.rf.77278ac801fe0ccfb36cc56e3475c60f.jpg,,4,0,moderate,no_caries,0.4441,0.44411,0.40514,0.10268,0.04808
crops/hibogi_ai_01580_png_3.jpg,hibogi_ai_01580_png,HIBOGI_AI_01580_png_jpg.rf.77278ac801fe0ccfb36cc56e3475c60f.jpg,,0,0,no_caries,no_caries,0.765,0.76497,0.08898,0.10126,0.04479
crops/hibogi_ai_01580_png_4.jpg,hibogi_ai_01580_png,HIBOGI_AI_01580_png_jpg.rf.77278ac801fe0ccfb36cc56e3475c60f.jpg,,0,0,no_caries,no_caries,0.5172,0.51719,0.29678,0.13491,0.05113
crops/hibogi_ai_01580_png_5.jpg,hibogi_ai_01580_png,HIBOGI_AI_01580_png_jpg.rf.77278ac801fe0ccfb36cc56e3475c60f.jpg,,0,0,no_caries,no_caries,0.7057,0.7057,0.13945,0.08827,0.06658
crops/hibogi_ai_01580_png_6.jpg,hibogi_ai_01580_png,HIBOGI_AI_01580_png_jpg.rf.77278ac801fe0ccfb36cc56e3475c60f.jpg,,0,0,no_caries,no_caries,0.442,0.44203,0.22894,0.27434,0.05469
crops/hibogi_ai_01580_png_7.jpg,hibogi_ai_01580_png,HIBOGI_AI_01580_png_jpg.rf.77278ac801fe0ccfb36cc56e3475c60f.jpg,,5,0,advanced,no_caries,0.4943,0.4943,0.15376,0.30015,0.05178
crops/hibogi_ai_01580_png_8.jpg,hibogi_ai_01580_png,HIBOGI_AI_01580_png_jpg.rf.77278ac801fe0ccfb36cc56e3475c60f.jpg,,5,0,advanced,mild,0.4572,0.25466,0.4572,0.1774,0.11075
crops/hibogi_ai_01580_png_9.jpg,hibogi_ai_01580_png,HIBOGI_AI_01580_png_jpg.rf.77278ac801fe0ccfb36cc56e3475c60f.jpg,,5,0,advanced,no_caries,0.5604,0.56045,0.17954,0.19168,0.06834
crops/hibogi_ai_01580_png_10.jpg,hibogi_ai_01580_png,HIBOGI_AI_01580_png_jpg.rf.77278ac801fe0ccfb36cc56e3475c60f.jpg,,0,0,no_caries,moderate,0.6713,0.06496,0.07365,0.67125,0.19014
crops/hibogi_ai_01580_png_11.jpg,hibogi_ai_01580_png,HIBOGI_AI_01580_png_jpg.rf.77278ac801fe0ccfb36cc56e3475c60f.jpg,,0,0,no_caries,no_caries,0.8435,0.84352,0.03204,0.08265,0.04179
crops/hibogi_ai_01580_png_12.jpg,hibogi_ai_01580_png,HIBOGI_AI_01580_png_jpg.rf.77278ac801fe0ccfb36cc56e3475c60f.jpg,,0,0,no_caries,no_caries,0.7019,0.70193,0.10352,0.16484,0.02971
crops/hibogi_ai_01580_png_13.jpg,hibogi_ai_01580_png,HIBOGI_AI_01580_png_jpg.rf.77278ac801fe0ccfb36cc56e3475c60f.jpg,,0,0,no_caries,no_caries,0.5778,0.57782,0.07887,0.30787,0.03545
crops/hibogi_ai_01580_png_14.jpg,hibogi_ai_01580_png,HIBOGI_AI_01580_png_jpg.rf.77278ac801fe0ccfb36cc56e3475c60f.jpg,,0,0,no_caries,no_caries,0.8531,0.85312,0.02529,0.09148,0.03011
crops/hibogi_ai_01580_png_15.jpg,hibogi_ai_01580_png,HIBOGI_AI_01580_png_jpg.rf.77278ac801fe0ccfb36cc56e3475c60f.jpg,,0,0,no_caries,no_caries,0.7385,0.73846,0.14245,0.09219,0.0269
crops/hibogi_ai_01580_png_16.jpg,hibogi_ai_01580_png,HIBOGI_AI_01580_png_jpg.rf.77278ac801fe0ccfb36cc56e3475c60f.jpg,,0,0,no_caries,no_caries,0.5364,0.53636,0.27331,0.13429,0.05604
crops/hibogi_ai_01634_png_0.jpg,hibogi_ai_01634_png,HIBOGI_AI_01634_png_jpg.rf.3980dad223410f6ba8dd98f0bcbf93ac.jpg,,1,0,mild,no_caries,0.4291,0.42915,0.35576,0.12242,0.09267
crops/hibogi_ai_01634_png_1.jpg,hibogi_ai_01634_png,HIBOGI_AI_01634_png_jpg.rf.3980dad223410f6ba8dd98f0bcbf93ac.jpg,,1,0,mild,mild,0.7419,0.14479,0.74192,0.06498,0.04832
crops/hibogi_ai_01634_png_2.jpg,hibogi_ai_01634_png,HIBOGI_AI_01634_png_jpg.rf.3980dad223410f6ba8dd98f0bcbf93ac.jpg,,1,0,mild,mild,0.6696,0.19085,0.6696,0.05697,0.08258
crops/hibogi_ai_01634_png_3.jpg,hibogi_ai_01634_png,HIBOGI_AI_01634_png_jpg.rf.3980dad223410f6ba8dd98f0bcbf93ac.jpg,,1,0,mild,mild,0.6734,0.12332,0.67338,0.08279,0.12051
crops/hibogi_ai_01634_png_4.jpg,hibogi_ai_01634_png,HIBOGI_AI_01634_png_jpg.rf.3980dad223410f6ba8dd98f0bcbf93ac.jpg,,2,0,mild,no_caries,0.4043,0.40425,0.34458,0.10912,0.14205
crops/hibogi_ai_01634_png_5.jpg,hibogi_ai_01634_png,HIBOGI_AI_01634_png_jpg.rf.3980dad223410f6ba8dd98f0bcbf93ac.jpg,,0,0,no_caries,no_caries,0.805,0.80504,0.03124,0.12188,0.04184
crops/hibogi_ai_01634_png_6.jpg,hibogi_ai_01634_png,HIBOGI_AI_01634_png_jpg.rf.3980dad223410f6ba8dd98f0bcbf93ac.jpg,,0,0,no_caries,no_caries,0.7043,0.70426,0.16082,0.10727,0.02765
crops/hibogi_ai_01634_png_7.jpg,hibogi_ai_01634_png,HIBOGI_AI_01634_png_jpg.rf.3980dad223410f6ba8dd98f0bcbf93ac.jpg,,0,0,no_caries,no_caries,0.5256,0.52555,0.33239,0.07648,0.06558
crops/hibogi_ai_01634_png_8.jpg,hibogi_ai_01634_png,HIBOGI_AI_01634_png_jpg.rf.3980dad223410f6ba8dd98f0bcbf93ac.jpg,,0,0,no_caries,no_caries,0.6041,0.60414,0.23962,0.09237,0.06387
crops/hibogi_ai_01634_png_9.jpg,hibogi_ai_01634_png,HIBOGI_AI_01634_png_jpg.rf.3980dad223410f6ba8dd98f0bcbf93ac.jpg,,0,0,no_caries,no_caries,0.4044,0.40444,0.28005,0.09237,0.22315
crops/hibogi_ai_01636_png_0.jpg,hibogi_ai_01636_png,HIBOGI_AI_01636_png_jpg.rf.2913936648918ed81c95617a7a66e9d2.jpg,,0,0,no_caries,no_caries,0.5266,0.52655,0.27632,0.11507,0.08206
crops/hibogi_ai_01636_png_1.jpg,hibogi_ai_01636_png,HIBOGI_AI_01636_png_jpg.rf.2913936648918ed81c95617a7a66e9d2.jpg,,0,0,no_caries,no_caries,0.512,0.51199,0.21747,0.16991,0.10063
crops/hibogi_ai_01636_png_2.jpg,hibogi_ai_01636_png,HIBOGI_AI_01636_png_jpg.rf.2913936648918ed81c95617a7a66e9d2.jpg,,0,0,no_caries,no_caries,0.4114,0.41135,0.37019,0.08963,0.12882
crops/hibogi_ai_01636_png_3.jpg,hibogi_ai_01636_png,HIBOGI_AI_01636_png_jpg.rf.2913936648918ed81c95617a7a66e9d2.jpg,,0,0,no_caries,no_caries,0.5749,0.57486,0.33035,0.03697,0.05782
crops/hibogi_ai_01636_png_4.jpg,hibogi_ai_01636_png,HIBOGI_AI_01636_png_jpg.rf.2913936648918ed81c95617a7a66e9d2.jpg,,0,0,no_caries,mild,0.4777,0.37877,0.47774,0.0429,0.10059
crops/hibogi_ai_01636_png_5.jpg,hibogi_ai_01636_png,HIBOGI_AI_01636_png_jpg.rf.2913936648918ed81c95617a7a66e9d2.jpg,,0,0,no_caries,no_caries,0.7699,0.76995,0.04032,0.08881,0.10093
crops/hibogi_ai_01636_png_6.jpg,hibogi_ai_01636_png,HIBOGI_AI_01636_png_jpg.rf.2913936648918ed81c95617a7a66e9d2.jpg,,0,0,no_caries,no_caries,0.4834,0.48341,0.29243,0.10735,0.1168
crops/hibogi_ai_01636_png_7.jpg,hibogi_ai_01636_png,HIBOGI_AI_01636_png_jpg.rf.2913936648918ed81c95617a7a66e9d2.jpg,,0,0,no_caries,no_caries,0.7149,0.71493,0.07321,0.12719,0.08466
crops/hibogi_ai_01636_png_8.jpg,hibogi_ai_01636_png,HIBOGI_AI_01636_png_jpg.rf.2913936648918ed81c95617a7a66e9d2.jpg,,0,0,no_caries,no_caries,0.5551,0.55508,0.23782,0.11818,0.08891
crops/hibogi_ai_01636_png_9.jpg,hibogi_ai_01636_png,HIBOGI_AI_01636_png_jpg.rf.2913936648918ed81c95617a7a66e9d2.jpg,,0,0,no_caries,no_caries,0.8502,0.85019,0.0564,0.06162,0.03179
crops/hibogi_ai_01636_png_11.jpg,hibogi_ai_01636_png,HIBOGI_AI_01636_png_jpg.rf.2913936648918ed81c95617a7a66e9d2.jpg,,0,0,no_caries,no_caries,0.8333,0.83332,0.04502,0.0758,0.04587
crops/hibogi_ai_01636_png_12.jpg,hibogi_ai_01636_png,HIBOGI_AI_01636_png_jpg.rf.2913936648918ed81c95617a7a66e9d2.jpg,,0,0,no_caries,no_caries,0.7648,0.76483,0.02094,0.16919,0.04503
crops/hibogi_ai_01649_png_0.jpg,hibogi_ai_01649_png,HIBOGI_AI_01649_png_jpg.rf.a12575b6368f5bd775f7fc677325ce17.jpg,,0,0,no_caries,mild,0.558,0.22513,0.55803,0.1887,0.02813
crops/hibogi_ai_01649_png_1.jpg,hibogi_ai_01649_png,HIBOGI_AI_01649_png_jpg.rf.a12575b6368f5bd775f7fc677325ce17.jpg,,0,0,no_caries,mild,0.4157,0.27039,0.41567,0.21066,0.10328
crops/hibogi_ai_01649_png_2.jpg,hibogi_ai_01649_png,HIBOGI_AI_01649_png_jpg.rf.a12575b6368f5bd775f7fc677325ce17.jpg,,0,0,no_caries,mild,0.3823,0.27811,0.38234,0.29493,0.04463
crops/hibogi_ai_01649_png_3.jpg,hibogi_ai_01649_png,HIBOGI_AI_01649_png_jpg.rf.a12575b6368f5bd775f7fc677325ce17.jpg,,0,0,no_caries,mild,0.4846,0.41997,0.48456,0.06523,0.03023
crops/hibogi_ai_01649_png_4.jpg,hibogi_ai_01649_png,HIBOGI_AI_01649_png_jpg.rf.a12575b6368f5bd775f7fc677325ce17.jpg,,5,0,advanced,mild,0.3458,0.04228,0.34584,0.28466,0.32722
crops/hibogi_ai_01649_png_5.jpg,hibogi_ai_01649_png,HIBOGI_AI_01649_png_jpg.rf.a12575b6368f5bd775f7fc677325ce17.jpg,,0,0,no_caries,mild,0.4402,0.40031,0.44017,0.13701,0.02252
crops/hibogi_ai_01649_png_6.jpg,hibogi_ai_01649_png,HIBOGI_AI_01649_png_jpg.rf.a12575b6368f5bd775f7fc677325ce17.jpg,,0,0,no_caries,mild,0.6046,0.23087,0.60462,0.14538,0.01914
crops/hibogi_ai_01649_png_7.jpg,hibogi_ai_01649_png,HIBOGI_AI_01649_png_jpg.rf.a12575b6368f5bd775f7fc677325ce17.jpg,,0,0,no_caries,mild,0.3729,0.19782,0.37286,0.28645,0.14287
crops/hibogi_ai_01649_png_8.jpg,hibogi_ai_01649_png,HIBOGI_AI_01649_png_jpg.rf.a12575b6368f5bd775f7fc677325ce17.jpg,,0,0,no_caries,mild,0.3609,0.33691,0.36089,0.23549,0.06671
crops/hibogi_ai_01691_png_0.jpg,hibogi_ai_01691_png,HIBOGI_AI_01691_png_jpg.rf.b9c3891e17c90a69e38c360fc61be49d.jpg,,0,0,no_caries,advanced,0.4,0.28946,0.25571,0.05489,0.39995
crops/hibogi_ai_01691_png_1.jpg,hibogi_ai_01691_png,HIBOGI_AI_01691_png_jpg.rf.b9c3891e17c90a69e38c360fc61be49d.jpg,,0,0,no_caries,no_caries,0.3468,0.34685,0.32631,0.12106,0.20578
crops/hibogi_ai_01691_png_2.jpg,hibogi_ai_01691_png,HIBOGI_AI_01691_png_jpg.rf.b9c3891e17c90a69e38c360fc61be49d.jpg,,0,0,no_caries,no_caries,0.6173,0.61732,0.24996,0.08596,0.04676
crops/hibogi_ai_01691_png_3.jpg,hibogi_ai_01691_png,HIBOGI_AI_01691_png_jpg.rf.b9c3891e17c90a69e38c360fc61be49d.jpg,,0,0,no_caries,mild,0.456,0.41946,0.45598,0.07839,0.04617
crops/hibogi_ai_01691_png_4.jpg,hibogi_ai_01691_png,HIBOGI_AI_01691_png_jpg.rf.b9c3891e17c90a69e38c360fc61be49d.jpg,,0,0,no_caries,no_caries,0.735,0.73502,0.15307,0.06711,0.04479
crops/hibogi_ai_01691_png_5.jpg,hibogi_ai_01691_png,HIBOGI_AI_01691_png_jpg.rf.b9c3891e17c90a69e38c360fc61be49d.jpg,,0,0,no_caries,no_caries,0.7373,0.73731,0.14924,0.0604,0.05305
crops/hibogi_ai_01691_png_6.jpg,hibogi_ai_01691_png,HIBOGI_AI_01691_png_jpg.rf.b9c3891e17c90a69e38c360fc61be49d.jpg,,0,0,no_caries,no_caries,0.7578,0.75784,0.11827,0.09015,0.03374
crops/hibogi_ai_01691_png_7.jpg,hibogi_ai_01691_png,HIBOGI_AI_01691_png_jpg.rf.b9c3891e17c90a69e38c360fc61be49d.jpg,,0,0,no_caries,no_caries,0.3925,0.39254,0.23519,0.12969,0.24258
crops/hibogi_ai_01691_png_8.jpg,hibogi_ai_01691_png,HIBOGI_AI_01691_png_jpg.rf.b9c3891e17c90a69e38c360fc61be49d.jpg,,0,0,no_caries,no_caries,0.6768,0.67679,0.14976,0.09892,0.07452
crops/hibogi_ai_01691_png_9.jpg,hibogi_ai_01691_png,HIBOGI_AI_01691_png_jpg.rf.b9c3891e17c90a69e38c360fc61be49d.jpg,,0,0,no_caries,mild,0.4854,0.18256,0.48538,0.21243,0.11963
crops/hibogi_ai_01691_png_10.jpg,hibogi_ai_01691_png,HIBOGI_AI_01691_png_jpg.rf.b9c3891e17c90a69e38c360fc61be49d.jpg,,0,0,no_caries,no_caries,0.4739,0.47389,0.33876,0.02923,0.15813
crops/hibogi_ai_01700_png_0.jpg,hibogi_ai_01700_png,HIBOGI_AI_01700_png_jpg.rf.16879be11b55a6440a019d0ff4b63977.jpg,,0,0,no_caries,no_caries,0.6371,0.63714,0.14644,0.12613,0.09029
crops/hibogi_ai_01700_png_1.jpg,hibogi_ai_01700_png,HIBOGI_AI_01700_png_jpg.rf.16879be11b55a6440a019d0ff4b63977.jpg,,0,0,no_caries,no_caries,0.4274,0.42738,0.40539,0.05391,0.11332
crops/hibogi_ai_01700_png_2.jpg,hibogi_ai_01700_png,HIBOGI_AI_01700_png_jpg.rf.16879be11b55a6440a019d0ff4b63977.jpg,,0,0,no_caries,no_caries,0.6277,0.62768,0.0277,0.10982,0.23481
crops/hibogi_ai_01700_png_3.jpg,hibogi_ai_01700_png,HIBOGI_AI_01700_png_jpg.rf.16879be11b55a6440a019d0ff4b63977.jpg,,0,0,no_caries,no_caries,0.8405,0.84047,0.02486,0.05632,0.07835
crops/hibogi_ai_01700_png_4.jpg,hibogi_ai_01700_png,HIBOGI_AI_01700_png_jpg.rf.16879be11b55a6440a019d0ff4b63977.jpg,,0,0,no_caries,no_caries,0.6248,0.62479,0.26261,0.07205,0.04055
crops/hibogi_ai_01700_png_5.jpg,hibogi_ai_01700_png,HIBOGI_AI_01700_png_jpg.rf.16879be11b55a6440a019d0ff4b63977.jpg,,0,0,no_caries,no_caries,0.68,0.68003,0.21202,0.08183,0.02612
crops/hibogi_ai_01700_png_6.jpg,hibogi_ai_01700_png,HIBOGI_AI_01700_png_jpg.rf.16879be11b55a6440a019d0ff4b63977.jpg,,0,0,no_caries,no_caries,0.7394,0.73938,0.15427,0.07746,0.02889
crops/hibogi_ai_01720_png_0.jpg,hibogi_ai_01720_png,HIBOGI_AI_01720_png_jpg.rf.2c5424e8897e51c3f91d8dd129480d73.jpg,,1,0,mild,no_caries,0.4857,0.48567,0.18417,0.247,0.08316
crops/hibogi_ai_01720_png_1.jpg,hibogi_ai_01720_png,HIBOGI_AI_01720_png_jpg.rf.2c5424e8897e51c3f91d8dd129480d73.jpg,,0,0,no_caries,no_caries,0.7956,0.79556,0.04448,0.08454,0.07543
crops/hibogi_ai_01720_png_2.jpg,hibogi_ai_01720_png,HIBOGI_AI_01720_png_jpg.rf.2c5424e8897e51c3f91d8dd129480d73.jpg,,0,0,no_caries,no_caries,0.6919,0.69185,0.02108,0.24901,0.03805
crops/hibogi_ai_01720_png_3.jpg,hibogi_ai_01720_png,HIBOGI_AI_01720_png_jpg.rf.2c5424e8897e51c3f91d8dd129480d73.jpg,,0,0,no_caries,no_caries,0.4171,0.4171,0.19335,0.17921,0.21034
crops/hibogi_ai_01720_png_4.jpg,hibogi_ai_01720_png,HIBOGI_AI_01720_png_jpg.rf.2c5424e8897e51c3f91d8dd129480d73.jpg,,0,0,no_caries,no_caries,0.8538,0.85375,0.03042,0.04719,0.06864
crops/hibogi_ai_01720_png_5.jpg,hibogi_ai_01720_png,HIBOGI_AI_01720_png_jpg.rf.2c5424e8897e51c3f91d8dd129480d73.jpg,,0,0,no_caries,no_caries,0.7216,0.72158,0.01625,0.20821,0.05395
crops/hibogi_ai_01720_png_6.jpg,hibogi_ai_01720_png,HIBOGI_AI_01720_png_jpg.rf.2c5424e8897e51c3f91d8dd129480d73.jpg,,0,0,no_caries,no_caries,0.8769,0.8769,0.01882,0.09025,0.01403
crops/hibogi_ai_01722_png_0.jpg,hibogi_ai_01722_png,HIBOGI_AI_01722_png_jpg.rf.e13cc3336a945ba9497cd1dbe2181802.jpg,,0,0,no_caries,moderate,0.5262,0.06555,0.38978,0.52619,0.01848
crops/hibogi_ai_01722_png_1.jpg,hibogi_ai_01722_png,HIBOGI_AI_01722_png_jpg.rf.e13cc3336a945ba9497cd1dbe2181802.jpg,,0,0,no_caries,mild,0.5972,0.23513,0.59724,0.09087,0.07677
crops/hibogi_ai_01722_png_2.jpg,hibogi_ai_01722_png,HIBOGI_AI_01722_png_jpg.rf.e13cc3336a945ba9497cd1dbe2181802.jpg,,0,0,no_caries,no_caries,0.519,0.51898,0.1095,0.29704,0.07448
crops/hibogi_ai_01722_png_3.jpg,hibogi_ai_01722_png,HIBOGI_AI_01722_png_jpg.rf.e13cc3336a945ba9497cd1dbe2181802.jpg,,0,0,no_caries,no_caries,0.7265,0.72648,0.06498,0.16868,0.03986
crops/hibogi_ai_01722_png_4.jpg,hibogi_ai_01722_png,HIBOGI_AI_01722_png_jpg.rf.e13cc3336a945ba9497cd1dbe2181802.jpg,,0,0,no_caries,no_caries,0.7566,0.75655,0.11993,0.10532,0.01819
crops/hibogi_ai_01722_png_5.jpg,hibogi_ai_01722_png,HIBOGI_AI_01722_png_jpg.rf.e13cc3336a945ba9497cd1dbe2181802.jpg,,0,0,no_caries,no_caries,0.7258,0.72584,0.02079,0.22783,0.02554
crops/hibogi_ai_01722_png_6.jpg,hibogi_ai_01722_png,HIBOGI_AI_01722_png_jpg.rf.e13cc3336a945ba9497cd1dbe2181802.jpg,,0,0,no_caries,no_caries,0.4668,0.46681,0.38043,0.06343,0.08933
crops/hibogi_ai_01722_png_7.jpg,hibogi_ai_01722_png,HIBOGI_AI_01722_png_jpg.rf.e13cc3336a945ba9497cd1dbe2181802.jpg,,0,0,no_caries,no_caries,0.6061,0.60613,0.23578,0.14006,0.01803
crops/hibogi_ai_01722_png_8.jpg,hibogi_ai_01722_png,HIBOGI_AI_01722_png_jpg.rf.e13cc3336a945ba9497cd1dbe2181802.jpg,,0,0,no_caries,moderate,0.7414,0.01178,0.05983,0.74136,0.18703
crops/hibogi_ai_01722_png_9.jpg,hibogi_ai_01722_png,HIBOGI_AI_01722_png_jpg.rf.e13cc3336a945ba9497cd1dbe2181802.jpg,,0,0,no_caries,no_caries,0.5917,0.59171,0.04962,0.20034,0.15833
crops/hibogi_ai_01722_png_10.jpg,hibogi_ai_01722_png,HIBOGI_AI_01722_png_jpg.rf.e13cc3336a945ba9497cd1dbe2181802.jpg,,0,0,no_caries,no_caries,0.6438,0.64384,0.01837,0.22787,0.10992
crops/hibogi_ai_01722_png_11.jpg,hibogi_ai_01722_png,HIBOGI_AI_01722_png_jpg.rf.e13cc3336a945ba9497cd1dbe2181802.jpg,,0,0,no_caries,no_caries,0.7277,0.72773,0.02513,0.17023,0.07691
crops/hibogi_ai_01722_png_12.jpg,hibogi_ai_01722_png,HIBOGI_AI_01722_png_jpg.rf.e13cc3336a945ba9497cd1dbe2181802.jpg,,0,0,no_caries,no_caries,0.8256,0.82565,0.03458,0.10164,0.03813
crops/hibogi_ai_01722_png_13.jpg,hibogi_ai_01722_png,HIBOGI_AI_01722_png_jpg.rf.e13cc3336a945ba9497cd1dbe2181802.jpg,,0,0,no_caries,no_caries,0.6085,0.60846,0.19294,0.14788,0.05072
crops/hibogi_ai_01733_png_0.jpg,hibogi_ai_01733_png,HIBOGI_AI_01733_png_jpg.rf.023ba3ad777cecafb48d7d1230149624.jpg,,0,0,no_caries,mild,0.5038,0.07649,0.50377,0.37382,0.04592
crops/hibogi_ai_01733_png_1.jpg,hibogi_ai_01733_png,HIBOGI_AI_01733_png_jpg.rf.023ba3ad777cecafb48d7d1230149624.jpg,,5,0,advanced,advanced,0.5031,0.0695,0.17293,0.2545,0.50307
crops/hibogi_ai_01733_png_2.jpg,hibogi_ai_01733_png,HIBOGI_AI_01733_png_jpg.rf.023ba3ad777cecafb48d7d1230149624.jpg,,5,0,advanced,advanced,0.7272,0.005,0.00681,0.26101,0.72718
crops/hibogi_ai_01733_png_3.jpg,hibogi_ai_01733_png,HIBOGI_AI_01733_png_jpg.rf.023ba3ad777cecafb48d7d1230149624.jpg,,0,0,no_caries,no_caries,0.6423,0.64235,0.19854,0.11092,0.04819
crops/hibogi_ai_01733_png_4.jpg,hibogi_ai_01733_png,HIBOGI_AI_01733_png_jpg.rf.023ba3ad777cecafb48d7d1230149624.jpg,,0,0,no_caries,no_caries,0.6753,0.67533,0.07775,0.19097,0.05595
crops/hibogi_ai_01733_png_5.jpg,hibogi_ai_01733_png,HIBOGI_AI_01733_png_jpg.rf.023ba3ad777cecafb48d7d1230149624.jpg,,0,0,no_caries,no_caries,0.7646,0.76463,0.0783,0.13115,0.02592
crops/hibogi_ai_01733_png_6.jpg,hibogi_ai_01733_png,HIBOGI_AI_01733_png_jpg.rf.023ba3ad777cecafb48d7d1230149624.jpg,,0,0,no_caries,no_caries,0.7345,0.73453,0.06503,0.14427,0.05618
crops/hibogi_ai_01733_png_7.jpg,hibogi_ai_01733_png,HIBOGI_AI_01733_png_jpg.rf.023ba3ad777cecafb48d7d1230149624.jpg,,3,0,moderate,mild,0.4317,0.32168,0.43168,0.14032,0.10631
crops/hibogi_ai_01733_png_8.jpg,hibogi_ai_01733_png,HIBOGI_AI_01733_png_jpg.rf.023ba3ad777cecafb48d7d1230149624.jpg,,0,0,no_caries,no_caries,0.6517,0.65169,0.25489,0.07028,0.02313
crops/hibogi_ai_01733_png_9.jpg,hibogi_ai_01733_png,HIBOGI_AI_01733_png_jpg.rf.023ba3ad777cecafb48d7d1230149624.jpg,,0,0,no_caries,mild,0.373,0.36795,0.37296,0.14604,0.11304
crops/hibogi_ai_01733_png_10.jpg,hibogi_ai_01733_png,HIBOGI_AI_01733_png_jpg.rf.023ba3ad777cecafb48d7d1230149624.jpg,,0,0,no_caries,mild,0.6404,0.23829,0.64041,0.0629,0.05839
crops/hibogi_ai_01740_png_0.jpg,hibogi_ai_01740_png,HIBOGI_AI_01740_png_jpg.rf.37cfb497902f323db5c20331b92a7791.jpg,,0,0,no_caries,advanced,0.4664,0.18259,0.27908,0.07197,0.46635
crops/hibogi_ai_01740_png_1.jpg,hibogi_ai_01740_png,HIBOGI_AI_01740_png_jpg.rf.37cfb497902f323db5c20331b92a7791.jpg,,3,0,moderate,advanced,0.7178,0.04936,0.10226,0.13059,0.71779
crops/hibogi_ai_01740_png_2.jpg,hibogi_ai_01740_png,HIBOGI_AI_01740_png_jpg.rf.37cfb497902f323db5c20331b92a7791.jpg,,0,0,no_caries,no_caries,0.6902,0.69019,0.04579,0.17867,0.08535
crops/hibogi_ai_01740_png_3.jpg,hibogi_ai_01740_png,HIBOGI_AI_01740_png_jpg.rf.37cfb497902f323db5c20331b92a7791.jpg,,0,0,no_caries,no_caries,0.6073,0.60731,0.19906,0.0816,0.11204
crops/hibogi_ai_01740_png_4.jpg,hibogi_ai_01740_png,HIBOGI_AI_01740_png_jpg.rf.37cfb497902f323db5c20331b92a7791.jpg,,0,0,no_caries,no_caries,0.5923,0.59231,0.2861,0.06823,0.05336
crops/hibogi_ai_01740_png_5.jpg,hibogi_ai_01740_png,HIBOGI_AI_01740_png_jpg.rf.37cfb497902f323db5c20331b92a7791.jpg,,0,0,no_caries,no_caries,0.7305,0.73052,0.16726,0.06612,0.0361
crops/hibogi_ai_01740_png_6.jpg,hibogi_ai_01740_png,HIBOGI_AI_01740_png_jpg.rf.37cfb497902f323db5c20331b92a7791.jpg,,0,0,no_caries,no_caries,0.7321,0.73211,0.03803,0.1213,0.10856
crops/hibogi_ai_01740_png_7.jpg,hibogi_ai_01740_png,HIBOGI_AI_01740_png_jpg.rf.37cfb497902f323db5c20331b92a7791.jpg,,0,0,no_caries,no_caries,0.7806,0.78059,0.10338,0.05421,0.06181
crops/hibogi_ai_01740_png_8.jpg,hibogi_ai_01740_png,HIBOGI_AI_01740_png_jpg.rf.37cfb497902f323db5c20331b92a7791.jpg,,0,0,no_caries,no_caries,0.4681,0.46814,0.33001,0.12842,0.07343
crops/hibogi_ai_01740_png_9.jpg,hibogi_ai_01740_png,HIBOGI_AI_01740_png_jpg.rf.37cfb497902f323db5c20331b92a7791.jpg,,5,0,advanced,advanced,0.4766,0.01205,0.03528,0.47608,0.47659
crops/hibogi_ai_01740_png_10.jpg,hibogi_ai_01740_png,HIBOGI_AI_01740_png_jpg.rf.37cfb497902f323db5c20331b92a7791.jpg,,5,0,advanced,mild,0.6089,0.17897,0.60894,0.09158,0.12051
crops/hibogi_ai_01745_png_0.jpg,hibogi_ai_01745_png,HIBOGI_AI_01745_png_jpg.rf.f674dab690be913a0611ac466729fadd.jpg,,0,0,no_caries,mild,0.5737,0.3046,0.57371,0.08835,0.03334
crops/hibogi_ai_01745_png_1.jpg,hibogi_ai_01745_png,HIBOGI_AI_01745_png_jpg.rf.f674dab690be913a0611ac466729fadd.jpg,,0,0,no_caries,no_caries,0.4552,0.45524,0.25162,0.22615,0.06699
crops/hibogi_ai_01745_png_2.jpg,hibogi_ai_01745_png,HIBOGI_AI_01745_png_jpg.rf.f674dab690be913a0611ac466729fadd.jpg,,0,0,no_caries,no_caries,0.7885,0.78849,0.03705,0.09452,0.07994
crops/hibogi_ai_01745_png_3.jpg,hibogi_ai_01745_png,HIBOGI_AI_01745_png_jpg.rf.f674dab690be913a0611ac466729fadd.jpg,,0,0,no_caries,no_caries,0.6449,0.64492,0.09572,0.12432,0.13504
crops/hibogi_ai_01745_png_4.jpg,hibogi_ai_01745_png,HIBOGI_AI_01745_png_jpg.rf.f674dab690be913a0611ac466729fadd.jpg,,0,0,no_caries,no_caries,0.8714,0.87137,0.02446,0.0496,0.05456
crops/hibogi_ai_01745_png_5.jpg,hibogi_ai_01745_png,HIBOGI_AI_01745_png_jpg.rf.f674dab690be913a0611ac466729fadd.jpg,,0,0,no_caries,no_caries,0.876,0.87604,0.02,0.05318,0.05077
crops/hibogi_ai_01745_png_6.jpg,hibogi_ai_01745_png,HIBOGI_AI_01745_png_jpg.rf.f674dab690be913a0611ac466729fadd.jpg,,0,0,no_caries,no_caries,0.7196,0.71958,0.08487,0.13922,0.05633
crops/hibogi_ai_01745_png_7.jpg,hibogi_ai_01745_png,HIBOGI_AI_01745_png_jpg.rf.f674dab690be913a0611ac466729fadd.jpg,,0,0,no_caries,no_caries,0.5416,0.54159,0.27292,0.07733,0.10816
crops/hibogi_ai_01745_png_8.jpg,hibogi_ai_01745_png,HIBOGI_AI_01745_png_jpg.rf.f674dab690be913a0611ac466729fadd.jpg,,0,0,no_caries,no_caries,0.5194,0.51936,0.29516,0.13265,0.05283
crops/hibogi_ai_01745_png_9.jpg,hibogi_ai_01745_png,HIBOGI_AI_01745_png_jpg.rf.f674dab690be913a0611ac466729fadd.jpg,,0,0,no_caries,no_caries,0.5952,0.59517,0.27198,0.07661,0.05623
crops/hibogi_ai_01745_png_10.jpg,hibogi_ai_01745_png,HIBOGI_AI_01745_png_jpg.rf.f674dab690be913a0611ac466729fadd.jpg,,5,0,advanced,mild,0.3676,0.20687,0.36759,0.1257,0.29983
crops/hibogi_ai_01757_png_0.jpg,hibogi_ai_01757_png,HIBOGI_AI_01757_png_jpg.rf.03d77596cb42e60ab36a69685392f51b.jpg,,0,0,no_caries,mild,0.6778,0.23272,0.6778,0.07016,0.01932
crops/hibogi_ai_01757_png_1.jpg,hibogi_ai_01757_png,HIBOGI_AI_01757_png_jpg.rf.03d77596cb42e60ab36a69685392f51b.jpg,,4,0,moderate,moderate,0.8599,0.03514,0.04965,0.85994,0.05527
crops/hibogi_ai_01757_png_2.jpg,hibogi_ai_01757_png,HIBOGI_AI_01757_png_jpg.rf.03d77596cb42e60ab36a69685392f51b.jpg,,0,0,no_caries,mild,0.6393,0.2506,0.6393,0.08523,0.02486
crops/hibogi_ai_01757_png_3.jpg,hibogi_ai_01757_png,HIBOGI_AI_01757_png_jpg.rf.03d77596cb42e60ab36a69685392f51b.jpg,,0,0,no_caries,mild,0.5569,0.2343,0.5569,0.12972,0.07908
crops/hibogi_ai_01757_png_4.jpg,hibogi_ai_01757_png,HIBOGI_AI_01757_png_jpg.rf.03d77596cb42e60ab36a69685392f51b.jpg,,0,0,no_caries,advanced,0.2815,0.21237,0.26457,0.24158,0.28149
crops/hibogi_ai_01757_png_5.jpg,hibogi_ai_01757_png,HIBOGI_AI_01757_png_jpg.rf.03d77596cb42e60ab36a69685392f51b.jpg,,0,0,no_caries,no_caries,0.5693,0.56927,0.10327,0.28314,0.04433
crops/hibogi_ai_01757_png_6.jpg,hibogi_ai_01757_png,HIBOGI_AI_01757_png_jpg.rf.03d77596cb42e60ab36a69685392f51b.jpg,,0,0,no_caries,no_caries,0.4491,0.4491,0.39994,0.06885,0.0821
crops/hibogi_ai_01757_png_7.jpg,hibogi_ai_01757_png,HIBOGI_AI_01757_png_jpg.rf.03d77596cb42e60ab36a69685392f51b.jpg,,0,0,no_caries,mild,0.4374,0.31271,0.43737,0.06144,0.18849
crops/hibogi_ai_01757_png_8.jpg,hibogi_ai_01757_png,HIBOGI_AI_01757_png_jpg.rf.03d77596cb42e60ab36a69685392f51b.jpg,,0,0,no_caries,no_caries,0.4334,0.43341,0.42851,0.07393,0.06415
crops/hibogi_ai_01757_png_9.jpg,hibogi_ai_01757_png,HIBOGI_AI_01757_png_jpg.rf.03d77596cb42e60ab36a69685392f51b.jpg,,0,0,no_caries,mild,0.4185,0.38685,0.41845,0.16111,0.03359
crops/hibogi_ai_01757_png_10.jpg,hibogi_ai_01757_png,HIBOGI_AI_01757_png_jpg.rf.03d77596cb42e60ab36a69685392f51b.jpg,,0,0,no_caries,mild,0.5078,0.22976,0.50784,0.16673,0.09566
crops/hibogi_ai_01757_png_11.jpg,hibogi_ai_01757_png,HIBOGI_AI_01757_png_jpg.rf.03d77596cb42e60ab36a69685392f51b.jpg,,0,0,no_caries,mild,0.5357,0.12199,0.53565,0.25979,0.08257
crops/hibogi_ai_01772_png_0.jpg,hibogi_ai_01772_png,HIBOGI_AI_01772_png_jpg.rf.feb7513673f766e9ff861dfccaba5d2f.jpg,,0,0,no_caries,no_caries,0.832,0.83202,0.05349,0.06432,0.05017
crops/hibogi_ai_01772_png_1.jpg,hibogi_ai_01772_png,HIBOGI_AI_01772_png_jpg.rf.feb7513673f766e9ff861dfccaba5d2f.jpg,,0,0,no_caries,no_caries,0.6428,0.64279,0.17796,0.08854,0.0907
crops/hibogi_ai_01772_png_2.jpg,hibogi_ai_01772_png,HIBOGI_AI_01772_png_jpg.rf.feb7513673f766e9ff861dfccaba5d2f.jpg,,4,0,moderate,moderate,0.4191,0.03165,0.34684,0.41907,0.20244
crops/hibogi_ai_01772_png_3.jpg,hibogi_ai_01772_png,HIBOGI_AI_01772_png_jpg.rf.feb7513673f766e9ff861dfccaba5d2f.jpg,,0,0,no_caries,no_caries,0.7683,0.76826,0.09113,0.09058,0.05003
crops/hibogi_ai_01772_png_4.jpg,hibogi_ai_01772_png,HIBOGI_AI_01772_png_jpg.rf.feb7513673f766e9ff861dfccaba5d2f.jpg,,0,0,no_caries,no_caries,0.6597,0.6597,0.06108,0.2101,0.06912
crops/hibogi_ai_01772_png_5.jpg,hibogi_ai_01772_png,HIBOGI_AI_01772_png_jpg.rf.feb7513673f766e9ff861dfccaba5d2f.jpg,,0,0,no_caries,moderate,0.7366,0.02275,0.02018,0.73664,0.22044
crops/hibogi_ai_01772_png_6.jpg,hibogi_ai_01772_png,HIBOGI_AI_01772_png_jpg.rf.feb7513673f766e9ff861dfccaba5d2f.jpg,,0,0,no_caries,no_caries,0.7259,0.72591,0.10544,0.07269,0.09596
crops/hibogi_ai_01772_png_7.jpg,hibogi_ai_01772_png,HIBOGI_AI_01772_png_jpg.rf.feb7513673f766e9ff861dfccaba5d2f.jpg,,0,0,no_caries,no_caries,0.813,0.81295,0.03991,0.07728,0.06985
crops/hibogi_ai_01772_png_8.jpg,hibogi_ai_01772_png,HIBOGI_AI_01772_png_jpg.rf.feb7513673f766e9ff861dfccaba5d2f.jpg,,0,0,no_caries,no_caries,0.8312,0.83124,0.05388,0.07598,0.0389
crops/hibogi_ai_01772_png_9.jpg,hibogi_ai_01772_png,HIBOGI_AI_01772_png_jpg.rf.feb7513673f766e9ff861dfccaba5d2f.jpg,,0,0,no_caries,no_caries,0.78,0.78005,0.05293,0.07719,0.08983
crops/hibogi_ai_01772_png_10.jpg,hibogi_ai_01772_png,HIBOGI_AI_01772_png_jpg.rf.feb7513673f766e9ff861dfccaba5d2f.jpg,,0,0,no_caries,no_caries,0.7523,0.75226,0.05764,0.0912,0.09889
crops/hibogi_ai_01772_png_11.jpg,hibogi_ai_01772_png,HIBOGI_AI_01772_png_jpg.rf.feb7513673f766e9ff861dfccaba5d2f.jpg,,0,0,no_caries,no_caries,0.5171,0.51708,0.03278,0.09486,0.35529
crops/hibogi_ai_01837_png_0.jpg,hibogi_ai_01837_png,HIBOGI_AI_01837_png_jpg.rf.15c7138ce0cdf84fc77b4692f8200c6b.jpg,,0,0,no_caries,no_caries,0.6876,0.68765,0.06313,0.22699,0.02223
crops/hibogi_ai_01837_png_1.jpg,hibogi_ai_01837_png,HIBOGI_AI_01837_png_jpg.rf.15c7138ce0cdf84fc77b4692f8200c6b.jpg,,0,0,no_caries,no_caries,0.7321,0.73214,0.12732,0.1176,0.02295
crops/hibogi_ai_01837_png_2.jpg,hibogi_ai_01837_png,HIBOGI_AI_01837_png_jpg.rf.15c7138ce0cdf84fc77b4692f8200c6b.jpg,,0,0,no_caries,no_caries,0.6874,0.68744,0.08292,0.16855,0.06109
crops/hibogi_ai_01837_png_3.jpg,hibogi_ai_01837_png,HIBOGI_AI_01837_png_jpg.rf.15c7138ce0cdf84fc77b4692f8200c6b.jpg,,0,0,no_caries,no_caries,0.7232,0.72315,0.04671,0.20289,0.02725
crops/hibogi_ai_01837_png_4.jpg,hibogi_ai_01837_png,HIBOGI_AI_01837_png_jpg.rf.15c7138ce0cdf84fc77b4692f8200c6b.jpg,,0,0,no_caries,no_caries,0.4456,0.44562,0.44019,0.05998,0.05421
crops/hibogi_ai_01837_png_5.jpg,hibogi_ai_01837_png,HIBOGI_AI_01837_png_jpg.rf.15c7138ce0cdf84fc77b4692f8200c6b.jpg,,3,0,moderate,moderate,0.6427,0.24315,0.08484,0.64272,0.02929
crops/hibogi_ai_01837_png_6.jpg,hibogi_ai_01837_png,HIBOGI_AI_01837_png_jpg.rf.15c7138ce0cdf84fc77b4692f8200c6b.jpg,,0,0,no_caries,no_caries,0.6504,0.65042,0.07347,0.23341,0.0427
crops/hibogi_ai_01837_png_7.jpg,hibogi_ai_01837_png,HIBOGI_AI_01837_png_jpg.rf.15c7138ce0cdf84fc77b4692f8200c6b.jpg,,0,0,no_caries,no_caries,0.7531,0.7531,0.08116,0.08963,0.0761
crops/hibogi_ai_01837_png_8.jpg,hibogi_ai_01837_png,HIBOGI_AI_01837_png_jpg.rf.15c7138ce0cdf84fc77b4692f8200c6b.jpg,,0,0,no_caries,no_caries,0.8362,0.83624,0.0317,0.06825,0.06381
crops/hibogi_ai_01837_png_9.jpg,hibogi_ai_01837_png,HIBOGI_AI_01837_png_jpg.rf.15c7138ce0cdf84fc77b4692f8200c6b.jpg,,0,0,no_caries,no_caries,0.8572,0.85722,0.01777,0.10347,0.02155
crops/hibogi_ai_01839_png_0.jpg,hibogi_ai_01839_png,HIBOGI_AI_01839_png_jpg.rf.47a85ef50053c74e9b42fc15f763cf5b.jpg,,2,0,mild,mild,0.7449,0.09914,0.74492,0.07823,0.07772
crops/hibogi_ai_01839_png_1.jpg,hibogi_ai_01839_png,HIBOGI_AI_01839_png_jpg.rf.47a85ef50053c74e9b42fc15f763cf5b.jpg,,4,0,moderate,moderate,0.4318,0.05063,0.43029,0.43181,0.08726
crops/hibogi_ai_01845_png_0.jpg,hibogi_ai_01845_png,HIBOGI_AI_01845_png_jpg.rf.1be8fe8fc7b1778a756c00613c08c090.jpg,,3,0,moderate,mild,0.431,0.27067,0.43097,0.2493,0.04907
crops/hibogi_ai_01845_png_1.jpg,hibogi_ai_01845_png,HIBOGI_AI_01845_png_jpg.rf.1be8fe8fc7b1778a756c00613c08c090.jpg,,5,0,advanced,advanced,0.9808,0.00288,0.01158,0.0047,0.98084
crops/hibogi_ai_01845_png_2.jpg,hibogi_ai_01845_png,HIBOGI_AI_01845_png_jpg.rf.1be8fe8fc7b1778a756c00613c08c090.jpg,,3,0,moderate,moderate,0.716,0.06208,0.17419,0.71598,0.04775
crops/hibogi_ai_01845_png_3.jpg,hibogi_ai_01845_png,HIBOGI_AI_01845_png_jpg.rf.1be8fe8fc7b1778a756c00613c08c090.jpg,,0,0,no_caries,no_caries,0.6137,0.6137,0.12745,0.17418,0.08467
crops/hibogi_ai_01845_png_4.jpg,hibogi_ai_01845_png,HIBOGI_AI_01845_png_jpg.rf.1be8fe8fc7b1778a756c00613c08c090.jpg,,0,0,no_caries,no_caries,0.5145,0.51453,0.11098,0.27004,0.10445
crops/hibogi_ai_01845_png_5.jpg,hibogi_ai_01845_png,HIBOGI_AI_01845_png_jpg.rf.1be8fe8fc7b1778a756c00613c08c090.jpg,,0,0,no_caries,no_caries,0.6472,0.6472,0.13962,0.17517,0.03801
crops/hibogi_ai_01845_png_6.jpg,hibogi_ai_01845_png,HIBOGI_AI_01845_png_jpg.rf.1be8fe8fc7b1778a756c00613c08c090.jpg,,0,0,no_caries,no_caries,0.5345,0.53447,0.21813,0.17498,0.07241
crops/hibogi_ai_01845_png_7.jpg,hibogi_ai_01845_png,HIBOGI_AI_01845_png_jpg.rf.1be8fe8fc7b1778a756c00613c08c090.jpg,,0,0,no_caries,no_caries,0.6277,0.62766,0.1974,0.10248,0.07246
crops/hibogi_ai_01845_png_8.jpg,hibogi_ai_01845_png,HIBOGI_AI_01845_png_jpg.rf.1be8fe8fc7b1778a756c00613c08c090.jpg,,5,0,advanced,advanced,0.6049,0.0043,0.01556,0.37524,0.6049
crops/hibogi_ai_01845_png_9.jpg,hibogi_ai_01845_png,HIBOGI_AI_01845_png_jpg.rf.1be8fe8fc7b1778a756c00613c08c090.jpg,,6,0,advanced,advanced,0.8131,0.00893,0.13902,0.03896,0.8131
crops/hibogi_ai_01845_png_10.jpg,hibogi_ai_01845_png,HIBOGI_AI_01845_png_jpg.rf.1be8fe8fc7b1778a756c00613c08c090.jpg,,4,0,moderate,moderate,0.6499,0.01837,0.06633,0.6499,0.2654
crops/hibogi_ai_01847_png_0.jpg,hibogi_ai_01847_png,HIBOGI_AI_01847_png_jpg.rf.d79fd76a2f7524a229958670c9e770e5.jpg,,1,0,mild,moderate,0.325,0.3235,0.19831,0.32505,0.15313
crops/hibogi_ai_01847_png_1.jpg,hibogi_ai_01847_png,HIBOGI_AI_01847_png_jpg.rf.d79fd76a2f7524a229958670c9e770e5.jpg,,1,0,mild,no_caries,0.631,0.63103,0.1578,0.10835,0.10281
crops/hibogi_ai_01847_png_2.jpg,hibogi_ai_01847_png,HIBOGI_AI_01847_png_jpg.rf.d79fd76a2f7524a229958670c9e770e5.jpg,,1,0,mild,no_caries,0.7609,0.76088,0.05945,0.14513,0.03454
crops/hibogi_ai_01847_png_3.jpg,hibogi_ai_01847_png,HIBOGI_AI_01847_png_jpg.rf.d79fd76a2f7524a229958670c9e770e5.jpg,,1,0,mild,no_caries,0.777,0.77696,0.0518,0.09656,0.07468
crops/hibogi_ai_01847_png_4.jpg,hibogi_ai_01847_png,HIBOGI_AI_01847_png_jpg.rf.d79fd76a2f7524a229958670c9e770e5.jpg,,5,0,advanced,moderate,0.8875,0.00114,0.009,0.88749,0.10237
crops/hibogi_ai_01847_png_5.jpg,hibogi_ai_01847_png,HIBOGI_AI_01847_png_jpg.rf.d79fd76a2f7524a229958670c9e770e5.jpg,,6,0,advanced,advanced,0.7389,0.03554,0.20224,0.02334,0.73888
crops/hibogi_ai_01847_png_6.jpg,hibogi_ai_01847_png,HIBOGI_AI_01847_png_jpg.rf.d79fd76a2f7524a229958670c9e770e5.jpg,,3,0,moderate,moderate,0.751,0.05007,0.12307,0.75098,0.07588
crops/hibogi_ai_01847_png_7.jpg,hibogi_ai_01847_png,HIBOGI_AI_01847_png_jpg.rf.d79fd76a2f7524a229958670c9e770e5.jpg,,0,0,no_caries,no_caries,0.5811,0.58113,0.14053,0.10415,0.17419
crops/hibogi_ai_01847_png_8.jpg,hibogi_ai_01847_png,HIBOGI_AI_01847_png_jpg.rf.d79fd76a2f7524a229958670c9e770e5.jpg,,0,0,no_caries,no_caries,0.6996,0.6996,0.08444,0.17075,0.04521
crops/hibogi_ai_01847_png_9.jpg,hibogi_ai_01847_png,HIBOGI_AI_01847_png_jpg.rf.d79fd76a2f7524a229958670c9e770e5.jpg,,0,0,no_caries,no_caries,0.8598,0.85984,0.03965,0.07644,0.02407
crops/hibogi_ai_01847_png_10.jpg,hibogi_ai_01847_png,HIBOGI_AI_01847_png_jpg.rf.d79fd76a2f7524a229958670c9e770e5.jpg,,0,0,no_caries,no_caries,0.7681,0.76815,0.02396,0.15898,0.04891
crops/hibogi_ai_01847_png_11.jpg,hibogi_ai_01847_png,HIBOGI_AI_01847_png_jpg.rf.d79fd76a2f7524a229958670c9e770e5.jpg,,5,0,advanced,advanced,0.9487,0.0062,0.02328,0.02177,0.94875
crops/hibogi_ai_01847_png_12.jpg,hibogi_ai_01847_png,HIBOGI_AI_01847_png_jpg.rf.d79fd76a2f7524a229958670c9e770e5.jpg,,6,0,advanced,advanced,0.9705,0.00574,0.01767,0.0061,0.9705
crops/hibogi_ai_01847_png_13.jpg,hibogi_ai_01847_png,HIBOGI_AI_01847_png_jpg.rf.d79fd76a2f7524a229958670c9e770e5.jpg,,3,0,moderate,moderate,0.7551,0.015,0.04191,0.75514,0.18796
crops/hibogi_ai_01868_png_0.jpg,hibogi_ai_01868_png,HIBOGI_AI_01868_png_jpg.rf.96f1d3013c471d54067ee796d33d0c38.jpg,,0,0,no_caries,no_caries,0.7188,0.71885,0.1109,0.08363,0.08662
crops/hibogi_ai_01868_png_1.jpg,hibogi_ai_01868_png,HIBOGI_AI_01868_png_jpg.rf.96f1d3013c471d54067ee796d33d0c38.jpg,,0,0,no_caries,no_caries,0.748,0.74797,0.11026,0.0675,0.07427
crops/hibogi_ai_01868_png_2.jpg,hibogi_ai_01868_png,HIBOGI_AI_01868_png_jpg.rf.96f1d3013c471d54067ee796d33d0c38.jpg,,0,0,no_caries,no_caries,0.4608,0.46081,0.42714,0.06321,0.04885
crops/hibogi_ai_01868_png_3.jpg,hibogi_ai_01868_png,HIBOGI_AI_01868_png_jpg.rf.96f1d3013c471d54067ee796d33d0c38.jpg,,1,0,mild,no_caries,0.7522,0.75218,0.11406,0.04936,0.0844
crops/hibogi_ai_01868_png_4.jpg,hibogi_ai_01868_png,HIBOGI_AI_01868_png_jpg.rf.96f1d3013c471d54067ee796d33d0c38.jpg,,1,0,mild,mild,0.5291,0.31016,0.52913,0.0993,0.06141
crops/hibogi_ai_01868_png_5.jpg,hibogi_ai_01868_png,HIBOGI_AI_01868_png_jpg.rf.96f1d3013c471d54067ee796d33d0c38.jpg,,1,0,mild,no_caries,0.8119,0.81187,0.0849,0.06178,0.04145
crops/hibogi_ai_01868_png_6.jpg,hibogi_ai_01868_png,HIBOGI_AI_01868_png_jpg.rf.96f1d3013c471d54067ee796d33d0c38.jpg,,3,0,moderate,mild,0.3382,0.31839,0.33817,0.29879,0.04465
crops/hibogi_ai_01868_png_7.jpg,hibogi_ai_01868_png,HIBOGI_AI_01868_png_jpg.rf.96f1d3013c471d54067ee796d33d0c38.jpg,,0,0,no_caries,no_caries,0.761,0.76103,0.16223,0.04069,0.03606
crops/hibogi_ai_01868_png_8.jpg,hibogi_ai_01868_png,HIBOGI_AI_01868_png_jpg.rf.96f1d3013c471d54067ee796d33d0c38.jpg,,0,0,no_caries,no_caries,0.7193,0.71933,0.18175,0.03853,0.0604
crops/hibogi_ai_01868_png_9.jpg,hibogi_ai_01868_png,HIBOGI_AI_01868_png_jpg.rf.96f1d3013c471d54067ee796d33d0c38.jpg,,0,0,no_caries,no_caries,0.8632,0.86323,0.0521,0.0529,0.03177
crops/hibogi_ai_01868_png_10.jpg,hibogi_ai_01868_png,HIBOGI_AI_01868_png_jpg.rf.96f1d3013c471d54067ee796d33d0c38.jpg,,0,0,no_caries,no_caries,0.8636,0.86362,0.06953,0.03821,0.02863
crops/hibogi_ai_01868_png_11.jpg,hibogi_ai_01868_png,HIBOGI_AI_01868_png_jpg.rf.96f1d3013c471d54067ee796d33d0c38.jpg,,0,0,no_caries,no_caries,0.8206,0.82058,0.05953,0.04486,0.07503
crops/hibogi_ai_01868_png_12.jpg,hibogi_ai_01868_png,HIBOGI_AI_01868_png_jpg.rf.96f1d3013c471d54067ee796d33d0c38.jpg,,0,0,no_caries,no_caries,0.822,0.82198,0.07208,0.0799,0.02603
crops/hibogi_ai_01886_png_0.jpg,hibogi_ai_01886_png,HIBOGI_AI_01886_png_jpg.rf.a210149301342d9e6ba8b6b9192e98ce.jpg,,0,0,no_caries,no_caries,0.6932,0.69323,0.2069,0.06074,0.03913
crops/hibogi_ai_01886_png_1.jpg,hibogi_ai_01886_png,HIBOGI_AI_01886_png_jpg.rf.a210149301342d9e6ba8b6b9192e98ce.jpg,,0,0,no_caries,no_caries,0.7622,0.7622,0.10262,0.07232,0.06286
crops/hibogi_ai_01886_png_2.jpg,hibogi_ai_01886_png,HIBOGI_AI_01886_png_jpg.rf.a210149301342d9e6ba8b6b9192e98ce.jpg,,0,0,no_caries,no_caries,0.8062,0.80619,0.08738,0.06686,0.03957
crops/hibogi_ai_01886_png_3.jpg,hibogi_ai_01886_png,HIBOGI_AI_01886_png_jpg.rf.a210149301342d9e6ba8b6b9192e98ce.jpg,,0,0,no_caries,no_caries,0.7827,0.78273,0.08502,0.08186,0.05039
crops/hibogi_ai_01886_png_4.jpg,hibogi_ai_01886_png,HIBOGI_AI_01886_png_jpg.rf.a210149301342d9e6ba8b6b9192e98ce.jpg,,0,0,no_caries,no_caries,0.8081,0.80805,0.09171,0.07325,0.02699
crops/hibogi_ai_01886_png_5.jpg,hibogi_ai_01886_png,HIBOGI_AI_01886_png_jpg.rf.a210149301342d9e6ba8b6b9192e98ce.jpg,,0,0,no_caries,no_caries,0.6951,0.69509,0.16968,0.09007,0.04516
crops/hibogi_ai_01886_png_6.jpg,hibogi_ai_01886_png,HIBOGI_AI_01886_png_jpg.rf.a210149301342d9e6ba8b6b9192e98ce.jpg,,0,0,no_caries,no_caries,0.4603,0.46033,0.08061,0.36018,0.09889
crops/hibogi_ai_01886_png_7.jpg,hibogi_ai_01886_png,HIBOGI_AI_01886_png_jpg.rf.a210149301342d9e6ba8b6b9192e98ce.jpg,,0,0,no_caries,no_caries,0.4893,0.4893,0.27659,0.219,0.01511
crops/hibogi_ai_01886_png_8.jpg,hibogi_ai_01886_png,HIBOGI_AI_01886_png_jpg.rf.a210149301342d9e6ba8b6b9192e98ce.jpg,,0,0,no_caries,no_caries,0.706,0.70604,0.09589,0.16806,0.03002
crops/hibogi_ai_01886_png_9.jpg,hibogi_ai_01886_png,HIBOGI_AI_01886_png_jpg.rf.a210149301342d9e6ba8b6b9192e98ce.jpg,,0,0,no_caries,no_caries,0.6987,0.69867,0.20764,0.05085,0.04284
crops/hibogi_ai_01886_png_10.jpg,hibogi_ai_01886_png,HIBOGI_AI_01886_png_jpg.rf.a210149301342d9e6ba8b6b9192e98ce.jpg,,0,0,no_caries,no_caries,0.51,0.50999,0.3649,0.07415,0.05096
crops/hibogi_ai_01886_png_11.jpg,hibogi_ai_01886_png,HIBOGI_AI_01886_png_jpg.rf.a210149301342d9e6ba8b6b9192e98ce.jpg,,0,0,no_caries,no_caries,0.8014,0.80142,0.10895,0.04768,0.04195
crops/hibogi_ai_01886_png_12.jpg,hibogi_ai_01886_png,HIBOGI_AI_01886_png_jpg.rf.a210149301342d9e6ba8b6b9192e98ce.jpg,,0,0,no_caries,no_caries,0.6468,0.64683,0.26019,0.05528,0.03769
crops/hibogi_ai_01886_png_13.jpg,hibogi_ai_01886_png,HIBOGI_AI_01886_png_jpg.rf.a210149301342d9e6ba8b6b9192e98ce.jpg,,0,0,no_caries,no_caries,0.7432,0.74317,0.15351,0.06248,0.04084
crops/hibogi_ai_01886_png_14.jpg,hibogi_ai_01886_png,HIBOGI_AI_01886_png_jpg.rf.a210149301342d9e6ba8b6b9192e98ce.jpg,,4,0,moderate,no_caries,0.4995,0.49948,0.37145,0.06302,0.06606
crops/hibogi_ai_01914_png_0.jpg,hibogi_ai_01914_png,HIBOGI_AI_01914_png_jpg.rf.e3a46f59b7f6f3c4f96d6dc8823a43b2.jpg,,3,0,moderate,mild,0.3872,0.01801,0.38725,0.3589,0.23583
crops/hibogi_ai_01914_png_1.jpg,hibogi_ai_01914_png,HIBOGI_AI_01914_png_jpg.rf.e3a46f59b7f6f3c4f96d6dc8823a43b2.jpg,,3,0,moderate,moderate,0.5651,0.01317,0.07172,0.56513,0.34998
crops/hibogi_ai_01914_png_2.jpg,hibogi_ai_01914_png,HIBOGI_AI_01914_png_jpg.rf.e3a46f59b7f6f3c4f96d6dc8823a43b2.jpg,,2,0,mild,mild,0.8767,0.06746,0.87673,0.04876,0.00706
crops/hibogi_ai_01914_png_3.jpg,hibogi_ai_01914_png,HIBOGI_AI_01914_png_jpg.rf.e3a46f59b7f6f3c4f96d6dc8823a43b2.jpg,,1,0,mild,mild,0.5374,0.32228,0.53736,0.11713,0.02323
crops/hibogi_ai_01914_png_4.jpg,hibogi_ai_01914_png,HIBOGI_AI_01914_png_jpg.rf.e3a46f59b7f6f3c4f96d6dc8823a43b2.jpg,,2,0,mild,no_caries,0.5032,0.50325,0.26332,0.08884,0.14459
crops/hibogi_ai_01914_png_5.jpg,hibogi_ai_01914_png,HIBOGI_AI_01914_png_jpg.rf.e3a46f59b7f6f3c4f96d6dc8823a43b2.jpg,,0,0,no_caries,moderate,0.4451,0.34423,0.06194,0.44514,0.14869
crops/hibogi_ai_01914_png_6.jpg,hibogi_ai_01914_png,HIBOGI_AI_01914_png_jpg.rf.e3a46f59b7f6f3c4f96d6dc8823a43b2.jpg,,2,0,mild,mild,0.7947,0.14211,0.79474,0.04007,0.02308
crops/hibogi_ai_01914_png_7.jpg,hibogi_ai_01914_png,HIBOGI_AI_01914_png_jpg.rf.e3a46f59b7f6f3c4f96d6dc8823a43b2.jpg,,0,0,no_caries,no_caries,0.4315,0.4315,0.33571,0.15542,0.07738
crops/hibogi_ai_01914_png_8.jpg,hibogi_ai_01914_png,HIBOGI_AI_01914_png_jpg.rf.e3a46f59b7f6f3c4f96d6dc8823a43b2.jpg,,0,0,no_caries,no_caries,0.6499,0.64994,0.20141,0.11011,0.03854
crops/hibogi_ai_01914_png_9.jpg,hibogi_ai_01914_png,HIBOGI_AI_01914_png_jpg.rf.e3a46f59b7f6f3c4f96d6dc8823a43b2.jpg,,0,0,no_caries,no_caries,0.5875,0.58755,0.18434,0.19128,0.03683
crops/hibogi_ai_01914_png_10.jpg,hibogi_ai_01914_png,HIBOGI_AI_01914_png_jpg.rf.e3a46f59b7f6f3c4f96d6dc8823a43b2.jpg,,0,0,no_caries,no_caries,0.7405,0.74052,0.12361,0.09975,0.03611
crops/hibogi_ai_02007_png_0.jpg,hibogi_ai_02007_png,HIBOGI_AI_02007_png_jpg.rf.d5c5f87984fc7295fe7f1ed4a673adbb.jpg,,1,0,mild,advanced,0.6666,0.01164,0.04984,0.27196,0.66656
crops/hibogi_ai_02007_png_1.jpg,hibogi_ai_02007_png,HIBOGI_AI_02007_png_jpg.rf.d5c5f87984fc7295fe7f1ed4a673adbb.jpg,,5,0,advanced,advanced,0.6505,0.01991,0.05013,0.27947,0.65049
crops/hibogi_ai_02007_png_2.jpg,hibogi_ai_02007_png,HIBOGI_AI_02007_png_jpg.rf.d5c5f87984fc7295fe7f1ed4a673adbb.jpg,,0,0,no_caries,no_caries,0.7112,0.71119,0.07365,0.14357,0.0716
crops/hibogi_ai_02007_png_3.jpg,hibogi_ai_02007_png,HIBOGI_AI_02007_png_jpg.rf.d5c5f87984fc7295fe7f1ed4a673adbb.jpg,,0,0,no_caries,no_caries,0.7948,0.7948,0.04164,0.11,0.05356
crops/hibogi_ai_02007_png_4.jpg,hibogi_ai_02007_png,HIBOGI_AI_02007_png_jpg.rf.d5c5f87984fc7295fe7f1ed4a673adbb.jpg,,0,0,no_caries,no_caries,0.7048,0.70482,0.05741,0.17068,0.0671
crops/hibogi_ai_02007_png_5.jpg,hibogi_ai_02007_png,HIBOGI_AI_02007_png_jpg.rf.d5c5f87984fc7295fe7f1ed4a673adbb.jpg,,0,0,no_caries,no_caries,0.7374,0.73739,0.05087,0.15073,0.06101
crops/hibogi_ai_02007_png_6.jpg,hibogi_ai_02007_png,HIBOGI_AI_02007_png_jpg.rf.d5c5f87984fc7295fe7f1ed4a673adbb.jpg,,0,0,no_caries,no_caries,0.6843,0.68427,0.12807,0.12592,0.06173
crops/hibogi_ai_02007_png_7.jpg,hibogi_ai_02007_png,HIBOGI_AI_02007_png_jpg.rf.d5c5f87984fc7295fe7f1ed4a673adbb.jpg,,5,0,advanced,advanced,0.8784,0.00078,0.0018,0.11902,0.8784
crops/hibogi_ai_02007_png_8.jpg,hibogi_ai_02007_png,HIBOGI_AI_02007_png_jpg.rf.d5c5f87984fc7295fe7f1ed4a673adbb.jpg,,0,0,no_caries,no_caries,0.8208,0.82077,0.02122,0.13944,0.01857
crops/hibogi_ai_02007_png_9.jpg,hibogi_ai_02007_png,HIBOGI_AI_02007_png_jpg.rf.d5c5f87984fc7295fe7f1ed4a673adbb.jpg,,0,0,no_caries,no_caries,0.8521,0.85207,0.02156,0.10593,0.02044
crops/hibogi_ai_02032_png_0.jpg,hibogi_ai_02032_png,HIBOGI_AI_02032_png_jpg.rf.5c67069791dc8bd9858e0b7ff1d18677.jpg,,3,0,moderate,advanced,0.596,0.00331,0.00859,0.3921,0.596
crops/hibogi_ai_02032_png_1.jpg,hibogi_ai_02032_png,HIBOGI_AI_02032_png_jpg.rf.5c67069791dc8bd9858e0b7ff1d18677.jpg,,3,0,moderate,moderate,0.4659,0.24504,0.26949,0.4659,0.01957
crops/hibogi_ai_02032_png_2.jpg,hibogi_ai_02032_png,HIBOGI_AI_02032_png_jpg.rf.5c67069791dc8bd9858e0b7ff1d18677.jpg,,0,0,no_caries,no_caries,0.7307,0.7307,0.03304,0.10705,0.12922
crops/hibogi_ai_02032_png_3.jpg,hibogi_ai_02032_png,HIBOGI_AI_02032_png_jpg.rf.5c67069791dc8bd9858e0b7ff1d18677.jpg,,0,0,no_caries,no_caries,0.8147,0.81472,0.02485,0.08154,0.07888
crops/hibogi_ai_02032_png_4.jpg,hibogi_ai_02032_png,HIBOGI_AI_02032_png_jpg.rf.5c67069791dc8bd9858e0b7ff1d18677.jpg,,0,0,no_caries,no_caries,0.7359,0.73593,0.04372,0.11073,0.10963
crops/hibogi_ai_02032_png_5.jpg,hibogi_ai_02032_png,HIBOGI_AI_02032_png_jpg.rf.5c67069791dc8bd9858e0b7ff1d18677.jpg,,0,0,no_caries,no_caries,0.7255,0.72555,0.10517,0.11334,0.05594
crops/hibogi_ai_02032_png_6.jpg,hibogi_ai_02032_png,HIBOGI_AI_02032_png_jpg.rf.5c67069791dc8bd9858e0b7ff1d18677.jpg,,3,0,moderate,moderate,0.8944,0.04104,0.06041,0.89442,0.00414
crops/hibogi_ai_02032_png_7.jpg,hibogi_ai_02032_png,HIBOGI_AI_02032_png_jpg.rf.5c67069791dc8bd9858e0b7ff1d18677.jpg,,3,0,moderate,advanced,0.6197,0.00911,0.00667,0.36456,0.61965
crops/hibogi_ai_02032_png_8.jpg,hibogi_ai_02032_png,HIBOGI_AI_02032_png_jpg.rf.5c67069791dc8bd9858e0b7ff1d18677.jpg,,0,0,no_caries,no_caries,0.7769,0.77694,0.03149,0.13979,0.05178
crops/hibogi_ai_02032_png_9.jpg,hibogi_ai_02032_png,HIBOGI_AI_02032_png_jpg.rf.5c67069791dc8bd9858e0b7ff1d18677.jpg,,0,0,no_caries,no_caries,0.7345,0.73446,0.04475,0.18774,0.03305
crops/hibogi_ai_02032_png_10.jpg,hibogi_ai_02032_png,HIBOGI_AI_02032_png_jpg.rf.5c67069791dc8bd9858e0b7ff1d18677.jpg,,0,0,no_caries,moderate,0.5969,0.00366,0.00575,0.59689,0.3937
crops/hibogi_ai_02032_png_11.jpg,hibogi_ai_02032_png,HIBOGI_AI_02032_png_jpg.rf.5c67069791dc8bd9858e0b7ff1d18677.jpg,,0,0,no_caries,moderate,0.6111,0.29641,0.00739,0.61111,0.08509
crops/hibogi_ai_02032_png_12.jpg,hibogi_ai_02032_png,HIBOGI_AI_02032_png_jpg.rf.5c67069791dc8bd9858e0b7ff1d18677.jpg,,0,0,no_caries,moderate,0.5103,0.42131,0.01536,0.5103,0.05303
crops/hibogi_ai_02032_png_14.jpg,hibogi_ai_02032_png,HIBOGI_AI_02032_png_jpg.rf.5c67069791dc8bd9858e0b7ff1d18677.jpg,,0,0,no_caries,no_caries,0.5945,0.59448,0.09138,0.17799,0.13615
crops/hibogi_ai_02032_png_15.jpg,hibogi_ai_02032_png,HIBOGI_AI_02032_png_jpg.rf.5c67069791dc8bd9858e0b7ff1d18677.jpg,,0,0,no_caries,no_caries,0.4007,0.40067,0.10345,0.12013,0.37575
crops/hibogi_ai_02032_png_16.jpg,hibogi_ai_02032_png,HIBOGI_AI_02032_png_jpg.rf.5c67069791dc8bd9858e0b7ff1d18677.jpg,,3,0,moderate,no_caries,0.7806,0.78059,0.0277,0.119,0.07271
crops/hibogi_ai_02032_png_17.jpg,hibogi_ai_02032_png,HIBOGI_AI_02032_png_jpg.rf.5c67069791dc8bd9858e0b7ff1d18677.jpg,,3,0,moderate,no_caries,0.7921,0.79209,0.0574,0.11562,0.03488
crops/hibogi_ai_02032_png_18.jpg,hibogi_ai_02032_png,HIBOGI_AI_02032_png_jpg.rf.5c67069791dc8bd9858e0b7ff1d18677.jpg,,3,0,moderate,moderate,0.7761,0.15317,0.03871,0.77613,0.03199
crops/hibogi_ai_02032_png_19.jpg,hibogi_ai_02032_png,HIBOGI_AI_02032_png_jpg.rf.5c67069791dc8bd9858e0b7ff1d18677.jpg,,3,0,moderate,moderate,0.6782,0.214,0.05845,0.67817,0.04938
crops/hibogi_ai_02032_png_20.jpg,hibogi_ai_02032_png,HIBOGI_AI_02032_png_jpg.rf.5c67069791dc8bd9858e0b7ff1d18677.jpg,,3,0,moderate,no_caries,0.496,0.49601,0.04213,0.21983,0.24203
crops/hibogi_ai_02032_png_21.jpg,hibogi_ai_02032_png,HIBOGI_AI_02032_png_jpg.rf.5c67069791dc8bd9858e0b7ff1d18677.jpg,,3,0,moderate,advanced,0.3982,0.1767,0.13939,0.28573,0.39818
crops/hibogi_ai_02046_png_0.jpg,hibogi_ai_02046_png,HIBOGI_AI_02046_png_jpg.rf.3d317f12a083370afe7ee3a6f64df670.jpg,,0,0,no_caries,no_caries,0.4651,0.46511,0.28469,0.17967,0.07054
crops/hibogi_ai_02046_png_1.jpg,hibogi_ai_02046_png,HIBOGI_AI_02046_png_jpg.rf.3d317f12a083370afe7ee3a6f64df670.jpg,,4,0,moderate,mild,0.5316,0.34961,0.53162,0.09486,0.02391
crops/hibogi_ai_02046_png_2.jpg,hibogi_ai_02046_png,HIBOGI_AI_02046_png_jpg.rf.3d317f12a083370afe7ee3a6f64df670.jpg,,0,0,no_caries,no_caries,0.787,0.78702,0.06388,0.07528,0.07382
crops/hibogi_ai_02046_png_3.jpg,hibogi_ai_02046_png,HIBOGI_AI_02046_png_jpg.rf.3d317f12a083370afe7ee3a6f64df670.jpg,,0,0,no_caries,no_caries,0.5986,0.59859,0.35383,0.02705,0.02053
crops/hibogi_ai_02046_png_4.jpg,hibogi_ai_02046_png,HIBOGI_AI_02046_png_jpg.rf.3d317f12a083370afe7ee3a6f64df670.jpg,,0,0,no_caries,no_caries,0.555,0.55505,0.37071,0.05234,0.0219
crops/hibogi_ai_02046_png_5.jpg,hibogi_ai_02046_png,HIBOGI_AI_02046_png_jpg.rf.3d317f12a083370afe7ee3a6f64df670.jpg,,0,0,no_caries,no_caries,0.5822,0.58218,0.30162,0.08706,0.02914
crops/hibogi_ai_02046_png_6.jpg,hibogi_ai_02046_png,HIBOGI_AI_02046_png_jpg.rf.3d317f12a083370afe7ee3a6f64df670.jpg,,3,0,moderate,no_caries,0.6048,0.60484,0.28432,0.08427,0.02657
crops/hibogi_ai_02046_png_7.jpg,hibogi_ai_02046_png,HIBOGI_AI_02046_png_jpg.rf.3d317f12a083370afe7ee3a6f64df670.jpg,,0,0,no_caries,no_caries,0.7151,0.7151,0.18702,0.07193,0.02596
crops/hibogi_ai_02046_png_8.jpg,hibogi_ai_02046_png,HIBOGI_AI_02046_png_jpg.rf.3d317f12a083370afe7ee3a6f64df670.jpg,,0,0,no_caries,no_caries,0.7936,0.79355,0.06525,0.07615,0.06504
crops/hibogi_ai_02046_png_9.jpg,hibogi_ai_02046_png,HIBOGI_AI_02046_png_jpg.rf.3d317f12a083370afe7ee3a6f64df670.jpg,,0,0,no_caries,moderate,0.4752,0.13398,0.30039,0.47523,0.09039
crops/hibogi_ai_02046_png_10.jpg,hibogi_ai_02046_png,HIBOGI_AI_02046_png_jpg.rf.3d317f12a083370afe7ee3a6f64df670.jpg,,0,0,no_caries,no_caries,0.6348,0.63481,0.22611,0.05682,0.08226
crops/hibogi_ai_02046_png_11.jpg,hibogi_ai_02046_png,HIBOGI_AI_02046_png_jpg.rf.3d317f12a083370afe7ee3a6f64df670.jpg,,0,0,no_caries,no_caries,0.8817,0.88169,0.0184,0.07099,0.02892
crops/hibogi_ai_02046_png_12.jpg,hibogi_ai_02046_png,HIBOGI_AI_02046_png_jpg.rf.3d317f12a083370afe7ee3a6f64df670.jpg,,0,0,no_caries,no_caries,0.7258,0.72582,0.05357,0.13319,0.08743
crops/hibogi_ai_02067_png_0.jpg,hibogi_ai_02067_png,HIBOGI_AI_02067_png_jpg.rf.836754ef34b5acc48d5cf4bc15a62388.jpg,,0,0,no_caries,no_caries,0.7427,0.74267,0.06978,0.12366,0.06389
crops/hibogi_ai_02067_png_1.jpg,hibogi_ai_02067_png,HIBOGI_AI_02067_png_jpg.rf.836754ef34b5acc48d5cf4bc15a62388.jpg,,0,0,no_caries,no_caries,0.6684,0.66836,0.19217,0.06957,0.06989
crops/hibogi_ai_02067_png_2.jpg,hibogi_ai_02067_png,HIBOGI_AI_02067_png_jpg.rf.836754ef34b5acc48d5cf4bc15a62388.jpg,,0,0,no_caries,no_caries,0.6306,0.63062,0.2755,0.06487,0.02902
crops/hibogi_ai_02067_png_3.jpg,hibogi_ai_02067_png,HIBOGI_AI_02067_png_jpg.rf.836754ef34b5acc48d5cf4bc15a62388.jpg,,0,0,no_caries,no_caries,0.8074,0.80738,0.06274,0.08778,0.0421
crops/hibogi_ai_02067_png_4.jpg,hibogi_ai_02067_png,HIBOGI_AI_02067_png_jpg.rf.836754ef34b5acc48d5cf4bc15a62388.jpg,,0,0,no_caries,no_caries,0.6898,0.68982,0.20055,0.06899,0.04064
crops/hibogi_ai_02067_png_5.jpg,hibogi_ai_02067_png,HIBOGI_AI_02067_png_jpg.rf.836754ef34b5acc48d5cf4bc15a62388.jpg,,0,0,no_caries,no_caries,0.7268,0.72681,0.11556,0.10586,0.05177
crops/hibogi_ai_02067_png_6.jpg,hibogi_ai_02067_png,HIBOGI_AI_02067_png_jpg.rf.836754ef34b5acc48d5cf4bc15a62388.jpg,,0,0,no_caries,no_caries,0.6821,0.68214,0.06957,0.16423,0.08406
crops/hibogi_ai_02067_png_7.jpg,hibogi_ai_02067_png,HIBOGI_AI_02067_png_jpg.rf.836754ef34b5acc48d5cf4bc15a62388.jpg,,0,0,no_caries,no_caries,0.8108,0.81076,0.03901,0.06946,0.08077
crops/hibogi_ai_02067_png_8.jpg,hibogi_ai_02067_png,HIBOGI_AI_02067_png_jpg.rf.836754ef34b5acc48d5cf4bc15a62388.jpg,,0,0,no_caries,no_caries,0.4138,0.41384,0.39922,0.08157,0.10538
crops/hibogi_ai_02067_png_9.jpg,hibogi_ai_02067_png,HIBOGI_AI_02067_png_jpg.rf.836754ef34b5acc48d5cf4bc15a62388.jpg,,0,0,no_caries,no_caries,0.6829,0.68287,0.18212,0.07811,0.05691
crops/hibogi_ai_02067_png_10.jpg,hibogi_ai_02067_png,HIBOGI_AI_02067_png_jpg.rf.836754ef34b5acc48d5cf4bc15a62388.jpg,,0,0,no_caries,no_caries,0.6102,0.61017,0.20035,0.08696,0.10252
crops/hibogi_ai_02067_png_11.jpg,hibogi_ai_02067_png,HIBOGI_AI_02067_png_jpg.rf.836754ef34b5acc48d5cf4bc15a62388.jpg,,0,0,no_caries,no_caries,0.4608,0.46076,0.25175,0.21329,0.07421
crops/hibogi_ai_02067_png_12.jpg,hibogi_ai_02067_png,HIBOGI_AI_02067_png_jpg.rf.836754ef34b5acc48d5cf4bc15a62388.jpg,,0,0,no_caries,advanced,0.5331,0.30283,0.05648,0.10761,0.53309
crops/hibogi_ai_02069_png_0.jpg,hibogi_ai_02069_png,HIBOGI_AI_02069_png_jpg.rf.815b0c3f1a4c59c2f2fa6662c65983df.jpg,,0,0,no_caries,no_caries,0.6896,0.68956,0.18973,0.06973,0.05098
crops/hibogi_ai_02069_png_1.jpg,hibogi_ai_02069_png,HIBOGI_AI_02069_png_jpg.rf.815b0c3f1a4c59c2f2fa6662c65983df.jpg,,0,0,no_caries,no_caries,0.7561,0.75607,0.12922,0.06519,0.04952
crops/hibogi_ai_02069_png_2.jpg,hibogi_ai_02069_png,HIBOGI_AI_02069_png_jpg.rf.815b0c3f1a4c59c2f2fa6662c65983df.jpg,,0,0,no_caries,no_caries,0.8411,0.84107,0.02941,0.06996,0.05956
crops/hibogi_ai_02069_png_3.jpg,hibogi_ai_02069_png,HIBOGI_AI_02069_png_jpg.rf.815b0c3f1a4c59c2f2fa6662c65983df.jpg,,0,0,no_caries,no_caries,0.7733,0.77326,0.1234,0.05229,0.05105
crops/hibogi_ai_02069_png_4.jpg,hibogi_ai_02069_png,HIBOGI_AI_02069_png_jpg.rf.815b0c3f1a4c59c2f2fa6662c65983df.jpg,,0,0,no_caries,no_caries,0.5442,0.54419,0.08294,0.2101,0.16278
crops/hibogi_ai_02069_png_5.jpg,hibogi_ai_02069_png,HIBOGI_AI_02069_png_jpg.rf.815b0c3f1a4c59c2f2fa6662c65983df.jpg,,0,0,no_caries,no_caries,0.5189,0.51893,0.1178,0.2046,0.15866
crops/hibogi_ai_02069_png_6.jpg,hibogi_ai_02069_png,HIBOGI_AI_02069_png_jpg.rf.815b0c3f1a4c59c2f2fa6662c65983df.jpg,,0,0,no_caries,no_caries,0.8266,0.82658,0.04498,0.09676,0.03168
crops/hibogi_ai_02069_png_7.jpg,hibogi_ai_02069_png,HIBOGI_AI_02069_png_jpg.rf.815b0c3f1a4c59c2f2fa6662c65983df.jpg,,0,0,no_caries,no_caries,0.7649,0.7649,0.0595,0.11387,0.06173
crops/hibogi_ai_02069_png_8.jpg,hibogi_ai_02069_png,HIBOGI_AI_02069_png_jpg.rf.815b0c3f1a4c59c2f2fa6662c65983df.jpg,,1,0,mild,no_caries,0.8202,0.82023,0.0499,0.0819,0.04797
crops/hibogi_ai_02069_png_9.jpg,hibogi_ai_02069_png,HIBOGI_AI_02069_png_jpg.rf.815b0c3f1a4c59c2f2fa6662c65983df.jpg,,0,0,no_caries,no_caries,0.766,0.76597,0.05342,0.14193,0.03868
crops/hibogi_ai_02069_png_10.jpg,hibogi_ai_02069_png,HIBOGI_AI_02069_png_jpg.rf.815b0c3f1a4c59c2f2fa6662c65983df.jpg,,0,0,no_caries,no_caries,0.803,0.80296,0.03141,0.11613,0.0495
crops/hibogi_ai_02069_png_11.jpg,hibogi_ai_02069_png,HIBOGI_AI_02069_png_jpg.rf.815b0c3f1a4c59c2f2fa6662c65983df.jpg,,0,0,no_caries,no_caries,0.8054,0.80536,0.06468,0.09154,0.03843
crops/hibogi_ai_02075_png_0.jpg,hibogi_ai_02075_png,HIBOGI_AI_02075_png_jpg.rf.062b0e3a5e38062d6d3f165ab6a20790.jpg,,6,0,advanced,advanced,0.9449,0.00355,0.02226,0.02931,0.94487
crops/hibogi_ai_02075_png_1.jpg,hibogi_ai_02075_png,HIBOGI_AI_02075_png_jpg.rf.062b0e3a5e38062d6d3f165ab6a20790.jpg,,0,0,no_caries,no_caries,0.6176,0.61764,0.2731,0.0465,0.06276
crops/hibogi_ai_02075_png_2.jpg,hibogi_ai_02075_png,HIBOGI_AI_02075_png_jpg.rf.062b0e3a5e38062d6d3f165ab6a20790.jpg,,0,0,no_caries,no_caries,0.4741,0.47405,0.45308,0.03414,0.03872
crops/hibogi_ai_02075_png_3.jpg,hibogi_ai_02075_png,HIBOGI_AI_02075_png_jpg.rf.062b0e3a5e38062d6d3f165ab6a20790.jpg,,0,0,no_caries,mild,0.4713,0.15619,0.47126,0.08818,0.28436
crops/hibogi_ai_02075_png_4.jpg,hibogi_ai_02075_png,HIBOGI_AI_02075_png_jpg.rf.062b0e3a5e38062d6d3f165ab6a20790.jpg,,5,0,advanced,advanced,0.4106,0.08762,0.26574,0.23605,0.41059
crops/hibogi_ai_02075_png_5.jpg,hibogi_ai_02075_png,HIBOGI_AI_02075_png_jpg.rf.062b0e3a5e38062d6d3f165ab6a20790.jpg,,1,0,mild,mild,0.3635,0.33826,0.36353,0.15422,0.14399
crops/hibogi_ai_02075_png_6.jpg,hibogi_ai_02075_png,HIBOGI_AI_02075_png_jpg.rf.062b0e3a5e38062d6d3f165ab6a20790.jpg,,0,0,no_caries,mild,0.4188,0.16387,0.41881,0.21752,0.19979
crops/hibogi_ai_02075_png_7.jpg,hibogi_ai_02075_png,HIBOGI_AI_02075_png_jpg.rf.062b0e3a5e38062d6d3f165ab6a20790.jpg,,0,0,no_caries,no_caries,0.763,0.763,0.08006,0.0684,0.08854
crops/hibogi_ai_02075_png_8.jpg,hibogi_ai_02075_png,HIBOGI_AI_02075_png_jpg.rf.062b0e3a5e38062d6d3f165ab6a20790.jpg,,0,0,no_caries,no_caries,0.8207,0.82069,0.01851,0.07024,0.09056
crops/hibogi_ai_02075_png_9.jpg,hibogi_ai_02075_png,HIBOGI_AI_02075_png_jpg.rf.062b0e3a5e38062d6d3f165ab6a20790.jpg,,0,0,no_caries,no_caries,0.8111,0.81111,0.02582,0.07357,0.0895
crops/hibogi_ai_02075_png_10.jpg,hibogi_ai_02075_png,HIBOGI_AI_02075_png_jpg.rf.062b0e3a5e38062d6d3f165ab6a20790.jpg,,0,0,no_caries,no_caries,0.7367,0.73666,0.0828,0.08108,0.09945
crops/hibogi_ai_02075_png_11.jpg,hibogi_ai_02075_png,HIBOGI_AI_02075_png_jpg.rf.062b0e3a5e38062d6d3f165ab6a20790.jpg,,0,0,no_caries,no_caries,0.7321,0.73209,0.02017,0.13967,0.10807
crops/hibogi_ai_02075_png_12.jpg,hibogi_ai_02075_png,HIBOGI_AI_02075_png_jpg.rf.062b0e3a5e38062d6d3f165ab6a20790.jpg,,2,0,mild,advanced,0.8538,0.00474,0.1141,0.0274,0.85376
crops/hibogi_ai_02075_png_13.jpg,hibogi_ai_02075_png,HIBOGI_AI_02075_png_jpg.rf.062b0e3a5e38062d6d3f165ab6a20790.jpg,,2,0,mild,advanced,0.6351,0.08628,0.23868,0.03993,0.63511
crops/hibogi_ai_02075_png_14.jpg,hibogi_ai_02075_png,HIBOGI_AI_02075_png_jpg.rf.062b0e3a5e38062d6d3f165ab6a20790.jpg,,4,0,moderate,advanced,0.58,0.05525,0.1884,0.17637,0.57998
crops/hibogi_ai_02083_png_0.jpg,hibogi_ai_02083_png,HIBOGI_AI_02083_png_jpg.rf.0c2b35a757a37d06f52f95066e357d88.jpg,,0,0,no_caries,no_caries,0.8149,0.81489,0.02416,0.11733,0.04361
crops/hibogi_ai_02083_png_1.jpg,hibogi_ai_02083_png,HIBOGI_AI_02083_png_jpg.rf.0c2b35a757a37d06f52f95066e357d88.jpg,,0,0,no_caries,no_caries,0.6818,0.6818,0.03916,0.1637,0.11533
crops/hibogi_ai_02083_png_2.jpg,hibogi_ai_02083_png,HIBOGI_AI_02083_png_jpg.rf.0c2b35a757a37d06f52f95066e357d88.jpg,,0,0,no_caries,no_caries,0.7459,0.74594,0.05333,0.10296,0.09778
crops/hibogi_ai_02083_png_3.jpg,hibogi_ai_02083_png,HIBOGI_AI_02083_png_jpg.rf.0c2b35a757a37d06f52f95066e357d88.jpg,,5,0,advanced,advanced,0.95,0.00368,0.00474,0.04161,0.94996
crops/hibogi_ai_02083_png_4.jpg,hibogi_ai_02083_png,HIBOGI_AI_02083_png_jpg.rf.0c2b35a757a37d06f52f95066e357d88.jpg,,5,0,advanced,advanced,0.6301,0.19191,0.02042,0.15757,0.63009
crops/hibogi_ai_02083_png_5.jpg,hibogi_ai_02083_png,HIBOGI_AI_02083_png_jpg.rf.0c2b35a757a37d06f52f95066e357d88.jpg,,0,0,no_caries,no_caries,0.8055,0.8055,0.03954,0.09449,0.06047
crops/hibogi_ai_02083_png_6.jpg,hibogi_ai_02083_png,HIBOGI_AI_02083_png_jpg.rf.0c2b35a757a37d06f52f95066e357d88.jpg,,0,0,no_caries,no_caries,0.7554,0.75535,0.11461,0.07918,0.05086
crops/hibogi_ai_02083_png_7.jpg,hibogi_ai_02083_png,HIBOGI_AI_02083_png_jpg.rf.0c2b35a757a37d06f52f95066e357d88.jpg,,0,0,no_caries,no_caries,0.7075,0.70752,0.07449,0.15496,0.06303
crops/hibogi_ai_02083_png_8.jpg,hibogi_ai_02083_png,HIBOGI_AI_02083_png_jpg.rf.0c2b35a757a37d06f52f95066e357d88.jpg,,0,0,no_caries,no_caries,0.7361,0.73606,0.05854,0.0931,0.1123
crops/hibogi_ai_02083_png_9.jpg,hibogi_ai_02083_png,HIBOGI_AI_02083_png_jpg.rf.0c2b35a757a37d06f52f95066e357d88.jpg,,0,0,no_caries,no_caries,0.7317,0.73174,0.0921,0.08042,0.09573
crops/hibogi_ai_02083_png_10.jpg,hibogi_ai_02083_png,HIBOGI_AI_02083_png_jpg.rf.0c2b35a757a37d06f52f95066e357d88.jpg,,0,0,no_caries,no_caries,0.7744,0.77441,0.04519,0.12941,0.05099
crops/hibogi_ai_02083_png_11.jpg,hibogi_ai_02083_png,HIBOGI_AI_02083_png_jpg.rf.0c2b35a757a37d06f52f95066e357d88.jpg,,0,0,no_caries,no_caries,0.6485,0.64854,0.09132,0.20181,0.05834
crops/hibogi_ai_02083_png_12.jpg,hibogi_ai_02083_png,HIBOGI_AI_02083_png_jpg.rf.0c2b35a757a37d06f52f95066e357d88.jpg,,0,0,no_caries,no_caries,0.7845,0.78452,0.0415,0.10175,0.07222
crops/hibogi_ai_02083_png_13.jpg,hibogi_ai_02083_png,HIBOGI_AI_02083_png_jpg.rf.0c2b35a757a37d06f52f95066e357d88.jpg,,0,0,no_caries,no_caries,0.7733,0.77333,0.11959,0.05194,0.05515
crops/hibogi_ai_02083_png_14.jpg,hibogi_ai_02083_png,HIBOGI_AI_02083_png_jpg.rf.0c2b35a757a37d06f52f95066e357d88.jpg,,2,0,mild,no_caries,0.4354,0.43539,0.19038,0.27369,0.10055
crops/hibogi_ai_02083_png_15.jpg,hibogi_ai_02083_png,HIBOGI_AI_02083_png_jpg.rf.0c2b35a757a37d06f52f95066e357d88.jpg,,2,0,mild,no_caries,0.4701,0.47008,0.18032,0.29023,0.05937
crops/hibogi_ai_02085_png_0.jpg,hibogi_ai_02085_png,HIBOGI_AI_02085_png_jpg.rf.dea73c6040526028f777e7ae6f782b98.jpg,,0,0,no_caries,no_caries,0.7063,0.70628,0.11495,0.08272,0.09605
crops/hibogi_ai_02085_png_1.jpg,hibogi_ai_02085_png,HIBOGI_AI_02085_png_jpg.rf.dea73c6040526028f777e7ae6f782b98.jpg,,0,0,no_caries,no_caries,0.5463,0.54633,0.33594,0.07449,0.04325
crops/hibogi_ai_02085_png_2.jpg,hibogi_ai_02085_png,HIBOGI_AI_02085_png_jpg.rf.dea73c6040526028f777e7ae6f782b98.jpg,,0,0,no_caries,mild,0.4437,0.40336,0.44367,0.11195,0.04102
crops/hibogi_ai_02085_png_3.jpg,hibogi_ai_02085_png,HIBOGI_AI_02085_png_jpg.rf.dea73c6040526028f777e7ae6f782b98.jpg,,0,0,no_caries,mild,0.4534,0.43458,0.45341,0.05946,0.05254
crops/hibogi_ai_02085_png_4.jpg,hibogi_ai_02085_png,HIBOGI_AI_02085_png_jpg.rf.dea73c6040526028f777e7ae6f782b98.jpg,,0,0,no_caries,mild,0.3661,0.19871,0.3661,0.25093,0.18426
crops/hibogi_ai_02085_png_5.jpg,hibogi_ai_02085_png,HIBOGI_AI_02085_png_jpg.rf.dea73c6040526028f777e7ae6f782b98.jpg,,0,0,no_caries,mild,0.5881,0.0995,0.58806,0.0665,0.24594
crops/hibogi_ai_02085_png_6.jpg,hibogi_ai_02085_png,HIBOGI_AI_02085_png_jpg.rf.dea73c6040526028f777e7ae6f782b98.jpg,,0,0,no_caries,mild,0.4714,0.35409,0.47136,0.08993,0.08462
crops/hibogi_ai_02085_png_7.jpg,hibogi_ai_02085_png,HIBOGI_AI_02085_png_jpg.rf.dea73c6040526028f777e7ae6f782b98.jpg,,0,0,no_caries,mild,0.4915,0.31183,0.49147,0.07962,0.11707
crops/hibogi_ai_02085_png_8.jpg,hibogi_ai_02085_png,HIBOGI_AI_02085_png_jpg.rf.dea73c6040526028f777e7ae6f782b98.jpg,,0,0,no_caries,no_caries,0.5011,0.50115,0.29913,0.08653,0.11319
crops/hibogi_ai_02085_png_9.jpg,hibogi_ai_02085_png,HIBOGI_AI_02085_png_jpg.rf.dea73c6040526028f777e7ae6f782b98.jpg,,1,0,mild,mild,0.4619,0.41745,0.46189,0.07424,0.04642
crops/hibogi_ai_02085_png_10.jpg,hibogi_ai_02085_png,HIBOGI_AI_02085_png_jpg.rf.dea73c6040526028f777e7ae6f782b98.jpg,,1,0,mild,no_caries,0.6698,0.66983,0.18099,0.07318,0.076
crops/hibogi_ai_02144_png_0.jpg,hibogi_ai_02144_png,HIBOGI_AI_02144_png_jpg.rf.9ba579e25350e8fa6e23f35309904cba.jpg,,0,0,no_caries,no_caries,0.5669,0.56695,0.17428,0.22034,0.03843
crops/hibogi_ai_02144_png_1.jpg,hibogi_ai_02144_png,HIBOGI_AI_02144_png_jpg.rf.9ba579e25350e8fa6e23f35309904cba.jpg,,0,0,no_caries,no_caries,0.6421,0.64215,0.21224,0.09494,0.05067
crops/hibogi_ai_02144_png_2.jpg,hibogi_ai_02144_png,HIBOGI_AI_02144_png_jpg.rf.9ba579e25350e8fa6e23f35309904cba.jpg,,0,0,no_caries,no_caries,0.8188,0.81877,0.0957,0.05284,0.03269
crops/hibogi_ai_02144_png_3.jpg,hibogi_ai_02144_png,HIBOGI_AI_02144_png_jpg.rf.9ba579e25350e8fa6e23f35309904cba.jpg,,0,0,no_caries,no_caries,0.7195,0.71947,0.17271,0.0711,0.03673
crops/hibogi_ai_02144_png_4.jpg,hibogi_ai_02144_png,HIBOGI_AI_02144_png_jpg.rf.9ba579e25350e8fa6e23f35309904cba.jpg,,0,0,no_caries,mild,0.4524,0.43495,0.45243,0.08745,0.02516
crops/hibogi_ai_02144_png_5.jpg,hibogi_ai_02144_png,HIBOGI_AI_02144_png_jpg.rf.9ba579e25350e8fa6e23f35309904cba.jpg,,0,0,no_caries,mild,0.6007,0.17646,0.60075,0.19153,0.03126
crops/hibogi_ai_02144_png_6.jpg,hibogi_ai_02144_png,HIBOGI_AI_02144_png_jpg.rf.9ba579e25350e8fa6e23f35309904cba.jpg,,0,0,no_caries,no_caries,0.3817,0.38172,0.22592,0.33599,0.05637
crops/hibogi_ai_02144_png_7.jpg,hibogi_ai_02144_png,HIBOGI_AI_02144_png_jpg.rf.9ba579e25350e8fa6e23f35309904cba.jpg,,0,0,no_caries,no_caries,0.6212,0.62123,0.15464,0.1438,0.08033
crops/hibogi_ai_02144_png_8.jpg,hibogi_ai_02144_png,HIBOGI_AI_02144_png_jpg.rf.9ba579e25350e8fa6e23f35309904cba.jpg,,0,0,no_caries,no_caries,0.762,0.76204,0.09613,0.06838,0.07345
crops/hibogi_ai_02144_png_9.jpg,hibogi_ai_02144_png,HIBOGI_AI_02144_png_jpg.rf.9ba579e25350e8fa6e23f35309904cba.jpg,,0,0,no_caries,no_caries,0.767,0.767,0.11365,0.05191,0.06744
crops/hibogi_ai_02144_png_10.jpg,hibogi_ai_02144_png,HIBOGI_AI_02144_png_jpg.rf.9ba579e25350e8fa6e23f35309904cba.jpg,,0,0,no_caries,no_caries,0.8206,0.82056,0.07642,0.05264,0.05039
crops/hibogi_ai_02144_png_11.jpg,hibogi_ai_02144_png,HIBOGI_AI_02144_png_jpg.rf.9ba579e25350e8fa6e23f35309904cba.jpg,,0,0,no_caries,no_caries,0.6733,0.67335,0.20345,0.069,0.05421
crops/hibogi_ai_02144_png_12.jpg,hibogi_ai_02144_png,HIBOGI_AI_02144_png_jpg.rf.9ba579e25350e8fa6e23f35309904cba.jpg,,0,0,no_caries,mild,0.4318,0.41189,0.43178,0.12057,0.03576
crops/hibogi_ai_02144_png_13.jpg,hibogi_ai_02144_png,HIBOGI_AI_02144_png_jpg.rf.9ba579e25350e8fa6e23f35309904cba.jpg,,0,0,no_caries,mild,0.5676,0.33047,0.56764,0.04927,0.05261
crops/hibogi_ai_02144_png_14.jpg,hibogi_ai_02144_png,HIBOGI_AI_02144_png_jpg.rf.9ba579e25350e8fa6e23f35309904cba.jpg,,0,0,no_caries,advanced,0.3783,0.3547,0.20645,0.06052,0.37832
crops/hibogi_ai_02144_png_15.jpg,hibogi_ai_02144_png,HIBOGI_AI_02144_png_jpg.rf.9ba579e25350e8fa6e23f35309904cba.jpg,,0,0,no_caries,moderate,0.3669,0.36569,0.20113,0.36687,0.06631
crops/hibogi_ai_02150_png_0.jpg,hibogi_ai_02150_png,HIBOGI_AI_02150_png_jpg.rf.01794b7b76993df8606242b504df4eb3.jpg,,0,0,no_caries,no_caries,0.5993,0.5993,0.05856,0.15858,0.18355
crops/hibogi_ai_02150_png_1.jpg,hibogi_ai_02150_png,HIBOGI_AI_02150_png_jpg.rf.01794b7b76993df8606242b504df4eb3.jpg,,5,0,advanced,advanced,0.968,0.00584,0.01129,0.01482,0.96804
crops/hibogi_ai_02150_png_2.jpg,hibogi_ai_02150_png,HIBOGI_AI_02150_png_jpg.rf.01794b7b76993df8606242b504df4eb3.jpg,,0,0,no_caries,no_caries,0.6472,0.64722,0.25409,0.05788,0.04081
crops/hibogi_ai_02150_png_3.jpg,hibogi_ai_02150_png,HIBOGI_AI_02150_png_jpg.rf.01794b7b76993df8606242b504df4eb3.jpg,,0,0,no_caries,no_caries,0.5523,0.55232,0.24317,0.16041,0.0441
crops/hibogi_ai_02150_png_4.jpg,hibogi_ai_02150_png,HIBOGI_AI_02150_png_jpg.rf.01794b7b76993df8606242b504df4eb3.jpg,,0,0,no_caries,no_caries,0.682,0.682,0.20598,0.08929,0.02272
crops/hibogi_ai_02150_png_5.jpg,hibogi_ai_02150_png,HIBOGI_AI_02150_png_jpg.rf.01794b7b76993df8606242b504df4eb3.jpg,,0,0,no_caries,no_caries,0.8754,0.87542,0.03918,0.05804,0.02736
crops/hibogi_ai_02150_png_6.jpg,hibogi_ai_02150_png,HIBOGI_AI_02150_png_jpg.rf.01794b7b76993df8606242b504df4eb3.jpg,,0,0,no_caries,no_caries,0.6944,0.69444,0.18302,0.04336,0.07919
crops/hibogi_ai_02150_png_7.jpg,hibogi_ai_02150_png,HIBOGI_AI_02150_png_jpg.rf.01794b7b76993df8606242b504df4eb3.jpg,,0,0,no_caries,no_caries,0.5151,0.5151,0.10968,0.26027,0.11495
crops/hibogi_ai_02150_png_8.jpg,hibogi_ai_02150_png,HIBOGI_AI_02150_png_jpg.rf.01794b7b76993df8606242b504df4eb3.jpg,,0,0,no_caries,no_caries,0.7122,0.71224,0.0795,0.1561,0.05216
crops/hibogi_ai_02150_png_9.jpg,hibogi_ai_02150_png,HIBOGI_AI_02150_png_jpg.rf.01794b7b76993df8606242b504df4eb3.jpg,,0,0,no_caries,no_caries,0.8113,0.81131,0.07568,0.04701,0.066
crops/hibogi_ai_02150_png_10.jpg,hibogi_ai_02150_png,HIBOGI_AI_02150_png_jpg.rf.01794b7b76993df8606242b504df4eb3.jpg,,0,0,no_caries,no_caries,0.8035,0.80346,0.06768,0.09743,0.03143
crops/hibogi_ai_02150_png_11.jpg,hibogi_ai_02150_png,HIBOGI_AI_02150_png_jpg.rf.01794b7b76993df8606242b504df4eb3.jpg,,0,0,no_caries,no_caries,0.7709,0.77091,0.04216,0.13674,0.05019
crops/hibogi_ai_02150_png_12.jpg,hibogi_ai_02150_png,HIBOGI_AI_02150_png_jpg.rf.01794b7b76993df8606242b504df4eb3.jpg,,0,0,no_caries,no_caries,0.7718,0.77184,0.03455,0.13099,0.06262
crops/hibogi_ai_02150_png_13.jpg,hibogi_ai_02150_png,HIBOGI_AI_02150_png_jpg.rf.01794b7b76993df8606242b504df4eb3.jpg,,0,0,no_caries,no_caries,0.8202,0.82017,0.04951,0.07225,0.05807
crops/hibogi_ai_02150_png_14.jpg,hibogi_ai_02150_png,HIBOGI_AI_02150_png_jpg.rf.01794b7b76993df8606242b504df4eb3.jpg,,0,0,no_caries,no_caries,0.7667,0.76667,0.06489,0.06528,0.10316
crops/hibogi_ai_02150_png_15.jpg,hibogi_ai_02150_png,HIBOGI_AI_02150_png_jpg.rf.01794b7b76993df8606242b504df4eb3.jpg,,3,0,moderate,no_caries,0.544,0.544,0.10054,0.32141,0.03405
crops/hibogi_ai_02168_png_0.jpg,hibogi_ai_02168_png,HIBOGI_AI_02168_png_jpg.rf.d21cffe084c6cd7ee9ac4f13ce3b7b05.jpg,,0,0,no_caries,no_caries,0.6719,0.67186,0.12493,0.12078,0.08243
crops/hibogi_ai_02168_png_1.jpg,hibogi_ai_02168_png,HIBOGI_AI_02168_png_jpg.rf.d21cffe084c6cd7ee9ac4f13ce3b7b05.jpg,,0,0,no_caries,no_caries,0.7699,0.76986,0.07562,0.07092,0.0836
crops/hibogi_ai_02168_png_2.jpg,hibogi_ai_02168_png,HIBOGI_AI_02168_png_jpg.rf.d21cffe084c6cd7ee9ac4f13ce3b7b05.jpg,,0,0,no_caries,mild,0.5617,0.20456,0.56169,0.04894,0.18481
crops/hibogi_ai_02168_png_3.jpg,hibogi_ai_02168_png,HIBOGI_AI_02168_png_jpg.rf.d21cffe084c6cd7ee9ac4f13ce3b7b05.jpg,,0,0,no_caries,no_caries,0.745,0.74503,0.09097,0.07459,0.08941
crops/hibogi_ai_02168_png_4.jpg,hibogi_ai_02168_png,HIBOGI_AI_02168_png_jpg.rf.d21cffe084c6cd7ee9ac4f13ce3b7b05.jpg,,0,0,no_caries,no_caries,0.6391,0.63908,0.09826,0.09705,0.1656
crops/hibogi_ai_02168_png_5.jpg,hibogi_ai_02168_png,HIBOGI_AI_02168_png_jpg.rf.d21cffe084c6cd7ee9ac4f13ce3b7b05.jpg,,0,0,no_caries,no_caries,0.8013,0.8013,0.04472,0.10071,0.05327
crops/hibogi_ai_02168_png_6.jpg,hibogi_ai_02168_png,HIBOGI_AI_02168_png_jpg.rf.d21cffe084c6cd7ee9ac4f13ce3b7b05.jpg,,0,0,no_caries,no_caries,0.4963,0.49631,0.31282,0.10868,0.0822
crops/hibogi_ai_02168_png_7.jpg,hibogi_ai_02168_png,HIBOGI_AI_02168_png_jpg.rf.d21cffe084c6cd7ee9ac4f13ce3b7b05.jpg,,0,0,no_caries,no_caries,0.7337,0.73366,0.139,0.07302,0.05432
crops/hibogi_ai_02168_png_8.jpg,hibogi_ai_02168_png,HIBOGI_AI_02168_png_jpg.rf.d21cffe084c6cd7ee9ac4f13ce3b7b05.jpg,,0,0,no_caries,no_caries,0.6831,0.68313,0.10845,0.15145,0.05697
crops/hibogi_ai_02175_png_0.jpg,hibogi_ai_02175_png,HIBOGI_AI_02175_png_jpg.rf.23e2a42ba99eef2408aba438a8d02e60.jpg,,0,0,no_caries,no_caries,0.7884,0.78838,0.0255,0.08277,0.10335
crops/hibogi_ai_02175_png_1.jpg,hibogi_ai_02175_png,HIBOGI_AI_02175_png_jpg.rf.23e2a42ba99eef2408aba438a8d02e60.jpg,,0,0,no_caries,no_caries,0.6413,0.64126,0.04516,0.06699,0.24659
crops/hibogi_ai_02175_png_2.jpg,hibogi_ai_02175_png,HIBOGI_AI_02175_png_jpg.rf.23e2a42ba99eef2408aba438a8d02e60.jpg,,0,0,no_caries,no_caries,0.7868,0.78676,0.06422,0.08346,0.06556
crops/hibogi_ai_02175_png_3.jpg,hibogi_ai_02175_png,HIBOGI_AI_02175_png_jpg.rf.23e2a42ba99eef2408aba438a8d02e60.jpg,,0,0,no_caries,no_caries,0.6802,0.68021,0.08341,0.16723,0.06914
crops/hibogi_ai_02175_png_4.jpg,hibogi_ai_02175_png,HIBOGI_AI_02175_png_jpg.rf.23e2a42ba99eef2408aba438a8d02e60.jpg,,0,0,no_caries,no_caries,0.8086,0.80858,0.03325,0.09009,0.06808
crops/hibogi_ai_02175_png_5.jpg,hibogi_ai_02175_png,HIBOGI_AI_02175_png_jpg.rf.23e2a42ba99eef2408aba438a8d02e60.jpg,,0,0,no_caries,no_caries,0.7682,0.76818,0.03203,0.13061,0.06919
crops/hibogi_ai_02175_png_6.jpg,hibogi_ai_02175_png,HIBOGI_AI_02175_png_jpg.rf.23e2a42ba99eef2408aba438a8d02e60.jpg,,0,0,no_caries,no_caries,0.5036,0.5036,0.09937,0.0627,0.33434
crops/hibogi_ai_02175_png_7.jpg,hibogi_ai_02175_png,HIBOGI_AI_02175_png_jpg.rf.23e2a42ba99eef2408aba438a8d02e60.jpg,,0,0,no_caries,no_caries,0.7587,0.75872,0.02125,0.18599,0.03404
crops/hibogi_ai_02175_png_8.jpg,hibogi_ai_02175_png,HIBOGI_AI_02175_png_jpg.rf.23e2a42ba99eef2408aba438a8d02e60.jpg,,0,0,no_caries,no_caries,0.7679,0.76787,0.03019,0.16841,0.03354
crops/hibogi_ai_02175_png_9.jpg,hibogi_ai_02175_png,HIBOGI_AI_02175_png_jpg.rf.23e2a42ba99eef2408aba438a8d02e60.jpg,,0,0,no_caries,no_caries,0.7802,0.78021,0.01196,0.14654,0.06128
crops/hibogi_ai_02175_png_10.jpg,hibogi_ai_02175_png,HIBOGI_AI_02175_png_jpg.rf.23e2a42ba99eef2408aba438a8d02e60.jpg,,0,0,no_caries,no_caries,0.7576,0.75761,0.04177,0.13788,0.06274
crops/hibogi_ai_02175_png_11.jpg,hibogi_ai_02175_png,HIBOGI_AI_02175_png_jpg.rf.23e2a42ba99eef2408aba438a8d02e60.jpg,,0,0,no_caries,no_caries,0.6735,0.67351,0.07351,0.16756,0.08543
crops/hibogi_ai_02175_png_12.jpg,hibogi_ai_02175_png,HIBOGI_AI_02175_png_jpg.rf.23e2a42ba99eef2408aba438a8d02e60.jpg,,0,0,no_caries,no_caries,0.8034,0.80336,0.01928,0.08971,0.08764
crops/hibogi_ai_02175_png_13.jpg,hibogi_ai_02175_png,HIBOGI_AI_02175_png_jpg.rf.23e2a42ba99eef2408aba438a8d02e60.jpg,,0,0,no_caries,no_caries,0.5752,0.57518,0.02181,0.16905,0.23396
crops/hibogi_ai_02180_png_0.jpg,hibogi_ai_02180_png,HIBOGI_AI_02180_png_jpg.rf.604f383b38ec38a3ab9e27176cacfa5d.jpg,,0,0,no_caries,no_caries,0.4868,0.4868,0.43023,0.03492,0.04804
crops/hibogi_ai_02180_png_1.jpg,hibogi_ai_02180_png,HIBOGI_AI_02180_png_jpg.rf.604f383b38ec38a3ab9e27176cacfa5d.jpg,,0,0,no_caries,no_caries,0.6789,0.67888,0.2346,0.04535,0.04117
crops/hibogi_ai_02180_png_2.jpg,hibogi_ai_02180_png,HIBOGI_AI_02180_png_jpg.rf.604f383b38ec38a3ab9e27176cacfa5d.jpg,,0,0,no_caries,advanced,0.3212,0.29058,0.20552,0.18268,0.32122
crops/hibogi_ai_02180_png_3.jpg,hibogi_ai_02180_png,HIBOGI_AI_02180_png_jpg.rf.604f383b38ec38a3ab9e27176cacfa5d.jpg,,2,0,mild,advanced,0.3642,0.01797,0.29748,0.32033,0.36422
crops/hibogi_ai_02180_png_4.jpg,hibogi_ai_02180_png,HIBOGI_AI_02180_png_jpg.rf.604f383b38ec38a3ab9e27176cacfa5d.jpg,,0,0,no_caries,no_caries,0.5553,0.55532,0.16827,0.22683,0.04958
crops/hibogi_ai_02180_png_5.jpg,hibogi_ai_02180_png,HIBOGI_AI_02180_png_jpg.rf.604f383b38ec38a3ab9e27176cacfa5d.jpg,,0,0,no_caries,mild,0.4031,0.3938,0.40314,0.16654,0.03653
crops/hibogi_ai_02180_png_6.jpg,hibogi_ai_02180_png,HIBOGI_AI_02180_png_jpg.rf.604f383b38ec38a3ab9e27176cacfa5d.jpg,,0,0,no_caries,no_caries,0.8305,0.83049,0.04562,0.08143,0.04245
crops/hibogi_ai_02180_png_7.jpg,hibogi_ai_02180_png,HIBOGI_AI_02180_png_jpg.rf.604f383b38ec38a3ab9e27176cacfa5d.jpg,,0,0,no_caries,no_caries,0.8554,0.85537,0.03805,0.06362,0.04296
crops/hibogi_ai_02180_png_8.jpg,hibogi_ai_02180_png,HIBOGI_AI_02180_png_jpg.rf.604f383b38ec38a3ab9e27176cacfa5d.jpg,,2,0,mild,no_caries,0.7106,0.7106,0.12264,0.08677,0.07999
crops/hibogi_ai_02203_png_0.jpg,hibogi_ai_02203_png,HIBOGI_AI_02203_png_jpg.rf.582bf4c4d5aadf48f2a555ce813cb7c0.jpg,,0,0,no_caries,no_caries,0.4884,0.48836,0.1354,0.30994,0.0663
crops/hibogi_ai_02203_png_1.jpg,hibogi_ai_02203_png,HIBOGI_AI_02203_png_jpg.rf.582bf4c4d5aadf48f2a555ce813cb7c0.jpg,,0,0,no_caries,no_caries,0.6485,0.64851,0.0995,0.15994,0.09206
crops/hibogi_ai_02203_png_2.jpg,hibogi_ai_02203_png,HIBOGI_AI_02203_png_jpg.rf.582bf4c4d5aadf48f2a555ce813cb7c0.jpg,,0,0,no_caries,no_caries,0.6899,0.68987,0.10338,0.10925,0.0975
crops/hibogi_ai_02203_png_3.jpg,hibogi_ai_02203_png,HIBOGI_AI_02203_png_jpg.rf.582bf4c4d5aadf48f2a555ce813cb7c0.jpg,,0,0,no_caries,no_caries,0.7746,0.77456,0.02483,0.1046,0.09601
crops/hibogi_ai_02203_png_4.jpg,hibogi_ai_02203_png,HIBOGI_AI_02203_png_jpg.rf.582bf4c4d5aadf48f2a555ce813cb7c0.jpg,,0,0,no_caries,no_caries,0.6075,0.60746,0.12714,0.21742,0.04797
crops/hibogi_ai_02203_png_5.jpg,hibogi_ai_02203_png,HIBOGI_AI_02203_png_jpg.rf.582bf4c4d5aadf48f2a555ce813cb7c0.jpg,,0,0,no_caries,no_caries,0.6834,0.68344,0.04866,0.22774,0.04015
crops/hibogi_ai_02203_png_6.jpg,hibogi_ai_02203_png,HIBOGI_AI_02203_png_jpg.rf.582bf4c4d5aadf48f2a555ce813cb7c0.jpg,,0,0,no_caries,no_caries,0.7965,0.79649,0.02741,0.10751,0.06859
crops/hibogi_ai_02203_png_7.jpg,hibogi_ai_02203_png,HIBOGI_AI_02203_png_jpg.rf.582bf4c4d5aadf48f2a555ce813cb7c0.jpg,,2,0,mild,advanced,0.6855,0.04162,0.20466,0.06818,0.68554
crops/hibogi_ai_02203_png_8.jpg,hibogi_ai_02203_png,HIBOGI_AI_02203_png_jpg.rf.582bf4c4d5aadf48f2a555ce813cb7c0.jpg,,0,0,no_caries,no_caries,0.708,0.70803,0.09423,0.10263,0.09511
crops/hibogi_ai_02203_png_9.jpg,hibogi_ai_02203_png,HIBOGI_AI_02203_png_jpg.rf.582bf4c4d5aadf48f2a555ce813cb7c0.jpg,,0,0,no_caries,no_caries,0.7046,0.70457,0.13346,0.09322,0.06875
crops/hibogi_ai_02203_png_10.jpg,hibogi_ai_02203_png,HIBOGI_AI_02203_png_jpg.rf.582bf4c4d5aadf48f2a555ce813cb7c0.jpg,,0,0,no_caries,no_caries,0.7161,0.71609,0.06014,0.09164,0.13212
crops/hibogi_ai_02203_png_11.jpg,hibogi_ai_02203_png,HIBOGI_AI_02203_png_jpg.rf.582bf4c4d5aadf48f2a555ce813cb7c0.jpg,,0,0,no_caries,no_caries,0.6043,0.60426,0.02991,0.10003,0.26579
crops/hibogi_ai_02229_png_0.jpg,hibogi_ai_02229_png,HIBOGI_AI_02229_png_jpg.rf.ee77ac8a805c3b91a51d39c372d3015b.jpg,,5,0,advanced,moderate,0.6267,0.06751,0.06691,0.6267,0.23889
crops/hibogi_ai_02229_png_1.jpg,hibogi_ai_02229_png,HIBOGI_AI_02229_png_jpg.rf.ee77ac8a805c3b91a51d39c372d3015b.jpg,,0,0,no_caries,no_caries,0.4495,0.44953,0.18006,0.29349,0.07693
crops/hibogi_ai_02229_png_2.jpg,hibogi_ai_02229_png,HIBOGI_AI_02229_png_jpg.rf.ee77ac8a805c3b91a51d39c372d3015b.jpg,,0,0,no_caries,no_caries,0.5111,0.51108,0.33604,0.08432,0.06856
crops/hibogi_ai_02229_png_3.jpg,hibogi_ai_02229_png,HIBOGI_AI_02229_png_jpg.rf.ee77ac8a805c3b91a51d39c372d3015b.jpg,,0,0,no_caries,no_caries,0.8686,0.86864,0.03782,0.05331,0.04024
crops/hibogi_ai_02229_png_4.jpg,hibogi_ai_02229_png,HIBOGI_AI_02229_png_jpg.rf.ee77ac8a805c3b91a51d39c372d3015b.jpg,,0,0,no_caries,no_caries,0.8554,0.8554,0.01326,0.06895,0.06239
crops/hibogi_ai_02229_png_5.jpg,hibogi_ai_02229_png,HIBOGI_AI_02229_png_jpg.rf.ee77ac8a805c3b91a51d39c372d3015b.jpg,,0,0,no_caries,no_caries,0.8316,0.83164,0.04705,0.06155,0.05975
crops/hibogi_ai_02229_png_6.jpg,hibogi_ai_02229_png,HIBOGI_AI_02229_png_jpg.rf.ee77ac8a805c3b91a51d39c372d3015b.jpg,,0,0,no_caries,no_caries,0.8663,0.86626,0.02178,0.07987,0.03208
crops/hibogi_ai_02229_png_7.jpg,hibogi_ai_02229_png,HIBOGI_AI_02229_png_jpg.rf.ee77ac8a805c3b91a51d39c372d3015b.jpg,,0,0,no_caries,no_caries,0.5391,0.53912,0.11924,0.1174,0.22423
crops/hibogi_ai_02229_png_8.jpg,hibogi_ai_02229_png,HIBOGI_AI_02229_png_jpg.rf.ee77ac8a805c3b91a51d39c372d3015b.jpg,,5,0,advanced,mild,0.5891,0.10609,0.58908,0.14922,0.15562
crops/hibogi_ai_02229_png_9.jpg,hibogi_ai_02229_png,HIBOGI_AI_02229_png_jpg.rf.ee77ac8a805c3b91a51d39c372d3015b.jpg,,5,0,advanced,mild,0.569,0.21676,0.56901,0.20108,0.01315
crops/hibogi_ai_02229_png_10.jpg,hibogi_ai_02229_png,HIBOGI_AI_02229_png_jpg.rf.ee77ac8a805c3b91a51d39c372d3015b.jpg,,2,0,mild,no_caries,0.5409,0.54089,0.21503,0.2296,0.01448
crops/hibogi_ai_02229_png_11.jpg,hibogi_ai_02229_png,HIBOGI_AI_02229_png_jpg.rf.ee77ac8a805c3b91a51d39c372d3015b.jpg,,0,0,no_caries,no_caries,0.6091,0.60907,0.08842,0.27425,0.02826
crops/hibogi_ai_02229_png_12.jpg,hibogi_ai_02229_png,HIBOGI_AI_02229_png_jpg.rf.ee77ac8a805c3b91a51d39c372d3015b.jpg,,0,0,no_caries,moderate,0.5786,0.35559,0.02623,0.57855,0.03963
crops/hibogi_ai_02229_png_13.jpg,hibogi_ai_02229_png,HIBOGI_AI_02229_png_jpg.rf.ee77ac8a805c3b91a51d39c372d3015b.jpg,,0,0,no_caries,no_caries,0.5638,0.56385,0.02328,0.36548,0.04739
crops/hibogi_ai_02229_png_14.jpg,hibogi_ai_02229_png,HIBOGI_AI_02229_png_jpg.rf.ee77ac8a805c3b91a51d39c372d3015b.jpg,,3,0,moderate,no_caries,0.5945,0.5945,0.19677,0.19499,0.01374
crops/hibogi_ai_02229_png_15.jpg,hibogi_ai_02229_png,HIBOGI_AI_02229_png_jpg.rf.ee77ac8a805c3b91a51d39c372d3015b.jpg,,3,0,moderate,no_caries,0.6221,0.62215,0.06062,0.29313,0.0241
crops/hibogi_ai_02230_png_0.jpg,hibogi_ai_02230_png,HIBOGI_AI_02230_png_jpg.rf.bbd19c3a44a4c42271f89adcd487f25e.jpg,,1,0,mild,mild,0.4991,0.29655,0.4991,0.12977,0.07458
crops/hibogi_ai_02230_png_1.jpg,hibogi_ai_02230_png,HIBOGI_AI_02230_png_jpg.rf.bbd19c3a44a4c42271f89adcd487f25e.jpg,,1,0,mild,mild,0.5024,0.29935,0.50239,0.0897,0.10856
crops/hibogi_ai_02230_png_2.jpg,hibogi_ai_02230_png,HIBOGI_AI_02230_png_jpg.rf.bbd19c3a44a4c42271f89adcd487f25e.jpg,,1,0,mild,no_caries,0.45,0.44995,0.23176,0.23543,0.08286
crops/hibogi_ai_02230_png_3.jpg,hibogi_ai_02230_png,HIBOGI_AI_02230_png_jpg.rf.bbd19c3a44a4c42271f89adcd487f25e.jpg,,0,0,no_caries,no_caries,0.7578,0.75782,0.09902,0.09977,0.04338
crops/hibogi_ai_02230_png_4.jpg,hibogi_ai_02230_png,HIBOGI_AI_02230_png_jpg.rf.bbd19c3a44a4c42271f89adcd487f25e.jpg,,3,0,moderate,moderate,0.9314,0.00161,0.0231,0.93143,0.04386
crops/hibogi_ai_02230_png_5.jpg,hibogi_ai_02230_png,HIBOGI_AI_02230_png_jpg.rf.bbd19c3a44a4c42271f89adcd487f25e.jpg,,3,0,moderate,mild,0.6342,0.22782,0.63423,0.10343,0.03453
crops/hibogi_ai_02230_png_6.jpg,hibogi_ai_02230_png,HIBOGI_AI_02230_png_jpg.rf.bbd19c3a44a4c42271f89adcd487f25e.jpg,,1,0,mild,no_caries,0.6134,0.61336,0.16813,0.15434,0.06418
crops/hibogi_ai_02230_png_7.jpg,hibogi_ai_02230_png,HIBOGI_AI_02230_png_jpg.rf.bbd19c3a44a4c42271f89adcd487f25e.jpg,,2,0,mild,no_caries,0.5628,0.56279,0.11592,0.21752,0.10377
crops/hibogi_ai_02230_png_8.jpg,hibogi_ai_02230_png,HIBOGI_AI_02230_png_jpg.rf.bbd19c3a44a4c42271f89adcd487f25e.jpg,,2,0,mild,no_caries,0.7343,0.73429,0.02682,0.145,0.09389
crops/hibogi_ai_02237_png_0.jpg,hibogi_ai_02237_png,HIBOGI_AI_02237_png_jpg.rf.c09531c000b14085b2cfcaa614cc3246.jpg,,0,0,no_caries,mild,0.3748,0.27293,0.37483,0.0691,0.28314
crops/hibogi_ai_02237_png_1.jpg,hibogi_ai_02237_png,HIBOGI_AI_02237_png_jpg.rf.c09531c000b14085b2cfcaa614cc3246.jpg,,1,0,mild,no_caries,0.538,0.53803,0.26887,0.08732,0.10577
crops/hibogi_ai_02237_png_2.jpg,hibogi_ai_02237_png,HIBOGI_AI_02237_png_jpg.rf.c09531c000b14085b2cfcaa614cc3246.jpg,,1,0,mild,mild,0.4949,0.40434,0.49493,0.06267,0.03805
crops/hibogi_ai_02237_png_3.jpg,hibogi_ai_02237_png,HIBOGI_AI_02237_png_jpg.rf.c09531c000b14085b2cfcaa614cc3246.jpg,,0,0,no_caries,mild,0.5652,0.34881,0.5652,0.0599,0.02609
crops/hibogi_ai_02237_png_4.jpg,hibogi_ai_02237_png,HIBOGI_AI_02237_png_jpg.rf.c09531c000b14085b2cfcaa614cc3246.jpg,,0,0,no_caries,no_caries,0.4572,0.45724,0.41536,0.08934,0.03807
crops/hibogi_ai_02237_png_5.jpg,hibogi_ai_02237_png,HIBOGI_AI_02237_png_jpg.rf.c09531c000b14085b2cfcaa614cc3246.jpg,,0,0,no_caries,no_caries,0.4827,0.48269,0.19433,0.23213,0.09086
crops/hibogi_ai_02237_png_6.jpg,hibogi_ai_02237_png,HIBOGI_AI_02237_png_jpg.rf.c09531c000b14085b2cfcaa614cc3246.jpg,,0,0,no_caries,mild,0.4167,0.33057,0.41674,0.10704,0.14565
crops/hibogi_ai_02237_png_7.jpg,hibogi_ai_02237_png,HIBOGI_AI_02237_png_jpg.rf.c09531c000b14085b2cfcaa614cc3246.jpg,,0,0,no_caries,no_caries,0.4021,0.40215,0.36022,0.13214,0.10549
crops/hibogi_ai_02237_png_8.jpg,hibogi_ai_02237_png,HIBOGI_AI_02237_png_jpg.rf.c09531c000b14085b2cfcaa614cc3246.jpg,,0,0,no_caries,no_caries,0.6443,0.6443,0.18831,0.06784,0.09954
crops/hibogi_ai_02237_png_9.jpg,hibogi_ai_02237_png,HIBOGI_AI_02237_png_jpg.rf.c09531c000b14085b2cfcaa614cc3246.jpg,,0,0,no_caries,mild,0.519,0.35974,0.51901,0.04468,0.07658
crops/hibogi_ai_02237_png_10.jpg,hibogi_ai_02237_png,HIBOGI_AI_02237_png_jpg.rf.c09531c000b14085b2cfcaa614cc3246.jpg,,2,0,mild,moderate,0.4779,0.19808,0.12951,0.47793,0.19449
crops/hibogi_ai_02237_png_11.jpg,hibogi_ai_02237_png,HIBOGI_AI_02237_png_jpg.rf.c09531c000b14085b2cfcaa614cc3246.jpg,,5,0,advanced,advanced,0.8766,0.01603,0.06526,0.04209,0.87662
crops/hibogi_ai_02253_png_0.jpg,hibogi_ai_02253_png,HIBOGI_AI_02253_png_jpg.rf.c693fdc507801a5f21128886c1eb5dfe.jpg,,0,0,no_caries,no_caries,0.7999,0.79995,0.07495,0.07269,0.05241
crops/hibogi_ai_02253_png_1.jpg,hibogi_ai_02253_png,HIBOGI_AI_02253_png_jpg.rf.c693fdc507801a5f21128886c1eb5dfe.jpg,,5,0,advanced,advanced,0.9121,0.00402,0.00672,0.07711,0.91215
crops/hibogi_ai_02253_png_2.jpg,hibogi_ai_02253_png,HIBOGI_AI_02253_png_jpg.rf.c693fdc507801a5f21128886c1eb5dfe.jpg,,5,0,advanced,advanced,0.9708,0.00067,0.0043,0.02426,0.97077
crops/hibogi_ai_02253_png_3.jpg,hibogi_ai_02253_png,HIBOGI_AI_02253_png_jpg.rf.c693fdc507801a5f21128886c1eb5dfe.jpg,,0,0,no_caries,no_caries,0.6295,0.6295,0.02557,0.27776,0.06717
crops/hibogi_ai_02253_png_4.jpg,hibogi_ai_02253_png,HIBOGI_AI_02253_png_jpg.rf.c693fdc507801a5f21128886c1eb5dfe.jpg,,0,0,no_caries,no_caries,0.6546,0.6546,0.01328,0.2309,0.10121
crops/hibogi_ai_02271_png_0.jpg,hibogi_ai_02271_png,HIBOGI_AI_02271_png_jpg.rf.0fe45316103cc087ac4957ec0833875f.jpg,,0,0,no_caries,no_caries,0.5388,0.53879,0.26266,0.15363,0.04492
crops/hibogi_ai_02271_png_1.jpg,hibogi_ai_02271_png,HIBOGI_AI_02271_png_jpg.rf.0fe45316103cc087ac4957ec0833875f.jpg,,0,0,no_caries,no_caries,0.4953,0.49532,0.4055,0.06996,0.02922
crops/hibogi_ai_02271_png_2.jpg,hibogi_ai_02271_png,HIBOGI_AI_02271_png_jpg.rf.0fe45316103cc087ac4957ec0833875f.jpg,,5,0,advanced,advanced,0.8539,0.01605,0.0597,0.07035,0.8539
crops/hibogi_ai_02271_png_3.jpg,hibogi_ai_02271_png,HIBOGI_AI_02271_png_jpg.rf.0fe45316103cc087ac4957ec0833875f.jpg,,0,0,no_caries,no_caries,0.7686,0.76859,0.14921,0.04999,0.03221
crops/hibogi_ai_02271_png_4.jpg,hibogi_ai_02271_png,HIBOGI_AI_02271_png_jpg.rf.0fe45316103cc087ac4957ec0833875f.jpg,,0,0,no_caries,no_caries,0.8196,0.81965,0.06853,0.07684,0.03499
crops/hibogi_ai_02271_png_5.jpg,hibogi_ai_02271_png,HIBOGI_AI_02271_png_jpg.rf.0fe45316103cc087ac4957ec0833875f.jpg,,0,0,no_caries,no_caries,0.912,0.91196,0.029,0.03534,0.02369
crops/hibogi_ai_02271_png_6.jpg,hibogi_ai_02271_png,HIBOGI_AI_02271_png_jpg.rf.0fe45316103cc087ac4957ec0833875f.jpg,,0,0,no_caries,no_caries,0.8962,0.89617,0.05757,0.0301,0.01616
crops/hibogi_ai_02271_png_7.jpg,hibogi_ai_02271_png,HIBOGI_AI_02271_png_jpg.rf.0fe45316103cc087ac4957ec0833875f.jpg,,0,0,no_caries,no_caries,0.8732,0.87324,0.05642,0.03573,0.03461
crops/hibogi_ai_02271_png_8.jpg,hibogi_ai_02271_png,HIBOGI_AI_02271_png_jpg.rf.0fe45316103cc087ac4957ec0833875f.jpg,,0,0,no_caries,no_caries,0.5742,0.57424,0.34802,0.03368,0.04406
crops/hibogi_ai_02271_png_9.jpg,hibogi_ai_02271_png,HIBOGI_AI_02271_png_jpg.rf.0fe45316103cc087ac4957ec0833875f.jpg,,5,0,advanced,advanced,0.65,0.04308,0.13434,0.17262,0.64996
crops/hibogi_ai_02271_png_10.jpg,hibogi_ai_02271_png,HIBOGI_AI_02271_png_jpg.rf.0fe45316103cc087ac4957ec0833875f.jpg,,5,0,advanced,advanced,0.8388,0.01036,0.01856,0.13224,0.83884
crops/hibogi_ai_02271_png_11.jpg,hibogi_ai_02271_png,HIBOGI_AI_02271_png_jpg.rf.0fe45316103cc087ac4957ec0833875f.jpg,,0,0,no_caries,moderate,0.4377,0.06841,0.27552,0.43767,0.21841
crops/hibogi_ai_02427_png_0.jpg,hibogi_ai_02427_png,HIBOGI_AI_02427_png_jpg.rf.630b6649f8d27cb5a290eed1167a766e.jpg,,0,0,no_caries,mild,0.5397,0.33837,0.53968,0.06029,0.06165
crops/hibogi_ai_02427_png_1.jpg,hibogi_ai_02427_png,HIBOGI_AI_02427_png_jpg.rf.630b6649f8d27cb5a290eed1167a766e.jpg,,0,0,no_caries,no_caries,0.5741,0.57411,0.30407,0.08801,0.03381
crops/hibogi_ai_02427_png_2.jpg,hibogi_ai_02427_png,HIBOGI_AI_02427_png_jpg.rf.630b6649f8d27cb5a290eed1167a766e.jpg,,0,0,no_caries,no_caries,0.7237,0.72369,0.17626,0.06634,0.03371
crops/hibogi_ai_02427_png_3.jpg,hibogi_ai_02427_png,HIBOGI_AI_02427_png_jpg.rf.630b6649f8d27cb5a290eed1167a766e.jpg,,0,0,no_caries,no_caries,0.6694,0.66944,0.15174,0.07767,0.10116
crops/hibogi_ai_02427_png_4.jpg,hibogi_ai_02427_png,HIBOGI_AI_02427_png_jpg.rf.630b6649f8d27cb5a290eed1167a766e.jpg,,0,0,no_caries,mild,0.5792,0.22904,0.5792,0.04105,0.15071
crops/hibogi_ai_02427_png_5.jpg,hibogi_ai_02427_png,HIBOGI_AI_02427_png_jpg.rf.630b6649f8d27cb5a290eed1167a766e.jpg,,0,0,no_caries,no_caries,0.7512,0.75123,0.08851,0.07463,0.08563
crops/hibogi_ai_02427_png_6.jpg,hibogi_ai_02427_png,HIBOGI_AI_02427_png_jpg.rf.630b6649f8d27cb5a290eed1167a766e.jpg,,0,0,no_caries,no_caries,0.7845,0.78455,0.09102,0.0436,0.08083
crops/hibogi_ai_02427_png_7.jpg,hibogi_ai_02427_png,HIBOGI_AI_02427_png_jpg.rf.630b6649f8d27cb5a290eed1167a766e.jpg,,0,0,no_caries,no_caries,0.4949,0.49492,0.39574,0.06453,0.0448
crops/hibogi_ai_02427_png_8.jpg,hibogi_ai_02427_png,HIBOGI_AI_02427_png_jpg.rf.630b6649f8d27cb5a290eed1167a766e.jpg,,0,0,no_caries,no_caries,0.716,0.71596,0.16018,0.05117,0.07268
crops/hibogi_ai_02427_png_9.jpg,hibogi_ai_02427_png,HIBOGI_AI_02427_png_jpg.rf.630b6649f8d27cb5a290eed1167a766e.jpg,,0,0,no_caries,advanced,0.621,0.0532,0.31142,0.01434,0.62104
crops/hibogi_ai_02427_png_10.jpg,hibogi_ai_02427_png,HIBOGI_AI_02427_png_jpg.rf.630b6649f8d27cb5a290eed1167a766e.jpg,,0,0,no_caries,no_caries,0.3182,0.31815,0.29414,0.13577,0.25194
crops/hibogi_ai_02427_png_11.jpg,hibogi_ai_02427_png,HIBOGI_AI_02427_png_jpg.rf.630b6649f8d27cb5a290eed1167a766e.jpg,,5,0,advanced,advanced,0.8071,0.00884,0.03134,0.15271,0.80711
crops/hibogi_ai_02433_png_0.jpg,hibogi_ai_02433_png,HIBOGI_AI_02433_png_jpg.rf.ca9cc472f619951bd3bb711ddf9a8e16.jpg,,0,0,no_caries,no_caries,0.7861,0.78609,0.06469,0.09521,0.05401
crops/hibogi_ai_02433_png_1.jpg,hibogi_ai_02433_png,HIBOGI_AI_02433_png_jpg.rf.ca9cc472f619951bd3bb711ddf9a8e16.jpg,,0,0,no_caries,no_caries,0.7375,0.73754,0.07109,0.1187,0.07268
crops/hibogi_ai_02433_png_2.jpg,hibogi_ai_02433_png,HIBOGI_AI_02433_png_jpg.rf.ca9cc472f619951bd3bb711ddf9a8e16.jpg,,0,0,no_caries,no_caries,0.5984,0.59835,0.26208,0.06429,0.07528
crops/hibogi_ai_02433_png_3.jpg,hibogi_ai_02433_png,HIBOGI_AI_02433_png_jpg.rf.ca9cc472f619951bd3bb711ddf9a8e16.jpg,,5,0,advanced,advanced,0.842,0.01008,0.0741,0.07379,0.84203
crops/hibogi_ai_02433_png_4.jpg,hibogi_ai_02433_png,HIBOGI_AI_02433_png_jpg.rf.ca9cc472f619951bd3bb711ddf9a8e16.jpg,,5,0,advanced,advanced,0.8961,0.01039,0.05491,0.03862,0.89608
crops/hibogi_ai_02433_png_5.jpg,hibogi_ai_02433_png,HIBOGI_AI_02433_png_jpg.rf.ca9cc472f619951bd3bb711ddf9a8e16.jpg,,0,0,no_caries,mild,0.6354,0.13333,0.63537,0.13387,0.09743
crops/hibogi_ai_02433_png_6.jpg,hibogi_ai_02433_png,HIBOGI_AI_02433_png_jpg.rf.ca9cc472f619951bd3bb711ddf9a8e16.jpg,,5,0,advanced,no_caries,0.5243,0.52431,0.29548,0.11564,0.06457
crops/hibogi_ai_02433_png_7.jpg,hibogi_ai_02433_png,HIBOGI_AI_02433_png_jpg.rf.ca9cc472f619951bd3bb711ddf9a8e16.jpg,,0,0,no_caries,no_caries,0.8095,0.80948,0.09195,0.04605,0.05252
crops/hibogi_ai_02433_png_8.jpg,hibogi_ai_02433_png,HIBOGI_AI_02433_png_jpg.rf.ca9cc472f619951bd3bb711ddf9a8e16.jpg,,0,0,no_caries,no_caries,0.7447,0.74468,0.1644,0.0496,0.04133
crops/hibogi_ai_02433_png_9.jpg,hibogi_ai_02433_png,HIBOGI_AI_02433_png_jpg.rf.ca9cc472f619951bd3bb711ddf9a8e16.jpg,,0,0,no_caries,no_caries,0.7985,0.79849,0.08002,0.06609,0.0554
crops/hibogi_ai_02433_png_10.jpg,hibogi_ai_02433_png,HIBOGI_AI_02433_png_jpg.rf.ca9cc472f619951bd3bb711ddf9a8e16.jpg,,0,0,no_caries,no_caries,0.837,0.837,0.02897,0.06882,0.06522
crops/hibogi_ai_02433_png_11.jpg,hibogi_ai_02433_png,HIBOGI_AI_02433_png_jpg.rf.ca9cc472f619951bd3bb711ddf9a8e16.jpg,,0,0,no_caries,no_caries,0.7752,0.77516,0.10552,0.058,0.06133
crops/hibogi_ai_02433_png_12.jpg,hibogi_ai_02433_png,HIBOGI_AI_02433_png_jpg.rf.ca9cc472f619951bd3bb711ddf9a8e16.jpg,,0,0,no_caries,no_caries,0.7801,0.78007,0.0525,0.08896,0.07847
crops/hibogi_ai_02433_png_13.jpg,hibogi_ai_02433_png,HIBOGI_AI_02433_png_jpg.rf.ca9cc472f619951bd3bb711ddf9a8e16.jpg,,0,0,no_caries,no_caries,0.7936,0.7936,0.05015,0.09206,0.0642
crops/hibogi_ai_02452_png_0.jpg,hibogi_ai_02452_png,HIBOGI_AI_02452_png_jpg.rf.10766c164acb967aeacb1525beb0d4ed.jpg,,4,0,moderate,moderate,0.3919,0.27153,0.26917,0.39186,0.06744
crops/hibogi_ai_02452_png_1.jpg,hibogi_ai_02452_png,HIBOGI_AI_02452_png_jpg.rf.10766c164acb967aeacb1525beb0d4ed.jpg,,5,0,advanced,advanced,0.9032,0.0057,0.04042,0.0507,0.90318
crops/hibogi_ai_02452_png_2.jpg,hibogi_ai_02452_png,HIBOGI_AI_02452_png_jpg.rf.10766c164acb967aeacb1525beb0d4ed.jpg,,6,0,advanced,advanced,0.97,0.00441,0.01364,0.01199,0.96997
crops/hibogi_ai_02452_png_3.jpg,hibogi_ai_02452_png,HIBOGI_AI_02452_png_jpg.rf.10766c164acb967aeacb1525beb0d4ed.jpg,,6,0,advanced,advanced,0.9703,0.00188,0.00836,0.0195,0.97027
crops/hibogi_ai_02452_png_4.jpg,hibogi_ai_02452_png,HIBOGI_AI_02452_png_jpg.rf.10766c164acb967aeacb1525beb0d4ed.jpg,,6,0,advanced,mild,0.496,0.04309,0.49599,0.25277,0.20815
crops/hibogi_ai_02452_png_5.jpg,hibogi_ai_02452_png,HIBOGI_AI_02452_png_jpg.rf.10766c164acb967aeacb1525beb0d4ed.jpg,,6,0,advanced,advanced,0.4042,0.18083,0.28155,0.13346,0.40417
crops/hibogi_ai_02452_png_6.jpg,hibogi_ai_02452_png,HIBOGI_AI_02452_png_jpg.rf.10766c164acb967aeacb1525beb0d4ed.jpg,,5,0,advanced,advanced,0.7248,0.06806,0.08632,0.12081,0.72481
crops/hibogi_ai_02452_png_7.jpg,hibogi_ai_02452_png,HIBOGI_AI_02452_png_jpg.rf.10766c164acb967aeacb1525beb0d4ed.jpg,,0,0,no_caries,no_caries,0.3481,0.34813,0.20417,0.15633,0.29137
crops/hibogi_ai_02452_png_8.jpg,hibogi_ai_02452_png,HIBOGI_AI_02452_png_jpg.rf.10766c164acb967aeacb1525beb0d4ed.jpg,,0,0,no_caries,no_caries,0.8157,0.81566,0.01602,0.1155,0.05282
crops/hibogi_ai_02452_png_9.jpg,hibogi_ai_02452_png,HIBOGI_AI_02452_png_jpg.rf.10766c164acb967aeacb1525beb0d4ed.jpg,,0,0,no_caries,moderate,0.4777,0.30286,0.07409,0.47775,0.1453
crops/hibogi_ai_02452_png_10.jpg,hibogi_ai_02452_png,HIBOGI_AI_02452_png_jpg.rf.10766c164acb967aeacb1525beb0d4ed.jpg,,0,0,no_caries,mild,0.3186,0.26513,0.31864,0.23252,0.18371
crops/hibogi_ai_02452_png_11.jpg,hibogi_ai_02452_png,HIBOGI_AI_02452_png_jpg.rf.10766c164acb967aeacb1525beb0d4ed.jpg,,0,0,no_caries,no_caries,0.589,0.58895,0.19846,0.08913,0.12346
crops/hibogi_ai_02452_png_12.jpg,hibogi_ai_02452_png,HIBOGI_AI_02452_png_jpg.rf.10766c164acb967aeacb1525beb0d4ed.jpg,,0,0,no_caries,no_caries,0.7991,0.79906,0.0832,0.06176,0.05597
crops/hibogi_ai_02452_png_13.jpg,hibogi_ai_02452_png,HIBOGI_AI_02452_png_jpg.rf.10766c164acb967aeacb1525beb0d4ed.jpg,,0,0,no_caries,no_caries,0.7767,0.77673,0.02787,0.11896,0.07643
crops/hibogi_ai_02452_png_14.jpg,hibogi_ai_02452_png,HIBOGI_AI_02452_png_jpg.rf.10766c164acb967aeacb1525beb0d4ed.jpg,,0,0,no_caries,no_caries,0.6846,0.68461,0.15539,0.0781,0.0819
crops/hibogi_ai_02452_png_15.jpg,hibogi_ai_02452_png,HIBOGI_AI_02452_png_jpg.rf.10766c164acb967aeacb1525beb0d4ed.jpg,,0,0,no_caries,no_caries,0.4315,0.4315,0.18876,0.28261,0.09713
crops/hibogi_ai_02458_png_0.jpg,hibogi_ai_02458_png,HIBOGI_AI_02458_png_jpg.rf.84e3f28bb31840584cce8acb0af0430a.jpg,,1,0,mild,mild,0.6028,0.25482,0.60277,0.07734,0.06507
crops/hibogi_ai_02458_png_1.jpg,hibogi_ai_02458_png,HIBOGI_AI_02458_png_jpg.rf.84e3f28bb31840584cce8acb0af0430a.jpg,,0,0,no_caries,mild,0.517,0.36882,0.51701,0.04343,0.07073
crops/hibogi_ai_02458_png_2.jpg,hibogi_ai_02458_png,HIBOGI_AI_02458_png_jpg.rf.84e3f28bb31840584cce8acb0af0430a.jpg,,5,0,advanced,mild,0.5519,0.02196,0.55195,0.09068,0.33541
crops/hibogi_ai_02458_png_3.jpg,hibogi_ai_02458_png,HIBOGI_AI_02458_png_jpg.rf.84e3f28bb31840584cce8acb0af0430a.jpg,,5,0,advanced,advanced,0.8787,0.00366,0.02284,0.09482,0.87868
crops/hibogi_ai_02458_png_4.jpg,hibogi_ai_02458_png,HIBOGI_AI_02458_png_jpg.rf.84e3f28bb31840584cce8acb0af0430a.jpg,,5,0,advanced,advanced,0.8877,0.00487,0.0156,0.09184,0.88769
crops/hibogi_ai_02458_png_5.jpg,hibogi_ai_02458_png,HIBOGI_AI_02458_png_jpg.rf.84e3f28bb31840584cce8acb0af0430a.jpg,,2,0,mild,advanced,0.9312,0.00208,0.01613,0.05055,0.93124
crops/hibogi_ai_02458_png_6.jpg,hibogi_ai_02458_png,HIBOGI_AI_02458_png_jpg.rf.84e3f28bb31840584cce8acb0af0430a.jpg,,1,0,mild,mild,0.4537,0.22943,0.45371,0.1913,0.12555
crops/hibogi_ai_02458_png_7.jpg,hibogi_ai_02458_png,HIBOGI_AI_02458_png_jpg.rf.84e3f28bb31840584cce8acb0af0430a.jpg,,2,0,mild,mild,0.6653,0.21409,0.66533,0.06313,0.05745
crops/hibogi_ai_02458_png_8.jpg,hibogi_ai_02458_png,HIBOGI_AI_02458_png_jpg.rf.84e3f28bb31840584cce8acb0af0430a.jpg,,0,0,no_caries,no_caries,0.7793,0.77929,0.07418,0.07509,0.07144
crops/hibogi_ai_02458_png_9.jpg,hibogi_ai_02458_png,HIBOGI_AI_02458_png_jpg.rf.84e3f28bb31840584cce8acb0af0430a.jpg,,0,0,no_caries,no_caries,0.8149,0.81485,0.03865,0.071,0.07549
crops/hibogi_ai_02458_png_10.jpg,hibogi_ai_02458_png,HIBOGI_AI_02458_png_jpg.rf.84e3f28bb31840584cce8acb0af0430a.jpg,,0,0,no_caries,no_caries,0.7432,0.7432,0.08382,0.05538,0.11761
crops/hibogi_ai_02458_png_11.jpg,hibogi_ai_02458_png,HIBOGI_AI_02458_png_jpg.rf.84e3f28bb31840584cce8acb0af0430a.jpg,,0,0,no_caries,no_caries,0.7355,0.73548,0.1402,0.05705,0.06727
crops/hibogi_ai_02458_png_12.jpg,hibogi_ai_02458_png,HIBOGI_AI_02458_png_jpg.rf.84e3f28bb31840584cce8acb0af0430a.jpg,,0,0,no_caries,no_caries,0.6095,0.60952,0.22361,0.08495,0.08191
crops/hibogi_ai_02464_png_0.jpg,hibogi_ai_02464_png,HIBOGI_AI_02464_png_jpg.rf.31ba02ee3d26158274678eefc7bcdf74.jpg,,0,0,no_caries,mild,0.5137,0.40587,0.51368,0.04318,0.03726
crops/hibogi_ai_02464_png_1.jpg,hibogi_ai_02464_png,HIBOGI_AI_02464_png_jpg.rf.31ba02ee3d26158274678eefc7bcdf74.jpg,,0,0,no_caries,no_caries,0.7153,0.7153,0.12957,0.09535,0.05977
crops/hibogi_ai_02464_png_2.jpg,hibogi_ai_02464_png,HIBOGI_AI_02464_png_jpg.rf.31ba02ee3d26158274678eefc7bcdf74.jpg,,0,0,no_caries,no_caries,0.7715,0.77151,0.06035,0.11086,0.05728
crops/hibogi_ai_02464_png_3.jpg,hibogi_ai_02464_png,HIBOGI_AI_02464_png_jpg.rf.31ba02ee3d26158274678eefc7bcdf74.jpg,,0,0,no_caries,no_caries,0.8001,0.80014,0.0282,0.07998,0.09168
crops/hibogi_ai_02464_png_4.jpg,hibogi_ai_02464_png,HIBOGI_AI_02464_png_jpg.rf.31ba02ee3d26158274678eefc7bcdf74.jpg,,0,0,no_caries,no_caries,0.6749,0.67489,0.04122,0.20186,0.08203
crops/hibogi_ai_02464_png_5.jpg,hibogi_ai_02464_png,HIBOGI_AI_02464_png_jpg.rf.31ba02ee3d26158274678eefc7bcdf74.jpg,,0,0,no_caries,no_caries,0.6895,0.68946,0.14651,0.09324,0.07079
crops/hibogi_ai_02464_png_6.jpg,hibogi_ai_02464_png,HIBOGI_AI_02464_png_jpg.rf.31ba02ee3d26158274678eefc7bcdf74.jpg,,0,0,no_caries,no_caries,0.7257,0.7257,0.14604,0.07276,0.0555
crops/hibogi_ai_02464_png_7.jpg,hibogi_ai_02464_png,HIBOGI_AI_02464_png_jpg.rf.31ba02ee3d26158274678eefc7bcdf74.jpg,,0,0,no_caries,advanced,0.3113,0.30864,0.18716,0.19293,0.31127
crops/hibogi_ai_02464_png_8.jpg,hibogi_ai_02464_png,HIBOGI_AI_02464_png_jpg.rf.31ba02ee3d26158274678eefc7bcdf74.jpg,,0,0,no_caries,advanced,0.3607,0.17356,0.25087,0.21489,0.36068
crops/hibogi_ai_02464_png_9.jpg,hibogi_ai_02464_png,HIBOGI_AI_02464_png_jpg.rf.31ba02ee3d26158274678eefc7bcdf74.jpg,,0,0,no_caries,no_caries,0.7022,0.7022,0.18799,0.06972,0.04009
crops/hibogi_ai_02464_png_10.jpg,hibogi_ai_02464_png,HIBOGI_AI_02464_png_jpg.rf.31ba02ee3d26158274678eefc7bcdf74.jpg,,0,0,no_caries,no_caries,0.7041,0.70405,0.12231,0.06189,0.11175
crops/hibogi_ai_02471_png_0.jpg,hibogi_ai_02471_png,HIBOGI_AI_02471_png_jpg.rf.debe911fb12357ef2a679d2c101d57a6.jpg,,0,0,no_caries,no_caries,0.4486,0.44857,0.34462,0.09673,0.11008
crops/hibogi_ai_02471_png_1.jpg,hibogi_ai_02471_png,HIBOGI_AI_02471_png_jpg.rf.debe911fb12357ef2a679d2c101d57a6.jpg,,0,0,no_caries,no_caries,0.6805,0.68052,0.0847,0.1633,0.07149
crops/hibogi_ai_02471_png_2.jpg,hibogi_ai_02471_png,HIBOGI_AI_02471_png_jpg.rf.debe911fb12357ef2a679d2c101d57a6.jpg,,0,0,no_caries,no_caries,0.4061,0.40613,0.38043,0.06399,0.14945
crops/hibogi_ai_02471_png_3.jpg,hibogi_ai_02471_png,HIBOGI_AI_02471_png_jpg.rf.debe911fb12357ef2a679d2c101d57a6.jpg,,0,0,no_caries,no_caries,0.6691,0.66907,0.2038,0.04432,0.08281
crops/hibogi_ai_02471_png_4.jpg,hibogi_ai_02471_png,HIBOGI_AI_02471_png_jpg.rf.debe911fb12357ef2a679d2c101d57a6.jpg,,5,0,advanced,advanced,0.8837,0.03163,0.0154,0.06928,0.88369
crops/hibogi_ai_02471_png_5.jpg,hibogi_ai_02471_png,HIBOGI_AI_02471_png_jpg.rf.debe911fb12357ef2a679d2c101d57a6.jpg,,5,0,advanced,advanced,0.9695,0.00597,0.00721,0.01728,0.96954
crops/hibogi_ai_02471_png_6.jpg,hibogi_ai_02471_png,HIBOGI_AI_02471_png_jpg.rf.debe911fb12357ef2a679d2c101d57a6.jpg,,0,0,no_caries,no_caries,0.6884,0.68845,0.10654,0.05732,0.14769
crops/hibogi_ai_02471_png_7.jpg,hibogi_ai_02471_png,HIBOGI_AI_02471_png_jpg.rf.debe911fb12357ef2a679d2c101d57a6.jpg,,0,0,no_caries,no_caries,0.6286,0.62861,0.20852,0.06558,0.09728
crops/hibogi_ai_02471_png_8.jpg,hibogi_ai_02471_png,HIBOGI_AI_02471_png_jpg.rf.debe911fb12357ef2a679d2c101d57a6.jpg,,1,0,mild,mild,0.5071,0.29271,0.50708,0.0665,0.13371
crops/hibogi_ai_02471_png_9.jpg,hibogi_ai_02471_png,HIBOGI_AI_02471_png_jpg.rf.debe911fb12357ef2a679d2c101d57a6.jpg,,2,0,mild,mild,0.4066,0.31918,0.40664,0.16189,0.11228
crops/hibogi_ai_02496_png_0.jpg,hibogi_ai_02496_png,HIBOGI_AI_02496_png_jpg.rf.a0d34afecdd4ee25e6351c9b362127bd.jpg,,3,0,moderate,mild,0.5706,0.07256,0.57063,0.07562,0.28119
crops/hibogi_ai_02496_png_1.jpg,hibogi_ai_02496_png,HIBOGI_AI_02496_png_jpg.rf.a0d34afecdd4ee25e6351c9b362127bd.jpg,,0,0,no_caries,mild,0.4611,0.38841,0.46113,0.05106,0.0994
crops/hibogi_ai_02496_png_2.jpg,hibogi_ai_02496_png,HIBOGI_AI_02496_png_jpg.rf.a0d34afecdd4ee25e6351c9b362127bd.jpg,,5,0,advanced,advanced,0.9676,0.00409,0.01276,0.01556,0.96759
crops/hibogi_ai_02496_png_3.jpg,hibogi_ai_02496_png,HIBOGI_AI_02496_png_jpg.rf.a0d34afecdd4ee25e6351c9b362127bd.jpg,,6,0,advanced,advanced,0.9633,0.00595,0.02248,0.00823,0.96334
crops/hibogi_ai_02496_png_4.jpg,hibogi_ai_02496_png,HIBOGI_AI_02496_png_jpg.rf.a0d34afecdd4ee25e6351c9b362127bd.jpg,,6,0,advanced,advanced,0.9582,0.0092,0.01132,0.02123,0.95825
crops/hibogi_ai_02496_png_5.jpg,hibogi_ai_02496_png,HIBOGI_AI_02496_png_jpg.rf.a0d34afecdd4ee25e6351c9b362127bd.jpg,,6,0,advanced,advanced,0.7839,0.06612,0.07574,0.07424,0.7839
crops/hibogi_ai_02496_png_6.jpg,hibogi_ai_02496_png,HIBOGI_AI_02496_png_jpg.rf.a0d34afecdd4ee25e6351c9b362127bd.jpg,,6,0,advanced,advanced,0.9809,0.00296,0.00931,0.00687,0.98086
crops/hibogi_ai_02496_png_7.jpg,hibogi_ai_02496_png,HIBOGI_AI_02496_png_jpg.rf.a0d34afecdd4ee25e6351c9b362127bd.jpg,,2,0,mild,mild,0.6885,0.20365,0.6885,0.05671,0.05113
crops/hibogi_ai_02496_png_8.jpg,hibogi_ai_02496_png,HIBOGI_AI_02496_png_jpg.rf.a0d34afecdd4ee25e6351c9b362127bd.jpg,,2,0,mild,mild,0.8423,0.09035,0.84231,0.04884,0.0185
crops/hibogi_ai_02503_png_0.jpg,hibogi_ai_02503_png,HIBOGI_AI_02503_png_jpg.rf.6a9dc607faf1bbb9a5141d1497232a0b.jpg,,4,0,moderate,no_caries,0.4131,0.41312,0.08189,0.14496,0.36002
crops/hibogi_ai_02503_png_1.jpg,hibogi_ai_02503_png,HIBOGI_AI_02503_png_jpg.rf.6a9dc607faf1bbb9a5141d1497232a0b.jpg,,0,0,no_caries,mild,0.4992,0.30091,0.49923,0.08983,0.11004
crops/hibogi_ai_02503_png_2.jpg,hibogi_ai_02503_png,HIBOGI_AI_02503_png_jpg.rf.6a9dc607faf1bbb9a5141d1497232a0b.jpg,,0,0,no_caries,mild,0.6722,0.19189,0.67218,0.07899,0.05694
crops/hibogi_ai_02503_png_3.jpg,hibogi_ai_02503_png,HIBOGI_AI_02503_png_jpg.rf.6a9dc607faf1bbb9a5141d1497232a0b.jpg,,5,0,advanced,advanced,0.9656,0.00174,0.01547,0.01723,0.96556
crops/hibogi_ai_02503_png_4.jpg,hibogi_ai_02503_png,HIBOGI_AI_02503_png_jpg.rf.6a9dc607faf1bbb9a5141d1497232a0b.jpg,,5,0,advanced,advanced,0.6458,0.01051,0.02054,0.32316,0.64578
crops/hibogi_ai_02503_png_5.jpg,hibogi_ai_02503_png,HIBOGI_AI_02503_png_jpg.rf.6a9dc607faf1bbb9a5141d1497232a0b.jpg,,2,0,mild,advanced,0.8142,0.00536,0.08916,0.0913,0.81418
crops/hibogi_ai_02503_png_6.jpg,hibogi_ai_02503_png,HIBOGI_AI_02503_png_jpg.rf.6a9dc607faf1bbb9a5141d1497232a0b.jpg,,0,0,no_caries,mild,0.4555,0.3291,0.45549,0.0971,0.11832
crops/hibogi_ai_02503_png_7.jpg,hibogi_ai_02503_png,HIBOGI_AI_02503_png_jpg.rf.6a9dc607faf1bbb9a5141d1497232a0b.jpg,,4,0,moderate,no_caries,0.5291,0.52908,0.20397,0.23155,0.0354
crops/hibogi_ai_02503_png_8.jpg,hibogi_ai_02503_png,HIBOGI_AI_02503_png_jpg.rf.6a9dc607faf1bbb9a5141d1497232a0b.jpg,,5,0,advanced,advanced,0.5375,0.09286,0.25418,0.11549,0.53748
crops/hibogi_ai_02503_png_9.jpg,hibogi_ai_02503_png,HIBOGI_AI_02503_png_jpg.rf.6a9dc607faf1bbb9a5141d1497232a0b.jpg,,0,0,no_caries,no_caries,0.7306,0.73062,0.09048,0.09797,0.08092
crops/hibogi_ai_02503_png_10.jpg,hibogi_ai_02503_png,HIBOGI_AI_02503_png_jpg.rf.6a9dc607faf1bbb9a5141d1497232a0b.jpg,,0,0,no_caries,no_caries,0.7678,0.76782,0.0475,0.11239,0.07228
crops/hibogi_ai_02503_png_11.jpg,hibogi_ai_02503_png,HIBOGI_AI_02503_png_jpg.rf.6a9dc607faf1bbb9a5141d1497232a0b.jpg,,0,0,no_caries,no_caries,0.5437,0.54368,0.26016,0.08975,0.1064
crops/hibogi_ai_02503_png_12.jpg,hibogi_ai_02503_png,HIBOGI_AI_02503_png_jpg.rf.6a9dc607faf1bbb9a5141d1497232a0b.jpg,,0,0,no_caries,no_caries,0.7277,0.72767,0.06237,0.1139,0.09606
crops/hibogi_ai_02503_png_13.jpg,hibogi_ai_02503_png,HIBOGI_AI_02503_png_jpg.rf.6a9dc607faf1bbb9a5141d1497232a0b.jpg,,0,0,no_caries,mild,0.4742,0.39307,0.47417,0.06298,0.06978
crops/hibogi_ai_02503_png_14.jpg,hibogi_ai_02503_png,HIBOGI_AI_02503_png_jpg.rf.6a9dc607faf1bbb9a5141d1497232a0b.jpg,,0,0,no_caries,no_caries,0.7589,0.75894,0.03857,0.14127,0.06122
crops/hibogi_ai_02509_png_0.jpg,hibogi_ai_02509_png,HIBOGI_AI_02509_png_jpg.rf.28ba07e2e3666c4ebb52b189b79afcfd.jpg,,0,0,no_caries,no_caries,0.6157,0.61568,0.0935,0.13896,0.15185
crops/hibogi_ai_02509_png_1.jpg,hibogi_ai_02509_png,HIBOGI_AI_02509_png_jpg.rf.28ba07e2e3666c4ebb52b189b79afcfd.jpg,,0,0,no_caries,no_caries,0.5935,0.59352,0.0979,0.21008,0.0985
crops/hibogi_ai_02509_png_2.jpg,hibogi_ai_02509_png,HIBOGI_AI_02509_png_jpg.rf.28ba07e2e3666c4ebb52b189b79afcfd.jpg,,5,0,advanced,moderate,0.5171,0.0552,0.03318,0.51706,0.39457
crops/hibogi_ai_02509_png_3.jpg,hibogi_ai_02509_png,HIBOGI_AI_02509_png_jpg.rf.28ba07e2e3666c4ebb52b189b79afcfd.jpg,,5,0,advanced,advanced,0.9053,0.00571,0.00714,0.08183,0.90532
crops/hibogi_ai_02509_png_4.jpg,hibogi_ai_02509_png,HIBOGI_AI_02509_png_jpg.rf.28ba07e2e3666c4ebb52b189b79afcfd.jpg,,0,0,no_caries,no_caries,0.4155,0.41549,0.38199,0.09101,0.11151
crops/hibogi_ai_02509_png_5.jpg,hibogi_ai_02509_png,HIBOGI_AI_02509_png_jpg.rf.28ba07e2e3666c4ebb52b189b79afcfd.jpg,,0,0,no_caries,no_caries,0.6847,0.68474,0.14172,0.11473,0.05881
crops/hibogi_ai_02509_png_6.jpg,hibogi_ai_02509_png,HIBOGI_AI_02509_png_jpg.rf.28ba07e2e3666c4ebb52b189b79afcfd.jpg,,0,0,no_caries,no_caries,0.5095,0.50947,0.28411,0.10026,0.10616
crops/hibogi_ai_02509_png_7.jpg,hibogi_ai_02509_png,HIBOGI_AI_02509_png_jpg.rf.28ba07e2e3666c4ebb52b189b79afcfd.jpg,,0,0,no_caries,no_caries,0.8012,0.80117,0.05361,0.08102,0.06419
crops/hibogi_ai_02509_png_8.jpg,hibogi_ai_02509_png,HIBOGI_AI_02509_png_jpg.rf.28ba07e2e3666c4ebb52b189b79afcfd.jpg,,0,0,no_caries,no_caries,0.7743,0.77434,0.04774,0.07261,0.1053
crops/hibogi_ai_02509_png_9.jpg,hibogi_ai_02509_png,HIBOGI_AI_02509_png_jpg.rf.28ba07e2e3666c4ebb52b189b79afcfd.jpg,,0,0,no_caries,no_caries,0.7588,0.75879,0.05526,0.09086,0.09509
crops/hibogi_ai_02509_png_10.jpg,hibogi_ai_02509_png,HIBOGI_AI_02509_png_jpg.rf.28ba07e2e3666c4ebb52b189b79afcfd.jpg,,0,0,no_caries,no_caries,0.7752,0.77515,0.05435,0.09214,0.07836
crops/hibogi_ai_02509_png_11.jpg,hibogi_ai_02509_png,HIBOGI_AI_02509_png_jpg.rf.28ba07e2e3666c4ebb52b189b79afcfd.jpg,,0,0,no_caries,no_caries,0.7558,0.75576,0.09269,0.07372,0.07783
crops/hibogi_ai_02509_png_12.jpg,hibogi_ai_02509_png,HIBOGI_AI_02509_png_jpg.rf.28ba07e2e3666c4ebb52b189b79afcfd.jpg,,0,0,no_caries,no_caries,0.7737,0.77373,0.03877,0.07287,0.11463
crops/hibogi_ai_02509_png_13.jpg,hibogi_ai_02509_png,HIBOGI_AI_02509_png_jpg.rf.28ba07e2e3666c4ebb52b189b79afcfd.jpg,,0,0,no_caries,no_caries,0.4874,0.48738,0.35282,0.07852,0.08128
crops/hibogi_ai_02509_png_14.jpg,hibogi_ai_02509_png,HIBOGI_AI_02509_png_jpg.rf.28ba07e2e3666c4ebb52b189b79afcfd.jpg,,0,0,no_caries,no_caries,0.4426,0.44256,0.2309,0.27735,0.04919
crops/hibogi_ai_02513_png_0.jpg,hibogi_ai_02513_png,HIBOGI_AI_02513_png_jpg.rf.8b2f5876d88416c8e6e82c4f854394bd.jpg,,0,0,no_caries,no_caries,0.7109,0.71089,0.06817,0.13974,0.08119
crops/hibogi_ai_02513_png_1.jpg,hibogi_ai_02513_png,HIBOGI_AI_02513_png_jpg.rf.8b2f5876d88416c8e6e82c4f854394bd.jpg,,5,0,advanced,advanced,0.8165,0.00383,0.01423,0.16542,0.81652
crops/hibogi_ai_02513_png_2.jpg,hibogi_ai_02513_png,HIBOGI_AI_02513_png_jpg.rf.8b2f5876d88416c8e6e82c4f854394bd.jpg,,5,0,advanced,advanced,0.8017,0.0151,0.07898,0.10418,0.80175
crops/hibogi_ai_02513_png_3.jpg,hibogi_ai_02513_png,HIBOGI_AI_02513_png_jpg.rf.8b2f5876d88416c8e6e82c4f854394bd.jpg,,5,0,advanced,advanced,0.9562,0.00355,0.01402,0.02619,0.95624
crops/hibogi_ai_02513_png_4.jpg,hibogi_ai_02513_png,HIBOGI_AI_02513_png_jpg.rf.8b2f5876d88416c8e6e82c4f854394bd.jpg,,0,0,no_caries,no_caries,0.8049,0.80491,0.04244,0.08134,0.07132
crops/hibogi_ai_02513_png_5.jpg,hibogi_ai_02513_png,HIBOGI_AI_02513_png_jpg.rf.8b2f5876d88416c8e6e82c4f854394bd.jpg,,0,0,no_caries,no_caries,0.7559,0.75589,0.03832,0.12538,0.08041
crops/hibogi_ai_02513_png_6.jpg,hibogi_ai_02513_png,HIBOGI_AI_02513_png_jpg.rf.8b2f5876d88416c8e6e82c4f854394bd.jpg,,0,0,no_caries,no_caries,0.7138,0.71379,0.02394,0.12932,0.13295
crops/hibogi_ai_02532_png_0.jpg,hibogi_ai_02532_png,HIBOGI_AI_02532_png_jpg.rf.4e902ca9864a34c1f90c65c272727cdd.jpg,,2,0,mild,advanced,0.3805,0.06179,0.34752,0.21024,0.38045
crops/hibogi_ai_02532_png_1.jpg,hibogi_ai_02532_png,HIBOGI_AI_02532_png_jpg.rf.4e902ca9864a34c1f90c65c272727cdd.jpg,,6,0,advanced,advanced,0.9534,0.00789,0.02308,0.01566,0.95338
crops/hibogi_ai_02532_png_2.jpg,hibogi_ai_02532_png,HIBOGI_AI_02532_png_jpg.rf.4e902ca9864a34c1f90c65c272727cdd.jpg,,0,0,no_caries,no_caries,0.7889,0.7889,0.05003,0.11109,0.04999
crops/hibogi_ai_02532_png_3.jpg,hibogi_ai_02532_png,HIBOGI_AI_02532_png_jpg.rf.4e902ca9864a34c1f90c65c272727cdd.jpg,,1,0,mild,mild,0.4766,0.26782,0.47656,0.05343,0.2022
crops/hibogi_ai_02532_png_4.jpg,hibogi_ai_02532_png,HIBOGI_AI_02532_png_jpg.rf.4e902ca9864a34c1f90c65c272727cdd.jpg,,0,0,no_caries,no_caries,0.7695,0.76948,0.04724,0.09224,0.09104
crops/hibogi_ai_02532_png_5.jpg,hibogi_ai_02532_png,HIBOGI_AI_02532_png_jpg.rf.4e902ca9864a34c1f90c65c272727cdd.jpg,,0,0,no_caries,no_caries,0.7708,0.7708,0.05199,0.10894,0.06827
crops/hibogi_ai_02532_png_6.jpg,hibogi_ai_02532_png,HIBOGI_AI_02532_png_jpg.rf.4e902ca9864a34c1f90c65c272727cdd.jpg,,0,0,no_caries,mild,0.5224,0.31333,0.52242,0.08484,0.07941
crops/hibogi_ai_02532_png_7.jpg,hibogi_ai_02532_png,HIBOGI_AI_02532_png_jpg.rf.4e902ca9864a34c1f90c65c272727cdd.jpg,,0,0,no_caries,mild,0.4846,0.06022,0.48465,0.43946,0.01567
crops/hibogi_ai_02532_png_8.jpg,hibogi_ai_02532_png,HIBOGI_AI_02532_png_jpg.rf.4e902ca9864a34c1f90c65c272727cdd.jpg,,6,0,advanced,advanced,0.94,0.0068,0.02283,0.03039,0.93998
crops/hibogi_ai_02532_png_9.jpg,hibogi_ai_02532_png,HIBOGI_AI_02532_png_jpg.rf.4e902ca9864a34c1f90c65c272727cdd.jpg,,6,0,advanced,advanced,0.5654,0.03042,0.12881,0.27535,0.56542
crops/hibogi_ai_02545_png_0.jpg,hibogi_ai_02545_png,HIBOGI_AI_02545_png_jpg.rf.51cfa2a88e70d88bf7b050cd59078c73.jpg,,1,0,mild,no_caries,0.6509,0.65087,0.15017,0.11646,0.08249
crops/hibogi_ai_02545_png_1.jpg,hibogi_ai_02545_png,HIBOGI_AI_02545_png_jpg.rf.51cfa2a88e70d88bf7b050cd59078c73.jpg,,0,0,no_caries,no_caries,0.7722,0.77221,0.03621,0.10146,0.09012
crops/hibogi_ai_02545_png_2.jpg,hibogi_ai_02545_png,HIBOGI_AI_02545_png_jpg.rf.51cfa2a88e70d88bf7b050cd59078c73.jpg,,5,0,advanced,advanced,0.8656,0.02467,0.02134,0.0884,0.8656
crops/hibogi_ai_02545_png_3.jpg,hibogi_ai_02545_png,HIBOGI_AI_02545_png_jpg.rf.51cfa2a88e70d88bf7b050cd59078c73.jpg,,1,0,mild,no_caries,0.6102,0.61021,0.13672,0.18724,0.06583
crops/hibogi_ai_02545_png_4.jpg,hibogi_ai_02545_png,HIBOGI_AI_02545_png_jpg.rf.51cfa2a88e70d88bf7b050cd59078c73.jpg,,0,0,no_caries,no_caries,0.7565,0.75654,0.03386,0.09472,0.11488
crops/hibogi_ai_02545_png_5.jpg,hibogi_ai_02545_png,HIBOGI_AI_02545_png_jpg.rf.51cfa2a88e70d88bf7b050cd59078c73.jpg,,0,0,no_caries,no_caries,0.7383,0.73825,0.03052,0.12133,0.1099
crops/hibogi_ai_02545_png_6.jpg,hibogi_ai_02545_png,HIBOGI_AI_02545_png_jpg.rf.51cfa2a88e70d88bf7b050cd59078c73.jpg,,0,0,no_caries,no_caries,0.4619,0.46188,0.03421,0.42818,0.07573
crops/hibogi_ai_02545_png_7.jpg,hibogi_ai_02545_png,HIBOGI_AI_02545_png_jpg.rf.51cfa2a88e70d88bf7b050cd59078c73.jpg,,0,0,no_caries,no_caries,0.4101,0.41007,0.10378,0.40469,0.08146
crops/hibogi_ai_02545_png_8.jpg,hibogi_ai_02545_png,HIBOGI_AI_02545_png_jpg.rf.51cfa2a88e70d88bf7b050cd59078c73.jpg,,1,0,mild,no_caries,0.4199,0.41985,0.02454,0.3996,0.156
crops/hibogi_ai_02545_png_9.jpg,hibogi_ai_02545_png,HIBOGI_AI_02545_png_jpg.rf.51cfa2a88e70d88bf7b050cd59078c73.jpg,,1,0,mild,no_caries,0.7661,0.76609,0.04541,0.11621,0.07229
crops/hibogi_ai_02545_png_10.jpg,hibogi_ai_02545_png,HIBOGI_AI_02545_png_jpg.rf.51cfa2a88e70d88bf7b050cd59078c73.jpg,,0,0,no_caries,no_caries,0.5336,0.5336,0.01781,0.27464,0.17395
crops/hibogi_ai_02545_png_11.jpg,hibogi_ai_02545_png,HIBOGI_AI_02545_png_jpg.rf.51cfa2a88e70d88bf7b050cd59078c73.jpg,,0,0,no_caries,no_caries,0.7476,0.74762,0.01731,0.12451,0.11056
crops/hibogi_ai_02545_png_12.jpg,hibogi_ai_02545_png,HIBOGI_AI_02545_png_jpg.rf.51cfa2a88e70d88bf7b050cd59078c73.jpg,,0,0,no_caries,no_caries,0.7467,0.74666,0.02716,0.11643,0.10975
crops/hibogi_ai_02545_png_13.jpg,hibogi_ai_02545_png,HIBOGI_AI_02545_png_jpg.rf.51cfa2a88e70d88bf7b050cd59078c73.jpg,,0,0,no_caries,no_caries,0.6199,0.61994,0.09037,0.25017,0.03953
crops/hibogi_ai_02556_png_0.jpg,hibogi_ai_02556_png,HIBOGI_AI_02556_png_jpg.rf.7f65d98f7e71db3cbe476661eacc6e98.jpg,,5,0,advanced,advanced,0.8883,0.00733,0.04432,0.06009,0.88826
crops/hibogi_ai_02556_png_1.jpg,hibogi_ai_02556_png,HIBOGI_AI_02556_png_jpg.rf.7f65d98f7e71db3cbe476661eacc6e98.jpg,,6,0,advanced,advanced,0.9347,0.00183,0.02952,0.03391,0.93474
crops/hibogi_ai_02556_png_2.jpg,hibogi_ai_02556_png,HIBOGI_AI_02556_png_jpg.rf.7f65d98f7e71db3cbe476661eacc6e98.jpg,,6,0,advanced,advanced,0.6421,0.02857,0.29647,0.03281,0.64215
crops/hibogi_ai_02556_png_3.jpg,hibogi_ai_02556_png,HIBOGI_AI_02556_png_jpg.rf.7f65d98f7e71db3cbe476661eacc6e98.jpg,,6,0,advanced,advanced,0.8867,0.00923,0.08133,0.02272,0.88672
crops/hibogi_ai_02556_png_4.jpg,hibogi_ai_02556_png,HIBOGI_AI_02556_png_jpg.rf.7f65d98f7e71db3cbe476661eacc6e98.jpg,,6,0,advanced,advanced,0.9836,0.00188,0.00645,0.00806,0.98361
crops/hibogi_ai_02556_png_5.jpg,hibogi_ai_02556_png,HIBOGI_AI_02556_png_jpg.rf.7f65d98f7e71db3cbe476661eacc6e98.jpg,,6,0,advanced,no_caries,0.7909,0.79088,0.05311,0.08428,0.07174
crops/hibogi_ai_02556_png_6.jpg,hibogi_ai_02556_png,HIBOGI_AI_02556_png_jpg.rf.7f65d98f7e71db3cbe476661eacc6e98.jpg,,6,0,advanced,advanced,0.9427,0.00388,0.01793,0.03547,0.94271
crops/hibogi_ai_02556_png_7.jpg,hibogi_ai_02556_png,HIBOGI_AI_02556_png_jpg.rf.7f65d98f7e71db3cbe476661eacc6e98.jpg,,5,0,advanced,advanced,0.4723,0.02803,0.11329,0.38639,0.47229
crops/hibogi_ai_02556_png_8.jpg,hibogi_ai_02556_png,HIBOGI_AI_02556_png_jpg.rf.7f65d98f7e71db3cbe476661eacc6e98.jpg,,5,0,advanced,advanced,0.5522,0.14418,0.10822,0.19545,0.55216
crops/hibogi_ai_02556_png_9.jpg,hibogi_ai_02556_png,HIBOGI_AI_02556_png_jpg.rf.7f65d98f7e71db3cbe476661eacc6e98.jpg,,6,0,advanced,advanced,0.9824,0.00092,0.00812,0.00853,0.98243
crops/hibogi_ai_02558_png_0.jpg,hibogi_ai_02558_png,HIBOGI_AI_02558_png_jpg.rf.de1641562caaecec7bdf60f3a6958aef.jpg,,5,0,advanced,advanced,0.5303,0.08187,0.33305,0.05479,0.53028
crops/hibogi_ai_02558_png_1.jpg,hibogi_ai_02558_png,HIBOGI_AI_02558_png_jpg.rf.de1641562caaecec7bdf60f3a6958aef.jpg,,5,0,advanced,advanced,0.8131,0.01486,0.10964,0.06244,0.81306
crops/hibogi_ai_02558_png_2.jpg,hibogi_ai_02558_png,HIBOGI_AI_02558_png_jpg.rf.de1641562caaecec7bdf60f3a6958aef.jpg,,5,0,advanced,advanced,0.5516,0.03885,0.3122,0.09734,0.55161
crops/hibogi_ai_02558_png_3.jpg,hibogi_ai_02558_png,HIBOGI_AI_02558_png_jpg.rf.de1641562caaecec7bdf60f3a6958aef.jpg,,0,0,no_caries,no_caries,0.7462,0.74623,0.03585,0.105,0.11292
crops/hibogi_ai_02558_png_4.jpg,hibogi_ai_02558_png,HIBOGI_AI_02558_png_jpg.rf.de1641562caaecec7bdf60f3a6958aef.jpg,,0,0,no_caries,no_caries,0.6189,0.61887,0.13062,0.11896,0.13155
crops/hibogi_ai_02558_png_5.jpg,hibogi_ai_02558_png,HIBOGI_AI_02558_png_jpg.rf.de1641562caaecec7bdf60f3a6958aef.jpg,,0,0,no_caries,no_caries,0.7523,0.75226,0.02595,0.14152,0.08027
crops/hibogi_ai_02558_png_6.jpg,hibogi_ai_02558_png,HIBOGI_AI_02558_png_jpg.rf.de1641562caaecec7bdf60f3a6958aef.jpg,,0,0,no_caries,no_caries,0.5188,0.51875,0.27586,0.11522,0.09017
crops/hibogi_ai_02558_png_7.jpg,hibogi_ai_02558_png,HIBOGI_AI_02558_png_jpg.rf.de1641562caaecec7bdf60f3a6958aef.jpg,,0,0,no_caries,no_caries,0.7889,0.78895,0.02709,0.11032,0.07365
crops/hibogi_ai_02558_png_8.jpg,hibogi_ai_02558_png,HIBOGI_AI_02558_png_jpg.rf.de1641562caaecec7bdf60f3a6958aef.jpg,,0,0,no_caries,no_caries,0.8096,0.80959,0.05617,0.06414,0.0701
crops/hibogi_ai_02561_png_0.jpg,hibogi_ai_02561_png,HIBOGI_AI_02561_png_jpg.rf.c2e3ced79a94ff5afdf82af9e148d75b.jpg,,0,0,no_caries,no_caries,0.432,0.432,0.20097,0.30883,0.05819
crops/hibogi_ai_02561_png_1.jpg,hibogi_ai_02561_png,HIBOGI_AI_02561_png_jpg.rf.c2e3ced79a94ff5afdf82af9e148d75b.jpg,,4,0,moderate,mild,0.3913,0.29013,0.39135,0.21901,0.09951
crops/hibogi_ai_02561_png_2.jpg,hibogi_ai_02561_png,HIBOGI_AI_02561_png_jpg.rf.c2e3ced79a94ff5afdf82af9e148d75b.jpg,,0,0,no_caries,no_caries,0.6588,0.6588,0.13745,0.12752,0.07623
crops/hibogi_ai_02561_png_3.jpg,hibogi_ai_02561_png,HIBOGI_AI_02561_png_jpg.rf.c2e3ced79a94ff5afdf82af9e148d75b.jpg,,0,0,no_caries,no_caries,0.7507,0.75067,0.01952,0.14924,0.08057
crops/hibogi_ai_02561_png_4.jpg,hibogi_ai_02561_png,HIBOGI_AI_02561_png_jpg.rf.c2e3ced79a94ff5afdf82af9e148d75b.jpg,,0,0,no_caries,no_caries,0.7176,0.71762,0.02377,0.19829,0.06031
crops/hibogi_ai_02561_png_5.jpg,hibogi_ai_02561_png,HIBOGI_AI_02561_png_jpg.rf.c2e3ced79a94ff5afdf82af9e148d75b.jpg,,0,0,no_caries,no_caries,0.5048,0.50484,0.03136,0.36683,0.09697
crops/hibogi_ai_02561_png_6.jpg,hibogi_ai_02561_png,HIBOGI_AI_02561_png_jpg.rf.c2e3ced79a94ff5afdf82af9e148d75b.jpg,,0,0,no_caries,no_caries,0.6511,0.65114,0.01778,0.28573,0.04534
crops/hibogi_ai_02561_png_7.jpg,hibogi_ai_02561_png,HIBOGI_AI_02561_png_jpg.rf.c2e3ced79a94ff5afdf82af9e148d75b.jpg,,0,0,no_caries,no_caries,0.7565,0.75645,0.12402,0.08896,0.03057
crops/hibogi_ai_02561_png_8.jpg,hibogi_ai_02561_png,HIBOGI_AI_02561_png_jpg.rf.c2e3ced79a94ff5afdf82af9e148d75b.jpg,,0,0,no_caries,mild,0.5632,0.24881,0.56323,0.11377,0.07419
crops/hibogi_ai_02575_png_0.jpg,hibogi_ai_02575_png,HIBOGI_AI_02575_png_jpg.rf.3b08c5ca7c661cf921562bdeb78bbba4.jpg,,5,0,advanced,advanced,0.7323,0.00382,0.04349,0.22035,0.73234
crops/hibogi_ai_02575_png_1.jpg,hibogi_ai_02575_png,HIBOGI_AI_02575_png_jpg.rf.3b08c5ca7c661cf921562bdeb78bbba4.jpg,,1,0,mild,moderate,0.9309,0.00596,0.01425,0.93085,0.04894
crops/hibogi_ai_02575_png_2.jpg,hibogi_ai_02575_png,HIBOGI_AI_02575_png_jpg.rf.3b08c5ca7c661cf921562bdeb78bbba4.jpg,,0,0,no_caries,no_caries,0.6532,0.65323,0.07401,0.17234,0.10042
crops/hibogi_ai_02575_png_3.jpg,hibogi_ai_02575_png,HIBOGI_AI_02575_png_jpg.rf.3b08c5ca7c661cf921562bdeb78bbba4.jpg,,0,0,no_caries,no_caries,0.7403,0.7403,0.02788,0.14533,0.08648
crops/hibogi_ai_02575_png_4.jpg,hibogi_ai_02575_png,HIBOGI_AI_02575_png_jpg.rf.3b08c5ca7c661cf921562bdeb78bbba4.jpg,,0,0,no_caries,no_caries,0.8403,0.8403,0.04127,0.07272,0.04571
crops/hibogi_ai_02575_png_5.jpg,hibogi_ai_02575_png,HIBOGI_AI_02575_png_jpg.rf.3b08c5ca7c661cf921562bdeb78bbba4.jpg,,0,0,no_caries,no_caries,0.8108,0.81076,0.02255,0.11384,0.05286
crops/hibogi_ai_02575_png_6.jpg,hibogi_ai_02575_png,HIBOGI_AI_02575_png_jpg.rf.3b08c5ca7c661cf921562bdeb78bbba4.jpg,,0,0,no_caries,no_caries,0.8324,0.83236,0.01597,0.11082,0.04086
crops/hibogi_ai_02575_png_7.jpg,hibogi_ai_02575_png,HIBOGI_AI_02575_png_jpg.rf.3b08c5ca7c661cf921562bdeb78bbba4.jpg,,0,0,no_caries,no_caries,0.7504,0.75035,0.05276,0.08844,0.10845
crops/hibogi_ai_02575_png_8.jpg,hibogi_ai_02575_png,HIBOGI_AI_02575_png_jpg.rf.3b08c5ca7c661cf921562bdeb78bbba4.jpg,,0,0,no_caries,moderate,0.3859,0.2109,0.30624,0.38587,0.09699
crops/hibogi_ai_02575_png_9.jpg,hibogi_ai_02575_png,HIBOGI_AI_02575_png_jpg.rf.3b08c5ca7c661cf921562bdeb78bbba4.jpg,,0,0,no_caries,moderate,0.7566,0.10396,0.09501,0.75655,0.04448
crops/hibogi_ai_02598_png_0.jpg,hibogi_ai_02598_png,HIBOGI_AI_02598_png_jpg.rf.e6d90c94c5023885defc8dce9f6bc2f6.jpg,,0,0,no_caries,no_caries,0.4475,0.44745,0.16697,0.17128,0.2143
crops/hibogi_ai_02598_png_1.jpg,hibogi_ai_02598_png,HIBOGI_AI_02598_png_jpg.rf.e6d90c94c5023885defc8dce9f6bc2f6.jpg,,0,0,no_caries,no_caries,0.7674,0.76739,0.03949,0.13665,0.05648
crops/hibogi_ai_02598_png_2.jpg,hibogi_ai_02598_png,HIBOGI_AI_02598_png_jpg.rf.e6d90c94c5023885defc8dce9f6bc2f6.jpg,,0,0,no_caries,no_caries,0.7629,0.76287,0.0609,0.08213,0.0941
crops/hibogi_ai_02598_png_3.jpg,hibogi_ai_02598_png,HIBOGI_AI_02598_png_jpg.rf.e6d90c94c5023885defc8dce9f6bc2f6.jpg,,0,0,no_caries,no_caries,0.5341,0.53407,0.1322,0.18082,0.15292
crops/hibogi_ai_02598_png_4.jpg,hibogi_ai_02598_png,HIBOGI_AI_02598_png_jpg.rf.e6d90c94c5023885defc8dce9f6bc2f6.jpg,,0,0,no_caries,no_caries,0.8286,0.82856,0.0855,0.07282,0.01312
crops/hibogi_ai_02598_png_5.jpg,hibogi_ai_02598_png,HIBOGI_AI_02598_png_jpg.rf.e6d90c94c5023885defc8dce9f6bc2f6.jpg,,0,0,no_caries,no_caries,0.6531,0.65306,0.0937,0.21034,0.0429
crops/hibogi_ai_02598_png_6.jpg,hibogi_ai_02598_png,HIBOGI_AI_02598_png_jpg.rf.e6d90c94c5023885defc8dce9f6bc2f6.jpg,,0,0,no_caries,no_caries,0.7974,0.79741,0.07806,0.08941,0.03512
crops/hibogi_ai_02598_png_7.jpg,hibogi_ai_02598_png,HIBOGI_AI_02598_png_jpg.rf.e6d90c94c5023885defc8dce9f6bc2f6.jpg,,0,0,no_caries,advanced,0.3853,0.16136,0.29005,0.16331,0.38529
crops/hibogi_ai_02598_png_8.jpg,hibogi_ai_02598_png,HIBOGI_AI_02598_png_jpg.rf.e6d90c94c5023885defc8dce9f6bc2f6.jpg,,0,0,no_caries,no_caries,0.839,0.83897,0.02195,0.08739,0.0517
crops/hibogi_ai_02598_png_9.jpg,hibogi_ai_02598_png,HIBOGI_AI_02598_png_jpg.rf.e6d90c94c5023885defc8dce9f6bc2f6.jpg,,0,0,no_caries,no_caries,0.78,0.77996,0.08506,0.10547,0.02952
crops/hibogi_ai_02598_png_10.jpg,hibogi_ai_02598_png,HIBOGI_AI_02598_png_jpg.rf.e6d90c94c5023885defc8dce9f6bc2f6.jpg,,0,0,no_caries,no_caries,0.7614,0.76137,0.04785,0.14337,0.04741
crops/hibogi_ai_02598_png_11.jpg,hibogi_ai_02598_png,HIBOGI_AI_02598_png_jpg.rf.e6d90c94c5023885defc8dce9f6bc2f6.jpg,,4,0,moderate,mild,0.5236,0.11348,0.52356,0.12666,0.23629
crops/hibogi_ai_02600_png_0.jpg,hibogi_ai_02600_png,HIBOGI_AI_02600_png_jpg.rf.dcb903ea53a63cbcecef730de4adcc02.jpg,,0,0,no_caries,no_caries,0.7547,0.75468,0.04739,0.13085,0.06707
crops/hibogi_ai_02600_png_1.jpg,hibogi_ai_02600_png,HIBOGI_AI_02600_png_jpg.rf.dcb903ea53a63cbcecef730de4adcc02.jpg,,0,0,no_caries,no_caries,0.7288,0.72879,0.03109,0.18883,0.05129
crops/hibogi_ai_02600_png_2.jpg,hibogi_ai_02600_png,HIBOGI_AI_02600_png_jpg.rf.dcb903ea53a63cbcecef730de4adcc02.jpg,,0,0,no_caries,no_caries,0.7058,0.70585,0.16858,0.08788,0.0377
crops/hibogi_ai_02600_png_3.jpg,hibogi_ai_02600_png,HIBOGI_AI_02600_png_jpg.rf.dcb903ea53a63cbcecef730de4adcc02.jpg,,0,0,no_caries,no_caries,0.8182,0.81821,0.06405,0.0607,0.05704
crops/hibogi_ai_02600_png_4.jpg,hibogi_ai_02600_png,HIBOGI_AI_02600_png_jpg.rf.dcb903ea53a63cbcecef730de4adcc02.jpg,,0,0,no_caries,moderate,0.6079,0.05195,0.12177,0.60792,0.21836
crops/hibogi_ai_02600_png_5.jpg,hibogi_ai_02600_png,HIBOGI_AI_02600_png_jpg.rf.dcb903ea53a63cbcecef730de4adcc02.jpg,,0,0,no_caries,mild,0.3094,0.15779,0.30939,0.29462,0.23819
crops/hibogi_ai_02600_png_6.jpg,hibogi_ai_02600_png,HIBOGI_AI_02600_png_jpg.rf.dcb903ea53a63cbcecef730de4adcc02.jpg,,0,0,no_caries,mild,0.4237,0.27331,0.42368,0.24539,0.05762
crops/hibogi_ai_02600_png_7.jpg,hibogi_ai_02600_png,HIBOGI_AI_02600_png_jpg.rf.dcb903ea53a63cbcecef730de4adcc02.jpg,,0,0,no_caries,no_caries,0.7873,0.78729,0.08078,0.07293,0.05901
crops/hibogi_ai_02600_png_8.jpg,hibogi_ai_02600_png,HIBOGI_AI_02600_png_jpg.rf.dcb903ea53a63cbcecef730de4adcc02.jpg,,0,0,no_caries,no_caries,0.8543,0.85434,0.03627,0.07861,0.03077
crops/hibogi_ai_02600_png_9.jpg,hibogi_ai_02600_png,HIBOGI_AI_02600_png_jpg.rf.dcb903ea53a63cbcecef730de4adcc02.jpg,,0,0,no_caries,no_caries,0.6622,0.66215,0.11376,0.13327,0.09082
crops/hibogi_ai_02600_png_10.jpg,hibogi_ai_02600_png,HIBOGI_AI_02600_png_jpg.rf.dcb903ea53a63cbcecef730de4adcc02.jpg,,0,0,no_caries,no_caries,0.703,0.70296,0.03692,0.18491,0.07521
crops/hibogi_ai_02600_png_11.jpg,hibogi_ai_02600_png,HIBOGI_AI_02600_png_jpg.rf.dcb903ea53a63cbcecef730de4adcc02.jpg,,0,0,no_caries,no_caries,0.6971,0.69708,0.11286,0.12206,0.068
crops/hibogi_ai_02600_png_12.jpg,hibogi_ai_02600_png,HIBOGI_AI_02600_png_jpg.rf.dcb903ea53a63cbcecef730de4adcc02.jpg,,5,0,advanced,mild,0.4925,0.27032,0.49253,0.16615,0.071
crops/hibogi_ai_02600_png_13.jpg,hibogi_ai_02600_png,HIBOGI_AI_02600_png_jpg.rf.dcb903ea53a63cbcecef730de4adcc02.jpg,,2,0,mild,moderate,0.5868,0.08281,0.20515,0.58675,0.12529
crops/hibogi_ai_02629_png_0.jpg,hibogi_ai_02629_png,HIBOGI_AI_02629_png_jpg.rf.c763d1370dccbe9c6266ec6cb8a1570e.jpg,,0,0,no_caries,no_caries,0.5083,0.50829,0.35456,0.08414,0.05301
crops/hibogi_ai_02629_png_1.jpg,hibogi_ai_02629_png,HIBOGI_AI_02629_png_jpg.rf.c763d1370dccbe9c6266ec6cb8a1570e.jpg,,0,0,no_caries,advanced,0.4859,0.32546,0.10279,0.0858,0.48594
crops/hibogi_ai_02629_png_2.jpg,hibogi_ai_02629_png,HIBOGI_AI_02629_png_jpg.rf.c763d1370dccbe9c6266ec6cb8a1570e.jpg,,2,0,mild,mild,0.5795,0.0206,0.57954,0.08503,0.31483
crops/hibogi_ai_02629_png_3.jpg,hibogi_ai_02629_png,HIBOGI_AI_02629_png_jpg.rf.c763d1370dccbe9c6266ec6cb8a1570e.jpg,,5,0,advanced,advanced,0.7266,0.0196,0.06678,0.18699,0.72662
crops/hibogi_ai_02629_png_4.jpg,hibogi_ai_02629_png,HIBOGI_AI_02629_png_jpg.rf.c763d1370dccbe9c6266ec6cb8a1570e.jpg,,3,0,moderate,advanced,0.7873,0.00542,0.0441,0.16312,0.78735
crops/hibogi_ai_02629_png_5.jpg,hibogi_ai_02629_png,HIBOGI_AI_02629_png_jpg.rf.c763d1370dccbe9c6266ec6cb8a1570e.jpg,,5,0,advanced,advanced,0.8456,0.00966,0.03029,0.11445,0.8456
crops/hibogi_ai_02629_png_6.jpg,hibogi_ai_02629_png,HIBOGI_AI_02629_png_jpg.rf.c763d1370dccbe9c6266ec6cb8a1570e.jpg,,0,0,no_caries,no_caries,0.8386,0.83857,0.04623,0.04828,0.06692
crops/hibogi_ai_02629_png_7.jpg,hibogi_ai_02629_png,HIBOGI_AI_02629_png_jpg.rf.c763d1370dccbe9c6266ec6cb8a1570e.jpg,,0,0,no_caries,no_caries,0.3748,0.37485,0.34089,0.1153,0.16897
crops/hibogi_ai_02629_png_8.jpg,hibogi_ai_02629_png,HIBOGI_AI_02629_png_jpg.rf.c763d1370dccbe9c6266ec6cb8a1570e.jpg,,0,0,no_caries,no_caries,0.4275,0.42746,0.25752,0.2,0.11502
crops/hibogi_ai_02629_png_9.jpg,hibogi_ai_02629_png,HIBOGI_AI_02629_png_jpg.rf.c763d1370dccbe9c6266ec6cb8a1570e.jpg,,0,0,no_caries,no_caries,0.7618,0.76182,0.0426,0.12236,0.07322
crops/hibogi_ai_02629_png_10.jpg,hibogi_ai_02629_png,HIBOGI_AI_02629_png_jpg.rf.c763d1370dccbe9c6266ec6cb8a1570e.jpg,,0,0,no_caries,no_caries,0.7827,0.78267,0.04332,0.13901,0.03501
crops/hibogi_ai_02629_png_11.jpg,hibogi_ai_02629_png,HIBOGI_AI_02629_png_jpg.rf.c763d1370dccbe9c6266ec6cb8a1570e.jpg,,0,0,no_caries,no_caries,0.818,0.81804,0.02912,0.08239,0.07045
crops/hibogi_ai_02629_png_12.jpg,hibogi_ai_02629_png,HIBOGI_AI_02629_png_jpg.rf.c763d1370dccbe9c6266ec6cb8a1570e.jpg,,0,0,no_caries,no_caries,0.8407,0.8407,0.02615,0.08228,0.05087
crops/hibogi_ai_02629_png_13.jpg,hibogi_ai_02629_png,HIBOGI_AI_02629_png_jpg.rf.c763d1370dccbe9c6266ec6cb8a1570e.jpg,,0,0,no_caries,no_caries,0.8492,0.84916,0.04779,0.05314,0.0499
crops/hibogi_ai_02629_png_14.jpg,hibogi_ai_02629_png,HIBOGI_AI_02629_png_jpg.rf.c763d1370dccbe9c6266ec6cb8a1570e.jpg,,0,0,no_caries,no_caries,0.7881,0.78807,0.0574,0.09664,0.05788
crops/hibogi_ai_02629_png_15.jpg,hibogi_ai_02629_png,HIBOGI_AI_02629_png_jpg.rf.c763d1370dccbe9c6266ec6cb8a1570e.jpg,,0,0,no_caries,no_caries,0.7712,0.77119,0.04253,0.11441,0.07187
crops/hibogi_ai_02629_png_16.jpg,hibogi_ai_02629_png,HIBOGI_AI_02629_png_jpg.rf.c763d1370dccbe9c6266ec6cb8a1570e.jpg,,0,0,no_caries,mild,0.5374,0.35541,0.53745,0.05671,0.05043
crops/hibogi_ai_02641_png_0.jpg,hibogi_ai_02641_png,HIBOGI_AI_02641_png_jpg.rf.b884c8d5b984f8096880e14cf0dbb6ad.jpg,,3,0,moderate,moderate,0.9622,0.00146,0.00597,0.96217,0.0304
crops/hibogi_ai_02641_png_1.jpg,hibogi_ai_02641_png,HIBOGI_AI_02641_png_jpg.rf.b884c8d5b984f8096880e14cf0dbb6ad.jpg,,0,0,no_caries,mild,0.5454,0.25165,0.54543,0.13319,0.06973
crops/hibogi_ai_02641_png_2.jpg,hibogi_ai_02641_png,HIBOGI_AI_02641_png_jpg.rf.b884c8d5b984f8096880e14cf0dbb6ad.jpg,,0,0,no_caries,mild,0.447,0.33436,0.44704,0.18273,0.03587
crops/hibogi_ai_02641_png_3.jpg,hibogi_ai_02641_png,HIBOGI_AI_02641_png_jpg.rf.b884c8d5b984f8096880e14cf0dbb6ad.jpg,,0,0,no_caries,no_caries,0.8617,0.86172,0.02111,0.06737,0.0498
crops/hibogi_ai_02641_png_4.jpg,hibogi_ai_02641_png,HIBOGI_AI_02641_png_jpg.rf.b884c8d5b984f8096880e14cf0dbb6ad.jpg,,0,0,no_caries,no_caries,0.817,0.81698,0.03627,0.0754,0.07135
crops/hibogi_ai_02641_png_5.jpg,hibogi_ai_02641_png,HIBOGI_AI_02641_png_jpg.rf.b884c8d5b984f8096880e14cf0dbb6ad.jpg,,0,0,no_caries,no_caries,0.8692,0.86922,0.02591,0.05808,0.0468
crops/hibogi_ai_02641_png_6.jpg,hibogi_ai_02641_png,HIBOGI_AI_02641_png_jpg.rf.b884c8d5b984f8096880e14cf0dbb6ad.jpg,,0,0,no_caries,no_caries,0.7933,0.79334,0.01655,0.11865,0.07146
crops/hibogi_ai_02641_png_7.jpg,hibogi_ai_02641_png,HIBOGI_AI_02641_png_jpg.rf.b884c8d5b984f8096880e14cf0dbb6ad.jpg,,0,0,no_caries,no_caries,0.5151,0.51505,0.2265,0.18552,0.07293
crops/hibogi_ai_02641_png_8.jpg,hibogi_ai_02641_png,HIBOGI_AI_02641_png_jpg.rf.b884c8d5b984f8096880e14cf0dbb6ad.jpg,,5,0,advanced,moderate,0.6203,0.00928,0.0941,0.62033,0.27629
crops/hibogi_ai_02673_png_0.jpg,hibogi_ai_02673_png,HIBOGI_AI_02673_png_jpg.rf.b1e53ff53fbc933e2c6c84f9c7cd021b.jpg,,5,0,advanced,advanced,0.7911,0.02566,0.12537,0.05785,0.79112
crops/hibogi_ai_02673_png_1.jpg,hibogi_ai_02673_png,HIBOGI_AI_02673_png_jpg.rf.b1e53ff53fbc933e2c6c84f9c7cd021b.jpg,,0,0,no_caries,no_caries,0.6993,0.6993,0.10842,0.09774,0.09453
crops/hibogi_ai_02673_png_2.jpg,hibogi_ai_02673_png,HIBOGI_AI_02673_png_jpg.rf.b1e53ff53fbc933e2c6c84f9c7cd021b.jpg,,2,0,mild,no_caries,0.4516,0.45157,0.43878,0.06889,0.04076
crops/hibogi_ai_02673_png_3.jpg,hibogi_ai_02673_png,HIBOGI_AI_02673_png_jpg.rf.b1e53ff53fbc933e2c6c84f9c7cd021b.jpg,,0,0,no_caries,no_caries,0.5014,0.50136,0.23286,0.08166,0.18411
crops/hibogi_ai_02673_png_4.jpg,hibogi_ai_02673_png,HIBOGI_AI_02673_png_jpg.rf.b1e53ff53fbc933e2c6c84f9c7cd021b.jpg,,4,0,moderate,advanced,0.4483,0.1501,0.31358,0.08804,0.44828
crops/hibogi_ai_02682_png_0.jpg,hibogi_ai_02682_png,HIBOGI_AI_02682_png_jpg.rf.d969ba7c15a352d22ac0928f88b93028.jpg,,0,0,no_caries,advanced,0.5289,0.15626,0.22596,0.08886,0.52892
crops/hibogi_ai_02682_png_1.jpg,hibogi_ai_02682_png,HIBOGI_AI_02682_png_jpg.rf.d969ba7c15a352d22ac0928f88b93028.jpg,,2,0,mild,mild,0.488,0.34957,0.48803,0.05526,0.10714
crops/hibogi_ai_02682_png_2.jpg,hibogi_ai_02682_png,HIBOGI_AI_02682_png_jpg.rf.d969ba7c15a352d22ac0928f88b93028.jpg,,0,0,no_caries,no_caries,0.7442,0.74423,0.0539,0.09502,0.10684
crops/hibogi_ai_02682_png_3.jpg,hibogi_ai_02682_png,HIBOGI_AI_02682_png_jpg.rf.d969ba7c15a352d22ac0928f88b93028.jpg,,5,0,advanced,moderate,0.4897,0.03373,0.04129,0.48973,0.43525
crops/hibogi_ai_02682_png_4.jpg,hibogi_ai_02682_png,HIBOGI_AI_02682_png_jpg.rf.d969ba7c15a352d22ac0928f88b93028.jpg,,5,0,advanced,advanced,0.872,0.02874,0.05937,0.03989,0.872
crops/hibogi_ai_02682_png_5.jpg,hibogi_ai_02682_png,HIBOGI_AI_02682_png_jpg.rf.d969ba7c15a352d22ac0928f88b93028.jpg,,2,0,mild,advanced,0.6642,0.04456,0.08786,0.2034,0.66418
crops/hibogi_ai_02682_png_6.jpg,hibogi_ai_02682_png,HIBOGI_AI_02682_png_jpg.rf.d969ba7c15a352d22ac0928f88b93028.jpg,,2,0,mild,no_caries,0.7073,0.70735,0.15641,0.05564,0.08061
crops/hibogi_ai_02682_png_7.jpg,hibogi_ai_02682_png,HIBOGI_AI_02682_png_jpg.rf.d969ba7c15a352d22ac0928f88b93028.jpg,,1,0,mild,no_caries,0.7005,0.70049,0.10268,0.08292,0.11391
crops/hibogi_ai_02682_png_8.jpg,hibogi_ai_02682_png,HIBOGI_AI_02682_png_jpg.rf.d969ba7c15a352d22ac0928f88b93028.jpg,,0,0,no_caries,no_caries,0.6432,0.6432,0.1647,0.1027,0.0894
crops/hibogi_ai_02682_png_9.jpg,hibogi_ai_02682_png,HIBOGI_AI_02682_png_jpg.rf.d969ba7c15a352d22ac0928f88b93028.jpg,,0,0,no_caries,no_caries,0.4413,0.44133,0.39878,0.11524,0.04465
crops/hibogi_ai_02682_png_10.jpg,hibogi_ai_02682_png,HIBOGI_AI_02682_png_jpg.rf.d969ba7c15a352d22ac0928f88b93028.jpg,,4,0,moderate,advanced,0.9402,0.00965,0.03389,0.01623,0.94023
crops/hibogi_ai_02682_png_11.jpg,hibogi_ai_02682_png,HIBOGI_AI_02682_png_jpg.rf.d969ba7c15a352d22ac0928f88b93028.jpg,,1,0,mild,no_caries,0.6813,0.6813,0.1585,0.06992,0.09027
crops/hibogi_ai_02682_png_12.jpg,hibogi_ai_02682_png,HIBOGI_AI_02682_png_jpg.rf.d969ba7c15a352d22ac0928f88b93028.jpg,,1,0,mild,no_caries,0.7505,0.75046,0.09822,0.07766,0.07367
crops/hibogi_ai_02682_png_13.jpg,hibogi_ai_02682_png,HIBOGI_AI_02682_png_jpg.rf.d969ba7c15a352d22ac0928f88b93028.jpg,,1,0,mild,no_caries,0.5678,0.56783,0.29097,0.06199,0.07921
crops/hibogi_ai_02682_png_14.jpg,hibogi_ai_02682_png,HIBOGI_AI_02682_png_jpg.rf.d969ba7c15a352d22ac0928f88b93028.jpg,,1,0,mild,no_caries,0.4167,0.41666,0.3146,0.05246,0.21629
crops/hibogi_ai_02686_png_0.jpg,hibogi_ai_02686_png,HIBOGI_AI_02686_png_jpg.rf.fcbd1262046d6256034fa8c90586991c.jpg,,2,0,mild,moderate,0.5972,0.01338,0.20586,0.59722,0.18353
crops/hibogi_ai_02686_png_1.jpg,hibogi_ai_02686_png,HIBOGI_AI_02686_png_jpg.rf.fcbd1262046d6256034fa8c90586991c.jpg,,0,0,no_caries,mild,0.357,0.21646,0.35695,0.3485,0.07809
crops/hibogi_ai_02686_png_2.jpg,hibogi_ai_02686_png,HIBOGI_AI_02686_png_jpg.rf.fcbd1262046d6256034fa8c90586991c.jpg,,0,0,no_caries,no_caries,0.6697,0.66967,0.23542,0.05445,0.04046
crops/hibogi_ai_02686_png_3.jpg,hibogi_ai_02686_png,HIBOGI_AI_02686_png_jpg.rf.fcbd1262046d6256034fa8c90586991c.jpg,,0,0,no_caries,no_caries,0.8185,0.81852,0.04079,0.07274,0.06795
crops/hibogi_ai_02686_png_4.jpg,hibogi_ai_02686_png,HIBOGI_AI_02686_png_jpg.rf.fcbd1262046d6256034fa8c90586991c.jpg,,0,0,no_caries,no_caries,0.7272,0.7272,0.08134,0.08986,0.10161
crops/hibogi_ai_02686_png_5.jpg,hibogi_ai_02686_png,HIBOGI_AI_02686_png_jpg.rf.fcbd1262046d6256034fa8c90586991c.jpg,,0,0,no_caries,no_caries,0.74,0.74004,0.13325,0.05869,0.06801
crops/hibogi_ai_02686_png_6.jpg,hibogi_ai_02686_png,HIBOGI_AI_02686_png_jpg.rf.fcbd1262046d6256034fa8c90586991c.jpg,,0,0,no_caries,no_caries,0.783,0.78301,0.04311,0.10829,0.06559
crops/hibogi_ai_02686_png_7.jpg,hibogi_ai_02686_png,HIBOGI_AI_02686_png_jpg.rf.fcbd1262046d6256034fa8c90586991c.jpg,,0,0,no_caries,no_caries,0.5678,0.5678,0.25111,0.08835,0.09274
crops/hibogi_ai_02686_png_8.jpg,hibogi_ai_02686_png,HIBOGI_AI_02686_png_jpg.rf.fcbd1262046d6256034fa8c90586991c.jpg,,1,0,mild,mild,0.4824,0.21308,0.48237,0.24709,0.05746
crops/hibogi_ai_02686_png_9.jpg,hibogi_ai_02686_png,HIBOGI_AI_02686_png_jpg.rf.fcbd1262046d6256034fa8c90586991c.jpg,,3,0,moderate,moderate,0.8516,0.00429,0.1397,0.85157,0.00444
crops/hibogi_ai_02688_png_0.jpg,hibogi_ai_02688_png,HIBOGI_AI_02688_png_jpg.rf.eb4cb4e0da969de95849e326a5135808.jpg,,0,0,no_caries,mild,0.7381,0.12332,0.73813,0.04643,0.09212
crops/hibogi_ai_02688_png_1.jpg,hibogi_ai_02688_png,HIBOGI_AI_02688_png_jpg.rf.eb4cb4e0da969de95849e326a5135808.jpg,,0,0,no_caries,no_caries,0.6173,0.61729,0.27849,0.06253,0.04169
crops/hibogi_ai_02688_png_2.jpg,hibogi_ai_02688_png,HIBOGI_AI_02688_png_jpg.rf.eb4cb4e0da969de95849e326a5135808.jpg,,0,0,no_caries,advanced,0.9307,0.01315,0.03114,0.025,0.93071
crops/hibogi_ai_02688_png_3.jpg,hibogi_ai_02688_png,HIBOGI_AI_02688_png_jpg.rf.eb4cb4e0da969de95849e326a5135808.jpg,,5,0,advanced,advanced,0.9458,0.00171,0.00646,0.04604,0.94579
crops/hibogi_ai_02688_png_4.jpg,hibogi_ai_02688_png,HIBOGI_AI_02688_png_jpg.rf.eb4cb4e0da969de95849e326a5135808.jpg,,0,0,no_caries,no_caries,0.5913,0.59132,0.31188,0.06433,0.03247
crops/hibogi_ai_02688_png_5.jpg,hibogi_ai_02688_png,HIBOGI_AI_02688_png_jpg.rf.eb4cb4e0da969de95849e326a5135808.jpg,,0,0,no_caries,mild,0.4338,0.37844,0.43376,0.13396,0.05384
crops/hibogi_ai_02688_png_6.jpg,hibogi_ai_02688_png,HIBOGI_AI_02688_png_jpg.rf.eb4cb4e0da969de95849e326a5135808.jpg,,0,0,no_caries,no_caries,0.7293,0.72934,0.19415,0.06253,0.01398
crops/hibogi_ai_02688_png_7.jpg,hibogi_ai_02688_png,HIBOGI_AI_02688_png_jpg.rf.eb4cb4e0da969de95849e326a5135808.jpg,,0,0,no_caries,no_caries,0.8369,0.83691,0.08797,0.05566,0.01945
crops/hibogi_ai_02688_png_8.jpg,hibogi_ai_02688_png,HIBOGI_AI_02688_png_jpg.rf.eb4cb4e0da969de95849e326a5135808.jpg,,0,0,no_caries,no_caries,0.5809,0.58092,0.30257,0.05056,0.06595
crops/hibogi_ai_02688_png_9.jpg,hibogi_ai_02688_png,HIBOGI_AI_02688_png_jpg.rf.eb4cb4e0da969de95849e326a5135808.jpg,,0,0,no_caries,no_caries,0.4959,0.49586,0.10632,0.20435,0.19347
crops/hibogi_ai_02688_png_10.jpg,hibogi_ai_02688_png,HIBOGI_AI_02688_png_jpg.rf.eb4cb4e0da969de95849e326a5135808.jpg,,0,0,no_caries,no_caries,0.684,0.68398,0.16562,0.0984,0.052
crops/hibogi_ai_02688_png_11.jpg,hibogi_ai_02688_png,HIBOGI_AI_02688_png_jpg.rf.eb4cb4e0da969de95849e326a5135808.jpg,,0,0,no_caries,no_caries,0.7199,0.71991,0.18169,0.05741,0.04098
crops/hibogi_ai_02698_png_0.jpg,hibogi_ai_02698_png,HIBOGI_AI_02698_png_jpg.rf.456354974d8f1d8f33920b11a8a16f65.jpg,,3,0,moderate,advanced,0.3655,0.31147,0.22636,0.09666,0.36551
crops/hibogi_ai_02698_png_1.jpg,hibogi_ai_02698_png,HIBOGI_AI_02698_png_jpg.rf.456354974d8f1d8f33920b11a8a16f65.jpg,,0,0,no_caries,no_caries,0.5643,0.56428,0.29818,0.05696,0.08059
crops/hibogi_ai_02698_png_2.jpg,hibogi_ai_02698_png,HIBOGI_AI_02698_png_jpg.rf.456354974d8f1d8f33920b11a8a16f65.jpg,,0,0,no_caries,no_caries,0.8285,0.82845,0.06745,0.04531,0.05878
crops/hibogi_ai_02698_png_3.jpg,hibogi_ai_02698_png,HIBOGI_AI_02698_png_jpg.rf.456354974d8f1d8f33920b11a8a16f65.jpg,,5,0,advanced,advanced,0.9762,0.0047,0.0079,0.0112,0.97621
crops/hibogi_ai_02698_png_4.jpg,hibogi_ai_02698_png,HIBOGI_AI_02698_png_jpg.rf.456354974d8f1d8f33920b11a8a16f65.jpg,,5,0,advanced,advanced,0.9725,0.00097,0.00554,0.02095,0.97254
crops/hibogi_ai_02698_png_5.jpg,hibogi_ai_02698_png,HIBOGI_AI_02698_png_jpg.rf.456354974d8f1d8f33920b11a8a16f65.jpg,,5,0,advanced,advanced,0.8238,0.03706,0.10757,0.03155,0.82383
crops/hibogi_ai_02698_png_6.jpg,hibogi_ai_02698_png,HIBOGI_AI_02698_png_jpg.rf.456354974d8f1d8f33920b11a8a16f65.jpg,,0,0,no_caries,no_caries,0.7566,0.75659,0.16851,0.0488,0.0261
crops/hibogi_ai_02703_png_0.jpg,hibogi_ai_02703_png,HIBOGI_AI_02703_png_jpg.rf.b1cb6d09196b43138dd784720a6ae5c0.jpg,,1,0,mild,mild,0.4067,0.24265,0.40669,0.12863,0.22204
crops/hibogi_ai_02703_png_1.jpg,hibogi_ai_02703_png,HIBOGI_AI_02703_png_jpg.rf.b1cb6d09196b43138dd784720a6ae5c0.jpg,,0,0,no_caries,advanced,0.706,0.06042,0.17115,0.06245,0.70598
crops/hibogi_ai_02703_png_2.jpg,hibogi_ai_02703_png,HIBOGI_AI_02703_png_jpg.rf.b1cb6d09196b43138dd784720a6ae5c0.jpg,,1,0,mild,mild,0.4781,0.35953,0.47809,0.0881,0.07429
crops/hibogi_ai_02703_png_3.jpg,hibogi_ai_02703_png,HIBOGI_AI_02703_png_jpg.rf.b1cb6d09196b43138dd784720a6ae5c0.jpg,,2,0,mild,advanced,0.4779,0.27735,0.15042,0.09434,0.47789
crops/hibogi_ai_02703_png_4.jpg,hibogi_ai_02703_png,HIBOGI_AI_02703_png_jpg.rf.b1cb6d09196b43138dd784720a6ae5c0.jpg,,4,0,moderate,advanced,0.9845,0.00107,0.00879,0.00561,0.98452
crops/hibogi_ai_02703_png_5.jpg,hibogi_ai_02703_png,HIBOGI_AI_02703_png_jpg.rf.b1cb6d09196b43138dd784720a6ae5c0.jpg,,5,0,advanced,advanced,0.9567,0.00535,0.01357,0.02438,0.95669
crops/hibogi_ai_02703_png_6.jpg,hibogi_ai_02703_png,HIBOGI_AI_02703_png_jpg.rf.b1cb6d09196b43138dd784720a6ae5c0.jpg,,1,0,mild,mild,0.3684,0.29429,0.36842,0.08262,0.25467
crops/hibogi_ai_02703_png_7.jpg,hibogi_ai_02703_png,HIBOGI_AI_02703_png_jpg.rf.b1cb6d09196b43138dd784720a6ae5c0.jpg,,1,0,mild,no_caries,0.4043,0.40429,0.39871,0.10345,0.09355
crops/hibogi_ai_02703_png_8.jpg,hibogi_ai_02703_png,HIBOGI_AI_02703_png_jpg.rf.b1cb6d09196b43138dd784720a6ae5c0.jpg,,1,0,mild,no_caries,0.4237,0.4237,0.40341,0.10169,0.0712
crops/hibogi_ai_02703_png_9.jpg,hibogi_ai_02703_png,HIBOGI_AI_02703_png_jpg.rf.b1cb6d09196b43138dd784720a6ae5c0.jpg,,0,0,no_caries,no_caries,0.7584,0.75841,0.12719,0.05971,0.0547
crops/hibogi_ai_02703_png_10.jpg,hibogi_ai_02703_png,HIBOGI_AI_02703_png_jpg.rf.b1cb6d09196b43138dd784720a6ae5c0.jpg,,0,0,no_caries,no_caries,0.8566,0.85664,0.05288,0.0456,0.04489
crops/hibogi_ai_02703_png_11.jpg,hibogi_ai_02703_png,HIBOGI_AI_02703_png_jpg.rf.b1cb6d09196b43138dd784720a6ae5c0.jpg,,0,0,no_caries,no_caries,0.7383,0.73835,0.13203,0.0387,0.09092
crops/hibogi_ai_02703_png_12.jpg,hibogi_ai_02703_png,HIBOGI_AI_02703_png_jpg.rf.b1cb6d09196b43138dd784720a6ae5c0.jpg,,0,0,no_caries,no_caries,0.747,0.74701,0.06947,0.06563,0.1179
crops/hibogi_ai_02703_png_13.jpg,hibogi_ai_02703_png,HIBOGI_AI_02703_png_jpg.rf.b1cb6d09196b43138dd784720a6ae5c0.jpg,,0,0,no_caries,no_caries,0.7705,0.77046,0.05261,0.07467,0.10226
crops/hibogi_ai_02703_png_14.jpg,hibogi_ai_02703_png,HIBOGI_AI_02703_png_jpg.rf.b1cb6d09196b43138dd784720a6ae5c0.jpg,,0,0,no_caries,no_caries,0.7109,0.71095,0.14332,0.0698,0.07593
crops/hibogi_ai_02703_png_15.jpg,hibogi_ai_02703_png,HIBOGI_AI_02703_png_jpg.rf.b1cb6d09196b43138dd784720a6ae5c0.jpg,,0,0,no_caries,no_caries,0.8068,0.80681,0.08046,0.05813,0.0546
crops/hibogi_ai_02703_png_16.jpg,hibogi_ai_02703_png,HIBOGI_AI_02703_png_jpg.rf.b1cb6d09196b43138dd784720a6ae5c0.jpg,,1,0,mild,no_caries,0.4959,0.49588,0.36481,0.05298,0.08633
crops/hibogi_ai_02703_png_17.jpg,hibogi_ai_02703_png,HIBOGI_AI_02703_png_jpg.rf.b1cb6d09196b43138dd784720a6ae5c0.jpg,,0,0,no_caries,mild,0.4633,0.35237,0.46331,0.06757,0.11674
crops/hibogi_ai_02707_png_0.jpg,hibogi_ai_02707_png,HIBOGI_AI_02707_png_jpg.rf.14b98db86bd573df7f15030eb41030d9.jpg,,0,0,no_caries,no_caries,0.7121,0.71209,0.05688,0.18111,0.04992
crops/hibogi_ai_02707_png_1.jpg,hibogi_ai_02707_png,HIBOGI_AI_02707_png_jpg.rf.14b98db86bd573df7f15030eb41030d9.jpg,,0,0,no_caries,no_caries,0.6936,0.69362,0.03848,0.21578,0.05213
crops/hibogi_ai_02707_png_2.jpg,hibogi_ai_02707_png,HIBOGI_AI_02707_png_jpg.rf.14b98db86bd573df7f15030eb41030d9.jpg,,0,0,no_caries,no_caries,0.7633,0.76329,0.05704,0.11504,0.06463
crops/hibogi_ai_02707_png_3.jpg,hibogi_ai_02707_png,HIBOGI_AI_02707_png_jpg.rf.14b98db86bd573df7f15030eb41030d9.jpg,,0,0,no_caries,no_caries,0.7982,0.79815,0.05907,0.11123,0.03154
crops/hibogi_ai_02707_png_4.jpg,hibogi_ai_02707_png,HIBOGI_AI_02707_png_jpg.rf.14b98db86bd573df7f15030eb41030d9.jpg,,0,0,no_caries,no_caries,0.8312,0.83122,0.03237,0.07523,0.06119
crops/hibogi_ai_02707_png_5.jpg,hibogi_ai_02707_png,HIBOGI_AI_02707_png_jpg.rf.14b98db86bd573df7f15030eb41030d9.jpg,,0,0,no_caries,no_caries,0.7905,0.79054,0.08277,0.07788,0.04881
crops/hibogi_ai_02707_png_6.jpg,hibogi_ai_02707_png,HIBOGI_AI_02707_png_jpg.rf.14b98db86bd573df7f15030eb41030d9.jpg,,0,0,no_caries,mild,0.4693,0.3024,0.46927,0.05861,0.16971
crops/hibogi_ai_02707_png_7.jpg,hibogi_ai_02707_png,HIBOGI_AI_02707_png_jpg.rf.14b98db86bd573df7f15030eb41030d9.jpg,,0,0,no_caries,no_caries,0.6202,0.62019,0.2066,0.09436,0.07885
crops/hibogi_ai_02707_png_8.jpg,hibogi_ai_02707_png,HIBOGI_AI_02707_png_jpg.rf.14b98db86bd573df7f15030eb41030d9.jpg,,0,0,no_caries,no_caries,0.6699,0.66995,0.19261,0.06662,0.07082
crops/hibogi_ai_02742_png_0.jpg,hibogi_ai_02742_png,HIBOGI_AI_02742_png_jpg.rf.181fad23281f6e3c81f50b741079ad4b.jpg,,0,0,no_caries,moderate,0.6613,0.01667,0.14788,0.66133,0.17412
crops/hibogi_ai_02742_png_1.jpg,hibogi_ai_02742_png,HIBOGI_AI_02742_png_jpg.rf.181fad23281f6e3c81f50b741079ad4b.jpg,,0,0,no_caries,mild,0.5537,0.26274,0.55375,0.12812,0.05539
crops/hibogi_ai_02742_png_2.jpg,hibogi_ai_02742_png,HIBOGI_AI_02742_png_jpg.rf.181fad23281f6e3c81f50b741079ad4b.jpg,,0,0,no_caries,no_caries,0.645,0.645,0.14203,0.09404,0.11893
crops/hibogi_ai_02742_png_3.jpg,hibogi_ai_02742_png,HIBOGI_AI_02742_png_jpg.rf.181fad23281f6e3c81f50b741079ad4b.jpg,,0,0,no_caries,no_caries,0.7883,0.78828,0.04485,0.13164,0.03523
crops/hibogi_ai_02742_png_4.jpg,hibogi_ai_02742_png,HIBOGI_AI_02742_png_jpg.rf.181fad23281f6e3c81f50b741079ad4b.jpg,,0,0,no_caries,no_caries,0.7874,0.78739,0.0145,0.14854,0.04957
crops/hibogi_ai_02742_png_5.jpg,hibogi_ai_02742_png,HIBOGI_AI_02742_png_jpg.rf.181fad23281f6e3c81f50b741079ad4b.jpg,,0,0,no_caries,no_caries,0.7858,0.7858,0.01841,0.14838,0.04741
crops/hibogi_ai_02742_png_6.jpg,hibogi_ai_02742_png,HIBOGI_AI_02742_png_jpg.rf.181fad23281f6e3c81f50b741079ad4b.jpg,,0,0,no_caries,no_caries,0.7123,0.71232,0.02921,0.21297,0.04549
crops/hibogi_ai_02742_png_7.jpg,hibogi_ai_02742_png,HIBOGI_AI_02742_png_jpg.rf.181fad23281f6e3c81f50b741079ad4b.jpg,,0,0,no_caries,no_caries,0.7577,0.75767,0.11001,0.07301,0.05931
crops/hibogi_ai_02742_png_8.jpg,hibogi_ai_02742_png,HIBOGI_AI_02742_png_jpg.rf.181fad23281f6e3c81f50b741079ad4b.jpg,,0,0,no_caries,mild,0.6152,0.24445,0.61524,0.07896,0.06134
crops/hibogi_ai_02742_png_9.jpg,hibogi_ai_02742_png,HIBOGI_AI_02742_png_jpg.rf.181fad23281f6e3c81f50b741079ad4b.jpg,,5,0,advanced,advanced,0.9554,0.0055,0.01422,0.02491,0.95537
crops/hibogi_ai_02759_png_0.jpg,hibogi_ai_02759_png,HIBOGI_AI_02759_png_jpg.rf.d2fe6a2d6883b6d64b03759baa047092.jpg,,0,0,no_caries,advanced,0.9024,0.02441,0.04868,0.02451,0.9024
crops/hibogi_ai_02759_png_1.jpg,hibogi_ai_02759_png,HIBOGI_AI_02759_png_jpg.rf.d2fe6a2d6883b6d64b03759baa047092.jpg,,0,0,no_caries,advanced,0.3378,0.19721,0.20133,0.26362,0.33784
crops/hibogi_ai_02759_png_2.jpg,hibogi_ai_02759_png,HIBOGI_AI_02759_png_jpg.rf.d2fe6a2d6883b6d64b03759baa047092.jpg,,0,0,no_caries,no_caries,0.7253,0.72526,0.0937,0.08909,0.09195
crops/hibogi_ai_02759_png_3.jpg,hibogi_ai_02759_png,HIBOGI_AI_02759_png_jpg.rf.d2fe6a2d6883b6d64b03759baa047092.jpg,,5,0,advanced,advanced,0.6839,0.0343,0.03208,0.24972,0.68389
crops/hibogi_ai_02759_png_4.jpg,hibogi_ai_02759_png,HIBOGI_AI_02759_png_jpg.rf.d2fe6a2d6883b6d64b03759baa047092.jpg,,5,0,advanced,moderate,0.5406,0.0615,0.14579,0.5406,0.25211
crops/hibogi_ai_02759_png_5.jpg,hibogi_ai_02759_png,HIBOGI_AI_02759_png_jpg.rf.d2fe6a2d6883b6d64b03759baa047092.jpg,,5,0,advanced,advanced,0.7922,0.00814,0.02176,0.17786,0.79224
crops/hibogi_ai_02759_png_6.jpg,hibogi_ai_02759_png,HIBOGI_AI_02759_png_jpg.rf.d2fe6a2d6883b6d64b03759baa047092.jpg,,5,0,advanced,advanced,0.9426,0.00102,0.02234,0.03405,0.94259
crops/hibogi_ai_02759_png_7.jpg,hibogi_ai_02759_png,HIBOGI_AI_02759_png_jpg.rf.d2fe6a2d6883b6d64b03759baa047092.jpg,,0,0,no_caries,no_caries,0.5524,0.55244,0.17753,0.16124,0.10879
crops/hibogi_ai_02759_png_8.jpg,hibogi_ai_02759_png,HIBOGI_AI_02759_png_jpg.rf.d2fe6a2d6883b6d64b03759baa047092.jpg,,0,0,no_caries,no_caries,0.7841,0.78406,0.10405,0.06984,0.04205
crops/hibogi_ai_02759_png_9.jpg,hibogi_ai_02759_png,HIBOGI_AI_02759_png_jpg.rf.d2fe6a2d6883b6d64b03759baa047092.jpg,,0,0,no_caries,no_caries,0.7963,0.79625,0.03695,0.10479,0.06201
crops/hibogi_ai_02759_png_10.jpg,hibogi_ai_02759_png,HIBOGI_AI_02759_png_jpg.rf.d2fe6a2d6883b6d64b03759baa047092.jpg,,0,0,no_caries,no_caries,0.794,0.79398,0.05193,0.06969,0.0844
crops/hibogi_ai_02759_png_11.jpg,hibogi_ai_02759_png,HIBOGI_AI_02759_png_jpg.rf.d2fe6a2d6883b6d64b03759baa047092.jpg,,0,0,no_caries,no_caries,0.756,0.75599,0.03477,0.13399,0.07525
crops/hibogi_ai_02759_png_12.jpg,hibogi_ai_02759_png,HIBOGI_AI_02759_png_jpg.rf.d2fe6a2d6883b6d64b03759baa047092.jpg,,0,0,no_caries,no_caries,0.7858,0.78583,0.02419,0.12588,0.0641
crops/hibogi_ai_02759_png_13.jpg,hibogi_ai_02759_png,HIBOGI_AI_02759_png_jpg.rf.d2fe6a2d6883b6d64b03759baa047092.jpg,,0,0,no_caries,no_caries,0.8229,0.82295,0.06231,0.05389,0.06086
crops/hibogi_ai_02759_png_14.jpg,hibogi_ai_02759_png,HIBOGI_AI_02759_png_jpg.rf.d2fe6a2d6883b6d64b03759baa047092.jpg,,0,0,no_caries,no_caries,0.7325,0.73248,0.06738,0.09158,0.10856
crops/hibogi_ai_02827_png_0.jpg,hibogi_ai_02827_png,HIBOGI_AI_02827_png_jpg.rf.9c1f5f062d9fd506cfe4ded0bc619b6e.jpg,,0,0,no_caries,no_caries,0.4901,0.49007,0.30618,0.0867,0.11706
crops/hibogi_ai_02827_png_1.jpg,hibogi_ai_02827_png,HIBOGI_AI_02827_png_jpg.rf.9c1f5f062d9fd506cfe4ded0bc619b6e.jpg,,0,0,no_caries,no_caries,0.7431,0.74307,0.14378,0.05257,0.06058
crops/hibogi_ai_02827_png_2.jpg,hibogi_ai_02827_png,HIBOGI_AI_02827_png_jpg.rf.9c1f5f062d9fd506cfe4ded0bc619b6e.jpg,,0,0,no_caries,no_caries,0.5072,0.50722,0.34143,0.10326,0.04809
crops/hibogi_ai_02827_png_3.jpg,hibogi_ai_02827_png,HIBOGI_AI_02827_png_jpg.rf.9c1f5f062d9fd506cfe4ded0bc619b6e.jpg,,0,0,no_caries,no_caries,0.6258,0.62581,0.24191,0.06424,0.06804
crops/hibogi_ai_02827_png_4.jpg,hibogi_ai_02827_png,HIBOGI_AI_02827_png_jpg.rf.9c1f5f062d9fd506cfe4ded0bc619b6e.jpg,,0,0,no_caries,no_caries,0.7898,0.78981,0.04775,0.13147,0.03097
crops/hibogi_ai_02827_png_5.jpg,hibogi_ai_02827_png,HIBOGI_AI_02827_png_jpg.rf.9c1f5f062d9fd506cfe4ded0bc619b6e.jpg,,0,0,no_caries,no_caries,0.7485,0.74847,0.0221,0.16821,0.06122
crops/hibogi_ai_02827_png_6.jpg,hibogi_ai_02827_png,HIBOGI_AI_02827_png_jpg.rf.9c1f5f062d9fd506cfe4ded0bc619b6e.jpg,,0,0,no_caries,no_caries,0.7804,0.78043,0.04539,0.11276,0.06142
crops/hibogi_ai_02827_png_7.jpg,hibogi_ai_02827_png,HIBOGI_AI_02827_png_jpg.rf.9c1f5f062d9fd506cfe4ded0bc619b6e.jpg,,0,0,no_caries,no_caries,0.6976,0.69763,0.16358,0.09221,0.04657
crops/hibogi_ai_02827_png_8.jpg,hibogi_ai_02827_png,HIBOGI_AI_02827_png_jpg.rf.9c1f5f062d9fd506cfe4ded0bc619b6e.jpg,,0,0,no_caries,no_caries,0.6915,0.69152,0.1363,0.0962,0.07598
crops/hibogi_ai_02827_png_9.jpg,hibogi_ai_02827_png,HIBOGI_AI_02827_png_jpg.rf.9c1f5f062d9fd506cfe4ded0bc619b6e.jpg,,0,0,no_caries,no_caries,0.4814,0.48136,0.38442,0.0912,0.04303
crops/hibogi_ai_02831_png_0.jpg,hibogi_ai_02831_png,HIBOGI_AI_02831_png_jpg.rf.a2014d9b92eb0af1a42510902061c4ce.jpg,,0,0,no_caries,no_caries,0.4497,0.44974,0.34176,0.0704,0.1381
crops/hibogi_ai_02831_png_1.jpg,hibogi_ai_02831_png,HIBOGI_AI_02831_png_jpg.rf.a2014d9b92eb0af1a42510902061c4ce.jpg,,0,0,no_caries,no_caries,0.67,0.66996,0.08328,0.14332,0.10344
crops/hibogi_ai_02831_png_2.jpg,hibogi_ai_02831_png,HIBOGI_AI_02831_png_jpg.rf.a2014d9b92eb0af1a42510902061c4ce.jpg,,0,0,no_caries,no_caries,0.6584,0.65837,0.14875,0.11743,0.07545
crops/hibogi_ai_02831_png_3.jpg,hibogi_ai_02831_png,HIBOGI_AI_02831_png_jpg.rf.a2014d9b92eb0af1a42510902061c4ce.jpg,,0,0,no_caries,no_caries,0.5601,0.56006,0.11552,0.2812,0.04322
crops/hibogi_ai_02831_png_4.jpg,hibogi_ai_02831_png,HIBOGI_AI_02831_png_jpg.rf.a2014d9b92eb0af1a42510902061c4ce.jpg,,0,0,no_caries,no_caries,0.4673,0.46731,0.32399,0.12484,0.08386
crops/hibogi_ai_02831_png_5.jpg,hibogi_ai_02831_png,HIBOGI_AI_02831_png_jpg.rf.a2014d9b92eb0af1a42510902061c4ce.jpg,,0,0,no_caries,no_caries,0.5031,0.50306,0.05991,0.38158,0.05544
crops/hibogi_ai_02831_png_6.jpg,hibogi_ai_02831_png,HIBOGI_AI_02831_png_jpg.rf.a2014d9b92eb0af1a42510902061c4ce.jpg,,0,0,no_caries,no_caries,0.6735,0.67353,0.10271,0.14198,0.08178
crops/hibogi_ai_02831_png_7.jpg,hibogi_ai_02831_png,HIBOGI_AI_02831_png_jpg.rf.a2014d9b92eb0af1a42510902061c4ce.jpg,,0,0,no_caries,no_caries,0.503,0.50305,0.30404,0.12099,0.07193
crops/hibogi_ai_02831_png_8.jpg,hibogi_ai_02831_png,HIBOGI_AI_02831_png_jpg.rf.a2014d9b92eb0af1a42510902061c4ce.jpg,,4,0,moderate,mild,0.5013,0.19588,0.5013,0.19822,0.10459
crops/hibogi_ai_02832_png_0.jpg,hibogi_ai_02832_png,HIBOGI_AI_02832_png_jpg.rf.2ac4af7cf86803fce71a18e309e5682b.jpg,,0,0,no_caries,mild,0.5634,0.25902,0.56338,0.12557,0.05204
crops/hibogi_ai_02832_png_1.jpg,hibogi_ai_02832_png,HIBOGI_AI_02832_png_jpg.rf.2ac4af7cf86803fce71a18e309e5682b.jpg,,0,0,no_caries,no_caries,0.7747,0.77475,0.08187,0.06707,0.07631
crops/hibogi_ai_02832_png_2.jpg,hibogi_ai_02832_png,HIBOGI_AI_02832_png_jpg.rf.2ac4af7cf86803fce71a18e309e5682b.jpg,,0,0,no_caries,no_caries,0.8529,0.85293,0.02645,0.06767,0.05296
crops/hibogi_ai_02832_png_3.jpg,hibogi_ai_02832_png,HIBOGI_AI_02832_png_jpg.rf.2ac4af7cf86803fce71a18e309e5682b.jpg,,0,0,no_caries,no_caries,0.7945,0.79445,0.0161,0.13127,0.05817
crops/hibogi_ai_02832_png_4.jpg,hibogi_ai_02832_png,HIBOGI_AI_02832_png_jpg.rf.2ac4af7cf86803fce71a18e309e5682b.jpg,,0,0,no_caries,no_caries,0.57,0.57003,0.0262,0.34106,0.06271
crops/hibogi_ai_02832_png_5.jpg,hibogi_ai_02832_png,HIBOGI_AI_02832_png_jpg.rf.2ac4af7cf86803fce71a18e309e5682b.jpg,,0,0,no_caries,no_caries,0.7175,0.71747,0.08821,0.11593,0.07839
crops/hibogi_ai_02832_png_6.jpg,hibogi_ai_02832_png,HIBOGI_AI_02832_png_jpg.rf.2ac4af7cf86803fce71a18e309e5682b.jpg,,0,0,no_caries,no_caries,0.7815,0.78153,0.01975,0.13301,0.06571
crops/hibogi_ai_02832_png_7.jpg,hibogi_ai_02832_png,HIBOGI_AI_02832_png_jpg.rf.2ac4af7cf86803fce71a18e309e5682b.jpg,,0,0,no_caries,no_caries,0.3256,0.32555,0.30407,0.15156,0.21881
crops/hibogi_ai_02834_png_0.jpg,hibogi_ai_02834_png,HIBOGI_AI_02834_png_jpg.rf.2d5dcd1d73719412c7cf9907f7c236ff.jpg,,0,0,no_caries,no_caries,0.5413,0.54133,0.33757,0.07797,0.04313
crops/hibogi_ai_02834_png_1.jpg,hibogi_ai_02834_png,HIBOGI_AI_02834_png_jpg.rf.2d5dcd1d73719412c7cf9907f7c236ff.jpg,,0,0,no_caries,no_caries,0.5968,0.59684,0.23393,0.12225,0.04697
crops/hibogi_ai_02834_png_2.jpg,hibogi_ai_02834_png,HIBOGI_AI_02834_png_jpg.rf.2d5dcd1d73719412c7cf9907f7c236ff.jpg,,0,0,no_caries,no_caries,0.5663,0.56632,0.31007,0.09347,0.03013
crops/hibogi_ai_02834_png_3.jpg,hibogi_ai_02834_png,HIBOGI_AI_02834_png_jpg.rf.2d5dcd1d73719412c7cf9907f7c236ff.jpg,,2,0,mild,mild,0.5955,0.33906,0.59547,0.02279,0.04268
crops/hibogi_ai_02834_png_4.jpg,hibogi_ai_02834_png,HIBOGI_AI_02834_png_jpg.rf.2d5dcd1d73719412c7cf9907f7c236ff.jpg,,0,0,no_caries,mild,0.8784,0.07886,0.87843,0.01305,0.02967
crops/hibogi_ai_02834_png_5.jpg,hibogi_ai_02834_png,HIBOGI_AI_02834_png_jpg.rf.2d5dcd1d73719412c7cf9907f7c236ff.jpg,,0,0,no_caries,no_caries,0.6122,0.6122,0.27249,0.04246,0.07285
crops/hibogi_ai_02834_png_6.jpg,hibogi_ai_02834_png,HIBOGI_AI_02834_png_jpg.rf.2d5dcd1d73719412c7cf9907f7c236ff.jpg,,0,0,no_caries,mild,0.5744,0.37142,0.57436,0.02831,0.02592
crops/hibogi_ai_02834_png_7.jpg,hibogi_ai_02834_png,HIBOGI_AI_02834_png_jpg.rf.2d5dcd1d73719412c7cf9907f7c236ff.jpg,,0,0,no_caries,mild,0.7731,0.18538,0.77315,0.01212,0.02935
crops/hibogi_ai_02834_png_8.jpg,hibogi_ai_02834_png,HIBOGI_AI_02834_png_jpg.rf.2d5dcd1d73719412c7cf9907f7c236ff.jpg,,0,0,no_caries,mild,0.5303,0.38285,0.53034,0.04142,0.04539
crops/hibogi_ai_02834_png_9.jpg,hibogi_ai_02834_png,HIBOGI_AI_02834_png_jpg.rf.2d5dcd1d73719412c7cf9907f7c236ff.jpg,,0,0,no_caries,mild,0.4759,0.47272,0.4759,0.01734,0.03404
crops/hibogi_ai_02834_png_10.jpg,hibogi_ai_02834_png,HIBOGI_AI_02834_png_jpg.rf.2d5dcd1d73719412c7cf9907f7c236ff.jpg,,5,0,advanced,moderate,0.4487,0.01261,0.0953,0.44875,0.44334
crops/hibogi_ai_02834_png_11.jpg,hibogi_ai_02834_png,HIBOGI_AI_02834_png_jpg.rf.2d5dcd1d73719412c7cf9907f7c236ff.jpg,,0,0,no_caries,moderate,0.4031,0.22161,0.25982,0.40308,0.11548
crops/hibogi_ai_02834_png_12.jpg,hibogi_ai_02834_png,HIBOGI_AI_02834_png_jpg.rf.2d5dcd1d73719412c7cf9907f7c236ff.jpg,,3,0,moderate,moderate,0.3732,0.19322,0.34569,0.37323,0.08786
crops/hibogi_ai_02834_png_13.jpg,hibogi_ai_02834_png,HIBOGI_AI_02834_png_jpg.rf.2d5dcd1d73719412c7cf9907f7c236ff.jpg,,2,0,mild,mild,0.416,0.30137,0.41598,0.25049,0.03216
crops/hibogi_ai_02834_png_14.jpg,hibogi_ai_02834_png,HIBOGI_AI_02834_png_jpg.rf.2d5dcd1d73719412c7cf9907f7c236ff.jpg,,2,0,mild,mild,0.6097,0.31631,0.60971,0.04409,0.02989
crops/hibogi_ai_02834_png_15.jpg,hibogi_ai_02834_png,HIBOGI_AI_02834_png_jpg.rf.2d5dcd1d73719412c7cf9907f7c236ff.jpg,,0,0,no_caries,mild,0.4806,0.44361,0.48056,0.06085,0.01498
crops/hibogi_ai_02834_png_16.jpg,hibogi_ai_02834_png,HIBOGI_AI_02834_png_jpg.rf.2d5dcd1d73719412c7cf9907f7c236ff.jpg,,5,0,advanced,advanced,0.6582,0.03404,0.09318,0.21458,0.6582
crops/hibogi_ai_02834_png_17.jpg,hibogi_ai_02834_png,HIBOGI_AI_02834_png_jpg.rf.2d5dcd1d73719412c7cf9907f7c236ff.jpg,,0,0,no_caries,mild,0.5393,0.41713,0.53933,0.02606,0.01747
crops/hibogi_ai_02834_png_18.jpg,hibogi_ai_02834_png,HIBOGI_AI_02834_png_jpg.rf.2d5dcd1d73719412c7cf9907f7c236ff.jpg,,0,0,no_caries,no_caries,0.5892,0.58917,0.35792,0.03693,0.01598
crops/hibogi_ai_02834_png_19.jpg,hibogi_ai_02834_png,HIBOGI_AI_02834_png_jpg.rf.2d5dcd1d73719412c7cf9907f7c236ff.jpg,,0,0,no_caries,mild,0.522,0.39851,0.522,0.06368,0.01581
crops/hibogi_ai_02834_png_20.jpg,hibogi_ai_02834_png,HIBOGI_AI_02834_png_jpg.rf.2d5dcd1d73719412c7cf9907f7c236ff.jpg,,0,0,no_caries,no_caries,0.4716,0.47165,0.46659,0.04529,0.01646
crops/hibogi_ai_02834_png_21.jpg,hibogi_ai_02834_png,HIBOGI_AI_02834_png_jpg.rf.2d5dcd1d73719412c7cf9907f7c236ff.jpg,,0,0,no_caries,mild,0.3776,0.30987,0.37756,0.23,0.08257
crops/hibogi_ai_02834_png_22.jpg,hibogi_ai_02834_png,HIBOGI_AI_02834_png_jpg.rf.2d5dcd1d73719412c7cf9907f7c236ff.jpg,,5,0,advanced,moderate,0.3821,0.18164,0.258,0.38205,0.1783
crops/hibogi_ai_02855_png_0.jpg,hibogi_ai_02855_png,HIBOGI_AI_02855_png_jpg.rf.2ef6f88d6f74ab4f3f9c778eb3791e1e.jpg,,0,0,no_caries,no_caries,0.6826,0.68256,0.18839,0.08595,0.04309
crops/hibogi_ai_02855_png_1.jpg,hibogi_ai_02855_png,HIBOGI_AI_02855_png_jpg.rf.2ef6f88d6f74ab4f3f9c778eb3791e1e.jpg,,0,0,no_caries,no_caries,0.7013,0.7013,0.16981,0.08894,0.03995
crops/hibogi_ai_02855_png_2.jpg,hibogi_ai_02855_png,HIBOGI_AI_02855_png_jpg.rf.2ef6f88d6f74ab4f3f9c778eb3791e1e.jpg,,0,0,no_caries,no_caries,0.677,0.67697,0.18005,0.09092,0.05206
crops/hibogi_ai_02855_png_3.jpg,hibogi_ai_02855_png,HIBOGI_AI_02855_png_jpg.rf.2ef6f88d6f74ab4f3f9c778eb3791e1e.jpg,,3,0,moderate,moderate,0.4796,0.07497,0.42417,0.4796,0.02127
crops/hibogi_ai_02855_png_4.jpg,hibogi_ai_02855_png,HIBOGI_AI_02855_png_jpg.rf.2ef6f88d6f74ab4f3f9c778eb3791e1e.jpg,,3,0,moderate,no_caries,0.7001,0.70015,0.21176,0.0551,0.03299
crops/hibogi_ai_02855_png_5.jpg,hibogi_ai_02855_png,HIBOGI_AI_02855_png_jpg.rf.2ef6f88d6f74ab4f3f9c778eb3791e1e.jpg,,1,0,mild,mild,0.6098,0.35094,0.60977,0.02997,0.00933
crops/hibogi_ai_02855_png_6.jpg,hibogi_ai_02855_png,HIBOGI_AI_02855_png_jpg.rf.2ef6f88d6f74ab4f3f9c778eb3791e1e.jpg,,0,0,no_caries,no_caries,0.498,0.49803,0.36068,0.09231,0.04898
crops/hibogi_ai_02855_png_7.jpg,hibogi_ai_02855_png,HIBOGI_AI_02855_png_jpg.rf.2ef6f88d6f74ab4f3f9c778eb3791e1e.jpg,,0,0,no_caries,no_caries,0.5087,0.50867,0.18762,0.23138,0.07233
crops/hibogi_ai_02855_png_8.jpg,hibogi_ai_02855_png,HIBOGI_AI_02855_png_jpg.rf.2ef6f88d6f74ab4f3f9c778eb3791e1e.jpg,,0,0,no_caries,no_caries,0.5069,0.50691,0.37857,0.055,0.05952
crops/hibogi_ai_02855_png_9.jpg,hibogi_ai_02855_png,HIBOGI_AI_02855_png_jpg.rf.2ef6f88d6f74ab4f3f9c778eb3791e1e.jpg,,0,0,no_caries,no_caries,0.7387,0.73875,0.13114,0.06338,0.06673
crops/hibogi_ai_02855_png_10.jpg,hibogi_ai_02855_png,HIBOGI_AI_02855_png_jpg.rf.2ef6f88d6f74ab4f3f9c778eb3791e1e.jpg,,0,0,no_caries,no_caries,0.5791,0.5791,0.33699,0.06033,0.02358
crops/hibogi_ai_02855_png_11.jpg,hibogi_ai_02855_png,HIBOGI_AI_02855_png_jpg.rf.2ef6f88d6f74ab4f3f9c778eb3791e1e.jpg,,0,0,no_caries,no_caries,0.6909,0.69091,0.24096,0.04828,0.01984
crops/hibogi_ai_02855_png_12.jpg,hibogi_ai_02855_png,HIBOGI_AI_02855_png_jpg.rf.2ef6f88d6f74ab4f3f9c778eb3791e1e.jpg,,0,0,no_caries,mild,0.491,0.44981,0.49097,0.04096,0.01826
crops/hibogi_ai_02855_png_13.jpg,hibogi_ai_02855_png,HIBOGI_AI_02855_png_jpg.rf.2ef6f88d6f74ab4f3f9c778eb3791e1e.jpg,,0,0,no_caries,mild,0.821,0.15209,0.82097,0.0204,0.00655
crops/hibogi_ai_02855_png_14.jpg,hibogi_ai_02855_png,HIBOGI_AI_02855_png_jpg.rf.2ef6f88d6f74ab4f3f9c778eb3791e1e.jpg,,0,0,no_caries,mild,0.6366,0.2797,0.63664,0.03532,0.04835
crops/hibogi_ai_02855_png_15.jpg,hibogi_ai_02855_png,HIBOGI_AI_02855_png_jpg.rf.2ef6f88d6f74ab4f3f9c778eb3791e1e.jpg,,0,0,no_caries,mild,0.5879,0.34441,0.58791,0.04639,0.02129
crops/hibogi_ai_02855_png_16.jpg,hibogi_ai_02855_png,HIBOGI_AI_02855_png_jpg.rf.2ef6f88d6f74ab4f3f9c778eb3791e1e.jpg,,0,0,no_caries,no_caries,0.4571,0.45713,0.40176,0.0933,0.04781
crops/hibogi_ai_02855_png_17.jpg,hibogi_ai_02855_png,HIBOGI_AI_02855_png_jpg.rf.2ef6f88d6f74ab4f3f9c778eb3791e1e.jpg,,0,0,no_caries,no_caries,0.6297,0.62972,0.17813,0.12535,0.06679
crops/hibogi_ai_02855_png_18.jpg,hibogi_ai_02855_png,HIBOGI_AI_02855_png_jpg.rf.2ef6f88d6f74ab4f3f9c778eb3791e1e.jpg,,0,0,no_caries,no_caries,0.4661,0.46614,0.31745,0.14037,0.07604
crops/hibogi_ai_02856_png_0.jpg,hibogi_ai_02856_png,HIBOGI_AI_02856_png_jpg.rf.7b42abe534f507d108f2b3ed1e2e3753.jpg,,2,0,mild,mild,0.4374,0.34989,0.43738,0.11678,0.09595
crops/hibogi_ai_02856_png_1.jpg,hibogi_ai_02856_png,HIBOGI_AI_02856_png_jpg.rf.7b42abe534f507d108f2b3ed1e2e3753.jpg,,0,0,no_caries,no_caries,0.4328,0.43277,0.19701,0.20192,0.1683
crops/hibogi_ai_02856_png_2.jpg,hibogi_ai_02856_png,HIBOGI_AI_02856_png_jpg.rf.7b42abe534f507d108f2b3ed1e2e3753.jpg,,1,0,mild,mild,0.6473,0.27811,0.64734,0.04439,0.03016
crops/hibogi_ai_02856_png_3.jpg,hibogi_ai_02856_png,HIBOGI_AI_02856_png_jpg.rf.7b42abe534f507d108f2b3ed1e2e3753.jpg,,0,0,no_caries,no_caries,0.5944,0.59445,0.1679,0.15266,0.08499
crops/hibogi_ai_02856_png_4.jpg,hibogi_ai_02856_png,HIBOGI_AI_02856_png_jpg.rf.7b42abe534f507d108f2b3ed1e2e3753.jpg,,1,0,mild,mild,0.5699,0.13383,0.56988,0.25032,0.04597
crops/hibogi_ai_02856_png_5.jpg,hibogi_ai_02856_png,HIBOGI_AI_02856_png_jpg.rf.7b42abe534f507d108f2b3ed1e2e3753.jpg,,1,0,mild,mild,0.841,0.10405,0.84104,0.01911,0.03579
crops/hibogi_ai_02856_png_6.jpg,hibogi_ai_02856_png,HIBOGI_AI_02856_png_jpg.rf.7b42abe534f507d108f2b3ed1e2e3753.jpg,,1,0,mild,mild,0.5963,0.29419,0.59632,0.06338,0.04611
crops/hibogi_ai_02856_png_7.jpg,hibogi_ai_02856_png,HIBOGI_AI_02856_png_jpg.rf.7b42abe534f507d108f2b3ed1e2e3753.jpg,,0,0,no_caries,no_caries,0.4675,0.46745,0.44722,0.06605,0.01927
crops/hibogi_ai_02856_png_8.jpg,hibogi_ai_02856_png,HIBOGI_AI_02856_png_jpg.rf.7b42abe534f507d108f2b3ed1e2e3753.jpg,,0,0,no_caries,no_caries,0.6007,0.60068,0.22129,0.1021,0.07593
crops/hibogi_ai_02856_png_9.jpg,hibogi_ai_02856_png,HIBOGI_AI_02856_png_jpg.rf.7b42abe534f507d108f2b3ed1e2e3753.jpg,,0,0,no_caries,no_caries,0.6638,0.66385,0.13865,0.14185,0.05566
crops/hibogi_ai_02856_png_10.jpg,hibogi_ai_02856_png,HIBOGI_AI_02856_png_jpg.rf.7b42abe534f507d108f2b3ed1e2e3753.jpg,,0,0,no_caries,no_caries,0.7576,0.7576,0.13419,0.07035,0.03785
crops/hibogi_ai_02863_png_0.jpg,hibogi_ai_02863_png,HIBOGI_AI_02863_png_jpg.rf.ebe58b511aace90dff5feb6aff22c52a.jpg,,2,0,mild,no_caries,0.6057,0.60573,0.14161,0.20076,0.05191
crops/hibogi_ai_02863_png_1.jpg,hibogi_ai_02863_png,HIBOGI_AI_02863_png_jpg.rf.ebe58b511aace90dff5feb6aff22c52a.jpg,,5,0,advanced,advanced,0.9702,0.00188,0.01642,0.01147,0.97023
crops/hibogi_ai_02863_png_2.jpg,hibogi_ai_02863_png,HIBOGI_AI_02863_png_jpg.rf.ebe58b511aace90dff5feb6aff22c52a.jpg,,5,0,advanced,advanced,0.7964,0.02061,0.09747,0.08553,0.79639
crops/hibogi_ai_02863_png_3.jpg,hibogi_ai_02863_png,HIBOGI_AI_02863_png_jpg.rf.ebe58b511aace90dff5feb6aff22c52a.jpg,,2,0,mild,mild,0.6305,0.25135,0.63046,0.04575,0.07245
crops/hibogi_ai_02863_png_4.jpg,hibogi_ai_02863_png,HIBOGI_AI_02863_png_jpg.rf.ebe58b511aace90dff5feb6aff22c52a.jpg,,2,0,mild,mild,0.676,0.27181,0.67597,0.01983,0.03239
crops/hibogi_ai_02863_png_5.jpg,hibogi_ai_02863_png,HIBOGI_AI_02863_png_jpg.rf.ebe58b511aace90dff5feb6aff22c52a.jpg,,2,0,mild,mild,0.6393,0.20384,0.63929,0.05204,0.10484
crops/hibogi_ai_02863_png_6.jpg,hibogi_ai_02863_png,HIBOGI_AI_02863_png_jpg.rf.ebe58b511aace90dff5feb6aff22c52a.jpg,,2,0,mild,no_caries,0.3792,0.37924,0.34017,0.09566,0.18493
crops/hibogi_ai_02863_png_7.jpg,hibogi_ai_02863_png,HIBOGI_AI_02863_png_jpg.rf.ebe58b511aace90dff5feb6aff22c52a.jpg,,2,0,mild,mild,0.4399,0.36896,0.43989,0.06937,0.12177
crops/hibogi_ai_02863_png_8.jpg,hibogi_ai_02863_png,HIBOGI_AI_02863_png_jpg.rf.ebe58b511aace90dff5feb6aff22c52a.jpg,,2,0,mild,no_caries,0.7435,0.74355,0.11063,0.05316,0.09267
crops/hibogi_ai_02863_png_9.jpg,hibogi_ai_02863_png,HIBOGI_AI_02863_png_jpg.rf.ebe58b511aace90dff5feb6aff22c52a.jpg,,2,0,mild,no_caries,0.5857,0.58569,0.32989,0.02732,0.0571
crops/hibogi_ai_02863_png_10.jpg,hibogi_ai_02863_png,HIBOGI_AI_02863_png_jpg.rf.ebe58b511aace90dff5feb6aff22c52a.jpg,,2,0,mild,mild,0.6342,0.29478,0.6342,0.0448,0.02621
crops/hibogi_ai_02863_png_11.jpg,hibogi_ai_02863_png,HIBOGI_AI_02863_png_jpg.rf.ebe58b511aace90dff5feb6aff22c52a.jpg,,2,0,mild,no_caries,0.5966,0.59664,0.29121,0.05559,0.05656
crops/hibogi_ai_02863_png_12.jpg,hibogi_ai_02863_png,HIBOGI_AI_02863_png_jpg.rf.ebe58b511aace90dff5feb6aff22c52a.jpg,,2,0,mild,no_caries,0.4552,0.4552,0.42608,0.06064,0.05808
crops/hibogi_ai_02863_png_13.jpg,hibogi_ai_02863_png,HIBOGI_AI_02863_png_jpg.rf.ebe58b511aace90dff5feb6aff22c52a.jpg,,2,0,mild,no_caries,0.5769,0.57685,0.22767,0.11519,0.08029
crops/hibogi_ai_02866_png_0.jpg,hibogi_ai_02866_png,HIBOGI_AI_02866_png_jpg.rf.9ea303ba7c8e731f2042dad85d94d385.jpg,,1,0,mild,advanced,0.5124,0.19607,0.21291,0.07859,0.51243
crops/hibogi_ai_02866_png_1.jpg,hibogi_ai_02866_png,HIBOGI_AI_02866_png_jpg.rf.9ea303ba7c8e731f2042dad85d94d385.jpg,,2,0,mild,mild,0.7007,0.14864,0.70066,0.05992,0.09079
crops/hibogi_ai_02866_png_2.jpg,hibogi_ai_02866_png,HIBOGI_AI_02866_png_jpg.rf.9ea303ba7c8e731f2042dad85d94d385.jpg,,2,0,mild,mild,0.5253,0.35861,0.52533,0.04322,0.07285
crops/hibogi_ai_02866_png_3.jpg,hibogi_ai_02866_png,HIBOGI_AI_02866_png_jpg.rf.9ea303ba7c8e731f2042dad85d94d385.jpg,,2,0,mild,mild,0.6051,0.3198,0.6051,0.04296,0.03215
crops/hibogi_ai_02866_png_4.jpg,hibogi_ai_02866_png,HIBOGI_AI_02866_png_jpg.rf.9ea303ba7c8e731f2042dad85d94d385.jpg,,2,0,mild,mild,0.8539,0.09173,0.8539,0.03075,0.02361
crops/hibogi_ai_02866_png_5.jpg,hibogi_ai_02866_png,HIBOGI_AI_02866_png_jpg.rf.9ea303ba7c8e731f2042dad85d94d385.jpg,,2,0,mild,mild,0.6102,0.25559,0.61015,0.05859,0.07567
crops/hibogi_ai_02866_png_6.jpg,hibogi_ai_02866_png,HIBOGI_AI_02866_png_jpg.rf.9ea303ba7c8e731f2042dad85d94d385.jpg,,2,0,mild,mild,0.5618,0.15858,0.56179,0.05511,0.22452
crops/hibogi_ai_02866_png_7.jpg,hibogi_ai_02866_png,HIBOGI_AI_02866_png_jpg.rf.9ea303ba7c8e731f2042dad85d94d385.jpg,,3,0,moderate,advanced,0.3975,0.16941,0.18378,0.24933,0.39747
crops/hibogi_ai_02866_png_8.jpg,hibogi_ai_02866_png,HIBOGI_AI_02866_png_jpg.rf.9ea303ba7c8e731f2042dad85d94d385.jpg,,2,0,mild,mild,0.5766,0.31892,0.57659,0.0517,0.05279
crops/hibogi_ai_02866_png_9.jpg,hibogi_ai_02866_png,HIBOGI_AI_02866_png_jpg.rf.9ea303ba7c8e731f2042dad85d94d385.jpg,,2,0,mild,mild,0.4677,0.3,0.46766,0.10942,0.12293
crops/hibogi_ai_02866_png_10.jpg,hibogi_ai_02866_png,HIBOGI_AI_02866_png_jpg.rf.9ea303ba7c8e731f2042dad85d94d385.jpg,,2,0,mild,mild,0.6207,0.28231,0.62069,0.06503,0.03197
crops/hibogi_ai_02866_png_11.jpg,hibogi_ai_02866_png,HIBOGI_AI_02866_png_jpg.rf.9ea303ba7c8e731f2042dad85d94d385.jpg,,2,0,mild,mild,0.4988,0.41129,0.49876,0.04593,0.04403
crops/hibogi_ai_02866_png_12.jpg,hibogi_ai_02866_png,HIBOGI_AI_02866_png_jpg.rf.9ea303ba7c8e731f2042dad85d94d385.jpg,,1,0,mild,mild,0.8637,0.10635,0.86365,0.01841,0.01159
crops/hibogi_ai_02866_png_13.jpg,hibogi_ai_02866_png,HIBOGI_AI_02866_png_jpg.rf.9ea303ba7c8e731f2042dad85d94d385.jpg,,1,0,mild,mild,0.4506,0.03165,0.45061,0.09356,0.42419
crops/hibogi_ai_02866_png_14.jpg,hibogi_ai_02866_png,HIBOGI_AI_02866_png_jpg.rf.9ea303ba7c8e731f2042dad85d94d385.jpg,,2,0,mild,moderate,0.4953,0.14272,0.25696,0.49531,0.10501
crops/hibogi_ai_02866_png_15.jpg,hibogi_ai_02866_png,HIBOGI_AI_02866_png_jpg.rf.9ea303ba7c8e731f2042dad85d94d385.jpg,,2,0,mild,no_caries,0.4494,0.44943,0.21604,0.24521,0.08931
crops/hibogi_ai_02866_png_16.jpg,hibogi_ai_02866_png,HIBOGI_AI_02866_png_jpg.rf.9ea303ba7c8e731f2042dad85d94d385.jpg,,5,0,advanced,moderate,0.5982,0.07398,0.15139,0.59817,0.17645
crops/hibogi_ai_02866_png_17.jpg,hibogi_ai_02866_png,HIBOGI_AI_02866_png_jpg.rf.9ea303ba7c8e731f2042dad85d94d385.jpg,,1,0,mild,moderate,0.4589,0.15223,0.10116,0.45891,0.28771
crops/hibogi_ai_02870_png_0.jpg,hibogi_ai_02870_png,HIBOGI_AI_02870_png_jpg.rf.f8b72b50ef2e469761170a19843ed0db.jpg,,3,0,moderate,moderate,0.9174,0.00313,0.00854,0.9174,0.07093
crops/hibogi_ai_02870_png_1.jpg,hibogi_ai_02870_png,HIBOGI_AI_02870_png_jpg.rf.f8b72b50ef2e469761170a19843ed0db.jpg,,3,0,moderate,mild,0.4441,0.2085,0.44411,0.30535,0.04204
crops/hibogi_ai_02870_png_2.jpg,hibogi_ai_02870_png,HIBOGI_AI_02870_png_jpg.rf.f8b72b50ef2e469761170a19843ed0db.jpg,,3,0,moderate,moderate,0.845,0.01162,0.10687,0.84502,0.03649
crops/hibogi_ai_02870_png_3.jpg,hibogi_ai_02870_png,HIBOGI_AI_02870_png_jpg.rf.f8b72b50ef2e469761170a19843ed0db.jpg,,3,0,moderate,mild,0.4507,0.20909,0.45072,0.29498,0.04521
crops/hibogi_ai_02870_png_4.jpg,hibogi_ai_02870_png,HIBOGI_AI_02870_png_jpg.rf.f8b72b50ef2e469761170a19843ed0db.jpg,,0,0,no_caries,no_caries,0.6318,0.63184,0.18928,0.13067,0.04822
crops/hibogi_ai_02870_png_5.jpg,hibogi_ai_02870_png,HIBOGI_AI_02870_png_jpg.rf.f8b72b50ef2e469761170a19843ed0db.jpg,,0,0,no_caries,no_caries,0.7545,0.75449,0.09518,0.10873,0.0416
crops/hibogi_ai_02870_png_6.jpg,hibogi_ai_02870_png,HIBOGI_AI_02870_png_jpg.rf.f8b72b50ef2e469761170a19843ed0db.jpg,,2,0,mild,no_caries,0.391,0.39096,0.19482,0.30035,0.11386
crops/hibogi_ai_02870_png_7.jpg,hibogi_ai_02870_png,HIBOGI_AI_02870_png_jpg.rf.f8b72b50ef2e469761170a19843ed0db.jpg,,2,0,mild,no_caries,0.4154,0.41544,0.19003,0.21437,0.18016
crops/hibogi_ai_02870_png_8.jpg,hibogi_ai_02870_png,HIBOGI_AI_02870_png_jpg.rf.f8b72b50ef2e469761170a19843ed0db.jpg,,2,0,mild,no_caries,0.4489,0.44891,0.15095,0.28014,0.12
crops/hibogi_ai_02870_png_9.jpg,hibogi_ai_02870_png,HIBOGI_AI_02870_png_jpg.rf.f8b72b50ef2e469761170a19843ed0db.jpg,,0,0,no_caries,no_caries,0.3918,0.39177,0.34063,0.1901,0.0775
crops/hibogi_ai_02870_png_10.jpg,hibogi_ai_02870_png,HIBOGI_AI_02870_png_jpg.rf.f8b72b50ef2e469761170a19843ed0db.jpg,,3,0,moderate,moderate,0.6653,0.08666,0.19924,0.66526,0.04884
crops/hibogi_ai_02870_png_11.jpg,hibogi_ai_02870_png,HIBOGI_AI_02870_png_jpg.rf.f8b72b50ef2e469761170a19843ed0db.jpg,,3,0,moderate,moderate,0.9898,0.0012,0.00653,0.98978,0.0025
crops/hibogi_ai_02870_png_12.jpg,hibogi_ai_02870_png,HIBOGI_AI_02870_png_jpg.rf.f8b72b50ef2e469761170a19843ed0db.jpg,,3,0,moderate,moderate,0.5524,0.0246,0.41023,0.55239,0.01278
crops/hibogi_ai_02870_png_13.jpg,hibogi_ai_02870_png,HIBOGI_AI_02870_png_jpg.rf.f8b72b50ef2e469761170a19843ed0db.jpg,,3,0,moderate,moderate,0.7845,0.02996,0.16937,0.78447,0.0162
crops/hibogi_ai_02897_png_0.jpg,hibogi_ai_02897_png,HIBOGI_AI_02897_png_jpg.rf.d6af8a7d35d0f888142df70b99dcfaf0.jpg,,3,0,moderate,advanced,0.6994,0.00688,0.00368,0.29005,0.69938
crops/hibogi_ai_02897_png_1.jpg,hibogi_ai_02897_png,HIBOGI_AI_02897_png_jpg.rf.d6af8a7d35d0f888142df70b99dcfaf0.jpg,,3,0,moderate,no_caries,0.3663,0.36634,0.36085,0.15638,0.11643
crops/hibogi_ai_02897_png_2.jpg,hibogi_ai_02897_png,HIBOGI_AI_02897_png_jpg.rf.d6af8a7d35d0f888142df70b99dcfaf0.jpg,,0,0,no_caries,no_caries,0.4723,0.47233,0.24377,0.19831,0.08559
crops/hibogi_ai_02897_png_3.jpg,hibogi_ai_02897_png,HIBOGI_AI_02897_png_jpg.rf.d6af8a7d35d0f888142df70b99dcfaf0.jpg,,0,0,no_caries,no_caries,0.7337,0.73366,0.21553,0.03021,0.0206
crops/hibogi_ai_02897_png_4.jpg,hibogi_ai_02897_png,HIBOGI_AI_02897_png_jpg.rf.d6af8a7d35d0f888142df70b99dcfaf0.jpg,,0,0,no_caries,mild,0.4097,0.34832,0.40972,0.07501,0.16695
crops/hibogi_ai_02897_png_5.jpg,hibogi_ai_02897_png,HIBOGI_AI_02897_png_jpg.rf.d6af8a7d35d0f888142df70b99dcfaf0.jpg,,0,0,no_caries,no_caries,0.7802,0.78022,0.12133,0.07311,0.02534
crops/hibogi_ai_02897_png_6.jpg,hibogi_ai_02897_png,HIBOGI_AI_02897_png_jpg.rf.d6af8a7d35d0f888142df70b99dcfaf0.jpg,,0,0,no_caries,no_caries,0.6603,0.66034,0.25159,0.07464,0.01343
crops/hibogi_ai_02897_png_7.jpg,hibogi_ai_02897_png,HIBOGI_AI_02897_png_jpg.rf.d6af8a7d35d0f888142df70b99dcfaf0.jpg,,0,0,no_caries,no_caries,0.7165,0.71649,0.19264,0.07146,0.01941
crops/hibogi_ai_02897_png_8.jpg,hibogi_ai_02897_png,HIBOGI_AI_02897_png_jpg.rf.d6af8a7d35d0f888142df70b99dcfaf0.jpg,,0,0,no_caries,no_caries,0.4476,0.44761,0.40137,0.09018,0.06084
crops/hibogi_ai_02897_png_9.jpg,hibogi_ai_02897_png,HIBOGI_AI_02897_png_jpg.rf.d6af8a7d35d0f888142df70b99dcfaf0.jpg,,3,0,moderate,moderate,0.7418,0.11307,0.07917,0.74183,0.06593
crops/hibogi_ai_02897_png_10.jpg,hibogi_ai_02897_png,HIBOGI_AI_02897_png_jpg.rf.d6af8a7d35d0f888142df70b99dcfaf0.jpg,,5,0,advanced,moderate,0.4562,0.03559,0.11539,0.4562,0.39282
crops/hibogi_ai_02930_png_0.jpg,hibogi_ai_02930_png,HIBOGI_AI_02930_png_jpg.rf.5b7aec05cfb0d9dff387b9c261d202b5.jpg,,0,0,no_caries,no_caries,0.665,0.66497,0.25357,0.04343,0.03802
crops/hibogi_ai_02930_png_1.jpg,hibogi_ai_02930_png,HIBOGI_AI_02930_png_jpg.rf.5b7aec05cfb0d9dff387b9c261d202b5.jpg,,0,0,no_caries,no_caries,0.763,0.763,0.07874,0.07684,0.08141
crops/hibogi_ai_02930_png_2.jpg,hibogi_ai_02930_png,HIBOGI_AI_02930_png_jpg.rf.5b7aec05cfb0d9dff387b9c261d202b5.jpg,,0,0,no_caries,no_caries,0.7326,0.73258,0.14489,0.04517,0.07736
crops/hibogi_ai_02930_png_3.jpg,hibogi_ai_02930_png,HIBOGI_AI_02930_png_jpg.rf.5b7aec05cfb0d9dff387b9c261d202b5.jpg,,0,0,no_caries,no_caries,0.7173,0.71728,0.15234,0.05563,0.07476
crops/hibogi_ai_02930_png_4.jpg,hibogi_ai_02930_png,HIBOGI_AI_02930_png_jpg.rf.5b7aec05cfb0d9dff387b9c261d202b5.jpg,,0,0,no_caries,no_caries,0.6754,0.67545,0.17429,0.07446,0.07581
crops/hibogi_ai_02930_png_5.jpg,hibogi_ai_02930_png,HIBOGI_AI_02930_png_jpg.rf.5b7aec05cfb0d9dff387b9c261d202b5.jpg,,0,0,no_caries,no_caries,0.7004,0.70037,0.1373,0.12328,0.03905
crops/hibogi_ai_02930_png_6.jpg,hibogi_ai_02930_png,HIBOGI_AI_02930_png_jpg.rf.5b7aec05cfb0d9dff387b9c261d202b5.jpg,,2,0,mild,no_caries,0.5666,0.5666,0.1583,0.21495,0.06015
crops/hibogi_ai_02930_png_7.jpg,hibogi_ai_02930_png,HIBOGI_AI_02930_png_jpg.rf.5b7aec05cfb0d9dff387b9c261d202b5.jpg,,0,0,no_caries,no_caries,0.7168,0.71682,0.19876,0.04714,0.03727
crops/hibogi_ai_02930_png_8.jpg,hibogi_ai_02930_png,HIBOGI_AI_02930_png_jpg.rf.5b7aec05cfb0d9dff387b9c261d202b5.jpg,,0,0,no_caries,no_caries,0.4667,0.46673,0.31456,0.10013,0.11859
crops/hibogi_ai_02930_png_9.jpg,hibogi_ai_02930_png,HIBOGI_AI_02930_png_jpg.rf.5b7aec05cfb0d9dff387b9c261d202b5.jpg,,0,0,no_caries,no_caries,0.7063,0.70627,0.13911,0.05096,0.10365
crops/hibogi_ai_02930_png_10.jpg,hibogi_ai_02930_png,HIBOGI_AI_02930_png_jpg.rf.5b7aec05cfb0d9dff387b9c261d202b5.jpg,,0,0,no_caries,no_caries,0.6974,0.69735,0.15684,0.06246,0.08335
crops/hibogi_ai_02930_png_11.jpg,hibogi_ai_02930_png,HIBOGI_AI_02930_png_jpg.rf.5b7aec05cfb0d9dff387b9c261d202b5.jpg,,0,0,no_caries,no_caries,0.7946,0.79456,0.06985,0.06219,0.0734
crops/hibogi_ai_02930_png_12.jpg,hibogi_ai_02930_png,HIBOGI_AI_02930_png_jpg.rf.5b7aec05cfb0d9dff387b9c261d202b5.jpg,,0,0,no_caries,no_caries,0.758,0.75801,0.10329,0.09006,0.04864
crops/hibogi_ai_02930_png_13.jpg,hibogi_ai_02930_png,HIBOGI_AI_02930_png_jpg.rf.5b7aec05cfb0d9dff387b9c261d202b5.jpg,,0,0,no_caries,no_caries,0.56,0.56001,0.24043,0.14702,0.05254
crops/hibogi_ai_02956_png_0.jpg,hibogi_ai_02956_png,HIBOGI_AI_02956_png_jpg.rf.21c76aab99ed52a5b4a1d2ffd54e58d9.jpg,,2,0,mild,no_caries,0.4458,0.44584,0.42437,0.05772,0.07208
crops/hibogi_ai_02956_png_1.jpg,hibogi_ai_02956_png,HIBOGI_AI_02956_png_jpg.rf.21c76aab99ed52a5b4a1d2ffd54e58d9.jpg,,2,0,mild,mild,0.5792,0.26439,0.5792,0.05452,0.10189
crops/hibogi_ai_02956_png_2.jpg,hibogi_ai_02956_png,HIBOGI_AI_02956_png_jpg.rf.21c76aab99ed52a5b4a1d2ffd54e58d9.jpg,,2,0,mild,no_caries,0.5912,0.59121,0.28409,0.07345,0.05125
crops/hibogi_ai_02956_png_3.jpg,hibogi_ai_02956_png,HIBOGI_AI_02956_png_jpg.rf.21c76aab99ed52a5b4a1d2ffd54e58d9.jpg,,2,0,mild,no_caries,0.6574,0.65737,0.21125,0.06264,0.06874
crops/hibogi_ai_02956_png_4.jpg,hibogi_ai_02956_png,HIBOGI_AI_02956_png_jpg.rf.21c76aab99ed52a5b4a1d2ffd54e58d9.jpg,,5,0,advanced,advanced,0.5489,0.09335,0.16002,0.19776,0.54886
crops/hibogi_ai_02956_png_5.jpg,hibogi_ai_02956_png,HIBOGI_AI_02956_png_jpg.rf.21c76aab99ed52a5b4a1d2ffd54e58d9.jpg,,5,0,advanced,mild,0.4817,0.34203,0.4817,0.14103,0.03524
crops/hibogi_ai_02956_png_6.jpg,hibogi_ai_02956_png,HIBOGI_AI_02956_png_jpg.rf.21c76aab99ed52a5b4a1d2ffd54e58d9.jpg,,5,0,advanced,mild,0.5241,0.41195,0.52406,0.03531,0.02867
crops/hibogi_ai_02956_png_7.jpg,hibogi_ai_02956_png,HIBOGI_AI_02956_png_jpg.rf.21c76aab99ed52a5b4a1d2ffd54e58d9.jpg,,5,0,advanced,mild,0.4907,0.44576,0.4907,0.03922,0.02432
crops/hibogi_ai_02956_png_8.jpg,hibogi_ai_02956_png,HIBOGI_AI_02956_png_jpg.rf.21c76aab99ed52a5b4a1d2ffd54e58d9.jpg,,5,0,advanced,mild,0.5121,0.19708,0.51213,0.06777,0.22301
crops/hibogi_ai_02956_png_9.jpg,hibogi_ai_02956_png,HIBOGI_AI_02956_png_jpg.rf.21c76aab99ed52a5b4a1d2ffd54e58d9.jpg,,4,0,moderate,mild,0.4925,0.22053,0.49251,0.1998,0.08717
crops/hibogi_ai_02956_png_10.jpg,hibogi_ai_02956_png,HIBOGI_AI_02956_png_jpg.rf.21c76aab99ed52a5b4a1d2ffd54e58d9.jpg,,2,0,mild,mild,0.388,0.35245,0.38796,0.17915,0.08044
crops/hibogi_ai_02956_png_11.jpg,hibogi_ai_02956_png,HIBOGI_AI_02956_png_jpg.rf.21c76aab99ed52a5b4a1d2ffd54e58d9.jpg,,2,0,mild,no_caries,0.6948,0.69481,0.11398,0.15191,0.0393
crops/hibogi_ai_02956_png_12.jpg,hibogi_ai_02956_png,HIBOGI_AI_02956_png_jpg.rf.21c76aab99ed52a5b4a1d2ffd54e58d9.jpg,,2,0,mild,no_caries,0.7717,0.77165,0.12985,0.0502,0.0483
crops/hibogi_ai_02956_png_13.jpg,hibogi_ai_02956_png,HIBOGI_AI_02956_png_jpg.rf.21c76aab99ed52a5b4a1d2ffd54e58d9.jpg,,2,0,mild,no_caries,0.6292,0.62919,0.17734,0.1226,0.07086
crops/hibogi_ai_02956_png_14.jpg,hibogi_ai_02956_png,HIBOGI_AI_02956_png_jpg.rf.21c76aab99ed52a5b4a1d2ffd54e58d9.jpg,,2,0,mild,no_caries,0.582,0.58202,0.28801,0.07958,0.05039
crops/hibogi_ai_02956_png_15.jpg,hibogi_ai_02956_png,HIBOGI_AI_02956_png_jpg.rf.21c76aab99ed52a5b4a1d2ffd54e58d9.jpg,,2,0,mild,no_caries,0.5213,0.52131,0.23838,0.17404,0.06626
crops/hibogi_ai_02956_png_16.jpg,hibogi_ai_02956_png,HIBOGI_AI_02956_png_jpg.rf.21c76aab99ed52a5b4a1d2ffd54e58d9.jpg,,2,0,mild,mild,0.6226,0.26971,0.62265,0.08957,0.01806
crops/hibogi_ai_02956_png_17.jpg,hibogi_ai_02956_png,HIBOGI_AI_02956_png_jpg.rf.21c76aab99ed52a5b4a1d2ffd54e58d9.jpg,,2,0,mild,no_caries,0.5886,0.58864,0.21544,0.15622,0.03969
crops/hibogi_ai_02956_png_18.jpg,hibogi_ai_02956_png,HIBOGI_AI_02956_png_jpg.rf.21c76aab99ed52a5b4a1d2ffd54e58d9.jpg,,4,0,moderate,advanced,0.6284,0.09231,0.05879,0.22046,0.62843
crops/hibogi_ai_02960_png_0.jpg,hibogi_ai_02960_png,HIBOGI_AI_02960_png_jpg.rf.307ff1189987238eb9eee6b18b385e4e.jpg,,0,0,no_caries,mild,0.311,0.29542,0.31104,0.29616,0.09737
crops/hibogi_ai_02960_png_1.jpg,hibogi_ai_02960_png,HIBOGI_AI_02960_png_jpg.rf.307ff1189987238eb9eee6b18b385e4e.jpg,,5,0,advanced,advanced,0.7592,0.00061,0.01723,0.223,0.75916
crops/hibogi_ai_02960_png_2.jpg,hibogi_ai_02960_png,HIBOGI_AI_02960_png_jpg.rf.307ff1189987238eb9eee6b18b385e4e.jpg,,6,0,advanced,advanced,0.8629,0.00775,0.05211,0.07728,0.86286
crops/hibogi_ai_02960_png_3.jpg,hibogi_ai_02960_png,HIBOGI_AI_02960_png_jpg.rf.307ff1189987238eb9eee6b18b385e4e.jpg,,3,0,moderate,advanced,0.365,0.11538,0.24374,0.27588,0.365
crops/hibogi_ai_02960_png_4.jpg,hibogi_ai_02960_png,HIBOGI_AI_02960_png_jpg.rf.307ff1189987238eb9eee6b18b385e4e.jpg,,0,0,no_caries,mild,0.4031,0.12655,0.40306,0.20601,0.26438
crops/hibogi_ai_02960_png_5.jpg,hibogi_ai_02960_png,HIBOGI_AI_02960_png_jpg.rf.307ff1189987238eb9eee6b18b385e4e.jpg,,0,0,no_caries,mild,0.4834,0.31351,0.48342,0.1336,0.06947
crops/hibogi_ai_02960_png_6.jpg,hibogi_ai_02960_png,HIBOGI_AI_02960_png_jpg.rf.307ff1189987238eb9eee6b18b385e4e.jpg,,0,0,no_caries,mild,0.5244,0.3686,0.52445,0.05116,0.05579
crops/hibogi_ai_02960_png_7.jpg,hibogi_ai_02960_png,HIBOGI_AI_02960_png_jpg.rf.307ff1189987238eb9eee6b18b385e4e.jpg,,0,0,no_caries,mild,0.6349,0.2922,0.63488,0.03658,0.03633
crops/hibogi_ai_02960_png_8.jpg,hibogi_ai_02960_png,HIBOGI_AI_02960_png_jpg.rf.307ff1189987238eb9eee6b18b385e4e.jpg,,0,0,no_caries,no_caries,0.5361,0.53606,0.29243,0.11016,0.06135
crops/hibogi_ai_02960_png_9.jpg,hibogi_ai_02960_png,HIBOGI_AI_02960_png_jpg.rf.307ff1189987238eb9eee6b18b385e4e.jpg,,0,0,no_caries,no_caries,0.5096,0.5096,0.26843,0.17766,0.04432
crops/hibogi_ai_02960_png_10.jpg,hibogi_ai_02960_png,HIBOGI_AI_02960_png_jpg.rf.307ff1189987238eb9eee6b18b385e4e.jpg,,0,0,no_caries,mild,0.3618,0.34103,0.36175,0.2338,0.06341
crops/hibogi_ai_02960_png_11.jpg,hibogi_ai_02960_png,HIBOGI_AI_02960_png_jpg.rf.307ff1189987238eb9eee6b18b385e4e.jpg,,0,0,no_caries,moderate,0.3535,0.23289,0.24507,0.35347,0.16856
crops/hibogi_ai_02960_png_12.jpg,hibogi_ai_02960_png,HIBOGI_AI_02960_png_jpg.rf.307ff1189987238eb9eee6b18b385e4e.jpg,,5,0,advanced,moderate,0.5658,0.03256,0.18674,0.56581,0.2149
crops/hibogi_ai_02960_png_13.jpg,hibogi_ai_02960_png,HIBOGI_AI_02960_png_jpg.rf.307ff1189987238eb9eee6b18b385e4e.jpg,,3,0,moderate,advanced,0.8312,0.00578,0.01436,0.14861,0.83124
crops/hibogi_ai_02961_png_0.jpg,hibogi_ai_02961_png,HIBOGI_AI_02961_png_jpg.rf.4d17fa852881c602b3fb111547519420.jpg,,3,0,moderate,mild,0.4319,0.36981,0.43192,0.11366,0.08461
crops/hibogi_ai_02961_png_1.jpg,hibogi_ai_02961_png,HIBOGI_AI_02961_png_jpg.rf.4d17fa852881c602b3fb111547519420.jpg,,3,0,moderate,mild,0.841,0.06175,0.84098,0.07102,0.02625
crops/hibogi_ai_02961_png_2.jpg,hibogi_ai_02961_png,HIBOGI_AI_02961_png_jpg.rf.4d17fa852881c602b3fb111547519420.jpg,,3,0,moderate,mild,0.7362,0.08038,0.73621,0.10538,0.07803
crops/hibogi_ai_02961_png_3.jpg,hibogi_ai_02961_png,HIBOGI_AI_02961_png_jpg.rf.4d17fa852881c602b3fb111547519420.jpg,,3,0,moderate,mild,0.7517,0.15545,0.75166,0.05792,0.03497
crops/hibogi_ai_02961_png_4.jpg,hibogi_ai_02961_png,HIBOGI_AI_02961_png_jpg.rf.4d17fa852881c602b3fb111547519420.jpg,,3,0,moderate,mild,0.73,0.00992,0.73001,0.15684,0.10323
crops/hibogi_ai_02961_png_5.jpg,hibogi_ai_02961_png,HIBOGI_AI_02961_png_jpg.rf.4d17fa852881c602b3fb111547519420.jpg,,3,0,moderate,mild,0.7456,0.05146,0.74559,0.17444,0.02852
crops/hibogi_ai_02961_png_6.jpg,hibogi_ai_02961_png,HIBOGI_AI_02961_png_jpg.rf.4d17fa852881c602b3fb111547519420.jpg,,3,0,moderate,moderate,0.3316,0.27104,0.28732,0.33161,0.11003
crops/hibogi_ai_02961_png_7.jpg,hibogi_ai_02961_png,HIBOGI_AI_02961_png_jpg.rf.4d17fa852881c602b3fb111547519420.jpg,,0,0,no_caries,no_caries,0.4443,0.44427,0.36826,0.07018,0.11729
crops/hibogi_ai_02961_png_8.jpg,hibogi_ai_02961_png,HIBOGI_AI_02961_png_jpg.rf.4d17fa852881c602b3fb111547519420.jpg,,0,0,no_caries,no_caries,0.5745,0.57448,0.22608,0.09459,0.10486
crops/hibogi_ai_02961_png_9.jpg,hibogi_ai_02961_png,HIBOGI_AI_02961_png_jpg.rf.4d17fa852881c602b3fb111547519420.jpg,,0,0,no_caries,mild,0.644,0.23872,0.64401,0.05813,0.05914
crops/hibogi_ai_02961_png_10.jpg,hibogi_ai_02961_png,HIBOGI_AI_02961_png_jpg.rf.4d17fa852881c602b3fb111547519420.jpg,,3,0,moderate,mild,0.8091,0.09498,0.80914,0.03323,0.06265
crops/hibogi_ai_02961_png_11.jpg,hibogi_ai_02961_png,HIBOGI_AI_02961_png_jpg.rf.4d17fa852881c602b3fb111547519420.jpg,,3,0,moderate,mild,0.9122,0.04644,0.9122,0.01449,0.02686
crops/hibogi_ai_02961_png_12.jpg,hibogi_ai_02961_png,HIBOGI_AI_02961_png_jpg.rf.4d17fa852881c602b3fb111547519420.jpg,,3,0,moderate,mild,0.9215,0.03043,0.92148,0.02527,0.02282
crops/hibogi_ai_02961_png_13.jpg,hibogi_ai_02961_png,HIBOGI_AI_02961_png_jpg.rf.4d17fa852881c602b3fb111547519420.jpg,,3,0,moderate,mild,0.863,0.03017,0.86295,0.07674,0.03014
crops/hibogi_ai_02961_png_14.jpg,hibogi_ai_02961_png,HIBOGI_AI_02961_png_jpg.rf.4d17fa852881c602b3fb111547519420.jpg,,3,0,moderate,mild,0.7857,0.0702,0.78569,0.06578,0.07833
crops/hibogi_ai_02961_png_15.jpg,hibogi_ai_02961_png,HIBOGI_AI_02961_png_jpg.rf.4d17fa852881c602b3fb111547519420.jpg,,3,0,moderate,mild,0.8505,0.05552,0.8505,0.04291,0.05107
crops/hibogi_ai_02961_png_16.jpg,hibogi_ai_02961_png,HIBOGI_AI_02961_png_jpg.rf.4d17fa852881c602b3fb111547519420.jpg,,3,0,moderate,mild,0.8012,0.083,0.80119,0.04062,0.07519
crops/hibogi_ai_02961_png_17.jpg,hibogi_ai_02961_png,HIBOGI_AI_02961_png_jpg.rf.4d17fa852881c602b3fb111547519420.jpg,,3,0,moderate,mild,0.5656,0.21156,0.56564,0.10454,0.11825
crops/hibogi_ai_02968_png_0.jpg,hibogi_ai_02968_png,HIBOGI_AI_02968_png_jpg.rf.498a1c8dd5897cc6356ca9e8f629a956.jpg,,2,0,mild,mild,0.6871,0.13724,0.68713,0.04184,0.1338
crops/hibogi_ai_02968_png_1.jpg,hibogi_ai_02968_png,HIBOGI_AI_02968_png_jpg.rf.498a1c8dd5897cc6356ca9e8f629a956.jpg,,0,0,no_caries,no_caries,0.6315,0.63153,0.24169,0.06836,0.05842
crops/hibogi_ai_02968_png_2.jpg,hibogi_ai_02968_png,HIBOGI_AI_02968_png_jpg.rf.498a1c8dd5897cc6356ca9e8f629a956.jpg,,0,0,no_caries,no_caries,0.7229,0.72294,0.1492,0.0574,0.07046
crops/hibogi_ai_02968_png_3.jpg,hibogi_ai_02968_png,HIBOGI_AI_02968_png_jpg.rf.498a1c8dd5897cc6356ca9e8f629a956.jpg,,0,0,no_caries,no_caries,0.6609,0.66089,0.2201,0.05267,0.06633
crops/hibogi_ai_02968_png_4.jpg,hibogi_ai_02968_png,HIBOGI_AI_02968_png_jpg.rf.498a1c8dd5897cc6356ca9e8f629a956.jpg,,0,0,no_caries,no_caries,0.7908,0.79082,0.06718,0.07668,0.06531
crops/hibogi_ai_02968_png_5.jpg,hibogi_ai_02968_png,HIBOGI_AI_02968_png_jpg.rf.498a1c8dd5897cc6356ca9e8f629a956.jpg,,0,0,no_caries,no_caries,0.7558,0.75584,0.03972,0.11392,0.09052
crops/hibogi_ai_02968_png_6.jpg,hibogi_ai_02968_png,HIBOGI_AI_02968_png_jpg.rf.498a1c8dd5897cc6356ca9e8f629a956.jpg,,0,0,no_caries,no_caries,0.6864,0.68635,0.07711,0.16854,0.068
crops/hibogi_ai_02968_png_7.jpg,hibogi_ai_02968_png,HIBOGI_AI_02968_png_jpg.rf.498a1c8dd5897cc6356ca9e8f629a956.jpg,,0,0,no_caries,no_caries,0.5066,0.50665,0.39393,0.05217,0.04725
crops/hibogi_ai_02968_png_8.jpg,hibogi_ai_02968_png,HIBOGI_AI_02968_png_jpg.rf.498a1c8dd5897cc6356ca9e8f629a956.jpg,,0,0,no_caries,no_caries,0.7281,0.72814,0.14939,0.06219,0.06028
crops/hibogi_ai_02968_png_9.jpg,hibogi_ai_02968_png,HIBOGI_AI_02968_png_jpg.rf.498a1c8dd5897cc6356ca9e8f629a956.jpg,,0,0,no_caries,no_caries,0.7329,0.73295,0.13341,0.08197,0.05167
crops/hibogi_ai_02968_png_10.jpg,hibogi_ai_02968_png,HIBOGI_AI_02968_png_jpg.rf.498a1c8dd5897cc6356ca9e8f629a956.jpg,,0,0,no_caries,no_caries,0.7523,0.75233,0.05881,0.14446,0.04441
crops/hibogi_ai_02974_png_0.jpg,hibogi_ai_02974_png,HIBOGI_AI_02974_png_jpg.rf.1c6a555288b00b02f24171b0f8a13e0c.jpg,,0,0,no_caries,no_caries,0.7128,0.71276,0.05275,0.14651,0.08798
crops/hibogi_ai_02974_png_1.jpg,hibogi_ai_02974_png,HIBOGI_AI_02974_png_jpg.rf.1c6a555288b00b02f24171b0f8a13e0c.jpg,,2,0,mild,mild,0.4595,0.09277,0.45953,0.32801,0.11969
crops/hibogi_ai_02974_png_2.jpg,hibogi_ai_02974_png,HIBOGI_AI_02974_png_jpg.rf.1c6a555288b00b02f24171b0f8a13e0c.jpg,,2,0,mild,mild,0.6556,0.10077,0.65561,0.20411,0.03952
crops/hibogi_ai_02974_png_3.jpg,hibogi_ai_02974_png,HIBOGI_AI_02974_png_jpg.rf.1c6a555288b00b02f24171b0f8a13e0c.jpg,,5,0,advanced,advanced,0.5876,0.01583,0.02036,0.37622,0.58758
crops/hibogi_ai_02974_png_4.jpg,hibogi_ai_02974_png,HIBOGI_AI_02974_png_jpg.rf.1c6a555288b00b02f24171b0f8a13e0c.jpg,,0,0,no_caries,no_caries,0.6521,0.65206,0.26393,0.05534,0.02867
crops/hibogi_ai_02974_png_5.jpg,hibogi_ai_02974_png,HIBOGI_AI_02974_png_jpg.rf.1c6a555288b00b02f24171b0f8a13e0c.jpg,,0,0,no_caries,no_caries,0.6535,0.65346,0.23227,0.07329,0.04098
crops/hibogi_ai_02974_png_6.jpg,hibogi_ai_02974_png,HIBOGI_AI_02974_png_jpg.rf.1c6a555288b00b02f24171b0f8a13e0c.jpg,,0,0,no_caries,no_caries,0.7611,0.76107,0.18271,0.04421,0.01202
crops/hibogi_ai_02974_png_7.jpg,hibogi_ai_02974_png,HIBOGI_AI_02974_png_jpg.rf.1c6a555288b00b02f24171b0f8a13e0c.jpg,,0,0,no_caries,no_caries,0.7979,0.79788,0.07376,0.09025,0.0381
crops/hibogi_ai_02974_png_8.jpg,hibogi_ai_02974_png,HIBOGI_AI_02974_png_jpg.rf.1c6a555288b00b02f24171b0f8a13e0c.jpg,,0,0,no_caries,no_caries,0.7152,0.71521,0.18118,0.08207,0.02154
crops/hibogi_ai_02981_png_0.jpg,hibogi_ai_02981_png,HIBOGI_AI_02981_png_jpg.rf.7b60c0527c4b609ecf6ad7f44be6714b.jpg,,0,0,no_caries,moderate,0.6464,0.05682,0.2476,0.64635,0.04923
crops/hibogi_ai_02981_png_1.jpg,hibogi_ai_02981_png,HIBOGI_AI_02981_png_jpg.rf.7b60c0527c4b609ecf6ad7f44be6714b.jpg,,5,0,advanced,advanced,0.7277,0.02471,0.12041,0.12716,0.72773
crops/hibogi_ai_02981_png_2.jpg,hibogi_ai_02981_png,HIBOGI_AI_02981_png_jpg.rf.7b60c0527c4b609ecf6ad7f44be6714b.jpg,,0,0,no_caries,no_caries,0.441,0.44095,0.32095,0.16984,0.06826
crops/hibogi_ai_02981_png_3.jpg,hibogi_ai_02981_png,HIBOGI_AI_02981_png_jpg.rf.7b60c0527c4b609ecf6ad7f44be6714b.jpg,,0,0,no_caries,no_caries,0.6136,0.61356,0.17582,0.16817,0.04245
crops/hibogi_ai_02981_png_4.jpg,hibogi_ai_02981_png,HIBOGI_AI_02981_png_jpg.rf.7b60c0527c4b609ecf6ad7f44be6714b.jpg,,0,0,no_caries,no_caries,0.6664,0.66637,0.20438,0.08729,0.04196
crops/hibogi_ai_02981_png_5.jpg,hibogi_ai_02981_png,HIBOGI_AI_02981_png_jpg.rf.7b60c0527c4b609ecf6ad7f44be6714b.jpg,,0,0,no_caries,no_caries,0.6511,0.6511,0.23899,0.07498,0.03493
crops/hibogi_ai_02981_png_6.jpg,hibogi_ai_02981_png,HIBOGI_AI_02981_png_jpg.rf.7b60c0527c4b609ecf6ad7f44be6714b.jpg,,0,0,no_caries,no_caries,0.5295,0.5295,0.24264,0.13387,0.09398
crops/hibogi_ai_02981_png_7.jpg,hibogi_ai_02981_png,HIBOGI_AI_02981_png_jpg.rf.7b60c0527c4b609ecf6ad7f44be6714b.jpg,,0,0,no_caries,no_caries,0.5802,0.58017,0.31988,0.04847,0.05149
crops/hibogi_ai_02981_png_8.jpg,hibogi_ai_02981_png,HIBOGI_AI_02981_png_jpg.rf.7b60c0527c4b609ecf6ad7f44be6714b.jpg,,0,0,no_caries,no_caries,0.4969,0.4969,0.40224,0.07311,0.02775
crops/hibogi_ai_02981_png_9.jpg,hibogi_ai_02981_png,HIBOGI_AI_02981_png_jpg.rf.7b60c0527c4b609ecf6ad7f44be6714b.jpg,,0,0,no_caries,no_caries,0.6146,0.61462,0.257,0.09914,0.02924
crops/hibogi_ai_02981_png_10.jpg,hibogi_ai_02981_png,HIBOGI_AI_02981_png_jpg.rf.7b60c0527c4b609ecf6ad7f44be6714b.jpg,,0,0,no_caries,no_caries,0.5692,0.56922,0.01537,0.37381,0.0416
crops/hibogi_ai_02981_png_11.jpg,hibogi_ai_02981_png,HIBOGI_AI_02981_png_jpg.rf.7b60c0527c4b609ecf6ad7f44be6714b.jpg,,0,0,no_caries,no_caries,0.535,0.53501,0.18593,0.13032,0.14874
crops/hibogi_ai_02981_png_12.jpg,hibogi_ai_02981_png,HIBOGI_AI_02981_png_jpg.rf.7b60c0527c4b609ecf6ad7f44be6714b.jpg,,0,0,no_caries,no_caries,0.4887,0.48869,0.20353,0.18298,0.1248
crops/hibogi_ai_03004_png_0.jpg,hibogi_ai_03004_png,HIBOGI_AI_03004_png_jpg.rf.13d3d6b7d5d8b6ddfee26ae16a4fa732.jpg,,0,0,no_caries,mild,0.4519,0.26928,0.45193,0.11027,0.16851
crops/hibogi_ai_03004_png_1.jpg,hibogi_ai_03004_png,HIBOGI_AI_03004_png_jpg.rf.13d3d6b7d5d8b6ddfee26ae16a4fa732.jpg,,0,0,no_caries,advanced,0.3123,0.26763,0.27777,0.14231,0.31229
crops/hibogi_ai_03004_png_2.jpg,hibogi_ai_03004_png,HIBOGI_AI_03004_png_jpg.rf.13d3d6b7d5d8b6ddfee26ae16a4fa732.jpg,,0,0,no_caries,no_caries,0.5668,0.56676,0.19674,0.09211,0.14439
crops/hibogi_ai_03004_png_3.jpg,hibogi_ai_03004_png,HIBOGI_AI_03004_png_jpg.rf.13d3d6b7d5d8b6ddfee26ae16a4fa732.jpg,,6,0,advanced,advanced,0.914,0.01388,0.05079,0.0213,0.91402
crops/hibogi_ai_03004_png_4.jpg,hibogi_ai_03004_png,HIBOGI_AI_03004_png_jpg.rf.13d3d6b7d5d8b6ddfee26ae16a4fa732.jpg,,0,0,no_caries,no_caries,0.6717,0.67171,0.21295,0.07033,0.04501
crops/hibogi_ai_03004_png_5.jpg,hibogi_ai_03004_png,HIBOGI_AI_03004_png_jpg.rf.13d3d6b7d5d8b6ddfee26ae16a4fa732.jpg,,0,0,no_caries,mild,0.7249,0.16717,0.72487,0.03291,0.07505
crops/hibogi_ai_03004_png_6.jpg,hibogi_ai_03004_png,HIBOGI_AI_03004_png_jpg.rf.13d3d6b7d5d8b6ddfee26ae16a4fa732.jpg,,2,0,mild,advanced,0.4432,0.25422,0.15845,0.14412,0.44321
crops/hibogi_ai_03004_png_7.jpg,hibogi_ai_03004_png,HIBOGI_AI_03004_png_jpg.rf.13d3d6b7d5d8b6ddfee26ae16a4fa732.jpg,,0,0,no_caries,no_caries,0.4408,0.44084,0.32277,0.1502,0.08619
crops/hibogi_ai_03004_png_8.jpg,hibogi_ai_03004_png,HIBOGI_AI_03004_png_jpg.rf.13d3d6b7d5d8b6ddfee26ae16a4fa732.jpg,,0,0,no_caries,no_caries,0.6406,0.64059,0.2178,0.06898,0.07264
crops/hibogi_ai_03004_png_9.jpg,hibogi_ai_03004_png,HIBOGI_AI_03004_png_jpg.rf.13d3d6b7d5d8b6ddfee26ae16a4fa732.jpg,,0,0,no_caries,no_caries,0.6446,0.64461,0.20172,0.08268,0.071
crops/hibogi_ai_03004_png_10.jpg,hibogi_ai_03004_png,HIBOGI_AI_03004_png_jpg.rf.13d3d6b7d5d8b6ddfee26ae16a4fa732.jpg,,0,0,no_caries,no_caries,0.5073,0.50732,0.36551,0.08728,0.03989
crops/hibogi_ai_03004_png_11.jpg,hibogi_ai_03004_png,HIBOGI_AI_03004_png_jpg.rf.13d3d6b7d5d8b6ddfee26ae16a4fa732.jpg,,0,0,no_caries,mild,0.4173,0.40479,0.41727,0.13908,0.03887
crops/hibogi_ai_03004_png_12.jpg,hibogi_ai_03004_png,HIBOGI_AI_03004_png_jpg.rf.13d3d6b7d5d8b6ddfee26ae16a4fa732.jpg,,0,0,no_caries,no_caries,0.8218,0.82183,0.08993,0.045,0.04324
crops/hibogi_ai_03004_png_13.jpg,hibogi_ai_03004_png,HIBOGI_AI_03004_png_jpg.rf.13d3d6b7d5d8b6ddfee26ae16a4fa732.jpg,,0,0,no_caries,no_caries,0.7029,0.70287,0.15153,0.10263,0.04297
crops/hibogi_ai_03004_png_14.jpg,hibogi_ai_03004_png,HIBOGI_AI_03004_png_jpg.rf.13d3d6b7d5d8b6ddfee26ae16a4fa732.jpg,,0,0,no_caries,no_caries,0.7171,0.71713,0.06001,0.1288,0.09405
crops/hibogi_ai_03004_png_15.jpg,hibogi_ai_03004_png,HIBOGI_AI_03004_png_jpg.rf.13d3d6b7d5d8b6ddfee26ae16a4fa732.jpg,,0,0,no_caries,no_caries,0.5175,0.51752,0.20932,0.1795,0.09366
crops/hibogi_ai_03013_png_0.jpg,hibogi_ai_03013_png,HIBOGI_AI_03013_png_jpg.rf.531189d728db8c928363762a0ce5f4f8.jpg,,0,0,no_caries,no_caries,0.6425,0.64248,0.23283,0.08866,0.03603
crops/hibogi_ai_03013_png_1.jpg,hibogi_ai_03013_png,HIBOGI_AI_03013_png_jpg.rf.531189d728db8c928363762a0ce5f4f8.jpg,,0,0,no_caries,no_caries,0.6678,0.66784,0.14225,0.10712,0.0828
crops/hibogi_ai_03013_png_2.jpg,hibogi_ai_03013_png,HIBOGI_AI_03013_png_jpg.rf.531189d728db8c928363762a0ce5f4f8.jpg,,0,0,no_caries,no_caries,0.4442,0.44419,0.34137,0.09871,0.11573
crops/hibogi_ai_03013_png_3.jpg,hibogi_ai_03013_png,HIBOGI_AI_03013_png_jpg.rf.531189d728db8c928363762a0ce5f4f8.jpg,,0,0,no_caries,no_caries,0.5388,0.53881,0.27128,0.09714,0.09278
crops/hibogi_ai_03013_png_4.jpg,hibogi_ai_03013_png,HIBOGI_AI_03013_png_jpg.rf.531189d728db8c928363762a0ce5f4f8.jpg,,0,0,no_caries,no_caries,0.8082,0.80816,0.09327,0.04845,0.05013
crops/hibogi_ai_03013_png_5.jpg,hibogi_ai_03013_png,HIBOGI_AI_03013_png_jpg.rf.531189d728db8c928363762a0ce5f4f8.jpg,,0,0,no_caries,no_caries,0.8154,0.8154,0.05846,0.08201,0.04413
crops/hibogi_ai_03013_png_6.jpg,hibogi_ai_03013_png,HIBOGI_AI_03013_png_jpg.rf.531189d728db8c928363762a0ce5f4f8.jpg,,0,0,no_caries,no_caries,0.4684,0.46836,0.13942,0.25256,0.13966
crops/hibogi_ai_03013_png_7.jpg,hibogi_ai_03013_png,HIBOGI_AI_03013_png_jpg.rf.531189d728db8c928363762a0ce5f4f8.jpg,,6,0,advanced,advanced,0.7618,0.06267,0.15524,0.02032,0.76177
crops/hibogi_ai_03013_png_8.jpg,hibogi_ai_03013_png,HIBOGI_AI_03013_png_jpg.rf.531189d728db8c928363762a0ce5f4f8.jpg,,0,0,no_caries,no_caries,0.4803,0.48033,0.35435,0.10704,0.05828
crops/hibogi_ai_03013_png_9.jpg,hibogi_ai_03013_png,HIBOGI_AI_03013_png_jpg.rf.531189d728db8c928363762a0ce5f4f8.jpg,,0,0,no_caries,no_caries,0.7137,0.71365,0.08571,0.1354,0.06524
crops/hibogi_ai_03013_png_10.jpg,hibogi_ai_03013_png,HIBOGI_AI_03013_png_jpg.rf.531189d728db8c928363762a0ce5f4f8.jpg,,0,0,no_caries,no_caries,0.7995,0.79948,0.08547,0.05951,0.05554
crops/hibogi_ai_03013_png_11.jpg,hibogi_ai_03013_png,HIBOGI_AI_03013_png_jpg.rf.531189d728db8c928363762a0ce5f4f8.jpg,,0,0,no_caries,no_caries,0.8429,0.84285,0.04861,0.04449,0.06405
crops/hibogi_ai_03013_png_12.jpg,hibogi_ai_03013_png,HIBOGI_AI_03013_png_jpg.rf.531189d728db8c928363762a0ce5f4f8.jpg,,0,0,no_caries,no_caries,0.8364,0.83637,0.04694,0.0734,0.04329
crops/hibogi_ai_03013_png_13.jpg,hibogi_ai_03013_png,HIBOGI_AI_03013_png_jpg.rf.531189d728db8c928363762a0ce5f4f8.jpg,,0,0,no_caries,no_caries,0.7881,0.7881,0.04291,0.108,0.061
crops/hibogi_ai_03028_png_0.jpg,hibogi_ai_03028_png,HIBOGI_AI_03028_png_jpg.rf.7c1bed4fb5e92804e91238ddcf8f296b.jpg,,3,0,moderate,mild,0.354,0.30049,0.354,0.21571,0.12979
crops/hibogi_ai_03028_png_1.jpg,hibogi_ai_03028_png,HIBOGI_AI_03028_png_jpg.rf.7c1bed4fb5e92804e91238ddcf8f296b.jpg,,0,0,no_caries,no_caries,0.7177,0.71773,0.16251,0.05583,0.06393
crops/hibogi_ai_03028_png_2.jpg,hibogi_ai_03028_png,HIBOGI_AI_03028_png_jpg.rf.7c1bed4fb5e92804e91238ddcf8f296b.jpg,,0,0,no_caries,no_caries,0.5652,0.56517,0.26647,0.08584,0.08252
crops/hibogi_ai_03028_png_3.jpg,hibogi_ai_03028_png,HIBOGI_AI_03028_png_jpg.rf.7c1bed4fb5e92804e91238ddcf8f296b.jpg,,0,0,no_caries,no_caries,0.6903,0.69034,0.24017,0.02858,0.04091
crops/hibogi_ai_03028_png_4.jpg,hibogi_ai_03028_png,HIBOGI_AI_03028_png_jpg.rf.7c1bed4fb5e92804e91238ddcf8f296b.jpg,,0,0,no_caries,no_caries,0.5666,0.56661,0.34383,0.03596,0.0536
crops/hibogi_ai_03028_png_5.jpg,hibogi_ai_03028_png,HIBOGI_AI_03028_png_jpg.rf.7c1bed4fb5e92804e91238ddcf8f296b.jpg,,0,0,no_caries,no_caries,0.5783,0.57834,0.28404,0.05495,0.08266
crops/hibogi_ai_03028_png_6.jpg,hibogi_ai_03028_png,HIBOGI_AI_03028_png_jpg.rf.7c1bed4fb5e92804e91238ddcf8f296b.jpg,,0,0,no_caries,no_caries,0.4639,0.46389,0.39509,0.05374,0.08728
crops/hibogi_ai_03028_png_7.jpg,hibogi_ai_03028_png,HIBOGI_AI_03028_png_jpg.rf.7c1bed4fb5e92804e91238ddcf8f296b.jpg,,0,0,no_caries,mild,0.6497,0.27953,0.64968,0.03736,0.03343
crops/hibogi_ai_03028_png_8.jpg,hibogi_ai_03028_png,HIBOGI_AI_03028_png_jpg.rf.7c1bed4fb5e92804e91238ddcf8f296b.jpg,,0,0,no_caries,no_caries,0.7575,0.75745,0.08035,0.12695,0.03524
crops/hibogi_ai_03028_png_9.jpg,hibogi_ai_03028_png,HIBOGI_AI_03028_png_jpg.rf.7c1bed4fb5e92804e91238ddcf8f296b.jpg,,0,0,no_caries,no_caries,0.6348,0.63477,0.22606,0.10803,0.03114
crops/hibogi_ai_03028_png_10.jpg,hibogi_ai_03028_png,HIBOGI_AI_03028_png_jpg.rf.7c1bed4fb5e92804e91238ddcf8f296b.jpg,,0,0,no_caries,no_caries,0.3493,0.34928,0.30203,0.31449,0.03421
crops/hibogi_ai_03028_png_11.jpg,hibogi_ai_03028_png,HIBOGI_AI_03028_png_jpg.rf.7c1bed4fb5e92804e91238ddcf8f296b.jpg,,0,0,no_caries,no_caries,0.4917,0.49174,0.31264,0.17174,0.02387
crops/hibogi_ai_03028_png_12.jpg,hibogi_ai_03028_png,HIBOGI_AI_03028_png_jpg.rf.7c1bed4fb5e92804e91238ddcf8f296b.jpg,,0,0,no_caries,no_caries,0.6616,0.66159,0.19633,0.09088,0.0512
crops/hibogi_ai_03028_png_13.jpg,hibogi_ai_03028_png,HIBOGI_AI_03028_png_jpg.rf.7c1bed4fb5e92804e91238ddcf8f296b.jpg,,0,0,no_caries,mild,0.4351,0.25434,0.43509,0.21354,0.09703
crops/hibogi_ai_03028_png_14.jpg,hibogi_ai_03028_png,HIBOGI_AI_03028_png_jpg.rf.7c1bed4fb5e92804e91238ddcf8f296b.jpg,,0,0,no_caries,no_caries,0.4076,0.40757,0.32717,0.11607,0.14919
crops/hibogi_ai_03028_png_15.jpg,hibogi_ai_03028_png,HIBOGI_AI_03028_png_jpg.rf.7c1bed4fb5e92804e91238ddcf8f296b.jpg,,0,0,no_caries,no_caries,0.5368,0.53684,0.27588,0.11683,0.07044
crops/hibogi_ai_03043_png_0.jpg,hibogi_ai_03043_png,HIBOGI_AI_03043_png_jpg.rf.d89a2758ff94aad1b42bad0783753451.jpg,,5,0,advanced,moderate,0.5357,0.19408,0.21401,0.5357,0.05621
crops/hibogi_ai_03043_png_1.jpg,hibogi_ai_03043_png,HIBOGI_AI_03043_png_jpg.rf.d89a2758ff94aad1b42bad0783753451.jpg,,0,0,no_caries,no_caries,0.4384,0.43843,0.39881,0.12988,0.03289
crops/hibogi_ai_03043_png_2.jpg,hibogi_ai_03043_png,HIBOGI_AI_03043_png_jpg.rf.d89a2758ff94aad1b42bad0783753451.jpg,,2,0,mild,no_caries,0.4847,0.48469,0.30386,0.14197,0.06948
crops/hibogi_ai_03043_png_3.jpg,hibogi_ai_03043_png,HIBOGI_AI_03043_png_jpg.rf.d89a2758ff94aad1b42bad0783753451.jpg,,0,0,no_caries,mild,0.6601,0.24645,0.66014,0.04374,0.04967
crops/hibogi_ai_03043_png_4.jpg,hibogi_ai_03043_png,HIBOGI_AI_03043_png_jpg.rf.d89a2758ff94aad1b42bad0783753451.jpg,,0,0,no_caries,no_caries,0.8074,0.80744,0.05595,0.08491,0.05169
crops/hibogi_ai_03043_png_5.jpg,hibogi_ai_03043_png,HIBOGI_AI_03043_png_jpg.rf.d89a2758ff94aad1b42bad0783753451.jpg,,0,0,no_caries,no_caries,0.7593,0.75931,0.09222,0.10246,0.04601
crops/hibogi_ai_03043_png_6.jpg,hibogi_ai_03043_png,HIBOGI_AI_03043_png_jpg.rf.d89a2758ff94aad1b42bad0783753451.jpg,,0,0,no_caries,no_caries,0.7844,0.7844,0.09922,0.06624,0.05014
crops/hibogi_ai_03043_png_7.jpg,hibogi_ai_03043_png,HIBOGI_AI_03043_png_jpg.rf.d89a2758ff94aad1b42bad0783753451.jpg,,0,0,no_caries,no_caries,0.5349,0.53491,0.29533,0.10248,0.06728
crops/hibogi_ai_03043_png_8.jpg,hibogi_ai_03043_png,HIBOGI_AI_03043_png_jpg.rf.d89a2758ff94aad1b42bad0783753451.jpg,,0,0,no_caries,no_caries,0.6693,0.66926,0.24673,0.04516,0.03885
crops/hibogi_ai_03043_png_9.jpg,hibogi_ai_03043_png,HIBOGI_AI_03043_png_jpg.rf.d89a2758ff94aad1b42bad0783753451.jpg,,0,0,no_caries,no_caries,0.5467,0.54672,0.33483,0.0649,0.05355
crops/hibogi_ai_03043_png_10.jpg,hibogi_ai_03043_png,HIBOGI_AI_03043_png_jpg.rf.d89a2758ff94aad1b42bad0783753451.jpg,,0,0,no_caries,mild,0.608,0.18504,0.60798,0.17847,0.02851
crops/hibogi_ai_03043_png_11.jpg,hibogi_ai_03043_png,HIBOGI_AI_03043_png_jpg.rf.d89a2758ff94aad1b42bad0783753451.jpg,,3,0,moderate,moderate,0.7008,0.035,0.04602,0.70078,0.2182
crops/hibogi_ai_03061_png_0.jpg,hibogi_ai_03061_png,HIBOGI_AI_03061_png_jpg.rf.eb43e010a090df52399952c6ff9c531c.jpg,,0,0,no_caries,mild,0.8503,0.0639,0.85034,0.05757,0.02819
crops/hibogi_ai_03061_png_1.jpg,hibogi_ai_03061_png,HIBOGI_AI_03061_png_jpg.rf.eb43e010a090df52399952c6ff9c531c.jpg,,5,0,advanced,moderate,0.4578,0.02108,0.23906,0.45781,0.28205
crops/hibogi_ai_03061_png_2.jpg,hibogi_ai_03061_png,HIBOGI_AI_03061_png_jpg.rf.eb43e010a090df52399952c6ff9c531c.jpg,,2,0,mild,mild,0.5208,0.01768,0.52085,0.06977,0.3917
crops/hibogi_ai_03061_png_3.jpg,hibogi_ai_03061_png,HIBOGI_AI_03061_png_jpg.rf.eb43e010a090df52399952c6ff9c531c.jpg,,2,0,mild,mild,0.4283,0.3557,0.42832,0.14374,0.07224
crops/hibogi_ai_03061_png_4.jpg,hibogi_ai_03061_png,HIBOGI_AI_03061_png_jpg.rf.eb43e010a090df52399952c6ff9c531c.jpg,,0,0,no_caries,no_caries,0.7449,0.74489,0.12806,0.0846,0.04245
crops/hibogi_ai_03061_png_5.jpg,hibogi_ai_03061_png,HIBOGI_AI_03061_png_jpg.rf.eb43e010a090df52399952c6ff9c531c.jpg,,0,0,no_caries,no_caries,0.5905,0.59053,0.16119,0.2132,0.03508
crops/hibogi_ai_03061_png_6.jpg,hibogi_ai_03061_png,HIBOGI_AI_03061_png_jpg.rf.eb43e010a090df52399952c6ff9c531c.jpg,,0,0,no_caries,mild,0.7063,0.17556,0.70633,0.06521,0.0529
crops/hibogi_ai_03061_png_7.jpg,hibogi_ai_03061_png,HIBOGI_AI_03061_png_jpg.rf.eb43e010a090df52399952c6ff9c531c.jpg,,0,0,no_caries,no_caries,0.5131,0.51311,0.27422,0.10165,0.11102
crops/hibogi_ai_03061_png_8.jpg,hibogi_ai_03061_png,HIBOGI_AI_03061_png_jpg.rf.eb43e010a090df52399952c6ff9c531c.jpg,,0,0,no_caries,advanced,0.6538,0.07575,0.18888,0.0816,0.65377
crops/hibogi_ai_03061_png_9.jpg,hibogi_ai_03061_png,HIBOGI_AI_03061_png_jpg.rf.eb43e010a090df52399952c6ff9c531c.jpg,,0,0,no_caries,no_caries,0.5168,0.51681,0.32497,0.12074,0.03747
crops/hibogi_ai_03061_png_10.jpg,hibogi_ai_03061_png,HIBOGI_AI_03061_png_jpg.rf.eb43e010a090df52399952c6ff9c531c.jpg,,3,0,moderate,moderate,0.6767,0.12927,0.14549,0.67673,0.0485
crops/hibogi_ai_03061_png_11.jpg,hibogi_ai_03061_png,HIBOGI_AI_03061_png_jpg.rf.eb43e010a090df52399952c6ff9c531c.jpg,,0,0,no_caries,mild,0.6473,0.15665,0.64726,0.15284,0.04326
crops/hibogi_ai_03061_png_12.jpg,hibogi_ai_03061_png,HIBOGI_AI_03061_png_jpg.rf.eb43e010a090df52399952c6ff9c531c.jpg,,0,0,no_caries,no_caries,0.6617,0.66171,0.19796,0.11105,0.02929
crops/hibogi_ai_03061_png_13.jpg,hibogi_ai_03061_png,HIBOGI_AI_03061_png_jpg.rf.eb43e010a090df52399952c6ff9c531c.jpg,,5,0,advanced,mild,0.4393,0.32914,0.43929,0.148,0.08358
crops/hibogi_ai_03061_png_14.jpg,hibogi_ai_03061_png,HIBOGI_AI_03061_png_jpg.rf.eb43e010a090df52399952c6ff9c531c.jpg,,0,0,no_caries,no_caries,0.5057,0.50566,0.28774,0.11005,0.09655
crops/hibogi_ai_03061_png_15.jpg,hibogi_ai_03061_png,HIBOGI_AI_03061_png_jpg.rf.eb43e010a090df52399952c6ff9c531c.jpg,,0,0,no_caries,no_caries,0.5591,0.55913,0.29537,0.11546,0.03004
crops/hibogi_ai_03061_png_16.jpg,hibogi_ai_03061_png,HIBOGI_AI_03061_png_jpg.rf.eb43e010a090df52399952c6ff9c531c.jpg,,2,0,mild,mild,0.4048,0.21288,0.4048,0.15353,0.22879
crops/hibogi_ai_03061_png_17.jpg,hibogi_ai_03061_png,HIBOGI_AI_03061_png_jpg.rf.eb43e010a090df52399952c6ff9c531c.jpg,,2,0,mild,mild,0.4718,0.2965,0.47182,0.10506,0.12663
crops/hibogi_ai_03070_png_0.jpg,hibogi_ai_03070_png,HIBOGI_AI_03070_png_jpg.rf.ed3ebbff4235857b4b82bc31b3012d83.jpg,,3,0,moderate,moderate,0.8309,0.01816,0.11867,0.8309,0.03228
crops/hibogi_ai_03070_png_1.jpg,hibogi_ai_03070_png,HIBOGI_AI_03070_png_jpg.rf.ed3ebbff4235857b4b82bc31b3012d83.jpg,,0,0,no_caries,mild,0.8791,0.08741,0.87905,0.02527,0.00827
crops/hibogi_ai_03070_png_2.jpg,hibogi_ai_03070_png,HIBOGI_AI_03070_png_jpg.rf.ed3ebbff4235857b4b82bc31b3012d83.jpg,,0,0,no_caries,mild,0.8249,0.07113,0.8249,0.04242,0.06155
crops/hibogi_ai_03070_png_3.jpg,hibogi_ai_03070_png,HIBOGI_AI_03070_png_jpg.rf.ed3ebbff4235857b4b82bc31b3012d83.jpg,,0,0,no_caries,no_caries,0.4427,0.4427,0.42834,0.09787,0.0311
crops/hibogi_ai_03070_png_4.jpg,hibogi_ai_03070_png,HIBOGI_AI_03070_png_jpg.rf.ed3ebbff4235857b4b82bc31b3012d83.jpg,,0,0,no_caries,no_caries,0.5874,0.58743,0.11948,0.23769,0.0554
crops/hibogi_ai_03070_png_5.jpg,hibogi_ai_03070_png,HIBOGI_AI_03070_png_jpg.rf.ed3ebbff4235857b4b82bc31b3012d83.jpg,,0,0,no_caries,no_caries,0.6399,0.63995,0.06893,0.23495,0.05617
crops/hibogi_ai_03070_png_6.jpg,hibogi_ai_03070_png,HIBOGI_AI_03070_png_jpg.rf.ed3ebbff4235857b4b82bc31b3012d83.jpg,,0,0,no_caries,no_caries,0.5337,0.53372,0.16265,0.22838,0.07525
crops/hibogi_ai_03070_png_7.jpg,hibogi_ai_03070_png,HIBOGI_AI_03070_png_jpg.rf.ed3ebbff4235857b4b82bc31b3012d83.jpg,,0,0,no_caries,no_caries,0.6012,0.60118,0.23099,0.1055,0.06233
crops/hibogi_ai_03070_png_8.jpg,hibogi_ai_03070_png,HIBOGI_AI_03070_png_jpg.rf.ed3ebbff4235857b4b82bc31b3012d83.jpg,,0,0,no_caries,mild,0.6499,0.14133,0.64987,0.05691,0.15188
crops/hibogi_ai_03070_png_9.jpg,hibogi_ai_03070_png,HIBOGI_AI_03070_png_jpg.rf.ed3ebbff4235857b4b82bc31b3012d83.jpg,,2,0,mild,mild,0.4303,0.30199,0.43025,0.22169,0.04608
crops/hibogi_ai_03070_png_10.jpg,hibogi_ai_03070_png,HIBOGI_AI_03070_png_jpg.rf.ed3ebbff4235857b4b82bc31b3012d83.jpg,,0,0,no_caries,mild,0.9142,0.05125,0.91419,0.03226,0.0023
crops/hibogi_ai_03070_png_11.jpg,hibogi_ai_03070_png,HIBOGI_AI_03070_png_jpg.rf.ed3ebbff4235857b4b82bc31b3012d83.jpg,,3,0,moderate,moderate,0.6216,0.0198,0.04464,0.62158,0.31398
crops/hibogi_ai_03075_png_0.jpg,hibogi_ai_03075_png,HIBOGI_AI_03075_png_jpg.rf.b216b791427ddfc2c67d78de62a61984.jpg,,0,0,no_caries,mild,0.6214,0.06532,0.62144,0.13998,0.17326
crops/hibogi_ai_03075_png_1.jpg,hibogi_ai_03075_png,HIBOGI_AI_03075_png_jpg.rf.b216b791427ddfc2c67d78de62a61984.jpg,,0,0,no_caries,moderate,0.6594,0.03673,0.14617,0.65939,0.15771
crops/hibogi_ai_03075_png_2.jpg,hibogi_ai_03075_png,HIBOGI_AI_03075_png_jpg.rf.b216b791427ddfc2c67d78de62a61984.jpg,,0,0,no_caries,mild,0.5729,0.27118,0.57289,0.10385,0.05209
crops/hibogi_ai_03075_png_3.jpg,hibogi_ai_03075_png,HIBOGI_AI_03075_png_jpg.rf.b216b791427ddfc2c67d78de62a61984.jpg,,0,0,no_caries,mild,0.5894,0.10122,0.58942,0.27162,0.03775
crops/hibogi_ai_03075_png_4.jpg,hibogi_ai_03075_png,HIBOGI_AI_03075_png_jpg.rf.b216b791427ddfc2c67d78de62a61984.jpg,,0,0,no_caries,no_caries,0.6368,0.63681,0.22463,0.08939,0.04917
crops/hibogi_ai_03075_png_5.jpg,hibogi_ai_03075_png,HIBOGI_AI_03075_png_jpg.rf.b216b791427ddfc2c67d78de62a61984.jpg,,0,0,no_caries,no_caries,0.7897,0.78972,0.07443,0.07308,0.06277
crops/hibogi_ai_03075_png_6.jpg,hibogi_ai_03075_png,HIBOGI_AI_03075_png_jpg.rf.b216b791427ddfc2c67d78de62a61984.jpg,,0,0,no_caries,no_caries,0.4509,0.45094,0.40088,0.10093,0.04726
crops/hibogi_ai_03075_png_7.jpg,hibogi_ai_03075_png,HIBOGI_AI_03075_png_jpg.rf.b216b791427ddfc2c67d78de62a61984.jpg,,0,0,no_caries,no_caries,0.8123,0.81233,0.06163,0.06861,0.05743
crops/hibogi_ai_03075_png_8.jpg,hibogi_ai_03075_png,HIBOGI_AI_03075_png_jpg.rf.b216b791427ddfc2c67d78de62a61984.jpg,,0,0,no_caries,mild,0.6525,0.25379,0.65246,0.0798,0.01395
crops/hibogi_ai_03075_png_9.jpg,hibogi_ai_03075_png,HIBOGI_AI_03075_png_jpg.rf.b216b791427ddfc2c67d78de62a61984.jpg,,5,0,advanced,mild,0.3864,0.07069,0.38635,0.27264,0.27032
crops/hibogi_ai_03075_png_10.jpg,hibogi_ai_03075_png,HIBOGI_AI_03075_png_jpg.rf.b216b791427ddfc2c67d78de62a61984.jpg,,5,0,advanced,moderate,0.8184,0.00258,0.02019,0.81843,0.1588
crops/hibogi_ai_03087_png_0.jpg,hibogi_ai_03087_png,HIBOGI_AI_03087_png_jpg.rf.b7ca59866942ccb7015ae6e73e218428.jpg,,0,0,no_caries,mild,0.7092,0.21039,0.70921,0.04275,0.03766
crops/hibogi_ai_03087_png_1.jpg,hibogi_ai_03087_png,HIBOGI_AI_03087_png_jpg.rf.b7ca59866942ccb7015ae6e73e218428.jpg,,0,0,no_caries,no_caries,0.5607,0.56067,0.32169,0.07301,0.04463
crops/hibogi_ai_03087_png_2.jpg,hibogi_ai_03087_png,HIBOGI_AI_03087_png_jpg.rf.b7ca59866942ccb7015ae6e73e218428.jpg,,0,0,no_caries,no_caries,0.74,0.74002,0.14012,0.07428,0.04558
crops/hibogi_ai_03087_png_3.jpg,hibogi_ai_03087_png,HIBOGI_AI_03087_png_jpg.rf.b7ca59866942ccb7015ae6e73e218428.jpg,,0,0,no_caries,no_caries,0.6209,0.62088,0.12561,0.1883,0.0652
crops/hibogi_ai_03087_png_4.jpg,hibogi_ai_03087_png,HIBOGI_AI_03087_png_jpg.rf.b7ca59866942ccb7015ae6e73e218428.jpg,,0,0,no_caries,no_caries,0.7597,0.75968,0.15005,0.05818,0.03209
crops/hibogi_ai_03087_png_5.jpg,hibogi_ai_03087_png,HIBOGI_AI_03087_png_jpg.rf.b7ca59866942ccb7015ae6e73e218428.jpg,,0,0,no_caries,no_caries,0.7569,0.75687,0.06912,0.10921,0.0648
crops/hibogi_ai_03087_png_6.jpg,hibogi_ai_03087_png,HIBOGI_AI_03087_png_jpg.rf.b7ca59866942ccb7015ae6e73e218428.jpg,,0,0,no_caries,no_caries,0.7905,0.79047,0.06964,0.09534,0.04455
crops/hibogi_ai_03087_png_7.jpg,hibogi_ai_03087_png,HIBOGI_AI_03087_png_jpg.rf.b7ca59866942ccb7015ae6e73e218428.jpg,,0,0,no_caries,no_caries,0.507,0.507,0.13387,0.25959,0.09953
crops/hibogi_ai_03087_png_8.jpg,hibogi_ai_03087_png,HIBOGI_AI_03087_png_jpg.rf.b7ca59866942ccb7015ae6e73e218428.jpg,,0,0,no_caries,no_caries,0.7212,0.72121,0.06726,0.16326,0.04827
crops/hibogi_ai_03087_png_9.jpg,hibogi_ai_03087_png,HIBOGI_AI_03087_png_jpg.rf.b7ca59866942ccb7015ae6e73e218428.jpg,,0,0,no_caries,no_caries,0.5521,0.55207,0.25724,0.15271,0.03797
crops/hibogi_ai_03087_png_10.jpg,hibogi_ai_03087_png,HIBOGI_AI_03087_png_jpg.rf.b7ca59866942ccb7015ae6e73e218428.jpg,,0,0,no_caries,no_caries,0.6978,0.69783,0.208,0.04488,0.0493
crops/hibogi_ai_03087_png_11.jpg,hibogi_ai_03087_png,HIBOGI_AI_03087_png_jpg.rf.b7ca59866942ccb7015ae6e73e218428.jpg,,0,0,no_caries,no_caries,0.5284,0.5284,0.29464,0.14374,0.03322
crops/hibogi_ai_03087_png_12.jpg,hibogi_ai_03087_png,HIBOGI_AI_03087_png_jpg.rf.b7ca59866942ccb7015ae6e73e218428.jpg,,0,0,no_caries,no_caries,0.6665,0.66647,0.16007,0.15247,0.02099
crops/hibogi_ai_03087_png_13.jpg,hibogi_ai_03087_png,HIBOGI_AI_03087_png_jpg.rf.b7ca59866942ccb7015ae6e73e218428.jpg,,0,0,no_caries,no_caries,0.685,0.68501,0.17021,0.09666,0.04812
crops/hibogi_ai_03087_png_14.jpg,hibogi_ai_03087_png,HIBOGI_AI_03087_png_jpg.rf.b7ca59866942ccb7015ae6e73e218428.jpg,,0,0,no_caries,no_caries,0.7503,0.75028,0.12134,0.09006,0.03833
crops/hibogi_ai_03087_png_15.jpg,hibogi_ai_03087_png,HIBOGI_AI_03087_png_jpg.rf.b7ca59866942ccb7015ae6e73e218428.jpg,,0,0,no_caries,no_caries,0.6808,0.68076,0.12675,0.13413,0.05837
crops/hibogi_ai_03093_png_0.jpg,hibogi_ai_03093_png,HIBOGI_AI_03093_png_jpg.rf.963d24365a6bf001cbedf59cc6c8f4fd.jpg,,0,0,no_caries,no_caries,0.4954,0.49539,0.35028,0.11459,0.03974
crops/hibogi_ai_03093_png_1.jpg,hibogi_ai_03093_png,HIBOGI_AI_03093_png_jpg.rf.963d24365a6bf001cbedf59cc6c8f4fd.jpg,,0,0,no_caries,no_caries,0.4721,0.47207,0.3572,0.12771,0.04303
crops/hibogi_ai_03093_png_2.jpg,hibogi_ai_03093_png,HIBOGI_AI_03093_png_jpg.rf.963d24365a6bf001cbedf59cc6c8f4fd.jpg,,0,0,no_caries,no_caries,0.5351,0.53506,0.23998,0.15917,0.06579
crops/hibogi_ai_03093_png_3.jpg,hibogi_ai_03093_png,HIBOGI_AI_03093_png_jpg.rf.963d24365a6bf001cbedf59cc6c8f4fd.jpg,,0,0,no_caries,no_caries,0.5256,0.52559,0.32124,0.07208,0.0811
crops/hibogi_ai_03093_png_4.jpg,hibogi_ai_03093_png,HIBOGI_AI_03093_png_jpg.rf.963d24365a6bf001cbedf59cc6c8f4fd.jpg,,0,0,no_caries,no_caries,0.6294,0.62936,0.17617,0.10299,0.09148
crops/hibogi_ai_03093_png_5.jpg,hibogi_ai_03093_png,HIBOGI_AI_03093_png_jpg.rf.963d24365a6bf001cbedf59cc6c8f4fd.jpg,,2,0,mild,mild,0.4158,0.35068,0.41576,0.13556,0.098
crops/hibogi_ai_03093_png_6.jpg,hibogi_ai_03093_png,HIBOGI_AI_03093_png_jpg.rf.963d24365a6bf001cbedf59cc6c8f4fd.jpg,,5,0,advanced,advanced,0.969,0.00071,0.00952,0.02075,0.96902
crops/hibogi_ai_03093_png_7.jpg,hibogi_ai_03093_png,HIBOGI_AI_03093_png_jpg.rf.963d24365a6bf001cbedf59cc6c8f4fd.jpg,,0,0,no_caries,no_caries,0.5055,0.50548,0.28314,0.13119,0.08019
crops/hibogi_ai_03093_png_8.jpg,hibogi_ai_03093_png,HIBOGI_AI_03093_png_jpg.rf.963d24365a6bf001cbedf59cc6c8f4fd.jpg,,0,0,no_caries,no_caries,0.6767,0.67667,0.09965,0.14839,0.07528
crops/hibogi_ai_03093_png_9.jpg,hibogi_ai_03093_png,HIBOGI_AI_03093_png_jpg.rf.963d24365a6bf001cbedf59cc6c8f4fd.jpg,,0,0,no_caries,no_caries,0.61,0.60997,0.30541,0.05637,0.02825
crops/hibogi_ai_03093_png_10.jpg,hibogi_ai_03093_png,HIBOGI_AI_03093_png_jpg.rf.963d24365a6bf001cbedf59cc6c8f4fd.jpg,,5,0,advanced,no_caries,0.5699,0.56986,0.16283,0.22857,0.03874
crops/hibogi_ai_03093_png_11.jpg,hibogi_ai_03093_png,HIBOGI_AI_03093_png_jpg.rf.963d24365a6bf001cbedf59cc6c8f4fd.jpg,,5,0,advanced,no_caries,0.5492,0.54919,0.20678,0.19243,0.0516
crops/hibogi_ai_03096_png_0.jpg,hibogi_ai_03096_png,HIBOGI_AI_03096_png_jpg.rf.7ca5ccc38c691551c6712bc098ccf617.jpg,,1,0,mild,no_caries,0.4679,0.46788,0.1452,0.27181,0.11511
crops/hibogi_ai_03096_png_1.jpg,hibogi_ai_03096_png,HIBOGI_AI_03096_png_jpg.rf.7ca5ccc38c691551c6712bc098ccf617.jpg,,1,0,mild,no_caries,0.701,0.70104,0.23032,0.0318,0.03684
crops/hibogi_ai_03096_png_2.jpg,hibogi_ai_03096_png,HIBOGI_AI_03096_png_jpg.rf.7ca5ccc38c691551c6712bc098ccf617.jpg,,0,0,no_caries,no_caries,0.6604,0.66036,0.21238,0.08602,0.04124
crops/hibogi_ai_03096_png_3.jpg,hibogi_ai_03096_png,HIBOGI_AI_03096_png_jpg.rf.7ca5ccc38c691551c6712bc098ccf617.jpg,,0,0,no_caries,no_caries,0.6306,0.63056,0.27989,0.05713,0.03241
crops/hibogi_ai_03096_png_4.jpg,hibogi_ai_03096_png,HIBOGI_AI_03096_png_jpg.rf.7ca5ccc38c691551c6712bc098ccf617.jpg,,0,0,no_caries,no_caries,0.5743,0.57435,0.34861,0.03493,0.04211
crops/hibogi_ai_03096_png_5.jpg,hibogi_ai_03096_png,HIBOGI_AI_03096_png_jpg.rf.7ca5ccc38c691551c6712bc098ccf617.jpg,,0,0,no_caries,no_caries,0.7244,0.72444,0.18852,0.05274,0.0343
crops/hibogi_ai_03096_png_6.jpg,hibogi_ai_03096_png,HIBOGI_AI_03096_png_jpg.rf.7ca5ccc38c691551c6712bc098ccf617.jpg,,0,0,no_caries,no_caries,0.741,0.74098,0.1679,0.07309,0.01803
crops/hibogi_ai_03096_png_7.jpg,hibogi_ai_03096_png,HIBOGI_AI_03096_png_jpg.rf.7ca5ccc38c691551c6712bc098ccf617.jpg,,0,0,no_caries,no_caries,0.6526,0.65263,0.21952,0.07793,0.04992
crops/hibogi_ai_03096_png_8.jpg,hibogi_ai_03096_png,HIBOGI_AI_03096_png_jpg.rf.7ca5ccc38c691551c6712bc098ccf617.jpg,,0,0,no_caries,no_caries,0.5175,0.51754,0.42044,0.04698,0.01504
crops/hibogi_ai_03096_png_9.jpg,hibogi_ai_03096_png,HIBOGI_AI_03096_png_jpg.rf.7ca5ccc38c691551c6712bc098ccf617.jpg,,1,0,mild,mild,0.6954,0.24647,0.69539,0.04221,0.01593
crops/hibogi_ai_03096_png_10.jpg,hibogi_ai_03096_png,HIBOGI_AI_03096_png_jpg.rf.7ca5ccc38c691551c6712bc098ccf617.jpg,,1,0,mild,no_caries,0.5566,0.55664,0.35588,0.06817,0.0193
crops/hibogi_ai_03096_png_11.jpg,hibogi_ai_03096_png,HIBOGI_AI_03096_png_jpg.rf.7ca5ccc38c691551c6712bc098ccf617.jpg,,1,0,mild,no_caries,0.5901,0.59014,0.34564,0.04199,0.02223
crops/hibogi_ai_03096_png_12.jpg,hibogi_ai_03096_png,HIBOGI_AI_03096_png_jpg.rf.7ca5ccc38c691551c6712bc098ccf617.jpg,,1,0,mild,no_caries,0.6501,0.65012,0.27064,0.05523,0.02402
crops/hibogi_ai_03096_png_13.jpg,hibogi_ai_03096_png,HIBOGI_AI_03096_png_jpg.rf.7ca5ccc38c691551c6712bc098ccf617.jpg,,0,0,no_caries,no_caries,0.5706,0.5706,0.28211,0.07802,0.06927
crops/hibogi_ai_03096_png_14.jpg,hibogi_ai_03096_png,HIBOGI_AI_03096_png_jpg.rf.7ca5ccc38c691551c6712bc098ccf617.jpg,,2,0,mild,no_caries,0.6398,0.63981,0.25075,0.06318,0.04627
crops/hibogi_ai_03116_png_0.jpg,hibogi_ai_03116_png,HIBOGI_AI_03116_png_jpg.rf.6c3a4e69aaa459c8040ca88b95e19022.jpg,,0,0,no_caries,mild,0.6563,0.12109,0.65628,0.11843,0.1042
crops/hibogi_ai_03116_png_1.jpg,hibogi_ai_03116_png,HIBOGI_AI_03116_png_jpg.rf.6c3a4e69aaa459c8040ca88b95e19022.jpg,,0,0,no_caries,no_caries,0.42,0.42,0.41593,0.10533,0.05875
crops/hibogi_ai_03116_png_2.jpg,hibogi_ai_03116_png,HIBOGI_AI_03116_png_jpg.rf.6c3a4e69aaa459c8040ca88b95e19022.jpg,,0,0,no_caries,no_caries,0.7875,0.78748,0.06653,0.08398,0.06201
crops/hibogi_ai_03116_png_3.jpg,hibogi_ai_03116_png,HIBOGI_AI_03116_png_jpg.rf.6c3a4e69aaa459c8040ca88b95e19022.jpg,,1,0,mild,no_caries,0.644,0.644,0.21574,0.07927,0.06098
crops/hibogi_ai_03116_png_4.jpg,hibogi_ai_03116_png,HIBOGI_AI_03116_png_jpg.rf.6c3a4e69aaa459c8040ca88b95e19022.jpg,,0,0,no_caries,no_caries,0.7682,0.76816,0.11877,0.06772,0.04534
crops/hibogi_ai_03116_png_5.jpg,hibogi_ai_03116_png,HIBOGI_AI_03116_png_jpg.rf.6c3a4e69aaa459c8040ca88b95e19022.jpg,,0,0,no_caries,no_caries,0.8038,0.80376,0.06809,0.07944,0.04872
crops/hibogi_ai_03116_png_6.jpg,hibogi_ai_03116_png,HIBOGI_AI_03116_png_jpg.rf.6c3a4e69aaa459c8040ca88b95e19022.jpg,,0,0,no_caries,no_caries,0.8199,0.81995,0.02682,0.08873,0.06451
crops/hibogi_ai_03116_png_7.jpg,hibogi_ai_03116_png,HIBOGI_AI_03116_png_jpg.rf.6c3a4e69aaa459c8040ca88b95e19022.jpg,,0,0,no_caries,no_caries,0.703,0.70303,0.12963,0.08817,0.07917
crops/hibogi_ai_03116_png_8.jpg,hibogi_ai_03116_png,HIBOGI_AI_03116_png_jpg.rf.6c3a4e69aaa459c8040ca88b95e19022.jpg,,1,0,mild,advanced,0.4177,0.04431,0.24269,0.29534,0.41766
crops/hibogi_ai_03116_png_9.jpg,hibogi_ai_03116_png,HIBOGI_AI_03116_png_jpg.rf.6c3a4e69aaa459c8040ca88b95e19022.jpg,,0,0,no_caries,no_caries,0.7005,0.7005,0.0768,0.16232,0.06038
crops/hibogi_ai_03116_png_10.jpg,hibogi_ai_03116_png,HIBOGI_AI_03116_png_jpg.rf.6c3a4e69aaa459c8040ca88b95e19022.jpg,,0,0,no_caries,no_caries,0.7442,0.74423,0.11117,0.08108,0.06352
crops/hibogi_ai_03116_png_11.jpg,hibogi_ai_03116_png,HIBOGI_AI_03116_png_jpg.rf.6c3a4e69aaa459c8040ca88b95e19022.jpg,,0,0,no_caries,no_caries,0.7477,0.7477,0.11787,0.09345,0.04099
crops/hibogi_ai_03116_png_12.jpg,hibogi_ai_03116_png,HIBOGI_AI_03116_png_jpg.rf.6c3a4e69aaa459c8040ca88b95e19022.jpg,,0,0,no_caries,no_caries,0.7102,0.71018,0.17187,0.07257,0.04538
crops/hibogi_ai_03116_png_13.jpg,hibogi_ai_03116_png,HIBOGI_AI_03116_png_jpg.rf.6c3a4e69aaa459c8040ca88b95e19022.jpg,,0,0,no_caries,no_caries,0.7456,0.74563,0.06935,0.12976,0.05527
crops/hibogi_ai_03116_png_14.jpg,hibogi_ai_03116_png,HIBOGI_AI_03116_png_jpg.rf.6c3a4e69aaa459c8040ca88b95e19022.jpg,,0,0,no_caries,no_caries,0.7067,0.70669,0.11684,0.12051,0.05596
crops/hibogi_ai_03116_png_15.jpg,hibogi_ai_03116_png,HIBOGI_AI_03116_png_jpg.rf.6c3a4e69aaa459c8040ca88b95e19022.jpg,,1,0,mild,no_caries,0.4594,0.45938,0.34402,0.146,0.05061
crops/hibogi_ai_03119_png_0.jpg,hibogi_ai_03119_png,HIBOGI_AI_03119_png_jpg.rf.1524edebc6ad70c24fe3f246a487eaba.jpg,,2,0,mild,moderate,0.5366,0.03244,0.19217,0.53655,0.23884
crops/hibogi_ai_03119_png_1.jpg,hibogi_ai_03119_png,HIBOGI_AI_03119_png_jpg.rf.1524edebc6ad70c24fe3f246a487eaba.jpg,,0,0,no_caries,mild,0.8344,0.04862,0.83436,0.09235,0.02467
crops/hibogi_ai_03119_png_2.jpg,hibogi_ai_03119_png,HIBOGI_AI_03119_png_jpg.rf.1524edebc6ad70c24fe3f246a487eaba.jpg,,0,0,no_caries,mild,0.6206,0.05848,0.6206,0.30995,0.01098
crops/hibogi_ai_03119_png_3.jpg,hibogi_ai_03119_png,HIBOGI_AI_03119_png_jpg.rf.1524edebc6ad70c24fe3f246a487eaba.jpg,,0,0,no_caries,mild,0.6438,0.22082,0.64383,0.11237,0.02298
crops/hibogi_ai_03119_png_4.jpg,hibogi_ai_03119_png,HIBOGI_AI_03119_png_jpg.rf.1524edebc6ad70c24fe3f246a487eaba.jpg,,0,0,no_caries,no_caries,0.5571,0.55705,0.26974,0.0898,0.08341
crops/hibogi_ai_03119_png_5.jpg,hibogi_ai_03119_png,HIBOGI_AI_03119_png_jpg.rf.1524edebc6ad70c24fe3f246a487eaba.jpg,,0,0,no_caries,no_caries,0.7978,0.79775,0.08153,0.05811,0.06261
crops/hibogi_ai_03119_png_6.jpg,hibogi_ai_03119_png,HIBOGI_AI_03119_png_jpg.rf.1524edebc6ad70c24fe3f246a487eaba.jpg,,0,0,no_caries,no_caries,0.8066,0.8066,0.06781,0.04915,0.07643
crops/hibogi_ai_03119_png_7.jpg,hibogi_ai_03119_png,HIBOGI_AI_03119_png_jpg.rf.1524edebc6ad70c24fe3f246a487eaba.jpg,,0,0,no_caries,no_caries,0.7458,0.74585,0.04581,0.10072,0.10763
crops/hibogi_ai_03119_png_8.jpg,hibogi_ai_03119_png,HIBOGI_AI_03119_png_jpg.rf.1524edebc6ad70c24fe3f246a487eaba.jpg,,0,0,no_caries,no_caries,0.7157,0.71566,0.17984,0.06019,0.04431
crops/hibogi_ai_03119_png_9.jpg,hibogi_ai_03119_png,HIBOGI_AI_03119_png_jpg.rf.1524edebc6ad70c24fe3f246a487eaba.jpg,,0,0,no_caries,no_caries,0.3786,0.37864,0.36511,0.21222,0.04403
crops/hibogi_ai_03119_png_10.jpg,hibogi_ai_03119_png,HIBOGI_AI_03119_png_jpg.rf.1524edebc6ad70c24fe3f246a487eaba.jpg,,0,0,no_caries,mild,0.5744,0.32987,0.57439,0.04251,0.05324
crops/hibogi_ai_03119_png_11.jpg,hibogi_ai_03119_png,HIBOGI_AI_03119_png_jpg.rf.1524edebc6ad70c24fe3f246a487eaba.jpg,,5,0,advanced,moderate,0.6786,0.00234,0.01447,0.67856,0.30463
crops/hibogi_ai_03119_png_12.jpg,hibogi_ai_03119_png,HIBOGI_AI_03119_png_jpg.rf.1524edebc6ad70c24fe3f246a487eaba.jpg,,5,0,advanced,mild,0.7782,0.06904,0.77824,0.13608,0.01664
crops/hibogi_ai_03119_png_13.jpg,hibogi_ai_03119_png,HIBOGI_AI_03119_png_jpg.rf.1524edebc6ad70c24fe3f246a487eaba.jpg,,5,0,advanced,mild,0.4069,0.07448,0.40694,0.37849,0.14009
crops/hibogi_ai_03131_png_0.jpg,hibogi_ai_03131_png,HIBOGI_AI_03131_png_jpg.rf.5ecb6464c3d9720520837a1305136ecd.jpg,,0,0,no_caries,mild,0.5506,0.12423,0.55058,0.25903,0.06616
crops/hibogi_ai_03131_png_1.jpg,hibogi_ai_03131_png,HIBOGI_AI_03131_png_jpg.rf.5ecb6464c3d9720520837a1305136ecd.jpg,,0,0,no_caries,mild,0.8141,0.08041,0.8141,0.08565,0.01984
crops/hibogi_ai_03131_png_2.jpg,hibogi_ai_03131_png,HIBOGI_AI_03131_png_jpg.rf.5ecb6464c3d9720520837a1305136ecd.jpg,,0,0,no_caries,advanced,0.3456,0.05092,0.30262,0.30089,0.34557
crops/hibogi_ai_03131_png_3.jpg,hibogi_ai_03131_png,HIBOGI_AI_03131_png_jpg.rf.5ecb6464c3d9720520837a1305136ecd.jpg,,0,0,no_caries,mild,0.5419,0.35983,0.54187,0.06398,0.03432
crops/hibogi_ai_03131_png_4.jpg,hibogi_ai_03131_png,HIBOGI_AI_03131_png_jpg.rf.5ecb6464c3d9720520837a1305136ecd.jpg,,0,0,no_caries,no_caries,0.409,0.40901,0.29439,0.17985,0.11675
crops/hibogi_ai_03131_png_5.jpg,hibogi_ai_03131_png,HIBOGI_AI_03131_png_jpg.rf.5ecb6464c3d9720520837a1305136ecd.jpg,,0,0,no_caries,mild,0.7487,0.08969,0.74869,0.08065,0.08096
crops/hibogi_ai_03131_png_6.jpg,hibogi_ai_03131_png,HIBOGI_AI_03131_png_jpg.rf.5ecb6464c3d9720520837a1305136ecd.jpg,,0,0,no_caries,mild,0.4873,0.11443,0.48732,0.19692,0.20132
crops/hibogi_ai_03133_png_0.jpg,hibogi_ai_03133_png,HIBOGI_AI_03133_png_jpg.rf.df197bc5c3ecc72890ac44218e5d692c.jpg,,0,0,no_caries,no_caries,0.54,0.53996,0.23858,0.12204,0.09942
crops/hibogi_ai_03133_png_1.jpg,hibogi_ai_03133_png,HIBOGI_AI_03133_png_jpg.rf.df197bc5c3ecc72890ac44218e5d692c.jpg,,1,0,mild,mild,0.6609,0.01856,0.66093,0.30122,0.01929
crops/hibogi_ai_03133_png_2.jpg,hibogi_ai_03133_png,HIBOGI_AI_03133_png_jpg.rf.df197bc5c3ecc72890ac44218e5d692c.jpg,,0,0,no_caries,mild,0.4029,0.10586,0.40291,0.1924,0.29884
crops/hibogi_ai_03133_png_3.jpg,hibogi_ai_03133_png,HIBOGI_AI_03133_png_jpg.rf.df197bc5c3ecc72890ac44218e5d692c.jpg,,0,0,no_caries,mild,0.6987,0.19872,0.69871,0.05131,0.05126
crops/hibogi_ai_03133_png_4.jpg,hibogi_ai_03133_png,HIBOGI_AI_03133_png_jpg.rf.df197bc5c3ecc72890ac44218e5d692c.jpg,,0,0,no_caries,no_caries,0.5304,0.53044,0.17792,0.21498,0.07666
crops/hibogi_ai_03133_png_5.jpg,hibogi_ai_03133_png,HIBOGI_AI_03133_png_jpg.rf.df197bc5c3ecc72890ac44218e5d692c.jpg,,0,0,no_caries,advanced,0.3452,0.20879,0.31279,0.13323,0.34519
crops/hibogi_ai_03133_png_6.jpg,hibogi_ai_03133_png,HIBOGI_AI_03133_png_jpg.rf.df197bc5c3ecc72890ac44218e5d692c.jpg,,0,0,no_caries,mild,0.6042,0.21729,0.60421,0.08338,0.09512
crops/hibogi_ai_03133_png_7.jpg,hibogi_ai_03133_png,HIBOGI_AI_03133_png_jpg.rf.df197bc5c3ecc72890ac44218e5d692c.jpg,,0,0,no_caries,mild,0.6412,0.20362,0.64123,0.09249,0.06266
crops/hibogi_ai_03133_png_8.jpg,hibogi_ai_03133_png,HIBOGI_AI_03133_png_jpg.rf.df197bc5c3ecc72890ac44218e5d692c.jpg,,0,0,no_caries,mild,0.4095,0.21459,0.40947,0.21933,0.15661
crops/hibogi_ai_03133_png_9.jpg,hibogi_ai_03133_png,HIBOGI_AI_03133_png_jpg.rf.df197bc5c3ecc72890ac44218e5d692c.jpg,,1,0,mild,mild,0.5678,0.28709,0.56782,0.09057,0.05452
crops/hibogi_ai_03133_png_10.jpg,hibogi_ai_03133_png,HIBOGI_AI_03133_png_jpg.rf.df197bc5c3ecc72890ac44218e5d692c.jpg,,1,0,mild,mild,0.5537,0.34316,0.55374,0.03309,0.07001
crops/hibogi_ai_03134_png_0.jpg,hibogi_ai_03134_png,HIBOGI_AI_03134_png_jpg.rf.2a67c52e84df44fc868c08489552c50e.jpg,,2,0,mild,mild,0.7186,0.08158,0.71859,0.14178,0.05804
crops/hibogi_ai_03134_png_1.jpg,hibogi_ai_03134_png,HIBOGI_AI_03134_png_jpg.rf.2a67c52e84df44fc868c08489552c50e.jpg,,2,0,mild,mild,0.664,0.15286,0.66403,0.13932,0.04379
crops/hibogi_ai_03134_png_2.jpg,hibogi_ai_03134_png,HIBOGI_AI_03134_png_jpg.rf.2a67c52e84df44fc868c08489552c50e.jpg,,2,0,mild,mild,0.5067,0.21592,0.50671,0.10031,0.17706
crops/hibogi_ai_03134_png_3.jpg,hibogi_ai_03134_png,HIBOGI_AI_03134_png_jpg.rf.2a67c52e84df44fc868c08489552c50e.jpg,,0,0,no_caries,moderate,0.4243,0.40799,0.12675,0.42425,0.041
crops/hibogi_ai_03134_png_4.jpg,hibogi_ai_03134_png,HIBOGI_AI_03134_png_jpg.rf.2a67c52e84df44fc868c08489552c50e.jpg,,0,0,no_caries,no_caries,0.5099,0.50993,0.37243,0.06282,0.05482
crops/hibogi_ai_03134_png_5.jpg,hibogi_ai_03134_png,HIBOGI_AI_03134_png_jpg.rf.2a67c52e84df44fc868c08489552c50e.jpg,,0,0,no_caries,no_caries,0.6997,0.69972,0.08464,0.09586,0.11977
crops/hibogi_ai_03134_png_6.jpg,hibogi_ai_03134_png,HIBOGI_AI_03134_png_jpg.rf.2a67c52e84df44fc868c08489552c50e.jpg,,0,0,no_caries,no_caries,0.4565,0.45646,0.34947,0.08698,0.10708
crops/hibogi_ai_03134_png_7.jpg,hibogi_ai_03134_png,HIBOGI_AI_03134_png_jpg.rf.2a67c52e84df44fc868c08489552c50e.jpg,,2,0,mild,advanced,0.541,0.02479,0.32233,0.11184,0.54104
crops/hibogi_ai_03134_png_8.jpg,hibogi_ai_03134_png,HIBOGI_AI_03134_png_jpg.rf.2a67c52e84df44fc868c08489552c50e.jpg,,5,0,advanced,advanced,0.5951,0.00887,0.06147,0.33452,0.59513
crops/hibogi_ai_03134_png_9.jpg,hibogi_ai_03134_png,HIBOGI_AI_03134_png_jpg.rf.2a67c52e84df44fc868c08489552c50e.jpg,,2,0,mild,mild,0.5296,0.00818,0.52964,0.28883,0.17335
crops/hibogi_ai_03154_png_0.jpg,hibogi_ai_03154_png,HIBOGI_AI_03154_png_jpg.rf.9b953798cb07363c2ee0cd73e653f741.jpg,,0,0,no_caries,no_caries,0.8095,0.80949,0.05277,0.09799,0.03975
crops/hibogi_ai_03154_png_1.jpg,hibogi_ai_03154_png,HIBOGI_AI_03154_png_jpg.rf.9b953798cb07363c2ee0cd73e653f741.jpg,,0,0,no_caries,no_caries,0.84,0.83995,0.03718,0.06465,0.05822
crops/hibogi_ai_03154_png_2.jpg,hibogi_ai_03154_png,HIBOGI_AI_03154_png_jpg.rf.9b953798cb07363c2ee0cd73e653f741.jpg,,0,0,no_caries,no_caries,0.7008,0.7008,0.18007,0.07866,0.04047
crops/hibogi_ai_03154_png_3.jpg,hibogi_ai_03154_png,HIBOGI_AI_03154_png_jpg.rf.9b953798cb07363c2ee0cd73e653f741.jpg,,0,0,no_caries,no_caries,0.752,0.75196,0.10309,0.11645,0.02851
crops/hibogi_ai_03154_png_4.jpg,hibogi_ai_03154_png,HIBOGI_AI_03154_png_jpg.rf.9b953798cb07363c2ee0cd73e653f741.jpg,,0,0,no_caries,no_caries,0.6322,0.63215,0.11457,0.13774,0.11553
crops/hibogi_ai_03154_png_5.jpg,hibogi_ai_03154_png,HIBOGI_AI_03154_png_jpg.rf.9b953798cb07363c2ee0cd73e653f741.jpg,,3,0,moderate,no_caries,0.6408,0.64085,0.16724,0.08857,0.10334
crops/hibogi_ai_03154_png_6.jpg,hibogi_ai_03154_png,HIBOGI_AI_03154_png_jpg.rf.9b953798cb07363c2ee0cd73e653f741.jpg,,0,0,no_caries,no_caries,0.6679,0.66786,0.09263,0.19391,0.04561
crops/hibogi_ai_03154_png_7.jpg,hibogi_ai_03154_png,HIBOGI_AI_03154_png_jpg.rf.9b953798cb07363c2ee0cd73e653f741.jpg,,3,0,moderate,moderate,0.7009,0.04156,0.21221,0.70088,0.04536
crops/hibogi_ai_03154_png_8.jpg,hibogi_ai_03154_png,HIBOGI_AI_03154_png_jpg.rf.9b953798cb07363c2ee0cd73e653f741.jpg,,0,0,no_caries,no_caries,0.5069,0.50694,0.35227,0.06206,0.07874
crops/hibogi_ai_03154_png_9.jpg,hibogi_ai_03154_png,HIBOGI_AI_03154_png_jpg.rf.9b953798cb07363c2ee0cd73e653f741.jpg,,0,0,no_caries,no_caries,0.6411,0.64108,0.16902,0.13574,0.05416
crops/hibogi_ai_03154_png_10.jpg,hibogi_ai_03154_png,HIBOGI_AI_03154_png_jpg.rf.9b953798cb07363c2ee0cd73e653f741.jpg,,0,0,no_caries,no_caries,0.7865,0.78649,0.10777,0.06631,0.03942
crops/hibogi_ai_03154_png_11.jpg,hibogi_ai_03154_png,HIBOGI_AI_03154_png_jpg.rf.9b953798cb07363c2ee0cd73e653f741.jpg,,0,0,no_caries,no_caries,0.6721,0.6721,0.21116,0.05371,0.06304
crops/hibogi_ai_03154_png_12.jpg,hibogi_ai_03154_png,HIBOGI_AI_03154_png_jpg.rf.9b953798cb07363c2ee0cd73e653f741.jpg,,0,0,no_caries,no_caries,0.6522,0.6522,0.21709,0.0906,0.04011
crops/hibogi_ai_03154_png_13.jpg,hibogi_ai_03154_png,HIBOGI_AI_03154_png_jpg.rf.9b953798cb07363c2ee0cd73e653f741.jpg,,0,0,no_caries,no_caries,0.7939,0.79394,0.06251,0.09265,0.05091
crops/hibogi_ai_03158_png_0.jpg,hibogi_ai_03158_png,HIBOGI_AI_03158_png_jpg.rf.7aa4b710f830b05e6a619e3deb06728d.jpg,,5,0,advanced,advanced,0.6424,0.04679,0.15973,0.15103,0.64245
crops/hibogi_ai_03158_png_1.jpg,hibogi_ai_03158_png,HIBOGI_AI_03158_png_jpg.rf.7aa4b710f830b05e6a619e3deb06728d.jpg,,2,0,mild,mild,0.6601,0.18977,0.66013,0.10336,0.04674
crops/hibogi_ai_03158_png_2.jpg,hibogi_ai_03158_png,HIBOGI_AI_03158_png_jpg.rf.7aa4b710f830b05e6a619e3deb06728d.jpg,,3,0,moderate,mild,0.7004,0.11932,0.70038,0.08698,0.09332
crops/hibogi_ai_03158_png_3.jpg,hibogi_ai_03158_png,HIBOGI_AI_03158_png_jpg.rf.7aa4b710f830b05e6a619e3deb06728d.jpg,,2,0,mild,no_caries,0.4652,0.46523,0.38131,0.09651,0.05696
crops/hibogi_ai_03158_png_4.jpg,hibogi_ai_03158_png,HIBOGI_AI_03158_png_jpg.rf.7aa4b710f830b05e6a619e3deb06728d.jpg,,2,0,mild,no_caries,0.7029,0.7029,0.16584,0.06825,0.06301
crops/hibogi_ai_03158_png_5.jpg,hibogi_ai_03158_png,HIBOGI_AI_03158_png_jpg.rf.7aa4b710f830b05e6a619e3deb06728d.jpg,,2,0,mild,no_caries,0.7926,0.79263,0.05592,0.09995,0.0515
crops/hibogi_ai_03158_png_6.jpg,hibogi_ai_03158_png,HIBOGI_AI_03158_png_jpg.rf.7aa4b710f830b05e6a619e3deb06728d.jpg,,2,0,mild,no_caries,0.7173,0.71734,0.07086,0.15202,0.05978
crops/hibogi_ai_03158_png_7.jpg,hibogi_ai_03158_png,HIBOGI_AI_03158_png_jpg.rf.7aa4b710f830b05e6a619e3deb06728d.jpg,,5,0,advanced,advanced,0.4776,0.0728,0.361,0.08855,0.47764
crops/hibogi_ai_03158_png_8.jpg,hibogi_ai_03158_png,HIBOGI_AI_03158_png_jpg.rf.7aa4b710f830b05e6a619e3deb06728d.jpg,,0,0,no_caries,no_caries,0.4243,0.42429,0.3811,0.04552,0.14909
crops/hibogi_ai_03158_png_9.jpg,hibogi_ai_03158_png,HIBOGI_AI_03158_png_jpg.rf.7aa4b710f830b05e6a619e3deb06728d.jpg,,5,0,advanced,mild,0.5832,0.18785,0.58316,0.12333,0.10566
crops/hibogi_ai_03158_png_10.jpg,hibogi_ai_03158_png,HIBOGI_AI_03158_png_jpg.rf.7aa4b710f830b05e6a619e3deb06728d.jpg,,0,0,no_caries,mild,0.466,0.41,0.46597,0.0391,0.08493
crops/hibogi_ai_03158_png_11.jpg,hibogi_ai_03158_png,HIBOGI_AI_03158_png_jpg.rf.7aa4b710f830b05e6a619e3deb06728d.jpg,,2,0,mild,no_caries,0.454,0.45395,0.40855,0.11035,0.02715
crops/hibogi_ai_03158_png_12.jpg,hibogi_ai_03158_png,HIBOGI_AI_03158_png_jpg.rf.7aa4b710f830b05e6a619e3deb06728d.jpg,,0,0,no_caries,no_caries,0.5779,0.57786,0.11036,0.23233,0.07945
crops/hibogi_ai_03158_png_13.jpg,hibogi_ai_03158_png,HIBOGI_AI_03158_png_jpg.rf.7aa4b710f830b05e6a619e3deb06728d.jpg,,0,0,no_caries,no_caries,0.67,0.67003,0.1828,0.12526,0.02191
crops/hibogi_ai_03158_png_14.jpg,hibogi_ai_03158_png,HIBOGI_AI_03158_png_jpg.rf.7aa4b710f830b05e6a619e3deb06728d.jpg,,0,0,no_caries,no_caries,0.769,0.76896,0.08861,0.10831,0.03413
crops/hibogi_ai_03158_png_15.jpg,hibogi_ai_03158_png,HIBOGI_AI_03158_png_jpg.rf.7aa4b710f830b05e6a619e3deb06728d.jpg,,0,0,no_caries,no_caries,0.6973,0.69732,0.05407,0.1906,0.05801
crops/hibogi_ai_03158_png_16.jpg,hibogi_ai_03158_png,HIBOGI_AI_03158_png_jpg.rf.7aa4b710f830b05e6a619e3deb06728d.jpg,,0,0,no_caries,no_caries,0.6069,0.60691,0.20866,0.16035,0.02409
crops/hibogi_ai_03158_png_17.jpg,hibogi_ai_03158_png,HIBOGI_AI_03158_png_jpg.rf.7aa4b710f830b05e6a619e3deb06728d.jpg,,2,0,mild,no_caries,0.4186,0.4186,0.2149,0.3065,0.05999
crops/hibogi_ai_03158_png_18.jpg,hibogi_ai_03158_png,HIBOGI_AI_03158_png_jpg.rf.7aa4b710f830b05e6a619e3deb06728d.jpg,,0,0,no_caries,mild,0.3892,0.10227,0.38922,0.33871,0.1698
crops/hibogi_ai_03158_png_19.jpg,hibogi_ai_03158_png,HIBOGI_AI_03158_png_jpg.rf.7aa4b710f830b05e6a619e3deb06728d.jpg,,0,0,no_caries,no_caries,0.4671,0.46711,0.28838,0.1764,0.06811
crops/hibogi_ai_03161_png_0.jpg,hibogi_ai_03161_png,HIBOGI_AI_03161_png_jpg.rf.4490c648ffdd82c2d976e8cda817a017.jpg,,5,0,advanced,moderate,0.7525,0.0472,0.16789,0.75254,0.03237
crops/hibogi_ai_03161_png_1.jpg,hibogi_ai_03161_png,HIBOGI_AI_03161_png_jpg.rf.4490c648ffdd82c2d976e8cda817a017.jpg,,3,0,moderate,moderate,0.6936,0.11653,0.11548,0.69363,0.07437
crops/hibogi_ai_03161_png_2.jpg,hibogi_ai_03161_png,HIBOGI_AI_03161_png_jpg.rf.4490c648ffdd82c2d976e8cda817a017.jpg,,0,0,no_caries,moderate,0.5371,0.1773,0.19907,0.53706,0.08657
crops/hibogi_ai_03161_png_3.jpg,hibogi_ai_03161_png,HIBOGI_AI_03161_png_jpg.rf.4490c648ffdd82c2d976e8cda817a017.jpg,,0,0,no_caries,moderate,0.554,0.16888,0.1974,0.55399,0.07974
crops/hibogi_ai_03161_png_4.jpg,hibogi_ai_03161_png,HIBOGI_AI_03161_png_jpg.rf.4490c648ffdd82c2d976e8cda817a017.jpg,,3,0,moderate,no_caries,0.4912,0.49119,0.41456,0.07561,0.01864
crops/hibogi_ai_03161_png_5.jpg,hibogi_ai_03161_png,HIBOGI_AI_03161_png_jpg.rf.4490c648ffdd82c2d976e8cda817a017.jpg,,3,0,moderate,no_caries,0.7364,0.73641,0.10168,0.13101,0.03089
crops/hibogi_ai_03161_png_6.jpg,hibogi_ai_03161_png,HIBOGI_AI_03161_png_jpg.rf.4490c648ffdd82c2d976e8cda817a017.jpg,,3,0,moderate,no_caries,0.7883,0.78832,0.07928,0.08316,0.04923
crops/hibogi_ai_03161_png_7.jpg,hibogi_ai_03161_png,HIBOGI_AI_03161_png_jpg.rf.4490c648ffdd82c2d976e8cda817a017.jpg,,3,0,moderate,no_caries,0.7285,0.72847,0.1173,0.1255,0.02872
crops/hibogi_ai_03161_png_8.jpg,hibogi_ai_03161_png,HIBOGI_AI_03161_png_jpg.rf.4490c648ffdd82c2d976e8cda817a017.jpg,,3,0,moderate,no_caries,0.7369,0.73688,0.08649,0.14106,0.03557
crops/hibogi_ai_03161_png_9.jpg,hibogi_ai_03161_png,HIBOGI_AI_03161_png_jpg.rf.4490c648ffdd82c2d976e8cda817a017.jpg,,3,0,moderate,no_caries,0.793,0.79304,0.08033,0.09469,0.03195
crops/hibogi_ai_03161_png_10.jpg,hibogi_ai_03161_png,HIBOGI_AI_03161_png_jpg.rf.4490c648ffdd82c2d976e8cda817a017.jpg,,3,0,moderate,no_caries,0.5615,0.56151,0.09128,0.32389,0.02332
crops/hibogi_ai_03161_png_11.jpg,hibogi_ai_03161_png,HIBOGI_AI_03161_png_jpg.rf.4490c648ffdd82c2d976e8cda817a017.jpg,,2,0,mild,no_caries,0.5453,0.54534,0.26618,0.12175,0.06673
crops/hibogi_ai_03161_png_12.jpg,hibogi_ai_03161_png,HIBOGI_AI_03161_png_jpg.rf.4490c648ffdd82c2d976e8cda817a017.jpg,,2,0,mild,no_caries,0.4886,0.48857,0.29798,0.16442,0.04904
crops/hibogi_ai_03161_png_13.jpg,hibogi_ai_03161_png,HIBOGI_AI_03161_png_jpg.rf.4490c648ffdd82c2d976e8cda817a017.jpg,,2,0,mild,no_caries,0.6661,0.66609,0.16366,0.13508,0.03517
crops/hibogi_ai_03161_png_14.jpg,hibogi_ai_03161_png,HIBOGI_AI_03161_png_jpg.rf.4490c648ffdd82c2d976e8cda817a017.jpg,,3,0,moderate,moderate,0.4677,0.13078,0.09945,0.46769,0.30207
crops/hibogi_ai_03161_png_15.jpg,hibogi_ai_03161_png,HIBOGI_AI_03161_png_jpg.rf.4490c648ffdd82c2d976e8cda817a017.jpg,,3,0,moderate,moderate,0.8661,0.03888,0.04446,0.86608,0.05057
crops/hibogi_ai_03174_png_0.jpg,hibogi_ai_03174_png,HIBOGI_AI_03174_png_jpg.rf.f0caaa9524161d54216373574140d941.jpg,,0,0,no_caries,no_caries,0.4542,0.4542,0.22837,0.14378,0.17365
crops/hibogi_ai_03174_png_1.jpg,hibogi_ai_03174_png,HIBOGI_AI_03174_png_jpg.rf.f0caaa9524161d54216373574140d941.jpg,,0,0,no_caries,no_caries,0.5159,0.51595,0.36897,0.0469,0.06817
crops/hibogi_ai_03174_png_2.jpg,hibogi_ai_03174_png,HIBOGI_AI_03174_png_jpg.rf.f0caaa9524161d54216373574140d941.jpg,,0,0,no_caries,mild,0.485,0.414,0.48496,0.04615,0.0549
crops/hibogi_ai_03174_png_3.jpg,hibogi_ai_03174_png,HIBOGI_AI_03174_png_jpg.rf.f0caaa9524161d54216373574140d941.jpg,,0,0,no_caries,no_caries,0.6109,0.61087,0.25611,0.06543,0.06759
crops/hibogi_ai_03174_png_4.jpg,hibogi_ai_03174_png,HIBOGI_AI_03174_png_jpg.rf.f0caaa9524161d54216373574140d941.jpg,,0,0,no_caries,mild,0.5846,0.18803,0.58464,0.08188,0.14545
crops/hibogi_ai_03174_png_5.jpg,hibogi_ai_03174_png,HIBOGI_AI_03174_png_jpg.rf.f0caaa9524161d54216373574140d941.jpg,,0,0,no_caries,no_caries,0.6005,0.60051,0.29586,0.07718,0.02644
crops/hibogi_ai_03174_png_6.jpg,hibogi_ai_03174_png,HIBOGI_AI_03174_png_jpg.rf.f0caaa9524161d54216373574140d941.jpg,,0,0,no_caries,no_caries,0.7183,0.71828,0.12913,0.12258,0.03001
crops/hibogi_ai_03174_png_7.jpg,hibogi_ai_03174_png,HIBOGI_AI_03174_png_jpg.rf.f0caaa9524161d54216373574140d941.jpg,,0,0,no_caries,no_caries,0.6843,0.68427,0.18221,0.10279,0.03073
crops/hibogi_ai_03174_png_8.jpg,hibogi_ai_03174_png,HIBOGI_AI_03174_png_jpg.rf.f0caaa9524161d54216373574140d941.jpg,,0,0,no_caries,no_caries,0.5856,0.58556,0.29895,0.08165,0.03383
crops/hibogi_ai_03174_png_9.jpg,hibogi_ai_03174_png,HIBOGI_AI_03174_png_jpg.rf.f0caaa9524161d54216373574140d941.jpg,,0,0,no_caries,no_caries,0.7235,0.72345,0.09098,0.11518,0.07039
crops/hibogi_ai_03174_png_10.jpg,hibogi_ai_03174_png,HIBOGI_AI_03174_png_jpg.rf.f0caaa9524161d54216373574140d941.jpg,,0,0,no_caries,no_caries,0.4721,0.47212,0.16737,0.28646,0.07405
crops/hibogi_ai_03174_png_11.jpg,hibogi_ai_03174_png,HIBOGI_AI_03174_png_jpg.rf.f0caaa9524161d54216373574140d941.jpg,,0,0,no_caries,no_caries,0.6804,0.68041,0.07258,0.18144,0.06557
crops/hibogi_ai_03176_png_0.jpg,hibogi_ai_03176_png,HIBOGI_AI_03176_png_jpg.rf.b76c570704b861cc6d1df078da6cab9d.jpg,,3,0,moderate,advanced,0.5256,0.09826,0.21958,0.15656,0.52561
crops/hibogi_ai_03176_png_1.jpg,hibogi_ai_03176_png,HIBOGI_AI_03176_png_jpg.rf.b76c570704b861cc6d1df078da6cab9d.jpg,,3,0,moderate,moderate,0.463,0.01497,0.17257,0.46298,0.34948
crops/hibogi_ai_03176_png_2.jpg,hibogi_ai_03176_png,HIBOGI_AI_03176_png_jpg.rf.b76c570704b861cc6d1df078da6cab9d.jpg,,3,0,moderate,mild,0.762,0.09984,0.76197,0.05272,0.08547
crops/hibogi_ai_03176_png_3.jpg,hibogi_ai_03176_png,HIBOGI_AI_03176_png_jpg.rf.b76c570704b861cc6d1df078da6cab9d.jpg,,0,0,no_caries,mild,0.4693,0.37331,0.46934,0.09584,0.06151
crops/hibogi_ai_03176_png_4.jpg,hibogi_ai_03176_png,HIBOGI_AI_03176_png_jpg.rf.b76c570704b861cc6d1df078da6cab9d.jpg,,2,0,mild,mild,0.4326,0.36003,0.43262,0.04804,0.1593
crops/hibogi_ai_03176_png_5.jpg,hibogi_ai_03176_png,HIBOGI_AI_03176_png_jpg.rf.b76c570704b861cc6d1df078da6cab9d.jpg,,0,0,no_caries,no_caries,0.5005,0.5005,0.38075,0.03123,0.08752
crops/hibogi_ai_03176_png_6.jpg,hibogi_ai_03176_png,HIBOGI_AI_03176_png_jpg.rf.b76c570704b861cc6d1df078da6cab9d.jpg,,0,0,no_caries,no_caries,0.6408,0.64081,0.15228,0.08889,0.11802
crops/hibogi_ai_03176_png_7.jpg,hibogi_ai_03176_png,HIBOGI_AI_03176_png_jpg.rf.b76c570704b861cc6d1df078da6cab9d.jpg,,0,0,no_caries,no_caries,0.7559,0.75586,0.14279,0.04462,0.05673
crops/hibogi_ai_03176_png_8.jpg,hibogi_ai_03176_png,HIBOGI_AI_03176_png_jpg.rf.b76c570704b861cc6d1df078da6cab9d.jpg,,0,0,no_caries,no_caries,0.4532,0.45325,0.27768,0.08565,0.18342
crops/hibogi_ai_03176_png_9.jpg,hibogi_ai_03176_png,HIBOGI_AI_03176_png_jpg.rf.b76c570704b861cc6d1df078da6cab9d.jpg,,5,0,advanced,mild,0.4198,0.25913,0.41985,0.05694,0.26409
crops/hibogi_ai_03176_png_10.jpg,hibogi_ai_03176_png,HIBOGI_AI_03176_png_jpg.rf.b76c570704b861cc6d1df078da6cab9d.jpg,,0,0,no_caries,mild,0.5487,0.37408,0.5487,0.04782,0.0294
crops/hibogi_ai_03176_png_11.jpg,hibogi_ai_03176_png,HIBOGI_AI_03176_png_jpg.rf.b76c570704b861cc6d1df078da6cab9d.jpg,,3,0,moderate,mild,0.7186,0.06814,0.71855,0.06308,0.15023
crops/hibogi_ai_03176_png_12.jpg,hibogi_ai_03176_png,HIBOGI_AI_03176_png_jpg.rf.b76c570704b861cc6d1df078da6cab9d.jpg,,3,0,moderate,moderate,0.7018,0.00982,0.14069,0.70179,0.14769
crops/hibogi_ai_03176_png_13.jpg,hibogi_ai_03176_png,HIBOGI_AI_03176_png_jpg.rf.b76c570704b861cc6d1df078da6cab9d.jpg,,0,0,no_caries,advanced,0.5001,0.03656,0.17344,0.28994,0.50006
crops/hibogi_ai_03183_png_0.jpg,hibogi_ai_03183_png,HIBOGI_AI_03183_png_jpg.rf.2647638a0b43574931b74020df2aa01c.jpg,,1,0,mild,moderate,0.3755,0.2666,0.33885,0.37554,0.01901
crops/hibogi_ai_03183_png_1.jpg,hibogi_ai_03183_png,HIBOGI_AI_03183_png_jpg.rf.2647638a0b43574931b74020df2aa01c.jpg,,0,0,no_caries,no_caries,0.6418,0.64178,0.19673,0.10583,0.05566
crops/hibogi_ai_03183_png_2.jpg,hibogi_ai_03183_png,HIBOGI_AI_03183_png_jpg.rf.2647638a0b43574931b74020df2aa01c.jpg,,0,0,no_caries,no_caries,0.6307,0.63074,0.26863,0.05493,0.04571
crops/hibogi_ai_03183_png_3.jpg,hibogi_ai_03183_png,HIBOGI_AI_03183_png_jpg.rf.2647638a0b43574931b74020df2aa01c.jpg,,0,0,no_caries,no_caries,0.7012,0.70116,0.1406,0.07706,0.08117
crops/hibogi_ai_03183_png_4.jpg,hibogi_ai_03183_png,HIBOGI_AI_03183_png_jpg.rf.2647638a0b43574931b74020df2aa01c.jpg,,0,0,no_caries,no_caries,0.7479,0.74788,0.098,0.09455,0.05957
crops/hibogi_ai_03183_png_5.jpg,hibogi_ai_03183_png,HIBOGI_AI_03183_png_jpg.rf.2647638a0b43574931b74020df2aa01c.jpg,,0,0,no_caries,no_caries,0.7557,0.75571,0.14299,0.05576,0.04553
crops/hibogi_ai_03183_png_6.jpg,hibogi_ai_03183_png,HIBOGI_AI_03183_png_jpg.rf.2647638a0b43574931b74020df2aa01c.jpg,,0,0,no_caries,no_caries,0.7435,0.74353,0.12025,0.08934,0.04688
crops/hibogi_ai_03183_png_7.jpg,hibogi_ai_03183_png,HIBOGI_AI_03183_png_jpg.rf.2647638a0b43574931b74020df2aa01c.jpg,,0,0,no_caries,no_caries,0.7399,0.73993,0.12068,0.07224,0.06715
crops/hibogi_ai_03183_png_8.jpg,hibogi_ai_03183_png,HIBOGI_AI_03183_png_jpg.rf.2647638a0b43574931b74020df2aa01c.jpg,,0,0,no_caries,no_caries,0.7262,0.7262,0.04566,0.16072,0.06742
crops/hibogi_ai_03183_png_9.jpg,hibogi_ai_03183_png,HIBOGI_AI_03183_png_jpg.rf.2647638a0b43574931b74020df2aa01c.jpg,,0,0,no_caries,no_caries,0.775,0.77497,0.06954,0.10944,0.04605
crops/hibogi_ai_03183_png_10.jpg,hibogi_ai_03183_png,HIBOGI_AI_03183_png_jpg.rf.2647638a0b43574931b74020df2aa01c.jpg,,0,0,no_caries,no_caries,0.806,0.80598,0.05808,0.09553,0.04041
crops/hibogi_ai_03183_png_11.jpg,hibogi_ai_03183_png,HIBOGI_AI_03183_png_jpg.rf.2647638a0b43574931b74020df2aa01c.jpg,,0,0,no_caries,no_caries,0.7478,0.74783,0.12618,0.07939,0.04659
crops/hibogi_ai_03183_png_12.jpg,hibogi_ai_03183_png,HIBOGI_AI_03183_png_jpg.rf.2647638a0b43574931b74020df2aa01c.jpg,,0,0,no_caries,no_caries,0.7319,0.73186,0.10123,0.12669,0.04022
crops/hibogi_ai_03183_png_13.jpg,hibogi_ai_03183_png,HIBOGI_AI_03183_png_jpg.rf.2647638a0b43574931b74020df2aa01c.jpg,,0,0,no_caries,no_caries,0.7243,0.72426,0.0778,0.14235,0.05559
crops/hibogi_ai_03183_png_14.jpg,hibogi_ai_03183_png,HIBOGI_AI_03183_png_jpg.rf.2647638a0b43574931b74020df2aa01c.jpg,,0,0,no_caries,no_caries,0.7488,0.74878,0.09817,0.09677,0.05628
crops/hibogi_ai_03183_png_15.jpg,hibogi_ai_03183_png,HIBOGI_AI_03183_png_jpg.rf.2647638a0b43574931b74020df2aa01c.jpg,,0,0,no_caries,no_caries,0.767,0.76703,0.07327,0.10391,0.05579
crops/hibogi_ai_03183_png_16.jpg,hibogi_ai_03183_png,HIBOGI_AI_03183_png_jpg.rf.2647638a0b43574931b74020df2aa01c.jpg,,0,0,no_caries,no_caries,0.6881,0.68814,0.18768,0.09145,0.03273
crops/hibogi_ai_03191_png_0.jpg,hibogi_ai_03191_png,HIBOGI_AI_03191_png_jpg.rf.bbbe9999ab9f5893d6e33de06ac312bf.jpg,,0,0,no_caries,no_caries,0.7735,0.77347,0.09465,0.08123,0.05065
crops/hibogi_ai_03191_png_1.jpg,hibogi_ai_03191_png,HIBOGI_AI_03191_png_jpg.rf.bbbe9999ab9f5893d6e33de06ac312bf.jpg,,0,0,no_caries,no_caries,0.8062,0.80623,0.06126,0.07343,0.05907
crops/hibogi_ai_03191_png_2.jpg,hibogi_ai_03191_png,HIBOGI_AI_03191_png_jpg.rf.bbbe9999ab9f5893d6e33de06ac312bf.jpg,,0,0,no_caries,no_caries,0.7349,0.73489,0.08991,0.10596,0.06924
crops/hibogi_ai_03191_png_3.jpg,hibogi_ai_03191_png,HIBOGI_AI_03191_png_jpg.rf.bbbe9999ab9f5893d6e33de06ac312bf.jpg,,5,0,advanced,advanced,0.896,0.00995,0.03517,0.05889,0.89599
crops/hibogi_ai_03191_png_4.jpg,hibogi_ai_03191_png,HIBOGI_AI_03191_png_jpg.rf.bbbe9999ab9f5893d6e33de06ac312bf.jpg,,0,0,no_caries,mild,0.4514,0.4291,0.45142,0.09709,0.02238
crops/hibogi_ai_03191_png_5.jpg,hibogi_ai_03191_png,HIBOGI_AI_03191_png_jpg.rf.bbbe9999ab9f5893d6e33de06ac312bf.jpg,,0,0,no_caries,mild,0.7486,0.19824,0.74863,0.03653,0.0166
crops/hibogi_ai_03191_png_6.jpg,hibogi_ai_03191_png,HIBOGI_AI_03191_png_jpg.rf.bbbe9999ab9f5893d6e33de06ac312bf.jpg,,0,0,no_caries,mild,0.6888,0.24028,0.68881,0.05964,0.01127
crops/hibogi_ai_03191_png_7.jpg,hibogi_ai_03191_png,HIBOGI_AI_03191_png_jpg.rf.bbbe9999ab9f5893d6e33de06ac312bf.jpg,,5,0,advanced,moderate,0.482,0.12463,0.22828,0.48196,0.16513
crops/hibogi_ai_03191_png_8.jpg,hibogi_ai_03191_png,HIBOGI_AI_03191_png_jpg.rf.bbbe9999ab9f5893d6e33de06ac312bf.jpg,,0,0,no_caries,mild,0.6808,0.19922,0.68079,0.07764,0.04236
crops/hibogi_ai_03191_png_9.jpg,hibogi_ai_03191_png,HIBOGI_AI_03191_png_jpg.rf.bbbe9999ab9f5893d6e33de06ac312bf.jpg,,0,0,no_caries,no_caries,0.479,0.47905,0.45468,0.0507,0.01557
crops/hibogi_ai_03191_png_10.jpg,hibogi_ai_03191_png,HIBOGI_AI_03191_png_jpg.rf.bbbe9999ab9f5893d6e33de06ac312bf.jpg,,0,0,no_caries,no_caries,0.6717,0.67166,0.22615,0.07843,0.02376
crops/hibogi_ai_03191_png_11.jpg,hibogi_ai_03191_png,HIBOGI_AI_03191_png_jpg.rf.bbbe9999ab9f5893d6e33de06ac312bf.jpg,,0,0,no_caries,no_caries,0.546,0.54602,0.33157,0.0723,0.0501
crops/hibogi_ai_03191_png_12.jpg,hibogi_ai_03191_png,HIBOGI_AI_03191_png_jpg.rf.bbbe9999ab9f5893d6e33de06ac312bf.jpg,,0,0,no_caries,no_caries,0.5944,0.59442,0.18879,0.1476,0.06919
crops/hibogi_ai_03191_png_13.jpg,hibogi_ai_03191_png,HIBOGI_AI_03191_png_jpg.rf.bbbe9999ab9f5893d6e33de06ac312bf.jpg,,3,0,moderate,no_caries,0.5263,0.52629,0.21709,0.19705,0.05958
crops/hibogi_ai_03232_png_0.jpg,hibogi_ai_03232_png,HIBOGI_AI_03232_png_jpg.rf.25d24e6c51c0c7e94857654bbf7392bd.jpg,,0,0,no_caries,mild,0.3953,0.2566,0.39531,0.17544,0.17265
crops/hibogi_ai_03232_png_1.jpg,hibogi_ai_03232_png,HIBOGI_AI_03232_png_jpg.rf.25d24e6c51c0c7e94857654bbf7392bd.jpg,,0,0,no_caries,no_caries,0.738,0.73802,0.07902,0.07808,0.10488
crops/hibogi_ai_03232_png_2.jpg,hibogi_ai_03232_png,HIBOGI_AI_03232_png_jpg.rf.25d24e6c51c0c7e94857654bbf7392bd.jpg,,0,0,no_caries,no_caries,0.6915,0.69151,0.1318,0.06464,0.11205
crops/hibogi_ai_03232_png_3.jpg,hibogi_ai_03232_png,HIBOGI_AI_03232_png_jpg.rf.25d24e6c51c0c7e94857654bbf7392bd.jpg,,5,0,advanced,advanced,0.9668,0.00661,0.01728,0.00932,0.96679
crops/hibogi_ai_03232_png_4.jpg,hibogi_ai_03232_png,HIBOGI_AI_03232_png_jpg.rf.25d24e6c51c0c7e94857654bbf7392bd.jpg,,0,0,no_caries,no_caries,0.8018,0.80178,0.05724,0.04922,0.09176
crops/hibogi_ai_03232_png_5.jpg,hibogi_ai_03232_png,HIBOGI_AI_03232_png_jpg.rf.25d24e6c51c0c7e94857654bbf7392bd.jpg,,0,0,no_caries,no_caries,0.817,0.81701,0.05049,0.06258,0.06992
crops/hibogi_ai_03232_png_6.jpg,hibogi_ai_03232_png,HIBOGI_AI_03232_png_jpg.rf.25d24e6c51c0c7e94857654bbf7392bd.jpg,,0,0,no_caries,no_caries,0.8823,0.88227,0.0382,0.04815,0.03138
crops/hibogi_ai_03232_png_7.jpg,hibogi_ai_03232_png,HIBOGI_AI_03232_png_jpg.rf.25d24e6c51c0c7e94857654bbf7392bd.jpg,,0,0,no_caries,no_caries,0.6108,0.61081,0.14564,0.13123,0.11232
crops/hibogi_ai_03232_png_8.jpg,hibogi_ai_03232_png,HIBOGI_AI_03232_png_jpg.rf.25d24e6c51c0c7e94857654bbf7392bd.jpg,,0,0,no_caries,moderate,0.5183,0.35335,0.11559,0.51832,0.01274
crops/hibogi_ai_03232_png_9.jpg,hibogi_ai_03232_png,HIBOGI_AI_03232_png_jpg.rf.25d24e6c51c0c7e94857654bbf7392bd.jpg,,0,0,no_caries,no_caries,0.793,0.79299,0.08055,0.08862,0.03784
crops/hibogi_ai_03232_png_10.jpg,hibogi_ai_03232_png,HIBOGI_AI_03232_png_jpg.rf.25d24e6c51c0c7e94857654bbf7392bd.jpg,,0,0,no_caries,no_caries,0.7463,0.74632,0.09991,0.1059,0.04788
crops/hibogi_ai_03232_png_11.jpg,hibogi_ai_03232_png,HIBOGI_AI_03232_png_jpg.rf.25d24e6c51c0c7e94857654bbf7392bd.jpg,,0,0,no_caries,no_caries,0.772,0.772,0.08125,0.1007,0.04605
crops/hibogi_ai_03232_png_12.jpg,hibogi_ai_03232_png,HIBOGI_AI_03232_png_jpg.rf.25d24e6c51c0c7e94857654bbf7392bd.jpg,,0,0,no_caries,no_caries,0.777,0.77696,0.10806,0.08781,0.02717
crops/hibogi_ai_03232_png_13.jpg,hibogi_ai_03232_png,HIBOGI_AI_03232_png_jpg.rf.25d24e6c51c0c7e94857654bbf7392bd.jpg,,0,0,no_caries,no_caries,0.695,0.69498,0.12777,0.12051,0.05675
crops/hibogi_ai_03232_png_14.jpg,hibogi_ai_03232_png,HIBOGI_AI_03232_png_jpg.rf.25d24e6c51c0c7e94857654bbf7392bd.jpg,,0,0,no_caries,no_caries,0.5893,0.58926,0.18198,0.18945,0.03931
crops/hibogi_ai_03241_png_0.jpg,hibogi_ai_03241_png,HIBOGI_AI_03241_png_jpg.rf.6842bbfed116bc66fb60e41dbeea595c.jpg,,0,0,no_caries,no_caries,0.4979,0.49791,0.30375,0.11121,0.08712
crops/hibogi_ai_03241_png_1.jpg,hibogi_ai_03241_png,HIBOGI_AI_03241_png_jpg.rf.6842bbfed116bc66fb60e41dbeea595c.jpg,,0,0,no_caries,mild,0.3552,0.21384,0.35518,0.24035,0.19063
crops/hibogi_ai_03241_png_2.jpg,hibogi_ai_03241_png,HIBOGI_AI_03241_png_jpg.rf.6842bbfed116bc66fb60e41dbeea595c.jpg,,0,0,no_caries,no_caries,0.4146,0.41464,0.13031,0.41233,0.04272
crops/hibogi_ai_03241_png_3.jpg,hibogi_ai_03241_png,HIBOGI_AI_03241_png_jpg.rf.6842bbfed116bc66fb60e41dbeea595c.jpg,,0,0,no_caries,no_caries,0.6985,0.69846,0.14094,0.11432,0.04629
crops/hibogi_ai_03241_png_4.jpg,hibogi_ai_03241_png,HIBOGI_AI_03241_png_jpg.rf.6842bbfed116bc66fb60e41dbeea595c.jpg,,0,0,no_caries,no_caries,0.7354,0.73537,0.11888,0.10136,0.04439
crops/hibogi_ai_03241_png_5.jpg,hibogi_ai_03241_png,HIBOGI_AI_03241_png_jpg.rf.6842bbfed116bc66fb60e41dbeea595c.jpg,,0,0,no_caries,no_caries,0.6097,0.60973,0.26985,0.06927,0.05115
crops/hibogi_ai_03241_png_6.jpg,hibogi_ai_03241_png,HIBOGI_AI_03241_png_jpg.rf.6842bbfed116bc66fb60e41dbeea595c.jpg,,0,0,no_caries,no_caries,0.4742,0.47418,0.46339,0.03624,0.02618
crops/hibogi_ai_03241_png_7.jpg,hibogi_ai_03241_png,HIBOGI_AI_03241_png_jpg.rf.6842bbfed116bc66fb60e41dbeea595c.jpg,,0,0,no_caries,no_caries,0.4953,0.49529,0.37354,0.07086,0.06031
crops/hibogi_ai_03241_png_8.jpg,hibogi_ai_03241_png,HIBOGI_AI_03241_png_jpg.rf.6842bbfed116bc66fb60e41dbeea595c.jpg,,0,0,no_caries,mild,0.7638,0.12005,0.76377,0.03817,0.078
crops/hibogi_ai_03241_png_9.jpg,hibogi_ai_03241_png,HIBOGI_AI_03241_png_jpg.rf.6842bbfed116bc66fb60e41dbeea595c.jpg,,0,0,no_caries,no_caries,0.5722,0.57216,0.21504,0.17319,0.03962
crops/hibogi_ai_03241_png_10.jpg,hibogi_ai_03241_png,HIBOGI_AI_03241_png_jpg.rf.6842bbfed116bc66fb60e41dbeea595c.jpg,,0,0,no_caries,no_caries,0.4971,0.49712,0.27138,0.21308,0.01842
crops/hibogi_ai_03241_png_11.jpg,hibogi_ai_03241_png,HIBOGI_AI_03241_png_jpg.rf.6842bbfed116bc66fb60e41dbeea595c.jpg,,0,0,no_caries,no_caries,0.506,0.50605,0.17184,0.29346,0.02864
crops/hibogi_ai_03241_png_12.jpg,hibogi_ai_03241_png,HIBOGI_AI_03241_png_jpg.rf.6842bbfed116bc66fb60e41dbeea595c.jpg,,0,0,no_caries,mild,0.5491,0.27802,0.54912,0.09766,0.0752
crops/hibogi_ai_03241_png_13.jpg,hibogi_ai_03241_png,HIBOGI_AI_03241_png_jpg.rf.6842bbfed116bc66fb60e41dbeea595c.jpg,,0,0,no_caries,no_caries,0.7966,0.79664,0.04931,0.11321,0.04084
crops/hibogi_ai_03241_png_14.jpg,hibogi_ai_03241_png,HIBOGI_AI_03241_png_jpg.rf.6842bbfed116bc66fb60e41dbeea595c.jpg,,0,0,no_caries,no_caries,0.7647,0.7647,0.04169,0.13503,0.05858
crops/hibogi_ai_03241_png_15.jpg,hibogi_ai_03241_png,HIBOGI_AI_03241_png_jpg.rf.6842bbfed116bc66fb60e41dbeea595c.jpg,,0,0,no_caries,no_caries,0.7335,0.73348,0.1718,0.06153,0.03319
crops/hibogi_ai_03241_png_16.jpg,hibogi_ai_03241_png,HIBOGI_AI_03241_png_jpg.rf.6842bbfed116bc66fb60e41dbeea595c.jpg,,0,0,no_caries,mild,0.7007,0.2528,0.7007,0.02806,0.01843
crops/hibogi_ai_03248_png_0.jpg,hibogi_ai_03248_png,HIBOGI_AI_03248_png_jpg.rf.a8287c8f6a10f42bfdf919ee3aaabd7e.jpg,,0,0,no_caries,no_caries,0.8223,0.82235,0.04209,0.07392,0.06165
crops/hibogi_ai_03248_png_1.jpg,hibogi_ai_03248_png,HIBOGI_AI_03248_png_jpg.rf.a8287c8f6a10f42bfdf919ee3aaabd7e.jpg,,0,0,no_caries,no_caries,0.7746,0.77458,0.05292,0.10453,0.06798
crops/hibogi_ai_03248_png_2.jpg,hibogi_ai_03248_png,HIBOGI_AI_03248_png_jpg.rf.a8287c8f6a10f42bfdf919ee3aaabd7e.jpg,,0,0,no_caries,no_caries,0.7903,0.79031,0.07733,0.08866,0.0437
crops/hibogi_ai_03248_png_3.jpg,hibogi_ai_03248_png,HIBOGI_AI_03248_png_jpg.rf.a8287c8f6a10f42bfdf919ee3aaabd7e.jpg,,0,0,no_caries,no_caries,0.7259,0.72593,0.14167,0.07892,0.05348
crops/hibogi_ai_03248_png_4.jpg,hibogi_ai_03248_png,HIBOGI_AI_03248_png_jpg.rf.a8287c8f6a10f42bfdf919ee3aaabd7e.jpg,,0,0,no_caries,no_caries,0.5794,0.57937,0.32639,0.05111,0.04313
crops/hibogi_ai_03248_png_5.jpg,hibogi_ai_03248_png,HIBOGI_AI_03248_png_jpg.rf.a8287c8f6a10f42bfdf919ee3aaabd7e.jpg,,0,0,no_caries,no_caries,0.662,0.66196,0.21771,0.07567,0.04465
crops/hibogi_ai_03248_png_6.jpg,hibogi_ai_03248_png,HIBOGI_AI_03248_png_jpg.rf.a8287c8f6a10f42bfdf919ee3aaabd7e.jpg,,0,0,no_caries,no_caries,0.3502,0.35019,0.34897,0.14555,0.15529
crops/hibogi_ai_03248_png_7.jpg,hibogi_ai_03248_png,HIBOGI_AI_03248_png_jpg.rf.a8287c8f6a10f42bfdf919ee3aaabd7e.jpg,,0,0,no_caries,no_caries,0.6417,0.64166,0.14248,0.15341,0.06245
crops/hibogi_ai_03248_png_8.jpg,hibogi_ai_03248_png,HIBOGI_AI_03248_png_jpg.rf.a8287c8f6a10f42bfdf919ee3aaabd7e.jpg,,0,0,no_caries,no_caries,0.7041,0.7041,0.12324,0.12786,0.0448
crops/hibogi_ai_03262_png_0.jpg,hibogi_ai_03262_png,HIBOGI_AI_03262_png_jpg.rf.af09d6b68ee9f1794d6e00c0d7676f2d.jpg,,2,0,mild,mild,0.3281,0.12508,0.32814,0.24006,0.30673
crops/hibogi_ai_03262_png_1.jpg,hibogi_ai_03262_png,HIBOGI_AI_03262_png_jpg.rf.af09d6b68ee9f1794d6e00c0d7676f2d.jpg,,0,0,no_caries,no_caries,0.5903,0.59028,0.31662,0.04139,0.05171
crops/hibogi_ai_03262_png_2.jpg,hibogi_ai_03262_png,HIBOGI_AI_03262_png_jpg.rf.af09d6b68ee9f1794d6e00c0d7676f2d.jpg,,0,0,no_caries,no_caries,0.6597,0.65972,0.2194,0.05979,0.06109
crops/hibogi_ai_03262_png_3.jpg,hibogi_ai_03262_png,HIBOGI_AI_03262_png_jpg.rf.af09d6b68ee9f1794d6e00c0d7676f2d.jpg,,0,0,no_caries,no_caries,0.5369,0.53686,0.18682,0.24281,0.03351
crops/hibogi_ai_03262_png_4.jpg,hibogi_ai_03262_png,HIBOGI_AI_03262_png_jpg.rf.af09d6b68ee9f1794d6e00c0d7676f2d.jpg,,0,0,no_caries,mild,0.457,0.40275,0.45696,0.09322,0.04707
crops/hibogi_ai_03262_png_5.jpg,hibogi_ai_03262_png,HIBOGI_AI_03262_png_jpg.rf.af09d6b68ee9f1794d6e00c0d7676f2d.jpg,,3,0,moderate,no_caries,0.3308,0.3308,0.26848,0.22818,0.17255
crops/hibogi_ai_03262_png_6.jpg,hibogi_ai_03262_png,HIBOGI_AI_03262_png_jpg.rf.af09d6b68ee9f1794d6e00c0d7676f2d.jpg,,0,0,no_caries,no_caries,0.6689,0.66895,0.17461,0.11895,0.03749
crops/hibogi_ai_03262_png_7.jpg,hibogi_ai_03262_png,HIBOGI_AI_03262_png_jpg.rf.af09d6b68ee9f1794d6e00c0d7676f2d.jpg,,0,0,no_caries,no_caries,0.4227,0.42272,0.3703,0.07276,0.13422
crops/hibogi_ai_03262_png_8.jpg,hibogi_ai_03262_png,HIBOGI_AI_03262_png_jpg.rf.af09d6b68ee9f1794d6e00c0d7676f2d.jpg,,0,0,no_caries,mild,0.4839,0.38109,0.48392,0.07363,0.06136
crops/hibogi_ai_03262_png_9.jpg,hibogi_ai_03262_png,HIBOGI_AI_03262_png_jpg.rf.af09d6b68ee9f1794d6e00c0d7676f2d.jpg,,1,0,mild,mild,0.6247,0.30951,0.62469,0.05141,0.01439
crops/hibogi_ai_03262_png_10.jpg,hibogi_ai_03262_png,HIBOGI_AI_03262_png_jpg.rf.af09d6b68ee9f1794d6e00c0d7676f2d.jpg,,0,0,no_caries,mild,0.6468,0.15663,0.64679,0.03138,0.1652
crops/hibogi_ai_03262_png_11.jpg,hibogi_ai_03262_png,HIBOGI_AI_03262_png_jpg.rf.af09d6b68ee9f1794d6e00c0d7676f2d.jpg,,0,0,no_caries,no_caries,0.5507,0.55075,0.19258,0.17714,0.07954
crops/hibogi_ai_03265_png_0.jpg,hibogi_ai_03265_png,HIBOGI_AI_03265_png_jpg.rf.3b6cf190412c3ccee5f2c87c8cd3e740.jpg,,0,0,no_caries,mild,0.3472,0.28902,0.34723,0.21999,0.14376
crops/hibogi_ai_03265_png_1.jpg,hibogi_ai_03265_png,HIBOGI_AI_03265_png_jpg.rf.3b6cf190412c3ccee5f2c87c8cd3e740.jpg,,5,0,advanced,advanced,0.973,0.00427,0.00893,0.0138,0.973
crops/hibogi_ai_03265_png_2.jpg,hibogi_ai_03265_png,HIBOGI_AI_03265_png_jpg.rf.3b6cf190412c3ccee5f2c87c8cd3e740.jpg,,0,0,no_caries,no_caries,0.7429,0.74294,0.11157,0.08166,0.06382
crops/hibogi_ai_03265_png_3.jpg,hibogi_ai_03265_png,HIBOGI_AI_03265_png_jpg.rf.3b6cf190412c3ccee5f2c87c8cd3e740.jpg,,0,0,no_caries,no_caries,0.6765,0.67655,0.10386,0.05484,0.16476
crops/hibogi_ai_03265_png_4.jpg,hibogi_ai_03265_png,HIBOGI_AI_03265_png_jpg.rf.3b6cf190412c3ccee5f2c87c8cd3e740.jpg,,0,0,no_caries,no_caries,0.7187,0.71867,0.12638,0.07654,0.07841
crops/hibogi_ai_03265_png_5.jpg,hibogi_ai_03265_png,HIBOGI_AI_03265_png_jpg.rf.3b6cf190412c3ccee5f2c87c8cd3e740.jpg,,0,0,no_caries,no_caries,0.5617,0.56169,0.29475,0.04852,0.09504
crops/hibogi_ai_03265_png_6.jpg,hibogi_ai_03265_png,HIBOGI_AI_03265_png_jpg.rf.3b6cf190412c3ccee5f2c87c8cd3e740.jpg,,0,0,no_caries,no_caries,0.7115,0.71149,0.1948,0.03596,0.05775
crops/hibogi_ai_03265_png_7.jpg,hibogi_ai_03265_png,HIBOGI_AI_03265_png_jpg.rf.3b6cf190412c3ccee5f2c87c8cd3e740.jpg,,0,0,no_caries,no_caries,0.4276,0.42763,0.26939,0.18654,0.11645
crops/hibogi_ai_03265_png_8.jpg,hibogi_ai_03265_png,HIBOGI_AI_03265_png_jpg.rf.3b6cf190412c3ccee5f2c87c8cd3e740.jpg,,0,0,no_caries,no_caries,0.4818,0.48182,0.26089,0.14899,0.1083
crops/hibogi_ai_03265_png_9.jpg,hibogi_ai_03265_png,HIBOGI_AI_03265_png_jpg.rf.3b6cf190412c3ccee5f2c87c8cd3e740.jpg,,0,0,no_caries,no_caries,0.5992,0.59925,0.26928,0.07583,0.05564
crops/hibogi_ai_03265_png_10.jpg,hibogi_ai_03265_png,HIBOGI_AI_03265_png_jpg.rf.3b6cf190412c3ccee5f2c87c8cd3e740.jpg,,0,0,no_caries,mild,0.4964,0.27822,0.49641,0.17459,0.05078
crops/hibogi_ai_03268_png_0.jpg,hibogi_ai_03268_png,HIBOGI_AI_03268_png_jpg.rf.5c3145cf3542749cc0ded8c6a0383d22.jpg,,0,0,no_caries,no_caries,0.6862,0.68617,0.13257,0.11593,0.06533
crops/hibogi_ai_03268_png_1.jpg,hibogi_ai_03268_png,HIBOGI_AI_03268_png_jpg.rf.5c3145cf3542749cc0ded8c6a0383d22.jpg,,0,0,no_caries,no_caries,0.7366,0.73664,0.10624,0.10157,0.05555
crops/hibogi_ai_03268_png_2.jpg,hibogi_ai_03268_png,HIBOGI_AI_03268_png_jpg.rf.5c3145cf3542749cc0ded8c6a0383d22.jpg,,0,0,no_caries,no_caries,0.5101,0.51012,0.37963,0.07057,0.03968
crops/hibogi_ai_03268_png_3.jpg,hibogi_ai_03268_png,HIBOGI_AI_03268_png_jpg.rf.5c3145cf3542749cc0ded8c6a0383d22.jpg,,0,0,no_caries,no_caries,0.6675,0.66751,0.10726,0.1733,0.05193
crops/hibogi_ai_03268_png_4.jpg,hibogi_ai_03268_png,HIBOGI_AI_03268_png_jpg.rf.5c3145cf3542749cc0ded8c6a0383d22.jpg,,6,0,advanced,advanced,0.7284,0.00607,0.05028,0.21526,0.72839
crops/hibogi_ai_03268_png_5.jpg,hibogi_ai_03268_png,HIBOGI_AI_03268_png_jpg.rf.5c3145cf3542749cc0ded8c6a0383d22.jpg,,0,0,no_caries,mild,0.568,0.27598,0.56795,0.09903,0.05704
crops/hibogi_ai_03268_png_6.jpg,hibogi_ai_03268_png,HIBOGI_AI_03268_png_jpg.rf.5c3145cf3542749cc0ded8c6a0383d22.jpg,,0,0,no_caries,no_caries,0.5522,0.55224,0.37765,0.0452,0.02491
crops/hibogi_ai_03268_png_7.jpg,hibogi_ai_03268_png,HIBOGI_AI_03268_png_jpg.rf.5c3145cf3542749cc0ded8c6a0383d22.jpg,,3,0,moderate,mild,0.8108,0.02945,0.81077,0.1397,0.02009
crops/hibogi_ai_03268_png_8.jpg,hibogi_ai_03268_png,HIBOGI_AI_03268_png_jpg.rf.5c3145cf3542749cc0ded8c6a0383d22.jpg,,0,0,no_caries,no_caries,0.6182,0.61821,0.30805,0.05292,0.02083
crops/hibogi_ai_03268_png_9.jpg,hibogi_ai_03268_png,HIBOGI_AI_03268_png_jpg.rf.5c3145cf3542749cc0ded8c6a0383d22.jpg,,0,0,no_caries,mild,0.6283,0.27083,0.62826,0.08737,0.01354
crops/hibogi_ai_03268_png_10.jpg,hibogi_ai_03268_png,HIBOGI_AI_03268_png_jpg.rf.5c3145cf3542749cc0ded8c6a0383d22.jpg,,0,0,no_caries,no_caries,0.5935,0.59351,0.29318,0.08047,0.03284
crops/hibogi_ai_03274_png_0.jpg,hibogi_ai_03274_png,HIBOGI_AI_03274_png_jpg.rf.cbff64a267771dfa4d4911758b31f8b0.jpg,,1,0,mild,mild,0.5817,0.18224,0.58167,0.14441,0.09169
crops/hibogi_ai_03274_png_1.jpg,hibogi_ai_03274_png,HIBOGI_AI_03274_png_jpg.rf.cbff64a267771dfa4d4911758b31f8b0.jpg,,3,0,moderate,moderate,0.7717,0.00877,0.08849,0.77175,0.13099
crops/hibogi_ai_03274_png_2.jpg,hibogi_ai_03274_png,HIBOGI_AI_03274_png_jpg.rf.cbff64a267771dfa4d4911758b31f8b0.jpg,,0,0,no_caries,no_caries,0.6453,0.64531,0.18238,0.11314,0.05917
crops/hibogi_ai_03274_png_3.jpg,hibogi_ai_03274_png,HIBOGI_AI_03274_png_jpg.rf.cbff64a267771dfa4d4911758b31f8b0.jpg,,0,0,no_caries,no_caries,0.8459,0.8459,0.09375,0.03673,0.02363
crops/hibogi_ai_03274_png_4.jpg,hibogi_ai_03274_png,HIBOGI_AI_03274_png_jpg.rf.cbff64a267771dfa4d4911758b31f8b0.jpg,,0,0,no_caries,no_caries,0.5375,0.53749,0.23503,0.10284,0.12464
crops/hibogi_ai_03274_png_5.jpg,hibogi_ai_03274_png,HIBOGI_AI_03274_png_jpg.rf.cbff64a267771dfa4d4911758b31f8b0.jpg,,0,0,no_caries,no_caries,0.6569,0.65687,0.0685,0.19371,0.08091
crops/hibogi_ai_03274_png_6.jpg,hibogi_ai_03274_png,HIBOGI_AI_03274_png_jpg.rf.cbff64a267771dfa4d4911758b31f8b0.jpg,,0,0,no_caries,no_caries,0.7209,0.72086,0.08555,0.05206,0.14153
crops/hibogi_ai_03274_png_7.jpg,hibogi_ai_03274_png,HIBOGI_AI_03274_png_jpg.rf.cbff64a267771dfa4d4911758b31f8b0.jpg,,0,0,no_caries,no_caries,0.6868,0.68676,0.15681,0.0848,0.07162
crops/hibogi_ai_03274_png_8.jpg,hibogi_ai_03274_png,HIBOGI_AI_03274_png_jpg.rf.cbff64a267771dfa4d4911758b31f8b0.jpg,,0,0,no_caries,no_caries,0.7161,0.7161,0.11712,0.10009,0.0667
crops/hibogi_ai_03274_png_9.jpg,hibogi_ai_03274_png,HIBOGI_AI_03274_png_jpg.rf.cbff64a267771dfa4d4911758b31f8b0.jpg,,3,0,moderate,moderate,0.5986,0.21731,0.08208,0.59865,0.10196
crops/hibogi_ai_03274_png_10.jpg,hibogi_ai_03274_png,HIBOGI_AI_03274_png_jpg.rf.cbff64a267771dfa4d4911758b31f8b0.jpg,,0,0,no_caries,no_caries,0.7387,0.73875,0.03809,0.11845,0.10472
crops/hibogi_ai_03274_png_11.jpg,hibogi_ai_03274_png,HIBOGI_AI_03274_png_jpg.rf.cbff64a267771dfa4d4911758b31f8b0.jpg,,2,0,mild,mild,0.6698,0.09303,0.66979,0.20222,0.03495
crops/hibogi_ai_03274_png_12.jpg,hibogi_ai_03274_png,HIBOGI_AI_03274_png_jpg.rf.cbff64a267771dfa4d4911758b31f8b0.jpg,,5,0,advanced,mild,0.4873,0.0655,0.48727,0.33846,0.10877
crops/hibogi_ai_03286_png_0.jpg,hibogi_ai_03286_png,HIBOGI_AI_03286_png_jpg.rf.3cdb43a604a830db03ec733289e85f96.jpg,,0,0,no_caries,no_caries,0.6727,0.67268,0.07402,0.09708,0.15622
crops/hibogi_ai_03286_png_1.jpg,hibogi_ai_03286_png,HIBOGI_AI_03286_png_jpg.rf.3cdb43a604a830db03ec733289e85f96.jpg,,0,0,no_caries,no_caries,0.7518,0.75184,0.07302,0.08253,0.09262
crops/hibogi_ai_03286_png_2.jpg,hibogi_ai_03286_png,HIBOGI_AI_03286_png_jpg.rf.3cdb43a604a830db03ec733289e85f96.jpg,,0,0,no_caries,no_caries,0.7844,0.78437,0.05192,0.07342,0.0903
crops/hibogi_ai_03286_png_3.jpg,hibogi_ai_03286_png,HIBOGI_AI_03286_png_jpg.rf.3cdb43a604a830db03ec733289e85f96.jpg,,0,0,no_caries,no_caries,0.7634,0.76343,0.08679,0.07841,0.07137
crops/hibogi_ai_03286_png_4.jpg,hibogi_ai_03286_png,HIBOGI_AI_03286_png_jpg.rf.3cdb43a604a830db03ec733289e85f96.jpg,,0,0,no_caries,no_caries,0.8502,0.85018,0.0555,0.04793,0.0464
crops/hibogi_ai_03286_png_5.jpg,hibogi_ai_03286_png,HIBOGI_AI_03286_png_jpg.rf.3cdb43a604a830db03ec733289e85f96.jpg,,0,0,no_caries,no_caries,0.737,0.73704,0.10834,0.08506,0.06957
crops/hibogi_ai_03286_png_6.jpg,hibogi_ai_03286_png,HIBOGI_AI_03286_png_jpg.rf.3cdb43a604a830db03ec733289e85f96.jpg,,0,0,no_caries,no_caries,0.5629,0.56286,0.19681,0.14611,0.09423
crops/hibogi_ai_03286_png_7.jpg,hibogi_ai_03286_png,HIBOGI_AI_03286_png_jpg.rf.3cdb43a604a830db03ec733289e85f96.jpg,,4,0,moderate,moderate,0.5137,0.21949,0.17101,0.5137,0.0958
crops/hibogi_ai_03286_png_8.jpg,hibogi_ai_03286_png,HIBOGI_AI_03286_png_jpg.rf.3cdb43a604a830db03ec733289e85f96.jpg,,0,0,no_caries,no_caries,0.7147,0.71469,0.13264,0.10114,0.05152
crops/hibogi_ai_03286_png_9.jpg,hibogi_ai_03286_png,HIBOGI_AI_03286_png_jpg.rf.3cdb43a604a830db03ec733289e85f96.jpg,,4,0,moderate,mild,0.4807,0.28707,0.48069,0.18601,0.04624
crops/hibogi_ai_03286_png_10.jpg,hibogi_ai_03286_png,HIBOGI_AI_03286_png_jpg.rf.3cdb43a604a830db03ec733289e85f96.jpg,,0,0,no_caries,no_caries,0.7285,0.72852,0.16224,0.0656,0.04364
crops/hibogi_ai_03286_png_11.jpg,hibogi_ai_03286_png,HIBOGI_AI_03286_png_jpg.rf.3cdb43a604a830db03ec733289e85f96.jpg,,0,0,no_caries,mild,0.7666,0.09903,0.76661,0.03503,0.09934
crops/hibogi_ai_03286_png_12.jpg,hibogi_ai_03286_png,HIBOGI_AI_03286_png_jpg.rf.3cdb43a604a830db03ec733289e85f96.jpg,,0,0,no_caries,no_caries,0.8643,0.86434,0.0356,0.0618,0.03825
crops/hibogi_ai_03286_png_13.jpg,hibogi_ai_03286_png,HIBOGI_AI_03286_png_jpg.rf.3cdb43a604a830db03ec733289e85f96.jpg,,0,0,no_caries,no_caries,0.7735,0.77346,0.08646,0.07649,0.06359
crops/hibogi_ai_03286_png_14.jpg,hibogi_ai_03286_png,HIBOGI_AI_03286_png_jpg.rf.3cdb43a604a830db03ec733289e85f96.jpg,,0,0,no_caries,mild,0.4844,0.35606,0.48438,0.08214,0.07741
crops/hibogi_ai_03286_png_15.jpg,hibogi_ai_03286_png,HIBOGI_AI_03286_png_jpg.rf.3cdb43a604a830db03ec733289e85f96.jpg,,0,0,no_caries,mild,0.4769,0.40127,0.47687,0.04619,0.07567
crops/hibogi_ai_03286_png_16.jpg,hibogi_ai_03286_png,HIBOGI_AI_03286_png_jpg.rf.3cdb43a604a830db03ec733289e85f96.jpg,,4,0,moderate,advanced,0.6638,0.06643,0.19635,0.07338,0.66384
crops/hibogi_ai_03287_png_0.jpg,hibogi_ai_03287_png,HIBOGI_AI_03287_png_jpg.rf.c4e89fad7cd26506145787127c362eea.jpg,,0,0,no_caries,no_caries,0.7378,0.73781,0.15085,0.06632,0.04502
crops/hibogi_ai_03287_png_1.jpg,hibogi_ai_03287_png,HIBOGI_AI_03287_png_jpg.rf.c4e89fad7cd26506145787127c362eea.jpg,,6,0,advanced,advanced,0.9712,0.00361,0.0107,0.01452,0.97118
crops/hibogi_ai_03287_png_2.jpg,hibogi_ai_03287_png,HIBOGI_AI_03287_png_jpg.rf.c4e89fad7cd26506145787127c362eea.jpg,,0,0,no_caries,advanced,0.4487,0.37808,0.10735,0.06592,0.44865
crops/hibogi_ai_03287_png_3.jpg,hibogi_ai_03287_png,HIBOGI_AI_03287_png_jpg.rf.c4e89fad7cd26506145787127c362eea.jpg,,0,0,no_caries,no_caries,0.6969,0.69687,0.17162,0.08549,0.04603
crops/hibogi_ai_03287_png_4.jpg,hibogi_ai_03287_png,HIBOGI_AI_03287_png_jpg.rf.c4e89fad7cd26506145787127c362eea.jpg,,0,0,no_caries,no_caries,0.7453,0.74531,0.09393,0.07409,0.08667
crops/hibogi_ai_03287_png_5.jpg,hibogi_ai_03287_png,HIBOGI_AI_03287_png_jpg.rf.c4e89fad7cd26506145787127c362eea.jpg,,0,0,no_caries,no_caries,0.7858,0.78583,0.05948,0.09274,0.06196
crops/hibogi_ai_03287_png_6.jpg,hibogi_ai_03287_png,HIBOGI_AI_03287_png_jpg.rf.c4e89fad7cd26506145787127c362eea.jpg,,0,0,no_caries,no_caries,0.7493,0.74927,0.10914,0.0808,0.06079
crops/hibogi_ai_03287_png_7.jpg,hibogi_ai_03287_png,HIBOGI_AI_03287_png_jpg.rf.c4e89fad7cd26506145787127c362eea.jpg,,0,0,no_caries,no_caries,0.7715,0.77146,0.15306,0.04798,0.0275
crops/hibogi_ai_03287_png_8.jpg,hibogi_ai_03287_png,HIBOGI_AI_03287_png_jpg.rf.c4e89fad7cd26506145787127c362eea.jpg,,0,0,no_caries,no_caries,0.8098,0.80976,0.03644,0.09683,0.05697
crops/hibogi_ai_03287_png_9.jpg,hibogi_ai_03287_png,HIBOGI_AI_03287_png_jpg.rf.c4e89fad7cd26506145787127c362eea.jpg,,0,0,no_caries,no_caries,0.7934,0.79344,0.03911,0.14835,0.0191
crops/hibogi_ai_03298_png_0.jpg,hibogi_ai_03298_png,HIBOGI_AI_03298_png_jpg.rf.fcde42c53d4a59755df6abe7b91dbacf.jpg,,0,0,no_caries,no_caries,0.7348,0.73478,0.09867,0.09891,0.06763
crops/hibogi_ai_03298_png_1.jpg,hibogi_ai_03298_png,HIBOGI_AI_03298_png_jpg.rf.fcde42c53d4a59755df6abe7b91dbacf.jpg,,0,0,no_caries,moderate,0.5825,0.14751,0.18493,0.58251,0.08505
crops/hibogi_ai_03298_png_2.jpg,hibogi_ai_03298_png,HIBOGI_AI_03298_png_jpg.rf.fcde42c53d4a59755df6abe7b91dbacf.jpg,,0,0,no_caries,no_caries,0.7398,0.73975,0.0686,0.07052,0.12113
crops/hibogi_ai_03298_png_3.jpg,hibogi_ai_03298_png,HIBOGI_AI_03298_png_jpg.rf.fcde42c53d4a59755df6abe7b91dbacf.jpg,,0,0,no_caries,no_caries,0.7353,0.73528,0.09199,0.07186,0.10087
crops/hibogi_ai_03298_png_4.jpg,hibogi_ai_03298_png,HIBOGI_AI_03298_png_jpg.rf.fcde42c53d4a59755df6abe7b91dbacf.jpg,,0,0,no_caries,no_caries,0.6937,0.69371,0.17997,0.05474,0.07157
crops/hibogi_ai_03298_png_5.jpg,hibogi_ai_03298_png,HIBOGI_AI_03298_png_jpg.rf.fcde42c53d4a59755df6abe7b91dbacf.jpg,,0,0,no_caries,no_caries,0.537,0.53705,0.10233,0.26773,0.0929
crops/hibogi_ai_03298_png_6.jpg,hibogi_ai_03298_png,HIBOGI_AI_03298_png_jpg.rf.fcde42c53d4a59755df6abe7b91dbacf.jpg,,0,0,no_caries,no_caries,0.5171,0.51706,0.28479,0.12026,0.07788
crops/hibogi_ai_03298_png_7.jpg,hibogi_ai_03298_png,HIBOGI_AI_03298_png_jpg.rf.fcde42c53d4a59755df6abe7b91dbacf.jpg,,0,0,no_caries,no_caries,0.814,0.81397,0.06084,0.072,0.0532
crops/hibogi_ai_03298_png_8.jpg,hibogi_ai_03298_png,HIBOGI_AI_03298_png_jpg.rf.fcde42c53d4a59755df6abe7b91dbacf.jpg,,0,0,no_caries,no_caries,0.6582,0.65822,0.20603,0.06766,0.06809
crops/hibogi_ai_03298_png_9.jpg,hibogi_ai_03298_png,HIBOGI_AI_03298_png_jpg.rf.fcde42c53d4a59755df6abe7b91dbacf.jpg,,0,0,no_caries,no_caries,0.5789,0.57888,0.33236,0.05594,0.03283
crops/hibogi_ai_03298_png_10.jpg,hibogi_ai_03298_png,HIBOGI_AI_03298_png_jpg.rf.fcde42c53d4a59755df6abe7b91dbacf.jpg,,0,0,no_caries,no_caries,0.7878,0.78779,0.08004,0.0702,0.06197
crops/hibogi_ai_03298_png_11.jpg,hibogi_ai_03298_png,HIBOGI_AI_03298_png_jpg.rf.fcde42c53d4a59755df6abe7b91dbacf.jpg,,0,0,no_caries,no_caries,0.4357,0.43574,0.28688,0.23,0.04737
crops/hibogi_ai_03327_png_0.jpg,hibogi_ai_03327_png,HIBOGI_AI_03327_png_jpg.rf.082978d98bba14feda8b5c6e6969c5c6.jpg,,0,0,no_caries,no_caries,0.4425,0.44253,0.2914,0.1087,0.15736
crops/hibogi_ai_03327_png_1.jpg,hibogi_ai_03327_png,HIBOGI_AI_03327_png_jpg.rf.082978d98bba14feda8b5c6e6969c5c6.jpg,,0,0,no_caries,no_caries,0.6925,0.69247,0.21834,0.05204,0.03715
crops/hibogi_ai_03327_png_2.jpg,hibogi_ai_03327_png,HIBOGI_AI_03327_png_jpg.rf.082978d98bba14feda8b5c6e6969c5c6.jpg,,0,0,no_caries,no_caries,0.5986,0.59858,0.30269,0.03939,0.05934
crops/hibogi_ai_03327_png_3.jpg,hibogi_ai_03327_png,HIBOGI_AI_03327_png_jpg.rf.082978d98bba14feda8b5c6e6969c5c6.jpg,,0,0,no_caries,mild,0.5425,0.36071,0.54254,0.04657,0.05018
crops/hibogi_ai_03327_png_4.jpg,hibogi_ai_03327_png,HIBOGI_AI_03327_png_jpg.rf.082978d98bba14feda8b5c6e6969c5c6.jpg,,0,0,no_caries,no_caries,0.6404,0.64037,0.22968,0.0665,0.06345
crops/hibogi_ai_03327_png_5.jpg,hibogi_ai_03327_png,HIBOGI_AI_03327_png_jpg.rf.082978d98bba14feda8b5c6e6969c5c6.jpg,,0,0,no_caries,no_caries,0.5489,0.54894,0.2998,0.08682,0.06445
crops/hibogi_ai_03327_png_6.jpg,hibogi_ai_03327_png,HIBOGI_AI_03327_png_jpg.rf.082978d98bba14feda8b5c6e6969c5c6.jpg,,0,0,no_caries,no_caries,0.615,0.61495,0.15655,0.10716,0.12133
crops/hibogi_ai_03327_png_7.jpg,hibogi_ai_03327_png,HIBOGI_AI_03327_png_jpg.rf.082978d98bba14feda8b5c6e6969c5c6.jpg,,0,0,no_caries,no_caries,0.547,0.54703,0.3139,0.10073,0.03834
crops/hibogi_ai_03327_png_8.jpg,hibogi_ai_03327_png,HIBOGI_AI_03327_png_jpg.rf.082978d98bba14feda8b5c6e6969c5c6.jpg,,0,0,no_caries,no_caries,0.5718,0.57182,0.3111,0.07696,0.04012
crops/hibogi_ai_03327_png_9.jpg,hibogi_ai_03327_png,HIBOGI_AI_03327_png_jpg.rf.082978d98bba14feda8b5c6e6969c5c6.jpg,,0,0,no_caries,no_caries,0.6894,0.68945,0.17805,0.06328,0.06922
crops/hibogi_ai_03327_png_10.jpg,hibogi_ai_03327_png,HIBOGI_AI_03327_png_jpg.rf.082978d98bba14feda8b5c6e6969c5c6.jpg,,0,0,no_caries,no_caries,0.4119,0.41195,0.28855,0.20356,0.09593
crops/hibogi_ai_03327_png_11.jpg,hibogi_ai_03327_png,HIBOGI_AI_03327_png_jpg.rf.082978d98bba14feda8b5c6e6969c5c6.jpg,,5,0,advanced,advanced,0.4706,0.07778,0.1876,0.26398,0.47064
crops/hibogi_ai_03327_png_12.jpg,hibogi_ai_03327_png,HIBOGI_AI_03327_png_jpg.rf.082978d98bba14feda8b5c6e6969c5c6.jpg,,0,0,no_caries,mild,0.5623,0.36885,0.56234,0.03146,0.03735
crops/hibogi_ai_03327_png_13.jpg,hibogi_ai_03327_png,HIBOGI_AI_03327_png_jpg.rf.082978d98bba14feda8b5c6e6969c5c6.jpg,,0,0,no_caries,no_caries,0.6069,0.60689,0.25369,0.10753,0.03188
crops/hibogi_ai_03327_png_14.jpg,hibogi_ai_03327_png,HIBOGI_AI_03327_png_jpg.rf.082978d98bba14feda8b5c6e6969c5c6.jpg,,6,0,advanced,advanced,0.8327,0.01698,0.06763,0.08273,0.83266
crops/hibogi_ai_03328_png_0.jpg,hibogi_ai_03328_png,HIBOGI_AI_03328_png_jpg.rf.7c7fc28d0320cc1a10f850e97803a04f.jpg,,0,0,no_caries,no_caries,0.7638,0.76382,0.07446,0.08122,0.08051
crops/hibogi_ai_03328_png_1.jpg,hibogi_ai_03328_png,HIBOGI_AI_03328_png_jpg.rf.7c7fc28d0320cc1a10f850e97803a04f.jpg,,0,0,no_caries,no_caries,0.6526,0.6526,0.14805,0.12435,0.07499
crops/hibogi_ai_03328_png_2.jpg,hibogi_ai_03328_png,HIBOGI_AI_03328_png_jpg.rf.7c7fc28d0320cc1a10f850e97803a04f.jpg,,0,0,no_caries,no_caries,0.5695,0.56952,0.34832,0.0388,0.04336
crops/hibogi_ai_03328_png_3.jpg,hibogi_ai_03328_png,HIBOGI_AI_03328_png_jpg.rf.7c7fc28d0320cc1a10f850e97803a04f.jpg,,1,0,mild,mild,0.5412,0.4053,0.54117,0.03228,0.02125
crops/hibogi_ai_03328_png_4.jpg,hibogi_ai_03328_png,HIBOGI_AI_03328_png_jpg.rf.7c7fc28d0320cc1a10f850e97803a04f.jpg,,0,0,no_caries,no_caries,0.7437,0.74371,0.1782,0.04812,0.02997
crops/hibogi_ai_03328_png_5.jpg,hibogi_ai_03328_png,HIBOGI_AI_03328_png_jpg.rf.7c7fc28d0320cc1a10f850e97803a04f.jpg,,0,0,no_caries,no_caries,0.561,0.56098,0.20705,0.19992,0.03206
crops/hibogi_ai_03328_png_6.jpg,hibogi_ai_03328_png,HIBOGI_AI_03328_png_jpg.rf.7c7fc28d0320cc1a10f850e97803a04f.jpg,,0,0,no_caries,no_caries,0.6803,0.68033,0.17623,0.09154,0.05191
crops/hibogi_ai_03328_png_7.jpg,hibogi_ai_03328_png,HIBOGI_AI_03328_png_jpg.rf.7c7fc28d0320cc1a10f850e97803a04f.jpg,,0,0,no_caries,no_caries,0.8066,0.80665,0.06103,0.07954,0.05279
crops/hibogi_ai_03328_png_8.jpg,hibogi_ai_03328_png,HIBOGI_AI_03328_png_jpg.rf.7c7fc28d0320cc1a10f850e97803a04f.jpg,,0,0,no_caries,no_caries,0.6441,0.64412,0.26385,0.03711,0.05492
crops/hibogi_ai_03328_png_9.jpg,hibogi_ai_03328_png,HIBOGI_AI_03328_png_jpg.rf.7c7fc28d0320cc1a10f850e97803a04f.jpg,,0,0,no_caries,no_caries,0.6538,0.65378,0.20375,0.06266,0.07981
crops/hibogi_ai_03328_png_10.jpg,hibogi_ai_03328_png,HIBOGI_AI_03328_png_jpg.rf.7c7fc28d0320cc1a10f850e97803a04f.jpg,,0,0,no_caries,no_caries,0.735,0.73505,0.09601,0.12182,0.04712
crops/hibogi_ai_03328_png_11.jpg,hibogi_ai_03328_png,HIBOGI_AI_03328_png_jpg.rf.7c7fc28d0320cc1a10f850e97803a04f.jpg,,0,0,no_caries,no_caries,0.7418,0.74177,0.15583,0.08053,0.02187
crops/hibogi_ai_03328_png_12.jpg,hibogi_ai_03328_png,HIBOGI_AI_03328_png_jpg.rf.7c7fc28d0320cc1a10f850e97803a04f.jpg,,0,0,no_caries,no_caries,0.58,0.58003,0.27489,0.10118,0.0439
crops/hibogi_ai_03328_png_13.jpg,hibogi_ai_03328_png,HIBOGI_AI_03328_png_jpg.rf.7c7fc28d0320cc1a10f850e97803a04f.jpg,,0,0,no_caries,no_caries,0.7308,0.73077,0.11531,0.10459,0.04933
crops/hibogi_ai_03345_png_0.jpg,hibogi_ai_03345_png,HIBOGI_AI_03345_png_jpg.rf.b7aa312d75d64987beee3a5d37eee2e7.jpg,,5,0,advanced,advanced,0.8293,0.02937,0.0483,0.09302,0.82931
crops/hibogi_ai_03345_png_1.jpg,hibogi_ai_03345_png,HIBOGI_AI_03345_png_jpg.rf.b7aa312d75d64987beee3a5d37eee2e7.jpg,,0,0,no_caries,no_caries,0.5725,0.57253,0.16785,0.18908,0.07054
crops/hibogi_ai_03345_png_2.jpg,hibogi_ai_03345_png,HIBOGI_AI_03345_png_jpg.rf.b7aa312d75d64987beee3a5d37eee2e7.jpg,,0,0,no_caries,no_caries,0.7127,0.71272,0.12569,0.0911,0.0705
crops/hibogi_ai_03345_png_3.jpg,hibogi_ai_03345_png,HIBOGI_AI_03345_png_jpg.rf.b7aa312d75d64987beee3a5d37eee2e7.jpg,,0,0,no_caries,mild,0.4921,0.40242,0.49207,0.04931,0.0562
crops/hibogi_ai_03345_png_4.jpg,hibogi_ai_03345_png,HIBOGI_AI_03345_png_jpg.rf.b7aa312d75d64987beee3a5d37eee2e7.jpg,,0,0,no_caries,no_caries,0.69,0.68996,0.18576,0.0612,0.06308
crops/hibogi_ai_03345_png_5.jpg,hibogi_ai_03345_png,HIBOGI_AI_03345_png_jpg.rf.b7aa312d75d64987beee3a5d37eee2e7.jpg,,0,0,no_caries,no_caries,0.4129,0.41287,0.20514,0.13122,0.25076
crops/hibogi_ai_03345_png_6.jpg,hibogi_ai_03345_png,HIBOGI_AI_03345_png_jpg.rf.b7aa312d75d64987beee3a5d37eee2e7.jpg,,0,0,no_caries,mild,0.5106,0.23038,0.51057,0.13643,0.12262
crops/hibogi_ai_03345_png_7.jpg,hibogi_ai_03345_png,HIBOGI_AI_03345_png_jpg.rf.b7aa312d75d64987beee3a5d37eee2e7.jpg,,0,0,no_caries,no_caries,0.6726,0.67256,0.23793,0.04848,0.04103
crops/hibogi_ai_03345_png_8.jpg,hibogi_ai_03345_png,HIBOGI_AI_03345_png_jpg.rf.b7aa312d75d64987beee3a5d37eee2e7.jpg,,6,0,advanced,advanced,0.9073,0.0182,0.03928,0.03517,0.90735
crops/hibogi_ai_03345_png_9.jpg,hibogi_ai_03345_png,HIBOGI_AI_03345_png_jpg.rf.b7aa312d75d64987beee3a5d37eee2e7.jpg,,0,0,no_caries,no_caries,0.7171,0.7171,0.10704,0.11901,0.05685
crops/hibogi_ai_03345_png_10.jpg,hibogi_ai_03345_png,HIBOGI_AI_03345_png_jpg.rf.b7aa312d75d64987beee3a5d37eee2e7.jpg,,0,0,no_caries,no_caries,0.4913,0.49126,0.43214,0.0426,0.03399
crops/hibogi_ai_03345_png_11.jpg,hibogi_ai_03345_png,HIBOGI_AI_03345_png_jpg.rf.b7aa312d75d64987beee3a5d37eee2e7.jpg,,0,0,no_caries,no_caries,0.7682,0.76822,0.13322,0.0555,0.04307
crops/hibogi_ai_03345_png_12.jpg,hibogi_ai_03345_png,HIBOGI_AI_03345_png_jpg.rf.b7aa312d75d64987beee3a5d37eee2e7.jpg,,0,0,no_caries,no_caries,0.6343,0.63432,0.23938,0.07237,0.05394
crops/hibogi_ai_03345_png_13.jpg,hibogi_ai_03345_png,HIBOGI_AI_03345_png_jpg.rf.b7aa312d75d64987beee3a5d37eee2e7.jpg,,0,0,no_caries,no_caries,0.5572,0.55719,0.32987,0.07738,0.03556
crops/hibogi_ai_03345_png_14.jpg,hibogi_ai_03345_png,HIBOGI_AI_03345_png_jpg.rf.b7aa312d75d64987beee3a5d37eee2e7.jpg,,0,0,no_caries,mild,0.4965,0.35231,0.49649,0.11151,0.0397
crops/da8c1b7e-149_0.jpg,da8c1b7e-149,da8c1b7e-149_jpg.rf.cccc33fb7ea810b50f45ae6a9207c1fb.jpg,,5,0,advanced,advanced,0.9864,0.00216,0.00583,0.00557,0.98644
crops/da8c1b7e-149_1.jpg,da8c1b7e-149,da8c1b7e-149_jpg.rf.cccc33fb7ea810b50f45ae6a9207c1fb.jpg,,3,0,moderate,no_caries,0.4821,0.48207,0.30514,0.07347,0.13931
crops/da8c1b7e-149_2.jpg,da8c1b7e-149,da8c1b7e-149_jpg.rf.cccc33fb7ea810b50f45ae6a9207c1fb.jpg,,1,0,mild,moderate,0.4634,0.0116,0.42733,0.46341,0.09765
crops/e1c4c567-202_0.jpg,e1c4c567-202,e1c4c567-202_jpg.rf.0a17ebe915fab7979acdcabfbb475495.jpg,,0,0,no_caries,mild,0.7665,0.06668,0.76647,0.12339,0.04346
crops/e1c4c567-202_1.jpg,e1c4c567-202,e1c4c567-202_jpg.rf.0a17ebe915fab7979acdcabfbb475495.jpg,,5,0,advanced,moderate,0.6067,0.00834,0.08253,0.60674,0.30239
crops/e1c4c567-202_2.jpg,e1c4c567-202,e1c4c567-202_jpg.rf.0a17ebe915fab7979acdcabfbb475495.jpg,,5,0,advanced,advanced,0.5211,0.02351,0.06721,0.3882,0.52108
crops/e1c4c567-202_3.jpg,e1c4c567-202,e1c4c567-202_jpg.rf.0a17ebe915fab7979acdcabfbb475495.jpg,,0,0,no_caries,no_caries,0.4093,0.40933,0.39553,0.11788,0.07726
crops/e1c4c567-202_4.jpg,e1c4c567-202,e1c4c567-202_jpg.rf.0a17ebe915fab7979acdcabfbb475495.jpg,,0,0,no_caries,mild,0.5312,0.26432,0.53121,0.13836,0.06611
crops/011_00512_10_a091_0.jpg,011_00512_10_a091,011_00512_10_a091_jpg.rf.00ea2fa83723d3c39dc0cd08398eaeb2.jpg,,4,0,moderate,mild,0.684,0.08404,0.68403,0.17672,0.05521
crops/011_00512_10_a091_1.jpg,011_00512_10_a091,011_00512_10_a091_jpg.rf.00ea2fa83723d3c39dc0cd08398eaeb2.jpg,,3,0,moderate,mild,0.3673,0.32791,0.36733,0.27337,0.0314
crops/011_00512_10_a091_2.jpg,011_00512_10_a091,011_00512_10_a091_jpg.rf.00ea2fa83723d3c39dc0cd08398eaeb2.jpg,,2,0,mild,no_caries,0.595,0.59499,0.23854,0.12553,0.04094
crops/011_00512_10_a091_3.jpg,011_00512_10_a091,011_00512_10_a091_jpg.rf.00ea2fa83723d3c39dc0cd08398eaeb2.jpg,,0,0,no_caries,no_caries,0.5588,0.55876,0.2986,0.09431,0.04833
crops/011_00512_10_a091_4.jpg,011_00512_10_a091,011_00512_10_a091_jpg.rf.00ea2fa83723d3c39dc0cd08398eaeb2.jpg,,0,0,no_caries,mild,0.3764,0.22061,0.3764,0.13991,0.26308
crops/011_00512_10_a091_5.jpg,011_00512_10_a091,011_00512_10_a091_jpg.rf.00ea2fa83723d3c39dc0cd08398eaeb2.jpg,,0,0,no_caries,mild,0.3573,0.15586,0.35732,0.25868,0.22815
crops/011_00512_10_a091_6.jpg,011_00512_10_a091,011_00512_10_a091_jpg.rf.00ea2fa83723d3c39dc0cd08398eaeb2.jpg,,0,0,no_caries,mild,0.6337,0.31866,0.63373,0.04098,0.00663
crops/011_00512_10_a091_7.jpg,011_00512_10_a091,011_00512_10_a091_jpg.rf.00ea2fa83723d3c39dc0cd08398eaeb2.jpg,,0,0,no_caries,mild,0.707,0.25915,0.70697,0.02332,0.01056
crops/011_00512_10_a091_8.jpg,011_00512_10_a091,011_00512_10_a091_jpg.rf.00ea2fa83723d3c39dc0cd08398eaeb2.jpg,,0,0,no_caries,no_caries,0.4759,0.4759,0.4568,0.05461,0.01269
crops/011_00512_10_a091_9.jpg,011_00512_10_a091,011_00512_10_a091_jpg.rf.00ea2fa83723d3c39dc0cd08398eaeb2.jpg,,1,0,mild,no_caries,0.4504,0.45044,0.44902,0.07382,0.02672
crops/011_00512_10_a091_10.jpg,011_00512_10_a091,011_00512_10_a091_jpg.rf.00ea2fa83723d3c39dc0cd08398eaeb2.jpg,,3,0,moderate,moderate,0.5686,0.0869,0.30212,0.5686,0.04237
crops/011_00512_10_a091_11.jpg,011_00512_10_a091,011_00512_10_a091_jpg.rf.00ea2fa83723d3c39dc0cd08398eaeb2.jpg,,0,0,no_caries,mild,0.392,0.38967,0.392,0.13369,0.08464
crops/011_00512_10_a091_12.jpg,011_00512_10_a091,011_00512_10_a091_jpg.rf.00ea2fa83723d3c39dc0cd08398eaeb2.jpg,,0,0,no_caries,no_caries,0.3867,0.38669,0.29358,0.16409,0.15564
crops/1013_0.jpg,1013,1013_jpg.rf.bbe127f49e596e249b19c46ea1a87dc1.jpg,,4,0,moderate,advanced,0.6753,0.05181,0.18667,0.0862,0.67532
crops/1013_1.jpg,1013,1013_jpg.rf.bbe127f49e596e249b19c46ea1a87dc1.jpg,,4,0,moderate,advanced,0.6786,0.00649,0.02879,0.28611,0.67861
crops/1013_2.jpg,1013,1013_jpg.rf.bbe127f49e596e249b19c46ea1a87dc1.jpg,,1,0,mild,mild,0.8133,0.04796,0.81326,0.11676,0.02202
crops/1013_3.jpg,1013,1013_jpg.rf.bbe127f49e596e249b19c46ea1a87dc1.jpg,,1,0,mild,advanced,0.4744,0.04656,0.21718,0.26187,0.47438
crops/1013_4.jpg,1013,1013_jpg.rf.bbe127f49e596e249b19c46ea1a87dc1.jpg,,4,0,moderate,advanced,0.8496,0.01087,0.03245,0.10705,0.84963
crops/1013_5.jpg,1013,1013_jpg.rf.bbe127f49e596e249b19c46ea1a87dc1.jpg,,4,0,moderate,advanced,0.9162,0.00277,0.018,0.06304,0.91619
crops/1013_6.jpg,1013,1013_jpg.rf.bbe127f49e596e249b19c46ea1a87dc1.jpg,,2,0,mild,mild,0.7011,0.03047,0.70111,0.15361,0.11481
crops/1013_7.jpg,1013,1013_jpg.rf.bbe127f49e596e249b19c46ea1a87dc1.jpg,,5,0,advanced,mild,0.3891,0.0187,0.38915,0.33493,0.25722
crops/1013_8.jpg,1013,1013_jpg.rf.bbe127f49e596e249b19c46ea1a87dc1.jpg,,6,0,advanced,advanced,0.9251,0.00988,0.04616,0.01884,0.92512
crops/1018_0.jpg,1018,1018_jpg.rf.b1f652a937b55c84a860999c180097e8.jpg,,2,0,mild,mild,0.7836,0.08515,0.78365,0.05341,0.0778
crops/1018_1.jpg,1018,1018_jpg.rf.b1f652a937b55c84a860999c180097e8.jpg,,3,0,moderate,advanced,0.328,0.05896,0.31393,0.29907,0.32805
crops/1018_2.jpg,1018,1018_jpg.rf.b1f652a937b55c84a860999c180097e8.jpg,,5,0,advanced,advanced,0.8796,0.00414,0.01676,0.09946,0.87965
crops/1018_3.jpg,1018,1018_jpg.rf.b1f652a937b55c84a860999c180097e8.jpg,,6,0,advanced,advanced,0.9897,0.00117,0.00459,0.00457,0.98967
crops/1018_4.jpg,1018,1018_jpg.rf.b1f652a937b55c84a860999c180097e8.jpg,,2,0,mild,mild,0.6655,0.15091,0.66554,0.04206,0.14148
crops/1018_5.jpg,1018,1018_jpg.rf.b1f652a937b55c84a860999c180097e8.jpg,,2,0,mild,mild,0.4103,0.16193,0.41028,0.35923,0.06856
crops/1018_6.jpg,1018,1018_jpg.rf.b1f652a937b55c84a860999c180097e8.jpg,,3,0,moderate,moderate,0.7356,0.0254,0.01862,0.73555,0.22042
crops/1039_0.jpg,1039,1039_jpg.rf.ccf2b767f2426a97e6124d7eddfa8927.jpg,,5,0,advanced,mild,0.5935,0.12109,0.59349,0.05894,0.22649
crops/1039_1.jpg,1039,1039_jpg.rf.ccf2b767f2426a97e6124d7eddfa8927.jpg,,0,0,no_caries,mild,0.7263,0.07353,0.72629,0.06928,0.13089
crops/1039_2.jpg,1039,1039_jpg.rf.ccf2b767f2426a97e6124d7eddfa8927.jpg,,0,0,no_caries,mild,0.8066,0.01783,0.80655,0.09582,0.0798
crops/1039_3.jpg,1039,1039_jpg.rf.ccf2b767f2426a97e6124d7eddfa8927.jpg,,0,0,no_caries,no_caries,0.5784,0.57843,0.27929,0.05712,0.08515
crops/1039_4.jpg,1039,1039_jpg.rf.ccf2b767f2426a97e6124d7eddfa8927.jpg,,0,0,no_caries,mild,0.8038,0.15964,0.80377,0.01531,0.02128
crops/1039_5.jpg,1039,1039_jpg.rf.ccf2b767f2426a97e6124d7eddfa8927.jpg,,1,0,mild,mild,0.4802,0.03732,0.4802,0.32069,0.1618
crops/1039_6.jpg,1039,1039_jpg.rf.ccf2b767f2426a97e6124d7eddfa8927.jpg,,0,0,no_caries,mild,0.6094,0.16042,0.60942,0.09613,0.13403
crops/1039_7.jpg,1039,1039_jpg.rf.ccf2b767f2426a97e6124d7eddfa8927.jpg,,6,0,advanced,advanced,0.9796,0.00127,0.00641,0.01273,0.9796
crops/1039_8.jpg,1039,1039_jpg.rf.ccf2b767f2426a97e6124d7eddfa8927.jpg,,0,0,no_caries,mild,0.3369,0.29235,0.33694,0.22395,0.14676
crops/1039_9.jpg,1039,1039_jpg.rf.ccf2b767f2426a97e6124d7eddfa8927.jpg,,0,0,no_caries,mild,0.427,0.35726,0.42695,0.19762,0.01817
crops/1039_10.jpg,1039,1039_jpg.rf.ccf2b767f2426a97e6124d7eddfa8927.jpg,,0,0,no_caries,mild,0.3536,0.336,0.35362,0.26052,0.04985
crops/1039_11.jpg,1039,1039_jpg.rf.ccf2b767f2426a97e6124d7eddfa8927.jpg,,0,0,no_caries,mild,0.7917,0.11932,0.79169,0.05928,0.02971
crops/1039_12.jpg,1039,1039_jpg.rf.ccf2b767f2426a97e6124d7eddfa8927.jpg,,0,0,no_caries,mild,0.4458,0.35852,0.44577,0.09121,0.10449
crops/1039_13.jpg,1039,1039_jpg.rf.ccf2b767f2426a97e6124d7eddfa8927.jpg,,0,0,no_caries,mild,0.4312,0.3993,0.43119,0.1,0.06951
crops/1039_14.jpg,1039,1039_jpg.rf.ccf2b767f2426a97e6124d7eddfa8927.jpg,,0,0,no_caries,moderate,0.5252,0.04769,0.39399,0.52518,0.03314
crops/1039_15.jpg,1039,1039_jpg.rf.ccf2b767f2426a97e6124d7eddfa8927.jpg,,0,0,no_caries,mild,0.4026,0.18144,0.40256,0.35237,0.06363
crops/1039_16.jpg,1039,1039_jpg.rf.ccf2b767f2426a97e6124d7eddfa8927.jpg,,0,0,no_caries,mild,0.4189,0.41448,0.41887,0.1172,0.04945
crops/1039_17.jpg,1039,1039_jpg.rf.ccf2b767f2426a97e6124d7eddfa8927.jpg,,0,0,no_caries,no_caries,0.579,0.57901,0.24522,0.10484,0.07092
crops/1039_18.jpg,1039,1039_jpg.rf.ccf2b767f2426a97e6124d7eddfa8927.jpg,,0,0,no_caries,no_caries,0.4557,0.45568,0.28544,0.15519,0.10369
crops/1184_0.jpg,1184,1184_jpg.rf.9aff2bb54e3d65961d983ad7806a44cb.jpg,,0,0,no_caries,mild,0.8119,0.12688,0.81192,0.04366,0.01754
crops/1184_1.jpg,1184,1184_jpg.rf.9aff2bb54e3d65961d983ad7806a44cb.jpg,,5,0,advanced,moderate,0.5799,0.00287,0.00581,0.57988,0.41145
crops/1184_2.jpg,1184,1184_jpg.rf.9aff2bb54e3d65961d983ad7806a44cb.jpg,,0,0,no_caries,no_caries,0.4511,0.45109,0.44479,0.05641,0.04771
crops/1184_3.jpg,1184,1184_jpg.rf.9aff2bb54e3d65961d983ad7806a44cb.jpg,,0,0,no_caries,no_caries,0.7559,0.75585,0.12646,0.04443,0.07326
crops/1184_4.jpg,1184,1184_jpg.rf.9aff2bb54e3d65961d983ad7806a44cb.jpg,,0,0,no_caries,no_caries,0.7528,0.75281,0.088,0.06495,0.09424
crops/1184_5.jpg,1184,1184_jpg.rf.9aff2bb54e3d65961d983ad7806a44cb.jpg,,0,0,no_caries,no_caries,0.6809,0.68095,0.09971,0.08448,0.13486
crops/1184_6.jpg,1184,1184_jpg.rf.9aff2bb54e3d65961d983ad7806a44cb.jpg,,0,0,no_caries,no_caries,0.6156,0.61559,0.18926,0.11707,0.07808
crops/1184_7.jpg,1184,1184_jpg.rf.9aff2bb54e3d65961d983ad7806a44cb.jpg,,0,0,no_caries,no_caries,0.7175,0.71751,0.14853,0.06925,0.06471
crops/1184_8.jpg,1184,1184_jpg.rf.9aff2bb54e3d65961d983ad7806a44cb.jpg,,0,0,no_caries,no_caries,0.6499,0.64988,0.23288,0.0622,0.05504
crops/1184_9.jpg,1184,1184_jpg.rf.9aff2bb54e3d65961d983ad7806a44cb.jpg,,0,0,no_caries,mild,0.637,0.24999,0.63704,0.07352,0.03945
crops/1225_0.jpg,1225,1225_jpg.rf.29b60dce4fe94ed561437d55bfe78a6b.jpg,,6,0,advanced,advanced,0.9826,0.00081,0.00647,0.01009,0.98263
crops/1225_1.jpg,1225,1225_jpg.rf.29b60dce4fe94ed561437d55bfe78a6b.jpg,,3,0,moderate,moderate,0.8049,0.0318,0.148,0.80491,0.01529
crops/1225_2.jpg,1225,1225_jpg.rf.29b60dce4fe94ed561437d55bfe78a6b.jpg,,3,0,moderate,moderate,0.596,0.00522,0.33017,0.59601,0.06861
crops/1225_3.jpg,1225,1225_jpg.rf.29b60dce4fe94ed561437d55bfe78a6b.jpg,,3,0,moderate,advanced,0.9502,0.0015,0.011,0.03731,0.95018
crops/1225_4.jpg,1225,1225_jpg.rf.29b60dce4fe94ed561437d55bfe78a6b.jpg,,1,0,mild,advanced,0.5446,0.00377,0.05552,0.39613,0.54458
crops/1225_5.jpg,1225,1225_jpg.rf.29b60dce4fe94ed561437d55bfe78a6b.jpg,,5,0,advanced,advanced,0.8771,0.00498,0.02335,0.09458,0.87709
crops/1225_6.jpg,1225,1225_jpg.rf.29b60dce4fe94ed561437d55bfe78a6b.jpg,,3,0,moderate,moderate,0.8132,0.025,0.14717,0.81319,0.01464
crops/1225_7.jpg,1225,1225_jpg.rf.29b60dce4fe94ed561437d55bfe78a6b.jpg,,1,0,mild,mild,0.4373,0.4348,0.43727,0.09455,0.03339
crops/1304_0.jpg,1304,1304_jpg.rf.b25583c05dc3cd4b87294c551df7b525.jpg,,0,0,no_caries,no_caries,0.8288,0.82882,0.04206,0.05004,0.07907
crops/1304_1.jpg,1304,1304_jpg.rf.b25583c05dc3cd4b87294c551df7b525.jpg,,0,0,no_caries,no_caries,0.7205,0.72052,0.15578,0.06884,0.05486
crops/1304_2.jpg,1304,1304_jpg.rf.b25583c05dc3cd4b87294c551df7b525.jpg,,0,0,no_caries,mild,0.707,0.14807,0.70703,0.096,0.0489
crops/1304_3.jpg,1304,1304_jpg.rf.b25583c05dc3cd4b87294c551df7b525.jpg,,5,0,advanced,mild,0.6415,0.13511,0.64149,0.08708,0.13632
crops/1304_4.jpg,1304,1304_jpg.rf.b25583c05dc3cd4b87294c551df7b525.jpg,,0,0,no_caries,mild,0.3919,0.25415,0.39187,0.13052,0.22346
crops/1304_5.jpg,1304,1304_jpg.rf.b25583c05dc3cd4b87294c551df7b525.jpg,,1,0,mild,advanced,0.4253,0.07501,0.2217,0.27801,0.42528
crops/1304_6.jpg,1304,1304_jpg.rf.b25583c05dc3cd4b87294c551df7b525.jpg,,0,0,no_caries,mild,0.4567,0.42997,0.45671,0.05942,0.05391
crops/1304_7.jpg,1304,1304_jpg.rf.b25583c05dc3cd4b87294c551df7b525.jpg,,0,0,no_caries,no_caries,0.5108,0.51075,0.40137,0.03852,0.04935
crops/1304_8.jpg,1304,1304_jpg.rf.b25583c05dc3cd4b87294c551df7b525.jpg,,0,0,no_caries,no_caries,0.7308,0.73076,0.14598,0.0957,0.02755
crops/1304_9.jpg,1304,1304_jpg.rf.b25583c05dc3cd4b87294c551df7b525.jpg,,0,0,no_caries,no_caries,0.59,0.59001,0.19996,0.16624,0.04379
crops/1304_10.jpg,1304,1304_jpg.rf.b25583c05dc3cd4b87294c551df7b525.jpg,,0,0,no_caries,no_caries,0.6059,0.60587,0.26382,0.08611,0.0442
crops/1382_0.jpg,1382,1382_jpg.rf.e6cc0cb7fac1b3b22199fdf289bf17ca.jpg,,0,0,no_caries,mild,0.3757,0.30343,0.37568,0.06619,0.2547
crops/1382_1.jpg,1382,1382_jpg.rf.e6cc0cb7fac1b3b22199fdf289bf17ca.jpg,,0,0,no_caries,moderate,0.3472,0.10319,0.31986,0.34715,0.22979
crops/1382_2.jpg,1382,1382_jpg.rf.e6cc0cb7fac1b3b22199fdf289bf17ca.jpg,,2,0,mild,advanced,0.4471,0.06314,0.16571,0.32405,0.4471
crops/1382_3.jpg,1382,1382_jpg.rf.e6cc0cb7fac1b3b22199fdf289bf17ca.jpg,,0,0,no_caries,no_caries,0.6932,0.69319,0.21086,0.05911,0.03683
crops/1382_4.jpg,1382,1382_jpg.rf.e6cc0cb7fac1b3b22199fdf289bf17ca.jpg,,5,0,advanced,advanced,0.9142,0.00346,0.01391,0.06844,0.91419
crops/1382_5.jpg,1382,1382_jpg.rf.e6cc0cb7fac1b3b22199fdf289bf17ca.jpg,,0,0,no_caries,moderate,0.3758,0.24433,0.31735,0.37576,0.06256
crops/1382_6.jpg,1382,1382_jpg.rf.e6cc0cb7fac1b3b22199fdf289bf17ca.jpg,,4,0,moderate,mild,0.6894,0.1944,0.6894,0.10569,0.01051
crops/1382_7.jpg,1382,1382_jpg.rf.e6cc0cb7fac1b3b22199fdf289bf17ca.jpg,,6,0,advanced,advanced,0.9702,0.00495,0.01353,0.01127,0.97024
crops/1382_8.jpg,1382,1382_jpg.rf.e6cc0cb7fac1b3b22199fdf289bf17ca.jpg,,0,0,no_caries,no_caries,0.3705,0.37055,0.2965,0.29825,0.0347
crops/1400_0.jpg,1400,1400_jpg.rf.77139d7bfffbacd20f87e5bd7881fcdf.jpg,,5,0,advanced,advanced,0.9595,0.00741,0.02019,0.01293,0.95947
crops/1400_1.jpg,1400,1400_jpg.rf.77139d7bfffbacd20f87e5bd7881fcdf.jpg,,5,0,advanced,advanced,0.9201,0.01239,0.05808,0.00946,0.92007
crops/1400_2.jpg,1400,1400_jpg.rf.77139d7bfffbacd20f87e5bd7881fcdf.jpg,,5,0,advanced,advanced,0.9695,0.00681,0.00862,0.01504,0.96953
crops/1400_3.jpg,1400,1400_jpg.rf.77139d7bfffbacd20f87e5bd7881fcdf.jpg,,4,0,moderate,mild,0.6149,0.12516,0.61485,0.09478,0.16521
crops/1400_4.jpg,1400,1400_jpg.rf.77139d7bfffbacd20f87e5bd7881fcdf.jpg,,0,0,no_caries,no_caries,0.7962,0.79619,0.05964,0.10799,0.03618
crops/1400_5.jpg,1400,1400_jpg.rf.77139d7bfffbacd20f87e5bd7881fcdf.jpg,,0,0,no_caries,no_caries,0.8302,0.83015,0.0307,0.10132,0.03784
crops/1400_6.jpg,1400,1400_jpg.rf.77139d7bfffbacd20f87e5bd7881fcdf.jpg,,0,0,no_caries,no_caries,0.83,0.82995,0.04968,0.08348,0.03688
crops/1409_0.jpg,1409,1409_jpg.rf.04e78b53be3eed0bbf7910d4ee005704.jpg,,1,0,mild,mild,0.4448,0.37288,0.44483,0.09162,0.09067
crops/1409_1.jpg,1409,1409_jpg.rf.04e78b53be3eed0bbf7910d4ee005704.jpg,,0,0,no_caries,no_caries,0.5807,0.58066,0.24334,0.10931,0.0667
crops/1409_2.jpg,1409,1409_jpg.rf.04e78b53be3eed0bbf7910d4ee005704.jpg,,5,0,advanced,mild,0.5986,0.05894,0.59856,0.1877,0.15479
crops/1409_3.jpg,1409,1409_jpg.rf.04e78b53be3eed0bbf7910d4ee005704.jpg,,2,0,mild,no_caries,0.5406,0.54062,0.34384,0.05194,0.0636
crops/1409_4.jpg,1409,1409_jpg.rf.04e78b53be3eed0bbf7910d4ee005704.jpg,,2,0,mild,mild,0.7472,0.11059,0.74723,0.06272,0.07947
crops/1409_5.jpg,1409,1409_jpg.rf.04e78b53be3eed0bbf7910d4ee005704.jpg,,0,0,no_caries,no_caries,0.6201,0.6201,0.22019,0.0783,0.08141
crops/1409_6.jpg,1409,1409_jpg.rf.04e78b53be3eed0bbf7910d4ee005704.jpg,,0,0,no_caries,no_caries,0.6353,0.63535,0.25931,0.04302,0.06233
crops/1409_7.jpg,1409,1409_jpg.rf.04e78b53be3eed0bbf7910d4ee005704.jpg,,0,0,no_caries,no_caries,0.5406,0.54059,0.33696,0.06909,0.05335
crops/1409_8.jpg,1409,1409_jpg.rf.04e78b53be3eed0bbf7910d4ee005704.jpg,,5,0,advanced,mild,0.478,0.03296,0.478,0.16653,0.3225
crops/1409_9.jpg,1409,1409_jpg.rf.04e78b53be3eed0bbf7910d4ee005704.jpg,,1,0,mild,mild,0.5501,0.35874,0.55014,0.02676,0.06436
crops/1409_10.jpg,1409,1409_jpg.rf.04e78b53be3eed0bbf7910d4ee005704.jpg,,2,0,mild,advanced,0.6489,0.02212,0.16791,0.16106,0.64891
crops/1409_11.jpg,1409,1409_jpg.rf.04e78b53be3eed0bbf7910d4ee005704.jpg,,2,0,mild,mild,0.7027,0.12396,0.70274,0.06899,0.10431
crops/1409_12.jpg,1409,1409_jpg.rf.04e78b53be3eed0bbf7910d4ee005704.jpg,,2,0,mild,no_caries,0.7058,0.70583,0.18598,0.06658,0.04161
crops/1409_13.jpg,1409,1409_jpg.rf.04e78b53be3eed0bbf7910d4ee005704.jpg,,0,0,no_caries,mild,0.5043,0.31645,0.50431,0.07899,0.10025
crops/1413_0.jpg,1413,1413_jpg.rf.c2f98ee659f11c0a795d5abc6f8a1010.jpg,,6,0,advanced,advanced,0.9781,0.00104,0.01156,0.00934,0.97806
crops/1413_1.jpg,1413,1413_jpg.rf.c2f98ee659f11c0a795d5abc6f8a1010.jpg,,6,0,advanced,advanced,0.9568,0.00131,0.0269,0.01499,0.95681
crops/1413_2.jpg,1413,1413_jpg.rf.c2f98ee659f11c0a795d5abc6f8a1010.jpg,,6,0,advanced,advanced,0.8246,0.02491,0.11435,0.03618,0.82455
crops/1413_3.jpg,1413,1413_jpg.rf.c2f98ee659f11c0a795d5abc6f8a1010.jpg,,6,0,advanced,advanced,0.5963,0.0606,0.29161,0.05145,0.59634
crops/1413_4.jpg,1413,1413_jpg.rf.c2f98ee659f11c0a795d5abc6f8a1010.jpg,,4,0,moderate,advanced,0.8833,0.01903,0.08325,0.01438,0.88334
crops/1413_5.jpg,1413,1413_jpg.rf.c2f98ee659f11c0a795d5abc6f8a1010.jpg,,3,0,moderate,advanced,0.5413,0.01936,0.38442,0.05491,0.54131
crops/1413_6.jpg,1413,1413_jpg.rf.c2f98ee659f11c0a795d5abc6f8a1010.jpg,,0,0,no_caries,no_caries,0.6513,0.65131,0.16141,0.0851,0.10218
crops/1413_7.jpg,1413,1413_jpg.rf.c2f98ee659f11c0a795d5abc6f8a1010.jpg,,2,0,mild,mild,0.5536,0.349,0.55359,0.03914,0.05827
crops/1413_8.jpg,1413,1413_jpg.rf.c2f98ee659f11c0a795d5abc6f8a1010.jpg,,2,0,mild,no_caries,0.469,0.46899,0.45043,0.03572,0.04486
crops/1413_9.jpg,1413,1413_jpg.rf.c2f98ee659f11c0a795d5abc6f8a1010.jpg,,0,0,no_caries,no_caries,0.6837,0.68368,0.07507,0.19507,0.04618
crops/1413_10.jpg,1413,1413_jpg.rf.c2f98ee659f11c0a795d5abc6f8a1010.jpg,,0,0,no_caries,no_caries,0.7826,0.78255,0.06051,0.11796,0.03898
crops/1413_11.jpg,1413,1413_jpg.rf.c2f98ee659f11c0a795d5abc6f8a1010.jpg,,0,0,no_caries,no_caries,0.7362,0.73617,0.07403,0.13927,0.05053
crops/1413_12.jpg,1413,1413_jpg.rf.c2f98ee659f11c0a795d5abc6f8a1010.jpg,,0,0,no_caries,no_caries,0.7435,0.74346,0.07292,0.13175,0.05187
crops/1413_13.jpg,1413,1413_jpg.rf.c2f98ee659f11c0a795d5abc6f8a1010.jpg,,4,0,moderate,no_caries,0.3705,0.3705,0.18602,0.31001,0.13347
crops/1422_0.jpg,1422,1422_jpg.rf.810d6f94f8cb98b2df7bfb00abe473e8.jpg,,5,0,advanced,advanced,0.9417,0.00244,0.02189,0.03398,0.94169
crops/1422_1.jpg,1422,1422_jpg.rf.810d6f94f8cb98b2df7bfb00abe473e8.jpg,,6,0,advanced,advanced,0.9837,0.00086,0.00345,0.01203,0.98366
crops/1422_2.jpg,1422,1422_jpg.rf.810d6f94f8cb98b2df7bfb00abe473e8.jpg,,0,0,no_caries,advanced,0.7783,0.01104,0.08542,0.12523,0.77831
crops/1422_3.jpg,1422,1422_jpg.rf.810d6f94f8cb98b2df7bfb00abe473e8.jpg,,2,0,mild,moderate,0.4607,0.17376,0.19325,0.46074,0.17226
crops/1626_0.jpg,1626,1626_jpg.rf.9db3f794917533740096ccad45bd8f3c.jpg,,0,0,no_caries,no_caries,0.6849,0.68495,0.19041,0.0789,0.04575
crops/1626_1.jpg,1626,1626_jpg.rf.9db3f794917533740096ccad45bd8f3c.jpg,,0,0,no_caries,no_caries,0.5281,0.52807,0.38677,0.05894,0.02622
crops/1626_2.jpg,1626,1626_jpg.rf.9db3f794917533740096ccad45bd8f3c.jpg,,0,0,no_caries,no_caries,0.5825,0.58254,0.2898,0.06163,0.06603
crops/1626_3.jpg,1626,1626_jpg.rf.9db3f794917533740096ccad45bd8f3c.jpg,,0,0,no_caries,mild,0.8351,0.08095,0.83513,0.03282,0.05109
crops/1626_4.jpg,1626,1626_jpg.rf.9db3f794917533740096ccad45bd8f3c.jpg,,0,0,no_caries,mild,0.4923,0.36499,0.49233,0.0772,0.06549
crops/1626_5.jpg,1626,1626_jpg.rf.9db3f794917533740096ccad45bd8f3c.jpg,,0,0,no_caries,no_caries,0.5223,0.52233,0.386,0.03926,0.05242
crops/1626_6.jpg,1626,1626_jpg.rf.9db3f794917533740096ccad45bd8f3c.jpg,,0,0,no_caries,no_caries,0.5819,0.58188,0.3417,0.02839,0.04803
crops/1626_7.jpg,1626,1626_jpg.rf.9db3f794917533740096ccad45bd8f3c.jpg,,0,0,no_caries,mild,0.6534,0.11812,0.65338,0.09739,0.13112
crops/1736_0.jpg,1736,1736_jpg.rf.3f29f927f62880cd64fd8a96d743467e.jpg,,5,0,advanced,advanced,0.5091,0.01644,0.04001,0.43444,0.50911
crops/1736_1.jpg,1736,1736_jpg.rf.3f29f927f62880cd64fd8a96d743467e.jpg,,5,0,advanced,advanced,0.7461,0.00126,0.01138,0.24129,0.74608
crops/1736_2.jpg,1736,1736_jpg.rf.3f29f927f62880cd64fd8a96d743467e.jpg,,3,0,moderate,advanced,0.6059,0.0061,0.01835,0.36969,0.60587
crops/1736_3.jpg,1736,1736_jpg.rf.3f29f927f62880cd64fd8a96d743467e.jpg,,4,0,moderate,moderate,0.6559,0.00529,0.02415,0.65592,0.31464
crops/1736_4.jpg,1736,1736_jpg.rf.3f29f927f62880cd64fd8a96d743467e.jpg,,2,0,mild,advanced,0.773,0.01181,0.15328,0.06194,0.77297
crops/1736_5.jpg,1736,1736_jpg.rf.3f29f927f62880cd64fd8a96d743467e.jpg,,2,0,mild,advanced,0.719,0.04612,0.09683,0.13804,0.719
crops/1823_0.jpg,1823,1823_jpg.rf.ba64fa223ad2f563305a0bbb906f9411.jpg,,6,0,advanced,advanced,0.7832,0.02278,0.03927,0.15475,0.7832
crops/1823_1.jpg,1823,1823_jpg.rf.ba64fa223ad2f563305a0bbb906f9411.jpg,,2,0,mild,advanced,0.695,0.05629,0.20501,0.04369,0.69501
crops/1823_2.jpg,1823,1823_jpg.rf.ba64fa223ad2f563305a0bbb906f9411.jpg,,1,0,mild,mild,0.5572,0.35782,0.55716,0.05357,0.03145
crops/1823_3.jpg,1823,1823_jpg.rf.ba64fa223ad2f563305a0bbb906f9411.jpg,,5,0,advanced,advanced,0.6991,0.02712,0.14596,0.12786,0.69905
crops/1823_4.jpg,1823,1823_jpg.rf.ba64fa223ad2f563305a0bbb906f9411.jpg,,1,0,mild,moderate,0.4099,0.01437,0.28999,0.40995,0.28569
crops/1823_5.jpg,1823,1823_jpg.rf.ba64fa223ad2f563305a0bbb906f9411.jpg,,1,0,mild,no_caries,0.3761,0.37608,0.30766,0.1339,0.18236
crops/1823_6.jpg,1823,1823_jpg.rf.ba64fa223ad2f563305a0bbb906f9411.jpg,,1,0,mild,mild,0.4739,0.3397,0.47394,0.11325,0.0731
crops/1823_7.jpg,1823,1823_jpg.rf.ba64fa223ad2f563305a0bbb906f9411.jpg,,1,0,mild,no_caries,0.2918,0.29184,0.27439,0.20312,0.23065
crops/1823_8.jpg,1823,1823_jpg.rf.ba64fa223ad2f563305a0bbb906f9411.jpg,,1,0,mild,no_caries,0.5808,0.58083,0.28257,0.08658,0.05002
crops/1823_9.jpg,1823,1823_jpg.rf.ba64fa223ad2f563305a0bbb906f9411.jpg,,0,0,no_caries,no_caries,0.7428,0.74275,0.05785,0.14335,0.05605
crops/1823_10.jpg,1823,1823_jpg.rf.ba64fa223ad2f563305a0bbb906f9411.jpg,,0,0,no_caries,no_caries,0.5605,0.56048,0.28213,0.13044,0.02695
crops/1823_11.jpg,1823,1823_jpg.rf.ba64fa223ad2f563305a0bbb906f9411.jpg,,1,0,mild,no_caries,0.4995,0.49945,0.30834,0.11941,0.0728
crops/1823_12.jpg,1823,1823_jpg.rf.ba64fa223ad2f563305a0bbb906f9411.jpg,,0,0,no_caries,no_caries,0.7692,0.76922,0.08741,0.08724,0.05613
crops/1840_0.jpg,1840,1840_jpg.rf.bc91e365762e4b9a7f4172d6d654d0bd.jpg,,2,0,mild,mild,0.6713,0.09116,0.67127,0.11706,0.12051
crops/1840_1.jpg,1840,1840_jpg.rf.bc91e365762e4b9a7f4172d6d654d0bd.jpg,,3,0,moderate,advanced,0.5666,0.01169,0.34997,0.07171,0.56663
crops/1840_2.jpg,1840,1840_jpg.rf.bc91e365762e4b9a7f4172d6d654d0bd.jpg,,3,0,moderate,advanced,0.9106,0.00168,0.03507,0.05269,0.91056
crops/1840_3.jpg,1840,1840_jpg.rf.bc91e365762e4b9a7f4172d6d654d0bd.jpg,,4,0,moderate,advanced,0.8444,0.00725,0.07883,0.06948,0.84443
crops/1840_4.jpg,1840,1840_jpg.rf.bc91e365762e4b9a7f4172d6d654d0bd.jpg,,4,0,moderate,advanced,0.8554,0.00717,0.07948,0.05793,0.85542
crops/1840_5.jpg,1840,1840_jpg.rf.bc91e365762e4b9a7f4172d6d654d0bd.jpg,,3,0,moderate,advanced,0.9446,0.00237,0.02134,0.0317,0.94459
crops/1840_6.jpg,1840,1840_jpg.rf.bc91e365762e4b9a7f4172d6d654d0bd.jpg,,2,0,mild,mild,0.7322,0.04552,0.73224,0.09837,0.12387
crops/1840_7.jpg,1840,1840_jpg.rf.bc91e365762e4b9a7f4172d6d654d0bd.jpg,,2,0,mild,mild,0.5081,0.11583,0.50808,0.34208,0.034
crops/1840_8.jpg,1840,1840_jpg.rf.bc91e365762e4b9a7f4172d6d654d0bd.jpg,,3,0,moderate,moderate,0.3022,0.16445,0.28973,0.30217,0.24365
crops/1845_0.jpg,1845,1845_jpg.rf.9c36c72fe02ae286ccba42be73a4a2db.jpg,,4,0,moderate,mild,0.6021,0.04273,0.6021,0.11522,0.23995
crops/1845_1.jpg,1845,1845_jpg.rf.9c36c72fe02ae286ccba42be73a4a2db.jpg,,4,0,moderate,advanced,0.8088,0.00425,0.02209,0.16486,0.80879
crops/1845_2.jpg,1845,1845_jpg.rf.9c36c72fe02ae286ccba42be73a4a2db.jpg,,2,0,mild,mild,0.5047,0.16948,0.50469,0.25213,0.07369
crops/1845_3.jpg,1845,1845_jpg.rf.9c36c72fe02ae286ccba42be73a4a2db.jpg,,0,0,no_caries,mild,0.6565,0.07937,0.65648,0.24428,0.01986
crops/1845_4.jpg,1845,1845_jpg.rf.9c36c72fe02ae286ccba42be73a4a2db.jpg,,0,0,no_caries,mild,0.3871,0.26197,0.38707,0.31779,0.03318
crops/1845_5.jpg,1845,1845_jpg.rf.9c36c72fe02ae286ccba42be73a4a2db.jpg,,1,0,mild,no_caries,0.3534,0.35343,0.35284,0.19355,0.10019
crops/1845_6.jpg,1845,1845_jpg.rf.9c36c72fe02ae286ccba42be73a4a2db.jpg,,0,0,no_caries,mild,0.422,0.25658,0.422,0.19109,0.13032
crops/1845_7.jpg,1845,1845_jpg.rf.9c36c72fe02ae286ccba42be73a4a2db.jpg,,0,0,no_caries,mild,0.484,0.14107,0.48401,0.13617,0.23874
crops/1845_8.jpg,1845,1845_jpg.rf.9c36c72fe02ae286ccba42be73a4a2db.jpg,,0,0,no_caries,mild,0.4417,0.31963,0.44166,0.15496,0.08375
crops/1845_9.jpg,1845,1845_jpg.rf.9c36c72fe02ae286ccba42be73a4a2db.jpg,,0,0,no_caries,moderate,0.3635,0.20006,0.18576,0.36347,0.25072
crops/1845_10.jpg,1845,1845_jpg.rf.9c36c72fe02ae286ccba42be73a4a2db.jpg,,1,0,mild,mild,0.3842,0.3072,0.38418,0.15049,0.15813
crops/1845_11.jpg,1845,1845_jpg.rf.9c36c72fe02ae286ccba42be73a4a2db.jpg,,1,0,mild,mild,0.5954,0.15944,0.59542,0.2031,0.04204
crops/1845_12.jpg,1845,1845_jpg.rf.9c36c72fe02ae286ccba42be73a4a2db.jpg,,1,0,mild,mild,0.4173,0.36217,0.41734,0.16989,0.0506
crops/1845_13.jpg,1845,1845_jpg.rf.9c36c72fe02ae286ccba42be73a4a2db.jpg,,4,0,moderate,moderate,0.7447,0.01598,0.18398,0.7447,0.05533
crops/1845_14.jpg,1845,1845_jpg.rf.9c36c72fe02ae286ccba42be73a4a2db.jpg,,3,0,moderate,advanced,0.5513,0.02271,0.32427,0.10171,0.55131
crops/1845_15.jpg,1845,1845_jpg.rf.9c36c72fe02ae286ccba42be73a4a2db.jpg,,6,0,advanced,advanced,0.9247,0.00135,0.00754,0.06645,0.92467
crops/1845_16.jpg,1845,1845_jpg.rf.9c36c72fe02ae286ccba42be73a4a2db.jpg,,0,0,no_caries,mild,0.6039,0.28772,0.60386,0.0753,0.03312
crops/1845_17.jpg,1845,1845_jpg.rf.9c36c72fe02ae286ccba42be73a4a2db.jpg,,0,0,no_caries,no_caries,0.6065,0.60653,0.15604,0.18159,0.05584
crops/1845_18.jpg,1845,1845_jpg.rf.9c36c72fe02ae286ccba42be73a4a2db.jpg,,0,0,no_caries,moderate,0.4466,0.06387,0.33097,0.44665,0.15851
crops/1845_19.jpg,1845,1845_jpg.rf.9c36c72fe02ae286ccba42be73a4a2db.jpg,,2,0,mild,mild,0.6184,0.10223,0.61844,0.14529,0.13404
crops/1845_20.jpg,1845,1845_jpg.rf.9c36c72fe02ae286ccba42be73a4a2db.jpg,,2,0,mild,mild,0.638,0.24457,0.63795,0.08539,0.03209
crops/1857_0.jpg,1857,1857_jpg.rf.b5ae23a5e068eae51e55a89dfde26fa8.jpg,,6,0,advanced,advanced,0.949,0.00162,0.01118,0.03823,0.94897
crops/1857_1.jpg,1857,1857_jpg.rf.b5ae23a5e068eae51e55a89dfde26fa8.jpg,,6,0,advanced,advanced,0.7892,0.00439,0.10668,0.09976,0.78918
crops/1857_2.jpg,1857,1857_jpg.rf.b5ae23a5e068eae51e55a89dfde26fa8.jpg,,6,0,advanced,advanced,0.9187,0.0022,0.02943,0.04961,0.91875
crops/1857_3.jpg,1857,1857_jpg.rf.b5ae23a5e068eae51e55a89dfde26fa8.jpg,,6,0,advanced,advanced,0.9535,0.00174,0.02166,0.02306,0.95353
crops/1857_4.jpg,1857,1857_jpg.rf.b5ae23a5e068eae51e55a89dfde26fa8.jpg,,2,0,mild,no_caries,0.5104,0.5104,0.26218,0.08059,0.14682
crops/1857_5.jpg,1857,1857_jpg.rf.b5ae23a5e068eae51e55a89dfde26fa8.jpg,,1,0,mild,no_caries,0.6484,0.64836,0.15839,0.09633,0.09692
crops/1857_6.jpg,1857,1857_jpg.rf.b5ae23a5e068eae51e55a89dfde26fa8.jpg,,0,0,no_caries,mild,0.5009,0.36653,0.50094,0.10337,0.02917
crops/1857_7.jpg,1857,1857_jpg.rf.b5ae23a5e068eae51e55a89dfde26fa8.jpg,,0,0,no_caries,no_caries,0.4503,0.45033,0.2643,0.13672,0.14865
crops/1857_8.jpg,1857,1857_jpg.rf.b5ae23a5e068eae51e55a89dfde26fa8.jpg,,0,0,no_caries,no_caries,0.3775,0.37754,0.11624,0.35686,0.14935
crops/1857_9.jpg,1857,1857_jpg.rf.b5ae23a5e068eae51e55a89dfde26fa8.jpg,,0,0,no_caries,no_caries,0.5736,0.57358,0.08057,0.31565,0.0302
crops/1857_10.jpg,1857,1857_jpg.rf.b5ae23a5e068eae51e55a89dfde26fa8.jpg,,3,0,moderate,moderate,0.4535,0.40826,0.09743,0.45352,0.0408
crops/1857_11.jpg,1857,1857_jpg.rf.b5ae23a5e068eae51e55a89dfde26fa8.jpg,,0,0,no_caries,moderate,0.5993,0.04612,0.22647,0.59927,0.12814
crops/1857_12.jpg,1857,1857_jpg.rf.b5ae23a5e068eae51e55a89dfde26fa8.jpg,,0,0,no_caries,mild,0.5674,0.09458,0.56736,0.28816,0.04989
crops/1857_13.jpg,1857,1857_jpg.rf.b5ae23a5e068eae51e55a89dfde26fa8.jpg,,0,0,no_caries,no_caries,0.4035,0.40354,0.35795,0.16224,0.07627
crops/351_0.jpg,351,351_jpg.rf.94653fb84ad780b0cf4ae6e823db612a.jpg,,6,0,advanced,advanced,0.906,0.00461,0.00882,0.08052,0.90604
crops/351_1.jpg,351,351_jpg.rf.94653fb84ad780b0cf4ae6e823db612a.jpg,,6,0,advanced,advanced,0.8728,0.00546,0.02434,0.0974,0.8728
crops/351_2.jpg,351,351_jpg.rf.94653fb84ad780b0cf4ae6e823db612a.jpg,,5,0,advanced,advanced,0.6213,0.08326,0.1063,0.18914,0.6213
crops/351_3.jpg,351,351_jpg.rf.94653fb84ad780b0cf4ae6e823db612a.jpg,,0,0,no_caries,no_caries,0.6205,0.62053,0.07678,0.18452,0.11816
crops/351_4.jpg,351,351_jpg.rf.94653fb84ad780b0cf4ae6e823db612a.jpg,,1,0,mild,mild,0.3634,0.29713,0.36342,0.22198,0.11746
crops/351_5.jpg,351,351_jpg.rf.94653fb84ad780b0cf4ae6e823db612a.jpg,,1,0,mild,no_caries,0.5243,0.52432,0.12075,0.27246,0.08247
crops/351_6.jpg,351,351_jpg.rf.94653fb84ad780b0cf4ae6e823db612a.jpg,,0,0,no_caries,no_caries,0.4647,0.46467,0.25683,0.21515,0.06335
crops/351_7.jpg,351,351_jpg.rf.94653fb84ad780b0cf4ae6e823db612a.jpg,,0,0,no_caries,no_caries,0.6333,0.6333,0.18739,0.11818,0.06113
crops/351_8.jpg,351,351_jpg.rf.94653fb84ad780b0cf4ae6e823db612a.jpg,,0,0,no_caries,no_caries,0.3722,0.37222,0.30399,0.20513,0.11866
crops/351_9.jpg,351,351_jpg.rf.94653fb84ad780b0cf4ae6e823db612a.jpg,,0,0,no_caries,no_caries,0.7973,0.79729,0.07717,0.07425,0.0513
crops/351_10.jpg,351,351_jpg.rf.94653fb84ad780b0cf4ae6e823db612a.jpg,,0,0,no_caries,no_caries,0.3976,0.39762,0.22797,0.33954,0.03487
crops/351_11.jpg,351,351_jpg.rf.94653fb84ad780b0cf4ae6e823db612a.jpg,,0,0,no_caries,no_caries,0.4627,0.46273,0.34788,0.14206,0.04732
crops/352_0.jpg,352,352_jpg.rf.2d2910ff97b47dc2e193e7209e65ce2b.jpg,,4,0,moderate,moderate,0.352,0.07877,0.24748,0.35205,0.3217
crops/352_1.jpg,352,352_jpg.rf.2d2910ff97b47dc2e193e7209e65ce2b.jpg,,4,0,moderate,mild,0.635,0.09733,0.63501,0.24283,0.02483
crops/352_2.jpg,352,352_jpg.rf.2d2910ff97b47dc2e193e7209e65ce2b.jpg,,4,0,moderate,mild,0.5842,0.18964,0.58419,0.17005,0.05611
crops/352_3.jpg,352,352_jpg.rf.2d2910ff97b47dc2e193e7209e65ce2b.jpg,,4,0,moderate,mild,0.6381,0.28238,0.6381,0.04886,0.03065
crops/352_4.jpg,352,352_jpg.rf.2d2910ff97b47dc2e193e7209e65ce2b.jpg,,4,0,moderate,mild,0.88,0.06345,0.88001,0.03813,0.01841
crops/352_5.jpg,352,352_jpg.rf.2d2910ff97b47dc2e193e7209e65ce2b.jpg,,4,0,moderate,advanced,0.5269,0.00984,0.24387,0.21934,0.52694
crops/352_6.jpg,352,352_jpg.rf.2d2910ff97b47dc2e193e7209e65ce2b.jpg,,4,0,moderate,advanced,0.8784,0.00298,0.03291,0.08566,0.87844
crops/352_7.jpg,352,352_jpg.rf.2d2910ff97b47dc2e193e7209e65ce2b.jpg,,5,0,advanced,advanced,0.9064,0.00172,0.01734,0.07452,0.90642
crops/352_8.jpg,352,352_jpg.rf.2d2910ff97b47dc2e193e7209e65ce2b.jpg,,4,0,moderate,advanced,0.5517,0.01799,0.37224,0.05805,0.55173
crops/352_9.jpg,352,352_jpg.rf.2d2910ff97b47dc2e193e7209e65ce2b.jpg,,6,0,advanced,advanced,0.9359,0.00378,0.01367,0.04661,0.93595
crops/352_10.jpg,352,352_jpg.rf.2d2910ff97b47dc2e193e7209e65ce2b.jpg,,2,0,mild,mild,0.5196,0.06582,0.51961,0.19038,0.22419
crops/352_11.jpg,352,352_jpg.rf.2d2910ff97b47dc2e193e7209e65ce2b.jpg,,3,0,moderate,moderate,0.7812,0.04492,0.15274,0.7812,0.02114
crops/352_12.jpg,352,352_jpg.rf.2d2910ff97b47dc2e193e7209e65ce2b.jpg,,3,0,moderate,moderate,0.603,0.05277,0.2675,0.60301,0.07671
crops/352_13.jpg,352,352_jpg.rf.2d2910ff97b47dc2e193e7209e65ce2b.jpg,,6,0,advanced,advanced,0.6441,0.03151,0.28753,0.03684,0.64412
crops/352_14.jpg,352,352_jpg.rf.2d2910ff97b47dc2e193e7209e65ce2b.jpg,,2,0,mild,mild,0.5305,0.27431,0.53054,0.10583,0.08931
crops/404_0.jpg,404,404_jpg.rf.746473fc7ad52f47d72db5c474f2c6c5.jpg,,6,0,advanced,advanced,0.8822,0.00042,0.00796,0.10944,0.88218
crops/404_1.jpg,404,404_jpg.rf.746473fc7ad52f47d72db5c474f2c6c5.jpg,,3,0,moderate,moderate,0.6361,0.00268,0.02711,0.63613,0.33408
crops/404_2.jpg,404,404_jpg.rf.746473fc7ad52f47d72db5c474f2c6c5.jpg,,5,0,advanced,mild,0.5309,0.15501,0.53092,0.11263,0.20145
crops/404_3.jpg,404,404_jpg.rf.746473fc7ad52f47d72db5c474f2c6c5.jpg,,3,0,moderate,advanced,0.3637,0.03137,0.31443,0.29045,0.36375
crops/404_4.jpg,404,404_jpg.rf.746473fc7ad52f47d72db5c474f2c6c5.jpg,,6,0,advanced,advanced,0.8898,0.0049,0.06811,0.03717,0.88982
crops/404_5.jpg,404,404_jpg.rf.746473fc7ad52f47d72db5c474f2c6c5.jpg,,5,0,advanced,mild,0.7265,0.03027,0.72647,0.09181,0.15145
crops/404_6.jpg,404,404_jpg.rf.746473fc7ad52f47d72db5c474f2c6c5.jpg,,3,0,moderate,mild,0.7676,0.09627,0.76758,0.08456,0.05159
crops/404_7.jpg,404,404_jpg.rf.746473fc7ad52f47d72db5c474f2c6c5.jpg,,0,0,no_caries,no_caries,0.6758,0.6758,0.17859,0.0889,0.05671
crops/404_8.jpg,404,404_jpg.rf.746473fc7ad52f47d72db5c474f2c6c5.jpg,,0,0,no_caries,no_caries,0.3702,0.37024,0.21938,0.35601,0.05436
crops/404_9.jpg,404,404_jpg.rf.746473fc7ad52f47d72db5c474f2c6c5.jpg,,0,0,no_caries,advanced,0.3951,0.02856,0.30812,0.26826,0.39505
crops/404_10.jpg,404,404_jpg.rf.746473fc7ad52f47d72db5c474f2c6c5.jpg,,0,0,no_caries,mild,0.6312,0.22578,0.63117,0.09201,0.05103
crops/404_11.jpg,404,404_jpg.rf.746473fc7ad52f47d72db5c474f2c6c5.jpg,,3,0,moderate,mild,0.4089,0.31584,0.4089,0.24198,0.03328
crops/404_12.jpg,404,404_jpg.rf.746473fc7ad52f47d72db5c474f2c6c5.jpg,,3,0,moderate,no_caries,0.6316,0.63157,0.18445,0.12533,0.05865
crops/437_0.jpg,437,437_jpg.rf.ba49cb3f03103a00e5ac202c2a95c233.jpg,,5,0,advanced,mild,0.7785,0.11366,0.77849,0.03139,0.07646
crops/437_1.jpg,437,437_jpg.rf.ba49cb3f03103a00e5ac202c2a95c233.jpg,,5,0,advanced,advanced,0.9271,0.01548,0.03526,0.02215,0.92711
crops/437_2.jpg,437,437_jpg.rf.ba49cb3f03103a00e5ac202c2a95c233.jpg,,5,0,advanced,advanced,0.9776,0.0025,0.00907,0.01085,0.97759
crops/437_3.jpg,437,437_jpg.rf.ba49cb3f03103a00e5ac202c2a95c233.jpg,,5,0,advanced,advanced,0.8621,0.00737,0.03676,0.09381,0.86206
crops/437_4.jpg,437,437_jpg.rf.ba49cb3f03103a00e5ac202c2a95c233.jpg,,0,0,no_caries,no_caries,0.6724,0.67244,0.19505,0.11045,0.02206
crops/437_5.jpg,437,437_jpg.rf.ba49cb3f03103a00e5ac202c2a95c233.jpg,,0,0,no_caries,no_caries,0.3708,0.37084,0.2911,0.14717,0.19089
crops/437_6.jpg,437,437_jpg.rf.ba49cb3f03103a00e5ac202c2a95c233.jpg,,0,0,no_caries,no_caries,0.7822,0.78225,0.05475,0.11572,0.04728
crops/437_7.jpg,437,437_jpg.rf.ba49cb3f03103a00e5ac202c2a95c233.jpg,,0,0,no_caries,no_caries,0.7918,0.79182,0.06982,0.08809,0.05027
crops/437_8.jpg,437,437_jpg.rf.ba49cb3f03103a00e5ac202c2a95c233.jpg,,0,0,no_caries,no_caries,0.8058,0.80579,0.06809,0.0918,0.03432
crops/437_9.jpg,437,437_jpg.rf.ba49cb3f03103a00e5ac202c2a95c233.jpg,,0,0,no_caries,no_caries,0.7403,0.74028,0.02246,0.14485,0.09241
crops/452_0.jpg,452,452_jpg.rf.95ece85baa35089349895de3f21fb17f.jpg,,3,0,moderate,moderate,0.9898,0.0001,0.00198,0.98983,0.0081
crops/452_1.jpg,452,452_jpg.rf.95ece85baa35089349895de3f21fb17f.jpg,,0,0,no_caries,no_caries,0.4371,0.43708,0.31112,0.19631,0.05549
crops/452_2.jpg,452,452_jpg.rf.95ece85baa35089349895de3f21fb17f.jpg,,2,0,mild,mild,0.3295,0.18127,0.32947,0.32372,0.16553
crops/452_3.jpg,452,452_jpg.rf.95ece85baa35089349895de3f21fb17f.jpg,,0,0,no_caries,no_caries,0.6348,0.63479,0.14376,0.13919,0.08226
crops/452_4.jpg,452,452_jpg.rf.95ece85baa35089349895de3f21fb17f.jpg,,0,0,no_caries,no_caries,0.6042,0.60415,0.04992,0.27583,0.0701
crops/499_0.jpg,499,499_jpg.rf.393a39eb5169425da9b34de9247788cb.jpg,,2,0,mild,no_caries,0.4036,0.40362,0.26399,0.18062,0.15178
crops/499_1.jpg,499,499_jpg.rf.393a39eb5169425da9b34de9247788cb.jpg,,2,0,mild,moderate,0.4688,0.06512,0.3615,0.46877,0.10462
crops/499_2.jpg,499,499_jpg.rf.393a39eb5169425da9b34de9247788cb.jpg,,5,0,advanced,advanced,0.7251,0.00151,0.03926,0.23416,0.72507
crops/499_3.jpg,499,499_jpg.rf.393a39eb5169425da9b34de9247788cb.jpg,,5,0,advanced,advanced,0.6093,0.00247,0.026,0.36226,0.60927
crops/499_4.jpg,499,499_jpg.rf.393a39eb5169425da9b34de9247788cb.jpg,,5,0,advanced,advanced,0.6111,0.00912,0.10154,0.27825,0.61108
crops/499_5.jpg,499,499_jpg.rf.393a39eb5169425da9b34de9247788cb.jpg,,6,0,advanced,advanced,0.9546,0.0048,0.02972,0.0109,0.95457
crops/499_6.jpg,499,499_jpg.rf.393a39eb5169425da9b34de9247788cb.jpg,,5,0,advanced,advanced,0.9324,0.00218,0.02066,0.04474,0.93242
crops/499_7.jpg,499,499_jpg.rf.393a39eb5169425da9b34de9247788cb.jpg,,0,0,no_caries,moderate,0.3848,0.29777,0.25748,0.3848,0.05995
crops/499_8.jpg,499,499_jpg.rf.393a39eb5169425da9b34de9247788cb.jpg,,0,0,no_caries,no_caries,0.574,0.57401,0.22512,0.15671,0.04416
crops/499_9.jpg,499,499_jpg.rf.393a39eb5169425da9b34de9247788cb.jpg,,0,0,no_caries,no_caries,0.5258,0.52577,0.38458,0.0668,0.02285
crops/499_10.jpg,499,499_jpg.rf.393a39eb5169425da9b34de9247788cb.jpg,,3,0,moderate,no_caries,0.7014,0.70143,0.1694,0.08175,0.04742
crops/499_11.jpg,499,499_jpg.rf.393a39eb5169425da9b34de9247788cb.jpg,,0,0,no_caries,moderate,0.5488,0.19954,0.19851,0.54883,0.05313
crops/499_12.jpg,499,499_jpg.rf.393a39eb5169425da9b34de9247788cb.jpg,,0,0,no_caries,no_caries,0.672,0.67198,0.07518,0.20784,0.04501
crops/512_0.jpg,512,512_jpg.rf.3611b45ae6a32edc313eb25da2bf8cb4.jpg,,5,0,advanced,moderate,0.5002,0.00626,0.27891,0.50022,0.21461
crops/512_1.jpg,512,512_jpg.rf.3611b45ae6a32edc313eb25da2bf8cb4.jpg,,4,0,moderate,advanced,0.6869,0.0019,0.26072,0.05045,0.68693
crops/512_2.jpg,512,512_jpg.rf.3611b45ae6a32edc313eb25da2bf8cb4.jpg,,4,0,moderate,advanced,0.8761,0.00228,0.09728,0.02437,0.87606
crops/512_3.jpg,512,512_jpg.rf.3611b45ae6a32edc313eb25da2bf8cb4.jpg,,4,0,moderate,mild,0.5263,0.02155,0.52626,0.20461,0.24758
crops/537_0.jpg,537,537_jpg.rf.ed307f1128f5b7e286522a2b440c2e24.jpg,,4,0,moderate,advanced,0.8982,0.00245,0.00919,0.09016,0.89821
crops/541_0.jpg,541,541_jpg.rf.c3ddf94bf9f4c3115f2166c3fd807868.jpg,,0,0,no_caries,mild,0.5452,0.18734,0.54523,0.17632,0.09111
crops/541_1.jpg,541,541_jpg.rf.c3ddf94bf9f4c3115f2166c3fd807868.jpg,,0,0,no_caries,no_caries,0.5817,0.58166,0.29275,0.05039,0.0752
crops/541_2.jpg,541,541_jpg.rf.c3ddf94bf9f4c3115f2166c3fd807868.jpg,,0,0,no_caries,no_caries,0.6945,0.69453,0.15379,0.10451,0.04717
crops/541_3.jpg,541,541_jpg.rf.c3ddf94bf9f4c3115f2166c3fd807868.jpg,,0,0,no_caries,no_caries,0.6462,0.64619,0.20982,0.06555,0.07844
crops/541_4.jpg,541,541_jpg.rf.c3ddf94bf9f4c3115f2166c3fd807868.jpg,,0,0,no_caries,no_caries,0.4831,0.48314,0.33084,0.0623,0.12371
crops/541_5.jpg,541,541_jpg.rf.c3ddf94bf9f4c3115f2166c3fd807868.jpg,,0,0,no_caries,no_caries,0.6234,0.62345,0.24371,0.08595,0.04689
crops/541_6.jpg,541,541_jpg.rf.c3ddf94bf9f4c3115f2166c3fd807868.jpg,,0,0,no_caries,no_caries,0.718,0.71799,0.14583,0.0604,0.07578
crops/541_7.jpg,541,541_jpg.rf.c3ddf94bf9f4c3115f2166c3fd807868.jpg,,0,0,no_caries,no_caries,0.5842,0.58417,0.25798,0.0795,0.07835
crops/541_8.jpg,541,541_jpg.rf.c3ddf94bf9f4c3115f2166c3fd807868.jpg,,0,0,no_caries,no_caries,0.5699,0.56987,0.32403,0.05401,0.05209
crops/541_9.jpg,541,541_jpg.rf.c3ddf94bf9f4c3115f2166c3fd807868.jpg,,0,0,no_caries,no_caries,0.5408,0.54083,0.24237,0.14037,0.07643
crops/541_10.jpg,541,541_jpg.rf.c3ddf94bf9f4c3115f2166c3fd807868.jpg,,0,0,no_caries,no_caries,0.5998,0.59984,0.28654,0.07588,0.03774
crops/541_11.jpg,541,541_jpg.rf.c3ddf94bf9f4c3115f2166c3fd807868.jpg,,0,0,no_caries,no_caries,0.7389,0.73892,0.16786,0.05993,0.03329
crops/541_12.jpg,541,541_jpg.rf.c3ddf94bf9f4c3115f2166c3fd807868.jpg,,0,0,no_caries,no_caries,0.5521,0.55214,0.33218,0.07811,0.03757
crops/541_13.jpg,541,541_jpg.rf.c3ddf94bf9f4c3115f2166c3fd807868.jpg,,3,0,moderate,mild,0.654,0.15497,0.65405,0.12498,0.066
crops/549_0.jpg,549,549_jpg.rf.3327794c5fa97896a1153a26abd4433a.jpg,,2,0,mild,mild,0.7193,0.07979,0.7193,0.08261,0.11831
crops/549_1.jpg,549,549_jpg.rf.3327794c5fa97896a1153a26abd4433a.jpg,,0,0,no_caries,mild,0.4329,0.24572,0.43294,0.18475,0.13659
crops/549_2.jpg,549,549_jpg.rf.3327794c5fa97896a1153a26abd4433a.jpg,,0,0,no_caries,no_caries,0.5274,0.5274,0.28423,0.15489,0.03347
crops/549_3.jpg,549,549_jpg.rf.3327794c5fa97896a1153a26abd4433a.jpg,,0,0,no_caries,no_caries,0.6137,0.61374,0.1757,0.17998,0.03058
crops/549_4.jpg,549,549_jpg.rf.3327794c5fa97896a1153a26abd4433a.jpg,,0,0,no_caries,no_caries,0.7411,0.74108,0.11709,0.1106,0.03123
crops/549_5.jpg,549,549_jpg.rf.3327794c5fa97896a1153a26abd4433a.jpg,,0,0,no_caries,no_caries,0.5885,0.58849,0.32257,0.05646,0.03248
crops/549_6.jpg,549,549_jpg.rf.3327794c5fa97896a1153a26abd4433a.jpg,,0,0,no_caries,no_caries,0.7174,0.71745,0.1029,0.12649,0.05316
crops/549_7.jpg,549,549_jpg.rf.3327794c5fa97896a1153a26abd4433a.jpg,,0,0,no_caries,no_caries,0.6546,0.65455,0.20483,0.11414,0.02648
crops/549_8.jpg,549,549_jpg.rf.3327794c5fa97896a1153a26abd4433a.jpg,,0,0,no_caries,no_caries,0.4336,0.43361,0.34204,0.15826,0.06609
crops/549_9.jpg,549,549_jpg.rf.3327794c5fa97896a1153a26abd4433a.jpg,,0,0,no_caries,no_caries,0.3617,0.36169,0.35155,0.25216,0.0346
crops/549_10.jpg,549,549_jpg.rf.3327794c5fa97896a1153a26abd4433a.jpg,,3,0,moderate,no_caries,0.4797,0.47969,0.18413,0.29139,0.04479
crops/549_11.jpg,549,549_jpg.rf.3327794c5fa97896a1153a26abd4433a.jpg,,3,0,moderate,moderate,0.4782,0.42788,0.048,0.47818,0.04595
crops/549_12.jpg,549,549_jpg.rf.3327794c5fa97896a1153a26abd4433a.jpg,,3,0,moderate,no_caries,0.5731,0.57309,0.03217,0.31545,0.07929
crops/590_0.jpg,590,590_jpg.rf.b4ae3fb5be6e5aec7fa86b4025e2cd8d.jpg,,0,0,no_caries,no_caries,0.4758,0.47576,0.30541,0.11968,0.09914
crops/590_1.jpg,590,590_jpg.rf.b4ae3fb5be6e5aec7fa86b4025e2cd8d.jpg,,0,0,no_caries,no_caries,0.589,0.58897,0.1907,0.11378,0.10655
crops/590_2.jpg,590,590_jpg.rf.b4ae3fb5be6e5aec7fa86b4025e2cd8d.jpg,,2,0,mild,moderate,0.4957,0.08655,0.37225,0.49572,0.04548
crops/590_3.jpg,590,590_jpg.rf.b4ae3fb5be6e5aec7fa86b4025e2cd8d.jpg,,3,0,moderate,moderate,0.9647,0.00236,0.01994,0.96467,0.01302
crops/590_4.jpg,590,590_jpg.rf.b4ae3fb5be6e5aec7fa86b4025e2cd8d.jpg,,5,0,advanced,moderate,0.5085,0.07052,0.39906,0.50847,0.02195
crops/590_5.jpg,590,590_jpg.rf.b4ae3fb5be6e5aec7fa86b4025e2cd8d.jpg,,3,0,moderate,mild,0.4322,0.15695,0.43223,0.39626,0.01457
crops/590_6.jpg,590,590_jpg.rf.b4ae3fb5be6e5aec7fa86b4025e2cd8d.jpg,,2,0,mild,no_caries,0.5133,0.51331,0.26312,0.16982,0.05374
crops/590_7.jpg,590,590_jpg.rf.b4ae3fb5be6e5aec7fa86b4025e2cd8d.jpg,,3,0,moderate,moderate,0.9889,0.00137,0.00623,0.98888,0.00351
crops/590_8.jpg,590,590_jpg.rf.b4ae3fb5be6e5aec7fa86b4025e2cd8d.jpg,,2,0,mild,moderate,0.5759,0.05854,0.25141,0.57589,0.11416
crops/590_9.jpg,590,590_jpg.rf.b4ae3fb5be6e5aec7fa86b4025e2cd8d.jpg,,2,0,mild,mild,0.4382,0.34505,0.43819,0.1626,0.05416
crops/590_10.jpg,590,590_jpg.rf.b4ae3fb5be6e5aec7fa86b4025e2cd8d.jpg,,3,0,moderate,no_caries,0.3699,0.36988,0.33116,0.15951,0.13944
crops/590_11.jpg,590,590_jpg.rf.b4ae3fb5be6e5aec7fa86b4025e2cd8d.jpg,,1,0,mild,no_caries,0.4956,0.49556,0.25497,0.19267,0.05679
crops/590_12.jpg,590,590_jpg.rf.b4ae3fb5be6e5aec7fa86b4025e2cd8d.jpg,,0,0,no_caries,no_caries,0.4239,0.42391,0.18891,0.22496,0.16223
crops/593_0.jpg,593,593_jpg.rf.c2a522c6cfaa3eba94c081ea5df42fa0.jpg,,1,0,mild,mild,0.6421,0.23462,0.64206,0.10447,0.01884
crops/593_1.jpg,593,593_jpg.rf.c2a522c6cfaa3eba94c081ea5df42fa0.jpg,,1,0,mild,mild,0.4777,0.28171,0.47773,0.20945,0.03111
crops/593_2.jpg,593,593_jpg.rf.c2a522c6cfaa3eba94c081ea5df42fa0.jpg,,1,0,mild,mild,0.5609,0.25367,0.56087,0.16509,0.02037
crops/593_3.jpg,593,593_jpg.rf.c2a522c6cfaa3eba94c081ea5df42fa0.jpg,,1,0,mild,mild,0.6372,0.3168,0.63719,0.02004,0.02597
crops/593_4.jpg,593,593_jpg.rf.c2a522c6cfaa3eba94c081ea5df42fa0.jpg,,2,0,mild,mild,0.4448,0.22169,0.44477,0.05352,0.28003
crops/593_5.jpg,593,593_jpg.rf.c2a522c6cfaa3eba94c081ea5df42fa0.jpg,,2,0,mild,advanced,0.5628,0.03881,0.24983,0.14857,0.56279
crops/593_6.jpg,593,593_jpg.rf.c2a522c6cfaa3eba94c081ea5df42fa0.jpg,,1,0,mild,no_caries,0.5641,0.5641,0.20908,0.14065,0.08617
crops/593_7.jpg,593,593_jpg.rf.c2a522c6cfaa3eba94c081ea5df42fa0.jpg,,1,0,mild,mild,0.4634,0.39843,0.46341,0.10147,0.0367
crops/593_8.jpg,593,593_jpg.rf.c2a522c6cfaa3eba94c081ea5df42fa0.jpg,,1,0,mild,mild,0.4209,0.34177,0.42093,0.15752,0.07977
crops/593_9.jpg,593,593_jpg.rf.c2a522c6cfaa3eba94c081ea5df42fa0.jpg,,1,0,mild,mild,0.3974,0.32707,0.39744,0.17004,0.10545
crops/593_10.jpg,593,593_jpg.rf.c2a522c6cfaa3eba94c081ea5df42fa0.jpg,,1,0,mild,no_caries,0.6504,0.65041,0.04842,0.26803,0.03314
crops/593_11.jpg,593,593_jpg.rf.c2a522c6cfaa3eba94c081ea5df42fa0.jpg,,1,0,mild,no_caries,0.6258,0.62583,0.17506,0.10841,0.09071
crops/593_12.jpg,593,593_jpg.rf.c2a522c6cfaa3eba94c081ea5df42fa0.jpg,,1,0,mild,no_caries,0.6098,0.60982,0.24744,0.05593,0.08681
crops/601_0.jpg,601,601_jpg.rf.fd2d69d3c7f0304c646b8a6971f6ccb5.jpg,,6,0,advanced,advanced,0.9273,0.00747,0.05077,0.01442,0.92735
crops/601_1.jpg,601,601_jpg.rf.fd2d69d3c7f0304c646b8a6971f6ccb5.jpg,,0,0,no_caries,advanced,0.7297,0.05049,0.16537,0.0544,0.72974
crops/601_2.jpg,601,601_jpg.rf.fd2d69d3c7f0304c646b8a6971f6ccb5.jpg,,0,0,no_caries,mild,0.5197,0.3238,0.51968,0.08351,0.07301
crops/601_3.jpg,601,601_jpg.rf.fd2d69d3c7f0304c646b8a6971f6ccb5.jpg,,0,0,no_caries,mild,0.6338,0.0615,0.63378,0.02597,0.27876
crops/601_4.jpg,601,601_jpg.rf.fd2d69d3c7f0304c646b8a6971f6ccb5.jpg,,5,0,advanced,no_caries,0.3589,0.35892,0.25766,0.06638,0.31704
crops/601_5.jpg,601,601_jpg.rf.fd2d69d3c7f0304c646b8a6971f6ccb5.jpg,,5,0,advanced,mild,0.4377,0.34155,0.43769,0.07803,0.14274
crops/601_6.jpg,601,601_jpg.rf.fd2d69d3c7f0304c646b8a6971f6ccb5.jpg,,5,0,advanced,mild,0.5096,0.33814,0.50959,0.03976,0.11251
crops/601_7.jpg,601,601_jpg.rf.fd2d69d3c7f0304c646b8a6971f6ccb5.jpg,,5,0,advanced,mild,0.6052,0.26451,0.60519,0.03956,0.09074
crops/601_8.jpg,601,601_jpg.rf.fd2d69d3c7f0304c646b8a6971f6ccb5.jpg,,2,0,mild,no_caries,0.5626,0.56259,0.34304,0.03758,0.05679
crops/601_9.jpg,601,601_jpg.rf.fd2d69d3c7f0304c646b8a6971f6ccb5.jpg,,5,0,advanced,mild,0.5258,0.03674,0.52577,0.31492,0.12256
crops/601_10.jpg,601,601_jpg.rf.fd2d69d3c7f0304c646b8a6971f6ccb5.jpg,,5,0,advanced,advanced,0.4227,0.1308,0.41168,0.03477,0.42274
crops/601_11.jpg,601,601_jpg.rf.fd2d69d3c7f0304c646b8a6971f6ccb5.jpg,,5,0,advanced,mild,0.3972,0.28385,0.39719,0.10982,0.20914
crops/601_12.jpg,601,601_jpg.rf.fd2d69d3c7f0304c646b8a6971f6ccb5.jpg,,5,0,advanced,no_caries,0.4161,0.41609,0.12383,0.31353,0.14655
crops/601_13.jpg,601,601_jpg.rf.fd2d69d3c7f0304c646b8a6971f6ccb5.jpg,,0,0,no_caries,mild,0.4166,0.38297,0.41664,0.10918,0.09121
crops/601_14.jpg,601,601_jpg.rf.fd2d69d3c7f0304c646b8a6971f6ccb5.jpg,,0,0,no_caries,mild,0.7327,0.10548,0.73268,0.1263,0.03554
crops/601_15.jpg,601,601_jpg.rf.fd2d69d3c7f0304c646b8a6971f6ccb5.jpg,,0,0,no_caries,mild,0.6922,0.22002,0.69223,0.03223,0.05552
crops/601_16.jpg,601,601_jpg.rf.fd2d69d3c7f0304c646b8a6971f6ccb5.jpg,,5,0,advanced,advanced,0.3958,0.146,0.08047,0.37777,0.39577
crops/605_0.jpg,605,605_jpg.rf.2b40458effbb8e9f0ee495dcf08d0134.jpg,,1,0,mild,mild,0.6229,0.16811,0.62289,0.04613,0.16287
crops/605_1.jpg,605,605_jpg.rf.2b40458effbb8e9f0ee495dcf08d0134.jpg,,4,0,moderate,advanced,0.9595,0.00239,0.01034,0.02776,0.95951
crops/605_2.jpg,605,605_jpg.rf.2b40458effbb8e9f0ee495dcf08d0134.jpg,,4,0,moderate,mild,0.4315,0.42497,0.43149,0.09903,0.04451
crops/605_3.jpg,605,605_jpg.rf.2b40458effbb8e9f0ee495dcf08d0134.jpg,,3,0,moderate,moderate,0.5841,0.11306,0.24911,0.58411,0.05371
crops/605_4.jpg,605,605_jpg.rf.2b40458effbb8e9f0ee495dcf08d0134.jpg,,1,0,mild,no_caries,0.6884,0.68838,0.16678,0.11165,0.03319
crops/605_5.jpg,605,605_jpg.rf.2b40458effbb8e9f0ee495dcf08d0134.jpg,,4,0,moderate,moderate,0.608,0.00846,0.04287,0.60799,0.34068
crops/605_6.jpg,605,605_jpg.rf.2b40458effbb8e9f0ee495dcf08d0134.jpg,,4,0,moderate,advanced,0.9676,0.00186,0.00941,0.02107,0.96765
crops/605_7.jpg,605,605_jpg.rf.2b40458effbb8e9f0ee495dcf08d0134.jpg,,0,0,no_caries,no_caries,0.5921,0.59211,0.13988,0.20836,0.05965
crops/605_8.jpg,605,605_jpg.rf.2b40458effbb8e9f0ee495dcf08d0134.jpg,,0,0,no_caries,no_caries,0.6318,0.63181,0.15532,0.14562,0.06725
crops/605_9.jpg,605,605_jpg.rf.2b40458effbb8e9f0ee495dcf08d0134.jpg,,0,0,no_caries,no_caries,0.758,0.75801,0.07728,0.11045,0.05425
crops/605_10.jpg,605,605_jpg.rf.2b40458effbb8e9f0ee495dcf08d0134.jpg,,0,0,no_caries,no_caries,0.7064,0.70643,0.08925,0.15478,0.04954
crops/605_11.jpg,605,605_jpg.rf.2b40458effbb8e9f0ee495dcf08d0134.jpg,,0,0,no_caries,no_caries,0.7451,0.74506,0.16263,0.04764,0.04467
crops/605_12.jpg,605,605_jpg.rf.2b40458effbb8e9f0ee495dcf08d0134.jpg,,0,0,no_caries,no_caries,0.7742,0.77424,0.05308,0.11796,0.05473
crops/605_13.jpg,605,605_jpg.rf.2b40458effbb8e9f0ee495dcf08d0134.jpg,,0,0,no_caries,no_caries,0.8453,0.84534,0.03789,0.06339,0.05339
crops/605_14.jpg,605,605_jpg.rf.2b40458effbb8e9f0ee495dcf08d0134.jpg,,0,0,no_caries,no_caries,0.6917,0.69174,0.09201,0.09732,0.11894
crops/779_0.jpg,779,779_jpg.rf.7c8ec7502ae3343dc876c831ab4873b2.jpg,,3,0,moderate,mild,0.7007,0.05383,0.70069,0.14659,0.09889
crops/779_1.jpg,779,779_jpg.rf.7c8ec7502ae3343dc876c831ab4873b2.jpg,,5,0,advanced,advanced,0.8039,0.02339,0.07907,0.09359,0.80395
crops/779_2.jpg,779,779_jpg.rf.7c8ec7502ae3343dc876c831ab4873b2.jpg,,6,0,advanced,advanced,0.9724,0.00118,0.00641,0.02003,0.97238
crops/779_3.jpg,779,779_jpg.rf.7c8ec7502ae3343dc876c831ab4873b2.jpg,,0,0,no_caries,no_caries,0.41,0.40998,0.12664,0.34684,0.11654
crops/779_4.jpg,779,779_jpg.rf.7c8ec7502ae3343dc876c831ab4873b2.jpg,,1,0,mild,no_caries,0.5974,0.59736,0.19524,0.15901,0.04839
crops/790_0.jpg,790,790_jpg.rf.18d396b1cea3077d08934977a12b06ea.jpg,,0,0,no_caries,no_caries,0.4694,0.46945,0.41683,0.06948,0.04424
crops/790_1.jpg,790,790_jpg.rf.18d396b1cea3077d08934977a12b06ea.jpg,,0,0,no_caries,no_caries,0.5926,0.59256,0.21079,0.11586,0.0808
crops/790_2.jpg,790,790_jpg.rf.18d396b1cea3077d08934977a12b06ea.jpg,,0,0,no_caries,no_caries,0.6099,0.60992,0.05382,0.24597,0.0903
crops/790_3.jpg,790,790_jpg.rf.18d396b1cea3077d08934977a12b06ea.jpg,,0,0,no_caries,moderate,0.4772,0.34637,0.12144,0.47724,0.05495
crops/790_4.jpg,790,790_jpg.rf.18d396b1cea3077d08934977a12b06ea.jpg,,0,0,no_caries,no_caries,0.628,0.62797,0.15245,0.14204,0.07755
crops/790_5.jpg,790,790_jpg.rf.18d396b1cea3077d08934977a12b06ea.jpg,,0,0,no_caries,mild,0.3449,0.30393,0.34485,0.08943,0.26179
crops/790_6.jpg,790,790_jpg.rf.18d396b1cea3077d08934977a12b06ea.jpg,,0,0,no_caries,no_caries,0.6974,0.69735,0.08623,0.1457,0.07072
crops/790_8.jpg,790,790_jpg.rf.18d396b1cea3077d08934977a12b06ea.jpg,,0,0,no_caries,no_caries,0.6858,0.68584,0.11571,0.13056,0.06789
crops/790_9.jpg,790,790_jpg.rf.18d396b1cea3077d08934977a12b06ea.jpg,,0,0,no_caries,no_caries,0.7195,0.71954,0.14427,0.11121,0.02497
crops/790_10.jpg,790,790_jpg.rf.18d396b1cea3077d08934977a12b06ea.jpg,,0,0,no_caries,no_caries,0.6361,0.63611,0.20416,0.10587,0.05385
crops/790_11.jpg,790,790_jpg.rf.18d396b1cea3077d08934977a12b06ea.jpg,,0,0,no_caries,no_caries,0.6146,0.61458,0.08469,0.21276,0.08797
crops/790_12.jpg,790,790_jpg.rf.18d396b1cea3077d08934977a12b06ea.jpg,,0,0,no_caries,no_caries,0.7311,0.7311,0.10263,0.09981,0.06646
crops/790_13.jpg,790,790_jpg.rf.18d396b1cea3077d08934977a12b06ea.jpg,,4,0,moderate,moderate,0.7564,0.01104,0.04255,0.75644,0.18997
crops/790_14.jpg,790,790_jpg.rf.18d396b1cea3077d08934977a12b06ea.jpg,,4,0,moderate,no_caries,0.5601,0.56007,0.22033,0.12684,0.09276
crops/791_0.jpg,791,791_jpg.rf.46bae07392c01cb076210800bc4f8b83.jpg,,3,0,moderate,moderate,0.7257,0.01376,0.08717,0.72572,0.17336
crops/791_1.jpg,791,791_jpg.rf.46bae07392c01cb076210800bc4f8b83.jpg,,3,0,moderate,moderate,0.4439,0.08782,0.34669,0.44395,0.12154
crops/791_2.jpg,791,791_jpg.rf.46bae07392c01cb076210800bc4f8b83.jpg,,4,0,moderate,advanced,0.6335,0.00632,0.09829,0.26186,0.63354
crops/791_3.jpg,791,791_jpg.rf.46bae07392c01cb076210800bc4f8b83.jpg,,4,0,moderate,moderate,0.5236,0.00453,0.18184,0.52361,0.29003
crops/791_4.jpg,791,791_jpg.rf.46bae07392c01cb076210800bc4f8b83.jpg,,4,0,moderate,moderate,0.4253,0.19323,0.2645,0.42529,0.11698
crops/791_5.jpg,791,791_jpg.rf.46bae07392c01cb076210800bc4f8b83.jpg,,3,0,moderate,advanced,0.3491,0.03133,0.3039,0.31568,0.34909
crops/791_6.jpg,791,791_jpg.rf.46bae07392c01cb076210800bc4f8b83.jpg,,0,0,no_caries,no_caries,0.5177,0.51766,0.40611,0.03453,0.0417
crops/791_7.jpg,791,791_jpg.rf.46bae07392c01cb076210800bc4f8b83.jpg,,2,0,mild,mild,0.5192,0.07118,0.5192,0.09514,0.31448
crops/791_8.jpg,791,791_jpg.rf.46bae07392c01cb076210800bc4f8b83.jpg,,0,0,no_caries,no_caries,0.6979,0.69791,0.09824,0.16971,0.03414
crops/791_9.jpg,791,791_jpg.rf.46bae07392c01cb076210800bc4f8b83.jpg,,1,0,mild,no_caries,0.4465,0.4465,0.10748,0.42659,0.01943
crops/791_10.jpg,791,791_jpg.rf.46bae07392c01cb076210800bc4f8b83.jpg,,1,0,mild,no_caries,0.5723,0.57227,0.07615,0.3113,0.04027
crops/791_11.jpg,791,791_jpg.rf.46bae07392c01cb076210800bc4f8b83.jpg,,1,0,mild,no_caries,0.7627,0.76269,0.02982,0.17466,0.03283
crops/791_12.jpg,791,791_jpg.rf.46bae07392c01cb076210800bc4f8b83.jpg,,0,0,no_caries,no_caries,0.7832,0.78319,0.05745,0.09572,0.06364
crops/791_13.jpg,791,791_jpg.rf.46bae07392c01cb076210800bc4f8b83.jpg,,0,0,no_caries,no_caries,0.4461,0.4461,0.37051,0.12666,0.05674
crops/807_0.jpg,807,807_jpg.rf.55eca21b988655d8e7f525e7eb193ef3.jpg,,2,0,mild,mild,0.7045,0.09383,0.70449,0.10653,0.09515
crops/807_1.jpg,807,807_jpg.rf.55eca21b988655d8e7f525e7eb193ef3.jpg,,5,0,advanced,advanced,0.7691,0.00948,0.04719,0.17424,0.76909
crops/807_2.jpg,807,807_jpg.rf.55eca21b988655d8e7f525e7eb193ef3.jpg,,5,0,advanced,advanced,0.8588,0.0069,0.03648,0.09786,0.85875
crops/807_3.jpg,807,807_jpg.rf.55eca21b988655d8e7f525e7eb193ef3.jpg,,0,0,no_caries,mild,0.4879,0.3999,0.48791,0.07359,0.0386
crops/807_4.jpg,807,807_jpg.rf.55eca21b988655d8e7f525e7eb193ef3.jpg,,4,0,moderate,moderate,0.3516,0.31553,0.29043,0.35164,0.0424
crops/823_0.jpg,823,823_jpg.rf.4e21938deac13f953b12c349c189d9a4.jpg,,5,0,advanced,advanced,0.9864,0.0013,0.00337,0.00891,0.98642
crops/823_1.jpg,823,823_jpg.rf.4e21938deac13f953b12c349c189d9a4.jpg,,0,0,no_caries,no_caries,0.7249,0.72488,0.10864,0.11125,0.05524
crops/823_2.jpg,823,823_jpg.rf.4e21938deac13f953b12c349c189d9a4.jpg,,0,0,no_caries,no_caries,0.5445,0.54446,0.23863,0.13334,0.08358
crops/823_3.jpg,823,823_jpg.rf.4e21938deac13f953b12c349c189d9a4.jpg,,0,0,no_caries,no_caries,0.6417,0.64169,0.09809,0.19995,0.06027
crops/823_4.jpg,823,823_jpg.rf.4e21938deac13f953b12c349c189d9a4.jpg,,0,0,no_caries,no_caries,0.7835,0.78348,0.05595,0.0998,0.06077
crops/823_5.jpg,823,823_jpg.rf.4e21938deac13f953b12c349c189d9a4.jpg,,0,0,no_caries,no_caries,0.5883,0.58827,0.1641,0.12713,0.1205
crops/823_6.jpg,823,823_jpg.rf.4e21938deac13f953b12c349c189d9a4.jpg,,0,0,no_caries,no_caries,0.6072,0.60718,0.27073,0.09279,0.02929
crops/823_7.jpg,823,823_jpg.rf.4e21938deac13f953b12c349c189d9a4.jpg,,0,0,no_caries,no_caries,0.5053,0.50525,0.25548,0.20775,0.03152
crops/823_8.jpg,823,823_jpg.rf.4e21938deac13f953b12c349c189d9a4.jpg,,0,0,no_caries,no_caries,0.4117,0.41174,0.28522,0.23727,0.06578
crops/823_9.jpg,823,823_jpg.rf.4e21938deac13f953b12c349c189d9a4.jpg,,0,0,no_caries,no_caries,0.7429,0.74295,0.06944,0.15958,0.02803
crops/823_10.jpg,823,823_jpg.rf.4e21938deac13f953b12c349c189d9a4.jpg,,6,0,advanced,advanced,0.9771,0.00311,0.00925,0.01056,0.97708
crops/823_11.jpg,823,823_jpg.rf.4e21938deac13f953b12c349c189d9a4.jpg,,6,0,advanced,advanced,0.9693,0.00335,0.01145,0.01593,0.96927
crops/823_12.jpg,823,823_jpg.rf.4e21938deac13f953b12c349c189d9a4.jpg,,0,0,no_caries,mild,0.6497,0.2088,0.64973,0.07016,0.07131
crops/836_0.jpg,836,836_jpg.rf.35d532918b76ab39b6d6621a99a8f6b0.jpg,,5,0,advanced,mild,0.5886,0.18709,0.58861,0.13578,0.08852
crops/836_1.jpg,836,836_jpg.rf.35d532918b76ab39b6d6621a99a8f6b0.jpg,,5,0,advanced,mild,0.4227,0.08307,0.42274,0.29611,0.19808
crops/836_2.jpg,836,836_jpg.rf.35d532918b76ab39b6d6621a99a8f6b0.jpg,,5,0,advanced,moderate,0.5907,0.02705,0.15221,0.59074,0.23001
crops/836_3.jpg,836,836_jpg.rf.35d532918b76ab39b6d6621a99a8f6b0.jpg,,0,0,no_caries,moderate,0.4702,0.06208,0.27625,0.47022,0.19145
crops/836_4.jpg,836,836_jpg.rf.35d532918b76ab39b6d6621a99a8f6b0.jpg,,2,0,mild,advanced,0.7256,0.0051,0.10999,0.15926,0.72565
crops/836_5.jpg,836,836_jpg.rf.35d532918b76ab39b6d6621a99a8f6b0.jpg,,1,0,mild,moderate,0.525,0.00242,0.11865,0.52504,0.35389
crops/836_6.jpg,836,836_jpg.rf.35d532918b76ab39b6d6621a99a8f6b0.jpg,,1,0,mild,advanced,0.4151,0.01788,0.1605,0.40649,0.41513
crops/836_7.jpg,836,836_jpg.rf.35d532918b76ab39b6d6621a99a8f6b0.jpg,,3,0,moderate,advanced,0.6333,0.00032,0.01284,0.35357,0.63327
crops/836_8.jpg,836,836_jpg.rf.35d532918b76ab39b6d6621a99a8f6b0.jpg,,6,0,advanced,advanced,0.9835,0.00023,0.00519,0.01104,0.98355
crops/836_9.jpg,836,836_jpg.rf.35d532918b76ab39b6d6621a99a8f6b0.jpg,,5,0,advanced,advanced,0.9156,0.0011,0.01967,0.06364,0.91559
crops/836_10.jpg,836,836_jpg.rf.35d532918b76ab39b6d6621a99a8f6b0.jpg,,6,0,advanced,advanced,0.9583,0.00169,0.00903,0.03096,0.95831
crops/836_11.jpg,836,836_jpg.rf.35d532918b76ab39b6d6621a99a8f6b0.jpg,,5,0,advanced,advanced,0.8022,0.01432,0.09122,0.09228,0.80219
crops/836_12.jpg,836,836_jpg.rf.35d532918b76ab39b6d6621a99a8f6b0.jpg,,0,0,no_caries,advanced,0.4242,0.05605,0.3918,0.12793,0.42421
crops/836_13.jpg,836,836_jpg.rf.35d532918b76ab39b6d6621a99a8f6b0.jpg,,5,0,advanced,moderate,0.4769,0.01494,0.15381,0.47693,0.35432
crops/836_14.jpg,836,836_jpg.rf.35d532918b76ab39b6d6621a99a8f6b0.jpg,,3,0,moderate,moderate,0.7685,0.00229,0.03645,0.76845,0.19281
crops/836_15.jpg,836,836_jpg.rf.35d532918b76ab39b6d6621a99a8f6b0.jpg,,4,0,moderate,moderate,0.5047,0.00337,0.06292,0.50467,0.42904
crops/843_0.jpg,843,843_jpg.rf.3bc39b12bee88f46444acded02949e2c.jpg,,1,0,mild,no_caries,0.6128,0.61277,0.03084,0.29111,0.06528
crops/843_1.jpg,843,843_jpg.rf.3bc39b12bee88f46444acded02949e2c.jpg,,1,0,mild,no_caries,0.6879,0.68795,0.07946,0.19976,0.03284
crops/843_2.jpg,843,843_jpg.rf.3bc39b12bee88f46444acded02949e2c.jpg,,3,0,moderate,mild,0.4388,0.05022,0.43885,0.21357,0.29736
crops/843_3.jpg,843,843_jpg.rf.3bc39b12bee88f46444acded02949e2c.jpg,,3,0,moderate,moderate,0.6983,0.01173,0.11497,0.69832,0.17498
crops/843_4.jpg,843,843_jpg.rf.3bc39b12bee88f46444acded02949e2c.jpg,,3,0,moderate,moderate,0.5045,0.00585,0.00424,0.50445,0.48546
crops/843_5.jpg,843,843_jpg.rf.3bc39b12bee88f46444acded02949e2c.jpg,,1,0,mild,no_caries,0.3284,0.32843,0.21909,0.20202,0.25046
crops/843_6.jpg,843,843_jpg.rf.3bc39b12bee88f46444acded02949e2c.jpg,,0,0,no_caries,no_caries,0.5517,0.5517,0.32934,0.09277,0.02618
crops/843_7.jpg,843,843_jpg.rf.3bc39b12bee88f46444acded02949e2c.jpg,,1,0,mild,no_caries,0.4968,0.49682,0.42603,0.04833,0.02882
crops/843_8.jpg,843,843_jpg.rf.3bc39b12bee88f46444acded02949e2c.jpg,,1,0,mild,no_caries,0.6847,0.68471,0.21683,0.05949,0.03897
crops/843_9.jpg,843,843_jpg.rf.3bc39b12bee88f46444acded02949e2c.jpg,,0,0,no_caries,no_caries,0.7491,0.74915,0.09967,0.08841,0.06277
crops/843_10.jpg,843,843_jpg.rf.3bc39b12bee88f46444acded02949e2c.jpg,,3,0,moderate,advanced,0.5961,0.01585,0.03481,0.35329,0.59606
crops/843_11.jpg,843,843_jpg.rf.3bc39b12bee88f46444acded02949e2c.jpg,,3,0,moderate,moderate,0.8159,0.02381,0.13057,0.81593,0.0297
crops/843_12.jpg,843,843_jpg.rf.3bc39b12bee88f46444acded02949e2c.jpg,,2,0,mild,moderate,0.435,0.17747,0.24455,0.43504,0.14295
crops/884_0.jpg,884,884_jpg.rf.97cfa7df8fc658919509e74afdfc2c8b.jpg,,5,0,advanced,advanced,0.6467,0.00358,0.02049,0.32922,0.64672
crops/884_1.jpg,884,884_jpg.rf.97cfa7df8fc658919509e74afdfc2c8b.jpg,,3,0,moderate,moderate,0.8956,0.04411,0.04865,0.89562,0.01161
crops/884_2.jpg,884,884_jpg.rf.97cfa7df8fc658919509e74afdfc2c8b.jpg,,3,0,moderate,moderate,0.7865,0.00266,0.01565,0.78647,0.19522
crops/884_3.jpg,884,884_jpg.rf.97cfa7df8fc658919509e74afdfc2c8b.jpg,,4,0,moderate,advanced,0.8284,0.00319,0.02204,0.14637,0.82839
crops/884_4.jpg,884,884_jpg.rf.97cfa7df8fc658919509e74afdfc2c8b.jpg,,3,0,moderate,advanced,0.5859,0.01538,0.1504,0.24828,0.58594
crops/884_5.jpg,884,884_jpg.rf.97cfa7df8fc658919509e74afdfc2c8b.jpg,,3,0,moderate,advanced,0.5695,0.00417,0.16009,0.26627,0.56947
crops/884_6.jpg,884,884_jpg.rf.97cfa7df8fc658919509e74afdfc2c8b.jpg,,3,0,moderate,mild,0.6147,0.01572,0.6147,0.23556,0.13403
crops/884_7.jpg,884,884_jpg.rf.97cfa7df8fc658919509e74afdfc2c8b.jpg,,2,0,mild,mild,0.6797,0.07396,0.67968,0.12313,0.12323
crops/884_8.jpg,884,884_jpg.rf.97cfa7df8fc658919509e74afdfc2c8b.jpg,,2,0,mild,moderate,0.5313,0.00856,0.3909,0.53131,0.06923
crops/884_9.jpg,884,884_jpg.rf.97cfa7df8fc658919509e74afdfc2c8b.jpg,,2,0,mild,mild,0.5249,0.12949,0.52493,0.28725,0.05833
crops/884_10.jpg,884,884_jpg.rf.97cfa7df8fc658919509e74afdfc2c8b.jpg,,2,0,mild,mild,0.4164,0.07479,0.41637,0.37003,0.13881
crops/965_0.jpg,965,965_jpg.rf.b3f046529d625affd5f6ca1a068ff420.jpg,,0,0,no_caries,advanced,0.5936,0.08246,0.19948,0.12444,0.59363
crops/965_1.jpg,965,965_jpg.rf.b3f046529d625affd5f6ca1a068ff420.jpg,,0,0,no_caries,advanced,0.433,0.06409,0.33192,0.17097,0.43302
crops/965_2.jpg,965,965_jpg.rf.b3f046529d625affd5f6ca1a068ff420.jpg,,3,0,moderate,mild,0.4151,0.19644,0.41513,0.2675,0.12092
crops/965_3.jpg,965,965_jpg.rf.b3f046529d625affd5f6ca1a068ff420.jpg,,5,0,advanced,advanced,0.896,0.00587,0.04819,0.04995,0.896
crops/965_4.jpg,965,965_jpg.rf.b3f046529d625affd5f6ca1a068ff420.jpg,,0,0,no_caries,mild,0.7473,0.02681,0.74732,0.06112,0.16476
crops/965_5.jpg,965,965_jpg.rf.b3f046529d625affd5f6ca1a068ff420.jpg,,5,0,advanced,advanced,0.9779,0.00212,0.00724,0.01272,0.97792
crops/965_6.jpg,965,965_jpg.rf.b3f046529d625affd5f6ca1a068ff420.jpg,,5,0,advanced,advanced,0.9555,0.00383,0.0144,0.02623,0.95554
crops/965_7.jpg,965,965_jpg.rf.b3f046529d625affd5f6ca1a068ff420.jpg,,5,0,advanced,advanced,0.9611,0.00644,0.01815,0.01431,0.9611
crops/965_8.jpg,965,965_jpg.rf.b3f046529d625affd5f6ca1a068ff420.jpg,,5,0,advanced,advanced,0.9552,0.0062,0.02207,0.01652,0.95521
crops/965_9.jpg,965,965_jpg.rf.b3f046529d625affd5f6ca1a068ff420.jpg,,1,0,mild,mild,0.3762,0.2778,0.37624,0.28367,0.06229
crops/965_10.jpg,965,965_jpg.rf.b3f046529d625affd5f6ca1a068ff420.jpg,,5,0,advanced,advanced,0.97,0.00466,0.00969,0.01564,0.97001
crops/967_0.jpg,967,967_jpg.rf.384a00b2ea5c10d5ce386e3830e2c327.jpg,,5,0,advanced,no_caries,0.5678,0.56776,0.25661,0.1402,0.03543
crops/967_1.jpg,967,967_jpg.rf.384a00b2ea5c10d5ce386e3830e2c327.jpg,,5,0,advanced,no_caries,0.5913,0.59128,0.29042,0.0717,0.04661
crops/967_2.jpg,967,967_jpg.rf.384a00b2ea5c10d5ce386e3830e2c327.jpg,,0,0,no_caries,no_caries,0.7112,0.71121,0.18807,0.05828,0.04244
crops/967_3.jpg,967,967_jpg.rf.384a00b2ea5c10d5ce386e3830e2c327.jpg,,0,0,no_caries,no_caries,0.585,0.58496,0.30364,0.06453,0.04687
crops/967_4.jpg,967,967_jpg.rf.384a00b2ea5c10d5ce386e3830e2c327.jpg,,0,0,no_caries,no_caries,0.5012,0.50115,0.35951,0.08816,0.05119
crops/967_5.jpg,967,967_jpg.rf.384a00b2ea5c10d5ce386e3830e2c327.jpg,,0,0,no_caries,no_caries,0.4835,0.48346,0.39867,0.05818,0.05969
crops/967_6.jpg,967,967_jpg.rf.384a00b2ea5c10d5ce386e3830e2c327.jpg,,0,0,no_caries,no_caries,0.5791,0.57911,0.36167,0.02293,0.03629
crops/967_7.jpg,967,967_jpg.rf.384a00b2ea5c10d5ce386e3830e2c327.jpg,,0,0,no_caries,mild,0.557,0.39208,0.55705,0.017,0.03387
crops/967_8.jpg,967,967_jpg.rf.384a00b2ea5c10d5ce386e3830e2c327.jpg,,0,0,no_caries,no_caries,0.6765,0.67646,0.25271,0.03532,0.03551
crops/967_9.jpg,967,967_jpg.rf.384a00b2ea5c10d5ce386e3830e2c327.jpg,,0,0,no_caries,no_caries,0.5655,0.56554,0.32543,0.06622,0.04281
crops/967_10.jpg,967,967_jpg.rf.384a00b2ea5c10d5ce386e3830e2c327.jpg,,3,0,moderate,no_caries,0.5319,0.53187,0.28832,0.12971,0.0501
crops/967_11.jpg,967,967_jpg.rf.384a00b2ea5c10d5ce386e3830e2c327.jpg,,2,0,mild,no_caries,0.6329,0.63293,0.26188,0.078,0.02718
crops/967_12.jpg,967,967_jpg.rf.384a00b2ea5c10d5ce386e3830e2c327.jpg,,1,0,mild,no_caries,0.6244,0.62436,0.17873,0.16682,0.03009
crops/967_13.jpg,967,967_jpg.rf.384a00b2ea5c10d5ce386e3830e2c327.jpg,,3,0,moderate,mild,0.3841,0.36263,0.38408,0.21628,0.03701
crops/971_0.jpg,971,971_jpg.rf.0af43d8d3db51f862059d0c024618e1d.jpg,,3,0,moderate,advanced,0.7321,0.00282,0.19825,0.0668,0.73213
crops/971_1.jpg,971,971_jpg.rf.0af43d8d3db51f862059d0c024618e1d.jpg,,3,0,moderate,mild,0.644,0.01593,0.64405,0.13851,0.20151
crops/971_2.jpg,971,971_jpg.rf.0af43d8d3db51f862059d0c024618e1d.jpg,,5,0,advanced,mild,0.6782,0.1075,0.67815,0.02622,0.18813
crops/971_3.jpg,971,971_jpg.rf.0af43d8d3db51f862059d0c024618e1d.jpg,,5,0,advanced,advanced,0.7221,0.02009,0.17897,0.07884,0.7221
crops/971_4.jpg,971,971_jpg.rf.0af43d8d3db51f862059d0c024618e1d.jpg,,0,0,no_caries,mild,0.5031,0.4251,0.50311,0.02693,0.04486
crops/971_5.jpg,971,971_jpg.rf.0af43d8d3db51f862059d0c024618e1d.jpg,,0,0,no_caries,no_caries,0.6749,0.67486,0.20348,0.09098,0.03068
crops/971_6.jpg,971,971_jpg.rf.0af43d8d3db51f862059d0c024618e1d.jpg,,0,0,no_caries,no_caries,0.7007,0.7007,0.16615,0.09078,0.04237
crops/971_7.jpg,971,971_jpg.rf.0af43d8d3db51f862059d0c024618e1d.jpg,,0,0,no_caries,no_caries,0.7419,0.74195,0.1366,0.091,0.03045
crops/971_8.jpg,971,971_jpg.rf.0af43d8d3db51f862059d0c024618e1d.jpg,,0,0,no_caries,mild,0.5193,0.41135,0.51932,0.03597,0.03337
crops/971_9.jpg,971,971_jpg.rf.0af43d8d3db51f862059d0c024618e1d.jpg,,0,0,no_caries,mild,0.605,0.19162,0.60497,0.08408,0.11933
crops/971_10.jpg,971,971_jpg.rf.0af43d8d3db51f862059d0c024618e1d.jpg,,0,0,no_caries,mild,0.4229,0.30949,0.42293,0.07707,0.19051
crops/971_11.jpg,971,971_jpg.rf.0af43d8d3db51f862059d0c024618e1d.jpg,,0,0,no_caries,no_caries,0.5997,0.59965,0.21433,0.12606,0.05996
crops/971_12.jpg,971,971_jpg.rf.0af43d8d3db51f862059d0c024618e1d.jpg,,1,0,mild,no_caries,0.7078,0.70781,0.19013,0.05761,0.04444
crops/987_0.jpg,987,987_jpg.rf.ac6e59819041831c65d09d816d1fcf9d.jpg,,5,0,advanced,advanced,0.9204,0.00855,0.0092,0.06181,0.92044
crops/987_1.jpg,987,987_jpg.rf.ac6e59819041831c65d09d816d1fcf9d.jpg,,4,0,moderate,moderate,0.6511,0.04014,0.28056,0.65111,0.02819
crops/987_2.jpg,987,987_jpg.rf.ac6e59819041831c65d09d816d1fcf9d.jpg,,3,0,moderate,moderate,0.4588,0.01599,0.42383,0.45877,0.10141
crops/987_3.jpg,987,987_jpg.rf.ac6e59819041831c65d09d816d1fcf9d.jpg,,3,0,moderate,moderate,0.9254,0.0057,0.05497,0.92543,0.01391
crops/987_4.jpg,987,987_jpg.rf.ac6e59819041831c65d09d816d1fcf9d.jpg,,2,0,mild,moderate,0.648,0.10945,0.18162,0.648,0.06093
crops/987_5.jpg,987,987_jpg.rf.ac6e59819041831c65d09d816d1fcf9d.jpg,,4,0,moderate,moderate,0.4814,0.01673,0.06189,0.48141,0.43997
crops/987_6.jpg,987,987_jpg.rf.ac6e59819041831c65d09d816d1fcf9d.jpg,,0,0,no_caries,no_caries,0.4366,0.43658,0.24591,0.26769,0.04982
crops/987_7.jpg,987,987_jpg.rf.ac6e59819041831c65d09d816d1fcf9d.jpg,,0,0,no_caries,no_caries,0.585,0.58497,0.20855,0.13332,0.07315
crops/hibogi_ai_00914_png_0.jpg,hibogi_ai_00914_png,HIBOGI_AI_00914_png_jpg.rf.fa2516ee7f6bd6e563a576e3158f875b.jpg,,0,0,no_caries,no_caries,0.6269,0.62692,0.20461,0.08529,0.08318
crops/hibogi_ai_00914_png_1.jpg,hibogi_ai_00914_png,HIBOGI_AI_00914_png_jpg.rf.fa2516ee7f6bd6e563a576e3158f875b.jpg,,0,0,no_caries,no_caries,0.6007,0.60071,0.19854,0.10065,0.1001
crops/hibogi_ai_00914_png_2.jpg,hibogi_ai_00914_png,HIBOGI_AI_00914_png_jpg.rf.fa2516ee7f6bd6e563a576e3158f875b.jpg,,0,0,no_caries,no_caries,0.8195,0.81954,0.02,0.12187,0.03859
crops/hibogi_ai_00914_png_3.jpg,hibogi_ai_00914_png,HIBOGI_AI_00914_png_jpg.rf.fa2516ee7f6bd6e563a576e3158f875b.jpg,,0,0,no_caries,no_caries,0.6997,0.69971,0.14764,0.123,0.02965
crops/hibogi_ai_00914_png_4.jpg,hibogi_ai_00914_png,HIBOGI_AI_00914_png_jpg.rf.fa2516ee7f6bd6e563a576e3158f875b.jpg,,0,0,no_caries,no_caries,0.6101,0.61005,0.28801,0.06344,0.03849
crops/hibogi_ai_00914_png_5.jpg,hibogi_ai_00914_png,HIBOGI_AI_00914_png_jpg.rf.fa2516ee7f6bd6e563a576e3158f875b.jpg,,3,0,moderate,moderate,0.8851,0.02891,0.05879,0.88506,0.02725
crops/hibogi_ai_00914_png_6.jpg,hibogi_ai_00914_png,HIBOGI_AI_00914_png_jpg.rf.fa2516ee7f6bd6e563a576e3158f875b.jpg,,3,0,moderate,moderate,0.426,0.16465,0.2811,0.42605,0.1282
crops/hibogi_ai_00914_png_7.jpg,hibogi_ai_00914_png,HIBOGI_AI_00914_png_jpg.rf.fa2516ee7f6bd6e563a576e3158f875b.jpg,,0,0,no_caries,no_caries,0.6887,0.68871,0.0243,0.24004,0.04694
crops/hibogi_ai_00930_png_0.jpg,hibogi_ai_00930_png,HIBOGI_AI_00930_png_jpg.rf.5411e35f49098ef62ab8249eff88479e.jpg,,0,0,no_caries,no_caries,0.728,0.72803,0.09519,0.09594,0.08085
crops/hibogi_ai_00930_png_1.jpg,hibogi_ai_00930_png,HIBOGI_AI_00930_png_jpg.rf.5411e35f49098ef62ab8249eff88479e.jpg,,0,0,no_caries,no_caries,0.6614,0.6614,0.1822,0.10531,0.05109
crops/hibogi_ai_00930_png_2.jpg,hibogi_ai_00930_png,HIBOGI_AI_00930_png_jpg.rf.5411e35f49098ef62ab8249eff88479e.jpg,,6,0,advanced,advanced,0.9014,0.01345,0.0577,0.0274,0.90144
crops/hibogi_ai_00930_png_3.jpg,hibogi_ai_00930_png,HIBOGI_AI_00930_png_jpg.rf.5411e35f49098ef62ab8249eff88479e.jpg,,6,0,advanced,no_caries,0.3098,0.30977,0.22815,0.18089,0.28119
crops/hibogi_ai_00930_png_4.jpg,hibogi_ai_00930_png,HIBOGI_AI_00930_png_jpg.rf.5411e35f49098ef62ab8249eff88479e.jpg,,2,0,mild,mild,0.3081,0.29406,0.30807,0.10525,0.29262
crops/hibogi_ai_00930_png_5.jpg,hibogi_ai_00930_png,HIBOGI_AI_00930_png_jpg.rf.5411e35f49098ef62ab8249eff88479e.jpg,,0,0,no_caries,no_caries,0.6723,0.67229,0.16468,0.10488,0.05814
crops/hibogi_ai_00930_png_6.jpg,hibogi_ai_00930_png,HIBOGI_AI_00930_png_jpg.rf.5411e35f49098ef62ab8249eff88479e.jpg,,0,0,no_caries,no_caries,0.7268,0.72683,0.13632,0.1018,0.03505
crops/hibogi_ai_00930_png_7.jpg,hibogi_ai_00930_png,HIBOGI_AI_00930_png_jpg.rf.5411e35f49098ef62ab8249eff88479e.jpg,,0,0,no_caries,mild,0.4899,0.33094,0.48994,0.10737,0.07175
crops/hibogi_ai_00930_png_8.jpg,hibogi_ai_00930_png,HIBOGI_AI_00930_png_jpg.rf.5411e35f49098ef62ab8249eff88479e.jpg,,0,0,no_caries,no_caries,0.4489,0.44891,0.14871,0.32819,0.0742
crops/hibogi_ai_00930_png_9.jpg,hibogi_ai_00930_png,HIBOGI_AI_00930_png_jpg.rf.5411e35f49098ef62ab8249eff88479e.jpg,,6,0,advanced,advanced,0.6936,0.08338,0.16945,0.05353,0.69365
crops/hibogi_ai_00948_png_0.jpg,hibogi_ai_00948_png,HIBOGI_AI_00948_png_jpg.rf.f91001f033007530be1ad1b1bb6da66f.jpg,,5,0,advanced,mild,0.5239,0.16831,0.52393,0.17328,0.13447
crops/hibogi_ai_00948_png_1.jpg,hibogi_ai_00948_png,HIBOGI_AI_00948_png_jpg.rf.f91001f033007530be1ad1b1bb6da66f.jpg,,0,0,no_caries,no_caries,0.8043,0.80432,0.04208,0.04419,0.10941
crops/hibogi_ai_00948_png_2.jpg,hibogi_ai_00948_png,HIBOGI_AI_00948_png_jpg.rf.f91001f033007530be1ad1b1bb6da66f.jpg,,0,0,no_caries,no_caries,0.8026,0.80257,0.07662,0.05884,0.06198
crops/hibogi_ai_00948_png_3.jpg,hibogi_ai_00948_png,HIBOGI_AI_00948_png_jpg.rf.f91001f033007530be1ad1b1bb6da66f.jpg,,0,0,no_caries,no_caries,0.8078,0.80782,0.03464,0.1106,0.04694
crops/hibogi_ai_00948_png_4.jpg,hibogi_ai_00948_png,HIBOGI_AI_00948_png_jpg.rf.f91001f033007530be1ad1b1bb6da66f.jpg,,0,0,no_caries,no_caries,0.8627,0.86271,0.0222,0.0641,0.05099
crops/hibogi_ai_00948_png_5.jpg,hibogi_ai_00948_png,HIBOGI_AI_00948_png_jpg.rf.f91001f033007530be1ad1b1bb6da66f.jpg,,0,0,no_caries,no_caries,0.811,0.81104,0.09816,0.03706,0.05374
crops/hibogi_ai_00948_png_6.jpg,hibogi_ai_00948_png,HIBOGI_AI_00948_png_jpg.rf.f91001f033007530be1ad1b1bb6da66f.jpg,,0,0,no_caries,no_caries,0.8505,0.85048,0.02865,0.06921,0.05165
crops/hibogi_ai_00948_png_7.jpg,hibogi_ai_00948_png,HIBOGI_AI_00948_png_jpg.rf.f91001f033007530be1ad1b1bb6da66f.jpg,,0,0,no_caries,no_caries,0.8512,0.85125,0.04475,0.05882,0.04519
crops/hibogi_ai_00948_png_8.jpg,hibogi_ai_00948_png,HIBOGI_AI_00948_png_jpg.rf.f91001f033007530be1ad1b1bb6da66f.jpg,,0,0,no_caries,no_caries,0.75,0.75003,0.10072,0.08002,0.06922
crops/hibogi_ai_00948_png_9.jpg,hibogi_ai_00948_png,HIBOGI_AI_00948_png_jpg.rf.f91001f033007530be1ad1b1bb6da66f.jpg,,0,0,no_caries,no_caries,0.5362,0.53617,0.36441,0.04047,0.05896
crops/hibogi_ai_00948_png_10.jpg,hibogi_ai_00948_png,HIBOGI_AI_00948_png_jpg.rf.f91001f033007530be1ad1b1bb6da66f.jpg,,0,0,no_caries,no_caries,0.7612,0.76123,0.12152,0.05606,0.06119
crops/hibogi_ai_00948_png_11.jpg,hibogi_ai_00948_png,HIBOGI_AI_00948_png_jpg.rf.f91001f033007530be1ad1b1bb6da66f.jpg,,0,0,no_caries,no_caries,0.7611,0.76107,0.12922,0.03336,0.07636
crops/hibogi_ai_01071_png_0.jpg,hibogi_ai_01071_png,HIBOGI_AI_01071_png_jpg.rf.f3521fa143d740d27c0a1565c73edf4b.jpg,,0,0,no_caries,no_caries,0.8023,0.80235,0.0339,0.0832,0.08055
crops/hibogi_ai_01071_png_1.jpg,hibogi_ai_01071_png,HIBOGI_AI_01071_png_jpg.rf.f3521fa143d740d27c0a1565c73edf4b.jpg,,0,0,no_caries,no_caries,0.8555,0.85554,0.0185,0.06817,0.05779
crops/hibogi_ai_01071_png_2.jpg,hibogi_ai_01071_png,HIBOGI_AI_01071_png_jpg.rf.f3521fa143d740d27c0a1565c73edf4b.jpg,,0,0,no_caries,no_caries,0.7613,0.76125,0.03589,0.10256,0.1003
crops/hibogi_ai_01071_png_3.jpg,hibogi_ai_01071_png,HIBOGI_AI_01071_png_jpg.rf.f3521fa143d740d27c0a1565c73edf4b.jpg,,0,0,no_caries,no_caries,0.7129,0.71291,0.02958,0.15871,0.09881
crops/hibogi_ai_01071_png_4.jpg,hibogi_ai_01071_png,HIBOGI_AI_01071_png_jpg.rf.f3521fa143d740d27c0a1565c73edf4b.jpg,,0,0,no_caries,no_caries,0.6228,0.62284,0.12854,0.16448,0.08415
crops/hibogi_ai_01071_png_5.jpg,hibogi_ai_01071_png,HIBOGI_AI_01071_png_jpg.rf.f3521fa143d740d27c0a1565c73edf4b.jpg,,0,0,no_caries,no_caries,0.8312,0.83115,0.02364,0.07744,0.06777
crops/hibogi_ai_01071_png_6.jpg,hibogi_ai_01071_png,HIBOGI_AI_01071_png_jpg.rf.f3521fa143d740d27c0a1565c73edf4b.jpg,,0,0,no_caries,no_caries,0.802,0.80199,0.04664,0.09512,0.05624
crops/hibogi_ai_01071_png_7.jpg,hibogi_ai_01071_png,HIBOGI_AI_01071_png_jpg.rf.f3521fa143d740d27c0a1565c73edf4b.jpg,,0,0,no_caries,moderate,0.4197,0.14073,0.13453,0.41971,0.30502
crops/hibogi_ai_01071_png_8.jpg,hibogi_ai_01071_png,HIBOGI_AI_01071_png_jpg.rf.f3521fa143d740d27c0a1565c73edf4b.jpg,,0,0,no_caries,no_caries,0.6908,0.6908,0.03074,0.21646,0.062
crops/hibogi_ai_01071_png_9.jpg,hibogi_ai_01071_png,HIBOGI_AI_01071_png_jpg.rf.f3521fa143d740d27c0a1565c73edf4b.jpg,,0,0,no_caries,no_caries,0.7044,0.70437,0.05047,0.1949,0.05026
crops/hibogi_ai_01077_png_0.jpg,hibogi_ai_01077_png,HIBOGI_AI_01077_png_jpg.rf.43ce54577d952edf53dc5eda3535132a.jpg,,0,0,no_caries,no_caries,0.4866,0.48656,0.34381,0.07224,0.09739
crops/hibogi_ai_01077_png_1.jpg,hibogi_ai_01077_png,HIBOGI_AI_01077_png_jpg.rf.43ce54577d952edf53dc5eda3535132a.jpg,,0,0,no_caries,no_caries,0.583,0.58305,0.07998,0.2198,0.11717
crops/hibogi_ai_01077_png_2.jpg,hibogi_ai_01077_png,HIBOGI_AI_01077_png_jpg.rf.43ce54577d952edf53dc5eda3535132a.jpg,,0,0,no_caries,mild,0.432,0.33545,0.43195,0.13334,0.09926
crops/hibogi_ai_01077_png_3.jpg,hibogi_ai_01077_png,HIBOGI_AI_01077_png_jpg.rf.43ce54577d952edf53dc5eda3535132a.jpg,,5,0,advanced,advanced,0.9096,0.00295,0.01387,0.07359,0.90959
crops/hibogi_ai_01077_png_4.jpg,hibogi_ai_01077_png,HIBOGI_AI_01077_png_jpg.rf.43ce54577d952edf53dc5eda3535132a.jpg,,0,0,no_caries,no_caries,0.6689,0.66886,0.11657,0.12435,0.09022
crops/hibogi_ai_01077_png_5.jpg,hibogi_ai_01077_png,HIBOGI_AI_01077_png_jpg.rf.43ce54577d952edf53dc5eda3535132a.jpg,,0,0,no_caries,moderate,0.3308,0.28651,0.24083,0.33078,0.14188
crops/hibogi_ai_01077_png_6.jpg,hibogi_ai_01077_png,HIBOGI_AI_01077_png_jpg.rf.43ce54577d952edf53dc5eda3535132a.jpg,,0,0,no_caries,no_caries,0.6536,0.65359,0.07069,0.19892,0.07679
crops/hibogi_ai_01077_png_7.jpg,hibogi_ai_01077_png,HIBOGI_AI_01077_png_jpg.rf.43ce54577d952edf53dc5eda3535132a.jpg,,0,0,no_caries,no_caries,0.4827,0.48274,0.26948,0.18553,0.06225
crops/hibogi_ai_01077_png_8.jpg,hibogi_ai_01077_png,HIBOGI_AI_01077_png_jpg.rf.43ce54577d952edf53dc5eda3535132a.jpg,,0,0,no_caries,no_caries,0.7123,0.7123,0.09633,0.15105,0.04032
crops/hibogi_ai_01077_png_9.jpg,hibogi_ai_01077_png,HIBOGI_AI_01077_png_jpg.rf.43ce54577d952edf53dc5eda3535132a.jpg,,0,0,no_caries,no_caries,0.7611,0.7611,0.06176,0.11294,0.06421
crops/hibogi_ai_01077_png_10.jpg,hibogi_ai_01077_png,HIBOGI_AI_01077_png_jpg.rf.43ce54577d952edf53dc5eda3535132a.jpg,,0,0,no_caries,no_caries,0.7437,0.74366,0.13997,0.06787,0.0485
crops/hibogi_ai_01077_png_11.jpg,hibogi_ai_01077_png,HIBOGI_AI_01077_png_jpg.rf.43ce54577d952edf53dc5eda3535132a.jpg,,0,0,no_caries,no_caries,0.6749,0.67492,0.14564,0.0936,0.08583
crops/hibogi_ai_01077_png_12.jpg,hibogi_ai_01077_png,HIBOGI_AI_01077_png_jpg.rf.43ce54577d952edf53dc5eda3535132a.jpg,,0,0,no_caries,no_caries,0.7063,0.70626,0.10971,0.07656,0.10747
crops/hibogi_ai_01077_png_13.jpg,hibogi_ai_01077_png,HIBOGI_AI_01077_png_jpg.rf.43ce54577d952edf53dc5eda3535132a.jpg,,0,0,no_caries,no_caries,0.5872,0.58722,0.16697,0.11977,0.12604
crops/hibogi_ai_01077_png_14.jpg,hibogi_ai_01077_png,HIBOGI_AI_01077_png_jpg.rf.43ce54577d952edf53dc5eda3535132a.jpg,,0,0,no_caries,no_caries,0.4739,0.47387,0.2942,0.1667,0.06523
crops/hibogi_ai_01077_png_15.jpg,hibogi_ai_01077_png,HIBOGI_AI_01077_png_jpg.rf.43ce54577d952edf53dc5eda3535132a.jpg,,1,0,mild,no_caries,0.3372,0.33718,0.2634,0.26335,0.13607
crops/hibogi_ai_01097_0.jpg,hibogi_ai_01097,HIBOGI_AI_01097_jpg.rf.1cbb4ed30fd1b5ef931e4b48e1d066c1.jpg,,6,0,advanced,advanced,0.9678,0.00764,0.01547,0.00906,0.96782
crops/hibogi_ai_01097_1.jpg,hibogi_ai_01097,HIBOGI_AI_01097_jpg.rf.1cbb4ed30fd1b5ef931e4b48e1d066c1.jpg,,5,0,advanced,mild,0.3277,0.27213,0.32772,0.13085,0.2693
crops/hibogi_ai_01097_2.jpg,hibogi_ai_01097,HIBOGI_AI_01097_jpg.rf.1cbb4ed30fd1b5ef931e4b48e1d066c1.jpg,,0,0,no_caries,no_caries,0.804,0.80404,0.07339,0.07608,0.04648
crops/hibogi_ai_01097_3.jpg,hibogi_ai_01097,HIBOGI_AI_01097_jpg.rf.1cbb4ed30fd1b5ef931e4b48e1d066c1.jpg,,0,0,no_caries,no_caries,0.7705,0.77053,0.06436,0.09219,0.07291
crops/hibogi_ai_01097_4.jpg,hibogi_ai_01097,HIBOGI_AI_01097_jpg.rf.1cbb4ed30fd1b5ef931e4b48e1d066c1.jpg,,0,0,no_caries,no_caries,0.821,0.82097,0.04754,0.05749,0.07399
crops/hibogi_ai_01097_5.jpg,hibogi_ai_01097,HIBOGI_AI_01097_jpg.rf.1cbb4ed30fd1b5ef931e4b48e1d066c1.jpg,,0,0,no_caries,no_caries,0.567,0.56701,0.31467,0.0703,0.04801
crops/hibogi_ai_01097_6.jpg,hibogi_ai_01097,HIBOGI_AI_01097_jpg.rf.1cbb4ed30fd1b5ef931e4b48e1d066c1.jpg,,0,0,no_caries,no_caries,0.6809,0.68094,0.19741,0.07641,0.04523
crops/hibogi_ai_01097_7.jpg,hibogi_ai_01097,HIBOGI_AI_01097_jpg.rf.1cbb4ed30fd1b5ef931e4b48e1d066c1.jpg,,0,0,no_caries,no_caries,0.5339,0.53387,0.33702,0.08689,0.04223
crops/hibogi_ai_01097_8.jpg,hibogi_ai_01097,HIBOGI_AI_01097_jpg.rf.1cbb4ed30fd1b5ef931e4b48e1d066c1.jpg,,0,0,no_caries,no_caries,0.8154,0.81539,0.08837,0.07039,0.02585
crops/hibogi_ai_01097_9.jpg,hibogi_ai_01097,HIBOGI_AI_01097_jpg.rf.1cbb4ed30fd1b5ef931e4b48e1d066c1.jpg,,0,0,no_caries,no_caries,0.8063,0.80633,0.05076,0.06671,0.0762
crops/hibogi_ai_01097_10.jpg,hibogi_ai_01097,HIBOGI_AI_01097_jpg.rf.1cbb4ed30fd1b5ef931e4b48e1d066c1.jpg,,0,0,no_caries,no_caries,0.8017,0.80174,0.05279,0.07694,0.06852
crops/hibogi_ai_01097_11.jpg,hibogi_ai_01097,HIBOGI_AI_01097_jpg.rf.1cbb4ed30fd1b5ef931e4b48e1d066c1.jpg,,0,0,no_caries,no_caries,0.776,0.77601,0.08093,0.10191,0.04115
crops/hibogi_ai_01097_12.jpg,hibogi_ai_01097,HIBOGI_AI_01097_jpg.rf.1cbb4ed30fd1b5ef931e4b48e1d066c1.jpg,,0,0,no_caries,no_caries,0.4705,0.47048,0.41688,0.06187,0.05077
crops/hibogi_ai_01097_13.jpg,hibogi_ai_01097,HIBOGI_AI_01097_jpg.rf.1cbb4ed30fd1b5ef931e4b48e1d066c1.jpg,,0,0,no_caries,no_caries,0.7832,0.7832,0.09016,0.06894,0.0577
crops/hibogi_ai_01145_png_0.jpg,hibogi_ai_01145_png,HIBOGI_AI_01145_png_jpg.rf.132c6d6fc197a559691aa8d8ec683f1e.jpg,,0,0,no_caries,no_caries,0.8232,0.82322,0.05599,0.07243,0.04836
crops/hibogi_ai_01145_png_1.jpg,hibogi_ai_01145_png,HIBOGI_AI_01145_png_jpg.rf.132c6d6fc197a559691aa8d8ec683f1e.jpg,,0,0,no_caries,no_caries,0.8726,0.8726,0.03635,0.05631,0.03474
crops/hibogi_ai_01145_png_2.jpg,hibogi_ai_01145_png,HIBOGI_AI_01145_png_jpg.rf.132c6d6fc197a559691aa8d8ec683f1e.jpg,,3,0,moderate,mild,0.4481,0.0525,0.44807,0.21041,0.28901
crops/hibogi_ai_01145_png_3.jpg,hibogi_ai_01145_png,HIBOGI_AI_01145_png_jpg.rf.132c6d6fc197a559691aa8d8ec683f1e.jpg,,0,0,no_caries,no_caries,0.5865,0.5865,0.24178,0.07408,0.09765
crops/hibogi_ai_01145_png_4.jpg,hibogi_ai_01145_png,HIBOGI_AI_01145_png_jpg.rf.132c6d6fc197a559691aa8d8ec683f1e.jpg,,3,0,moderate,moderate,0.4798,0.22429,0.21222,0.47976,0.08373
crops/hibogi_ai_01145_png_5.jpg,hibogi_ai_01145_png,HIBOGI_AI_01145_png_jpg.rf.132c6d6fc197a559691aa8d8ec683f1e.jpg,,6,0,advanced,advanced,0.7689,0.01641,0.03719,0.17754,0.76886
crops/hibogi_ai_01369_png_0.jpg,hibogi_ai_01369_png,HIBOGI_AI_01369_png_jpg.rf.a16e7b7b3af35c3b66498a61bd9d1edb.jpg,,0,0,no_caries,mild,0.695,0.19243,0.69502,0.06219,0.05035
crops/hibogi_ai_01369_png_1.jpg,hibogi_ai_01369_png,HIBOGI_AI_01369_png_jpg.rf.a16e7b7b3af35c3b66498a61bd9d1edb.jpg,,0,0,no_caries,mild,0.721,0.18578,0.72103,0.05194,0.04125
crops/hibogi_ai_01369_png_2.jpg,hibogi_ai_01369_png,HIBOGI_AI_01369_png_jpg.rf.a16e7b7b3af35c3b66498a61bd9d1edb.jpg,,0,0,no_caries,no_caries,0.7294,0.72939,0.12564,0.06738,0.07758
crops/hibogi_ai_01369_png_3.jpg,hibogi_ai_01369_png,HIBOGI_AI_01369_png_jpg.rf.a16e7b7b3af35c3b66498a61bd9d1edb.jpg,,0,0,no_caries,no_caries,0.6643,0.66425,0.09984,0.05973,0.17617
crops/hibogi_ai_01369_png_4.jpg,hibogi_ai_01369_png,HIBOGI_AI_01369_png_jpg.rf.a16e7b7b3af35c3b66498a61bd9d1edb.jpg,,0,0,no_caries,no_caries,0.6698,0.66977,0.17533,0.06171,0.09318
crops/hibogi_ai_01369_png_5.jpg,hibogi_ai_01369_png,HIBOGI_AI_01369_png_jpg.rf.a16e7b7b3af35c3b66498a61bd9d1edb.jpg,,0,0,no_caries,mild,0.4593,0.15212,0.45932,0.08805,0.30051
crops/hibogi_ai_01369_png_6.jpg,hibogi_ai_01369_png,HIBOGI_AI_01369_png_jpg.rf.a16e7b7b3af35c3b66498a61bd9d1edb.jpg,,6,0,advanced,advanced,0.8911,0.01566,0.03387,0.05933,0.89114
crops/hibogi_ai_01369_png_7.jpg,hibogi_ai_01369_png,HIBOGI_AI_01369_png_jpg.rf.a16e7b7b3af35c3b66498a61bd9d1edb.jpg,,0,0,no_caries,mild,0.4253,0.2044,0.42532,0.09985,0.27042
crops/hibogi_ai_01369_png_8.jpg,hibogi_ai_01369_png,HIBOGI_AI_01369_png_jpg.rf.a16e7b7b3af35c3b66498a61bd9d1edb.jpg,,6,0,advanced,mild,0.403,0.05306,0.40295,0.31922,0.22476
crops/hibogi_ai_01384_png_0.jpg,hibogi_ai_01384_png,HIBOGI_AI_01384_png_jpg.rf.96b8d9516b46df47892b5277f245886e.jpg,,3,0,moderate,moderate,0.8442,0.02911,0.09898,0.8442,0.02771
crops/hibogi_ai_01384_png_1.jpg,hibogi_ai_01384_png,HIBOGI_AI_01384_png_jpg.rf.96b8d9516b46df47892b5277f245886e.jpg,,2,0,mild,no_caries,0.5127,0.51273,0.30143,0.07623,0.10962
crops/hibogi_ai_01384_png_2.jpg,hibogi_ai_01384_png,HIBOGI_AI_01384_png_jpg.rf.96b8d9516b46df47892b5277f245886e.jpg,,3,0,moderate,moderate,0.3628,0.10218,0.31386,0.36279,0.22116
crops/hibogi_ai_01384_png_3.jpg,hibogi_ai_01384_png,HIBOGI_AI_01384_png_jpg.rf.96b8d9516b46df47892b5277f245886e.jpg,,0,0,no_caries,no_caries,0.7506,0.75057,0.10843,0.04837,0.09263
crops/hibogi_ai_01384_png_4.jpg,hibogi_ai_01384_png,HIBOGI_AI_01384_png_jpg.rf.96b8d9516b46df47892b5277f245886e.jpg,,0,0,no_caries,no_caries,0.8231,0.82311,0.09272,0.03526,0.04892
crops/hibogi_ai_01384_png_5.jpg,hibogi_ai_01384_png,HIBOGI_AI_01384_png_jpg.rf.96b8d9516b46df47892b5277f245886e.jpg,,2,0,mild,no_caries,0.5866,0.58664,0.29006,0.05655,0.06676
crops/hibogi_ai_01384_png_6.jpg,hibogi_ai_01384_png,HIBOGI_AI_01384_png_jpg.rf.96b8d9516b46df47892b5277f245886e.jpg,,3,0,moderate,no_caries,0.7686,0.76859,0.09618,0.05858,0.07665
crops/hibogi_ai_01384_png_7.jpg,hibogi_ai_01384_png,HIBOGI_AI_01384_png_jpg.rf.96b8d9516b46df47892b5277f245886e.jpg,,2,0,mild,mild,0.3661,0.25155,0.36613,0.33127,0.05104
crops/hibogi_ai_01515_png_0.jpg,hibogi_ai_01515_png,HIBOGI_AI_01515_png_jpg.rf.39fb49856f42dff413e00baca095ee48.jpg,,0,0,no_caries,mild,0.4329,0.29292,0.43286,0.09027,0.18395
crops/hibogi_ai_01515_png_1.jpg,hibogi_ai_01515_png,HIBOGI_AI_01515_png_jpg.rf.39fb49856f42dff413e00baca095ee48.jpg,,6,0,advanced,advanced,0.9536,0.00443,0.01969,0.02231,0.95357
crops/hibogi_ai_01515_png_2.jpg,hibogi_ai_01515_png,HIBOGI_AI_01515_png_jpg.rf.39fb49856f42dff413e00baca095ee48.jpg,,0,0,no_caries,advanced,0.5074,0.31717,0.09026,0.08512,0.50744
crops/hibogi_ai_01515_png_3.jpg,hibogi_ai_01515_png,HIBOGI_AI_01515_png_jpg.rf.39fb49856f42dff413e00baca095ee48.jpg,,0,0,no_caries,no_caries,0.7298,0.72981,0.02252,0.13976,0.10791
crops/hibogi_ai_01515_png_4.jpg,hibogi_ai_01515_png,HIBOGI_AI_01515_png_jpg.rf.39fb49856f42dff413e00baca095ee48.jpg,,0,0,no_caries,no_caries,0.764,0.76398,0.03777,0.10766,0.09059
crops/hibogi_ai_01515_png_5.jpg,hibogi_ai_01515_png,HIBOGI_AI_01515_png_jpg.rf.39fb49856f42dff413e00baca095ee48.jpg,,0,0,no_caries,no_caries,0.7403,0.74029,0.02482,0.10788,0.12701
crops/hibogi_ai_01515_png_6.jpg,hibogi_ai_01515_png,HIBOGI_AI_01515_png_jpg.rf.39fb49856f42dff413e00baca095ee48.jpg,,0,0,no_caries,no_caries,0.7634,0.76343,0.04109,0.08522,0.11025
crops/hibogi_ai_01515_png_7.jpg,hibogi_ai_01515_png,HIBOGI_AI_01515_png_jpg.rf.39fb49856f42dff413e00baca095ee48.jpg,,0,0,no_caries,no_caries,0.4707,0.47069,0.03832,0.2611,0.2299
crops/hibogi_ai_01515_png_8.jpg,hibogi_ai_01515_png,HIBOGI_AI_01515_png_jpg.rf.39fb49856f42dff413e00baca095ee48.jpg,,0,0,no_caries,no_caries,0.7527,0.75267,0.02461,0.11757,0.10515
crops/hibogi_ai_01515_png_9.jpg,hibogi_ai_01515_png,HIBOGI_AI_01515_png_jpg.rf.39fb49856f42dff413e00baca095ee48.jpg,,0,0,no_caries,no_caries,0.7357,0.73575,0.03684,0.10268,0.12473
crops/hibogi_ai_01515_png_10.jpg,hibogi_ai_01515_png,HIBOGI_AI_01515_png_jpg.rf.39fb49856f42dff413e00baca095ee48.jpg,,0,0,no_caries,no_caries,0.7541,0.75414,0.02354,0.13117,0.09115
crops/hibogi_ai_01515_png_11.jpg,hibogi_ai_01515_png,HIBOGI_AI_01515_png_jpg.rf.39fb49856f42dff413e00baca095ee48.jpg,,0,0,no_caries,no_caries,0.6979,0.69789,0.02424,0.17378,0.10409
crops/hibogi_ai_01515_png_12.jpg,hibogi_ai_01515_png,HIBOGI_AI_01515_png_jpg.rf.39fb49856f42dff413e00baca095ee48.jpg,,0,0,no_caries,no_caries,0.7524,0.75244,0.02244,0.12241,0.10271
crops/hibogi_ai_01515_png_13.jpg,hibogi_ai_01515_png,HIBOGI_AI_01515_png_jpg.rf.39fb49856f42dff413e00baca095ee48.jpg,,0,0,no_caries,no_caries,0.736,0.73598,0.01752,0.0968,0.1497
crops/hibogi_ai_01515_png_14.jpg,hibogi_ai_01515_png,HIBOGI_AI_01515_png_jpg.rf.39fb49856f42dff413e00baca095ee48.jpg,,0,0,no_caries,no_caries,0.7632,0.76323,0.02507,0.11397,0.09773
crops/hibogi_ai_01680_png_0.jpg,hibogi_ai_01680_png,HIBOGI_AI_01680_png_jpg.rf.8e87697fe96cc04ba0f18e60560129fd.jpg,,1,0,mild,mild,0.4983,0.40178,0.49833,0.05757,0.04232
crops/hibogi_ai_01680_png_1.jpg,hibogi_ai_01680_png,HIBOGI_AI_01680_png_jpg.rf.8e87697fe96cc04ba0f18e60560129fd.jpg,,1,0,mild,mild,0.3626,0.29486,0.36257,0.2935,0.04906
crops/hibogi_ai_01680_png_2.jpg,hibogi_ai_01680_png,HIBOGI_AI_01680_png_jpg.rf.8e87697fe96cc04ba0f18e60560129fd.jpg,,6,0,advanced,moderate,0.6039,0.04194,0.15277,0.60386,0.20143
crops/hibogi_ai_01680_png_3.jpg,hibogi_ai_01680_png,HIBOGI_AI_01680_png_jpg.rf.8e87697fe96cc04ba0f18e60560129fd.jpg,,0,0,no_caries,no_caries,0.5416,0.54161,0.28867,0.09374,0.07599
crops/hibogi_ai_01680_png_4.jpg,hibogi_ai_01680_png,HIBOGI_AI_01680_png_jpg.rf.8e87697fe96cc04ba0f18e60560129fd.jpg,,0,0,no_caries,no_caries,0.6826,0.68259,0.15631,0.10958,0.05151
crops/hibogi_ai_01680_png_5.jpg,hibogi_ai_01680_png,HIBOGI_AI_01680_png_jpg.rf.8e87697fe96cc04ba0f18e60560129fd.jpg,,0,0,no_caries,no_caries,0.8058,0.80583,0.09345,0.04629,0.05444
crops/hibogi_ai_01680_png_6.jpg,hibogi_ai_01680_png,HIBOGI_AI_01680_png_jpg.rf.8e87697fe96cc04ba0f18e60560129fd.jpg,,0,0,no_caries,no_caries,0.8152,0.81518,0.05213,0.07219,0.06051
crops/hibogi_ai_01680_png_7.jpg,hibogi_ai_01680_png,HIBOGI_AI_01680_png_jpg.rf.8e87697fe96cc04ba0f18e60560129fd.jpg,,0,0,no_caries,no_caries,0.8235,0.82354,0.03337,0.06236,0.08072
crops/hibogi_ai_01680_png_8.jpg,hibogi_ai_01680_png,HIBOGI_AI_01680_png_jpg.rf.8e87697fe96cc04ba0f18e60560129fd.jpg,,0,0,no_caries,no_caries,0.7532,0.75316,0.06693,0.08523,0.09468
crops/hibogi_ai_01680_png_9.jpg,hibogi_ai_01680_png,HIBOGI_AI_01680_png_jpg.rf.8e87697fe96cc04ba0f18e60560129fd.jpg,,0,0,no_caries,no_caries,0.7026,0.70255,0.19366,0.05816,0.04562
crops/hibogi_ai_01680_png_10.jpg,hibogi_ai_01680_png,HIBOGI_AI_01680_png_jpg.rf.8e87697fe96cc04ba0f18e60560129fd.jpg,,2,0,mild,mild,0.5085,0.39003,0.50851,0.08024,0.02121
crops/hibogi_ai_01680_png_11.jpg,hibogi_ai_01680_png,HIBOGI_AI_01680_png_jpg.rf.8e87697fe96cc04ba0f18e60560129fd.jpg,,5,0,advanced,advanced,0.855,0.00296,0.04709,0.09498,0.85496
crops/hibogi_ai_01680_png_12.jpg,hibogi_ai_01680_png,HIBOGI_AI_01680_png_jpg.rf.8e87697fe96cc04ba0f18e60560129fd.jpg,,3,0,moderate,mild,0.5532,0.07519,0.55318,0.31407,0.05757
crops/hibogi_ai_01680_png_13.jpg,hibogi_ai_01680_png,HIBOGI_AI_01680_png_jpg.rf.8e87697fe96cc04ba0f18e60560129fd.jpg,,2,0,mild,mild,0.3796,0.12401,0.37959,0.22532,0.27108
crops/hibogi_ai_01771_png_0.jpg,hibogi_ai_01771_png,HIBOGI_AI_01771_png_jpg.rf.d6ee2e8a26d439f52d83862b5454bd0f.jpg,,0,0,no_caries,mild,0.4535,0.35161,0.45346,0.07534,0.11959
crops/hibogi_ai_01771_png_1.jpg,hibogi_ai_01771_png,HIBOGI_AI_01771_png_jpg.rf.d6ee2e8a26d439f52d83862b5454bd0f.jpg,,3,0,moderate,no_caries,0.7013,0.70132,0.13281,0.09116,0.07471
crops/hibogi_ai_01771_png_2.jpg,hibogi_ai_01771_png,HIBOGI_AI_01771_png_jpg.rf.d6ee2e8a26d439f52d83862b5454bd0f.jpg,,0,0,no_caries,no_caries,0.399,0.39902,0.32749,0.07431,0.19918
crops/hibogi_ai_01771_png_3.jpg,hibogi_ai_01771_png,HIBOGI_AI_01771_png_jpg.rf.d6ee2e8a26d439f52d83862b5454bd0f.jpg,,3,0,moderate,no_caries,0.3668,0.36679,0.13047,0.28332,0.21942
crops/hibogi_ai_01771_png_4.jpg,hibogi_ai_01771_png,HIBOGI_AI_01771_png_jpg.rf.d6ee2e8a26d439f52d83862b5454bd0f.jpg,,0,0,no_caries,no_caries,0.7771,0.77712,0.04799,0.10973,0.06516
crops/hibogi_ai_01771_png_5.jpg,hibogi_ai_01771_png,HIBOGI_AI_01771_png_jpg.rf.d6ee2e8a26d439f52d83862b5454bd0f.jpg,,0,0,no_caries,no_caries,0.7274,0.72738,0.09056,0.06592,0.11613
crops/hibogi_ai_01771_png_6.jpg,hibogi_ai_01771_png,HIBOGI_AI_01771_png_jpg.rf.d6ee2e8a26d439f52d83862b5454bd0f.jpg,,5,0,advanced,advanced,0.837,0.01092,0.01595,0.13613,0.83699
crops/hibogi_ai_01771_png_7.jpg,hibogi_ai_01771_png,HIBOGI_AI_01771_png_jpg.rf.d6ee2e8a26d439f52d83862b5454bd0f.jpg,,0,0,no_caries,no_caries,0.7179,0.71793,0.07367,0.13756,0.07083
crops/hibogi_ai_01771_png_8.jpg,hibogi_ai_01771_png,HIBOGI_AI_01771_png_jpg.rf.d6ee2e8a26d439f52d83862b5454bd0f.jpg,,0,0,no_caries,no_caries,0.6862,0.68622,0.09007,0.164,0.05971
crops/hibogi_ai_01771_png_9.jpg,hibogi_ai_01771_png,HIBOGI_AI_01771_png_jpg.rf.d6ee2e8a26d439f52d83862b5454bd0f.jpg,,0,0,no_caries,no_caries,0.7275,0.72746,0.08561,0.11295,0.07398
crops/hibogi_ai_01771_png_10.jpg,hibogi_ai_01771_png,HIBOGI_AI_01771_png_jpg.rf.d6ee2e8a26d439f52d83862b5454bd0f.jpg,,0,0,no_caries,no_caries,0.7818,0.78179,0.05143,0.11876,0.04802
crops/hibogi_ai_01771_png_11.jpg,hibogi_ai_01771_png,HIBOGI_AI_01771_png_jpg.rf.d6ee2e8a26d439f52d83862b5454bd0f.jpg,,0,0,no_caries,no_caries,0.7486,0.74856,0.04141,0.15561,0.05442
crops/hibogi_ai_01771_png_12.jpg,hibogi_ai_01771_png,HIBOGI_AI_01771_png_jpg.rf.d6ee2e8a26d439f52d83862b5454bd0f.jpg,,0,0,no_caries,no_caries,0.7781,0.77808,0.03828,0.11043,0.07321
crops/hibogi_ai_01771_png_13.jpg,hibogi_ai_01771_png,HIBOGI_AI_01771_png_jpg.rf.d6ee2e8a26d439f52d83862b5454bd0f.jpg,,0,0,no_caries,no_caries,0.8348,0.83478,0.04209,0.07239,0.05073
crops/hibogi_ai_01771_png_14.jpg,hibogi_ai_01771_png,HIBOGI_AI_01771_png_jpg.rf.d6ee2e8a26d439f52d83862b5454bd0f.jpg,,0,0,no_caries,no_caries,0.8163,0.8163,0.07524,0.05551,0.05294
crops/hibogi_ai_01771_png_15.jpg,hibogi_ai_01771_png,HIBOGI_AI_01771_png_jpg.rf.d6ee2e8a26d439f52d83862b5454bd0f.jpg,,0,0,no_caries,no_caries,0.7323,0.73232,0.13361,0.09062,0.04346
crops/hibogi_ai_01771_png_16.jpg,hibogi_ai_01771_png,HIBOGI_AI_01771_png_jpg.rf.d6ee2e8a26d439f52d83862b5454bd0f.jpg,,0,0,no_caries,no_caries,0.7087,0.70867,0.0509,0.12537,0.11506
crops/hibogi_ai_01771_png_17.jpg,hibogi_ai_01771_png,HIBOGI_AI_01771_png_jpg.rf.d6ee2e8a26d439f52d83862b5454bd0f.jpg,,0,0,no_caries,no_caries,0.6916,0.69156,0.04009,0.14136,0.127
crops/hibogi_ai_01889_png_0.jpg,hibogi_ai_01889_png,HIBOGI_AI_01889_png_jpg.rf.be9161cba90689ccfc9137b8c1b4cfd0.jpg,,6,0,advanced,moderate,0.6182,0.05266,0.28391,0.61824,0.0452
crops/hibogi_ai_01889_png_1.jpg,hibogi_ai_01889_png,HIBOGI_AI_01889_png_jpg.rf.be9161cba90689ccfc9137b8c1b4cfd0.jpg,,4,0,moderate,no_caries,0.3516,0.35162,0.25838,0.27628,0.11372
crops/hibogi_ai_01889_png_2.jpg,hibogi_ai_01889_png,HIBOGI_AI_01889_png_jpg.rf.be9161cba90689ccfc9137b8c1b4cfd0.jpg,,1,0,mild,mild,0.3746,0.28645,0.3746,0.1803,0.15865
crops/hibogi_ai_01889_png_3.jpg,hibogi_ai_01889_png,HIBOGI_AI_01889_png_jpg.rf.be9161cba90689ccfc9137b8c1b4cfd0.jpg,,0,0,no_caries,no_caries,0.5073,0.50733,0.28036,0.10772,0.10459
crops/hibogi_ai_01889_png_4.jpg,hibogi_ai_01889_png,HIBOGI_AI_01889_png_jpg.rf.be9161cba90689ccfc9137b8c1b4cfd0.jpg,,0,0,no_caries,mild,0.718,0.19287,0.71797,0.05491,0.03425
crops/hibogi_ai_01889_png_5.jpg,hibogi_ai_01889_png,HIBOGI_AI_01889_png_jpg.rf.be9161cba90689ccfc9137b8c1b4cfd0.jpg,,0,0,no_caries,mild,0.6473,0.18777,0.64733,0.08054,0.08435
crops/hibogi_ai_01889_png_6.jpg,hibogi_ai_01889_png,HIBOGI_AI_01889_png_jpg.rf.be9161cba90689ccfc9137b8c1b4cfd0.jpg,,0,0,no_caries,mild,0.5135,0.39267,0.51347,0.07244,0.02142
crops/hibogi_ai_01889_png_7.jpg,hibogi_ai_01889_png,HIBOGI_AI_01889_png_jpg.rf.be9161cba90689ccfc9137b8c1b4cfd0.jpg,,0,0,no_caries,no_caries,0.5633,0.56332,0.25785,0.15109,0.02774
crops/hibogi_ai_01889_png_8.jpg,hibogi_ai_01889_png,HIBOGI_AI_01889_png_jpg.rf.be9161cba90689ccfc9137b8c1b4cfd0.jpg,,0,0,no_caries,no_caries,0.705,0.70496,0.13862,0.08393,0.07249
crops/hibogi_ai_01889_png_9.jpg,hibogi_ai_01889_png,HIBOGI_AI_01889_png_jpg.rf.be9161cba90689ccfc9137b8c1b4cfd0.jpg,,0,0,no_caries,no_caries,0.5224,0.52237,0.27872,0.08961,0.1093
crops/hibogi_ai_01889_png_10.jpg,hibogi_ai_01889_png,HIBOGI_AI_01889_png_jpg.rf.be9161cba90689ccfc9137b8c1b4cfd0.jpg,,0,0,no_caries,no_caries,0.7167,0.71671,0.15885,0.07801,0.04643
crops/hibogi_ai_01889_png_11.jpg,hibogi_ai_01889_png,HIBOGI_AI_01889_png_jpg.rf.be9161cba90689ccfc9137b8c1b4cfd0.jpg,,5,0,advanced,advanced,0.518,0.15316,0.20175,0.12711,0.51798
crops/hibogi_ai_01889_png_12.jpg,hibogi_ai_01889_png,HIBOGI_AI_01889_png_jpg.rf.be9161cba90689ccfc9137b8c1b4cfd0.jpg,,5,0,advanced,advanced,0.9489,0.00368,0.00898,0.03847,0.94886
crops/hibogi_ai_01909_png_0.jpg,hibogi_ai_01909_png,HIBOGI_AI_01909_png_jpg.rf.7ae45c781971df002090d3ef58c89e48.jpg,,0,0,no_caries,no_caries,0.6081,0.60809,0.28451,0.06,0.04741
crops/hibogi_ai_01909_png_1.jpg,hibogi_ai_01909_png,HIBOGI_AI_01909_png_jpg.rf.7ae45c781971df002090d3ef58c89e48.jpg,,0,0,no_caries,no_caries,0.7152,0.71518,0.1032,0.13513,0.04649
crops/hibogi_ai_01909_png_2.jpg,hibogi_ai_01909_png,HIBOGI_AI_01909_png_jpg.rf.7ae45c781971df002090d3ef58c89e48.jpg,,2,0,mild,no_caries,0.5812,0.58117,0.30469,0.06993,0.04422
crops/hibogi_ai_01909_png_3.jpg,hibogi_ai_01909_png,HIBOGI_AI_01909_png_jpg.rf.7ae45c781971df002090d3ef58c89e48.jpg,,2,0,mild,no_caries,0.675,0.67496,0.17619,0.06508,0.08376
crops/hibogi_ai_01909_png_4.jpg,hibogi_ai_01909_png,HIBOGI_AI_01909_png_jpg.rf.7ae45c781971df002090d3ef58c89e48.jpg,,0,0,no_caries,no_caries,0.7285,0.72846,0.12593,0.08911,0.05649
crops/hibogi_ai_01913_png_0.jpg,hibogi_ai_01913_png,HIBOGI_AI_01913_png_jpg.rf.390d4ec51dcef9b0ef092c88cf42c56c.jpg,,2,0,mild,no_caries,0.696,0.69604,0.19071,0.0923,0.02095
crops/hibogi_ai_01913_png_1.jpg,hibogi_ai_01913_png,HIBOGI_AI_01913_png_jpg.rf.390d4ec51dcef9b0ef092c88cf42c56c.jpg,,2,0,mild,mild,0.6845,0.23305,0.6845,0.06648,0.01597
crops/hibogi_ai_01913_png_2.jpg,hibogi_ai_01913_png,HIBOGI_AI_01913_png_jpg.rf.390d4ec51dcef9b0ef092c88cf42c56c.jpg,,2,0,mild,mild,0.776,0.10066,0.77605,0.07747,0.04582
crops/hibogi_ai_01913_png_3.jpg,hibogi_ai_01913_png,HIBOGI_AI_01913_png_jpg.rf.390d4ec51dcef9b0ef092c88cf42c56c.jpg,,2,0,mild,moderate,0.4243,0.18789,0.12909,0.4243,0.25871
crops/hibogi_ai_01913_png_4.jpg,hibogi_ai_01913_png,HIBOGI_AI_01913_png_jpg.rf.390d4ec51dcef9b0ef092c88cf42c56c.jpg,,0,0,no_caries,mild,0.5263,0.30348,0.52631,0.15424,0.01597
crops/hibogi_ai_01913_png_5.jpg,hibogi_ai_01913_png,HIBOGI_AI_01913_png_jpg.rf.390d4ec51dcef9b0ef092c88cf42c56c.jpg,,3,0,moderate,moderate,0.8686,0.02055,0.01733,0.86863,0.0935
crops/hibogi_ai_01913_png_6.jpg,hibogi_ai_01913_png,HIBOGI_AI_01913_png_jpg.rf.390d4ec51dcef9b0ef092c88cf42c56c.jpg,,6,0,advanced,mild,0.3927,0.28708,0.39265,0.22673,0.09354
crops/hibogi_ai_01913_png_7.jpg,hibogi_ai_01913_png,HIBOGI_AI_01913_png_jpg.rf.390d4ec51dcef9b0ef092c88cf42c56c.jpg,,2,0,mild,no_caries,0.5017,0.50175,0.31894,0.06627,0.11304
crops/hibogi_ai_01913_png_8.jpg,hibogi_ai_01913_png,HIBOGI_AI_01913_png_jpg.rf.390d4ec51dcef9b0ef092c88cf42c56c.jpg,,5,0,advanced,advanced,0.352,0.21711,0.26473,0.16615,0.35202
crops/hibogi_ai_01913_png_9.jpg,hibogi_ai_01913_png,HIBOGI_AI_01913_png_jpg.rf.390d4ec51dcef9b0ef092c88cf42c56c.jpg,,6,0,advanced,advanced,0.8586,0.00549,0.08726,0.04862,0.85864
crops/hibogi_ai_01913_png_10.jpg,hibogi_ai_01913_png,HIBOGI_AI_01913_png_jpg.rf.390d4ec51dcef9b0ef092c88cf42c56c.jpg,,0,0,no_caries,no_caries,0.6262,0.62622,0.14251,0.14969,0.08158
crops/hibogi_ai_01913_png_11.jpg,hibogi_ai_01913_png,HIBOGI_AI_01913_png_jpg.rf.390d4ec51dcef9b0ef092c88cf42c56c.jpg,,0,0,no_caries,no_caries,0.5375,0.53746,0.2979,0.1145,0.05014
crops/hibogi_ai_01913_png_12.jpg,hibogi_ai_01913_png,HIBOGI_AI_01913_png_jpg.rf.390d4ec51dcef9b0ef092c88cf42c56c.jpg,,0,0,no_caries,no_caries,0.7867,0.78671,0.10967,0.05226,0.05136
crops/hibogi_ai_01913_png_13.jpg,hibogi_ai_01913_png,HIBOGI_AI_01913_png_jpg.rf.390d4ec51dcef9b0ef092c88cf42c56c.jpg,,0,0,no_caries,no_caries,0.7662,0.76615,0.15044,0.04269,0.04072
crops/hibogi_ai_01913_png_14.jpg,hibogi_ai_01913_png,HIBOGI_AI_01913_png_jpg.rf.390d4ec51dcef9b0ef092c88cf42c56c.jpg,,0,0,no_caries,no_caries,0.792,0.79198,0.04908,0.10887,0.05008
crops/hibogi_ai_01913_png_15.jpg,hibogi_ai_01913_png,HIBOGI_AI_01913_png_jpg.rf.390d4ec51dcef9b0ef092c88cf42c56c.jpg,,0,0,no_caries,no_caries,0.6105,0.61051,0.29861,0.06505,0.02584
crops/hibogi_ai_01913_png_16.jpg,hibogi_ai_01913_png,HIBOGI_AI_01913_png_jpg.rf.390d4ec51dcef9b0ef092c88cf42c56c.jpg,,0,0,no_caries,advanced,0.4267,0.06868,0.38149,0.12317,0.42666
crops/hibogi_ai_01913_png_17.jpg,hibogi_ai_01913_png,HIBOGI_AI_01913_png_jpg.rf.390d4ec51dcef9b0ef092c88cf42c56c.jpg,,0,0,no_caries,no_caries,0.5725,0.57253,0.15197,0.06711,0.2084
crops/hibogi_ai_01913_png_18.jpg,hibogi_ai_01913_png,HIBOGI_AI_01913_png_jpg.rf.390d4ec51dcef9b0ef092c88cf42c56c.jpg,,6,0,advanced,moderate,0.3605,0.18683,0.24039,0.36052,0.21226
crops/hibogi_ai_01920_png_0.jpg,hibogi_ai_01920_png,HIBOGI_AI_01920_png_jpg.rf.f9a983f236d4502adeb553b453ff8e2d.jpg,,0,0,no_caries,no_caries,0.7946,0.79459,0.04251,0.07597,0.08693
crops/hibogi_ai_01920_png_1.jpg,hibogi_ai_01920_png,HIBOGI_AI_01920_png_jpg.rf.f9a983f236d4502adeb553b453ff8e2d.jpg,,6,0,advanced,advanced,0.9823,0.00292,0.00816,0.0066,0.98232
crops/hibogi_ai_01920_png_2.jpg,hibogi_ai_01920_png,HIBOGI_AI_01920_png_jpg.rf.f9a983f236d4502adeb553b453ff8e2d.jpg,,5,0,advanced,advanced,0.8645,0.00884,0.07365,0.05302,0.86448
crops/hibogi_ai_01920_png_3.jpg,hibogi_ai_01920_png,HIBOGI_AI_01920_png_jpg.rf.f9a983f236d4502adeb553b453ff8e2d.jpg,,5,0,advanced,advanced,0.9762,0.00251,0.01064,0.01062,0.97624
crops/hibogi_ai_01920_png_4.jpg,hibogi_ai_01920_png,HIBOGI_AI_01920_png_jpg.rf.f9a983f236d4502adeb553b453ff8e2d.jpg,,1,0,mild,advanced,0.4654,0.05607,0.36084,0.11767,0.46542
crops/hibogi_ai_01920_png_5.jpg,hibogi_ai_01920_png,HIBOGI_AI_01920_png_jpg.rf.f9a983f236d4502adeb553b453ff8e2d.jpg,,1,0,mild,no_caries,0.6143,0.61428,0.14555,0.14151,0.09867
crops/hibogi_ai_01920_png_6.jpg,hibogi_ai_01920_png,HIBOGI_AI_01920_png_jpg.rf.f9a983f236d4502adeb553b453ff8e2d.jpg,,1,0,mild,no_caries,0.6444,0.64439,0.09528,0.20908,0.05125
crops/hibogi_ai_01920_png_7.jpg,hibogi_ai_01920_png,HIBOGI_AI_01920_png_jpg.rf.f9a983f236d4502adeb553b453ff8e2d.jpg,,1,0,mild,no_caries,0.7587,0.75869,0.02421,0.13826,0.07884
crops/hibogi_ai_01920_png_8.jpg,hibogi_ai_01920_png,HIBOGI_AI_01920_png_jpg.rf.f9a983f236d4502adeb553b453ff8e2d.jpg,,1,0,mild,no_caries,0.7917,0.7917,0.04426,0.06364,0.10039
crops/hibogi_ai_01920_png_9.jpg,hibogi_ai_01920_png,HIBOGI_AI_01920_png_jpg.rf.f9a983f236d4502adeb553b453ff8e2d.jpg,,1,0,mild,no_caries,0.6809,0.68087,0.09137,0.13965,0.08811
crops/hibogi_ai_01920_png_10.jpg,hibogi_ai_01920_png,HIBOGI_AI_01920_png_jpg.rf.f9a983f236d4502adeb553b453ff8e2d.jpg,,0,0,no_caries,no_caries,0.6426,0.64258,0.05404,0.1611,0.14228
crops/hibogi_ai_01920_png_11.jpg,hibogi_ai_01920_png,HIBOGI_AI_01920_png_jpg.rf.f9a983f236d4502adeb553b453ff8e2d.jpg,,0,0,no_caries,no_caries,0.6117,0.6117,0.01328,0.15213,0.22289
crops/hibogi_ai_01920_png_12.jpg,hibogi_ai_01920_png,HIBOGI_AI_01920_png_jpg.rf.f9a983f236d4502adeb553b453ff8e2d.jpg,,0,0,no_caries,no_caries,0.5924,0.59238,0.07483,0.16925,0.16354
crops/hibogi_ai_01920_png_13.jpg,hibogi_ai_01920_png,HIBOGI_AI_01920_png_jpg.rf.f9a983f236d4502adeb553b453ff8e2d.jpg,,6,0,advanced,advanced,0.4678,0.16627,0.06104,0.30485,0.46784
crops/hibogi_ai_02350_png_0.jpg,hibogi_ai_02350_png,HIBOGI_AI_02350_png_jpg.rf.27bf67ee37a6c2d6732e90eb9a296d63.jpg,,0,0,no_caries,no_caries,0.7877,0.78773,0.04111,0.07693,0.09423
crops/hibogi_ai_02350_png_1.jpg,hibogi_ai_02350_png,HIBOGI_AI_02350_png_jpg.rf.27bf67ee37a6c2d6732e90eb9a296d63.jpg,,0,0,no_caries,no_caries,0.805,0.80504,0.03085,0.09052,0.07359
crops/hibogi_ai_02350_png_2.jpg,hibogi_ai_02350_png,HIBOGI_AI_02350_png_jpg.rf.27bf67ee37a6c2d6732e90eb9a296d63.jpg,,0,0,no_caries,no_caries,0.7083,0.70827,0.05044,0.14705,0.09424
crops/hibogi_ai_02350_png_3.jpg,hibogi_ai_02350_png,HIBOGI_AI_02350_png_jpg.rf.27bf67ee37a6c2d6732e90eb9a296d63.jpg,,0,0,no_caries,no_caries,0.6626,0.66257,0.07251,0.19837,0.06655
crops/hibogi_ai_02350_png_4.jpg,hibogi_ai_02350_png,HIBOGI_AI_02350_png_jpg.rf.27bf67ee37a6c2d6732e90eb9a296d63.jpg,,0,0,no_caries,no_caries,0.6849,0.68493,0.02837,0.17898,0.10773
crops/hibogi_ai_02350_png_5.jpg,hibogi_ai_02350_png,HIBOGI_AI_02350_png_jpg.rf.27bf67ee37a6c2d6732e90eb9a296d63.jpg,,0,0,no_caries,no_caries,0.7757,0.77571,0.02658,0.13535,0.06235
crops/hibogi_ai_02350_png_6.jpg,hibogi_ai_02350_png,HIBOGI_AI_02350_png_jpg.rf.27bf67ee37a6c2d6732e90eb9a296d63.jpg,,0,0,no_caries,no_caries,0.7948,0.79477,0.04296,0.12538,0.03689
crops/hibogi_ai_02350_png_7.jpg,hibogi_ai_02350_png,HIBOGI_AI_02350_png_jpg.rf.27bf67ee37a6c2d6732e90eb9a296d63.jpg,,0,0,no_caries,no_caries,0.7872,0.78722,0.05077,0.09798,0.06403
crops/hibogi_ai_02350_png_8.jpg,hibogi_ai_02350_png,HIBOGI_AI_02350_png_jpg.rf.27bf67ee37a6c2d6732e90eb9a296d63.jpg,,0,0,no_caries,no_caries,0.6571,0.65712,0.04457,0.23683,0.06149
crops/hibogi_ai_02350_png_9.jpg,hibogi_ai_02350_png,HIBOGI_AI_02350_png_jpg.rf.27bf67ee37a6c2d6732e90eb9a296d63.jpg,,0,0,no_caries,no_caries,0.7533,0.75333,0.04257,0.09426,0.10984
crops/hibogi_ai_02402_png_0.jpg,hibogi_ai_02402_png,HIBOGI_AI_02402_png_jpg.rf.3561cb19b579ceee2438c7e69ec7b138.jpg,,6,0,advanced,advanced,0.9784,0.00152,0.0076,0.01246,0.97842
crops/hibogi_ai_02402_png_1.jpg,hibogi_ai_02402_png,HIBOGI_AI_02402_png_jpg.rf.3561cb19b579ceee2438c7e69ec7b138.jpg,,6,0,advanced,advanced,0.9921,0.00027,0.0046,0.00302,0.99211
crops/hibogi_ai_02402_png_2.jpg,hibogi_ai_02402_png,HIBOGI_AI_02402_png_jpg.rf.3561cb19b579ceee2438c7e69ec7b138.jpg,,6,0,advanced,advanced,0.9906,0.00099,0.00465,0.00376,0.9906
crops/hibogi_ai_02402_png_3.jpg,hibogi_ai_02402_png,HIBOGI_AI_02402_png_jpg.rf.3561cb19b579ceee2438c7e69ec7b138.jpg,,6,0,advanced,advanced,0.9801,0.00242,0.01009,0.00742,0.98007
crops/hibogi_ai_02402_png_4.jpg,hibogi_ai_02402_png,HIBOGI_AI_02402_png_jpg.rf.3561cb19b579ceee2438c7e69ec7b138.jpg,,0,0,no_caries,no_caries,0.3531,0.35309,0.32483,0.08774,0.23434
crops/hibogi_ai_02402_png_5.jpg,hibogi_ai_02402_png,HIBOGI_AI_02402_png_jpg.rf.3561cb19b579ceee2438c7e69ec7b138.jpg,,0,0,no_caries,mild,0.4412,0.34842,0.44124,0.14825,0.06209
crops/hibogi_ai_02402_png_6.jpg,hibogi_ai_02402_png,HIBOGI_AI_02402_png_jpg.rf.3561cb19b579ceee2438c7e69ec7b138.jpg,,0,0,no_caries,no_caries,0.7724,0.77236,0.04372,0.13091,0.05301
crops/hibogi_ai_02402_png_7.jpg,hibogi_ai_02402_png,HIBOGI_AI_02402_png_jpg.rf.3561cb19b579ceee2438c7e69ec7b138.jpg,,0,0,no_caries,no_caries,0.73,0.72997,0.06614,0.13371,0.07018
crops/hibogi_ai_02402_png_8.jpg,hibogi_ai_02402_png,HIBOGI_AI_02402_png_jpg.rf.3561cb19b579ceee2438c7e69ec7b138.jpg,,0,0,no_caries,no_caries,0.8165,0.81649,0.03042,0.07529,0.07779
crops/hibogi_ai_02402_png_9.jpg,hibogi_ai_02402_png,HIBOGI_AI_02402_png_jpg.rf.3561cb19b579ceee2438c7e69ec7b138.jpg,,0,0,no_caries,no_caries,0.7836,0.78361,0.04283,0.13562,0.03794
crops/hibogi_ai_02402_png_10.jpg,hibogi_ai_02402_png,HIBOGI_AI_02402_png_jpg.rf.3561cb19b579ceee2438c7e69ec7b138.jpg,,0,0,no_caries,no_caries,0.8017,0.80165,0.05022,0.08072,0.0674
crops/hibogi_ai_02402_png_11.jpg,hibogi_ai_02402_png,HIBOGI_AI_02402_png_jpg.rf.3561cb19b579ceee2438c7e69ec7b138.jpg,,0,0,no_caries,mild,0.9239,0.04905,0.92393,0.00993,0.01709
crops/hibogi_ai_02402_png_12.jpg,hibogi_ai_02402_png,HIBOGI_AI_02402_png_jpg.rf.3561cb19b579ceee2438c7e69ec7b138.jpg,,1,0,mild,advanced,0.7872,0.03503,0.13247,0.04534,0.78716
crops/hibogi_ai_02440_png_0.jpg,hibogi_ai_02440_png,HIBOGI_AI_02440_png_jpg.rf.926ec9b0711863859767c6c9a3a10d86.jpg,,3,0,moderate,moderate,0.3171,0.28,0.14894,0.31713,0.25392
crops/hibogi_ai_02440_png_1.jpg,hibogi_ai_02440_png,HIBOGI_AI_02440_png_jpg.rf.926ec9b0711863859767c6c9a3a10d86.jpg,,0,0,no_caries,advanced,0.4778,0.14933,0.21975,0.15312,0.47781
crops/hibogi_ai_02440_png_2.jpg,hibogi_ai_02440_png,HIBOGI_AI_02440_png_jpg.rf.926ec9b0711863859767c6c9a3a10d86.jpg,,6,0,advanced,advanced,0.9879,0.00069,0.00626,0.00511,0.98794
crops/hibogi_ai_02440_png_3.jpg,hibogi_ai_02440_png,HIBOGI_AI_02440_png_jpg.rf.926ec9b0711863859767c6c9a3a10d86.jpg,,6,0,advanced,advanced,0.9854,0.00158,0.00759,0.00545,0.98539
crops/hibogi_ai_02440_png_4.jpg,hibogi_ai_02440_png,HIBOGI_AI_02440_png_jpg.rf.926ec9b0711863859767c6c9a3a10d86.jpg,,6,0,advanced,advanced,0.9561,0.0082,0.02856,0.00711,0.95613
crops/hibogi_ai_02440_png_5.jpg,hibogi_ai_02440_png,HIBOGI_AI_02440_png_jpg.rf.926ec9b0711863859767c6c9a3a10d86.jpg,,6,0,advanced,advanced,0.971,0.00426,0.01143,0.01334,0.97097
crops/hibogi_ai_02440_png_6.jpg,hibogi_ai_02440_png,HIBOGI_AI_02440_png_jpg.rf.926ec9b0711863859767c6c9a3a10d86.jpg,,0,0,no_caries,no_caries,0.5652,0.56518,0.26448,0.08175,0.08859
crops/hibogi_ai_02440_png_7.jpg,hibogi_ai_02440_png,HIBOGI_AI_02440_png_jpg.rf.926ec9b0711863859767c6c9a3a10d86.jpg,,1,0,mild,no_caries,0.6328,0.63282,0.1386,0.17995,0.04863
crops/hibogi_ai_02440_png_8.jpg,hibogi_ai_02440_png,HIBOGI_AI_02440_png_jpg.rf.926ec9b0711863859767c6c9a3a10d86.jpg,,0,0,no_caries,no_caries,0.648,0.64801,0.16775,0.05923,0.12501
crops/hibogi_ai_02702_png_0.jpg,hibogi_ai_02702_png,HIBOGI_AI_02702_png_jpg.rf.cbba75d26fc554c7a5af93aac995eee4.jpg,,0,0,no_caries,mild,0.3664,0.25805,0.36643,0.15929,0.21623
crops/hibogi_ai_02702_png_1.jpg,hibogi_ai_02702_png,HIBOGI_AI_02702_png_jpg.rf.cbba75d26fc554c7a5af93aac995eee4.jpg,,2,0,mild,advanced,0.3061,0.29729,0.24519,0.15146,0.30606
crops/hibogi_ai_02702_png_2.jpg,hibogi_ai_02702_png,HIBOGI_AI_02702_png_jpg.rf.cbba75d26fc554c7a5af93aac995eee4.jpg,,5,0,advanced,advanced,0.9847,0.00099,0.00577,0.00858,0.98466
crops/hibogi_ai_02702_png_3.jpg,hibogi_ai_02702_png,HIBOGI_AI_02702_png_jpg.rf.cbba75d26fc554c7a5af93aac995eee4.jpg,,3,0,moderate,advanced,0.8581,0.01066,0.01809,0.11313,0.85812
crops/hibogi_ai_02702_png_4.jpg,hibogi_ai_02702_png,HIBOGI_AI_02702_png_jpg.rf.cbba75d26fc554c7a5af93aac995eee4.jpg,,1,0,mild,mild,0.506,0.24422,0.50602,0.06268,0.18708
crops/hibogi_ai_02702_png_5.jpg,hibogi_ai_02702_png,HIBOGI_AI_02702_png_jpg.rf.cbba75d26fc554c7a5af93aac995eee4.jpg,,0,0,no_caries,no_caries,0.5305,0.53047,0.23327,0.1056,0.13066
crops/hibogi_ai_02702_png_6.jpg,hibogi_ai_02702_png,HIBOGI_AI_02702_png_jpg.rf.cbba75d26fc554c7a5af93aac995eee4.jpg,,0,0,no_caries,no_caries,0.5728,0.57277,0.15819,0.15238,0.11666
crops/hibogi_ai_02702_png_7.jpg,hibogi_ai_02702_png,HIBOGI_AI_02702_png_jpg.rf.cbba75d26fc554c7a5af93aac995eee4.jpg,,0,0,no_caries,no_caries,0.7926,0.79259,0.08538,0.06964,0.05238
crops/hibogi_ai_02702_png_8.jpg,hibogi_ai_02702_png,HIBOGI_AI_02702_png_jpg.rf.cbba75d26fc554c7a5af93aac995eee4.jpg,,0,0,no_caries,no_caries,0.7946,0.79463,0.05275,0.07242,0.0802
crops/hibogi_ai_02702_png_9.jpg,hibogi_ai_02702_png,HIBOGI_AI_02702_png_jpg.rf.cbba75d26fc554c7a5af93aac995eee4.jpg,,0,0,no_caries,no_caries,0.8244,0.82435,0.03388,0.07409,0.06768
crops/hibogi_ai_02702_png_10.jpg,hibogi_ai_02702_png,HIBOGI_AI_02702_png_jpg.rf.cbba75d26fc554c7a5af93aac995eee4.jpg,,0,0,no_caries,no_caries,0.7768,0.77681,0.04967,0.09173,0.08179
crops/hibogi_ai_02702_png_11.jpg,hibogi_ai_02702_png,HIBOGI_AI_02702_png_jpg.rf.cbba75d26fc554c7a5af93aac995eee4.jpg,,0,0,no_caries,no_caries,0.8528,0.85278,0.04271,0.05977,0.04474
crops/hibogi_ai_02702_png_12.jpg,hibogi_ai_02702_png,HIBOGI_AI_02702_png_jpg.rf.cbba75d26fc554c7a5af93aac995eee4.jpg,,0,0,no_caries,no_caries,0.515,0.51501,0.35719,0.06101,0.0668
crops/hibogi_ai_02712_png_0.jpg,hibogi_ai_02712_png,HIBOGI_AI_02712_png_jpg.rf.f1f57dd3364f52046ca483dc2d7808a5.jpg,,4,0,moderate,no_caries,0.4606,0.46065,0.32694,0.06798,0.14444
crops/hibogi_ai_02712_png_1.jpg,hibogi_ai_02712_png,HIBOGI_AI_02712_png_jpg.rf.f1f57dd3364f52046ca483dc2d7808a5.jpg,,3,0,moderate,advanced,0.7481,0.02116,0.09994,0.13084,0.74806
crops/hibogi_ai_02712_png_2.jpg,hibogi_ai_02712_png,HIBOGI_AI_02712_png_jpg.rf.f1f57dd3364f52046ca483dc2d7808a5.jpg,,3,0,moderate,mild,0.4302,0.2736,0.43024,0.12132,0.17484
crops/hibogi_ai_02712_png_3.jpg,hibogi_ai_02712_png,HIBOGI_AI_02712_png_jpg.rf.f1f57dd3364f52046ca483dc2d7808a5.jpg,,1,0,mild,no_caries,0.6895,0.68946,0.13442,0.08771,0.08842
crops/hibogi_ai_02712_png_4.jpg,hibogi_ai_02712_png,HIBOGI_AI_02712_png_jpg.rf.f1f57dd3364f52046ca483dc2d7808a5.jpg,,1,0,mild,no_caries,0.5922,0.59219,0.16867,0.1705,0.06864
crops/hibogi_ai_02712_png_5.jpg,hibogi_ai_02712_png,HIBOGI_AI_02712_png_jpg.rf.f1f57dd3364f52046ca483dc2d7808a5.jpg,,1,0,mild,no_caries,0.5481,0.54813,0.30409,0.0924,0.05538
crops/hibogi_ai_02712_png_6.jpg,hibogi_ai_02712_png,HIBOGI_AI_02712_png_jpg.rf.f1f57dd3364f52046ca483dc2d7808a5.jpg,,1,0,mild,no_caries,0.8338,0.83379,0.05082,0.06855,0.04684
crops/hibogi_ai_02712_png_7.jpg,hibogi_ai_02712_png,HIBOGI_AI_02712_png_jpg.rf.f1f57dd3364f52046ca483dc2d7808a5.jpg,,1,0,mild,no_caries,0.4797,0.47967,0.29864,0.11814,0.10355
crops/hibogi_ai_02820_png_0.jpg,hibogi_ai_02820_png,HIBOGI_AI_02820_png_jpg.rf.06fb546feee12e2c604073dd4a0b5432.jpg,,0,0,no_caries,no_caries,0.4974,0.49738,0.167,0.10954,0.22608
crops/hibogi_ai_02820_png_1.jpg,hibogi_ai_02820_png,HIBOGI_AI_02820_png_jpg.rf.06fb546feee12e2c604073dd4a0b5432.jpg,,0,0,no_caries,advanced,0.637,0.0226,0.2901,0.05035,0.63695
crops/hibogi_ai_02820_png_2.jpg,hibogi_ai_02820_png,HIBOGI_AI_02820_png_jpg.rf.06fb546feee12e2c604073dd4a0b5432.jpg,,2,0,mild,mild,0.4678,0.04339,0.46777,0.07728,0.41155
crops/hibogi_ai_02820_png_3.jpg,hibogi_ai_02820_png,HIBOGI_AI_02820_png_jpg.rf.06fb546feee12e2c604073dd4a0b5432.jpg,,2,0,mild,advanced,0.5264,0.03214,0.40064,0.04083,0.52639
crops/hibogi_ai_02820_png_4.jpg,hibogi_ai_02820_png,HIBOGI_AI_02820_png_jpg.rf.06fb546feee12e2c604073dd4a0b5432.jpg,,1,0,mild,advanced,0.3534,0.17696,0.2321,0.23751,0.35343
crops/hibogi_ai_02820_png_5.jpg,hibogi_ai_02820_png,HIBOGI_AI_02820_png_jpg.rf.06fb546feee12e2c604073dd4a0b5432.jpg,,0,0,no_caries,no_caries,0.7805,0.78051,0.11221,0.05342,0.05386
crops/hibogi_ai_02820_png_6.jpg,hibogi_ai_02820_png,HIBOGI_AI_02820_png_jpg.rf.06fb546feee12e2c604073dd4a0b5432.jpg,,0,0,no_caries,advanced,0.7809,0.03302,0.15693,0.02918,0.78087
crops/hibogi_ai_02820_png_7.jpg,hibogi_ai_02820_png,HIBOGI_AI_02820_png_jpg.rf.06fb546feee12e2c604073dd4a0b5432.jpg,,3,0,moderate,no_caries,0.6968,0.69681,0.13178,0.14527,0.02614
crops/hibogi_ai_02820_png_8.jpg,hibogi_ai_02820_png,HIBOGI_AI_02820_png_jpg.rf.06fb546feee12e2c604073dd4a0b5432.jpg,,3,0,moderate,no_caries,0.6969,0.69689,0.02179,0.0907,0.19062
crops/hibogi_ai_02820_png_9.jpg,hibogi_ai_02820_png,HIBOGI_AI_02820_png_jpg.rf.06fb546feee12e2c604073dd4a0b5432.jpg,,3,0,moderate,no_caries,0.6236,0.62362,0.071,0.26665,0.03874
crops/hibogi_ai_02820_png_10.jpg,hibogi_ai_02820_png,HIBOGI_AI_02820_png_jpg.rf.06fb546feee12e2c604073dd4a0b5432.jpg,,3,0,moderate,no_caries,0.6818,0.68185,0.07071,0.17927,0.06818
crops/hibogi_ai_02820_png_11.jpg,hibogi_ai_02820_png,HIBOGI_AI_02820_png_jpg.rf.06fb546feee12e2c604073dd4a0b5432.jpg,,0,0,no_caries,no_caries,0.5864,0.58637,0.22252,0.13376,0.05735
crops/hibogi_ai_02878_png_0.jpg,hibogi_ai_02878_png,HIBOGI_AI_02878_png_jpg.rf.a81a1f68cd1ff52bcb687f0257563775.jpg,,1,0,mild,no_caries,0.4878,0.48785,0.26892,0.1221,0.12113
crops/hibogi_ai_02878_png_1.jpg,hibogi_ai_02878_png,HIBOGI_AI_02878_png_jpg.rf.a81a1f68cd1ff52bcb687f0257563775.jpg,,1,0,mild,no_caries,0.4623,0.46234,0.31532,0.12667,0.09566
crops/hibogi_ai_02878_png_2.jpg,hibogi_ai_02878_png,HIBOGI_AI_02878_png_jpg.rf.a81a1f68cd1ff52bcb687f0257563775.jpg,,1,0,mild,mild,0.5684,0.33293,0.56835,0.05019,0.04852
crops/hibogi_ai_02878_png_3.jpg,hibogi_ai_02878_png,HIBOGI_AI_02878_png_jpg.rf.a81a1f68cd1ff52bcb687f0257563775.jpg,,0,0,no_caries,no_caries,0.5354,0.53539,0.37512,0.05445,0.03503
crops/hibogi_ai_02878_png_4.jpg,hibogi_ai_02878_png,HIBOGI_AI_02878_png_jpg.rf.a81a1f68cd1ff52bcb687f0257563775.jpg,,0,0,no_caries,mild,0.4366,0.40025,0.43663,0.12284,0.04028
crops/hibogi_ai_02878_png_5.jpg,hibogi_ai_02878_png,HIBOGI_AI_02878_png_jpg.rf.a81a1f68cd1ff52bcb687f0257563775.jpg,,0,0,no_caries,no_caries,0.6557,0.65567,0.20631,0.08216,0.05586
crops/hibogi_ai_02878_png_6.jpg,hibogi_ai_02878_png,HIBOGI_AI_02878_png_jpg.rf.a81a1f68cd1ff52bcb687f0257563775.jpg,,2,0,mild,mild,0.5757,0.19956,0.57575,0.16611,0.05859
crops/hibogi_ai_02878_png_7.jpg,hibogi_ai_02878_png,HIBOGI_AI_02878_png_jpg.rf.a81a1f68cd1ff52bcb687f0257563775.jpg,,1,0,mild,no_caries,0.4483,0.44827,0.2623,0.23434,0.05509
crops/hibogi_ai_02878_png_8.jpg,hibogi_ai_02878_png,HIBOGI_AI_02878_png_jpg.rf.a81a1f68cd1ff52bcb687f0257563775.jpg,,0,0,no_caries,no_caries,0.6599,0.65986,0.22481,0.07755,0.03778
crops/hibogi_ai_02878_png_9.jpg,hibogi_ai_02878_png,HIBOGI_AI_02878_png_jpg.rf.a81a1f68cd1ff52bcb687f0257563775.jpg,,0,0,no_caries,mild,0.5975,0.29679,0.59749,0.04086,0.06486
crops/hibogi_ai_02878_png_10.jpg,hibogi_ai_02878_png,HIBOGI_AI_02878_png_jpg.rf.a81a1f68cd1ff52bcb687f0257563775.jpg,,0,0,no_caries,no_caries,0.521,0.521,0.33132,0.06282,0.08487
crops/hibogi_ai_02878_png_11.jpg,hibogi_ai_02878_png,HIBOGI_AI_02878_png_jpg.rf.a81a1f68cd1ff52bcb687f0257563775.jpg,,0,0,no_caries,no_caries,0.6435,0.6435,0.17507,0.10486,0.07657
crops/hibogi_ai_02878_png_12.jpg,hibogi_ai_02878_png,HIBOGI_AI_02878_png_jpg.rf.a81a1f68cd1ff52bcb687f0257563775.jpg,,1,0,mild,mild,0.4473,0.43627,0.44729,0.08818,0.02825
crops/hibogi_ai_02878_png_13.jpg,hibogi_ai_02878_png,HIBOGI_AI_02878_png_jpg.rf.a81a1f68cd1ff52bcb687f0257563775.jpg,,1,0,mild,no_caries,0.4673,0.46735,0.39839,0.07381,0.06045
crops/hibogi_ai_02878_png_14.jpg,hibogi_ai_02878_png,HIBOGI_AI_02878_png_jpg.rf.a81a1f68cd1ff52bcb687f0257563775.jpg,,0,0,no_caries,mild,0.5767,0.32287,0.57671,0.05208,0.04834
crops/hibogi_ai_02928_png_0.jpg,hibogi_ai_02928_png,HIBOGI_AI_02928_png_jpg.rf.75f5f4f04557d7d1454c7f37a2064ab4.jpg,,3,0,moderate,mild,0.4205,0.06144,0.42054,0.30635,0.21167
crops/hibogi_ai_02928_png_1.jpg,hibogi_ai_02928_png,HIBOGI_AI_02928_png_jpg.rf.75f5f4f04557d7d1454c7f37a2064ab4.jpg,,3,0,moderate,mild,0.4306,0.19644,0.43058,0.31946,0.05351
crops/hibogi_ai_02928_png_2.jpg,hibogi_ai_02928_png,HIBOGI_AI_02928_png_jpg.rf.75f5f4f04557d7d1454c7f37a2064ab4.jpg,,5,0,advanced,moderate,0.8017,0.00406,0.02864,0.80173,0.16556
crops/hibogi_ai_02928_png_3.jpg,hibogi_ai_02928_png,HIBOGI_AI_02928_png_jpg.rf.75f5f4f04557d7d1454c7f37a2064ab4.jpg,,3,0,moderate,moderate,0.7581,0.02747,0.18656,0.75814,0.02783
crops/hibogi_ai_02928_png_4.jpg,hibogi_ai_02928_png,HIBOGI_AI_02928_png_jpg.rf.75f5f4f04557d7d1454c7f37a2064ab4.jpg,,3,0,moderate,moderate,0.5605,0.05584,0.31522,0.56046,0.06848
crops/hibogi_ai_02928_png_5.jpg,hibogi_ai_02928_png,HIBOGI_AI_02928_png_jpg.rf.75f5f4f04557d7d1454c7f37a2064ab4.jpg,,2,0,mild,mild,0.7612,0.02256,0.76121,0.03112,0.18511
crops/hibogi_ai_02928_png_6.jpg,hibogi_ai_02928_png,HIBOGI_AI_02928_png_jpg.rf.75f5f4f04557d7d1454c7f37a2064ab4.jpg,,2,0,mild,mild,0.7242,0.01308,0.72418,0.05737,0.20536
crops/hibogi_ai_02928_png_7.jpg,hibogi_ai_02928_png,HIBOGI_AI_02928_png_jpg.rf.75f5f4f04557d7d1454c7f37a2064ab4.jpg,,2,0,mild,mild,0.6174,0.15256,0.61736,0.06761,0.16248
crops/hibogi_ai_02928_png_8.jpg,hibogi_ai_02928_png,HIBOGI_AI_02928_png_jpg.rf.75f5f4f04557d7d1454c7f37a2064ab4.jpg,,2,0,mild,mild,0.6423,0.24467,0.64231,0.07638,0.03665
crops/hibogi_ai_02928_png_9.jpg,hibogi_ai_02928_png,HIBOGI_AI_02928_png_jpg.rf.75f5f4f04557d7d1454c7f37a2064ab4.jpg,,2,0,mild,mild,0.563,0.36935,0.56297,0.03146,0.03622
crops/hibogi_ai_02928_png_10.jpg,hibogi_ai_02928_png,HIBOGI_AI_02928_png_jpg.rf.75f5f4f04557d7d1454c7f37a2064ab4.jpg,,3,0,moderate,moderate,0.8596,0.01365,0.05993,0.85956,0.06686
crops/hibogi_ai_02928_png_11.jpg,hibogi_ai_02928_png,HIBOGI_AI_02928_png_jpg.rf.75f5f4f04557d7d1454c7f37a2064ab4.jpg,,3,0,moderate,mild,0.4064,0.03571,0.40643,0.35681,0.20105
crops/hibogi_ai_02928_png_12.jpg,hibogi_ai_02928_png,HIBOGI_AI_02928_png_jpg.rf.75f5f4f04557d7d1454c7f37a2064ab4.jpg,,5,0,advanced,advanced,0.3069,0.15086,0.29805,0.24419,0.30691
crops/hibogi_ai_02991_png_0.jpg,hibogi_ai_02991_png,HIBOGI_AI_02991_png_jpg.rf.be86b8dd9f1f9163efac72a7f29da4c9.jpg,,1,0,mild,mild,0.4824,0.08578,0.48236,0.38385,0.048
crops/hibogi_ai_02991_png_1.jpg,hibogi_ai_02991_png,HIBOGI_AI_02991_png_jpg.rf.be86b8dd9f1f9163efac72a7f29da4c9.jpg,,3,0,moderate,mild,0.5104,0.05736,0.51038,0.34228,0.08998
crops/hibogi_ai_02991_png_2.jpg,hibogi_ai_02991_png,HIBOGI_AI_02991_png_jpg.rf.be86b8dd9f1f9163efac72a7f29da4c9.jpg,,3,0,moderate,mild,0.6198,0.26513,0.6198,0.0779,0.03717
crops/hibogi_ai_02991_png_3.jpg,hibogi_ai_02991_png,HIBOGI_AI_02991_png_jpg.rf.be86b8dd9f1f9163efac72a7f29da4c9.jpg,,2,0,mild,no_caries,0.3662,0.36618,0.36465,0.15007,0.11911
crops/hibogi_ai_02991_png_4.jpg,hibogi_ai_02991_png,HIBOGI_AI_02991_png_jpg.rf.be86b8dd9f1f9163efac72a7f29da4c9.jpg,,0,0,no_caries,moderate,0.295,0.2811,0.29279,0.29498,0.13113
crops/hibogi_ai_02991_png_5.jpg,hibogi_ai_02991_png,HIBOGI_AI_02991_png_jpg.rf.be86b8dd9f1f9163efac72a7f29da4c9.jpg,,0,0,no_caries,mild,0.4755,0.34811,0.47553,0.13278,0.04357
crops/hibogi_ai_02991_png_6.jpg,hibogi_ai_02991_png,HIBOGI_AI_02991_png_jpg.rf.be86b8dd9f1f9163efac72a7f29da4c9.jpg,,0,0,no_caries,mild,0.5253,0.35002,0.52528,0.08044,0.04426
crops/hibogi_ai_02991_png_7.jpg,hibogi_ai_02991_png,HIBOGI_AI_02991_png_jpg.rf.be86b8dd9f1f9163efac72a7f29da4c9.jpg,,0,0,no_caries,no_caries,0.4535,0.45352,0.39763,0.10096,0.04788
crops/hibogi_ai_02991_png_8.jpg,hibogi_ai_02991_png,HIBOGI_AI_02991_png_jpg.rf.be86b8dd9f1f9163efac72a7f29da4c9.jpg,,0,0,no_caries,no_caries,0.5274,0.52744,0.29596,0.13007,0.04653
crops/hibogi_ai_02991_png_9.jpg,hibogi_ai_02991_png,HIBOGI_AI_02991_png_jpg.rf.be86b8dd9f1f9163efac72a7f29da4c9.jpg,,0,0,no_caries,mild,0.4452,0.32312,0.44522,0.09772,0.13394
crops/hibogi_ai_02991_png_10.jpg,hibogi_ai_02991_png,HIBOGI_AI_02991_png_jpg.rf.be86b8dd9f1f9163efac72a7f29da4c9.jpg,,0,0,no_caries,mild,0.4524,0.09131,0.45244,0.32068,0.13558
crops/hibogi_ai_02991_png_11.jpg,hibogi_ai_02991_png,HIBOGI_AI_02991_png_jpg.rf.be86b8dd9f1f9163efac72a7f29da4c9.jpg,,0,0,no_caries,mild,0.7653,0.166,0.76533,0.05036,0.01832
crops/hibogi_ai_02991_png_12.jpg,hibogi_ai_02991_png,HIBOGI_AI_02991_png_jpg.rf.be86b8dd9f1f9163efac72a7f29da4c9.jpg,,4,0,moderate,moderate,0.871,0.0045,0.09181,0.871,0.0327
crops/hibogi_ai_03021_png_0.jpg,hibogi_ai_03021_png,HIBOGI_AI_03021_png_jpg.rf.2fefa5efeaccff6978eadf3f80f56931.jpg,,2,0,mild,mild,0.5587,0.20276,0.55873,0.14644,0.09207
crops/hibogi_ai_03021_png_1.jpg,hibogi_ai_03021_png,HIBOGI_AI_03021_png_jpg.rf.2fefa5efeaccff6978eadf3f80f56931.jpg,,6,0,advanced,advanced,0.9446,0.00651,0.03742,0.01151,0.94456
crops/hibogi_ai_03021_png_2.jpg,hibogi_ai_03021_png,HIBOGI_AI_03021_png_jpg.rf.2fefa5efeaccff6978eadf3f80f56931.jpg,,3,0,moderate,mild,0.4988,0.03101,0.4988,0.2276,0.2426
crops/hibogi_ai_03021_png_3.jpg,hibogi_ai_03021_png,HIBOGI_AI_03021_png_jpg.rf.2fefa5efeaccff6978eadf3f80f56931.jpg,,2,0,mild,moderate,0.6255,0.17208,0.14139,0.6255,0.06103
crops/hibogi_ai_03021_png_4.jpg,hibogi_ai_03021_png,HIBOGI_AI_03021_png_jpg.rf.2fefa5efeaccff6978eadf3f80f56931.jpg,,1,0,mild,mild,0.6012,0.20667,0.60118,0.08775,0.10439
crops/hibogi_ai_03021_png_5.jpg,hibogi_ai_03021_png,HIBOGI_AI_03021_png_jpg.rf.2fefa5efeaccff6978eadf3f80f56931.jpg,,2,0,mild,mild,0.6486,0.21838,0.64855,0.0463,0.08677
crops/hibogi_ai_03021_png_6.jpg,hibogi_ai_03021_png,HIBOGI_AI_03021_png_jpg.rf.2fefa5efeaccff6978eadf3f80f56931.jpg,,2,0,mild,mild,0.5652,0.34156,0.56517,0.04514,0.04814
crops/hibogi_ai_03021_png_7.jpg,hibogi_ai_03021_png,HIBOGI_AI_03021_png_jpg.rf.2fefa5efeaccff6978eadf3f80f56931.jpg,,2,0,mild,mild,0.5531,0.37924,0.55311,0.03653,0.03111
crops/hibogi_ai_03021_png_8.jpg,hibogi_ai_03021_png,HIBOGI_AI_03021_png_jpg.rf.2fefa5efeaccff6978eadf3f80f56931.jpg,,2,0,mild,mild,0.7098,0.12586,0.70977,0.1343,0.03007
crops/hibogi_ai_03021_png_9.jpg,hibogi_ai_03021_png,HIBOGI_AI_03021_png_jpg.rf.2fefa5efeaccff6978eadf3f80f56931.jpg,,2,0,mild,no_caries,0.5807,0.5807,0.29827,0.06285,0.05818
crops/hibogi_ai_03021_png_10.jpg,hibogi_ai_03021_png,HIBOGI_AI_03021_png_jpg.rf.2fefa5efeaccff6978eadf3f80f56931.jpg,,2,0,mild,advanced,0.4774,0.03076,0.09517,0.39662,0.47745
crops/hibogi_ai_03021_png_11.jpg,hibogi_ai_03021_png,HIBOGI_AI_03021_png_jpg.rf.2fefa5efeaccff6978eadf3f80f56931.jpg,,3,0,moderate,advanced,0.7117,0.00894,0.11995,0.15937,0.71174
crops/hibogi_ai_03021_png_12.jpg,hibogi_ai_03021_png,HIBOGI_AI_03021_png_jpg.rf.2fefa5efeaccff6978eadf3f80f56931.jpg,,5,0,advanced,advanced,0.417,0.03954,0.34292,0.20053,0.41701
crops/hibogi_ai_03058_png_0.jpg,hibogi_ai_03058_png,HIBOGI_AI_03058_png_jpg.rf.7ffeddff62109c7ffbe44d80585a04a9.jpg,,0,0,no_caries,no_caries,0.6497,0.64971,0.19353,0.11085,0.04591
crops/hibogi_ai_03058_png_1.jpg,hibogi_ai_03058_png,HIBOGI_AI_03058_png_jpg.rf.7ffeddff62109c7ffbe44d80585a04a9.jpg,,0,0,no_caries,mild,0.5085,0.20968,0.50845,0.04188,0.23999
crops/hibogi_ai_03058_png_2.jpg,hibogi_ai_03058_png,HIBOGI_AI_03058_png_jpg.rf.7ffeddff62109c7ffbe44d80585a04a9.jpg,,1,0,mild,no_caries,0.7049,0.7049,0.18862,0.03915,0.06733
crops/hibogi_ai_03058_png_3.jpg,hibogi_ai_03058_png,HIBOGI_AI_03058_png_jpg.rf.7ffeddff62109c7ffbe44d80585a04a9.jpg,,2,0,mild,advanced,0.8009,0.01277,0.11702,0.06934,0.80087
crops/hibogi_ai_03058_png_4.jpg,hibogi_ai_03058_png,HIBOGI_AI_03058_png_jpg.rf.7ffeddff62109c7ffbe44d80585a04a9.jpg,,2,0,mild,advanced,0.5504,0.05102,0.30091,0.09766,0.55041
crops/hibogi_ai_03058_png_5.jpg,hibogi_ai_03058_png,HIBOGI_AI_03058_png_jpg.rf.7ffeddff62109c7ffbe44d80585a04a9.jpg,,2,0,mild,advanced,0.8386,0.00508,0.05701,0.09928,0.83863
crops/hibogi_ai_03058_png_6.jpg,hibogi_ai_03058_png,HIBOGI_AI_03058_png_jpg.rf.7ffeddff62109c7ffbe44d80585a04a9.jpg,,5,0,advanced,advanced,0.8479,0.02303,0.08057,0.04853,0.84787
crops/hibogi_ai_03058_png_7.jpg,hibogi_ai_03058_png,HIBOGI_AI_03058_png_jpg.rf.7ffeddff62109c7ffbe44d80585a04a9.jpg,,2,0,mild,mild,0.4958,0.04675,0.49582,0.33633,0.1211
crops/hibogi_ai_03058_png_8.jpg,hibogi_ai_03058_png,HIBOGI_AI_03058_png_jpg.rf.7ffeddff62109c7ffbe44d80585a04a9.jpg,,5,0,advanced,mild,0.4057,0.04025,0.40569,0.1674,0.38667
crops/hibogi_ai_03137_png_0.jpg,hibogi_ai_03137_png,HIBOGI_AI_03137_png_jpg.rf.19c88bbe066a1ea611a8d9dc416bd2cc.jpg,,3,0,moderate,mild,0.5385,0.04512,0.53853,0.19609,0.22026
crops/hibogi_ai_03137_png_1.jpg,hibogi_ai_03137_png,HIBOGI_AI_03137_png_jpg.rf.19c88bbe066a1ea611a8d9dc416bd2cc.jpg,,2,0,mild,no_caries,0.4654,0.46537,0.25103,0.22237,0.06123
crops/hibogi_ai_03137_png_2.jpg,hibogi_ai_03137_png,HIBOGI_AI_03137_png_jpg.rf.19c88bbe066a1ea611a8d9dc416bd2cc.jpg,,1,0,mild,mild,0.5896,0.04207,0.58959,0.18824,0.1801
crops/hibogi_ai_03137_png_3.jpg,hibogi_ai_03137_png,HIBOGI_AI_03137_png_jpg.rf.19c88bbe066a1ea611a8d9dc416bd2cc.jpg,,0,0,no_caries,no_caries,0.8305,0.83054,0.04731,0.06743,0.05473
crops/hibogi_ai_03137_png_4.jpg,hibogi_ai_03137_png,HIBOGI_AI_03137_png_jpg.rf.19c88bbe066a1ea611a8d9dc416bd2cc.jpg,,0,0,no_caries,no_caries,0.7507,0.75069,0.0792,0.10586,0.06426
crops/hibogi_ai_03137_png_5.jpg,hibogi_ai_03137_png,HIBOGI_AI_03137_png_jpg.rf.19c88bbe066a1ea611a8d9dc416bd2cc.jpg,,0,0,no_caries,no_caries,0.7526,0.75257,0.06339,0.11598,0.06806
crops/hibogi_ai_03137_png_6.jpg,hibogi_ai_03137_png,HIBOGI_AI_03137_png_jpg.rf.19c88bbe066a1ea611a8d9dc416bd2cc.jpg,,0,0,no_caries,no_caries,0.769,0.76895,0.07534,0.11788,0.03782
crops/hibogi_ai_03180_png_0.jpg,hibogi_ai_03180_png,HIBOGI_AI_03180_png_jpg.rf.9d023e2366186ed7e79361a03a9a8bfc.jpg,,3,0,moderate,mild,0.6564,0.03928,0.65636,0.0337,0.27066
crops/hibogi_ai_03180_png_1.jpg,hibogi_ai_03180_png,HIBOGI_AI_03180_png_jpg.rf.9d023e2366186ed7e79361a03a9a8bfc.jpg,,1,0,mild,mild,0.4972,0.24717,0.49724,0.11985,0.13574
crops/hibogi_ai_03180_png_2.jpg,hibogi_ai_03180_png,HIBOGI_AI_03180_png_jpg.rf.9d023e2366186ed7e79361a03a9a8bfc.jpg,,0,0,no_caries,no_caries,0.7731,0.77308,0.13508,0.05163,0.04021
crops/hibogi_ai_03180_png_3.jpg,hibogi_ai_03180_png,HIBOGI_AI_03180_png_jpg.rf.9d023e2366186ed7e79361a03a9a8bfc.jpg,,0,0,no_caries,no_caries,0.7871,0.78708,0.08498,0.07963,0.04831
crops/hibogi_ai_03180_png_4.jpg,hibogi_ai_03180_png,HIBOGI_AI_03180_png_jpg.rf.9d023e2366186ed7e79361a03a9a8bfc.jpg,,0,0,no_caries,no_caries,0.8216,0.82158,0.05314,0.06705,0.05823
crops/hibogi_ai_03180_png_5.jpg,hibogi_ai_03180_png,HIBOGI_AI_03180_png_jpg.rf.9d023e2366186ed7e79361a03a9a8bfc.jpg,,0,0,no_caries,no_caries,0.829,0.82903,0.04714,0.05412,0.06971
crops/hibogi_ai_03180_png_6.jpg,hibogi_ai_03180_png,HIBOGI_AI_03180_png_jpg.rf.9d023e2366186ed7e79361a03a9a8bfc.jpg,,0,0,no_caries,no_caries,0.7217,0.72174,0.16431,0.06273,0.05122
crops/hibogi_ai_03180_png_7.jpg,hibogi_ai_03180_png,HIBOGI_AI_03180_png_jpg.rf.9d023e2366186ed7e79361a03a9a8bfc.jpg,,0,0,no_caries,no_caries,0.7872,0.78718,0.12279,0.05137,0.03866
crops/hibogi_ai_03180_png_8.jpg,hibogi_ai_03180_png,HIBOGI_AI_03180_png_jpg.rf.9d023e2366186ed7e79361a03a9a8bfc.jpg,,0,0,no_caries,no_caries,0.7994,0.7994,0.07688,0.06409,0.05963
crops/hibogi_ai_03180_png_9.jpg,hibogi_ai_03180_png,HIBOGI_AI_03180_png_jpg.rf.9d023e2366186ed7e79361a03a9a8bfc.jpg,,0,0,no_caries,no_caries,0.7118,0.71176,0.22472,0.04252,0.021
crops/hibogi_ai_03180_png_10.jpg,hibogi_ai_03180_png,HIBOGI_AI_03180_png_jpg.rf.9d023e2366186ed7e79361a03a9a8bfc.jpg,,0,0,no_caries,no_caries,0.8273,0.82734,0.07304,0.05873,0.04089
crops/hibogi_ai_03180_png_11.jpg,hibogi_ai_03180_png,HIBOGI_AI_03180_png_jpg.rf.9d023e2366186ed7e79361a03a9a8bfc.jpg,,0,0,no_caries,no_caries,0.7823,0.78228,0.07844,0.06392,0.07536
crops/hibogi_ai_03180_png_12.jpg,hibogi_ai_03180_png,HIBOGI_AI_03180_png_jpg.rf.9d023e2366186ed7e79361a03a9a8bfc.jpg,,0,0,no_caries,no_caries,0.795,0.79505,0.0979,0.0608,0.04625
crops/hibogi_ai_03180_png_13.jpg,hibogi_ai_03180_png,HIBOGI_AI_03180_png_jpg.rf.9d023e2366186ed7e79361a03a9a8bfc.jpg,,0,0,no_caries,no_caries,0.7474,0.74737,0.12848,0.08798,0.03616
crops/hibogi_ai_03194_png_0.jpg,hibogi_ai_03194_png,HIBOGI_AI_03194_png_jpg.rf.86670fe349fb0079f7d4683a818eeb9e.jpg,,0,0,no_caries,no_caries,0.8346,0.83455,0.04963,0.06758,0.04824
crops/hibogi_ai_03194_png_1.jpg,hibogi_ai_03194_png,HIBOGI_AI_03194_png_jpg.rf.86670fe349fb0079f7d4683a818eeb9e.jpg,,0,0,no_caries,no_caries,0.769,0.76904,0.08715,0.0599,0.08391
crops/hibogi_ai_03194_png_2.jpg,hibogi_ai_03194_png,HIBOGI_AI_03194_png_jpg.rf.86670fe349fb0079f7d4683a818eeb9e.jpg,,0,0,no_caries,no_caries,0.7054,0.70541,0.09264,0.12101,0.08093
crops/hibogi_ai_03194_png_3.jpg,hibogi_ai_03194_png,HIBOGI_AI_03194_png_jpg.rf.86670fe349fb0079f7d4683a818eeb9e.jpg,,0,0,no_caries,no_caries,0.6771,0.67708,0.17432,0.0853,0.0633
crops/hibogi_ai_03194_png_4.jpg,hibogi_ai_03194_png,HIBOGI_AI_03194_png_jpg.rf.86670fe349fb0079f7d4683a818eeb9e.jpg,,0,0,no_caries,no_caries,0.8141,0.81407,0.03183,0.07607,0.07803
crops/hibogi_ai_03194_png_5.jpg,hibogi_ai_03194_png,HIBOGI_AI_03194_png_jpg.rf.86670fe349fb0079f7d4683a818eeb9e.jpg,,0,0,no_caries,no_caries,0.6335,0.63347,0.10139,0.1811,0.08404
crops/hibogi_ai_03194_png_6.jpg,hibogi_ai_03194_png,HIBOGI_AI_03194_png_jpg.rf.86670fe349fb0079f7d4683a818eeb9e.jpg,,0,0,no_caries,no_caries,0.6935,0.69352,0.07439,0.14082,0.09127
crops/hibogi_ai_03194_png_7.jpg,hibogi_ai_03194_png,HIBOGI_AI_03194_png_jpg.rf.86670fe349fb0079f7d4683a818eeb9e.jpg,,0,0,no_caries,no_caries,0.6891,0.68914,0.15224,0.07425,0.08437
crops/hibogi_ai_03333_png_0.jpg,hibogi_ai_03333_png,HIBOGI_AI_03333_png_jpg.rf.47643e6b931d62469b61dec4d869532a.jpg,,0,0,no_caries,no_caries,0.6557,0.65566,0.18546,0.10147,0.05741
crops/hibogi_ai_03333_png_1.jpg,hibogi_ai_03333_png,HIBOGI_AI_03333_png_jpg.rf.47643e6b931d62469b61dec4d869532a.jpg,,2,0,mild,no_caries,0.7272,0.72717,0.15145,0.07343,0.04795
crops/hibogi_ai_03333_png_2.jpg,hibogi_ai_03333_png,HIBOGI_AI_03333_png_jpg.rf.47643e6b931d62469b61dec4d869532a.jpg,,0,0,no_caries,no_caries,0.7475,0.74752,0.15931,0.06545,0.02772
crops/hibogi_ai_03333_png_3.jpg,hibogi_ai_03333_png,HIBOGI_AI_03333_png_jpg.rf.47643e6b931d62469b61dec4d869532a.jpg,,0,0,no_caries,no_caries,0.7659,0.76586,0.03314,0.14626,0.05474
crops/hibogi_ai_03333_png_4.jpg,hibogi_ai_03333_png,HIBOGI_AI_03333_png_jpg.rf.47643e6b931d62469b61dec4d869532a.jpg,,0,0,no_caries,no_caries,0.836,0.83596,0.02716,0.06668,0.07021
crops/hibogi_ai_03333_png_5.jpg,hibogi_ai_03333_png,HIBOGI_AI_03333_png_jpg.rf.47643e6b931d62469b61dec4d869532a.jpg,,0,0,no_caries,no_caries,0.8003,0.80027,0.08284,0.06471,0.05218
crops/hibogi_ai_03333_png_6.jpg,hibogi_ai_03333_png,HIBOGI_AI_03333_png_jpg.rf.47643e6b931d62469b61dec4d869532a.jpg,,0,0,no_caries,no_caries,0.8261,0.82608,0.05759,0.05401,0.06232
crops/hibogi_ai_03333_png_7.jpg,hibogi_ai_03333_png,HIBOGI_AI_03333_png_jpg.rf.47643e6b931d62469b61dec4d869532a.jpg,,0,0,no_caries,no_caries,0.7928,0.79277,0.13685,0.04674,0.02365
crops/hibogi_ai_03333_png_8.jpg,hibogi_ai_03333_png,HIBOGI_AI_03333_png_jpg.rf.47643e6b931d62469b61dec4d869532a.jpg,,0,0,no_caries,no_caries,0.3985,0.39853,0.28872,0.17597,0.13678
crops/hibogi_ai_03333_png_9.jpg,hibogi_ai_03333_png,HIBOGI_AI_03333_png_jpg.rf.47643e6b931d62469b61dec4d869532a.jpg,,3,0,moderate,no_caries,0.6929,0.6929,0.1208,0.15048,0.03583
crops/hibogi_ai_03336_png_0.jpg,hibogi_ai_03336_png,HIBOGI_AI_03336_png_jpg.rf.9d2ea201f12f33f7124eca9d4f01324e.jpg,,5,0,advanced,advanced,0.5326,0.00748,0.0276,0.43235,0.53257
crops/hibogi_ai_03336_png_1.jpg,hibogi_ai_03336_png,HIBOGI_AI_03336_png_jpg.rf.9d2ea201f12f33f7124eca9d4f01324e.jpg,,5,0,advanced,moderate,0.8865,0.02185,0.04619,0.88653,0.04542
crops/hibogi_ai_03336_png_2.jpg,hibogi_ai_03336_png,HIBOGI_AI_03336_png_jpg.rf.9d2ea201f12f33f7124eca9d4f01324e.jpg,,5,0,advanced,moderate,0.9077,0.00387,0.01528,0.90771,0.07314
crops/hibogi_ai_03336_png_3.jpg,hibogi_ai_03336_png,HIBOGI_AI_03336_png_jpg.rf.9d2ea201f12f33f7124eca9d4f01324e.jpg,,0,0,no_caries,no_caries,0.7948,0.79477,0.10131,0.04952,0.05441
crops/hibogi_ai_03336_png_4.jpg,hibogi_ai_03336_png,HIBOGI_AI_03336_png_jpg.rf.9d2ea201f12f33f7124eca9d4f01324e.jpg,,0,0,no_caries,no_caries,0.8381,0.83805,0.08242,0.04242,0.03711
crops/hibogi_ai_03336_png_5.jpg,hibogi_ai_03336_png,HIBOGI_AI_03336_png_jpg.rf.9d2ea201f12f33f7124eca9d4f01324e.jpg,,0,0,no_caries,no_caries,0.8866,0.88658,0.05953,0.02975,0.02414
crops/hibogi_ai_03336_png_6.jpg,hibogi_ai_03336_png,HIBOGI_AI_03336_png_jpg.rf.9d2ea201f12f33f7124eca9d4f01324e.jpg,,0,0,no_caries,no_caries,0.879,0.87895,0.0231,0.06239,0.03555
crops/hibogi_ai_03336_png_7.jpg,hibogi_ai_03336_png,HIBOGI_AI_03336_png_jpg.rf.9d2ea201f12f33f7124eca9d4f01324e.jpg,,0,0,no_caries,no_caries,0.9106,0.91058,0.02711,0.03674,0.02557
crops/hibogi_ai_03336_png_8.jpg,hibogi_ai_03336_png,HIBOGI_AI_03336_png_jpg.rf.9d2ea201f12f33f7124eca9d4f01324e.jpg,,0,0,no_caries,no_caries,0.7129,0.71294,0.13425,0.06559,0.08723
crops/hibogi_ai_03336_png_9.jpg,hibogi_ai_03336_png,HIBOGI_AI_03336_png_jpg.rf.9d2ea201f12f33f7124eca9d4f01324e.jpg,,0,0,no_caries,no_caries,0.6069,0.60688,0.15664,0.16059,0.07589
crops/hibogi_ai_03336_png_10.jpg,hibogi_ai_03336_png,HIBOGI_AI_03336_png_jpg.rf.9d2ea201f12f33f7124eca9d4f01324e.jpg,,4,0,moderate,mild,0.6679,0.09507,0.66795,0.20307,0.03391
crops/hibogi_ai_03336_png_11.jpg,hibogi_ai_03336_png,HIBOGI_AI_03336_png_jpg.rf.9d2ea201f12f33f7124eca9d4f01324e.jpg,,5,0,advanced,advanced,0.8072,0.00912,0.01946,0.16424,0.80719
