crop,patient_id,image,fdi,icdas,fold,true,pred,confidence,p_no_caries,p_mild,p_moderate,p_advanced
crops/-10-_0.jpg,-10-,-10-_jpg.rf.85806b3c3d7496428912c8a14731318b.jpg,,0,0,no_caries,no_caries,0.525,0.52498,0.34926,0.08634,0.03941
crops/-10-_1.jpg,-10-,-10-_jpg.rf.85806b3c3d7496428912c8a14731318b.jpg,,0,0,no_caries,no_caries,0.7719,0.77186,0.16321,0.05054,0.01439
crops/-10-_2.jpg,-10-,-10-_jpg.rf.85806b3c3d7496428912c8a14731318b.jpg,,0,0,no_caries,no_caries,0.8635,0.86349,0.04717,0.06106,0.02828
crops/-10-_3.jpg,-10-,-10-_jpg.rf.85806b3c3d7496428912c8a14731318b.jpg,,0,0,no_caries,mild,0.5187,0.32212,0.51875,0.06388,0.09526
crops/-10-_4.jpg,-10-,-10-_jpg.rf.85806b3c3d7496428912c8a14731318b.jpg,,2,0,mild,mild,0.9328,0.02792,0.93276,0.00658,0.03274
crops/-10-_5.jpg,-10-,-10-_jpg.rf.85806b3c3d7496428912c8a14731318b.jpg,,0,0,no_caries,mild,0.8334,0.13417,0.83341,0.01428,0.01814
crops/-10-_6.jpg,-10-,-10-_jpg.rf.85806b3c3d7496428912c8a14731318b.jpg,,0,0,no_caries,mild,0.9587,0.03238,0.95872,0.00204,0.00686
crops/-10-_7.jpg,-10-,-10-_jpg.rf.85806b3c3d7496428912c8a14731318b.jpg,,0,0,no_caries,mild,0.9267,0.04409,0.9267,0.00477,0.02444
crops/-10-_8.jpg,-10-,-10-_jpg.rf.85806b3c3d7496428912c8a14731318b.jpg,,0,0,no_caries,mild,0.6351,0.24815,0.63514,0.07284,0.04387
crops/-10-_9.jpg,-10-,-10-_jpg.rf.85806b3c3d7496428912c8a14731318b.jpg,,2,0,mild,mild,0.5439,0.3271,0.54391,0.10787,0.02112
crops/-10-_10.jpg,-10-,-10-_jpg.rf.85806b3c3d7496428912c8a14731318b.jpg,,5,0,advanced,advanced,0.5945,0.01442,0.37916,0.01193,0.59449
crops/-10-_11.jpg,-10-,-10-_jpg.rf.85806b3c3d7496428912c8a14731318b.jpg,,0,0,no_caries,mild,0.6594,0.28704,0.65942,0.03126,0.02228
crops/-10-_12.jpg,-10-,-10-_jpg.rf.85806b3c3d7496428912c8a14731318b.jpg,,0,0,no_caries,mild,0.537,0.36099,0.53702,0.07462,0.02738
crops/-10-_13.jpg,-10-,-10-_jpg.rf.85806b3c3d7496428912c8a14731318b.jpg,,0,0,no_caries,no_caries,0.7639,0.76387,0.11856,0.07825,0.03932
crops/-10-_14.jpg,-10-,-10-_jpg.rf.85806b3c3d7496428912c8a14731318b.jpg,,0,0,no_caries,no_caries,0.7778,0.77776,0.10163,0.05667,0.06394
crops/-10-_15.jpg,-10-,-10-_jpg.rf.85806b3c3d7496428912c8a14731318b.jpg,,0,0,no_caries,no_caries,0.7187,0.71872,0.17244,0.05282,0.05601
crops/-10-_16.jpg,-10-,-10-_jpg.rf.85806b3c3d7496428912c8a14731318b.jpg,,0,0,no_caries,mild,0.662,0.26523,0.66199,0.02895,0.04383
crops/-10-_17.jpg,-10-,-10-_jpg.rf.85806b3c3d7496428912c8a14731318b.jpg,,2,0,mild,mild,0.9348,0.04794,0.93475,0.00651,0.0108
crops/-10-_18.jpg,-10-,-10-_jpg.rf.85806b3c3d7496428912c8a14731318b.jpg,,0,0,no_caries,mild,0.9162,0.05132,0.91621,0.01873,0.01374
crops/-10-_19.jpg,-10-,-10-_jpg.rf.85806b3c3d7496428912c8a14731318b.jpg,,5,0,advanced,moderate,0.5624,0.03101,0.18057,0.56236,0.22606
crops/-10-_20.jpg,-10-,-10-_jpg.rf.85806b3c3d7496428912c8a14731318b.jpg,,2,0,mild,mild,0.9343,0.03039,0.93431,0.02784,0.00746
crops/-10-_21.jpg,-10-,-10-_jpg.rf.85806b3c3d7496428912c8a14731318b.jpg,,2,0,mild,mild,0.9269,0.04697,0.9269,0.01184,0.01429
crops/-10-_22.jpg,-10-,-10-_jpg.rf.85806b3c3d7496428912c8a14731318b.jpg,,0,0,no_caries,no_caries,0.6675,0.66755,0.27982,0.03774,0.01489
crops/-10-_23.jpg,-10-,-10-_jpg.rf.85806b3c3d7496428912c8a14731318b.jpg,,0,0,no_caries,no_caries,0.7062,0.70616,0.12593,0.11095,0.05695
crops/-10-_24.jpg,-10-,-10-_jpg.rf.85806b3c3d7496428912c8a14731318b.jpg,,0,0,no_caries,no_caries,0.4505,0.4505,0.39515,0.09454,0.05981
crops/-10-_25.jpg,-10-,-10-_jpg.rf.85806b3c3d7496428912c8a14731318b.jpg,,0,0,no_caries,no_caries,0.6364,0.63642,0.25468,0.04071,0.06819
crops/005_00259_03_a091_0.jpg,005_00259_03_a091,005_00259_03_a091_jpg.rf.1c375e438ab34508efd1738845150cd0.jpg,,1,0,mild,no_caries,0.7442,0.74419,0.14654,0.06276,0.04652
crops/005_00259_03_a091_1.jpg,005_00259_03_a091,005_00259_03_a091_jpg.rf.1c375e438ab34508efd1738845150cd0.jpg,,1,0,mild,moderate,0.7476,0.138,0.09981,0.74763,0.01456
crops/005_00259_03_a091_2.jpg,005_00259_03_a091,005_00259_03_a091_jpg.rf.1c375e438ab34508efd1738845150cd0.jpg,,0,0,no_caries,no_caries,0.6738,0.67384,0.2449,0.05487,0.02639
crops/005_00259_03_a091_3.jpg,005_00259_03_a091,005_00259_03_a091_jpg.rf.1c375e438ab34508efd1738845150cd0.jpg,,5,0,advanced,advanced,0.6783,0.00429,0.02024,0.2972,0.67827
crops/005_00259_03_a091_4.jpg,005_00259_03_a091,005_00259_03_a091_jpg.rf.1c375e438ab34508efd1738845150cd0.jpg,,0,0,no_caries,moderate,0.4522,0.15334,0.27822,0.45216,0.11628
crops/005_00259_03_a091_5.jpg,005_00259_03_a091,005_00259_03_a091_jpg.rf.1c375e438ab34508efd1738845150cd0.jpg,,0,0,no_caries,mild,0.8786,0.11276,0.87856,0.00417,0.00451
crops/005_00259_03_a091_6.jpg,005_00259_03_a091,005_00259_03_a091_jpg.rf.1c375e438ab34508efd1738845150cd0.jpg,,0,0,no_caries,no_caries,0.8338,0.8338,0.06771,0.03302,0.06548
crops/005_00259_03_a091_7.jpg,005_00259_03_a091,005_00259_03_a091_jpg.rf.1c375e438ab34508efd1738845150cd0.jpg,,0,0,no_caries,no_caries,0.7655,0.76546,0.12304,0.07732,0.03418
crops/005_00259_03_a091_8.jpg,005_00259_03_a091,005_00259_03_a091_jpg.rf.1c375e438ab34508efd1738845150cd0.jpg,,0,0,no_caries,no_caries,0.5472,0.54718,0.0974,0.3225,0.03291
crops/005_00259_03_a091_9.jpg,005_00259_03_a091,005_00259_03_a091_jpg.rf.1c375e438ab34508efd1738845150cd0.jpg,,0,0,no_caries,no_caries,0.4336,0.43355,0.10112,0.41701,0.04832
crops/005_00259_03_a091_10.jpg,005_00259_03_a091,005_00259_03_a091_jpg.rf.1c375e438ab34508efd1738845150cd0.jpg,,0,0,no_caries,no_caries,0.825,0.82503,0.07388,0.06073,0.04035
crops/010_00506_10_a091_0.jpg,010_00506_10_a091,010_00506_10_a091_jpg.rf.c57782fddd7535d7e2b351508322fb8e.jpg,,2,0,mild,mild,0.4522,0.114,0.45222,0.40065,0.03313
crops/010_00506_10_a091_1.jpg,010_00506_10_a091,010_00506_10_a091_jpg.rf.c57782fddd7535d7e2b351508322fb8e.jpg,,4,0,moderate,moderate,0.5893,0.00948,0.3932,0.58934,0.00798
crops/010_00506_10_a091_2.jpg,010_00506_10_a091,010_00506_10_a091_jpg.rf.c57782fddd7535d7e2b351508322fb8e.jpg,,2,0,mild,no_caries,0.7217,0.72174,0.08952,0.08532,0.10343
crops/010_00506_10_a091_3.jpg,010_00506_10_a091,010_00506_10_a091_jpg.rf.c57782fddd7535d7e2b351508322fb8e.jpg,,4,0,moderate,no_caries,0.7403,0.74026,0.10456,0.05615,0.09903
crops/010_00506_10_a091_4.jpg,010_00506_10_a091,010_00506_10_a091_jpg.rf.c57782fddd7535d7e2b351508322fb8e.jpg,,3,0,moderate,mild,0.9318,0.0334,0.93185,0.00953,0.02522
crops/010_00506_10_a091_5.jpg,010_00506_10_a091,010_00506_10_a091_jpg.rf.c57782fddd7535d7e2b351508322fb8e.jpg,,0,0,no_caries,no_caries,0.8502,0.85022,0.01681,0.09946,0.03351
crops/010_00506_10_a091_6.jpg,010_00506_10_a091,010_00506_10_a091_jpg.rf.c57782fddd7535d7e2b351508322fb8e.jpg,,0,0,no_caries,no_caries,0.774,0.774,0.05761,0.08687,0.08153
crops/010_00550_12_a091_0.jpg,010_00550_12_a091,010_00550_12_a091_jpg.rf.1c3993d9b87000928c818765215902ac.jpg,,3,0,moderate,no_caries,0.3658,0.36582,0.36363,0.23687,0.03369
crops/010_00550_12_a091_1.jpg,010_00550_12_a091,010_00550_12_a091_jpg.rf.1c3993d9b87000928c818765215902ac.jpg,,0,0,no_caries,mild,0.3425,0.29095,0.34248,0.24197,0.12461
crops/010_00550_12_a091_2.jpg,010_00550_12_a091,010_00550_12_a091_jpg.rf.1c3993d9b87000928c818765215902ac.jpg,,0,0,no_caries,no_caries,0.612,0.61205,0.13383,0.2279,0.02622
crops/010_00550_12_a091_3.jpg,010_00550_12_a091,010_00550_12_a091_jpg.rf.1c3993d9b87000928c818765215902ac.jpg,,0,0,no_caries,no_caries,0.5171,0.51706,0.24975,0.21137,0.02182
crops/010_00550_12_a091_4.jpg,010_00550_12_a091,010_00550_12_a091_jpg.rf.1c3993d9b87000928c818765215902ac.jpg,,2,0,mild,mild,0.5788,0.17184,0.57878,0.14839,0.101
crops/010_00550_12_a091_5.jpg,010_00550_12_a091,010_00550_12_a091_jpg.rf.1c3993d9b87000928c818765215902ac.jpg,,2,0,mild,no_caries,0.5983,0.59827,0.06871,0.25184,0.08119
crops/010_00550_12_a091_6.jpg,010_00550_12_a091,010_00550_12_a091_jpg.rf.1c3993d9b87000928c818765215902ac.jpg,,0,0,no_caries,mild,0.7163,0.08852,0.71631,0.17892,0.01626
crops/010_00550_12_a091_7.jpg,010_00550_12_a091,010_00550_12_a091_jpg.rf.1c3993d9b87000928c818765215902ac.jpg,,1,0,mild,moderate,0.521,0.17842,0.28044,0.52097,0.02017
crops/010_00550_12_a091_8.jpg,010_00550_12_a091,010_00550_12_a091_jpg.rf.1c3993d9b87000928c818765215902ac.jpg,,3,0,moderate,moderate,0.9347,0.00419,0.05613,0.93469,0.00499
crops/010_00550_12_a091_9.jpg,010_00550_12_a091,010_00550_12_a091_jpg.rf.1c3993d9b87000928c818765215902ac.jpg,,3,0,moderate,moderate,0.4938,0.03813,0.44335,0.49379,0.02472
crops/011_00510_05_a091_0.jpg,011_00510_05_a091,011_00510_05_a091_jpg.rf.7e1bf798d94c1cc8027e98105193c7fc.jpg,,0,0,no_caries,no_caries,0.6088,0.60883,0.2238,0.1229,0.04446
crops/011_00510_05_a091_1.jpg,011_00510_05_a091,011_00510_05_a091_jpg.rf.7e1bf798d94c1cc8027e98105193c7fc.jpg,,0,0,no_caries,no_caries,0.6228,0.62281,0.2906,0.03781,0.04878
crops/011_00510_05_a091_2.jpg,011_00510_05_a091,011_00510_05_a091_jpg.rf.7e1bf798d94c1cc8027e98105193c7fc.jpg,,0,0,no_caries,no_caries,0.7544,0.7544,0.1924,0.03127,0.02194
crops/011_00510_05_a091_3.jpg,011_00510_05_a091,011_00510_05_a091_jpg.rf.7e1bf798d94c1cc8027e98105193c7fc.jpg,,1,0,mild,no_caries,0.7015,0.70152,0.19453,0.04036,0.06359
crops/011_00510_05_a091_4.jpg,011_00510_05_a091,011_00510_05_a091_jpg.rf.7e1bf798d94c1cc8027e98105193c7fc.jpg,,1,0,mild,no_caries,0.6785,0.67846,0.23163,0.04632,0.0436
crops/011_00510_05_a091_5.jpg,011_00510_05_a091,011_00510_05_a091_jpg.rf.7e1bf798d94c1cc8027e98105193c7fc.jpg,,0,0,no_caries,no_caries,0.8749,0.8749,0.03589,0.04697,0.04223
crops/011_00510_05_a091_6.jpg,011_00510_05_a091,011_00510_05_a091_jpg.rf.7e1bf798d94c1cc8027e98105193c7fc.jpg,,0,0,no_caries,no_caries,0.7983,0.79828,0.11186,0.0532,0.03666
crops/011_00510_05_a091_7.jpg,011_00510_05_a091,011_00510_05_a091_jpg.rf.7e1bf798d94c1cc8027e98105193c7fc.jpg,,0,0,no_caries,no_caries,0.7221,0.72207,0.17539,0.07811,0.02443
crops/012_00399_07_a091_0.jpg,012_00399_07_a091,012_00399_07_a091_jpg.rf.d006f8edf3351c3cf1b06aaddb42c194.jpg,,5,0,advanced,advanced,0.907,0.01628,0.02434,0.05235,0.90704
crops/012_00399_07_a091_1.jpg,012_00399_07_a091,012_00399_07_a091_jpg.rf.d006f8edf3351c3cf1b06aaddb42c194.jpg,,5,0,advanced,advanced,0.6045,0.0202,0.03976,0.33552,0.60453
crops/012_00399_07_a091_2.jpg,012_00399_07_a091,012_00399_07_a091_jpg.rf.d006f8edf3351c3cf1b06aaddb42c194.jpg,,2,0,mild,mild,0.4896,0.16232,0.48955,0.292,0.05613
crops/012_00399_07_a091_3.jpg,012_00399_07_a091,012_00399_07_a091_jpg.rf.d006f8edf3351c3cf1b06aaddb42c194.jpg,,1,0,mild,mild,0.6055,0.28316,0.60551,0.05577,0.05557
crops/012_00399_07_a091_4.jpg,012_00399_07_a091,012_00399_07_a091_jpg.rf.d006f8edf3351c3cf1b06aaddb42c194.jpg,,0,0,no_caries,no_caries,0.8076,0.8076,0.06573,0.11051,0.01616
crops/012_00399_07_a091_5.jpg,012_00399_07_a091,012_00399_07_a091_jpg.rf.d006f8edf3351c3cf1b06aaddb42c194.jpg,,0,0,no_caries,no_caries,0.7433,0.7433,0.01734,0.23394,0.00542
crops/012_00399_07_a091_6.jpg,012_00399_07_a091,012_00399_07_a091_jpg.rf.d006f8edf3351c3cf1b06aaddb42c194.jpg,,0,0,no_caries,moderate,0.627,0.08755,0.16358,0.62701,0.12185
crops/1072_0.jpg,1072,1072_jpg.rf.3e4e844152f26b9de1845e90170c2635.jpg,,2,0,mild,mild,0.4649,0.07647,0.46492,0.41565,0.04296
crops/1072_1.jpg,1072,1072_jpg.rf.3e4e844152f26b9de1845e90170c2635.jpg,,4,0,moderate,advanced,0.5434,0.03694,0.03647,0.38323,0.54336
crops/1072_2.jpg,1072,1072_jpg.rf.3e4e844152f26b9de1845e90170c2635.jpg,,0,0,no_caries,no_caries,0.7618,0.76179,0.11605,0.03616,0.08601
crops/1072_3.jpg,1072,1072_jpg.rf.3e4e844152f26b9de1845e90170c2635.jpg,,6,0,advanced,advanced,0.8877,0.00135,0.01808,0.09291,0.88766
crops/1072_4.jpg,1072,1072_jpg.rf.3e4e844152f26b9de1845e90170c2635.jpg,,0,0,no_caries,no_caries,0.7147,0.71473,0.15524,0.03936,0.09067
crops/1072_5.jpg,1072,1072_jpg.rf.3e4e844152f26b9de1845e90170c2635.jpg,,0,0,no_caries,no_caries,0.854,0.85401,0.04465,0.02732,0.07402
crops/1072_6.jpg,1072,1072_jpg.rf.3e4e844152f26b9de1845e90170c2635.jpg,,5,0,advanced,advanced,0.9292,0.00566,0.00734,0.05777,0.92923
crops/1072_7.jpg,1072,1072_jpg.rf.3e4e844152f26b9de1845e90170c2635.jpg,,5,0,advanced,moderate,0.9467,0.00288,0.00792,0.94669,0.04251
crops/1072_8.jpg,1072,1072_jpg.rf.3e4e844152f26b9de1845e90170c2635.jpg,,6,0,advanced,advanced,0.9427,0.00324,0.00589,0.04815,0.94272
crops/1072_9.jpg,1072,1072_jpg.rf.3e4e844152f26b9de1845e90170c2635.jpg,,2,0,mild,mild,0.751,0.03889,0.751,0.18873,0.02138
crops/1075_0.jpg,1075,1075_jpg.rf.66052dcff065fd43fa2f791130671ffa.jpg,,0,0,no_caries,no_caries,0.85,0.85003,0.03386,0.01532,0.10079
crops/1075_1.jpg,1075,1075_jpg.rf.66052dcff065fd43fa2f791130671ffa.jpg,,0,0,no_caries,no_caries,0.6442,0.64415,0.13655,0.03117,0.18813
crops/1075_2.jpg,1075,1075_jpg.rf.66052dcff065fd43fa2f791130671ffa.jpg,,5,0,advanced,advanced,0.6628,0.16531,0.09886,0.07302,0.6628
crops/1075_3.jpg,1075,1075_jpg.rf.66052dcff065fd43fa2f791130671ffa.jpg,,2,0,mild,no_caries,0.5232,0.52319,0.1298,0.05869,0.28832
crops/1075_4.jpg,1075,1075_jpg.rf.66052dcff065fd43fa2f791130671ffa.jpg,,2,0,mild,no_caries,0.5954,0.59542,0.2754,0.0681,0.06108
crops/1075_5.jpg,1075,1075_jpg.rf.66052dcff065fd43fa2f791130671ffa.jpg,,3,0,moderate,advanced,0.5344,0.06654,0.352,0.04707,0.53438
crops/1075_6.jpg,1075,1075_jpg.rf.66052dcff065fd43fa2f791130671ffa.jpg,,3,0,moderate,mild,0.68,0.01577,0.68003,0.03839,0.26581
crops/1075_7.jpg,1075,1075_jpg.rf.66052dcff065fd43fa2f791130671ffa.jpg,,0,0,no_caries,mild,0.5396,0.10012,0.53963,0.10966,0.25059
crops/1075_8.jpg,1075,1075_jpg.rf.66052dcff065fd43fa2f791130671ffa.jpg,,0,0,no_caries,no_caries,0.521,0.52097,0.28636,0.08036,0.11231
crops/1075_9.jpg,1075,1075_jpg.rf.66052dcff065fd43fa2f791130671ffa.jpg,,0,0,no_caries,mild,0.5365,0.17423,0.53653,0.24735,0.0419
crops/1075_10.jpg,1075,1075_jpg.rf.66052dcff065fd43fa2f791130671ffa.jpg,,2,0,mild,mild,0.7144,0.05893,0.71442,0.19967,0.02698
crops/1075_11.jpg,1075,1075_jpg.rf.66052dcff065fd43fa2f791130671ffa.jpg,,2,0,mild,no_caries,0.4098,0.4098,0.39342,0.17672,0.02007
crops/1075_12.jpg,1075,1075_jpg.rf.66052dcff065fd43fa2f791130671ffa.jpg,,2,0,mild,mild,0.7457,0.03206,0.74574,0.18694,0.03527
crops/1075_13.jpg,1075,1075_jpg.rf.66052dcff065fd43fa2f791130671ffa.jpg,,2,0,mild,mild,0.4544,0.44788,0.45435,0.07209,0.02568
crops/1075_14.jpg,1075,1075_jpg.rf.66052dcff065fd43fa2f791130671ffa.jpg,,2,0,mild,no_caries,0.8199,0.81988,0.03406,0.12635,0.0197
crops/1075_15.jpg,1075,1075_jpg.rf.66052dcff065fd43fa2f791130671ffa.jpg,,0,0,no_caries,advanced,0.5854,0.03729,0.35917,0.01818,0.58536
crops/1098_0.jpg,1098,1098_jpg.rf.545738cfad6445d62ee517152cad615f.jpg,,0,0,no_caries,no_caries,0.8711,0.87107,0.01031,0.02179,0.09684
crops/1098_1.jpg,1098,1098_jpg.rf.545738cfad6445d62ee517152cad615f.jpg,,0,0,no_caries,no_caries,0.7943,0.79429,0.04124,0.02089,0.14358
crops/1098_2.jpg,1098,1098_jpg.rf.545738cfad6445d62ee517152cad615f.jpg,,0,0,no_caries,no_caries,0.7328,0.73282,0.01932,0.06314,0.18473
crops/1098_3.jpg,1098,1098_jpg.rf.545738cfad6445d62ee517152cad615f.jpg,,0,0,no_caries,no_caries,0.8761,0.87607,0.00854,0.03407,0.08133
crops/1098_4.jpg,1098,1098_jpg.rf.545738cfad6445d62ee517152cad615f.jpg,,0,0,no_caries,no_caries,0.8246,0.82461,0.01772,0.03418,0.12348
crops/1098_5.jpg,1098,1098_jpg.rf.545738cfad6445d62ee517152cad615f.jpg,,0,0,no_caries,no_caries,0.822,0.82196,0.02395,0.0271,0.127
crops/1098_6.jpg,1098,1098_jpg.rf.545738cfad6445d62ee517152cad615f.jpg,,0,0,no_caries,no_caries,0.8151,0.81505,0.04348,0.04172,0.09975
crops/1098_7.jpg,1098,1098_jpg.rf.545738cfad6445d62ee517152cad615f.jpg,,0,0,no_caries,no_caries,0.8525,0.85251,0.03417,0.05384,0.05948
crops/1098_8.jpg,1098,1098_jpg.rf.545738cfad6445d62ee517152cad615f.jpg,,0,0,no_caries,no_caries,0.9167,0.9167,0.00907,0.03217,0.04206
crops/1098_9.jpg,1098,1098_jpg.rf.545738cfad6445d62ee517152cad615f.jpg,,0,0,no_caries,no_caries,0.8873,0.88728,0.01384,0.03508,0.06381
crops/1098_10.jpg,1098,1098_jpg.rf.545738cfad6445d62ee517152cad615f.jpg,,0,0,no_caries,no_caries,0.9215,0.92154,0.00624,0.04073,0.03148
crops/1098_11.jpg,1098,1098_jpg.rf.545738cfad6445d62ee517152cad615f.jpg,,0,0,no_caries,no_caries,0.842,0.84201,0.01809,0.06302,0.07689
crops/1098_12.jpg,1098,1098_jpg.rf.545738cfad6445d62ee517152cad615f.jpg,,0,0,no_caries,no_caries,0.7174,0.7174,0.09553,0.06089,0.12619
crops/1098_13.jpg,1098,1098_jpg.rf.545738cfad6445d62ee517152cad615f.jpg,,0,0,no_caries,no_caries,0.6964,0.69638,0.21556,0.03743,0.05063
crops/1098_14.jpg,1098,1098_jpg.rf.545738cfad6445d62ee517152cad615f.jpg,,2,0,mild,no_caries,0.6854,0.68539,0.20198,0.04495,0.06768
crops/1098_15.jpg,1098,1098_jpg.rf.545738cfad6445d62ee517152cad615f.jpg,,0,0,no_caries,no_caries,0.9162,0.91622,0.02309,0.02679,0.03391
crops/1098_16.jpg,1098,1098_jpg.rf.545738cfad6445d62ee517152cad615f.jpg,,0,0,no_caries,no_caries,0.934,0.93402,0.02316,0.03054,0.01228
crops/1098_17.jpg,1098,1098_jpg.rf.545738cfad6445d62ee517152cad615f.jpg,,0,0,no_caries,no_caries,0.8552,0.85519,0.02585,0.08845,0.03051
crops/1098_18.jpg,1098,1098_jpg.rf.545738cfad6445d62ee517152cad615f.jpg,,0,0,no_caries,no_caries,0.8964,0.89638,0.0289,0.05303,0.02168
crops/1098_19.jpg,1098,1098_jpg.rf.545738cfad6445d62ee517152cad615f.jpg,,0,0,no_caries,no_caries,0.9017,0.90175,0.01989,0.0368,0.04156
crops/1098_20.jpg,1098,1098_jpg.rf.545738cfad6445d62ee517152cad615f.jpg,,0,0,no_caries,no_caries,0.9196,0.91965,0.00988,0.03537,0.0351
crops/1098_21.jpg,1098,1098_jpg.rf.545738cfad6445d62ee517152cad615f.jpg,,0,0,no_caries,no_caries,0.9068,0.90676,0.02442,0.02779,0.04104
crops/1098_22.jpg,1098,1098_jpg.rf.545738cfad6445d62ee517152cad615f.jpg,,0,0,no_caries,no_caries,0.8333,0.83332,0.03928,0.0622,0.06521
crops/1196_0.jpg,1196,1196_jpg.rf.d4ab9650b2b381e81c1ba7847380b18f.jpg,,0,0,no_caries,no_caries,0.7282,0.72817,0.2322,0.01718,0.02245
crops/1196_1.jpg,1196,1196_jpg.rf.d4ab9650b2b381e81c1ba7847380b18f.jpg,,5,0,advanced,advanced,0.9451,0.00707,0.03218,0.01569,0.94506
crops/1196_2.jpg,1196,1196_jpg.rf.d4ab9650b2b381e81c1ba7847380b18f.jpg,,5,0,advanced,mild,0.8284,0.0021,0.82839,0.05714,0.11238
crops/1196_3.jpg,1196,1196_jpg.rf.d4ab9650b2b381e81c1ba7847380b18f.jpg,,5,0,advanced,mild,0.8225,0.00661,0.82248,0.01475,0.15616
crops/1196_4.jpg,1196,1196_jpg.rf.d4ab9650b2b381e81c1ba7847380b18f.jpg,,5,0,advanced,advanced,0.9828,0.00451,0.00385,0.00885,0.98278
crops/1196_5.jpg,1196,1196_jpg.rf.d4ab9650b2b381e81c1ba7847380b18f.jpg,,0,0,no_caries,no_caries,0.716,0.71603,0.18439,0.05206,0.04752
crops/1196_6.jpg,1196,1196_jpg.rf.d4ab9650b2b381e81c1ba7847380b18f.jpg,,0,0,no_caries,mild,0.5352,0.37842,0.53519,0.0672,0.01919
crops/1196_7.jpg,1196,1196_jpg.rf.d4ab9650b2b381e81c1ba7847380b18f.jpg,,0,0,no_caries,no_caries,0.8275,0.82749,0.05033,0.0483,0.07388
crops/1196_8.jpg,1196,1196_jpg.rf.d4ab9650b2b381e81c1ba7847380b18f.jpg,,0,0,no_caries,no_caries,0.7512,0.75117,0.10625,0.04661,0.09597
crops/1196_9.jpg,1196,1196_jpg.rf.d4ab9650b2b381e81c1ba7847380b18f.jpg,,0,0,no_caries,no_caries,0.6041,0.60407,0.23665,0.06987,0.08941
crops/1196_10.jpg,1196,1196_jpg.rf.d4ab9650b2b381e81c1ba7847380b18f.jpg,,0,0,no_caries,no_caries,0.7536,0.75363,0.10871,0.11314,0.02452
crops/1196_11.jpg,1196,1196_jpg.rf.d4ab9650b2b381e81c1ba7847380b18f.jpg,,0,0,no_caries,no_caries,0.7895,0.78945,0.06894,0.07875,0.06286
crops/1196_12.jpg,1196,1196_jpg.rf.d4ab9650b2b381e81c1ba7847380b18f.jpg,,0,0,no_caries,no_caries,0.8215,0.8215,0.10622,0.03686,0.03541
crops/1196_13.jpg,1196,1196_jpg.rf.d4ab9650b2b381e81c1ba7847380b18f.jpg,,0,0,no_caries,mild,0.5827,0.23461,0.58266,0.03966,0.14307
crops/1254_0.jpg,1254,1254_jpg.rf.cc9b5365254dd173e476dfe053387d0c.jpg,,0,0,no_caries,no_caries,0.7451,0.74509,0.08358,0.05792,0.1134
crops/1254_1.jpg,1254,1254_jpg.rf.cc9b5365254dd173e476dfe053387d0c.jpg,,0,0,no_caries,no_caries,0.6842,0.6842,0.11851,0.03792,0.15937
crops/1254_2.jpg,1254,1254_jpg.rf.cc9b5365254dd173e476dfe053387d0c.jpg,,0,0,no_caries,no_caries,0.6531,0.65312,0.13588,0.1233,0.0877
crops/1254_3.jpg,1254,1254_jpg.rf.cc9b5365254dd173e476dfe053387d0c.jpg,,0,0,no_caries,no_caries,0.6702,0.67018,0.22564,0.05561,0.04857
crops/1254_4.jpg,1254,1254_jpg.rf.cc9b5365254dd173e476dfe053387d0c.jpg,,0,0,no_caries,no_caries,0.7908,0.79082,0.11491,0.04801,0.04626
crops/1254_5.jpg,1254,1254_jpg.rf.cc9b5365254dd173e476dfe053387d0c.jpg,,0,0,no_caries,moderate,0.4369,0.26305,0.24407,0.43689,0.05599
crops/1254_6.jpg,1254,1254_jpg.rf.cc9b5365254dd173e476dfe053387d0c.jpg,,0,0,no_caries,no_caries,0.5344,0.53442,0.17209,0.25487,0.03862
crops/1254_7.jpg,1254,1254_jpg.rf.cc9b5365254dd173e476dfe053387d0c.jpg,,0,0,no_caries,no_caries,0.6609,0.66091,0.13736,0.13717,0.06456
crops/1254_8.jpg,1254,1254_jpg.rf.cc9b5365254dd173e476dfe053387d0c.jpg,,0,0,no_caries,no_caries,0.7842,0.7842,0.08409,0.09281,0.03891
crops/1258_0.jpg,1258,1258_jpg.rf.69751d47803d4ac3761186be51de6ca7.jpg,,0,0,no_caries,no_caries,0.4246,0.42456,0.35283,0.16297,0.05964
crops/1258_1.jpg,1258,1258_jpg.rf.69751d47803d4ac3761186be51de6ca7.jpg,,0,0,no_caries,no_caries,0.8846,0.88464,0.03805,0.04231,0.03501
crops/1258_2.jpg,1258,1258_jpg.rf.69751d47803d4ac3761186be51de6ca7.jpg,,0,0,no_caries,no_caries,0.6895,0.68946,0.222,0.05335,0.0352
crops/1258_3.jpg,1258,1258_jpg.rf.69751d47803d4ac3761186be51de6ca7.jpg,,0,0,no_caries,no_caries,0.7265,0.72646,0.16493,0.07344,0.03517
crops/1258_4.jpg,1258,1258_jpg.rf.69751d47803d4ac3761186be51de6ca7.jpg,,0,0,no_caries,no_caries,0.7455,0.74546,0.18348,0.02446,0.0466
crops/1258_5.jpg,1258,1258_jpg.rf.69751d47803d4ac3761186be51de6ca7.jpg,,0,0,no_caries,no_caries,0.5787,0.57869,0.33977,0.04186,0.03968
crops/1258_6.jpg,1258,1258_jpg.rf.69751d47803d4ac3761186be51de6ca7.jpg,,5,0,advanced,no_caries,0.5542,0.55422,0.35849,0.06187,0.02543
crops/1258_7.jpg,1258,1258_jpg.rf.69751d47803d4ac3761186be51de6ca7.jpg,,5,0,advanced,moderate,0.5591,0.31089,0.12937,0.55912,0.00063
crops/1258_8.jpg,1258,1258_jpg.rf.69751d47803d4ac3761186be51de6ca7.jpg,,1,0,mild,moderate,0.8812,0.06826,0.05002,0.88124,0.00049
crops/1258_9.jpg,1258,1258_jpg.rf.69751d47803d4ac3761186be51de6ca7.jpg,,0,0,no_caries,no_caries,0.8357,0.83571,0.06641,0.06085,0.03703
crops/1258_10.jpg,1258,1258_jpg.rf.69751d47803d4ac3761186be51de6ca7.jpg,,0,0,no_caries,mild,0.532,0.41299,0.53196,0.02115,0.0339
crops/1258_11.jpg,1258,1258_jpg.rf.69751d47803d4ac3761186be51de6ca7.jpg,,0,0,no_caries,mild,0.5215,0.36877,0.52154,0.01351,0.09617
crops/1258_12.jpg,1258,1258_jpg.rf.69751d47803d4ac3761186be51de6ca7.jpg,,0,0,no_caries,no_caries,0.5317,0.53174,0.34609,0.09191,0.03025
crops/1258_13.jpg,1258,1258_jpg.rf.69751d47803d4ac3761186be51de6ca7.jpg,,0,0,no_caries,no_caries,0.6047,0.60473,0.24626,0.077,0.07201
crops/1258_14.jpg,1258,1258_jpg.rf.69751d47803d4ac3761186be51de6ca7.jpg,,0,0,no_caries,no_caries,0.5419,0.54187,0.36389,0.04609,0.04815
crops/1258_15.jpg,1258,1258_jpg.rf.69751d47803d4ac3761186be51de6ca7.jpg,,0,0,no_caries,no_caries,0.8275,0.8275,0.07971,0.04733,0.04546
crops/1258_16.jpg,1258,1258_jpg.rf.69751d47803d4ac3761186be51de6ca7.jpg,,5,0,advanced,no_caries,0.6484,0.64839,0.06244,0.05311,0.23606
crops/1267_0.jpg,1267,1267_jpg.rf.5e476baeeb2f2f19876f26304f3ad4be.jpg,,1,0,mild,mild,0.4118,0.3684,0.41177,0.14086,0.07897
crops/1267_1.jpg,1267,1267_jpg.rf.5e476baeeb2f2f19876f26304f3ad4be.jpg,,3,0,moderate,moderate,0.9794,0.00222,0.0071,0.97942,0.01125
crops/1267_2.jpg,1267,1267_jpg.rf.5e476baeeb2f2f19876f26304f3ad4be.jpg,,6,0,advanced,mild,0.7942,0.04315,0.79415,0.11986,0.04284
crops/1267_3.jpg,1267,1267_jpg.rf.5e476baeeb2f2f19876f26304f3ad4be.jpg,,3,0,moderate,advanced,0.5722,0.06434,0.28431,0.07912,0.57223
crops/1267_4.jpg,1267,1267_jpg.rf.5e476baeeb2f2f19876f26304f3ad4be.jpg,,0,0,no_caries,no_caries,0.7533,0.75333,0.11166,0.07911,0.0559
crops/1267_5.jpg,1267,1267_jpg.rf.5e476baeeb2f2f19876f26304f3ad4be.jpg,,0,0,no_caries,no_caries,0.7048,0.70483,0.12068,0.07977,0.09472
crops/1267_6.jpg,1267,1267_jpg.rf.5e476baeeb2f2f19876f26304f3ad4be.jpg,,2,0,mild,advanced,0.6853,0.05907,0.22285,0.03275,0.68533
crops/1267_7.jpg,1267,1267_jpg.rf.5e476baeeb2f2f19876f26304f3ad4be.jpg,,5,0,advanced,advanced,0.87,0.0031,0.10955,0.0174,0.86995
crops/1267_8.jpg,1267,1267_jpg.rf.5e476baeeb2f2f19876f26304f3ad4be.jpg,,0,0,no_caries,no_caries,0.4278,0.42781,0.4213,0.1445,0.00639
crops/1267_9.jpg,1267,1267_jpg.rf.5e476baeeb2f2f19876f26304f3ad4be.jpg,,0,0,no_caries,no_caries,0.5363,0.53627,0.16913,0.11782,0.17678
crops/1267_10.jpg,1267,1267_jpg.rf.5e476baeeb2f2f19876f26304f3ad4be.jpg,,6,0,advanced,advanced,0.8913,0.01983,0.0437,0.04513,0.89134
crops/1267_11.jpg,1267,1267_jpg.rf.5e476baeeb2f2f19876f26304f3ad4be.jpg,,6,0,advanced,moderate,0.4418,0.05121,0.18463,0.44184,0.32232
crops/1267_12.jpg,1267,1267_jpg.rf.5e476baeeb2f2f19876f26304f3ad4be.jpg,,3,0,moderate,mild,0.6881,0.10825,0.68815,0.19256,0.01105
crops/1267_13.jpg,1267,1267_jpg.rf.5e476baeeb2f2f19876f26304f3ad4be.jpg,,2,0,mild,mild,0.6487,0.26129,0.64868,0.0695,0.02053
crops/1267_14.jpg,1267,1267_jpg.rf.5e476baeeb2f2f19876f26304f3ad4be.jpg,,3,0,moderate,moderate,0.8167,0.0089,0.15062,0.81674,0.02374
crops/1267_15.jpg,1267,1267_jpg.rf.5e476baeeb2f2f19876f26304f3ad4be.jpg,,2,0,mild,moderate,0.4076,0.16315,0.31257,0.40762,0.11667
crops/1267_16.jpg,1267,1267_jpg.rf.5e476baeeb2f2f19876f26304f3ad4be.jpg,,2,0,mild,mild,0.7537,0.01654,0.75374,0.21362,0.0161
crops/1267_17.jpg,1267,1267_jpg.rf.5e476baeeb2f2f19876f26304f3ad4be.jpg,,2,0,mild,mild,0.4453,0.41868,0.44531,0.11083,0.02518
crops/1267_18.jpg,1267,1267_jpg.rf.5e476baeeb2f2f19876f26304f3ad4be.jpg,,0,0,no_caries,mild,0.5797,0.2163,0.57966,0.19278,0.01126
crops/1267_19.jpg,1267,1267_jpg.rf.5e476baeeb2f2f19876f26304f3ad4be.jpg,,0,0,no_caries,no_caries,0.7928,0.79282,0.11924,0.03654,0.05139
crops/1267_20.jpg,1267,1267_jpg.rf.5e476baeeb2f2f19876f26304f3ad4be.jpg,,0,0,no_caries,no_caries,0.8094,0.80936,0.06186,0.06474,0.06403
crops/127_0.jpg,127,127_jpg.rf.aa57fa6ee4bacb3df04ad82673c8fcb0.jpg,,6,0,advanced,advanced,0.9592,0.01102,0.00922,0.02056,0.95919
crops/127_1.jpg,127,127_jpg.rf.aa57fa6ee4bacb3df04ad82673c8fcb0.jpg,,5,0,advanced,moderate,0.8866,0.00119,0.00423,0.88661,0.10798
crops/127_2.jpg,127,127_jpg.rf.aa57fa6ee4bacb3df04ad82673c8fcb0.jpg,,0,0,no_caries,moderate,0.4648,0.07928,0.39218,0.46483,0.06372
crops/127_3.jpg,127,127_jpg.rf.aa57fa6ee4bacb3df04ad82673c8fcb0.jpg,,0,0,no_caries,no_caries,0.6976,0.69764,0.16299,0.07929,0.06008
crops/127_4.jpg,127,127_jpg.rf.aa57fa6ee4bacb3df04ad82673c8fcb0.jpg,,0,0,no_caries,no_caries,0.6738,0.67382,0.229,0.0462,0.05098
crops/1291_0.jpg,1291,1291_jpg.rf.3cdc5f511add5873f00a946cfd7e7431.jpg,,0,0,no_caries,no_caries,0.8783,0.87827,0.02062,0.07302,0.02809
crops/1291_1.jpg,1291,1291_jpg.rf.3cdc5f511add5873f00a946cfd7e7431.jpg,,0,0,no_caries,no_caries,0.4455,0.44549,0.22071,0.13174,0.20206
crops/1291_2.jpg,1291,1291_jpg.rf.3cdc5f511add5873f00a946cfd7e7431.jpg,,2,0,mild,moderate,0.3911,0.02243,0.33036,0.39113,0.25609
crops/1291_3.jpg,1291,1291_jpg.rf.3cdc5f511add5873f00a946cfd7e7431.jpg,,3,0,moderate,no_caries,0.5422,0.54217,0.27851,0.08037,0.09894
crops/1291_4.jpg,1291,1291_jpg.rf.3cdc5f511add5873f00a946cfd7e7431.jpg,,1,0,mild,moderate,0.4686,0.15558,0.1012,0.46855,0.27466
crops/1291_5.jpg,1291,1291_jpg.rf.3cdc5f511add5873f00a946cfd7e7431.jpg,,3,0,moderate,moderate,0.7204,0.01053,0.12799,0.72036,0.14111
crops/1291_6.jpg,1291,1291_jpg.rf.3cdc5f511add5873f00a946cfd7e7431.jpg,,3,0,moderate,moderate,0.9329,0.003,0.04643,0.93287,0.01771
crops/1291_7.jpg,1291,1291_jpg.rf.3cdc5f511add5873f00a946cfd7e7431.jpg,,2,0,mild,mild,0.6675,0.19475,0.66749,0.0418,0.09596
crops/1291_8.jpg,1291,1291_jpg.rf.3cdc5f511add5873f00a946cfd7e7431.jpg,,0,0,no_caries,no_caries,0.7197,0.71974,0.08821,0.12995,0.06211
crops/1291_9.jpg,1291,1291_jpg.rf.3cdc5f511add5873f00a946cfd7e7431.jpg,,0,0,no_caries,no_caries,0.9265,0.9265,0.00198,0.05841,0.01311
crops/1291_10.jpg,1291,1291_jpg.rf.3cdc5f511add5873f00a946cfd7e7431.jpg,,0,0,no_caries,no_caries,0.7842,0.78417,0.10247,0.04431,0.06905
crops/1291_11.jpg,1291,1291_jpg.rf.3cdc5f511add5873f00a946cfd7e7431.jpg,,1,0,mild,no_caries,0.6331,0.63314,0.22668,0.05857,0.08161
crops/1291_12.jpg,1291,1291_jpg.rf.3cdc5f511add5873f00a946cfd7e7431.jpg,,1,0,mild,no_caries,0.8334,0.83342,0.03348,0.09551,0.03759
crops/1291_13.jpg,1291,1291_jpg.rf.3cdc5f511add5873f00a946cfd7e7431.jpg,,1,0,mild,no_caries,0.685,0.68498,0.03526,0.26606,0.0137
crops/1291_14.jpg,1291,1291_jpg.rf.3cdc5f511add5873f00a946cfd7e7431.jpg,,0,0,no_caries,moderate,0.7624,0.20366,0.01346,0.76235,0.02054
crops/1291_15.jpg,1291,1291_jpg.rf.3cdc5f511add5873f00a946cfd7e7431.jpg,,0,0,no_caries,no_caries,0.5249,0.52493,0.07338,0.34695,0.05473
crops/1291_16.jpg,1291,1291_jpg.rf.3cdc5f511add5873f00a946cfd7e7431.jpg,,0,0,no_caries,no_caries,0.6463,0.64629,0.17968,0.15575,0.01828
crops/1291_17.jpg,1291,1291_jpg.rf.3cdc5f511add5873f00a946cfd7e7431.jpg,,0,0,no_caries,no_caries,0.6391,0.63909,0.03918,0.2871,0.03463
crops/1291_18.jpg,1291,1291_jpg.rf.3cdc5f511add5873f00a946cfd7e7431.jpg,,0,0,no_caries,no_caries,0.7916,0.7916,0.10975,0.05466,0.04399
crops/1291_19.jpg,1291,1291_jpg.rf.3cdc5f511add5873f00a946cfd7e7431.jpg,,0,0,no_caries,no_caries,0.7272,0.72718,0.14921,0.06021,0.0634
crops/1297_0.jpg,1297,1297_jpg.rf.719936eaba637f61e55179ad5dbdb77d.jpg,,0,0,no_caries,no_caries,0.9109,0.9109,0.04792,0.02631,0.01487
crops/1297_1.jpg,1297,1297_jpg.rf.719936eaba637f61e55179ad5dbdb77d.jpg,,0,0,no_caries,no_caries,0.6357,0.63573,0.21988,0.09029,0.05411
crops/1297_2.jpg,1297,1297_jpg.rf.719936eaba637f61e55179ad5dbdb77d.jpg,,0,0,no_caries,no_caries,0.496,0.49599,0.26145,0.19409,0.04847
crops/1297_3.jpg,1297,1297_jpg.rf.719936eaba637f61e55179ad5dbdb77d.jpg,,0,0,no_caries,no_caries,0.7886,0.78863,0.14299,0.03611,0.03228
crops/1297_4.jpg,1297,1297_jpg.rf.719936eaba637f61e55179ad5dbdb77d.jpg,,0,0,no_caries,no_caries,0.7635,0.76349,0.17149,0.02883,0.03619
crops/1297_5.jpg,1297,1297_jpg.rf.719936eaba637f61e55179ad5dbdb77d.jpg,,0,0,no_caries,no_caries,0.4541,0.45413,0.44931,0.05388,0.04268
crops/1297_6.jpg,1297,1297_jpg.rf.719936eaba637f61e55179ad5dbdb77d.jpg,,0,0,no_caries,no_caries,0.6661,0.66611,0.27149,0.03841,0.02399
crops/1297_7.jpg,1297,1297_jpg.rf.719936eaba637f61e55179ad5dbdb77d.jpg,,0,0,no_caries,no_caries,0.6537,0.65366,0.25164,0.0369,0.0578
crops/1297_8.jpg,1297,1297_jpg.rf.719936eaba637f61e55179ad5dbdb77d.jpg,,0,0,no_caries,no_caries,0.5299,0.52993,0.12706,0.24487,0.09815
crops/1297_9.jpg,1297,1297_jpg.rf.719936eaba637f61e55179ad5dbdb77d.jpg,,0,0,no_caries,mild,0.5949,0.32059,0.59485,0.03005,0.05452
crops/1313_0.jpg,1313,1313_jpg.rf.62e798b6b6758ef324af1da64d86160d.jpg,,0,0,no_caries,no_caries,0.6232,0.62319,0.15296,0.16106,0.0628
crops/1313_1.jpg,1313,1313_jpg.rf.62e798b6b6758ef324af1da64d86160d.jpg,,0,0,no_caries,no_caries,0.8182,0.81822,0.10852,0.03743,0.03583
crops/1313_2.jpg,1313,1313_jpg.rf.62e798b6b6758ef324af1da64d86160d.jpg,,0,0,no_caries,no_caries,0.5481,0.54806,0.34217,0.05324,0.05653
crops/1313_3.jpg,1313,1313_jpg.rf.62e798b6b6758ef324af1da64d86160d.jpg,,0,0,no_caries,no_caries,0.491,0.49098,0.44077,0.03089,0.03736
crops/1313_4.jpg,1313,1313_jpg.rf.62e798b6b6758ef324af1da64d86160d.jpg,,0,0,no_caries,no_caries,0.4517,0.45171,0.1572,0.28765,0.10343
crops/1313_5.jpg,1313,1313_jpg.rf.62e798b6b6758ef324af1da64d86160d.jpg,,0,0,no_caries,mild,0.886,0.09664,0.88597,0.00624,0.01115
crops/1313_6.jpg,1313,1313_jpg.rf.62e798b6b6758ef324af1da64d86160d.jpg,,0,0,no_caries,no_caries,0.4515,0.45149,0.43079,0.06827,0.04944
crops/1313_7.jpg,1313,1313_jpg.rf.62e798b6b6758ef324af1da64d86160d.jpg,,0,0,no_caries,mild,0.6466,0.29347,0.64659,0.0529,0.00703
crops/1313_8.jpg,1313,1313_jpg.rf.62e798b6b6758ef324af1da64d86160d.jpg,,4,0,moderate,moderate,0.5633,0.01064,0.42367,0.56325,0.00244
crops/1313_9.jpg,1313,1313_jpg.rf.62e798b6b6758ef324af1da64d86160d.jpg,,4,0,moderate,mild,0.6496,0.02505,0.64962,0.12181,0.20352
crops/1313_10.jpg,1313,1313_jpg.rf.62e798b6b6758ef324af1da64d86160d.jpg,,5,0,advanced,advanced,0.4716,0.06207,0.3098,0.15651,0.47161
crops/1313_11.jpg,1313,1313_jpg.rf.62e798b6b6758ef324af1da64d86160d.jpg,,1,0,mild,mild,0.6612,0.05384,0.66121,0.27668,0.00827
crops/1313_12.jpg,1313,1313_jpg.rf.62e798b6b6758ef324af1da64d86160d.jpg,,0,0,no_caries,mild,0.7545,0.04037,0.75454,0.19846,0.00663
crops/1313_13.jpg,1313,1313_jpg.rf.62e798b6b6758ef324af1da64d86160d.jpg,,0,0,no_caries,mild,0.5958,0.16547,0.59584,0.23101,0.00769
crops/1313_14.jpg,1313,1313_jpg.rf.62e798b6b6758ef324af1da64d86160d.jpg,,0,0,no_caries,no_caries,0.81,0.80999,0.05859,0.09531,0.03612
crops/1313_15.jpg,1313,1313_jpg.rf.62e798b6b6758ef324af1da64d86160d.jpg,,0,0,no_caries,moderate,0.4641,0.43672,0.08827,0.46407,0.01094
crops/1313_16.jpg,1313,1313_jpg.rf.62e798b6b6758ef324af1da64d86160d.jpg,,0,0,no_caries,no_caries,0.6256,0.62557,0.13977,0.19249,0.04217
crops/1313_17.jpg,1313,1313_jpg.rf.62e798b6b6758ef324af1da64d86160d.jpg,,0,0,no_caries,moderate,0.6826,0.24187,0.04066,0.6826,0.03487
crops/1313_18.jpg,1313,1313_jpg.rf.62e798b6b6758ef324af1da64d86160d.jpg,,0,0,no_caries,no_caries,0.4341,0.43409,0.26985,0.24055,0.05552
crops/1578_0.jpg,1578,1578_jpg.rf.00112fa761a7e7386604ac33d405a20c.jpg,,6,0,advanced,advanced,0.9494,0.00567,0.03555,0.00941,0.94936
crops/1578_1.jpg,1578,1578_jpg.rf.00112fa761a7e7386604ac33d405a20c.jpg,,5,0,advanced,advanced,0.9345,0.00571,0.02073,0.03904,0.93451
crops/1578_2.jpg,1578,1578_jpg.rf.00112fa761a7e7386604ac33d405a20c.jpg,,5,0,advanced,mild,0.7849,0.00246,0.78487,0.00412,0.20855
crops/1578_3.jpg,1578,1578_jpg.rf.00112fa761a7e7386604ac33d405a20c.jpg,,5,0,advanced,mild,0.934,0.00273,0.93404,0.00987,0.05335
crops/1578_4.jpg,1578,1578_jpg.rf.00112fa761a7e7386604ac33d405a20c.jpg,,5,0,advanced,mild,0.9624,0.00311,0.96237,0.02408,0.01043
crops/1578_5.jpg,1578,1578_jpg.rf.00112fa761a7e7386604ac33d405a20c.jpg,,5,0,advanced,mild,0.4735,0.02219,0.47346,0.22664,0.27772
crops/1578_6.jpg,1578,1578_jpg.rf.00112fa761a7e7386604ac33d405a20c.jpg,,0,0,no_caries,no_caries,0.3464,0.34638,0.33827,0.25729,0.05806
crops/1578_7.jpg,1578,1578_jpg.rf.00112fa761a7e7386604ac33d405a20c.jpg,,0,0,no_caries,mild,0.441,0.04038,0.44096,0.15864,0.36002
crops/1578_8.jpg,1578,1578_jpg.rf.00112fa761a7e7386604ac33d405a20c.jpg,,0,0,no_caries,moderate,0.6591,0.06131,0.21519,0.65915,0.06435
crops/1578_9.jpg,1578,1578_jpg.rf.00112fa761a7e7386604ac33d405a20c.jpg,,5,0,advanced,moderate,0.7189,0.0031,0.03226,0.71885,0.24578
crops/1578_10.jpg,1578,1578_jpg.rf.00112fa761a7e7386604ac33d405a20c.jpg,,5,0,advanced,advanced,0.9627,0.00666,0.0056,0.02503,0.9627
crops/1578_11.jpg,1578,1578_jpg.rf.00112fa761a7e7386604ac33d405a20c.jpg,,0,0,no_caries,advanced,0.9488,0.02708,0.01771,0.00644,0.94877
crops/1578_12.jpg,1578,1578_jpg.rf.00112fa761a7e7386604ac33d405a20c.jpg,,5,0,advanced,advanced,0.8971,0.01395,0.06673,0.02225,0.89707
crops/1578_13.jpg,1578,1578_jpg.rf.00112fa761a7e7386604ac33d405a20c.jpg,,6,0,advanced,advanced,0.9307,0.00665,0.0316,0.031,0.93074
crops/1578_14.jpg,1578,1578_jpg.rf.00112fa761a7e7386604ac33d405a20c.jpg,,5,0,advanced,advanced,0.9091,0.01263,0.04963,0.02864,0.9091
crops/158_0.jpg,158,158_jpg.rf.03c9f089c7eb7a3d524fe098f03962e8.jpg,,1,0,mild,no_caries,0.5994,0.59936,0.29825,0.04257,0.05983
crops/158_1.jpg,158,158_jpg.rf.03c9f089c7eb7a3d524fe098f03962e8.jpg,,2,0,mild,mild,0.3611,0.12603,0.3611,0.18563,0.32724
crops/158_2.jpg,158,158_jpg.rf.03c9f089c7eb7a3d524fe098f03962e8.jpg,,2,0,mild,mild,0.9093,0.01467,0.90929,0.07449,0.00155
crops/158_3.jpg,158,158_jpg.rf.03c9f089c7eb7a3d524fe098f03962e8.jpg,,6,0,advanced,advanced,0.9544,0.00838,0.00217,0.03504,0.9544
crops/158_4.jpg,158,158_jpg.rf.03c9f089c7eb7a3d524fe098f03962e8.jpg,,6,0,advanced,advanced,0.9695,0.00802,0.00673,0.01578,0.96947
crops/158_5.jpg,158,158_jpg.rf.03c9f089c7eb7a3d524fe098f03962e8.jpg,,5,0,advanced,advanced,0.9322,0.00925,0.01183,0.04675,0.93216
crops/158_6.jpg,158,158_jpg.rf.03c9f089c7eb7a3d524fe098f03962e8.jpg,,6,0,advanced,advanced,0.8765,0.00883,0.006,0.10867,0.8765
crops/158_7.jpg,158,158_jpg.rf.03c9f089c7eb7a3d524fe098f03962e8.jpg,,5,0,advanced,advanced,0.9893,0.00351,0.0045,0.00267,0.98933
crops/158_8.jpg,158,158_jpg.rf.03c9f089c7eb7a3d524fe098f03962e8.jpg,,5,0,advanced,advanced,0.9754,0.00366,0.0089,0.01207,0.97537
crops/158_9.jpg,158,158_jpg.rf.03c9f089c7eb7a3d524fe098f03962e8.jpg,,0,0,no_caries,mild,0.5905,0.3455,0.59049,0.02488,0.03914
crops/158_10.jpg,158,158_jpg.rf.03c9f089c7eb7a3d524fe098f03962e8.jpg,,0,0,no_caries,mild,0.6425,0.2922,0.64246,0.03124,0.0341
crops/158_11.jpg,158,158_jpg.rf.03c9f089c7eb7a3d524fe098f03962e8.jpg,,1,0,mild,mild,0.5176,0.19831,0.51757,0.18503,0.09909
crops/158_12.jpg,158,158_jpg.rf.03c9f089c7eb7a3d524fe098f03962e8.jpg,,0,0,no_caries,mild,0.5213,0.15468,0.52127,0.27578,0.04827
crops/158_13.jpg,158,158_jpg.rf.03c9f089c7eb7a3d524fe098f03962e8.jpg,,0,0,no_caries,no_caries,0.6013,0.60128,0.13658,0.18672,0.07543
crops/158_14.jpg,158,158_jpg.rf.03c9f089c7eb7a3d524fe098f03962e8.jpg,,0,0,no_caries,no_caries,0.74,0.74001,0.09106,0.08431,0.08463
crops/1654_0.jpg,1654,1654_jpg.rf.2e896eda41ea5e90f02e1bb02d6abe4f.jpg,,5,0,advanced,advanced,0.968,0.00565,0.00343,0.02292,0.968
crops/1654_1.jpg,1654,1654_jpg.rf.2e896eda41ea5e90f02e1bb02d6abe4f.jpg,,0,0,no_caries,no_caries,0.7372,0.73716,0.09539,0.07075,0.09669
crops/1654_2.jpg,1654,1654_jpg.rf.2e896eda41ea5e90f02e1bb02d6abe4f.jpg,,0,0,no_caries,no_caries,0.5422,0.54222,0.32684,0.03014,0.1008
crops/1811_0.jpg,1811,1811_jpg.rf.5fcd82d5998ca4934ff1e6a2f68986fc.jpg,,2,0,mild,moderate,0.6947,0.16017,0.11926,0.69475,0.02582
crops/1811_1.jpg,1811,1811_jpg.rf.5fcd82d5998ca4934ff1e6a2f68986fc.jpg,,0,0,no_caries,no_caries,0.6603,0.6603,0.0794,0.20433,0.05597
crops/1811_2.jpg,1811,1811_jpg.rf.5fcd82d5998ca4934ff1e6a2f68986fc.jpg,,6,0,advanced,advanced,0.9305,0.04034,0.01594,0.01325,0.93047
crops/1811_3.jpg,1811,1811_jpg.rf.5fcd82d5998ca4934ff1e6a2f68986fc.jpg,,3,0,moderate,advanced,0.4624,0.03306,0.4011,0.10342,0.46241
crops/1811_4.jpg,1811,1811_jpg.rf.5fcd82d5998ca4934ff1e6a2f68986fc.jpg,,1,0,mild,no_caries,0.7383,0.73832,0.10337,0.09825,0.06007
crops/1811_5.jpg,1811,1811_jpg.rf.5fcd82d5998ca4934ff1e6a2f68986fc.jpg,,0,0,no_caries,no_caries,0.5736,0.5736,0.27403,0.06511,0.08725
crops/1811_6.jpg,1811,1811_jpg.rf.5fcd82d5998ca4934ff1e6a2f68986fc.jpg,,0,0,no_caries,moderate,0.6063,0.35194,0.0269,0.60633,0.01483
crops/1811_7.jpg,1811,1811_jpg.rf.5fcd82d5998ca4934ff1e6a2f68986fc.jpg,,0,0,no_caries,advanced,0.3862,0.33867,0.07691,0.19819,0.38624
crops/1811_8.jpg,1811,1811_jpg.rf.5fcd82d5998ca4934ff1e6a2f68986fc.jpg,,0,0,no_caries,no_caries,0.509,0.50904,0.34882,0.09746,0.04468
crops/1811_9.jpg,1811,1811_jpg.rf.5fcd82d5998ca4934ff1e6a2f68986fc.jpg,,6,0,advanced,advanced,0.9437,0.00433,0.00756,0.04441,0.9437
crops/1811_10.jpg,1811,1811_jpg.rf.5fcd82d5998ca4934ff1e6a2f68986fc.jpg,,2,0,mild,mild,0.6997,0.04872,0.69973,0.24636,0.00519
crops/1_0.jpg,1,1_jpg.rf.15636baee6e7688effa2cd6f6ae3d828.jpg,,0,0,no_caries,advanced,0.3967,0.24899,0.33926,0.01509,0.39666
crops/1_1.jpg,1,1_jpg.rf.15636baee6e7688effa2cd6f6ae3d828.jpg,,0,0,no_caries,no_caries,0.5254,0.52538,0.1876,0.06342,0.22359
crops/1_2.jpg,1,1_jpg.rf.15636baee6e7688effa2cd6f6ae3d828.jpg,,0,0,no_caries,no_caries,0.7131,0.71313,0.13569,0.06249,0.08869
crops/1_3.jpg,1,1_jpg.rf.15636baee6e7688effa2cd6f6ae3d828.jpg,,0,0,no_caries,mild,0.7281,0.21266,0.72815,0.02076,0.03844
crops/1_4.jpg,1,1_jpg.rf.15636baee6e7688effa2cd6f6ae3d828.jpg,,0,0,no_caries,no_caries,0.3737,0.3737,0.32612,0.05269,0.24749
crops/1_5.jpg,1,1_jpg.rf.15636baee6e7688effa2cd6f6ae3d828.jpg,,0,0,no_caries,no_caries,0.8373,0.83729,0.05704,0.02948,0.07619
crops/1_6.jpg,1,1_jpg.rf.15636baee6e7688effa2cd6f6ae3d828.jpg,,0,0,no_caries,no_caries,0.771,0.77102,0.11837,0.08924,0.02137
crops/1_7.jpg,1,1_jpg.rf.15636baee6e7688effa2cd6f6ae3d828.jpg,,0,0,no_caries,no_caries,0.7525,0.75248,0.09056,0.07814,0.07882
crops/1_8.jpg,1,1_jpg.rf.15636baee6e7688effa2cd6f6ae3d828.jpg,,0,0,no_caries,no_caries,0.4168,0.41684,0.30408,0.11296,0.16612
crops/1_9.jpg,1,1_jpg.rf.15636baee6e7688effa2cd6f6ae3d828.jpg,,0,0,no_caries,no_caries,0.735,0.73503,0.13419,0.03486,0.09592
crops/1_10.jpg,1,1_jpg.rf.15636baee6e7688effa2cd6f6ae3d828.jpg,,0,0,no_caries,no_caries,0.7073,0.70734,0.14416,0.05903,0.08947
crops/1_11.jpg,1,1_jpg.rf.15636baee6e7688effa2cd6f6ae3d828.jpg,,0,0,no_caries,no_caries,0.6411,0.64113,0.23285,0.07691,0.04911
crops/1_12.jpg,1,1_jpg.rf.15636baee6e7688effa2cd6f6ae3d828.jpg,,2,0,mild,no_caries,0.7785,0.77846,0.0466,0.0675,0.10745
crops/1_13.jpg,1,1_jpg.rf.15636baee6e7688effa2cd6f6ae3d828.jpg,,0,0,no_caries,no_caries,0.6623,0.66232,0.14054,0.09068,0.10645
crops/204_0.jpg,204,204_jpg.rf.a995df396b81b7c0a39440386ab2be1d.jpg,,2,0,mild,no_caries,0.7104,0.71037,0.14559,0.08159,0.06245
crops/204_1.jpg,204,204_jpg.rf.a995df396b81b7c0a39440386ab2be1d.jpg,,2,0,mild,no_caries,0.5914,0.59139,0.22014,0.13774,0.05072
crops/204_2.jpg,204,204_jpg.rf.a995df396b81b7c0a39440386ab2be1d.jpg,,2,0,mild,mild,0.583,0.14144,0.583,0.2042,0.07135
crops/204_3.jpg,204,204_jpg.rf.a995df396b81b7c0a39440386ab2be1d.jpg,,2,0,mild,moderate,0.8548,0.02029,0.11369,0.85475,0.01127
crops/204_4.jpg,204,204_jpg.rf.a995df396b81b7c0a39440386ab2be1d.jpg,,3,0,moderate,mild,0.5887,0.00424,0.58868,0.40319,0.00389
crops/204_5.jpg,204,204_jpg.rf.a995df396b81b7c0a39440386ab2be1d.jpg,,3,0,moderate,mild,0.5313,0.00117,0.53128,0.11378,0.35377
crops/204_6.jpg,204,204_jpg.rf.a995df396b81b7c0a39440386ab2be1d.jpg,,6,0,advanced,advanced,0.9386,0.00527,0.0109,0.04522,0.93861
crops/204_7.jpg,204,204_jpg.rf.a995df396b81b7c0a39440386ab2be1d.jpg,,2,0,mild,moderate,0.5238,0.00387,0.23796,0.52379,0.23439
crops/204_8.jpg,204,204_jpg.rf.a995df396b81b7c0a39440386ab2be1d.jpg,,2,0,mild,mild,0.3314,0.24105,0.33139,0.30282,0.12474
crops/204_9.jpg,204,204_jpg.rf.a995df396b81b7c0a39440386ab2be1d.jpg,,2,0,mild,no_caries,0.8595,0.85948,0.0426,0.04504,0.05288
crops/204_10.jpg,204,204_jpg.rf.a995df396b81b7c0a39440386ab2be1d.jpg,,2,0,mild,no_caries,0.4537,0.45366,0.35226,0.1788,0.01528
crops/204_11.jpg,204,204_jpg.rf.a995df396b81b7c0a39440386ab2be1d.jpg,,2,0,mild,no_caries,0.4855,0.48549,0.30991,0.18628,0.01832
crops/204_12.jpg,204,204_jpg.rf.a995df396b81b7c0a39440386ab2be1d.jpg,,2,0,mild,moderate,0.6953,0.19462,0.10449,0.69532,0.00557
crops/204_13.jpg,204,204_jpg.rf.a995df396b81b7c0a39440386ab2be1d.jpg,,3,0,moderate,moderate,0.8229,0.10261,0.05876,0.8229,0.01573
crops/204_14.jpg,204,204_jpg.rf.a995df396b81b7c0a39440386ab2be1d.jpg,,0,0,no_caries,no_caries,0.4608,0.46081,0.02176,0.45302,0.0644
crops/204_15.jpg,204,204_jpg.rf.a995df396b81b7c0a39440386ab2be1d.jpg,,0,0,no_caries,mild,0.44,0.42757,0.44004,0.08297,0.04942
crops/204_16.jpg,204,204_jpg.rf.a995df396b81b7c0a39440386ab2be1d.jpg,,0,0,no_caries,no_caries,0.5559,0.55593,0.21644,0.20387,0.02376
crops/204_17.jpg,204,204_jpg.rf.a995df396b81b7c0a39440386ab2be1d.jpg,,0,0,no_caries,no_caries,0.4876,0.48764,0.36145,0.10423,0.04669
crops/204_18.jpg,204,204_jpg.rf.a995df396b81b7c0a39440386ab2be1d.jpg,,1,0,mild,no_caries,0.5881,0.58811,0.23389,0.05609,0.12192
crops/210_0.jpg,210,210_jpg.rf.72379546f04e8758fa9ecc839c63b11f.jpg,,0,0,no_caries,mild,0.5001,0.09426,0.50012,0.38982,0.0158
crops/210_1.jpg,210,210_jpg.rf.72379546f04e8758fa9ecc839c63b11f.jpg,,0,0,no_caries,mild,0.95,0.02469,0.95,0.01838,0.00693
crops/210_2.jpg,210,210_jpg.rf.72379546f04e8758fa9ecc839c63b11f.jpg,,5,0,advanced,mild,0.9438,0.00235,0.94379,0.00581,0.04805
crops/210_3.jpg,210,210_jpg.rf.72379546f04e8758fa9ecc839c63b11f.jpg,,5,0,advanced,mild,0.9836,0.00889,0.98356,0.00236,0.00519
crops/210_4.jpg,210,210_jpg.rf.72379546f04e8758fa9ecc839c63b11f.jpg,,5,0,advanced,mild,0.6699,0.24526,0.66989,0.03541,0.04944
crops/210_5.jpg,210,210_jpg.rf.72379546f04e8758fa9ecc839c63b11f.jpg,,0,0,no_caries,no_caries,0.88,0.87997,0.05981,0.03628,0.02394
crops/210_6.jpg,210,210_jpg.rf.72379546f04e8758fa9ecc839c63b11f.jpg,,0,0,no_caries,no_caries,0.8194,0.81936,0.04674,0.0492,0.08471
crops/210_7.jpg,210,210_jpg.rf.72379546f04e8758fa9ecc839c63b11f.jpg,,0,0,no_caries,no_caries,0.8931,0.89313,0.02963,0.01652,0.06072
crops/210_8.jpg,210,210_jpg.rf.72379546f04e8758fa9ecc839c63b11f.jpg,,0,0,no_caries,no_caries,0.8506,0.8506,0.03524,0.07621,0.03795
crops/210_9.jpg,210,210_jpg.rf.72379546f04e8758fa9ecc839c63b11f.jpg,,0,0,no_caries,no_caries,0.646,0.64598,0.15351,0.07098,0.12953
crops/210_10.jpg,210,210_jpg.rf.72379546f04e8758fa9ecc839c63b11f.jpg,,0,0,no_caries,no_caries,0.774,0.77395,0.06791,0.05292,0.10522
crops/2897_0.jpg,2897,2897_jpg.rf.f9e9e37528ca11a89368bfee570392e2.jpg,,5,0,advanced,advanced,0.8897,0.00434,0.0048,0.10112,0.88974
crops/2897_1.jpg,2897,2897_jpg.rf.f9e9e37528ca11a89368bfee570392e2.jpg,,3,0,moderate,no_caries,0.4033,0.40326,0.26009,0.10961,0.22704
crops/297_0.jpg,297,297_jpg.rf.012a2f13cc7052d05662c55c126cefd4.jpg,,0,0,no_caries,no_caries,0.7096,0.7096,0.04997,0.10943,0.131
crops/297_1.jpg,297,297_jpg.rf.012a2f13cc7052d05662c55c126cefd4.jpg,,0,0,no_caries,no_caries,0.5356,0.53556,0.3217,0.05968,0.08307
crops/297_2.jpg,297,297_jpg.rf.012a2f13cc7052d05662c55c126cefd4.jpg,,0,0,no_caries,no_caries,0.6707,0.67068,0.17231,0.12516,0.03185
crops/297_3.jpg,297,297_jpg.rf.012a2f13cc7052d05662c55c126cefd4.jpg,,2,0,mild,moderate,0.9183,0.00713,0.05547,0.91826,0.01915
crops/297_4.jpg,297,297_jpg.rf.012a2f13cc7052d05662c55c126cefd4.jpg,,2,0,mild,no_caries,0.3462,0.34617,0.34525,0.15075,0.15782
crops/297_5.jpg,297,297_jpg.rf.012a2f13cc7052d05662c55c126cefd4.jpg,,2,0,mild,mild,0.6138,0.17506,0.61384,0.07704,0.13405
crops/297_6.jpg,297,297_jpg.rf.012a2f13cc7052d05662c55c126cefd4.jpg,,2,0,mild,no_caries,0.4422,0.44223,0.40393,0.0766,0.07724
crops/297_7.jpg,297,297_jpg.rf.012a2f13cc7052d05662c55c126cefd4.jpg,,2,0,mild,no_caries,0.6451,0.64512,0.16751,0.0392,0.14817
crops/297_8.jpg,297,297_jpg.rf.012a2f13cc7052d05662c55c126cefd4.jpg,,2,0,mild,no_caries,0.6744,0.67436,0.16422,0.08169,0.07973
crops/297_9.jpg,297,297_jpg.rf.012a2f13cc7052d05662c55c126cefd4.jpg,,0,0,no_caries,no_caries,0.8569,0.85685,0.05593,0.04402,0.0432
crops/297_10.jpg,297,297_jpg.rf.012a2f13cc7052d05662c55c126cefd4.jpg,,0,0,no_caries,no_caries,0.9019,0.90192,0.02624,0.01822,0.05362
crops/297_11.jpg,297,297_jpg.rf.012a2f13cc7052d05662c55c126cefd4.jpg,,0,0,no_caries,no_caries,0.7856,0.78555,0.03121,0.0729,0.11034
crops/297_12.jpg,297,297_jpg.rf.012a2f13cc7052d05662c55c126cefd4.jpg,,0,0,no_caries,no_caries,0.7698,0.76978,0.03148,0.03176,0.16698
crops/297_13.jpg,297,297_jpg.rf.012a2f13cc7052d05662c55c126cefd4.jpg,,0,0,no_caries,no_caries,0.763,0.76298,0.0429,0.07745,0.11667
crops/297_14.jpg,297,297_jpg.rf.012a2f13cc7052d05662c55c126cefd4.jpg,,0,0,no_caries,no_caries,0.8447,0.84468,0.07924,0.02922,0.04687
crops/297_15.jpg,297,297_jpg.rf.012a2f13cc7052d05662c55c126cefd4.jpg,,0,0,no_caries,no_caries,0.4521,0.45206,0.43557,0.08177,0.0306
crops/297_16.jpg,297,297_jpg.rf.012a2f13cc7052d05662c55c126cefd4.jpg,,0,0,no_caries,no_caries,0.864,0.86401,0.02392,0.09221,0.01985
crops/30_0.jpg,30,30_jpg.rf.a0d9ea3a890a0799840d924e8a71d91b.jpg,,0,0,no_caries,mild,0.4789,0.3936,0.47894,0.04555,0.08191
crops/30_1.jpg,30,30_jpg.rf.a0d9ea3a890a0799840d924e8a71d91b.jpg,,0,0,no_caries,no_caries,0.3969,0.39689,0.27556,0.21819,0.10936
crops/30_2.jpg,30,30_jpg.rf.a0d9ea3a890a0799840d924e8a71d91b.jpg,,5,0,advanced,moderate,0.6687,0.06265,0.1861,0.66869,0.08256
crops/30_3.jpg,30,30_jpg.rf.a0d9ea3a890a0799840d924e8a71d91b.jpg,,2,0,mild,moderate,0.4115,0.26401,0.21009,0.41149,0.11442
crops/30_4.jpg,30,30_jpg.rf.a0d9ea3a890a0799840d924e8a71d91b.jpg,,5,0,advanced,mild,0.4621,0.15126,0.46206,0.25136,0.13532
crops/30_5.jpg,30,30_jpg.rf.a0d9ea3a890a0799840d924e8a71d91b.jpg,,0,0,no_caries,no_caries,0.7626,0.76264,0.09254,0.02145,0.12337
crops/30_6.jpg,30,30_jpg.rf.a0d9ea3a890a0799840d924e8a71d91b.jpg,,0,0,no_caries,no_caries,0.8004,0.80041,0.11648,0.02305,0.06006
crops/30_7.jpg,30,30_jpg.rf.a0d9ea3a890a0799840d924e8a71d91b.jpg,,0,0,no_caries,mild,0.7255,0.226,0.72554,0.0069,0.04156
crops/3209_0.jpg,3209,3209_jpg.rf.44a5052b3b41f423c8351cc549767593.jpg,,2,0,mild,mild,0.6974,0.11416,0.69744,0.17031,0.01809
crops/3209_1.jpg,3209,3209_jpg.rf.44a5052b3b41f423c8351cc549767593.jpg,,0,0,no_caries,mild,0.5322,0.35091,0.53217,0.04822,0.0687
crops/3209_2.jpg,3209,3209_jpg.rf.44a5052b3b41f423c8351cc549767593.jpg,,2,0,mild,mild,0.5022,0.34844,0.50224,0.10185,0.04747
crops/3209_3.jpg,3209,3209_jpg.rf.44a5052b3b41f423c8351cc549767593.jpg,,0,0,no_caries,mild,0.7509,0.11701,0.75086,0.02528,0.10685
crops/3209_4.jpg,3209,3209_jpg.rf.44a5052b3b41f423c8351cc549767593.jpg,,0,0,no_caries,mild,0.5085,0.32309,0.50845,0.06884,0.09961
crops/3209_5.jpg,3209,3209_jpg.rf.44a5052b3b41f423c8351cc549767593.jpg,,0,0,no_caries,mild,0.3346,0.3215,0.33457,0.3031,0.04084
crops/3209_6.jpg,3209,3209_jpg.rf.44a5052b3b41f423c8351cc549767593.jpg,,0,0,no_caries,no_caries,0.5917,0.59168,0.16169,0.15981,0.08682
crops/3209_7.jpg,3209,3209_jpg.rf.44a5052b3b41f423c8351cc549767593.jpg,,1,0,mild,moderate,0.5662,0.105,0.22964,0.56625,0.09912
crops/3209_8.jpg,3209,3209_jpg.rf.44a5052b3b41f423c8351cc549767593.jpg,,0,0,no_caries,mild,0.7623,0.18042,0.76235,0.02394,0.03329
crops/3209_9.jpg,3209,3209_jpg.rf.44a5052b3b41f423c8351cc549767593.jpg,,3,0,moderate,moderate,0.7849,0.03192,0.15141,0.78489,0.03179
crops/3209_10.jpg,3209,3209_jpg.rf.44a5052b3b41f423c8351cc549767593.jpg,,3,0,moderate,moderate,0.6141,0.00606,0.37739,0.61406,0.00248
crops/3209_11.jpg,3209,3209_jpg.rf.44a5052b3b41f423c8351cc549767593.jpg,,5,0,advanced,mild,0.8454,0.04925,0.84541,0.08488,0.02046
crops/hibogi_ai_01201_0.jpg,hibogi_ai_01201,HIBOGI_AI_01201_jpg.rf.8da1514a1e0ae6213005ed1c81b39dcf.jpg,,2,0,mild,mild,0.8553,0.11585,0.85528,0.02254,0.00634
crops/hibogi_ai_01201_1.jpg,hibogi_ai_01201,HIBOGI_AI_01201_jpg.rf.8da1514a1e0ae6213005ed1c81b39dcf.jpg,,0,0,no_caries,mild,0.6129,0.32204,0.61286,0.02164,0.04347
crops/hibogi_ai_01201_2.jpg,hibogi_ai_01201,HIBOGI_AI_01201_jpg.rf.8da1514a1e0ae6213005ed1c81b39dcf.jpg,,0,0,no_caries,mild,0.4511,0.44795,0.45114,0.03904,0.06187
crops/hibogi_ai_01201_3.jpg,hibogi_ai_01201,HIBOGI_AI_01201_jpg.rf.8da1514a1e0ae6213005ed1c81b39dcf.jpg,,0,0,no_caries,no_caries,0.6849,0.68487,0.21496,0.03666,0.06352
crops/hibogi_ai_01201_4.jpg,hibogi_ai_01201,HIBOGI_AI_01201_jpg.rf.8da1514a1e0ae6213005ed1c81b39dcf.jpg,,0,0,no_caries,no_caries,0.8519,0.85189,0.05518,0.02363,0.0693
crops/hibogi_ai_01201_5.jpg,hibogi_ai_01201,HIBOGI_AI_01201_jpg.rf.8da1514a1e0ae6213005ed1c81b39dcf.jpg,,0,0,no_caries,no_caries,0.8098,0.80976,0.09558,0.03064,0.06401
crops/hibogi_ai_01201_6.jpg,hibogi_ai_01201,HIBOGI_AI_01201_jpg.rf.8da1514a1e0ae6213005ed1c81b39dcf.jpg,,0,0,no_caries,no_caries,0.5421,0.54205,0.11981,0.29169,0.04645
crops/hibogi_ai_01201_7.jpg,hibogi_ai_01201,HIBOGI_AI_01201_jpg.rf.8da1514a1e0ae6213005ed1c81b39dcf.jpg,,0,0,no_caries,mild,0.8842,0.05843,0.88425,0.00272,0.05461
crops/hibogi_ai_01201_8.jpg,hibogi_ai_01201,HIBOGI_AI_01201_jpg.rf.8da1514a1e0ae6213005ed1c81b39dcf.jpg,,0,0,no_caries,moderate,0.8069,0.00674,0.17156,0.80685,0.01485
crops/hibogi_ai_01328_png_0.jpg,hibogi_ai_01328_png,HIBOGI_AI_01328_png_jpg.rf.6fd70aa853d98f74240df3386d37c1fe.jpg,,1,0,mild,mild,0.3125,0.29494,0.31251,0.27538,0.11717
crops/hibogi_ai_01328_png_1.jpg,hibogi_ai_01328_png,HIBOGI_AI_01328_png_jpg.rf.6fd70aa853d98f74240df3386d37c1fe.jpg,,1,0,mild,no_caries,0.4271,0.42714,0.33478,0.08687,0.15121
crops/hibogi_ai_01328_png_2.jpg,hibogi_ai_01328_png,HIBOGI_AI_01328_png_jpg.rf.6fd70aa853d98f74240df3386d37c1fe.jpg,,5,0,advanced,advanced,0.9835,0.00398,0.00416,0.00839,0.98347
crops/hibogi_ai_01328_png_3.jpg,hibogi_ai_01328_png,HIBOGI_AI_01328_png_jpg.rf.6fd70aa853d98f74240df3386d37c1fe.jpg,,0,0,no_caries,mild,0.5991,0.35405,0.59914,0.01973,0.02708
crops/hibogi_ai_01328_png_4.jpg,hibogi_ai_01328_png,HIBOGI_AI_01328_png_jpg.rf.6fd70aa853d98f74240df3386d37c1fe.jpg,,0,0,no_caries,no_caries,0.8666,0.86655,0.03439,0.05224,0.04682
crops/hibogi_ai_01328_png_5.jpg,hibogi_ai_01328_png,HIBOGI_AI_01328_png_jpg.rf.6fd70aa853d98f74240df3386d37c1fe.jpg,,0,0,no_caries,no_caries,0.5236,0.52359,0.36199,0.01959,0.09482
crops/hibogi_ai_01328_png_6.jpg,hibogi_ai_01328_png,HIBOGI_AI_01328_png_jpg.rf.6fd70aa853d98f74240df3386d37c1fe.jpg,,5,0,advanced,advanced,0.9675,0.00787,0.01188,0.01273,0.96752
crops/hibogi_ai_01328_png_7.jpg,hibogi_ai_01328_png,HIBOGI_AI_01328_png_jpg.rf.6fd70aa853d98f74240df3386d37c1fe.jpg,,2,0,mild,moderate,0.6831,0.06937,0.14574,0.6831,0.1018
crops/hibogi_ai_01328_png_8.jpg,hibogi_ai_01328_png,HIBOGI_AI_01328_png_jpg.rf.6fd70aa853d98f74240df3386d37c1fe.jpg,,0,0,no_caries,no_caries,0.7431,0.7431,0.10108,0.10111,0.05471
crops/hibogi_ai_01328_png_9.jpg,hibogi_ai_01328_png,HIBOGI_AI_01328_png_jpg.rf.6fd70aa853d98f74240df3386d37c1fe.jpg,,0,0,no_caries,no_caries,0.6377,0.63772,0.08947,0.22082,0.05199
crops/hibogi_ai_01328_png_10.jpg,hibogi_ai_01328_png,HIBOGI_AI_01328_png_jpg.rf.6fd70aa853d98f74240df3386d37c1fe.jpg,,0,0,no_caries,no_caries,0.711,0.71099,0.11244,0.14518,0.03139
crops/hibogi_ai_01328_png_11.jpg,hibogi_ai_01328_png,HIBOGI_AI_01328_png_jpg.rf.6fd70aa853d98f74240df3386d37c1fe.jpg,,0,0,no_caries,no_caries,0.5823,0.58228,0.02301,0.35006,0.04465
crops/hibogi_ai_01777_png_0.jpg,hibogi_ai_01777_png,HIBOGI_AI_01777_png_jpg.rf.9918a8c89e4835106a254405ba25bc97.jpg,,0,0,no_caries,no_caries,0.6151,0.61509,0.29917,0.03999,0.04576
crops/hibogi_ai_01777_png_1.jpg,hibogi_ai_01777_png,HIBOGI_AI_01777_png_jpg.rf.9918a8c89e4835106a254405ba25bc97.jpg,,0,0,no_caries,no_caries,0.4732,0.4732,0.40232,0.07716,0.04733
crops/hibogi_ai_01777_png_2.jpg,hibogi_ai_01777_png,HIBOGI_AI_01777_png_jpg.rf.9918a8c89e4835106a254405ba25bc97.jpg,,0,0,no_caries,no_caries,0.8707,0.87072,0.03701,0.04456,0.04772
crops/hibogi_ai_01777_png_3.jpg,hibogi_ai_01777_png,HIBOGI_AI_01777_png_jpg.rf.9918a8c89e4835106a254405ba25bc97.jpg,,0,0,no_caries,no_caries,0.7248,0.72481,0.11334,0.05219,0.10966
crops/hibogi_ai_01777_png_4.jpg,hibogi_ai_01777_png,HIBOGI_AI_01777_png_jpg.rf.9918a8c89e4835106a254405ba25bc97.jpg,,0,0,no_caries,no_caries,0.7132,0.7132,0.14772,0.04375,0.09532
crops/hibogi_ai_01777_png_5.jpg,hibogi_ai_01777_png,HIBOGI_AI_01777_png_jpg.rf.9918a8c89e4835106a254405ba25bc97.jpg,,0,0,no_caries,no_caries,0.8291,0.82907,0.06251,0.05222,0.0562
crops/hibogi_ai_01777_png_6.jpg,hibogi_ai_01777_png,HIBOGI_AI_01777_png_jpg.rf.9918a8c89e4835106a254405ba25bc97.jpg,,0,0,no_caries,no_caries,0.8421,0.84209,0.05633,0.05515,0.04642
crops/hibogi_ai_01777_png_7.jpg,hibogi_ai_01777_png,HIBOGI_AI_01777_png_jpg.rf.9918a8c89e4835106a254405ba25bc97.jpg,,0,0,no_caries,no_caries,0.6674,0.66738,0.2965,0.01431,0.02181
crops/hibogi_ai_01777_png_8.jpg,hibogi_ai_01777_png,HIBOGI_AI_01777_png_jpg.rf.9918a8c89e4835106a254405ba25bc97.jpg,,0,0,no_caries,no_caries,0.7974,0.79739,0.08688,0.08649,0.02924
crops/hibogi_ai_01777_png_9.jpg,hibogi_ai_01777_png,HIBOGI_AI_01777_png_jpg.rf.9918a8c89e4835106a254405ba25bc97.jpg,,0,0,no_caries,no_caries,0.681,0.68099,0.12217,0.14842,0.04842
crops/hibogi_ai_01777_png_10.jpg,hibogi_ai_01777_png,HIBOGI_AI_01777_png_jpg.rf.9918a8c89e4835106a254405ba25bc97.jpg,,0,0,no_caries,no_caries,0.7964,0.79636,0.10263,0.05316,0.04785
crops/hibogi_ai_01777_png_11.jpg,hibogi_ai_01777_png,HIBOGI_AI_01777_png_jpg.rf.9918a8c89e4835106a254405ba25bc97.jpg,,0,0,no_caries,no_caries,0.5923,0.59225,0.33051,0.05493,0.0223
crops/hibogi_ai_01777_png_12.jpg,hibogi_ai_01777_png,HIBOGI_AI_01777_png_jpg.rf.9918a8c89e4835106a254405ba25bc97.jpg,,0,0,no_caries,no_caries,0.6946,0.69455,0.12646,0.11695,0.06204
crops/hibogi_ai_01777_png_13.jpg,hibogi_ai_01777_png,HIBOGI_AI_01777_png_jpg.rf.9918a8c89e4835106a254405ba25bc97.jpg,,0,0,no_caries,no_caries,0.753,0.753,0.14658,0.02349,0.07692
crops/hibogi_ai_02752_png_0.jpg,hibogi_ai_02752_png,HIBOGI_AI_02752_png_jpg.rf.7e5e443bc7478778a48ea5014aa11da8.jpg,,0,0,no_caries,no_caries,0.7255,0.72554,0.10063,0.12541,0.04842
crops/hibogi_ai_02752_png_1.jpg,hibogi_ai_02752_png,HIBOGI_AI_02752_png_jpg.rf.7e5e443bc7478778a48ea5014aa11da8.jpg,,0,0,no_caries,no_caries,0.8416,0.8416,0.05808,0.0712,0.02913
crops/hibogi_ai_02752_png_2.jpg,hibogi_ai_02752_png,HIBOGI_AI_02752_png_jpg.rf.7e5e443bc7478778a48ea5014aa11da8.jpg,,0,0,no_caries,no_caries,0.7346,0.73456,0.10922,0.06086,0.09536
crops/hibogi_ai_02752_png_3.jpg,hibogi_ai_02752_png,HIBOGI_AI_02752_png_jpg.rf.7e5e443bc7478778a48ea5014aa11da8.jpg,,0,0,no_caries,no_caries,0.7768,0.77683,0.14543,0.03248,0.04527
crops/hibogi_ai_02752_png_4.jpg,hibogi_ai_02752_png,HIBOGI_AI_02752_png_jpg.rf.7e5e443bc7478778a48ea5014aa11da8.jpg,,0,0,no_caries,no_caries,0.6703,0.67025,0.27158,0.02333,0.03483
crops/hibogi_ai_02752_png_5.jpg,hibogi_ai_02752_png,HIBOGI_AI_02752_png_jpg.rf.7e5e443bc7478778a48ea5014aa11da8.jpg,,0,0,no_caries,moderate,0.6998,0.1402,0.09519,0.69982,0.06479
crops/hibogi_ai_02752_png_6.jpg,hibogi_ai_02752_png,HIBOGI_AI_02752_png_jpg.rf.7e5e443bc7478778a48ea5014aa11da8.jpg,,0,0,no_caries,no_caries,0.7447,0.74468,0.06426,0.08462,0.10645
crops/hibogi_ai_02752_png_7.jpg,hibogi_ai_02752_png,HIBOGI_AI_02752_png_jpg.rf.7e5e443bc7478778a48ea5014aa11da8.jpg,,0,0,no_caries,no_caries,0.6429,0.64286,0.02908,0.30343,0.02464
crops/hibogi_ai_02752_png_8.jpg,hibogi_ai_02752_png,HIBOGI_AI_02752_png_jpg.rf.7e5e443bc7478778a48ea5014aa11da8.jpg,,0,0,no_caries,no_caries,0.8455,0.84552,0.07634,0.05247,0.02566
crops/hibogi_ai_02752_png_9.jpg,hibogi_ai_02752_png,HIBOGI_AI_02752_png_jpg.rf.7e5e443bc7478778a48ea5014aa11da8.jpg,,0,0,no_caries,no_caries,0.9024,0.90242,0.04348,0.0312,0.02289
crops/hibogi_ai_02752_png_10.jpg,hibogi_ai_02752_png,HIBOGI_AI_02752_png_jpg.rf.7e5e443bc7478778a48ea5014aa11da8.jpg,,0,0,no_caries,no_caries,0.8407,0.84073,0.01699,0.10791,0.03438
crops/hibogi_ai_02752_png_11.jpg,hibogi_ai_02752_png,HIBOGI_AI_02752_png_jpg.rf.7e5e443bc7478778a48ea5014aa11da8.jpg,,0,0,no_caries,no_caries,0.8478,0.84784,0.03717,0.07821,0.03678
crops/hibogi_ai_02752_png_12.jpg,hibogi_ai_02752_png,HIBOGI_AI_02752_png_jpg.rf.7e5e443bc7478778a48ea5014aa11da8.jpg,,0,0,no_caries,no_caries,0.8171,0.81708,0.07246,0.04978,0.06069
crops/hibogi_ai_02752_png_13.jpg,hibogi_ai_02752_png,HIBOGI_AI_02752_png_jpg.rf.7e5e443bc7478778a48ea5014aa11da8.jpg,,5,0,advanced,advanced,0.9501,0.01222,0.01176,0.02592,0.9501
crops/hibogi_ai_02757_png_0.jpg,hibogi_ai_02757_png,HIBOGI_AI_02757_png_jpg.rf.c6558b756c04410e4fa005c9b7851da8.jpg,,2,0,mild,moderate,0.7258,0.00879,0.25254,0.72583,0.01284
crops/hibogi_ai_02757_png_1.jpg,hibogi_ai_02757_png,HIBOGI_AI_02757_png_jpg.rf.c6558b756c04410e4fa005c9b7851da8.jpg,,5,0,advanced,advanced,0.7839,0.0645,0.076,0.07557,0.78392
crops/hibogi_ai_02757_png_2.jpg,hibogi_ai_02757_png,HIBOGI_AI_02757_png_jpg.rf.c6558b756c04410e4fa005c9b7851da8.jpg,,0,0,no_caries,no_caries,0.8056,0.80562,0.09742,0.07608,0.02089
crops/hibogi_ai_02757_png_3.jpg,hibogi_ai_02757_png,HIBOGI_AI_02757_png_jpg.rf.c6558b756c04410e4fa005c9b7851da8.jpg,,0,0,no_caries,no_caries,0.8683,0.86831,0.03555,0.06466,0.03148
crops/hibogi_ai_02757_png_4.jpg,hibogi_ai_02757_png,HIBOGI_AI_02757_png_jpg.rf.c6558b756c04410e4fa005c9b7851da8.jpg,,0,0,no_caries,no_caries,0.8125,0.81252,0.07522,0.05507,0.05719
crops/hibogi_ai_02757_png_5.jpg,hibogi_ai_02757_png,HIBOGI_AI_02757_png_jpg.rf.c6558b756c04410e4fa005c9b7851da8.jpg,,0,0,no_caries,no_caries,0.8166,0.81663,0.05938,0.08831,0.03568
crops/hibogi_ai_02757_png_6.jpg,hibogi_ai_02757_png,HIBOGI_AI_02757_png_jpg.rf.c6558b756c04410e4fa005c9b7851da8.jpg,,0,0,no_caries,no_caries,0.8177,0.81774,0.05071,0.07784,0.05371
crops/hibogi_ai_02757_png_7.jpg,hibogi_ai_02757_png,HIBOGI_AI_02757_png_jpg.rf.c6558b756c04410e4fa005c9b7851da8.jpg,,0,0,no_caries,no_caries,0.5863,0.58632,0.31049,0.04839,0.0548
crops/hibogi_ai_02757_png_8.jpg,hibogi_ai_02757_png,HIBOGI_AI_02757_png_jpg.rf.c6558b756c04410e4fa005c9b7851da8.jpg,,6,0,advanced,moderate,0.4406,0.00708,0.27886,0.44057,0.27348
crops/hibogi_ai_02757_png_9.jpg,hibogi_ai_02757_png,HIBOGI_AI_02757_png_jpg.rf.c6558b756c04410e4fa005c9b7851da8.jpg,,5,0,advanced,moderate,0.4209,0.12841,0.19317,0.42092,0.2575
crops/hibogi_ai_03083_png_0.jpg,hibogi_ai_03083_png,HIBOGI_AI_03083_png_jpg.rf.8643aa00d05f449e04a74fa561b14342.jpg,,4,0,moderate,mild,0.9368,0.02817,0.93675,0.01844,0.01663
crops/hibogi_ai_03083_png_1.jpg,hibogi_ai_03083_png,HIBOGI_AI_03083_png_jpg.rf.8643aa00d05f449e04a74fa561b14342.jpg,,0,0,no_caries,no_caries,0.6938,0.69382,0.10641,0.12215,0.07762
crops/hibogi_ai_03083_png_2.jpg,hibogi_ai_03083_png,HIBOGI_AI_03083_png_jpg.rf.8643aa00d05f449e04a74fa561b14342.jpg,,0,0,no_caries,no_caries,0.5849,0.5849,0.22118,0.12361,0.07031
crops/hibogi_ai_03083_png_3.jpg,hibogi_ai_03083_png,HIBOGI_AI_03083_png_jpg.rf.8643aa00d05f449e04a74fa561b14342.jpg,,0,0,no_caries,mild,0.8102,0.14902,0.81016,0.0348,0.00602
crops/hibogi_ai_03083_png_4.jpg,hibogi_ai_03083_png,HIBOGI_AI_03083_png_jpg.rf.8643aa00d05f449e04a74fa561b14342.jpg,,0,0,no_caries,mild,0.6629,0.31237,0.66287,0.01128,0.01349
crops/hibogi_ai_03083_png_5.jpg,hibogi_ai_03083_png,HIBOGI_AI_03083_png_jpg.rf.8643aa00d05f449e04a74fa561b14342.jpg,,0,0,no_caries,no_caries,0.8066,0.8066,0.07597,0.04248,0.07494
crops/hibogi_ai_03083_png_6.jpg,hibogi_ai_03083_png,HIBOGI_AI_03083_png_jpg.rf.8643aa00d05f449e04a74fa561b14342.jpg,,6,0,advanced,advanced,0.9502,0.00783,0.02435,0.01763,0.95019
crops/hibogi_ai_03083_png_7.jpg,hibogi_ai_03083_png,HIBOGI_AI_03083_png_jpg.rf.8643aa00d05f449e04a74fa561b14342.jpg,,2,0,mild,mild,0.4725,0.4536,0.47245,0.03269,0.04126
crops/hibogi_ai_03083_png_8.jpg,hibogi_ai_03083_png,HIBOGI_AI_03083_png_jpg.rf.8643aa00d05f449e04a74fa561b14342.jpg,,1,0,mild,no_caries,0.797,0.79701,0.12189,0.04476,0.03635
crops/hibogi_ai_03083_png_9.jpg,hibogi_ai_03083_png,HIBOGI_AI_03083_png_jpg.rf.8643aa00d05f449e04a74fa561b14342.jpg,,0,0,no_caries,no_caries,0.7243,0.72431,0.167,0.05298,0.05571
crops/hibogi_ai_03083_png_10.jpg,hibogi_ai_03083_png,HIBOGI_AI_03083_png_jpg.rf.8643aa00d05f449e04a74fa561b14342.jpg,,0,0,no_caries,no_caries,0.817,0.81701,0.10584,0.04952,0.02763
crops/hibogi_ai_03083_png_11.jpg,hibogi_ai_03083_png,HIBOGI_AI_03083_png_jpg.rf.8643aa00d05f449e04a74fa561b14342.jpg,,6,0,advanced,advanced,0.9803,0.00643,0.00842,0.00482,0.98033
crops/001_00114_05_a091_0.jpg,001_00114_05_a091,001_00114_05_a091_jpg.rf.b0b7c7f0f3dcbf8c3b433f2c99d3f220.jpg,,0,0,no_caries,no_caries,0.5771,0.57708,0.22503,0.12735,0.07053
crops/001_00114_05_a091_1.jpg,001_00114_05_a091,001_00114_05_a091_jpg.rf.b0b7c7f0f3dcbf8c3b433f2c99d3f220.jpg,,0,0,no_caries,no_caries,0.7596,0.75962,0.05834,0.14696,0.03508
crops/001_00114_05_a091_2.jpg,001_00114_05_a091,001_00114_05_a091_jpg.rf.b0b7c7f0f3dcbf8c3b433f2c99d3f220.jpg,,0,0,no_caries,no_caries,0.6341,0.63407,0.20278,0.12326,0.0399
crops/001_00114_05_a091_3.jpg,001_00114_05_a091,001_00114_05_a091_jpg.rf.b0b7c7f0f3dcbf8c3b433f2c99d3f220.jpg,,1,0,mild,no_caries,0.6424,0.64238,0.13935,0.17388,0.04439
crops/001_00114_05_a091_4.jpg,001_00114_05_a091,001_00114_05_a091_jpg.rf.b0b7c7f0f3dcbf8c3b433f2c99d3f220.jpg,,0,0,no_caries,no_caries,0.6984,0.69837,0.12777,0.15693,0.01694
crops/001_00114_05_a091_5.jpg,001_00114_05_a091,001_00114_05_a091_jpg.rf.b0b7c7f0f3dcbf8c3b433f2c99d3f220.jpg,,0,0,no_caries,no_caries,0.7183,0.7183,0.10784,0.11894,0.05492
crops/001_00114_05_a091_6.jpg,001_00114_05_a091,001_00114_05_a091_jpg.rf.b0b7c7f0f3dcbf8c3b433f2c99d3f220.jpg,,0,0,no_caries,mild,0.5475,0.32211,0.54752,0.06602,0.06435
crops/001_00114_05_a091_7.jpg,001_00114_05_a091,001_00114_05_a091_jpg.rf.b0b7c7f0f3dcbf8c3b433f2c99d3f220.jpg,,2,0,mild,mild,0.8984,0.0843,0.89841,0.00894,0.00835
crops/001_00114_05_a091_8.jpg,001_00114_05_a091,001_00114_05_a091_jpg.rf.b0b7c7f0f3dcbf8c3b433f2c99d3f220.jpg,,0,0,no_caries,no_caries,0.5856,0.58563,0.37356,0.0049,0.03591
crops/001_00114_05_a091_9.jpg,001_00114_05_a091,001_00114_05_a091_jpg.rf.b0b7c7f0f3dcbf8c3b433f2c99d3f220.jpg,,0,0,no_caries,no_caries,0.6556,0.65559,0.25434,0.0253,0.06478
crops/001_00114_05_a091_10.jpg,001_00114_05_a091,001_00114_05_a091_jpg.rf.b0b7c7f0f3dcbf8c3b433f2c99d3f220.jpg,,0,0,no_caries,no_caries,0.7182,0.7182,0.14162,0.01279,0.12738
crops/001_00114_05_a091_11.jpg,001_00114_05_a091,001_00114_05_a091_jpg.rf.b0b7c7f0f3dcbf8c3b433f2c99d3f220.jpg,,2,0,mild,mild,0.4625,0.43802,0.46247,0.00505,0.09446
crops/001_00114_05_a091_12.jpg,001_00114_05_a091,001_00114_05_a091_jpg.rf.b0b7c7f0f3dcbf8c3b433f2c99d3f220.jpg,,0,0,no_caries,no_caries,0.568,0.56799,0.28507,0.06871,0.07823
crops/001_00114_05_a091_13.jpg,001_00114_05_a091,001_00114_05_a091_jpg.rf.b0b7c7f0f3dcbf8c3b433f2c99d3f220.jpg,,2,0,mild,no_caries,0.7064,0.7064,0.19473,0.05311,0.04576
crops/001_00114_05_a091_14.jpg,001_00114_05_a091,001_00114_05_a091_jpg.rf.b0b7c7f0f3dcbf8c3b433f2c99d3f220.jpg,,2,0,mild,no_caries,0.7019,0.7019,0.21535,0.05295,0.0298
crops/003_00048_11_a091_0.jpg,003_00048_11_a091,003_00048_11_a091_jpg.rf.adf11a6f3184af172ec1caac3905eb4b.jpg,,0,0,no_caries,mild,0.697,0.18598,0.69696,0.08873,0.02833
crops/003_00048_11_a091_1.jpg,003_00048_11_a091,003_00048_11_a091_jpg.rf.adf11a6f3184af172ec1caac3905eb4b.jpg,,0,0,no_caries,no_caries,0.5803,0.58032,0.25235,0.05562,0.11171
crops/003_00048_11_a091_2.jpg,003_00048_11_a091,003_00048_11_a091_jpg.rf.adf11a6f3184af172ec1caac3905eb4b.jpg,,0,0,no_caries,mild,0.8584,0.0598,0.85841,0.04327,0.03851
crops/003_00048_11_a091_3.jpg,003_00048_11_a091,003_00048_11_a091_jpg.rf.adf11a6f3184af172ec1caac3905eb4b.jpg,,0,0,no_caries,mild,0.6717,0.24081,0.6717,0.01447,0.07302
crops/003_00048_11_a091_4.jpg,003_00048_11_a091,003_00048_11_a091_jpg.rf.adf11a6f3184af172ec1caac3905eb4b.jpg,,0,0,no_caries,no_caries,0.7296,0.72959,0.21911,0.02115,0.03015
crops/003_00048_11_a091_5.jpg,003_00048_11_a091,003_00048_11_a091_jpg.rf.adf11a6f3184af172ec1caac3905eb4b.jpg,,0,0,no_caries,no_caries,0.7595,0.75949,0.11894,0.04177,0.0798
crops/003_00048_11_a091_6.jpg,003_00048_11_a091,003_00048_11_a091_jpg.rf.adf11a6f3184af172ec1caac3905eb4b.jpg,,0,0,no_caries,no_caries,0.7185,0.7185,0.146,0.05499,0.08051
crops/003_00048_11_a091_7.jpg,003_00048_11_a091,003_00048_11_a091_jpg.rf.adf11a6f3184af172ec1caac3905eb4b.jpg,,0,0,no_caries,no_caries,0.8068,0.80678,0.09643,0.03211,0.06468
crops/003_00048_11_a091_8.jpg,003_00048_11_a091,003_00048_11_a091_jpg.rf.adf11a6f3184af172ec1caac3905eb4b.jpg,,0,0,no_caries,no_caries,0.7684,0.7684,0.14149,0.04703,0.04308
crops/003_00048_11_a091_9.jpg,003_00048_11_a091,003_00048_11_a091_jpg.rf.adf11a6f3184af172ec1caac3905eb4b.jpg,,0,0,no_caries,no_caries,0.6587,0.6587,0.18049,0.11537,0.04544
crops/003_00048_11_a091_10.jpg,003_00048_11_a091,003_00048_11_a091_jpg.rf.adf11a6f3184af172ec1caac3905eb4b.jpg,,0,0,no_caries,no_caries,0.5097,0.50972,0.18514,0.19185,0.11329
crops/003_00048_11_a091_11.jpg,003_00048_11_a091,003_00048_11_a091_jpg.rf.adf11a6f3184af172ec1caac3905eb4b.jpg,,0,0,no_caries,mild,0.4646,0.2823,0.46461,0.16506,0.08804
crops/005_00240_03_a091_0.jpg,005_00240_03_a091,005_00240_03_a091_jpg.rf.c6a3b7ea561e492901a53e99a26fa35c.jpg,,0,0,no_caries,no_caries,0.5939,0.59394,0.02617,0.33572,0.04418
crops/005_00240_03_a091_1.jpg,005_00240_03_a091,005_00240_03_a091_jpg.rf.c6a3b7ea561e492901a53e99a26fa35c.jpg,,4,0,moderate,moderate,0.6877,0.01219,0.29109,0.68768,0.00904
crops/005_00240_03_a091_2.jpg,005_00240_03_a091,005_00240_03_a091_jpg.rf.c6a3b7ea561e492901a53e99a26fa35c.jpg,,4,0,moderate,moderate,0.5583,0.14894,0.25895,0.55828,0.03384
crops/005_00240_03_a091_3.jpg,005_00240_03_a091,005_00240_03_a091_jpg.rf.c6a3b7ea561e492901a53e99a26fa35c.jpg,,0,0,no_caries,no_caries,0.6642,0.6642,0.20288,0.05742,0.0755
crops/005_00240_03_a091_4.jpg,005_00240_03_a091,005_00240_03_a091_jpg.rf.c6a3b7ea561e492901a53e99a26fa35c.jpg,,0,0,no_caries,no_caries,0.5754,0.57537,0.30964,0.095,0.01998
crops/005_00240_03_a091_5.jpg,005_00240_03_a091,005_00240_03_a091_jpg.rf.c6a3b7ea561e492901a53e99a26fa35c.jpg,,1,0,mild,mild,0.578,0.36797,0.57796,0.03792,0.01615
crops/005_00276_04_a091_0.jpg,005_00276_04_a091,005_00276_04_a091_jpg.rf.1b272ee84fd5fb1ed9f99296df269ff9.jpg,,3,0,moderate,no_caries,0.5705,0.57051,0.31297,0.06858,0.04794
crops/005_00276_04_a091_1.jpg,005_00276_04_a091,005_00276_04_a091_jpg.rf.1b272ee84fd5fb1ed9f99296df269ff9.jpg,,5,0,advanced,moderate,0.6546,0.07925,0.22348,0.6546,0.04266
crops/005_00276_04_a091_2.jpg,005_00276_04_a091,005_00276_04_a091_jpg.rf.1b272ee84fd5fb1ed9f99296df269ff9.jpg,,5,0,advanced,advanced,0.7367,0.00112,0.00212,0.26005,0.73671
crops/005_00276_04_a091_3.jpg,005_00276_04_a091,005_00276_04_a091_jpg.rf.1b272ee84fd5fb1ed9f99296df269ff9.jpg,,0,0,no_caries,no_caries,0.5894,0.58939,0.29237,0.04933,0.0689
crops/005_00276_04_a091_4.jpg,005_00276_04_a091,005_00276_04_a091_jpg.rf.1b272ee84fd5fb1ed9f99296df269ff9.jpg,,0,0,no_caries,mild,0.4993,0.41985,0.49932,0.06858,0.01225
crops/005_00276_04_a091_5.jpg,005_00276_04_a091,005_00276_04_a091_jpg.rf.1b272ee84fd5fb1ed9f99296df269ff9.jpg,,0,0,no_caries,no_caries,0.4717,0.47166,0.42525,0.05821,0.04487
crops/005_00276_04_a091_6.jpg,005_00276_04_a091,005_00276_04_a091_jpg.rf.1b272ee84fd5fb1ed9f99296df269ff9.jpg,,0,0,no_caries,no_caries,0.6777,0.67773,0.2173,0.05555,0.04942
crops/005_00276_04_a091_7.jpg,005_00276_04_a091,005_00276_04_a091_jpg.rf.1b272ee84fd5fb1ed9f99296df269ff9.jpg,,0,0,no_caries,no_caries,0.4788,0.47876,0.38092,0.08529,0.05503
crops/005_00276_04_a091_8.jpg,005_00276_04_a091,005_00276_04_a091_jpg.rf.1b272ee84fd5fb1ed9f99296df269ff9.jpg,,0,0,no_caries,no_caries,0.6541,0.6541,0.22847,0.08329,0.03415
crops/005_00276_04_a091_9.jpg,005_00276_04_a091,005_00276_04_a091_jpg.rf.1b272ee84fd5fb1ed9f99296df269ff9.jpg,,0,0,no_caries,moderate,0.9018,0.09125,0.00445,0.9018,0.0025
crops/005_00276_04_a091_10.jpg,005_00276_04_a091,005_00276_04_a091_jpg.rf.1b272ee84fd5fb1ed9f99296df269ff9.jpg,,0,0,no_caries,no_caries,0.6586,0.6586,0.04355,0.26711,0.03074
crops/005_00276_04_a091_11.jpg,005_00276_04_a091,005_00276_04_a091_jpg.rf.1b272ee84fd5fb1ed9f99296df269ff9.jpg,,0,0,no_caries,no_caries,0.5588,0.55882,0.14851,0.26173,0.03095
crops/005_00276_07_a091_0.jpg,005_00276_07_a091,005_00276_07_a091_jpg.rf.565eaf0ed1eebe46f2e807160f0a94c1.jpg,,0,0,no_caries,mild,0.4143,0.1958,0.41429,0.36791,0.02199
crops/005_00276_07_a091_1.jpg,005_00276_07_a091,005_00276_07_a091_jpg.rf.565eaf0ed1eebe46f2e807160f0a94c1.jpg,,3,0,moderate,moderate,0.9038,0.02018,0.0663,0.90385,0.00967
crops/005_00276_07_a091_2.jpg,005_00276_07_a091,005_00276_07_a091_jpg.rf.565eaf0ed1eebe46f2e807160f0a94c1.jpg,,1,0,mild,mild,0.476,0.10061,0.47598,0.39229,0.03112
crops/005_00276_07_a091_3.jpg,005_00276_07_a091,005_00276_07_a091_jpg.rf.565eaf0ed1eebe46f2e807160f0a94c1.jpg,,3,0,moderate,mild,0.4978,0.02716,0.49781,0.43256,0.04247
crops/005_00276_07_a091_4.jpg,005_00276_07_a091,005_00276_07_a091_jpg.rf.565eaf0ed1eebe46f2e807160f0a94c1.jpg,,6,0,advanced,advanced,0.8695,0.00243,0.00776,0.12032,0.8695
crops/005_00276_07_a091_5.jpg,005_00276_07_a091,005_00276_07_a091_jpg.rf.565eaf0ed1eebe46f2e807160f0a94c1.jpg,,6,0,advanced,advanced,0.8544,0.00427,0.03141,0.10996,0.85435
crops/010_00496_10_a091_0.jpg,010_00496_10_a091,010_00496_10_a091_jpg.rf.85b003fb7f05a275ecce262593a71b94.jpg,,1,0,mild,no_caries,0.455,0.45499,0.36064,0.07996,0.1044
crops/010_00496_10_a091_1.jpg,010_00496_10_a091,010_00496_10_a091_jpg.rf.85b003fb7f05a275ecce262593a71b94.jpg,,1,0,mild,no_caries,0.3852,0.38522,0.29154,0.26651,0.05673
crops/010_00496_10_a091_2.jpg,010_00496_10_a091,010_00496_10_a091_jpg.rf.85b003fb7f05a275ecce262593a71b94.jpg,,2,0,mild,mild,0.6008,0.26061,0.60076,0.10173,0.03691
crops/010_00496_10_a091_3.jpg,010_00496_10_a091,010_00496_10_a091_jpg.rf.85b003fb7f05a275ecce262593a71b94.jpg,,2,0,mild,mild,0.7614,0.11045,0.76139,0.04646,0.08171
crops/010_00496_10_a091_4.jpg,010_00496_10_a091,010_00496_10_a091_jpg.rf.85b003fb7f05a275ecce262593a71b94.jpg,,1,0,mild,mild,0.5677,0.28921,0.56769,0.02165,0.12146
crops/010_00496_10_a091_5.jpg,010_00496_10_a091,010_00496_10_a091_jpg.rf.85b003fb7f05a275ecce262593a71b94.jpg,,1,0,mild,no_caries,0.7647,0.76469,0.09436,0.04546,0.09549
crops/010_00496_10_a091_6.jpg,010_00496_10_a091,010_00496_10_a091_jpg.rf.85b003fb7f05a275ecce262593a71b94.jpg,,0,0,no_caries,mild,0.7386,0.0929,0.73859,0.12228,0.04624
crops/010_00551_12_a091_0.jpg,010_00551_12_a091,010_00551_12_a091_jpg.rf.cbe4aced8da04ea766b80a46fd4d9b9e.jpg,,1,0,mild,mild,0.8012,0.05546,0.80119,0.04032,0.10303
crops/010_00551_12_a091_1.jpg,010_00551_12_a091,010_00551_12_a091_jpg.rf.cbe4aced8da04ea766b80a46fd4d9b9e.jpg,,3,0,moderate,moderate,0.8559,0.00196,0.13324,0.85594,0.00886
crops/010_00551_12_a091_2.jpg,010_00551_12_a091,010_00551_12_a091_jpg.rf.cbe4aced8da04ea766b80a46fd4d9b9e.jpg,,3,0,moderate,moderate,0.9736,0.00235,0.02119,0.97356,0.00289
crops/010_00551_12_a091_3.jpg,010_00551_12_a091,010_00551_12_a091_jpg.rf.cbe4aced8da04ea766b80a46fd4d9b9e.jpg,,3,0,moderate,no_caries,0.3958,0.39581,0.23599,0.32901,0.03919
crops/010_00551_12_a091_4.jpg,010_00551_12_a091,010_00551_12_a091_jpg.rf.cbe4aced8da04ea766b80a46fd4d9b9e.jpg,,1,0,mild,moderate,0.9217,0.01561,0.01424,0.92173,0.04842
crops/010_00551_12_a091_5.jpg,010_00551_12_a091,010_00551_12_a091_jpg.rf.cbe4aced8da04ea766b80a46fd4d9b9e.jpg,,1,0,mild,moderate,0.6938,0.02039,0.14921,0.69379,0.13661
crops/010_00551_12_a091_6.jpg,010_00551_12_a091,010_00551_12_a091_jpg.rf.cbe4aced8da04ea766b80a46fd4d9b9e.jpg,,5,0,advanced,moderate,0.961,0.0048,0.02227,0.961,0.01194
crops/010_00551_12_a091_7.jpg,010_00551_12_a091,010_00551_12_a091_jpg.rf.cbe4aced8da04ea766b80a46fd4d9b9e.jpg,,5,0,advanced,no_caries,0.3606,0.36064,0.24755,0.3483,0.04351
crops/010_00551_12_a091_8.jpg,010_00551_12_a091,010_00551_12_a091_jpg.rf.cbe4aced8da04ea766b80a46fd4d9b9e.jpg,,5,0,advanced,no_caries,0.4769,0.47694,0.06166,0.40729,0.05411
crops/022_00070_04_a091_0.jpg,022_00070_04_a091,022_00070_04_a091_jpg.rf.0e283bb8db38a4001619bd1ae462c9b5.jpg,,0,0,no_caries,no_caries,0.7559,0.75595,0.19768,0.01952,0.02686
crops/022_00070_04_a091_1.jpg,022_00070_04_a091,022_00070_04_a091_jpg.rf.0e283bb8db38a4001619bd1ae462c9b5.jpg,,0,0,no_caries,no_caries,0.8043,0.80434,0.11869,0.04588,0.03109
crops/022_00070_04_a091_2.jpg,022_00070_04_a091,022_00070_04_a091_jpg.rf.0e283bb8db38a4001619bd1ae462c9b5.jpg,,0,0,no_caries,mild,0.9038,0.05733,0.90375,0.02114,0.01778
crops/022_00070_04_a091_3.jpg,022_00070_04_a091,022_00070_04_a091_jpg.rf.0e283bb8db38a4001619bd1ae462c9b5.jpg,,0,0,no_caries,mild,0.6229,0.33256,0.62295,0.0231,0.02139
crops/022_00070_04_a091_4.jpg,022_00070_04_a091,022_00070_04_a091_jpg.rf.0e283bb8db38a4001619bd1ae462c9b5.jpg,,1,0,mild,mild,0.5686,0.02042,0.56864,0.35822,0.05271
crops/022_00070_04_a091_5.jpg,022_00070_04_a091,022_00070_04_a091_jpg.rf.0e283bb8db38a4001619bd1ae462c9b5.jpg,,1,0,mild,mild,0.7562,0.09845,0.75621,0.11123,0.0341
crops/022_00070_04_a091_6.jpg,022_00070_04_a091,022_00070_04_a091_jpg.rf.0e283bb8db38a4001619bd1ae462c9b5.jpg,,0,0,no_caries,mild,0.3879,0.32792,0.3879,0.2298,0.05438
crops/022_00070_05_a091_0.jpg,022_00070_05_a091,022_00070_05_a091_jpg.rf.9ccffd156c5e8d4dec63dabfc48c388b.jpg,,0,0,no_caries,no_caries,0.6031,0.60309,0.31719,0.06954,0.01018
crops/022_00070_05_a091_1.jpg,022_00070_05_a091,022_00070_05_a091_jpg.rf.9ccffd156c5e8d4dec63dabfc48c388b.jpg,,0,0,no_caries,mild,0.5833,0.35236,0.5833,0.03103,0.03331
crops/022_00070_05_a091_2.jpg,022_00070_05_a091,022_00070_05_a091_jpg.rf.9ccffd156c5e8d4dec63dabfc48c388b.jpg,,2,0,mild,mild,0.8533,0.06032,0.85331,0.08019,0.00617
crops/022_00070_05_a091_3.jpg,022_00070_05_a091,022_00070_05_a091_jpg.rf.9ccffd156c5e8d4dec63dabfc48c388b.jpg,,0,0,no_caries,mild,0.8431,0.10376,0.84307,0.03737,0.0158
crops/022_00070_05_a091_4.jpg,022_00070_05_a091,022_00070_05_a091_jpg.rf.9ccffd156c5e8d4dec63dabfc48c388b.jpg,,2,0,mild,mild,0.6001,0.04866,0.60011,0.11072,0.24051
crops/022_00070_05_a091_5.jpg,022_00070_05_a091,022_00070_05_a091_jpg.rf.9ccffd156c5e8d4dec63dabfc48c388b.jpg,,2,0,mild,mild,0.6459,0.02976,0.64595,0.28179,0.0425
crops/022_00070_05_a091_6.jpg,022_00070_05_a091,022_00070_05_a091_jpg.rf.9ccffd156c5e8d4dec63dabfc48c388b.jpg,,0,0,no_caries,mild,0.6056,0.31793,0.60555,0.0549,0.02162
crops/022_00070_05_a091_7.jpg,022_00070_05_a091,022_00070_05_a091_jpg.rf.9ccffd156c5e8d4dec63dabfc48c388b.jpg,,0,0,no_caries,mild,0.842,0.08564,0.84203,0.06305,0.00928
crops/022_00070_05_a091_8.jpg,022_00070_05_a091,022_00070_05_a091_jpg.rf.9ccffd156c5e8d4dec63dabfc48c388b.jpg,,0,0,no_caries,no_caries,0.5796,0.57955,0.37029,0.01919,0.03096
crops/022_00070_05_a091_9.jpg,022_00070_05_a091,022_00070_05_a091_jpg.rf.9ccffd156c5e8d4dec63dabfc48c388b.jpg,,0,0,no_caries,mild,0.5286,0.334,0.52859,0.09071,0.0467
crops/031_00120_08_a091_0.jpg,031_00120_08_a091,031_00120_08_a091_jpg.rf.3a88f771f258089cfa237729566067b9.jpg,,5,0,advanced,moderate,0.8868,0.00334,0.09235,0.88678,0.01752
crops/031_00120_08_a091_1.jpg,031_00120_08_a091,031_00120_08_a091_jpg.rf.3a88f771f258089cfa237729566067b9.jpg,,0,0,no_caries,mild,0.9008,0.07883,0.90077,0.00648,0.01392
crops/031_00120_08_a091_2.jpg,031_00120_08_a091,031_00120_08_a091_jpg.rf.3a88f771f258089cfa237729566067b9.jpg,,0,0,no_caries,mild,0.6365,0.23589,0.63652,0.06512,0.06247
crops/031_00120_08_a091_3.jpg,031_00120_08_a091,031_00120_08_a091_jpg.rf.3a88f771f258089cfa237729566067b9.jpg,,0,0,no_caries,no_caries,0.518,0.51802,0.33941,0.10289,0.03968
crops/031_00120_08_a091_4.jpg,031_00120_08_a091,031_00120_08_a091_jpg.rf.3a88f771f258089cfa237729566067b9.jpg,,0,0,no_caries,no_caries,0.8306,0.83059,0.10436,0.04155,0.02349
crops/031_00120_08_a091_5.jpg,031_00120_08_a091,031_00120_08_a091_jpg.rf.3a88f771f258089cfa237729566067b9.jpg,,0,0,no_caries,no_caries,0.7966,0.79665,0.0654,0.12548,0.01247
crops/031_00120_08_a091_6.jpg,031_00120_08_a091,031_00120_08_a091_jpg.rf.3a88f771f258089cfa237729566067b9.jpg,,0,0,no_caries,mild,0.8358,0.04962,0.83577,0.00776,0.10684
crops/031_00120_08_a091_7.jpg,031_00120_08_a091,031_00120_08_a091_jpg.rf.3a88f771f258089cfa237729566067b9.jpg,,0,0,no_caries,no_caries,0.5677,0.5677,0.29003,0.07778,0.06449
crops/031_00120_08_a091_8.jpg,031_00120_08_a091,031_00120_08_a091_jpg.rf.3a88f771f258089cfa237729566067b9.jpg,,2,0,mild,moderate,0.5665,0.05075,0.37779,0.56645,0.005
crops/031_00120_08_a091_9.jpg,031_00120_08_a091,031_00120_08_a091_jpg.rf.3a88f771f258089cfa237729566067b9.jpg,,0,0,no_caries,moderate,0.5933,0.17706,0.20722,0.5933,0.02242
crops/031_00120_08_a091_10.jpg,031_00120_08_a091,031_00120_08_a091_jpg.rf.3a88f771f258089cfa237729566067b9.jpg,,0,0,no_caries,mild,0.4408,0.3886,0.4408,0.13958,0.03103
crops/031_00321_07_a091_0.jpg,031_00321_07_a091,031_00321_07_a091_jpg.rf.becdf23cec28b42b065e19076b546a5e.jpg,,5,0,advanced,advanced,0.6277,0.00121,0.01513,0.35593,0.62773
crops/031_00321_07_a091_1.jpg,031_00321_07_a091,031_00321_07_a091_jpg.rf.becdf23cec28b42b065e19076b546a5e.jpg,,5,0,advanced,mild,0.3851,0.1423,0.38506,0.32828,0.14437
crops/031_00321_07_a091_2.jpg,031_00321_07_a091,031_00321_07_a091_jpg.rf.becdf23cec28b42b065e19076b546a5e.jpg,,5,0,advanced,mild,0.6493,0.04397,0.64932,0.16379,0.14292
crops/031_00321_07_a091_3.jpg,031_00321_07_a091,031_00321_07_a091_jpg.rf.becdf23cec28b42b065e19076b546a5e.jpg,,5,0,advanced,moderate,0.8376,0.00722,0.12464,0.83763,0.03051
crops/031_00321_07_a091_4.jpg,031_00321_07_a091,031_00321_07_a091_jpg.rf.becdf23cec28b42b065e19076b546a5e.jpg,,5,0,advanced,moderate,0.6472,0.0047,0.19015,0.64717,0.15797
crops/031_00321_07_a091_5.jpg,031_00321_07_a091,031_00321_07_a091_jpg.rf.becdf23cec28b42b065e19076b546a5e.jpg,,2,0,mild,mild,0.8192,0.13954,0.81924,0.02226,0.01896
crops/031_00321_07_a091_6.jpg,031_00321_07_a091,031_00321_07_a091_jpg.rf.becdf23cec28b42b065e19076b546a5e.jpg,,2,0,mild,advanced,0.5726,0.1301,0.13931,0.15802,0.57257
crops/031_00321_07_a091_7.jpg,031_00321_07_a091,031_00321_07_a091_jpg.rf.becdf23cec28b42b065e19076b546a5e.jpg,,0,0,no_caries,no_caries,0.6093,0.60933,0.01975,0.34948,0.02143
crops/031_00321_07_a091_8.jpg,031_00321_07_a091,031_00321_07_a091_jpg.rf.becdf23cec28b42b065e19076b546a5e.jpg,,0,0,no_caries,no_caries,0.6797,0.6797,0.09674,0.18727,0.03629
crops/031_00321_07_a091_9.jpg,031_00321_07_a091,031_00321_07_a091_jpg.rf.becdf23cec28b42b065e19076b546a5e.jpg,,0,0,no_caries,no_caries,0.5644,0.56438,0.0383,0.37374,0.02358
crops/031_00321_07_a091_10.jpg,031_00321_07_a091,031_00321_07_a091_jpg.rf.becdf23cec28b42b065e19076b546a5e.jpg,,0,0,no_caries,no_caries,0.7306,0.73064,0.03547,0.19428,0.03961
crops/031_00321_07_a091_11.jpg,031_00321_07_a091,031_00321_07_a091_jpg.rf.becdf23cec28b42b065e19076b546a5e.jpg,,0,0,no_caries,moderate,0.5344,0.36905,0.05636,0.53443,0.04017
crops/031_00502_08_a091_0.jpg,031_00502_08_a091,031_00502_08_a091_jpg.rf.11f5e5e9bf2db75a6748e79f976b18e4.jpg,,0,0,no_caries,mild,0.5969,0.24617,0.59686,0.10443,0.05255
crops/031_00502_08_a091_1.jpg,031_00502_08_a091,031_00502_08_a091_jpg.rf.11f5e5e9bf2db75a6748e79f976b18e4.jpg,,0,0,no_caries,no_caries,0.5556,0.55555,0.20557,0.14799,0.09089
crops/031_00502_08_a091_2.jpg,031_00502_08_a091,031_00502_08_a091_jpg.rf.11f5e5e9bf2db75a6748e79f976b18e4.jpg,,0,0,no_caries,no_caries,0.8383,0.83834,0.07218,0.05852,0.03096
crops/031_00502_08_a091_3.jpg,031_00502_08_a091,031_00502_08_a091_jpg.rf.11f5e5e9bf2db75a6748e79f976b18e4.jpg,,0,0,no_caries,no_caries,0.7012,0.70117,0.21359,0.03374,0.0515
crops/031_00502_08_a091_4.jpg,031_00502_08_a091,031_00502_08_a091_jpg.rf.11f5e5e9bf2db75a6748e79f976b18e4.jpg,,0,0,no_caries,no_caries,0.8447,0.84467,0.03928,0.04531,0.07074
crops/031_00502_08_a091_5.jpg,031_00502_08_a091,031_00502_08_a091_jpg.rf.11f5e5e9bf2db75a6748e79f976b18e4.jpg,,0,0,no_caries,no_caries,0.8103,0.8103,0.10497,0.05791,0.02681
crops/031_00502_08_a091_6.jpg,031_00502_08_a091,031_00502_08_a091_jpg.rf.11f5e5e9bf2db75a6748e79f976b18e4.jpg,,0,0,no_caries,no_caries,0.6866,0.68658,0.11499,0.09118,0.10725
crops/031_00502_08_a091_7.jpg,031_00502_08_a091,031_00502_08_a091_jpg.rf.11f5e5e9bf2db75a6748e79f976b18e4.jpg,,0,0,no_caries,no_caries,0.7213,0.7213,0.15192,0.07521,0.05156
crops/031_00502_08_a091_8.jpg,031_00502_08_a091,031_00502_08_a091_jpg.rf.11f5e5e9bf2db75a6748e79f976b18e4.jpg,,0,0,no_caries,no_caries,0.8137,0.81366,0.03857,0.10893,0.03885
crops/031_00502_08_a091_9.jpg,031_00502_08_a091,031_00502_08_a091_jpg.rf.11f5e5e9bf2db75a6748e79f976b18e4.jpg,,0,0,no_caries,no_caries,0.6935,0.69354,0.13238,0.10751,0.06657
crops/031_00502_08_a091_10.jpg,031_00502_08_a091,031_00502_08_a091_jpg.rf.11f5e5e9bf2db75a6748e79f976b18e4.jpg,,0,0,no_caries,no_caries,0.523,0.52303,0.35045,0.06041,0.06611
crops/031_00502_08_a091_11.jpg,031_00502_08_a091,031_00502_08_a091_jpg.rf.11f5e5e9bf2db75a6748e79f976b18e4.jpg,,0,0,no_caries,no_caries,0.7676,0.7676,0.10329,0.07414,0.05497
crops/031_00502_08_a091_12.jpg,031_00502_08_a091,031_00502_08_a091_jpg.rf.11f5e5e9bf2db75a6748e79f976b18e4.jpg,,0,0,no_caries,moderate,0.3957,0.28693,0.28243,0.39573,0.03491
crops/031_00502_08_a091_13.jpg,031_00502_08_a091,031_00502_08_a091_jpg.rf.11f5e5e9bf2db75a6748e79f976b18e4.jpg,,0,0,no_caries,mild,0.5055,0.41056,0.50554,0.02966,0.05424
crops/034_00139_09_a091_0.jpg,034_00139_09_a091,034_00139_09_a091_jpg.rf.36b123eab702afbcf7648aa4c87024d1.jpg,,0,0,no_caries,no_caries,0.4857,0.48572,0.25727,0.07909,0.17792
crops/034_00139_09_a091_1.jpg,034_00139_09_a091,034_00139_09_a091_jpg.rf.36b123eab702afbcf7648aa4c87024d1.jpg,,0,0,no_caries,no_caries,0.7373,0.73727,0.07582,0.11191,0.07499
crops/034_00139_09_a091_2.jpg,034_00139_09_a091,034_00139_09_a091_jpg.rf.36b123eab702afbcf7648aa4c87024d1.jpg,,0,0,no_caries,no_caries,0.7442,0.74423,0.10604,0.09739,0.05234
crops/034_00139_09_a091_3.jpg,034_00139_09_a091,034_00139_09_a091_jpg.rf.36b123eab702afbcf7648aa4c87024d1.jpg,,0,0,no_caries,moderate,0.7747,0.08898,0.05189,0.77474,0.0844
crops/034_00139_09_a091_4.jpg,034_00139_09_a091,034_00139_09_a091_jpg.rf.36b123eab702afbcf7648aa4c87024d1.jpg,,0,0,no_caries,mild,0.6728,0.19033,0.67279,0.0731,0.06378
crops/034_00139_09_a091_5.jpg,034_00139_09_a091,034_00139_09_a091_jpg.rf.36b123eab702afbcf7648aa4c87024d1.jpg,,3,0,moderate,moderate,0.6573,0.099,0.22674,0.65732,0.01694
crops/034_00139_09_a091_6.jpg,034_00139_09_a091,034_00139_09_a091_jpg.rf.36b123eab702afbcf7648aa4c87024d1.jpg,,3,0,moderate,moderate,0.75,0.02585,0.2085,0.74996,0.01569
crops/034_00139_09_a091_7.jpg,034_00139_09_a091,034_00139_09_a091_jpg.rf.36b123eab702afbcf7648aa4c87024d1.jpg,,3,0,moderate,mild,0.8931,0.06071,0.89308,0.02375,0.02246
crops/034_00139_09_a091_8.jpg,034_00139_09_a091,034_00139_09_a091_jpg.rf.36b123eab702afbcf7648aa4c87024d1.jpg,,0,0,no_caries,moderate,0.672,0.05961,0.25987,0.67201,0.00851
crops/034_00139_09_a091_9.jpg,034_00139_09_a091,034_00139_09_a091_jpg.rf.36b123eab702afbcf7648aa4c87024d1.jpg,,5,0,advanced,mild,0.784,0.06247,0.78396,0.03075,0.12281
crops/042_00545_11_a091_0.jpg,042_00545_11_a091,042_00545_11_a091_jpg.rf.34c095e222ea90a0952f8c9768c045ae.jpg,,0,0,no_caries,mild,0.8321,0.02265,0.83212,0.13291,0.01231
crops/042_00545_11_a091_1.jpg,042_00545_11_a091,042_00545_11_a091_jpg.rf.34c095e222ea90a0952f8c9768c045ae.jpg,,0,0,no_caries,mild,0.4828,0.33801,0.48285,0.1149,0.06423
crops/042_00545_11_a091_2.jpg,042_00545_11_a091,042_00545_11_a091_jpg.rf.34c095e222ea90a0952f8c9768c045ae.jpg,,0,0,no_caries,mild,0.4735,0.41177,0.47349,0.07219,0.04255
crops/042_00545_11_a091_3.jpg,042_00545_11_a091,042_00545_11_a091_jpg.rf.34c095e222ea90a0952f8c9768c045ae.jpg,,1,0,mild,mild,0.7284,0.06507,0.72836,0.01786,0.18871
crops/042_00545_11_a091_4.jpg,042_00545_11_a091,042_00545_11_a091_jpg.rf.34c095e222ea90a0952f8c9768c045ae.jpg,,0,0,no_caries,no_caries,0.4087,0.40867,0.39548,0.18532,0.01053
crops/042_00545_11_a091_5.jpg,042_00545_11_a091,042_00545_11_a091_jpg.rf.34c095e222ea90a0952f8c9768c045ae.jpg,,0,0,no_caries,no_caries,0.6878,0.68776,0.18728,0.07618,0.04878
crops/042_00545_11_a091_6.jpg,042_00545_11_a091,042_00545_11_a091_jpg.rf.34c095e222ea90a0952f8c9768c045ae.jpg,,0,0,no_caries,no_caries,0.5018,0.50176,0.34679,0.10794,0.04352
crops/042_00545_11_a091_7.jpg,042_00545_11_a091,042_00545_11_a091_jpg.rf.34c095e222ea90a0952f8c9768c045ae.jpg,,0,0,no_caries,mild,0.411,0.22429,0.41098,0.3588,0.00593
crops/042_00545_11_a091_8.jpg,042_00545_11_a091,042_00545_11_a091_jpg.rf.34c095e222ea90a0952f8c9768c045ae.jpg,,0,0,no_caries,mild,0.8266,0.0985,0.82657,0.05679,0.01814
crops/042_00545_11_a091_9.jpg,042_00545_11_a091,042_00545_11_a091_jpg.rf.34c095e222ea90a0952f8c9768c045ae.jpg,,0,0,no_caries,no_caries,0.6318,0.63177,0.20008,0.10829,0.05987
crops/042_00545_11_a091_10.jpg,042_00545_11_a091,042_00545_11_a091_jpg.rf.34c095e222ea90a0952f8c9768c045ae.jpg,,0,0,no_caries,no_caries,0.6507,0.65075,0.14625,0.1591,0.0439
crops/042_00545_11_a091_11.jpg,042_00545_11_a091,042_00545_11_a091_jpg.rf.34c095e222ea90a0952f8c9768c045ae.jpg,,0,0,no_caries,moderate,0.563,0.18135,0.23019,0.56297,0.02548
crops/042_00545_11_a091_12.jpg,042_00545_11_a091,042_00545_11_a091_jpg.rf.34c095e222ea90a0952f8c9768c045ae.jpg,,3,0,moderate,moderate,0.9618,0.00126,0.00303,0.96176,0.03395
crops/1046_0.jpg,1046,1046_jpg.rf.84c4860f24bcdb67f1705c6715ade09b.jpg,,0,0,no_caries,mild,0.6015,0.26636,0.60148,0.07757,0.05459
crops/1046_1.jpg,1046,1046_jpg.rf.84c4860f24bcdb67f1705c6715ade09b.jpg,,0,0,no_caries,mild,0.7173,0.1359,0.7173,0.08328,0.06353
crops/1046_2.jpg,1046,1046_jpg.rf.84c4860f24bcdb67f1705c6715ade09b.jpg,,0,0,no_caries,mild,0.4662,0.45427,0.46617,0.04407,0.03548
crops/1046_3.jpg,1046,1046_jpg.rf.84c4860f24bcdb67f1705c6715ade09b.jpg,,0,0,no_caries,no_caries,0.5879,0.58793,0.28731,0.07384,0.05091
crops/1046_4.jpg,1046,1046_jpg.rf.84c4860f24bcdb67f1705c6715ade09b.jpg,,4,0,moderate,mild,0.5738,0.20863,0.57376,0.1846,0.03301
crops/1046_5.jpg,1046,1046_jpg.rf.84c4860f24bcdb67f1705c6715ade09b.jpg,,3,0,moderate,mild,0.6015,0.25061,0.60152,0.11084,0.03704
crops/1046_6.jpg,1046,1046_jpg.rf.84c4860f24bcdb67f1705c6715ade09b.jpg,,5,0,advanced,advanced,0.8787,0.00338,0.03804,0.07985,0.87873
crops/1046_7.jpg,1046,1046_jpg.rf.84c4860f24bcdb67f1705c6715ade09b.jpg,,3,0,moderate,advanced,0.8352,0.00433,0.0291,0.13133,0.83524
crops/1046_8.jpg,1046,1046_jpg.rf.84c4860f24bcdb67f1705c6715ade09b.jpg,,5,0,advanced,moderate,0.9145,0.00101,0.017,0.91449,0.0675
crops/1051_0.jpg,1051,1051_jpg.rf.dbf197656d3bfbbdcc0a02e54a8fbd86.jpg,,3,0,moderate,mild,0.6666,0.00301,0.66663,0.31763,0.01274
crops/1051_1.jpg,1051,1051_jpg.rf.dbf197656d3bfbbdcc0a02e54a8fbd86.jpg,,3,0,moderate,moderate,0.7097,0.00908,0.25448,0.7097,0.02674
crops/1051_2.jpg,1051,1051_jpg.rf.dbf197656d3bfbbdcc0a02e54a8fbd86.jpg,,5,0,advanced,mild,0.8156,0.06627,0.81561,0.03661,0.08151
crops/1051_3.jpg,1051,1051_jpg.rf.dbf197656d3bfbbdcc0a02e54a8fbd86.jpg,,2,0,mild,mild,0.7716,0.02835,0.7716,0.01308,0.18697
crops/1051_4.jpg,1051,1051_jpg.rf.dbf197656d3bfbbdcc0a02e54a8fbd86.jpg,,0,0,no_caries,mild,0.5978,0.31903,0.59784,0.04867,0.03446
crops/1051_5.jpg,1051,1051_jpg.rf.dbf197656d3bfbbdcc0a02e54a8fbd86.jpg,,0,0,no_caries,mild,0.583,0.31695,0.58298,0.06037,0.0397
crops/1051_6.jpg,1051,1051_jpg.rf.dbf197656d3bfbbdcc0a02e54a8fbd86.jpg,,0,0,no_caries,mild,0.5742,0.23732,0.57422,0.14418,0.04428
crops/1051_7.jpg,1051,1051_jpg.rf.dbf197656d3bfbbdcc0a02e54a8fbd86.jpg,,0,0,no_caries,moderate,0.4864,0.32684,0.1604,0.48642,0.02633
crops/1051_8.jpg,1051,1051_jpg.rf.dbf197656d3bfbbdcc0a02e54a8fbd86.jpg,,0,0,no_caries,mild,0.469,0.39057,0.46904,0.12831,0.01208
crops/1051_9.jpg,1051,1051_jpg.rf.dbf197656d3bfbbdcc0a02e54a8fbd86.jpg,,0,0,no_caries,mild,0.5213,0.41017,0.52125,0.05436,0.01422
crops/1051_10.jpg,1051,1051_jpg.rf.dbf197656d3bfbbdcc0a02e54a8fbd86.jpg,,3,0,moderate,moderate,0.53,0.09124,0.36955,0.53004,0.00916
crops/1051_11.jpg,1051,1051_jpg.rf.dbf197656d3bfbbdcc0a02e54a8fbd86.jpg,,0,0,no_caries,mild,0.5421,0.30051,0.54207,0.06706,0.09036
crops/1051_12.jpg,1051,1051_jpg.rf.dbf197656d3bfbbdcc0a02e54a8fbd86.jpg,,3,0,moderate,moderate,0.827,0.04886,0.08719,0.82701,0.03693
crops/1051_13.jpg,1051,1051_jpg.rf.dbf197656d3bfbbdcc0a02e54a8fbd86.jpg,,3,0,moderate,mild,0.4916,0.03086,0.49159,0.44527,0.03228
crops/1076_0.jpg,1076,1076_jpg.rf.a6d7e933ffa9b6039c34b096a609c0e4.jpg,,6,0,advanced,advanced,0.8993,0.00626,0.00901,0.08543,0.8993
crops/1076_1.jpg,1076,1076_jpg.rf.a6d7e933ffa9b6039c34b096a609c0e4.jpg,,5,0,advanced,advanced,0.4824,0.01159,0.18596,0.32009,0.48236
crops/1076_2.jpg,1076,1076_jpg.rf.a6d7e933ffa9b6039c34b096a609c0e4.jpg,,5,0,advanced,moderate,0.6467,0.01157,0.20109,0.64666,0.14069
crops/1076_3.jpg,1076,1076_jpg.rf.a6d7e933ffa9b6039c34b096a609c0e4.jpg,,5,0,advanced,advanced,0.6126,0.05563,0.20742,0.12436,0.61259
crops/1076_4.jpg,1076,1076_jpg.rf.a6d7e933ffa9b6039c34b096a609c0e4.jpg,,2,0,mild,moderate,0.6583,0.01029,0.27747,0.65831,0.05394
crops/1076_5.jpg,1076,1076_jpg.rf.a6d7e933ffa9b6039c34b096a609c0e4.jpg,,2,0,mild,mild,0.746,0.01722,0.74601,0.13528,0.10149
crops/1076_6.jpg,1076,1076_jpg.rf.a6d7e933ffa9b6039c34b096a609c0e4.jpg,,2,0,mild,mild,0.5063,0.0912,0.50632,0.0558,0.34669
crops/1076_7.jpg,1076,1076_jpg.rf.a6d7e933ffa9b6039c34b096a609c0e4.jpg,,5,0,advanced,advanced,0.9516,0.00461,0.00909,0.03473,0.95157
crops/1076_8.jpg,1076,1076_jpg.rf.a6d7e933ffa9b6039c34b096a609c0e4.jpg,,6,0,advanced,advanced,0.936,0.00349,0.04792,0.01258,0.93601
crops/1093_0.jpg,1093,1093_jpg.rf.7134138cd3e680a9e87983da0da8709f.jpg,,3,0,moderate,no_caries,0.4771,0.47714,0.32062,0.05759,0.14466
crops/1093_1.jpg,1093,1093_jpg.rf.7134138cd3e680a9e87983da0da8709f.jpg,,3,0,moderate,no_caries,0.4642,0.46417,0.24754,0.07232,0.21597
crops/1093_2.jpg,1093,1093_jpg.rf.7134138cd3e680a9e87983da0da8709f.jpg,,5,0,advanced,advanced,0.4721,0.12719,0.17864,0.22203,0.47214
crops/1093_3.jpg,1093,1093_jpg.rf.7134138cd3e680a9e87983da0da8709f.jpg,,5,0,advanced,moderate,0.416,0.05398,0.22448,0.41603,0.30552
crops/1093_4.jpg,1093,1093_jpg.rf.7134138cd3e680a9e87983da0da8709f.jpg,,2,0,mild,moderate,0.7608,0.07383,0.10509,0.76083,0.06026
crops/1093_5.jpg,1093,1093_jpg.rf.7134138cd3e680a9e87983da0da8709f.jpg,,2,0,mild,mild,0.5255,0.07335,0.52547,0.36028,0.04091
crops/1093_6.jpg,1093,1093_jpg.rf.7134138cd3e680a9e87983da0da8709f.jpg,,2,0,mild,moderate,0.5353,0.0965,0.34325,0.53528,0.02497
crops/1093_7.jpg,1093,1093_jpg.rf.7134138cd3e680a9e87983da0da8709f.jpg,,2,0,mild,moderate,0.7601,0.09822,0.11891,0.76013,0.02274
crops/1093_8.jpg,1093,1093_jpg.rf.7134138cd3e680a9e87983da0da8709f.jpg,,2,0,mild,moderate,0.9492,0.00157,0.01868,0.94918,0.03057
crops/1093_9.jpg,1093,1093_jpg.rf.7134138cd3e680a9e87983da0da8709f.jpg,,3,0,moderate,moderate,0.5027,0.01562,0.03968,0.50265,0.44205
crops/1093_10.jpg,1093,1093_jpg.rf.7134138cd3e680a9e87983da0da8709f.jpg,,0,0,no_caries,no_caries,0.475,0.47497,0.07953,0.28985,0.15564
crops/1093_11.jpg,1093,1093_jpg.rf.7134138cd3e680a9e87983da0da8709f.jpg,,3,0,moderate,advanced,0.6294,0.09507,0.10171,0.17379,0.62943
crops/1093_12.jpg,1093,1093_jpg.rf.7134138cd3e680a9e87983da0da8709f.jpg,,0,0,no_caries,mild,0.5648,0.25498,0.56482,0.05317,0.12703
crops/1093_13.jpg,1093,1093_jpg.rf.7134138cd3e680a9e87983da0da8709f.jpg,,2,0,mild,no_caries,0.7533,0.75335,0.07296,0.08123,0.09246
crops/1093_14.jpg,1093,1093_jpg.rf.7134138cd3e680a9e87983da0da8709f.jpg,,0,0,no_caries,no_caries,0.687,0.687,0.03605,0.14662,0.13033
crops/1093_15.jpg,1093,1093_jpg.rf.7134138cd3e680a9e87983da0da8709f.jpg,,2,0,mild,moderate,0.4875,0.2983,0.16007,0.48754,0.05409
crops/1093_16.jpg,1093,1093_jpg.rf.7134138cd3e680a9e87983da0da8709f.jpg,,2,0,mild,mild,0.671,0.07519,0.67099,0.23805,0.01577
crops/1093_17.jpg,1093,1093_jpg.rf.7134138cd3e680a9e87983da0da8709f.jpg,,2,0,mild,moderate,0.4959,0.0313,0.43844,0.49593,0.03433
crops/1093_18.jpg,1093,1093_jpg.rf.7134138cd3e680a9e87983da0da8709f.jpg,,3,0,moderate,moderate,0.9624,0.00028,0.01173,0.96245,0.02555
crops/1093_19.jpg,1093,1093_jpg.rf.7134138cd3e680a9e87983da0da8709f.jpg,,3,0,moderate,moderate,0.4652,0.00868,0.44879,0.46523,0.0773
crops/1093_20.jpg,1093,1093_jpg.rf.7134138cd3e680a9e87983da0da8709f.jpg,,3,0,moderate,mild,0.6231,0.01705,0.62313,0.31728,0.04254
crops/1093_21.jpg,1093,1093_jpg.rf.7134138cd3e680a9e87983da0da8709f.jpg,,3,0,moderate,moderate,0.7508,0.00304,0.12673,0.75085,0.11938
crops/1093_22.jpg,1093,1093_jpg.rf.7134138cd3e680a9e87983da0da8709f.jpg,,2,0,mild,no_caries,0.4583,0.4583,0.20207,0.25843,0.0812
crops/1093_23.jpg,1093,1093_jpg.rf.7134138cd3e680a9e87983da0da8709f.jpg,,2,0,mild,no_caries,0.4863,0.48631,0.14266,0.30256,0.06848
crops/1093_24.jpg,1093,1093_jpg.rf.7134138cd3e680a9e87983da0da8709f.jpg,,5,0,advanced,advanced,0.5806,0.11941,0.1832,0.11681,0.58057
crops/1112_0.jpg,1112,1112_jpg.rf.cfb931fa0b6ba2f5435f21364c9de1f2.jpg,,0,0,no_caries,no_caries,0.5805,0.58047,0.26029,0.08063,0.07861
crops/1112_1.jpg,1112,1112_jpg.rf.cfb931fa0b6ba2f5435f21364c9de1f2.jpg,,0,0,no_caries,no_caries,0.6071,0.60713,0.18317,0.06441,0.14528
crops/1112_2.jpg,1112,1112_jpg.rf.cfb931fa0b6ba2f5435f21364c9de1f2.jpg,,0,0,no_caries,no_caries,0.6277,0.62775,0.15992,0.14145,0.07089
crops/1112_3.jpg,1112,1112_jpg.rf.cfb931fa0b6ba2f5435f21364c9de1f2.jpg,,0,0,no_caries,no_caries,0.6883,0.68834,0.15415,0.05651,0.101
crops/1112_4.jpg,1112,1112_jpg.rf.cfb931fa0b6ba2f5435f21364c9de1f2.jpg,,0,0,no_caries,no_caries,0.8446,0.8446,0.11126,0.01886,0.02529
crops/1112_5.jpg,1112,1112_jpg.rf.cfb931fa0b6ba2f5435f21364c9de1f2.jpg,,0,0,no_caries,no_caries,0.7905,0.79052,0.12073,0.04091,0.04783
crops/1112_6.jpg,1112,1112_jpg.rf.cfb931fa0b6ba2f5435f21364c9de1f2.jpg,,0,0,no_caries,no_caries,0.7996,0.79958,0.08027,0.0883,0.03185
crops/1112_7.jpg,1112,1112_jpg.rf.cfb931fa0b6ba2f5435f21364c9de1f2.jpg,,0,0,no_caries,no_caries,0.8081,0.80808,0.09461,0.07356,0.02375
crops/1112_8.jpg,1112,1112_jpg.rf.cfb931fa0b6ba2f5435f21364c9de1f2.jpg,,0,0,no_caries,no_caries,0.8344,0.83445,0.06534,0.08328,0.01693
crops/1112_9.jpg,1112,1112_jpg.rf.cfb931fa0b6ba2f5435f21364c9de1f2.jpg,,0,0,no_caries,no_caries,0.728,0.72801,0.18146,0.04108,0.04945
crops/1112_10.jpg,1112,1112_jpg.rf.cfb931fa0b6ba2f5435f21364c9de1f2.jpg,,0,0,no_caries,no_caries,0.8245,0.82447,0.12016,0.03257,0.0228
crops/1112_11.jpg,1112,1112_jpg.rf.cfb931fa0b6ba2f5435f21364c9de1f2.jpg,,0,0,no_caries,no_caries,0.5707,0.57065,0.23684,0.14293,0.04958
crops/1112_12.jpg,1112,1112_jpg.rf.cfb931fa0b6ba2f5435f21364c9de1f2.jpg,,0,0,no_caries,mild,0.4262,0.32198,0.42619,0.15194,0.09989
crops/1112_13.jpg,1112,1112_jpg.rf.cfb931fa0b6ba2f5435f21364c9de1f2.jpg,,3,0,moderate,moderate,0.7891,0.08928,0.10197,0.78906,0.01969
crops/1114_0.jpg,1114,1114_jpg.rf.f0da38cabb6eb391543cb7eaf21da7ef.jpg,,5,0,advanced,moderate,0.6914,0.09332,0.16256,0.69141,0.05271
crops/1114_1.jpg,1114,1114_jpg.rf.f0da38cabb6eb391543cb7eaf21da7ef.jpg,,6,0,advanced,advanced,0.4842,0.05222,0.08327,0.38027,0.48424
crops/1114_2.jpg,1114,1114_jpg.rf.f0da38cabb6eb391543cb7eaf21da7ef.jpg,,0,0,no_caries,mild,0.7381,0.14721,0.73815,0.02887,0.08577
crops/1114_3.jpg,1114,1114_jpg.rf.f0da38cabb6eb391543cb7eaf21da7ef.jpg,,0,0,no_caries,mild,0.6217,0.15042,0.62169,0.02854,0.19935
crops/1114_4.jpg,1114,1114_jpg.rf.f0da38cabb6eb391543cb7eaf21da7ef.jpg,,0,0,no_caries,mild,0.8694,0.02038,0.86936,0.02151,0.08875
crops/1114_5.jpg,1114,1114_jpg.rf.f0da38cabb6eb391543cb7eaf21da7ef.jpg,,0,0,no_caries,no_caries,0.4945,0.49451,0.30476,0.12974,0.07098
crops/1114_6.jpg,1114,1114_jpg.rf.f0da38cabb6eb391543cb7eaf21da7ef.jpg,,0,0,no_caries,moderate,0.3834,0.19426,0.30821,0.38341,0.11413
crops/1114_7.jpg,1114,1114_jpg.rf.f0da38cabb6eb391543cb7eaf21da7ef.jpg,,0,0,no_caries,no_caries,0.6599,0.65989,0.11229,0.14587,0.08195
crops/1114_8.jpg,1114,1114_jpg.rf.f0da38cabb6eb391543cb7eaf21da7ef.jpg,,5,0,advanced,no_caries,0.4673,0.46727,0.44123,0.04226,0.04923
crops/1114_9.jpg,1114,1114_jpg.rf.f0da38cabb6eb391543cb7eaf21da7ef.jpg,,0,0,no_caries,mild,0.3982,0.21285,0.39818,0.08946,0.29951
crops/1114_10.jpg,1114,1114_jpg.rf.f0da38cabb6eb391543cb7eaf21da7ef.jpg,,0,0,no_caries,no_caries,0.6777,0.67771,0.18847,0.04563,0.08819
crops/1123_0.jpg,1123,1123_jpg.rf.c2497110730816b44722ddb0393c1ae3.jpg,,3,0,moderate,no_caries,0.4789,0.47891,0.31277,0.15467,0.05365
crops/1123_1.jpg,1123,1123_jpg.rf.c2497110730816b44722ddb0393c1ae3.jpg,,0,0,no_caries,no_caries,0.6361,0.6361,0.22472,0.08173,0.05746
crops/1123_2.jpg,1123,1123_jpg.rf.c2497110730816b44722ddb0393c1ae3.jpg,,0,0,no_caries,no_caries,0.3985,0.39852,0.3434,0.15206,0.10601
crops/1123_3.jpg,1123,1123_jpg.rf.c2497110730816b44722ddb0393c1ae3.jpg,,5,0,advanced,advanced,0.5513,0.07265,0.13661,0.23946,0.55128
crops/1123_4.jpg,1123,1123_jpg.rf.c2497110730816b44722ddb0393c1ae3.jpg,,0,0,no_caries,mild,0.5976,0.28133,0.59764,0.05141,0.06962
crops/1123_5.jpg,1123,1123_jpg.rf.c2497110730816b44722ddb0393c1ae3.jpg,,2,0,mild,mild,0.4053,0.30043,0.40529,0.17609,0.1182
crops/1123_6.jpg,1123,1123_jpg.rf.c2497110730816b44722ddb0393c1ae3.jpg,,2,0,mild,no_caries,0.5968,0.59676,0.34995,0.04238,0.01091
crops/125_0.jpg,125,125_jpg.rf.a0864735a082ed356ed4924f04e8f2de.jpg,,6,0,advanced,advanced,0.926,0.01261,0.02455,0.03685,0.92599
crops/125_1.jpg,125,125_jpg.rf.a0864735a082ed356ed4924f04e8f2de.jpg,,3,0,moderate,moderate,0.5736,0.0048,0.13584,0.57357,0.28579
crops/125_2.jpg,125,125_jpg.rf.a0864735a082ed356ed4924f04e8f2de.jpg,,3,0,moderate,advanced,0.7596,0.00509,0.16954,0.06577,0.7596
crops/125_3.jpg,125,125_jpg.rf.a0864735a082ed356ed4924f04e8f2de.jpg,,5,0,advanced,advanced,0.9589,0.00509,0.01723,0.01876,0.95892
crops/125_4.jpg,125,125_jpg.rf.a0864735a082ed356ed4924f04e8f2de.jpg,,5,0,advanced,advanced,0.9444,0.00696,0.0212,0.02744,0.94441
crops/125_5.jpg,125,125_jpg.rf.a0864735a082ed356ed4924f04e8f2de.jpg,,5,0,advanced,advanced,0.8476,0.01251,0.01357,0.12631,0.84761
crops/125_6.jpg,125,125_jpg.rf.a0864735a082ed356ed4924f04e8f2de.jpg,,2,0,mild,mild,0.5977,0.06395,0.59768,0.2543,0.08408
crops/125_7.jpg,125,125_jpg.rf.a0864735a082ed356ed4924f04e8f2de.jpg,,4,0,moderate,mild,0.4544,0.25932,0.4544,0.07962,0.20665
crops/1485_0.jpg,1485,1485_jpg.rf.8307e960af99b44fd7b1692c6b662ab0.jpg,,5,0,advanced,advanced,0.5,0.02025,0.01547,0.46427,0.50001
crops/1485_1.jpg,1485,1485_jpg.rf.8307e960af99b44fd7b1692c6b662ab0.jpg,,5,0,advanced,advanced,0.3678,0.1805,0.27744,0.17423,0.36783
crops/1485_2.jpg,1485,1485_jpg.rf.8307e960af99b44fd7b1692c6b662ab0.jpg,,5,0,advanced,moderate,0.872,0.03381,0.07516,0.872,0.01904
crops/1485_3.jpg,1485,1485_jpg.rf.8307e960af99b44fd7b1692c6b662ab0.jpg,,4,0,moderate,no_caries,0.6268,0.62681,0.09933,0.2102,0.06366
crops/1485_4.jpg,1485,1485_jpg.rf.8307e960af99b44fd7b1692c6b662ab0.jpg,,0,0,no_caries,no_caries,0.6193,0.6193,0.27034,0.03819,0.07217
crops/1485_5.jpg,1485,1485_jpg.rf.8307e960af99b44fd7b1692c6b662ab0.jpg,,0,0,no_caries,no_caries,0.7167,0.7167,0.18135,0.07443,0.02752
crops/1485_6.jpg,1485,1485_jpg.rf.8307e960af99b44fd7b1692c6b662ab0.jpg,,0,0,no_caries,no_caries,0.7399,0.7399,0.17499,0.05343,0.03168
crops/1485_7.jpg,1485,1485_jpg.rf.8307e960af99b44fd7b1692c6b662ab0.jpg,,0,0,no_caries,no_caries,0.8003,0.80035,0.10506,0.04748,0.04711
crops/1485_8.jpg,1485,1485_jpg.rf.8307e960af99b44fd7b1692c6b662ab0.jpg,,0,0,no_caries,no_caries,0.6677,0.66766,0.16512,0.0842,0.08302
crops/1485_9.jpg,1485,1485_jpg.rf.8307e960af99b44fd7b1692c6b662ab0.jpg,,0,0,no_caries,no_caries,0.7126,0.71259,0.13714,0.05808,0.0922
crops/1485_10.jpg,1485,1485_jpg.rf.8307e960af99b44fd7b1692c6b662ab0.jpg,,5,0,advanced,advanced,0.9836,0.00341,0.00388,0.00916,0.98355
crops/1485_11.jpg,1485,1485_jpg.rf.8307e960af99b44fd7b1692c6b662ab0.jpg,,1,0,mild,advanced,0.9785,0.00364,0.01023,0.00762,0.9785
crops/1485_12.jpg,1485,1485_jpg.rf.8307e960af99b44fd7b1692c6b662ab0.jpg,,0,0,no_caries,no_caries,0.5745,0.57447,0.11442,0.28207,0.02905
crops/1485_13.jpg,1485,1485_jpg.rf.8307e960af99b44fd7b1692c6b662ab0.jpg,,1,0,mild,moderate,0.5825,0.36775,0.03126,0.58247,0.01852
crops/1485_14.jpg,1485,1485_jpg.rf.8307e960af99b44fd7b1692c6b662ab0.jpg,,0,0,no_caries,no_caries,0.7967,0.79672,0.02242,0.16545,0.01541
crops/1485_15.jpg,1485,1485_jpg.rf.8307e960af99b44fd7b1692c6b662ab0.jpg,,0,0,no_caries,no_caries,0.8603,0.8603,0.04406,0.04743,0.04821
crops/1485_16.jpg,1485,1485_jpg.rf.8307e960af99b44fd7b1692c6b662ab0.jpg,,0,0,no_caries,no_caries,0.5448,0.54476,0.04505,0.3347,0.07548
crops/1485_17.jpg,1485,1485_jpg.rf.8307e960af99b44fd7b1692c6b662ab0.jpg,,0,0,no_caries,no_caries,0.8214,0.82142,0.09453,0.03943,0.04462
crops/1485_18.jpg,1485,1485_jpg.rf.8307e960af99b44fd7b1692c6b662ab0.jpg,,1,0,mild,no_caries,0.5264,0.52642,0.22712,0.09418,0.15228
crops/1485_19.jpg,1485,1485_jpg.rf.8307e960af99b44fd7b1692c6b662ab0.jpg,,1,0,mild,mild,0.7753,0.12767,0.77526,0.03334,0.06374
crops/1487_0.jpg,1487,1487_jpg.rf.c9382117d66aa65742026d2c2914ecb8.jpg,,5,0,advanced,advanced,0.972,0.00668,0.00965,0.01164,0.97202
crops/1487_1.jpg,1487,1487_jpg.rf.c9382117d66aa65742026d2c2914ecb8.jpg,,6,0,advanced,advanced,0.4967,0.00211,0.40787,0.09332,0.4967
crops/1487_2.jpg,1487,1487_jpg.rf.c9382117d66aa65742026d2c2914ecb8.jpg,,6,0,advanced,no_caries,0.8915,0.89151,0.00442,0.00968,0.09439
crops/1487_3.jpg,1487,1487_jpg.rf.c9382117d66aa65742026d2c2914ecb8.jpg,,6,0,advanced,advanced,0.7423,0.00661,0.02189,0.2292,0.74229
crops/1487_4.jpg,1487,1487_jpg.rf.c9382117d66aa65742026d2c2914ecb8.jpg,,6,0,advanced,moderate,0.5718,0.00256,0.00857,0.57184,0.41703
crops/1487_5.jpg,1487,1487_jpg.rf.c9382117d66aa65742026d2c2914ecb8.jpg,,6,0,advanced,advanced,0.9712,0.0044,0.01084,0.01357,0.97119
crops/1487_6.jpg,1487,1487_jpg.rf.c9382117d66aa65742026d2c2914ecb8.jpg,,6,0,advanced,mild,0.812,0.11362,0.81199,0.03285,0.04155
crops/1487_7.jpg,1487,1487_jpg.rf.c9382117d66aa65742026d2c2914ecb8.jpg,,5,0,advanced,advanced,0.9323,0.00291,0.00489,0.05985,0.93235
crops/1487_8.jpg,1487,1487_jpg.rf.c9382117d66aa65742026d2c2914ecb8.jpg,,5,0,advanced,advanced,0.9672,0.00321,0.00826,0.02136,0.96716
crops/1487_9.jpg,1487,1487_jpg.rf.c9382117d66aa65742026d2c2914ecb8.jpg,,6,0,advanced,no_caries,0.8917,0.89174,0.03522,0.02751,0.04553
crops/1487_10.jpg,1487,1487_jpg.rf.c9382117d66aa65742026d2c2914ecb8.jpg,,6,0,advanced,advanced,0.9418,0.00491,0.04886,0.00438,0.94185
crops/1487_11.jpg,1487,1487_jpg.rf.c9382117d66aa65742026d2c2914ecb8.jpg,,6,0,advanced,advanced,0.4674,0.35853,0.02289,0.15123,0.46736
crops/1487_12.jpg,1487,1487_jpg.rf.c9382117d66aa65742026d2c2914ecb8.jpg,,6,0,advanced,advanced,0.5282,0.01055,0.02233,0.43892,0.5282
crops/1487_13.jpg,1487,1487_jpg.rf.c9382117d66aa65742026d2c2914ecb8.jpg,,6,0,advanced,advanced,0.8202,0.01298,0.01758,0.14925,0.82019
crops/1487_14.jpg,1487,1487_jpg.rf.c9382117d66aa65742026d2c2914ecb8.jpg,,6,0,advanced,advanced,0.9664,0.00723,0.01018,0.01621,0.96638
crops/1487_15.jpg,1487,1487_jpg.rf.c9382117d66aa65742026d2c2914ecb8.jpg,,5,0,advanced,mild,0.6506,0.00695,0.65064,0.01929,0.32312
crops/1487_16.jpg,1487,1487_jpg.rf.c9382117d66aa65742026d2c2914ecb8.jpg,,5,0,advanced,advanced,0.9459,0.00309,0.03611,0.01488,0.94592
crops/1487_17.jpg,1487,1487_jpg.rf.c9382117d66aa65742026d2c2914ecb8.jpg,,5,0,advanced,advanced,0.9561,0.00175,0.02247,0.01971,0.95608
crops/1491_0.jpg,1491,1491_jpg.rf.51eeeb3589f7e1bd76f391e3055eb4ae.jpg,,0,0,no_caries,no_caries,0.6806,0.68059,0.24631,0.0283,0.0448
crops/1491_1.jpg,1491,1491_jpg.rf.51eeeb3589f7e1bd76f391e3055eb4ae.jpg,,0,0,no_caries,no_caries,0.4954,0.49537,0.39705,0.03974,0.06784
crops/1491_2.jpg,1491,1491_jpg.rf.51eeeb3589f7e1bd76f391e3055eb4ae.jpg,,5,0,advanced,advanced,0.5019,0.04488,0.2903,0.16295,0.50187
crops/1491_3.jpg,1491,1491_jpg.rf.51eeeb3589f7e1bd76f391e3055eb4ae.jpg,,5,0,advanced,mild,0.6897,0.00379,0.68966,0.05142,0.25513
crops/1491_4.jpg,1491,1491_jpg.rf.51eeeb3589f7e1bd76f391e3055eb4ae.jpg,,0,0,no_caries,mild,0.4981,0.4375,0.49806,0.02484,0.03961
crops/1491_5.jpg,1491,1491_jpg.rf.51eeeb3589f7e1bd76f391e3055eb4ae.jpg,,0,0,no_caries,no_caries,0.5454,0.54542,0.35338,0.02906,0.07214
crops/1491_6.jpg,1491,1491_jpg.rf.51eeeb3589f7e1bd76f391e3055eb4ae.jpg,,0,0,no_caries,no_caries,0.51,0.50998,0.14246,0.24333,0.10423
crops/1491_7.jpg,1491,1491_jpg.rf.51eeeb3589f7e1bd76f391e3055eb4ae.jpg,,0,0,no_caries,no_caries,0.5531,0.5531,0.3072,0.06114,0.07857
crops/1491_8.jpg,1491,1491_jpg.rf.51eeeb3589f7e1bd76f391e3055eb4ae.jpg,,1,0,mild,moderate,0.7819,0.03839,0.13257,0.78188,0.04715
crops/1491_9.jpg,1491,1491_jpg.rf.51eeeb3589f7e1bd76f391e3055eb4ae.jpg,,1,0,mild,moderate,0.7418,0.00466,0.09282,0.74183,0.16069
crops/1491_10.jpg,1491,1491_jpg.rf.51eeeb3589f7e1bd76f391e3055eb4ae.jpg,,0,0,no_caries,no_caries,0.7011,0.70114,0.18867,0.06904,0.04114
crops/1491_11.jpg,1491,1491_jpg.rf.51eeeb3589f7e1bd76f391e3055eb4ae.jpg,,0,0,no_caries,no_caries,0.7286,0.72858,0.05776,0.18032,0.03334
crops/1492_0.jpg,1492,1492_jpg.rf.142bbbdc7fcc9466ed0c85071af92716.jpg,,0,0,no_caries,no_caries,0.5397,0.5397,0.12876,0.2654,0.06614
crops/1492_1.jpg,1492,1492_jpg.rf.142bbbdc7fcc9466ed0c85071af92716.jpg,,0,0,no_caries,no_caries,0.6039,0.60394,0.22607,0.07266,0.09733
crops/1492_2.jpg,1492,1492_jpg.rf.142bbbdc7fcc9466ed0c85071af92716.jpg,,0,0,no_caries,no_caries,0.8519,0.85188,0.02464,0.07201,0.05147
crops/1492_3.jpg,1492,1492_jpg.rf.142bbbdc7fcc9466ed0c85071af92716.jpg,,0,0,no_caries,no_caries,0.761,0.76102,0.07523,0.0709,0.09285
crops/1492_4.jpg,1492,1492_jpg.rf.142bbbdc7fcc9466ed0c85071af92716.jpg,,0,0,no_caries,no_caries,0.692,0.69201,0.2088,0.04803,0.05116
crops/1492_5.jpg,1492,1492_jpg.rf.142bbbdc7fcc9466ed0c85071af92716.jpg,,0,0,no_caries,no_caries,0.8046,0.80463,0.10113,0.06389,0.03035
crops/1492_6.jpg,1492,1492_jpg.rf.142bbbdc7fcc9466ed0c85071af92716.jpg,,0,0,no_caries,no_caries,0.7289,0.72885,0.13278,0.09182,0.04654
crops/1492_7.jpg,1492,1492_jpg.rf.142bbbdc7fcc9466ed0c85071af92716.jpg,,0,0,no_caries,no_caries,0.8971,0.89712,0.03915,0.03864,0.02509
crops/1492_8.jpg,1492,1492_jpg.rf.142bbbdc7fcc9466ed0c85071af92716.jpg,,0,0,no_caries,no_caries,0.7762,0.77619,0.13807,0.05358,0.03216
crops/1492_9.jpg,1492,1492_jpg.rf.142bbbdc7fcc9466ed0c85071af92716.jpg,,0,0,no_caries,no_caries,0.9083,0.90828,0.02713,0.03868,0.0259
crops/1492_10.jpg,1492,1492_jpg.rf.142bbbdc7fcc9466ed0c85071af92716.jpg,,0,0,no_caries,no_caries,0.8457,0.84569,0.06484,0.03838,0.05108
crops/1492_11.jpg,1492,1492_jpg.rf.142bbbdc7fcc9466ed0c85071af92716.jpg,,0,0,no_caries,no_caries,0.7212,0.7212,0.069,0.08024,0.12956
crops/1492_12.jpg,1492,1492_jpg.rf.142bbbdc7fcc9466ed0c85071af92716.jpg,,0,0,no_caries,no_caries,0.5938,0.59379,0.13805,0.07925,0.18892
crops/1492_13.jpg,1492,1492_jpg.rf.142bbbdc7fcc9466ed0c85071af92716.jpg,,3,0,moderate,moderate,0.569,0.08187,0.27134,0.56899,0.0778
crops/1505_0.jpg,1505,1505_jpg.rf.dc2334f0de8510a7d0d96ac8238ff8ff.jpg,,5,0,advanced,moderate,0.8683,0.00277,0.04518,0.86829,0.08376
crops/1505_1.jpg,1505,1505_jpg.rf.dc2334f0de8510a7d0d96ac8238ff8ff.jpg,,5,0,advanced,moderate,0.7494,0.04757,0.09524,0.74939,0.1078
crops/1505_2.jpg,1505,1505_jpg.rf.dc2334f0de8510a7d0d96ac8238ff8ff.jpg,,0,0,no_caries,no_caries,0.5726,0.57257,0.2393,0.08549,0.10264
crops/1505_3.jpg,1505,1505_jpg.rf.dc2334f0de8510a7d0d96ac8238ff8ff.jpg,,0,0,no_caries,mild,0.5583,0.3066,0.55833,0.10569,0.02938
crops/1512_0.jpg,1512,1512_jpg.rf.38361a83cb0204c345b45f50a5e8e2b1.jpg,,3,0,moderate,moderate,0.4064,0.06716,0.28426,0.40637,0.24221
crops/1512_1.jpg,1512,1512_jpg.rf.38361a83cb0204c345b45f50a5e8e2b1.jpg,,3,0,moderate,moderate,0.8351,0.0387,0.04749,0.83506,0.07875
crops/1512_2.jpg,1512,1512_jpg.rf.38361a83cb0204c345b45f50a5e8e2b1.jpg,,3,0,moderate,moderate,0.8816,0.01714,0.06363,0.88155,0.03768
crops/1512_3.jpg,1512,1512_jpg.rf.38361a83cb0204c345b45f50a5e8e2b1.jpg,,5,0,advanced,moderate,0.6125,0.01055,0.0969,0.61248,0.28007
crops/1512_4.jpg,1512,1512_jpg.rf.38361a83cb0204c345b45f50a5e8e2b1.jpg,,3,0,moderate,moderate,0.9896,0.00018,0.00551,0.98958,0.00473
crops/1512_5.jpg,1512,1512_jpg.rf.38361a83cb0204c345b45f50a5e8e2b1.jpg,,3,0,moderate,moderate,0.3578,0.19909,0.31983,0.35779,0.12329
crops/1512_6.jpg,1512,1512_jpg.rf.38361a83cb0204c345b45f50a5e8e2b1.jpg,,3,0,moderate,moderate,0.7649,0.09045,0.09689,0.76491,0.04775
crops/1512_7.jpg,1512,1512_jpg.rf.38361a83cb0204c345b45f50a5e8e2b1.jpg,,0,0,no_caries,no_caries,0.5056,0.50562,0.35269,0.12363,0.01806
crops/1512_8.jpg,1512,1512_jpg.rf.38361a83cb0204c345b45f50a5e8e2b1.jpg,,0,0,no_caries,no_caries,0.3015,0.30151,0.20906,0.24972,0.23971
crops/1512_9.jpg,1512,1512_jpg.rf.38361a83cb0204c345b45f50a5e8e2b1.jpg,,0,0,no_caries,no_caries,0.8832,0.88322,0.01053,0.07654,0.02971
crops/1512_10.jpg,1512,1512_jpg.rf.38361a83cb0204c345b45f50a5e8e2b1.jpg,,0,0,no_caries,no_caries,0.7044,0.7044,0.04224,0.15405,0.09932
crops/1512_11.jpg,1512,1512_jpg.rf.38361a83cb0204c345b45f50a5e8e2b1.jpg,,3,0,moderate,no_caries,0.4366,0.43662,0.07102,0.32651,0.16585
crops/1512_12.jpg,1512,1512_jpg.rf.38361a83cb0204c345b45f50a5e8e2b1.jpg,,3,0,moderate,advanced,0.6108,0.01165,0.31909,0.05842,0.61085
crops/1512_13.jpg,1512,1512_jpg.rf.38361a83cb0204c345b45f50a5e8e2b1.jpg,,3,0,moderate,advanced,0.7918,0.00055,0.00178,0.2059,0.79177
crops/1512_14.jpg,1512,1512_jpg.rf.38361a83cb0204c345b45f50a5e8e2b1.jpg,,0,0,no_caries,advanced,0.346,0.18629,0.15402,0.31371,0.34598
crops/1512_15.jpg,1512,1512_jpg.rf.38361a83cb0204c345b45f50a5e8e2b1.jpg,,0,0,no_caries,no_caries,0.6268,0.62675,0.23965,0.05116,0.08244
crops/1519_0.jpg,1519,1519_jpg.rf.047c1c55f964fd1889ccb80e3574fbac.jpg,,6,0,advanced,advanced,0.94,0.00486,0.0101,0.04508,0.93996
crops/1519_1.jpg,1519,1519_jpg.rf.047c1c55f964fd1889ccb80e3574fbac.jpg,,6,0,advanced,advanced,0.8106,0.00487,0.00868,0.17582,0.81064
crops/1519_2.jpg,1519,1519_jpg.rf.047c1c55f964fd1889ccb80e3574fbac.jpg,,5,0,advanced,advanced,0.8316,0.00948,0.02228,0.13664,0.8316
crops/1519_3.jpg,1519,1519_jpg.rf.047c1c55f964fd1889ccb80e3574fbac.jpg,,5,0,advanced,advanced,0.8894,0.00172,0.01001,0.09883,0.88944
crops/1519_4.jpg,1519,1519_jpg.rf.047c1c55f964fd1889ccb80e3574fbac.jpg,,5,0,advanced,advanced,0.955,0.0056,0.00878,0.03066,0.95496
crops/1519_5.jpg,1519,1519_jpg.rf.047c1c55f964fd1889ccb80e3574fbac.jpg,,6,0,advanced,advanced,0.97,0.00513,0.00824,0.01664,0.96999
crops/1519_6.jpg,1519,1519_jpg.rf.047c1c55f964fd1889ccb80e3574fbac.jpg,,5,0,advanced,advanced,0.7689,0.00529,0.01419,0.21164,0.76887
crops/1521_0.jpg,1521,1521_jpg.rf.10bd25fc5bf8e9b14c7db7a3f1bedcfe.jpg,,0,0,no_caries,mild,0.5498,0.33678,0.54983,0.02099,0.0924
crops/1521_1.jpg,1521,1521_jpg.rf.10bd25fc5bf8e9b14c7db7a3f1bedcfe.jpg,,5,0,advanced,advanced,0.9355,0.01229,0.01805,0.03421,0.93546
crops/1521_2.jpg,1521,1521_jpg.rf.10bd25fc5bf8e9b14c7db7a3f1bedcfe.jpg,,4,0,moderate,advanced,0.9329,0.00975,0.00713,0.05026,0.93287
crops/1521_3.jpg,1521,1521_jpg.rf.10bd25fc5bf8e9b14c7db7a3f1bedcfe.jpg,,5,0,advanced,advanced,0.9548,0.00641,0.00531,0.0335,0.95478
crops/1521_4.jpg,1521,1521_jpg.rf.10bd25fc5bf8e9b14c7db7a3f1bedcfe.jpg,,0,0,no_caries,mild,0.5589,0.34948,0.5589,0.02619,0.06543
crops/1521_5.jpg,1521,1521_jpg.rf.10bd25fc5bf8e9b14c7db7a3f1bedcfe.jpg,,0,0,no_caries,mild,0.4239,0.41558,0.42386,0.07972,0.08084
crops/1521_6.jpg,1521,1521_jpg.rf.10bd25fc5bf8e9b14c7db7a3f1bedcfe.jpg,,0,0,no_caries,no_caries,0.4231,0.42307,0.384,0.11525,0.07768
crops/1521_7.jpg,1521,1521_jpg.rf.10bd25fc5bf8e9b14c7db7a3f1bedcfe.jpg,,0,0,no_caries,no_caries,0.7297,0.72968,0.08268,0.16949,0.01815
crops/1521_8.jpg,1521,1521_jpg.rf.10bd25fc5bf8e9b14c7db7a3f1bedcfe.jpg,,0,0,no_caries,no_caries,0.558,0.55797,0.2017,0.23228,0.00806
crops/1521_9.jpg,1521,1521_jpg.rf.10bd25fc5bf8e9b14c7db7a3f1bedcfe.jpg,,3,0,moderate,moderate,0.8942,0.0249,0.0761,0.89422,0.00479
crops/1521_10.jpg,1521,1521_jpg.rf.10bd25fc5bf8e9b14c7db7a3f1bedcfe.jpg,,2,0,mild,mild,0.4968,0.05226,0.49676,0.35494,0.09604
crops/1521_11.jpg,1521,1521_jpg.rf.10bd25fc5bf8e9b14c7db7a3f1bedcfe.jpg,,0,0,no_caries,mild,0.7155,0.09905,0.71547,0.16785,0.01763
crops/1521_12.jpg,1521,1521_jpg.rf.10bd25fc5bf8e9b14c7db7a3f1bedcfe.jpg,,0,0,no_caries,mild,0.7628,0.09756,0.76277,0.13388,0.00579
crops/1521_13.jpg,1521,1521_jpg.rf.10bd25fc5bf8e9b14c7db7a3f1bedcfe.jpg,,5,0,advanced,advanced,0.7634,0.02276,0.18731,0.0265,0.76343
crops/1521_14.jpg,1521,1521_jpg.rf.10bd25fc5bf8e9b14c7db7a3f1bedcfe.jpg,,5,0,advanced,advanced,0.8717,0.01313,0.05164,0.06349,0.87174
crops/1525_0.jpg,1525,1525_jpg.rf.94057a976b3a85308ab816faad1d88ba.jpg,,5,0,advanced,advanced,0.7475,0.00608,0.05281,0.19362,0.74749
crops/1525_1.jpg,1525,1525_jpg.rf.94057a976b3a85308ab816faad1d88ba.jpg,,2,0,mild,moderate,0.5052,0.00533,0.47298,0.50517,0.01652
crops/1525_2.jpg,1525,1525_jpg.rf.94057a976b3a85308ab816faad1d88ba.jpg,,6,0,advanced,advanced,0.7114,0.00221,0.00777,0.27864,0.71139
crops/1525_3.jpg,1525,1525_jpg.rf.94057a976b3a85308ab816faad1d88ba.jpg,,6,0,advanced,moderate,0.4464,0.00608,0.15131,0.44635,0.39626
crops/1525_4.jpg,1525,1525_jpg.rf.94057a976b3a85308ab816faad1d88ba.jpg,,2,0,mild,moderate,0.5038,0.21305,0.22284,0.5038,0.06031
crops/1525_5.jpg,1525,1525_jpg.rf.94057a976b3a85308ab816faad1d88ba.jpg,,2,0,mild,no_caries,0.7496,0.74965,0.06397,0.0906,0.09578
crops/1525_6.jpg,1525,1525_jpg.rf.94057a976b3a85308ab816faad1d88ba.jpg,,1,0,mild,no_caries,0.8455,0.84548,0.05369,0.05902,0.04181
crops/1528_0.jpg,1528,1528_jpg.rf.1bc6cacf0a49722691b11bdee966b0eb.jpg,,0,0,no_caries,no_caries,0.8307,0.83068,0.05667,0.02503,0.08761
crops/1528_1.jpg,1528,1528_jpg.rf.1bc6cacf0a49722691b11bdee966b0eb.jpg,,3,0,moderate,moderate,0.9691,0.01023,0.01319,0.96906,0.00752
crops/1528_2.jpg,1528,1528_jpg.rf.1bc6cacf0a49722691b11bdee966b0eb.jpg,,0,0,no_caries,no_caries,0.5408,0.54081,0.34118,0.04116,0.07684
crops/1528_3.jpg,1528,1528_jpg.rf.1bc6cacf0a49722691b11bdee966b0eb.jpg,,0,0,no_caries,no_caries,0.8936,0.89358,0.04237,0.01801,0.04604
crops/1528_4.jpg,1528,1528_jpg.rf.1bc6cacf0a49722691b11bdee966b0eb.jpg,,0,0,no_caries,no_caries,0.8331,0.83314,0.10294,0.0156,0.04831
crops/1528_5.jpg,1528,1528_jpg.rf.1bc6cacf0a49722691b11bdee966b0eb.jpg,,0,0,no_caries,no_caries,0.7933,0.79335,0.07135,0.09937,0.03593
crops/1528_6.jpg,1528,1528_jpg.rf.1bc6cacf0a49722691b11bdee966b0eb.jpg,,3,0,moderate,advanced,0.7237,0.06446,0.10255,0.10932,0.72366
crops/1528_7.jpg,1528,1528_jpg.rf.1bc6cacf0a49722691b11bdee966b0eb.jpg,,3,0,moderate,moderate,0.9456,0.00022,0.0455,0.94559,0.00868
crops/1528_8.jpg,1528,1528_jpg.rf.1bc6cacf0a49722691b11bdee966b0eb.jpg,,3,0,moderate,moderate,0.9876,0.00037,0.01192,0.98759,0.00012
crops/1528_9.jpg,1528,1528_jpg.rf.1bc6cacf0a49722691b11bdee966b0eb.jpg,,3,0,moderate,mild,0.4786,0.18547,0.4786,0.23903,0.0969
crops/1528_10.jpg,1528,1528_jpg.rf.1bc6cacf0a49722691b11bdee966b0eb.jpg,,0,0,no_caries,no_caries,0.5831,0.58306,0.19889,0.09722,0.12082
crops/1532_0.jpg,1532,1532_jpg.rf.597e464fd6a9d5d7947c94cf9e680f51.jpg,,0,0,no_caries,mild,0.502,0.12753,0.502,0.01541,0.35506
crops/1532_1.jpg,1532,1532_jpg.rf.597e464fd6a9d5d7947c94cf9e680f51.jpg,,5,0,advanced,advanced,0.9555,0.00625,0.01251,0.02577,0.95547
crops/1532_2.jpg,1532,1532_jpg.rf.597e464fd6a9d5d7947c94cf9e680f51.jpg,,4,0,moderate,mild,0.5247,0.25536,0.52468,0.19979,0.02017
crops/1532_3.jpg,1532,1532_jpg.rf.597e464fd6a9d5d7947c94cf9e680f51.jpg,,5,0,advanced,advanced,0.8218,0.00373,0.0033,0.17113,0.82185
crops/1532_4.jpg,1532,1532_jpg.rf.597e464fd6a9d5d7947c94cf9e680f51.jpg,,0,0,no_caries,no_caries,0.5254,0.52543,0.28989,0.16053,0.02416
crops/1532_5.jpg,1532,1532_jpg.rf.597e464fd6a9d5d7947c94cf9e680f51.jpg,,3,0,moderate,mild,0.6292,0.04509,0.62916,0.3145,0.01124
crops/1532_6.jpg,1532,1532_jpg.rf.597e464fd6a9d5d7947c94cf9e680f51.jpg,,3,0,moderate,moderate,0.4147,0.1945,0.37109,0.41473,0.01968
crops/1532_7.jpg,1532,1532_jpg.rf.597e464fd6a9d5d7947c94cf9e680f51.jpg,,0,0,no_caries,moderate,0.468,0.43855,0.05432,0.46795,0.03918
crops/1532_8.jpg,1532,1532_jpg.rf.597e464fd6a9d5d7947c94cf9e680f51.jpg,,0,0,no_caries,no_caries,0.7349,0.73489,0.137,0.09061,0.0375
crops/1532_9.jpg,1532,1532_jpg.rf.597e464fd6a9d5d7947c94cf9e680f51.jpg,,3,0,moderate,mild,0.8765,0.03772,0.87648,0.07574,0.01006
crops/1532_10.jpg,1532,1532_jpg.rf.597e464fd6a9d5d7947c94cf9e680f51.jpg,,3,0,moderate,moderate,0.4408,0.23847,0.27156,0.4408,0.04917
crops/1532_11.jpg,1532,1532_jpg.rf.597e464fd6a9d5d7947c94cf9e680f51.jpg,,0,0,no_caries,moderate,0.6349,0.28566,0.05687,0.63487,0.02261
crops/1532_12.jpg,1532,1532_jpg.rf.597e464fd6a9d5d7947c94cf9e680f51.jpg,,0,0,no_caries,no_caries,0.7231,0.72315,0.11979,0.07067,0.08639
crops/1532_13.jpg,1532,1532_jpg.rf.597e464fd6a9d5d7947c94cf9e680f51.jpg,,0,0,no_caries,no_caries,0.7088,0.70878,0.10511,0.11555,0.07056
crops/1550_0.jpg,1550,1550_jpg.rf.f2adeef1da35cd3fa594e1235489329b.jpg,,5,0,advanced,moderate,0.8403,0.00282,0.04976,0.84031,0.10711
crops/1550_1.jpg,1550,1550_jpg.rf.f2adeef1da35cd3fa594e1235489329b.jpg,,5,0,advanced,mild,0.5055,0.17634,0.5055,0.28064,0.03752
crops/1550_2.jpg,1550,1550_jpg.rf.f2adeef1da35cd3fa594e1235489329b.jpg,,0,0,no_caries,mild,0.6906,0.22906,0.6906,0.06067,0.01967
crops/1550_3.jpg,1550,1550_jpg.rf.f2adeef1da35cd3fa594e1235489329b.jpg,,0,0,no_caries,mild,0.4266,0.38307,0.42655,0.17038,0.02
crops/1550_4.jpg,1550,1550_jpg.rf.f2adeef1da35cd3fa594e1235489329b.jpg,,0,0,no_caries,no_caries,0.7868,0.78682,0.0441,0.14296,0.02611
crops/1550_5.jpg,1550,1550_jpg.rf.f2adeef1da35cd3fa594e1235489329b.jpg,,0,0,no_caries,no_caries,0.6418,0.64176,0.17804,0.10341,0.07679
crops/1550_6.jpg,1550,1550_jpg.rf.f2adeef1da35cd3fa594e1235489329b.jpg,,0,0,no_caries,no_caries,0.8368,0.8368,0.02124,0.09436,0.04759
crops/1558_0.jpg,1558,1558_jpg.rf.5e5e3a144d18589a30d370116bf1bf05.jpg,,2,0,mild,moderate,0.4924,0.03585,0.4496,0.49244,0.0221
crops/1558_1.jpg,1558,1558_jpg.rf.5e5e3a144d18589a30d370116bf1bf05.jpg,,2,0,mild,no_caries,0.4596,0.45959,0.3873,0.07668,0.07643
crops/1558_2.jpg,1558,1558_jpg.rf.5e5e3a144d18589a30d370116bf1bf05.jpg,,0,0,no_caries,mild,0.6493,0.17611,0.64931,0.10684,0.06773
crops/1558_3.jpg,1558,1558_jpg.rf.5e5e3a144d18589a30d370116bf1bf05.jpg,,0,0,no_caries,no_caries,0.6257,0.6257,0.1665,0.1288,0.07899
crops/1558_4.jpg,1558,1558_jpg.rf.5e5e3a144d18589a30d370116bf1bf05.jpg,,0,0,no_caries,no_caries,0.3694,0.36942,0.20939,0.36159,0.0596
crops/1558_5.jpg,1558,1558_jpg.rf.5e5e3a144d18589a30d370116bf1bf05.jpg,,0,0,no_caries,no_caries,0.5004,0.50045,0.2039,0.12496,0.17069
crops/1558_6.jpg,1558,1558_jpg.rf.5e5e3a144d18589a30d370116bf1bf05.jpg,,0,0,no_caries,no_caries,0.8648,0.8648,0.05939,0.03127,0.04454
crops/1558_7.jpg,1558,1558_jpg.rf.5e5e3a144d18589a30d370116bf1bf05.jpg,,0,0,no_caries,mild,0.4842,0.41387,0.48419,0.04071,0.06123
crops/1558_8.jpg,1558,1558_jpg.rf.5e5e3a144d18589a30d370116bf1bf05.jpg,,0,0,no_caries,no_caries,0.4702,0.47022,0.29433,0.04957,0.18589
crops/1558_9.jpg,1558,1558_jpg.rf.5e5e3a144d18589a30d370116bf1bf05.jpg,,2,0,mild,moderate,0.9878,0.0051,0.00349,0.98781,0.0036
crops/1571_0.jpg,1571,1571_jpg.rf.54e05e5a0483b5859a58cd88c1bb1abd.jpg,,5,0,advanced,advanced,0.5247,0.01634,0.15738,0.30153,0.52475
crops/1571_1.jpg,1571,1571_jpg.rf.54e05e5a0483b5859a58cd88c1bb1abd.jpg,,5,0,advanced,advanced,0.6045,0.00828,0.08692,0.30033,0.60447
crops/1571_2.jpg,1571,1571_jpg.rf.54e05e5a0483b5859a58cd88c1bb1abd.jpg,,6,0,advanced,advanced,0.5618,0.00147,0.01821,0.41849,0.56183
crops/1571_3.jpg,1571,1571_jpg.rf.54e05e5a0483b5859a58cd88c1bb1abd.jpg,,6,0,advanced,advanced,0.9172,0.00265,0.01199,0.06817,0.9172
crops/1571_4.jpg,1571,1571_jpg.rf.54e05e5a0483b5859a58cd88c1bb1abd.jpg,,5,0,advanced,moderate,0.8742,0.00118,0.01126,0.87422,0.11334
crops/1571_5.jpg,1571,1571_jpg.rf.54e05e5a0483b5859a58cd88c1bb1abd.jpg,,6,0,advanced,advanced,0.975,0.00372,0.00677,0.01455,0.97497
crops/1571_6.jpg,1571,1571_jpg.rf.54e05e5a0483b5859a58cd88c1bb1abd.jpg,,5,0,advanced,advanced,0.9733,0.00236,0.00464,0.01974,0.97325
crops/1571_7.jpg,1571,1571_jpg.rf.54e05e5a0483b5859a58cd88c1bb1abd.jpg,,5,0,advanced,advanced,0.9208,0.00953,0.02849,0.04114,0.92084
crops/1571_8.jpg,1571,1571_jpg.rf.54e05e5a0483b5859a58cd88c1bb1abd.jpg,,6,0,advanced,advanced,0.7303,0.00097,0.00512,0.26362,0.73029
crops/1571_9.jpg,1571,1571_jpg.rf.54e05e5a0483b5859a58cd88c1bb1abd.jpg,,5,0,advanced,advanced,0.9023,0.00922,0.01089,0.07757,0.90233
crops/1571_10.jpg,1571,1571_jpg.rf.54e05e5a0483b5859a58cd88c1bb1abd.jpg,,6,0,advanced,mild,0.8293,0.088,0.82933,0.04374,0.03893
crops/1571_11.jpg,1571,1571_jpg.rf.54e05e5a0483b5859a58cd88c1bb1abd.jpg,,5,0,advanced,advanced,0.9006,0.00482,0.02334,0.07125,0.90059
crops/1604_0.jpg,1604,1604_jpg.rf.41fe9412b2f111a99efda8ea094867c8.jpg,,3,0,moderate,moderate,0.9052,0.00996,0.08423,0.90522,0.00059
crops/1604_1.jpg,1604,1604_jpg.rf.41fe9412b2f111a99efda8ea094867c8.jpg,,3,0,moderate,moderate,0.9897,0.00291,0.00549,0.98969,0.00192
crops/1604_2.jpg,1604,1604_jpg.rf.41fe9412b2f111a99efda8ea094867c8.jpg,,3,0,moderate,moderate,0.9282,0.0047,0.06566,0.92819,0.00146
crops/1616_0.jpg,1616,1616_jpg.rf.4f731585b3e743f5235f175d32b89ecb.jpg,,5,0,advanced,no_caries,0.5099,0.5099,0.30952,0.10752,0.07306
crops/1616_1.jpg,1616,1616_jpg.rf.4f731585b3e743f5235f175d32b89ecb.jpg,,0,0,no_caries,mild,0.5777,0.07492,0.57772,0.3137,0.03366
crops/1616_2.jpg,1616,1616_jpg.rf.4f731585b3e743f5235f175d32b89ecb.jpg,,5,0,advanced,advanced,0.9749,0.00417,0.0084,0.01251,0.97492
crops/1616_3.jpg,1616,1616_jpg.rf.4f731585b3e743f5235f175d32b89ecb.jpg,,2,0,mild,mild,0.7046,0.09403,0.70463,0.19496,0.00638
crops/1616_4.jpg,1616,1616_jpg.rf.4f731585b3e743f5235f175d32b89ecb.jpg,,0,0,no_caries,moderate,0.4423,0.18528,0.3634,0.44233,0.00899
crops/1616_5.jpg,1616,1616_jpg.rf.4f731585b3e743f5235f175d32b89ecb.jpg,,0,0,no_caries,no_caries,0.7946,0.79459,0.11317,0.05822,0.03401
crops/1616_6.jpg,1616,1616_jpg.rf.4f731585b3e743f5235f175d32b89ecb.jpg,,0,0,no_caries,no_caries,0.4268,0.42682,0.38658,0.08553,0.10107
crops/1616_7.jpg,1616,1616_jpg.rf.4f731585b3e743f5235f175d32b89ecb.jpg,,3,0,moderate,moderate,0.5783,0.08741,0.30828,0.57832,0.02599
crops/1616_8.jpg,1616,1616_jpg.rf.4f731585b3e743f5235f175d32b89ecb.jpg,,5,0,advanced,advanced,0.9653,0.0069,0.01664,0.0112,0.96526
crops/1616_9.jpg,1616,1616_jpg.rf.4f731585b3e743f5235f175d32b89ecb.jpg,,5,0,advanced,moderate,0.5893,0.0158,0.14324,0.58928,0.25168
crops/1616_10.jpg,1616,1616_jpg.rf.4f731585b3e743f5235f175d32b89ecb.jpg,,5,0,advanced,advanced,0.5088,0.13539,0.28379,0.07201,0.5088
crops/1629_0.jpg,1629,1629_jpg.rf.50a78e722f2e9aa191da6b5495006685.jpg,,3,0,moderate,mild,0.9608,0.01126,0.96077,0.00407,0.0239
crops/1629_1.jpg,1629,1629_jpg.rf.50a78e722f2e9aa191da6b5495006685.jpg,,6,0,advanced,advanced,0.9635,0.00196,0.0231,0.01149,0.96345
crops/1629_2.jpg,1629,1629_jpg.rf.50a78e722f2e9aa191da6b5495006685.jpg,,5,0,advanced,advanced,0.7611,0.0118,0.07233,0.1548,0.76107
crops/1629_3.jpg,1629,1629_jpg.rf.50a78e722f2e9aa191da6b5495006685.jpg,,5,0,advanced,advanced,0.8269,0.04424,0.05268,0.07619,0.82689
crops/1629_4.jpg,1629,1629_jpg.rf.50a78e722f2e9aa191da6b5495006685.jpg,,0,0,no_caries,no_caries,0.7013,0.70133,0.06985,0.14706,0.08176
crops/1629_5.jpg,1629,1629_jpg.rf.50a78e722f2e9aa191da6b5495006685.jpg,,6,0,advanced,advanced,0.925,0.00469,0.00981,0.06053,0.92497
crops/1629_6.jpg,1629,1629_jpg.rf.50a78e722f2e9aa191da6b5495006685.jpg,,6,0,advanced,advanced,0.9453,0.00496,0.00934,0.04037,0.94533
crops/1629_7.jpg,1629,1629_jpg.rf.50a78e722f2e9aa191da6b5495006685.jpg,,6,0,advanced,advanced,0.7096,0.04425,0.12542,0.12075,0.70958
crops/1629_8.jpg,1629,1629_jpg.rf.50a78e722f2e9aa191da6b5495006685.jpg,,6,0,advanced,mild,0.7974,0.06458,0.79738,0.01243,0.12561
crops/1629_9.jpg,1629,1629_jpg.rf.50a78e722f2e9aa191da6b5495006685.jpg,,3,0,moderate,mild,0.5001,0.19447,0.50014,0.08189,0.2235
crops/1629_10.jpg,1629,1629_jpg.rf.50a78e722f2e9aa191da6b5495006685.jpg,,0,0,no_caries,no_caries,0.4368,0.43679,0.34894,0.12206,0.09221
crops/1629_11.jpg,1629,1629_jpg.rf.50a78e722f2e9aa191da6b5495006685.jpg,,0,0,no_caries,no_caries,0.6756,0.67565,0.06207,0.20612,0.05616
crops/1629_12.jpg,1629,1629_jpg.rf.50a78e722f2e9aa191da6b5495006685.jpg,,0,0,no_caries,no_caries,0.7543,0.75431,0.11266,0.09419,0.03884
crops/1629_13.jpg,1629,1629_jpg.rf.50a78e722f2e9aa191da6b5495006685.jpg,,0,0,no_caries,moderate,0.4179,0.23146,0.30206,0.41791,0.04858
crops/1629_14.jpg,1629,1629_jpg.rf.50a78e722f2e9aa191da6b5495006685.jpg,,0,0,no_caries,moderate,0.6968,0.15378,0.1136,0.69677,0.03585
crops/1629_15.jpg,1629,1629_jpg.rf.50a78e722f2e9aa191da6b5495006685.jpg,,0,0,no_caries,moderate,0.4515,0.44168,0.066,0.45147,0.04085
crops/1629_16.jpg,1629,1629_jpg.rf.50a78e722f2e9aa191da6b5495006685.jpg,,0,0,no_caries,no_caries,0.6805,0.68052,0.08248,0.1477,0.0893
crops/1629_17.jpg,1629,1629_jpg.rf.50a78e722f2e9aa191da6b5495006685.jpg,,5,0,advanced,moderate,0.4604,0.06394,0.03714,0.46044,0.43848
crops/1629_18.jpg,1629,1629_jpg.rf.50a78e722f2e9aa191da6b5495006685.jpg,,0,0,no_caries,moderate,0.4348,0.05672,0.1417,0.43481,0.36677
crops/1631_0.jpg,1631,1631_jpg.rf.3d742d1f11862b8e7e80b20bdef0715b.jpg,,0,0,no_caries,mild,0.5138,0.34303,0.51384,0.07994,0.06318
crops/1631_1.jpg,1631,1631_jpg.rf.3d742d1f11862b8e7e80b20bdef0715b.jpg,,0,0,no_caries,no_caries,0.4721,0.47212,0.29599,0.14762,0.08427
crops/1631_2.jpg,1631,1631_jpg.rf.3d742d1f11862b8e7e80b20bdef0715b.jpg,,3,0,moderate,moderate,0.513,0.0168,0.45144,0.51299,0.01877
crops/1631_3.jpg,1631,1631_jpg.rf.3d742d1f11862b8e7e80b20bdef0715b.jpg,,3,0,moderate,moderate,0.7287,0.00066,0.2634,0.72874,0.0072
crops/1631_4.jpg,1631,1631_jpg.rf.3d742d1f11862b8e7e80b20bdef0715b.jpg,,3,0,moderate,mild,0.848,0.01195,0.84796,0.12379,0.01631
crops/1631_5.jpg,1631,1631_jpg.rf.3d742d1f11862b8e7e80b20bdef0715b.jpg,,3,0,moderate,mild,0.7593,0.00938,0.75928,0.19013,0.04121
crops/1631_6.jpg,1631,1631_jpg.rf.3d742d1f11862b8e7e80b20bdef0715b.jpg,,3,0,moderate,mild,0.4815,0.14193,0.48148,0.11381,0.26278
crops/1631_7.jpg,1631,1631_jpg.rf.3d742d1f11862b8e7e80b20bdef0715b.jpg,,2,0,mild,mild,0.6147,0.07054,0.61472,0.17647,0.13828
crops/1631_8.jpg,1631,1631_jpg.rf.3d742d1f11862b8e7e80b20bdef0715b.jpg,,0,0,no_caries,mild,0.5019,0.34444,0.50189,0.12805,0.02561
crops/1631_9.jpg,1631,1631_jpg.rf.3d742d1f11862b8e7e80b20bdef0715b.jpg,,0,0,no_caries,mild,0.4206,0.32095,0.42059,0.19602,0.06244
crops/1631_10.jpg,1631,1631_jpg.rf.3d742d1f11862b8e7e80b20bdef0715b.jpg,,0,0,no_caries,no_caries,0.5645,0.56452,0.33362,0.08063,0.02123
crops/1631_11.jpg,1631,1631_jpg.rf.3d742d1f11862b8e7e80b20bdef0715b.jpg,,0,0,no_caries,no_caries,0.6581,0.65808,0.25548,0.04259,0.04385
crops/1631_12.jpg,1631,1631_jpg.rf.3d742d1f11862b8e7e80b20bdef0715b.jpg,,0,0,no_caries,mild,0.3861,0.24341,0.38609,0.09107,0.27943
crops/1631_13.jpg,1631,1631_jpg.rf.3d742d1f11862b8e7e80b20bdef0715b.jpg,,2,0,mild,mild,0.8529,0.04697,0.85286,0.07766,0.0225
crops/1631_14.jpg,1631,1631_jpg.rf.3d742d1f11862b8e7e80b20bdef0715b.jpg,,2,0,mild,mild,0.9109,0.03722,0.91095,0.03811,0.01372
crops/1631_15.jpg,1631,1631_jpg.rf.3d742d1f11862b8e7e80b20bdef0715b.jpg,,2,0,mild,mild,0.4993,0.25595,0.49926,0.2137,0.03109
crops/1637_0.jpg,1637,1637_jpg.rf.e6fe2344fc307062d2afd645173ddf14.jpg,,5,0,advanced,advanced,0.8532,0.01333,0.04644,0.08703,0.8532
crops/1637_1.jpg,1637,1637_jpg.rf.e6fe2344fc307062d2afd645173ddf14.jpg,,5,0,advanced,advanced,0.7213,0.00801,0.07286,0.19783,0.72131
crops/1637_2.jpg,1637,1637_jpg.rf.e6fe2344fc307062d2afd645173ddf14.jpg,,5,0,advanced,mild,0.4874,0.00144,0.48736,0.47007,0.04113
crops/1637_3.jpg,1637,1637_jpg.rf.e6fe2344fc307062d2afd645173ddf14.jpg,,5,0,advanced,advanced,0.964,0.0043,0.01223,0.01949,0.96398
crops/1637_4.jpg,1637,1637_jpg.rf.e6fe2344fc307062d2afd645173ddf14.jpg,,6,0,advanced,advanced,0.7918,0.0105,0.03979,0.15786,0.79185
crops/1637_5.jpg,1637,1637_jpg.rf.e6fe2344fc307062d2afd645173ddf14.jpg,,5,0,advanced,advanced,0.9276,0.00166,0.00678,0.064,0.92755
crops/1637_6.jpg,1637,1637_jpg.rf.e6fe2344fc307062d2afd645173ddf14.jpg,,5,0,advanced,advanced,0.575,0.00577,0.40362,0.01559,0.57501
crops/1637_7.jpg,1637,1637_jpg.rf.e6fe2344fc307062d2afd645173ddf14.jpg,,2,0,mild,mild,0.8432,0.10477,0.84319,0.01043,0.04161
crops/1637_8.jpg,1637,1637_jpg.rf.e6fe2344fc307062d2afd645173ddf14.jpg,,5,0,advanced,advanced,0.7862,0.00794,0.19031,0.01558,0.78617
crops/1637_9.jpg,1637,1637_jpg.rf.e6fe2344fc307062d2afd645173ddf14.jpg,,6,0,advanced,advanced,0.978,0.00776,0.00672,0.00752,0.978
crops/1637_10.jpg,1637,1637_jpg.rf.e6fe2344fc307062d2afd645173ddf14.jpg,,5,0,advanced,mild,0.6338,0.23356,0.63385,0.07559,0.05701
crops/1637_11.jpg,1637,1637_jpg.rf.e6fe2344fc307062d2afd645173ddf14.jpg,,5,0,advanced,moderate,0.3768,0.32747,0.15275,0.37681,0.14297
crops/1637_12.jpg,1637,1637_jpg.rf.e6fe2344fc307062d2afd645173ddf14.jpg,,3,0,moderate,mild,0.7779,0.02251,0.77785,0.01877,0.18087
crops/1637_13.jpg,1637,1637_jpg.rf.e6fe2344fc307062d2afd645173ddf14.jpg,,1,0,mild,no_caries,0.5239,0.52385,0.29669,0.14671,0.03275
crops/1637_14.jpg,1637,1637_jpg.rf.e6fe2344fc307062d2afd645173ddf14.jpg,,0,0,no_caries,mild,0.6589,0.26021,0.65885,0.06269,0.01825
crops/1637_15.jpg,1637,1637_jpg.rf.e6fe2344fc307062d2afd645173ddf14.jpg,,0,0,no_caries,mild,0.8491,0.12801,0.84907,0.01558,0.00734
crops/1637_16.jpg,1637,1637_jpg.rf.e6fe2344fc307062d2afd645173ddf14.jpg,,0,0,no_caries,no_caries,0.73,0.72999,0.17774,0.05833,0.03394
crops/1637_17.jpg,1637,1637_jpg.rf.e6fe2344fc307062d2afd645173ddf14.jpg,,0,0,no_caries,moderate,0.462,0.04543,0.41738,0.46205,0.07514
crops/1637_18.jpg,1637,1637_jpg.rf.e6fe2344fc307062d2afd645173ddf14.jpg,,6,0,advanced,no_caries,0.6788,0.67877,0.06563,0.23582,0.01977
crops/1644_0.jpg,1644,1644_jpg.rf.d6400c5f2a79c5e2ce091d3de59617da.jpg,,0,0,no_caries,no_caries,0.7474,0.74741,0.18062,0.01963,0.05234
crops/1644_1.jpg,1644,1644_jpg.rf.d6400c5f2a79c5e2ce091d3de59617da.jpg,,6,0,advanced,advanced,0.9801,0.00538,0.00591,0.00861,0.9801
crops/1644_2.jpg,1644,1644_jpg.rf.d6400c5f2a79c5e2ce091d3de59617da.jpg,,6,0,advanced,advanced,0.9627,0.0067,0.01382,0.01682,0.96267
crops/1644_3.jpg,1644,1644_jpg.rf.d6400c5f2a79c5e2ce091d3de59617da.jpg,,6,0,advanced,advanced,0.9809,0.002,0.00632,0.01081,0.98087
crops/1644_4.jpg,1644,1644_jpg.rf.d6400c5f2a79c5e2ce091d3de59617da.jpg,,5,0,advanced,advanced,0.8956,0.01032,0.08188,0.01216,0.89564
crops/1644_5.jpg,1644,1644_jpg.rf.d6400c5f2a79c5e2ce091d3de59617da.jpg,,0,0,no_caries,no_caries,0.8309,0.83092,0.09191,0.0393,0.03786
crops/1644_6.jpg,1644,1644_jpg.rf.d6400c5f2a79c5e2ce091d3de59617da.jpg,,0,0,no_caries,no_caries,0.8427,0.84267,0.03902,0.02404,0.09426
crops/1644_7.jpg,1644,1644_jpg.rf.d6400c5f2a79c5e2ce091d3de59617da.jpg,,0,0,no_caries,no_caries,0.8635,0.86349,0.04212,0.02655,0.06784
crops/1644_8.jpg,1644,1644_jpg.rf.d6400c5f2a79c5e2ce091d3de59617da.jpg,,0,0,no_caries,no_caries,0.8012,0.80116,0.05272,0.08532,0.0608
crops/1644_9.jpg,1644,1644_jpg.rf.d6400c5f2a79c5e2ce091d3de59617da.jpg,,0,0,no_caries,no_caries,0.7668,0.76683,0.105,0.06987,0.05831
crops/1644_10.jpg,1644,1644_jpg.rf.d6400c5f2a79c5e2ce091d3de59617da.jpg,,0,0,no_caries,no_caries,0.8458,0.8458,0.0523,0.02229,0.07961
crops/1644_11.jpg,1644,1644_jpg.rf.d6400c5f2a79c5e2ce091d3de59617da.jpg,,0,0,no_caries,no_caries,0.8738,0.8738,0.02434,0.03434,0.06753
crops/1644_12.jpg,1644,1644_jpg.rf.d6400c5f2a79c5e2ce091d3de59617da.jpg,,0,0,no_caries,no_caries,0.8309,0.83089,0.02499,0.0579,0.08623
crops/1646_0.jpg,1646,1646_jpg.rf.08bb105a04bd0c67ee2484ca12201aaf.jpg,,5,0,advanced,mild,0.6248,0.01647,0.62481,0.02329,0.33544
crops/1646_1.jpg,1646,1646_jpg.rf.08bb105a04bd0c67ee2484ca12201aaf.jpg,,5,0,advanced,moderate,0.5799,0.04465,0.35305,0.57992,0.02238
crops/1646_2.jpg,1646,1646_jpg.rf.08bb105a04bd0c67ee2484ca12201aaf.jpg,,5,0,advanced,mild,0.5096,0.16557,0.50964,0.26168,0.06311
crops/1646_3.jpg,1646,1646_jpg.rf.08bb105a04bd0c67ee2484ca12201aaf.jpg,,5,0,advanced,moderate,0.7487,0.00655,0.21951,0.74871,0.02523
crops/1646_4.jpg,1646,1646_jpg.rf.08bb105a04bd0c67ee2484ca12201aaf.jpg,,5,0,advanced,advanced,0.7383,0.00365,0.09864,0.15939,0.73832
crops/1646_5.jpg,1646,1646_jpg.rf.08bb105a04bd0c67ee2484ca12201aaf.jpg,,3,0,moderate,advanced,0.4412,0.05195,0.42788,0.07894,0.44123
crops/1646_6.jpg,1646,1646_jpg.rf.08bb105a04bd0c67ee2484ca12201aaf.jpg,,0,0,no_caries,no_caries,0.7811,0.78108,0.10935,0.07899,0.03058
crops/1646_7.jpg,1646,1646_jpg.rf.08bb105a04bd0c67ee2484ca12201aaf.jpg,,1,0,mild,moderate,0.4549,0.08441,0.32222,0.45489,0.13848
crops/1646_8.jpg,1646,1646_jpg.rf.08bb105a04bd0c67ee2484ca12201aaf.jpg,,1,0,mild,no_caries,0.7363,0.73633,0.16123,0.04814,0.05431
crops/1646_9.jpg,1646,1646_jpg.rf.08bb105a04bd0c67ee2484ca12201aaf.jpg,,0,0,no_caries,mild,0.5446,0.35128,0.54461,0.08963,0.01448
crops/1680_0.jpg,1680,1680_jpg.rf.42e226803c9e4cf700464e0537f38407.jpg,,3,0,moderate,moderate,0.9153,0.00702,0.04144,0.9153,0.03624
crops/1680_1.jpg,1680,1680_jpg.rf.42e226803c9e4cf700464e0537f38407.jpg,,0,0,no_caries,mild,0.896,0.05802,0.89602,0.0359,0.01006
crops/1680_2.jpg,1680,1680_jpg.rf.42e226803c9e4cf700464e0537f38407.jpg,,3,0,moderate,moderate,0.9152,0.00519,0.04659,0.91517,0.03305
crops/1680_3.jpg,1680,1680_jpg.rf.42e226803c9e4cf700464e0537f38407.jpg,,3,0,moderate,moderate,0.936,0.00773,0.02444,0.936,0.03182
crops/1871_0.jpg,1871,1871_jpg.rf.0d40f9162f391c2d8b3dcd1a7f07fb84.jpg,,0,0,no_caries,advanced,0.8604,0.10148,0.02336,0.01472,0.86044
crops/1871_1.jpg,1871,1871_jpg.rf.0d40f9162f391c2d8b3dcd1a7f07fb84.jpg,,0,0,no_caries,no_caries,0.4042,0.40423,0.33446,0.04975,0.21156
crops/1871_2.jpg,1871,1871_jpg.rf.0d40f9162f391c2d8b3dcd1a7f07fb84.jpg,,0,0,no_caries,no_caries,0.7225,0.72254,0.10994,0.08533,0.08219
crops/1871_3.jpg,1871,1871_jpg.rf.0d40f9162f391c2d8b3dcd1a7f07fb84.jpg,,0,0,no_caries,no_caries,0.4189,0.41891,0.17873,0.26205,0.1403
crops/1871_4.jpg,1871,1871_jpg.rf.0d40f9162f391c2d8b3dcd1a7f07fb84.jpg,,5,0,advanced,advanced,0.8301,0.04487,0.07944,0.04559,0.8301
crops/1871_5.jpg,1871,1871_jpg.rf.0d40f9162f391c2d8b3dcd1a7f07fb84.jpg,,0,0,no_caries,mild,0.6298,0.04905,0.62982,0.22273,0.0984
crops/1871_6.jpg,1871,1871_jpg.rf.0d40f9162f391c2d8b3dcd1a7f07fb84.jpg,,0,0,no_caries,mild,0.5982,0.21197,0.59821,0.13985,0.04997
crops/1871_7.jpg,1871,1871_jpg.rf.0d40f9162f391c2d8b3dcd1a7f07fb84.jpg,,0,0,no_caries,no_caries,0.7364,0.73638,0.12614,0.06796,0.06953
crops/1871_8.jpg,1871,1871_jpg.rf.0d40f9162f391c2d8b3dcd1a7f07fb84.jpg,,5,0,advanced,advanced,0.3473,0.15175,0.32164,0.17936,0.34726
crops/1871_9.jpg,1871,1871_jpg.rf.0d40f9162f391c2d8b3dcd1a7f07fb84.jpg,,5,0,advanced,moderate,0.8646,0.06938,0.0211,0.86457,0.04494
crops/1871_10.jpg,1871,1871_jpg.rf.0d40f9162f391c2d8b3dcd1a7f07fb84.jpg,,0,0,no_caries,no_caries,0.6213,0.62129,0.22484,0.06685,0.08702
crops/1871_11.jpg,1871,1871_jpg.rf.0d40f9162f391c2d8b3dcd1a7f07fb84.jpg,,0,0,no_caries,no_caries,0.8169,0.81686,0.04817,0.05914,0.07584
crops/1871_12.jpg,1871,1871_jpg.rf.0d40f9162f391c2d8b3dcd1a7f07fb84.jpg,,0,0,no_caries,no_caries,0.8555,0.85554,0.07314,0.04845,0.02287
crops/1871_13.jpg,1871,1871_jpg.rf.0d40f9162f391c2d8b3dcd1a7f07fb84.jpg,,0,0,no_caries,no_caries,0.6499,0.64986,0.15168,0.14821,0.05025
crops/1871_14.jpg,1871,1871_jpg.rf.0d40f9162f391c2d8b3dcd1a7f07fb84.jpg,,0,0,no_caries,no_caries,0.6277,0.62774,0.11466,0.15058,0.10701
crops/1871_15.jpg,1871,1871_jpg.rf.0d40f9162f391c2d8b3dcd1a7f07fb84.jpg,,0,0,no_caries,no_caries,0.6939,0.69385,0.05268,0.03601,0.21746
crops/1871_16.jpg,1871,1871_jpg.rf.0d40f9162f391c2d8b3dcd1a7f07fb84.jpg,,0,0,no_caries,no_caries,0.7022,0.70215,0.1905,0.06922,0.03813
crops/1871_17.jpg,1871,1871_jpg.rf.0d40f9162f391c2d8b3dcd1a7f07fb84.jpg,,5,0,advanced,advanced,0.4979,0.01721,0.0407,0.44423,0.49785
crops/194_0.jpg,194,194_jpg.rf.7ea705db47a6824dd892de178d5e614e.jpg,,3,0,moderate,advanced,0.8417,0.0197,0.09646,0.04218,0.84165
crops/194_1.jpg,194,194_jpg.rf.7ea705db47a6824dd892de178d5e614e.jpg,,5,0,advanced,advanced,0.9414,0.0032,0.00349,0.05189,0.94142
crops/194_2.jpg,194,194_jpg.rf.7ea705db47a6824dd892de178d5e614e.jpg,,5,0,advanced,advanced,0.5164,0.01662,0.08705,0.37988,0.51645
crops/194_3.jpg,194,194_jpg.rf.7ea705db47a6824dd892de178d5e614e.jpg,,5,0,advanced,advanced,0.9519,0.00659,0.0084,0.03313,0.95189
crops/194_4.jpg,194,194_jpg.rf.7ea705db47a6824dd892de178d5e614e.jpg,,0,0,no_caries,mild,0.773,0.11427,0.77303,0.02882,0.08387
crops/194_5.jpg,194,194_jpg.rf.7ea705db47a6824dd892de178d5e614e.jpg,,4,0,moderate,mild,0.5482,0.04393,0.54824,0.21627,0.19156
crops/194_6.jpg,194,194_jpg.rf.7ea705db47a6824dd892de178d5e614e.jpg,,4,0,moderate,moderate,0.5093,0.08169,0.39263,0.50931,0.01637
crops/194_7.jpg,194,194_jpg.rf.7ea705db47a6824dd892de178d5e614e.jpg,,0,0,no_caries,no_caries,0.7908,0.79077,0.0232,0.15789,0.02815
crops/194_8.jpg,194,194_jpg.rf.7ea705db47a6824dd892de178d5e614e.jpg,,0,0,no_caries,no_caries,0.7025,0.7025,0.03942,0.24174,0.01634
crops/194_9.jpg,194,194_jpg.rf.7ea705db47a6824dd892de178d5e614e.jpg,,2,0,mild,moderate,0.7913,0.12689,0.07226,0.79134,0.00951
crops/194_10.jpg,194,194_jpg.rf.7ea705db47a6824dd892de178d5e614e.jpg,,0,0,no_caries,no_caries,0.59,0.59002,0.07395,0.29833,0.0377
crops/194_11.jpg,194,194_jpg.rf.7ea705db47a6824dd892de178d5e614e.jpg,,0,0,no_caries,no_caries,0.7016,0.70157,0.05077,0.10314,0.14452
crops/194_12.jpg,194,194_jpg.rf.7ea705db47a6824dd892de178d5e614e.jpg,,3,0,moderate,advanced,0.8915,0.02172,0.0495,0.03725,0.89153
crops/195_0.jpg,195,195_jpg.rf.0fb3ed7d5e69f85e55e1ccffc118826c.jpg,,0,0,no_caries,mild,0.7205,0.13313,0.72047,0.10982,0.03657
crops/195_1.jpg,195,195_jpg.rf.0fb3ed7d5e69f85e55e1ccffc118826c.jpg,,2,0,mild,moderate,0.7891,0.01246,0.16474,0.78907,0.03374
crops/195_2.jpg,195,195_jpg.rf.0fb3ed7d5e69f85e55e1ccffc118826c.jpg,,5,0,advanced,moderate,0.9855,0.001,0.00296,0.98554,0.0105
crops/195_3.jpg,195,195_jpg.rf.0fb3ed7d5e69f85e55e1ccffc118826c.jpg,,5,0,advanced,mild,0.4473,0.40217,0.44725,0.08619,0.06438
crops/195_4.jpg,195,195_jpg.rf.0fb3ed7d5e69f85e55e1ccffc118826c.jpg,,3,0,moderate,mild,0.4005,0.25554,0.40045,0.11869,0.22533
crops/195_5.jpg,195,195_jpg.rf.0fb3ed7d5e69f85e55e1ccffc118826c.jpg,,0,0,no_caries,mild,0.9019,0.07722,0.90189,0.01864,0.00225
crops/195_6.jpg,195,195_jpg.rf.0fb3ed7d5e69f85e55e1ccffc118826c.jpg,,0,0,no_caries,mild,0.4915,0.42036,0.49153,0.06958,0.01853
crops/195_7.jpg,195,195_jpg.rf.0fb3ed7d5e69f85e55e1ccffc118826c.jpg,,0,0,no_caries,mild,0.8626,0.11528,0.86255,0.01211,0.01005
crops/195_8.jpg,195,195_jpg.rf.0fb3ed7d5e69f85e55e1ccffc118826c.jpg,,3,0,moderate,mild,0.8087,0.06169,0.80872,0.10066,0.02894
crops/195_9.jpg,195,195_jpg.rf.0fb3ed7d5e69f85e55e1ccffc118826c.jpg,,0,0,no_caries,mild,0.6632,0.29063,0.66321,0.03277,0.01338
crops/195_10.jpg,195,195_jpg.rf.0fb3ed7d5e69f85e55e1ccffc118826c.jpg,,3,0,moderate,mild,0.5187,0.37588,0.51873,0.06926,0.03613
crops/195_11.jpg,195,195_jpg.rf.0fb3ed7d5e69f85e55e1ccffc118826c.jpg,,3,0,moderate,moderate,0.5798,0.06677,0.24929,0.57979,0.10415
crops/195_12.jpg,195,195_jpg.rf.0fb3ed7d5e69f85e55e1ccffc118826c.jpg,,5,0,advanced,moderate,0.9097,0.0071,0.0395,0.90973,0.04368
crops/195_13.jpg,195,195_jpg.rf.0fb3ed7d5e69f85e55e1ccffc118826c.jpg,,2,0,mild,moderate,0.9808,0.00359,0.01006,0.98081,0.00555
crops/195_14.jpg,195,195_jpg.rf.0fb3ed7d5e69f85e55e1ccffc118826c.jpg,,1,0,mild,mild,0.7459,0.07,0.74587,0.15195,0.03218
crops/1_jpeg_0.jpg,1_jpeg,1_jpeg_jpg.rf.32d2c13a697b316c80491ec167452c5c.jpg,,3,0,moderate,mild,0.8613,0.04184,0.86134,0.09083,0.006
crops/1_jpeg_1.jpg,1_jpeg,1_jpeg_jpg.rf.32d2c13a697b316c80491ec167452c5c.jpg,,3,0,moderate,moderate,0.907,0.00202,0.08904,0.90703,0.00191
crops/1_jpeg_2.jpg,1_jpeg,1_jpeg_jpg.rf.32d2c13a697b316c80491ec167452c5c.jpg,,0,0,no_caries,moderate,0.5711,0.00785,0.41782,0.57107,0.00326
crops/1_jpeg_3.jpg,1_jpeg,1_jpeg_jpg.rf.32d2c13a697b316c80491ec167452c5c.jpg,,1,0,mild,moderate,0.5794,0.00486,0.41327,0.57945,0.00242
crops/1_jpeg_4.jpg,1_jpeg,1_jpeg_jpg.rf.32d2c13a697b316c80491ec167452c5c.jpg,,0,0,no_caries,mild,0.5291,0.39795,0.52905,0.02847,0.04453
crops/1_jpeg_5.jpg,1_jpeg,1_jpeg_jpg.rf.32d2c13a697b316c80491ec167452c5c.jpg,,0,0,no_caries,mild,0.6003,0.33058,0.60033,0.02488,0.04421
crops/1_jpeg_6.jpg,1_jpeg,1_jpeg_jpg.rf.32d2c13a697b316c80491ec167452c5c.jpg,,0,0,no_caries,no_caries,0.4372,0.43723,0.40592,0.1375,0.01935
crops/1_jpeg_7.jpg,1_jpeg,1_jpeg_jpg.rf.32d2c13a697b316c80491ec167452c5c.jpg,,0,0,no_caries,mild,0.6032,0.1494,0.60324,0.22892,0.01844
crops/1_jpeg_8.jpg,1_jpeg,1_jpeg_jpg.rf.32d2c13a697b316c80491ec167452c5c.jpg,,0,0,no_caries,mild,0.4545,0.4414,0.4545,0.06857,0.03553
crops/1_jpeg_9.jpg,1_jpeg,1_jpeg_jpg.rf.32d2c13a697b316c80491ec167452c5c.jpg,,0,0,no_caries,no_caries,0.6727,0.67272,0.2316,0.03903,0.05664
crops/1_jpeg_10.jpg,1_jpeg,1_jpeg_jpg.rf.32d2c13a697b316c80491ec167452c5c.jpg,,3,0,moderate,moderate,0.9952,0.00086,0.00302,0.99521,0.00092
crops/1_jpeg_11.jpg,1_jpeg,1_jpeg_jpg.rf.32d2c13a697b316c80491ec167452c5c.jpg,,3,0,moderate,moderate,0.9977,0.00014,0.00169,0.99766,0.00051
crops/1_jpeg_12.jpg,1_jpeg,1_jpeg_jpg.rf.32d2c13a697b316c80491ec167452c5c.jpg,,3,0,moderate,mild,0.5125,0.00385,0.51249,0.47439,0.00926
crops/1_jpeg_13.jpg,1_jpeg,1_jpeg_jpg.rf.32d2c13a697b316c80491ec167452c5c.jpg,,3,0,moderate,moderate,0.989,0.00111,0.00875,0.98898,0.00116
crops/226_0.jpg,226,226_jpg.rf.39e029ae94932cc8ee58675380547d19.jpg,,6,0,advanced,advanced,0.9683,0.00795,0.00692,0.01685,0.96829
crops/226_1.jpg,226,226_jpg.rf.39e029ae94932cc8ee58675380547d19.jpg,,6,0,advanced,advanced,0.9742,0.00851,0.00391,0.01342,0.97415
crops/226_2.jpg,226,226_jpg.rf.39e029ae94932cc8ee58675380547d19.jpg,,5,0,advanced,moderate,0.8255,0.00506,0.00554,0.82554,0.16385
crops/226_3.jpg,226,226_jpg.rf.39e029ae94932cc8ee58675380547d19.jpg,,5,0,advanced,advanced,0.9418,0.0116,0.00248,0.04414,0.94178
crops/226_4.jpg,226,226_jpg.rf.39e029ae94932cc8ee58675380547d19.jpg,,6,0,advanced,advanced,0.9807,0.00503,0.00352,0.01072,0.98074
crops/226_5.jpg,226,226_jpg.rf.39e029ae94932cc8ee58675380547d19.jpg,,6,0,advanced,advanced,0.9445,0.02537,0.01159,0.01858,0.94447
crops/226_6.jpg,226,226_jpg.rf.39e029ae94932cc8ee58675380547d19.jpg,,6,0,advanced,advanced,0.973,0.01666,0.00231,0.00802,0.97302
crops/226_7.jpg,226,226_jpg.rf.39e029ae94932cc8ee58675380547d19.jpg,,0,0,no_caries,advanced,0.8147,0.08979,0.00915,0.08631,0.81475
crops/226_8.jpg,226,226_jpg.rf.39e029ae94932cc8ee58675380547d19.jpg,,0,0,no_caries,no_caries,0.8819,0.88187,0.0177,0.0527,0.04773
crops/226_9.jpg,226,226_jpg.rf.39e029ae94932cc8ee58675380547d19.jpg,,0,0,no_caries,no_caries,0.6387,0.63871,0.04349,0.08318,0.23461
crops/229_0.jpg,229,229_jpg.rf.4db27c14be6b8c04089709ce1178cda8.jpg,,0,0,no_caries,mild,0.6203,0.27557,0.62025,0.05347,0.05071
crops/229_1.jpg,229,229_jpg.rf.4db27c14be6b8c04089709ce1178cda8.jpg,,0,0,no_caries,no_caries,0.5688,0.56876,0.19841,0.04226,0.19058
crops/229_2.jpg,229,229_jpg.rf.4db27c14be6b8c04089709ce1178cda8.jpg,,0,0,no_caries,no_caries,0.8054,0.80543,0.07463,0.0798,0.04015
crops/229_3.jpg,229,229_jpg.rf.4db27c14be6b8c04089709ce1178cda8.jpg,,0,0,no_caries,moderate,0.3882,0.30571,0.26378,0.38818,0.04234
crops/229_4.jpg,229,229_jpg.rf.4db27c14be6b8c04089709ce1178cda8.jpg,,0,0,no_caries,no_caries,0.5533,0.5533,0.31217,0.08387,0.05066
crops/229_5.jpg,229,229_jpg.rf.4db27c14be6b8c04089709ce1178cda8.jpg,,0,0,no_caries,no_caries,0.8494,0.84939,0.09954,0.01492,0.03615
crops/229_6.jpg,229,229_jpg.rf.4db27c14be6b8c04089709ce1178cda8.jpg,,0,0,no_caries,no_caries,0.6763,0.67631,0.12193,0.02905,0.17271
crops/229_7.jpg,229,229_jpg.rf.4db27c14be6b8c04089709ce1178cda8.jpg,,0,0,no_caries,no_caries,0.4344,0.43436,0.41707,0.02484,0.12373
crops/229_8.jpg,229,229_jpg.rf.4db27c14be6b8c04089709ce1178cda8.jpg,,0,0,no_caries,no_caries,0.5742,0.57419,0.21536,0.05025,0.1602
crops/229_9.jpg,229,229_jpg.rf.4db27c14be6b8c04089709ce1178cda8.jpg,,0,0,no_caries,no_caries,0.5607,0.56068,0.11748,0.16956,0.15228
crops/229_10.jpg,229,229_jpg.rf.4db27c14be6b8c04089709ce1178cda8.jpg,,0,0,no_caries,no_caries,0.5047,0.50467,0.32136,0.0475,0.12648
crops/229_11.jpg,229,229_jpg.rf.4db27c14be6b8c04089709ce1178cda8.jpg,,0,0,no_caries,no_caries,0.802,0.80201,0.10692,0.03517,0.0559
crops/229_12.jpg,229,229_jpg.rf.4db27c14be6b8c04089709ce1178cda8.jpg,,0,0,no_caries,no_caries,0.802,0.80203,0.07231,0.03336,0.0923
crops/229_13.jpg,229,229_jpg.rf.4db27c14be6b8c04089709ce1178cda8.jpg,,0,0,no_caries,no_caries,0.5055,0.50549,0.36698,0.02296,0.10456
crops/229_14.jpg,229,229_jpg.rf.4db27c14be6b8c04089709ce1178cda8.jpg,,0,0,no_caries,no_caries,0.748,0.74798,0.17255,0.0417,0.03777
crops/229_15.jpg,229,229_jpg.rf.4db27c14be6b8c04089709ce1178cda8.jpg,,0,0,no_caries,no_caries,0.5602,0.56023,0.29191,0.06268,0.08518
crops/229_16.jpg,229,229_jpg.rf.4db27c14be6b8c04089709ce1178cda8.jpg,,0,0,no_caries,no_caries,0.7645,0.76451,0.13978,0.03944,0.05628
crops/229_17.jpg,229,229_jpg.rf.4db27c14be6b8c04089709ce1178cda8.jpg,,0,0,no_caries,no_caries,0.8587,0.85872,0.1097,0.01625,0.01533
crops/229_18.jpg,229,229_jpg.rf.4db27c14be6b8c04089709ce1178cda8.jpg,,0,0,no_caries,no_caries,0.7586,0.7586,0.10336,0.07871,0.05932
crops/229_19.jpg,229,229_jpg.rf.4db27c14be6b8c04089709ce1178cda8.jpg,,0,0,no_caries,no_caries,0.6556,0.65559,0.27265,0.0168,0.05496
crops/262_0.jpg,262,262_jpg.rf.85589da786d6cdb1ecc255cc02a6fad9.jpg,,0,0,no_caries,no_caries,0.5889,0.58895,0.29624,0.06986,0.04495
crops/262_1.jpg,262,262_jpg.rf.85589da786d6cdb1ecc255cc02a6fad9.jpg,,0,0,no_caries,no_caries,0.7675,0.76752,0.10896,0.05244,0.07108
crops/262_2.jpg,262,262_jpg.rf.85589da786d6cdb1ecc255cc02a6fad9.jpg,,0,0,no_caries,no_caries,0.7556,0.75556,0.14986,0.03308,0.0615
crops/262_3.jpg,262,262_jpg.rf.85589da786d6cdb1ecc255cc02a6fad9.jpg,,0,0,no_caries,no_caries,0.914,0.91401,0.03516,0.02927,0.02157
crops/262_4.jpg,262,262_jpg.rf.85589da786d6cdb1ecc255cc02a6fad9.jpg,,6,0,advanced,advanced,0.9275,0.00124,0.01535,0.05591,0.92751
crops/262_5.jpg,262,262_jpg.rf.85589da786d6cdb1ecc255cc02a6fad9.jpg,,6,0,advanced,mild,0.6894,0.06254,0.68939,0.09488,0.15318
crops/262_6.jpg,262,262_jpg.rf.85589da786d6cdb1ecc255cc02a6fad9.jpg,,5,0,advanced,moderate,0.4298,0.03445,0.20298,0.42981,0.33276
crops/262_7.jpg,262,262_jpg.rf.85589da786d6cdb1ecc255cc02a6fad9.jpg,,0,0,no_caries,no_caries,0.842,0.84195,0.04983,0.03415,0.07407
crops/262_8.jpg,262,262_jpg.rf.85589da786d6cdb1ecc255cc02a6fad9.jpg,,0,0,no_caries,no_caries,0.484,0.48404,0.32704,0.04665,0.14227
crops/262_9.jpg,262,262_jpg.rf.85589da786d6cdb1ecc255cc02a6fad9.jpg,,0,0,no_caries,no_caries,0.7803,0.78033,0.08614,0.03579,0.09774
crops/262_10.jpg,262,262_jpg.rf.85589da786d6cdb1ecc255cc02a6fad9.jpg,,0,0,no_caries,no_caries,0.639,0.63902,0.17066,0.13277,0.05755
crops/262_11.jpg,262,262_jpg.rf.85589da786d6cdb1ecc255cc02a6fad9.jpg,,0,0,no_caries,no_caries,0.8406,0.84062,0.04322,0.02126,0.0949
crops/2855_0.jpg,2855,2855_jpg.rf.e3223eede90161e62aa8d0abbef0fb7c.jpg,,2,0,mild,moderate,0.748,0.00482,0.24012,0.748,0.00706
crops/2855_1.jpg,2855,2855_jpg.rf.e3223eede90161e62aa8d0abbef0fb7c.jpg,,2,0,mild,moderate,0.7949,0.00081,0.11715,0.79489,0.08715
crops/2855_2.jpg,2855,2855_jpg.rf.e3223eede90161e62aa8d0abbef0fb7c.jpg,,2,0,mild,moderate,0.9057,0.00161,0.04164,0.90566,0.05109
crops/2922_0.jpg,2922,2922_jpg.rf.c3d47b36813308e3fb5f72e3f1cc255e.jpg,,4,0,moderate,advanced,0.9619,0.00567,0.00923,0.02315,0.96194
crops/2922_1.jpg,2922,2922_jpg.rf.c3d47b36813308e3fb5f72e3f1cc255e.jpg,,3,0,moderate,moderate,0.9695,0.00839,0.02011,0.96948,0.00202
crops/2922_2.jpg,2922,2922_jpg.rf.c3d47b36813308e3fb5f72e3f1cc255e.jpg,,3,0,moderate,moderate,0.9746,0.00696,0.01672,0.97457,0.00175
crops/3000_0.jpg,3000,3000_jpg.rf.15714bf510c4af5a5bb359c5b3a5dc5a.jpg,,5,0,advanced,advanced,0.9195,0.00323,0.00851,0.06877,0.91949
crops/3000_1.jpg,3000,3000_jpg.rf.15714bf510c4af5a5bb359c5b3a5dc5a.jpg,,5,0,advanced,mild,0.5344,0.15045,0.53436,0.08202,0.23316
crops/3000_2.jpg,3000,3000_jpg.rf.15714bf510c4af5a5bb359c5b3a5dc5a.jpg,,5,0,advanced,mild,0.4848,0.38463,0.48483,0.08687,0.04366
crops/3001_0.jpg,3001,3001_jpg.rf.5448424c212cd1593858bc2eeb524850.jpg,,0,0,no_caries,mild,0.4191,0.35176,0.41905,0.19983,0.02936
crops/3001_1.jpg,3001,3001_jpg.rf.5448424c212cd1593858bc2eeb524850.jpg,,3,0,moderate,mild,0.5177,0.09554,0.5177,0.33835,0.04841
crops/3001_2.jpg,3001,3001_jpg.rf.5448424c212cd1593858bc2eeb524850.jpg,,0,0,no_caries,mild,0.5569,0.27066,0.55689,0.11464,0.05781
crops/3001_3.jpg,3001,3001_jpg.rf.5448424c212cd1593858bc2eeb524850.jpg,,3,0,moderate,moderate,0.936,0.00906,0.04445,0.93604,0.01045
crops/3001_4.jpg,3001,3001_jpg.rf.5448424c212cd1593858bc2eeb524850.jpg,,3,0,moderate,moderate,0.8779,0.02277,0.09779,0.8779,0.00154
crops/3001_5.jpg,3001,3001_jpg.rf.5448424c212cd1593858bc2eeb524850.jpg,,3,0,moderate,moderate,0.8041,0.04977,0.09569,0.80414,0.0504
crops/3001_6.jpg,3001,3001_jpg.rf.5448424c212cd1593858bc2eeb524850.jpg,,3,0,moderate,moderate,0.9306,0.01007,0.03374,0.93056,0.02563
crops/3001_7.jpg,3001,3001_jpg.rf.5448424c212cd1593858bc2eeb524850.jpg,,0,0,no_caries,mild,0.4681,0.35486,0.46811,0.09599,0.08104
crops/3001_8.jpg,3001,3001_jpg.rf.5448424c212cd1593858bc2eeb524850.jpg,,0,0,no_caries,mild,0.5225,0.32963,0.52253,0.05184,0.096
crops/303_0.jpg,303,303_jpg.rf.6f8251e2895290c0594ba8c6c4a604bf.jpg,,4,0,moderate,mild,0.6544,0.21539,0.65442,0.05617,0.07402
crops/303_1.jpg,303,303_jpg.rf.6f8251e2895290c0594ba8c6c4a604bf.jpg,,5,0,advanced,moderate,0.6313,0.17287,0.14083,0.63126,0.05504
crops/303_2.jpg,303,303_jpg.rf.6f8251e2895290c0594ba8c6c4a604bf.jpg,,6,0,advanced,advanced,0.9721,0.00483,0.00663,0.01643,0.97211
crops/303_3.jpg,303,303_jpg.rf.6f8251e2895290c0594ba8c6c4a604bf.jpg,,0,0,no_caries,mild,0.5077,0.41603,0.50769,0.03159,0.0447
crops/303_4.jpg,303,303_jpg.rf.6f8251e2895290c0594ba8c6c4a604bf.jpg,,0,0,no_caries,no_caries,0.5896,0.58962,0.30121,0.07475,0.03442
crops/303_5.jpg,303,303_jpg.rf.6f8251e2895290c0594ba8c6c4a604bf.jpg,,2,0,mild,mild,0.6121,0.0083,0.6121,0.1381,0.24151
crops/303_6.jpg,303,303_jpg.rf.6f8251e2895290c0594ba8c6c4a604bf.jpg,,2,0,mild,no_caries,0.7076,0.70759,0.16418,0.05726,0.07097
crops/303_7.jpg,303,303_jpg.rf.6f8251e2895290c0594ba8c6c4a604bf.jpg,,3,0,moderate,moderate,0.7718,0.02468,0.19263,0.77185,0.01084
crops/303_8.jpg,303,303_jpg.rf.6f8251e2895290c0594ba8c6c4a604bf.jpg,,0,0,no_caries,no_caries,0.6654,0.66537,0.19366,0.07507,0.0659
crops/303_9.jpg,303,303_jpg.rf.6f8251e2895290c0594ba8c6c4a604bf.jpg,,0,0,no_caries,mild,0.751,0.19504,0.75102,0.03,0.02394
crops/303_10.jpg,303,303_jpg.rf.6f8251e2895290c0594ba8c6c4a604bf.jpg,,2,0,mild,mild,0.8664,0.09008,0.86638,0.03043,0.01312
crops/303_11.jpg,303,303_jpg.rf.6f8251e2895290c0594ba8c6c4a604bf.jpg,,2,0,mild,mild,0.8239,0.08767,0.82395,0.05874,0.02965
crops/303_12.jpg,303,303_jpg.rf.6f8251e2895290c0594ba8c6c4a604bf.jpg,,2,0,mild,mild,0.7286,0.23072,0.7286,0.01958,0.0211
crops/303_13.jpg,303,303_jpg.rf.6f8251e2895290c0594ba8c6c4a604bf.jpg,,2,0,mild,moderate,0.4005,0.15123,0.25836,0.40053,0.18988
crops/303_14.jpg,303,303_jpg.rf.6f8251e2895290c0594ba8c6c4a604bf.jpg,,2,0,mild,mild,0.7571,0.09342,0.75712,0.04626,0.10319
crops/303_15.jpg,303,303_jpg.rf.6f8251e2895290c0594ba8c6c4a604bf.jpg,,5,0,advanced,advanced,0.4432,0.09952,0.20928,0.248,0.44319
crops/313_0.jpg,313,313_jpg.rf.5a2a1d0b4f42105962e04643de024611.jpg,,0,0,no_caries,no_caries,0.9381,0.9381,0.00652,0.04357,0.01181
crops/313_1.jpg,313,313_jpg.rf.5a2a1d0b4f42105962e04643de024611.jpg,,0,0,no_caries,no_caries,0.588,0.58799,0.2373,0.10102,0.07369
crops/313_2.jpg,313,313_jpg.rf.5a2a1d0b4f42105962e04643de024611.jpg,,2,0,mild,moderate,0.9385,0.00627,0.04684,0.93853,0.00837
crops/313_3.jpg,313,313_jpg.rf.5a2a1d0b4f42105962e04643de024611.jpg,,3,0,moderate,moderate,0.9853,0.00232,0.01107,0.98527,0.00133
crops/313_4.jpg,313,313_jpg.rf.5a2a1d0b4f42105962e04643de024611.jpg,,3,0,moderate,mild,0.7888,0.05841,0.78883,0.13806,0.0147
crops/313_5.jpg,313,313_jpg.rf.5a2a1d0b4f42105962e04643de024611.jpg,,3,0,moderate,mild,0.5627,0.0061,0.56265,0.3075,0.12374
crops/313_6.jpg,313,313_jpg.rf.5a2a1d0b4f42105962e04643de024611.jpg,,3,0,moderate,moderate,0.601,0.09552,0.27113,0.60104,0.03231
crops/313_7.jpg,313,313_jpg.rf.5a2a1d0b4f42105962e04643de024611.jpg,,3,0,moderate,moderate,0.7417,0.13559,0.10959,0.74172,0.0131
crops/313_8.jpg,313,313_jpg.rf.5a2a1d0b4f42105962e04643de024611.jpg,,3,0,moderate,no_caries,0.4957,0.49571,0.04981,0.34093,0.11356
crops/313_9.jpg,313,313_jpg.rf.5a2a1d0b4f42105962e04643de024611.jpg,,1,0,mild,no_caries,0.4219,0.42194,0.27186,0.21731,0.08888
crops/313_10.jpg,313,313_jpg.rf.5a2a1d0b4f42105962e04643de024611.jpg,,3,0,moderate,moderate,0.9226,0.05163,0.0214,0.92265,0.00432
crops/313_11.jpg,313,313_jpg.rf.5a2a1d0b4f42105962e04643de024611.jpg,,0,0,no_caries,moderate,0.7044,0.14431,0.14667,0.70437,0.00465
crops/313_12.jpg,313,313_jpg.rf.5a2a1d0b4f42105962e04643de024611.jpg,,2,0,mild,moderate,0.6586,0.15723,0.15051,0.65857,0.03369
crops/313_13.jpg,313,313_jpg.rf.5a2a1d0b4f42105962e04643de024611.jpg,,2,0,mild,no_caries,0.6085,0.60845,0.133,0.22779,0.03076
crops/313_14.jpg,313,313_jpg.rf.5a2a1d0b4f42105962e04643de024611.jpg,,1,0,mild,mild,0.5553,0.15781,0.55526,0.25932,0.02761
crops/313_15.jpg,313,313_jpg.rf.5a2a1d0b4f42105962e04643de024611.jpg,,1,0,mild,no_caries,0.4111,0.41105,0.23811,0.34051,0.01032
crops/323_0.jpg,323,323_jpg.rf.5f18ba8e52a27d0332b01e107ebb0b9d.jpg,,5,0,advanced,advanced,0.948,0.00751,0.02439,0.02012,0.94798
crops/323_1.jpg,323,323_jpg.rf.5f18ba8e52a27d0332b01e107ebb0b9d.jpg,,5,0,advanced,advanced,0.7943,0.00482,0.07666,0.12426,0.79426
crops/323_2.jpg,323,323_jpg.rf.5f18ba8e52a27d0332b01e107ebb0b9d.jpg,,5,0,advanced,advanced,0.835,0.00442,0.01067,0.14987,0.83505
crops/323_3.jpg,323,323_jpg.rf.5f18ba8e52a27d0332b01e107ebb0b9d.jpg,,5,0,advanced,advanced,0.8203,0.01102,0.12096,0.04775,0.82028
crops/323_4.jpg,323,323_jpg.rf.5f18ba8e52a27d0332b01e107ebb0b9d.jpg,,3,0,moderate,advanced,0.7835,0.01068,0.06454,0.14132,0.78347
crops/323_5.jpg,323,323_jpg.rf.5f18ba8e52a27d0332b01e107ebb0b9d.jpg,,2,0,mild,mild,0.9388,0.00406,0.93876,0.04413,0.01305
crops/323_6.jpg,323,323_jpg.rf.5f18ba8e52a27d0332b01e107ebb0b9d.jpg,,3,0,moderate,mild,0.9373,0.00154,0.93735,0.05662,0.00449
crops/323_7.jpg,323,323_jpg.rf.5f18ba8e52a27d0332b01e107ebb0b9d.jpg,,3,0,moderate,mild,0.4346,0.01211,0.43462,0.24528,0.30799
crops/323_8.jpg,323,323_jpg.rf.5f18ba8e52a27d0332b01e107ebb0b9d.jpg,,2,0,mild,mild,0.9585,0.00737,0.9585,0.02135,0.01277
crops/323_9.jpg,323,323_jpg.rf.5f18ba8e52a27d0332b01e107ebb0b9d.jpg,,5,0,advanced,advanced,0.9583,0.0077,0.01544,0.01852,0.95835
crops/323_10.jpg,323,323_jpg.rf.5f18ba8e52a27d0332b01e107ebb0b9d.jpg,,6,0,advanced,advanced,0.9525,0.00722,0.01321,0.02705,0.95253
crops/323_11.jpg,323,323_jpg.rf.5f18ba8e52a27d0332b01e107ebb0b9d.jpg,,5,0,advanced,advanced,0.8674,0.00629,0.08211,0.0442,0.8674
crops/323_12.jpg,323,323_jpg.rf.5f18ba8e52a27d0332b01e107ebb0b9d.jpg,,0,0,no_caries,mild,0.4135,0.30103,0.41351,0.27095,0.0145
crops/3284_0.jpg,3284,3284_jpg.rf.233da5b6d14e54d8cfd8fc860eca7ca3.jpg,,0,0,no_caries,mild,0.5295,0.36038,0.52947,0.04031,0.06983
crops/3284_1.jpg,3284,3284_jpg.rf.233da5b6d14e54d8cfd8fc860eca7ca3.jpg,,5,0,advanced,advanced,0.7588,0.00751,0.00312,0.23059,0.75878
crops/3284_2.jpg,3284,3284_jpg.rf.233da5b6d14e54d8cfd8fc860eca7ca3.jpg,,3,0,moderate,moderate,0.8759,0.01177,0.10792,0.87592,0.0044
crops/3326_0.jpg,3326,3326_jpg.rf.1394719dd45048440644abe49474bbea.jpg,,2,0,mild,mild,0.5668,0.16794,0.56677,0.23714,0.02815
crops/3326_1.jpg,3326,3326_jpg.rf.1394719dd45048440644abe49474bbea.jpg,,5,0,advanced,moderate,0.9967,6e-05,0.00151,0.99669,0.00173
crops/3326_2.jpg,3326,3326_jpg.rf.1394719dd45048440644abe49474bbea.jpg,,0,0,no_caries,moderate,0.4141,0.11855,0.40413,0.41412,0.0632
crops/3326_3.jpg,3326,3326_jpg.rf.1394719dd45048440644abe49474bbea.jpg,,6,0,advanced,advanced,0.5558,0.00316,0.00336,0.4377,0.55579
crops/3326_4.jpg,3326,3326_jpg.rf.1394719dd45048440644abe49474bbea.jpg,,3,0,moderate,moderate,0.9764,0.0016,0.01978,0.9764,0.00223
crops/3326_5.jpg,3326,3326_jpg.rf.1394719dd45048440644abe49474bbea.jpg,,3,0,moderate,moderate,0.7987,0.00166,0.00541,0.79873,0.1942
crops/3326_6.jpg,3326,3326_jpg.rf.1394719dd45048440644abe49474bbea.jpg,,0,0,no_caries,mild,0.7031,0.25145,0.70309,0.01301,0.03244
crops/3326_7.jpg,3326,3326_jpg.rf.1394719dd45048440644abe49474bbea.jpg,,6,0,advanced,advanced,0.794,0.02836,0.06246,0.11516,0.79402
crops/3326_8.jpg,3326,3326_jpg.rf.1394719dd45048440644abe49474bbea.jpg,,5,0,advanced,no_caries,0.4167,0.41674,0.2986,0.07864,0.20601
crops/3326_9.jpg,3326,3326_jpg.rf.1394719dd45048440644abe49474bbea.jpg,,0,0,no_caries,mild,0.6188,0.2362,0.61879,0.11402,0.031
crops/3326_10.jpg,3326,3326_jpg.rf.1394719dd45048440644abe49474bbea.jpg,,0,0,no_caries,no_caries,0.4492,0.44924,0.33511,0.19461,0.02104
crops/3326_11.jpg,3326,3326_jpg.rf.1394719dd45048440644abe49474bbea.jpg,,0,0,no_caries,mild,0.7037,0.15791,0.70365,0.10036,0.03809
crops/3326_12.jpg,3326,3326_jpg.rf.1394719dd45048440644abe49474bbea.jpg,,0,0,no_caries,no_caries,0.562,0.56202,0.32126,0.08081,0.03591
crops/3326_13.jpg,3326,3326_jpg.rf.1394719dd45048440644abe49474bbea.jpg,,0,0,no_caries,no_caries,0.7635,0.76347,0.06813,0.11337,0.05503
crops/3326_14.jpg,3326,3326_jpg.rf.1394719dd45048440644abe49474bbea.jpg,,0,0,no_caries,mild,0.3644,0.29519,0.36435,0.22193,0.11852
crops/3326_15.jpg,3326,3326_jpg.rf.1394719dd45048440644abe49474bbea.jpg,,5,0,advanced,mild,0.5063,0.24201,0.50626,0.1381,0.11363
crops/334_0.jpg,334,334_jpg.rf.43e6e7605d265e4f42e04933dfa0b289.jpg,,5,0,advanced,moderate,0.8378,0.02298,0.03457,0.83781,0.10464
crops/334_1.jpg,334,334_jpg.rf.43e6e7605d265e4f42e04933dfa0b289.jpg,,0,0,no_caries,advanced,0.579,0.24685,0.03484,0.1393,0.57901
crops/334_2.jpg,334,334_jpg.rf.43e6e7605d265e4f42e04933dfa0b289.jpg,,0,0,no_caries,no_caries,0.8384,0.83839,0.04962,0.06975,0.04225
crops/334_3.jpg,334,334_jpg.rf.43e6e7605d265e4f42e04933dfa0b289.jpg,,0,0,no_caries,no_caries,0.737,0.73701,0.04011,0.13088,0.09201
crops/334_4.jpg,334,334_jpg.rf.43e6e7605d265e4f42e04933dfa0b289.jpg,,0,0,no_caries,no_caries,0.8571,0.85714,0.03418,0.05141,0.05728
crops/334_5.jpg,334,334_jpg.rf.43e6e7605d265e4f42e04933dfa0b289.jpg,,0,0,no_caries,no_caries,0.8424,0.84239,0.08156,0.04433,0.03172
crops/334_6.jpg,334,334_jpg.rf.43e6e7605d265e4f42e04933dfa0b289.jpg,,0,0,no_caries,no_caries,0.8164,0.81639,0.04893,0.10804,0.02664
crops/334_7.jpg,334,334_jpg.rf.43e6e7605d265e4f42e04933dfa0b289.jpg,,0,0,no_caries,no_caries,0.8733,0.87326,0.01929,0.04713,0.06032
crops/334_8.jpg,334,334_jpg.rf.43e6e7605d265e4f42e04933dfa0b289.jpg,,0,0,no_caries,no_caries,0.8386,0.83862,0.06447,0.05476,0.04214
crops/334_9.jpg,334,334_jpg.rf.43e6e7605d265e4f42e04933dfa0b289.jpg,,0,0,no_caries,no_caries,0.7035,0.7035,0.08161,0.17993,0.03496
crops/334_10.jpg,334,334_jpg.rf.43e6e7605d265e4f42e04933dfa0b289.jpg,,4,0,moderate,advanced,0.4988,0.20132,0.09153,0.2083,0.49885
crops/334_11.jpg,334,334_jpg.rf.43e6e7605d265e4f42e04933dfa0b289.jpg,,3,0,moderate,moderate,0.9433,0.02965,0.01969,0.94333,0.00733
crops/3396_0.jpg,3396,3396_jpg.rf.6d65f42674b7612a35b112514ed7a889.jpg,,0,0,no_caries,mild,0.5928,0.21729,0.59276,0.15284,0.03711
crops/3396_1.jpg,3396,3396_jpg.rf.6d65f42674b7612a35b112514ed7a889.jpg,,0,0,no_caries,mild,0.5461,0.32363,0.54612,0.08511,0.04514
crops/3396_2.jpg,3396,3396_jpg.rf.6d65f42674b7612a35b112514ed7a889.jpg,,5,0,advanced,advanced,0.5307,0.01848,0.21322,0.23759,0.53071
crops/3396_3.jpg,3396,3396_jpg.rf.6d65f42674b7612a35b112514ed7a889.jpg,,0,0,no_caries,mild,0.2559,0.25081,0.25589,0.25309,0.24021
crops/344_0.jpg,344,344_jpg.rf.2070bedec09018511fe45381677070df.jpg,,0,0,no_caries,mild,0.5414,0.09212,0.54137,0.13683,0.22968
crops/344_1.jpg,344,344_jpg.rf.2070bedec09018511fe45381677070df.jpg,,0,0,no_caries,no_caries,0.7291,0.72915,0.17731,0.0562,0.03735
crops/344_2.jpg,344,344_jpg.rf.2070bedec09018511fe45381677070df.jpg,,0,0,no_caries,no_caries,0.7113,0.71133,0.04738,0.20489,0.03641
crops/344_3.jpg,344,344_jpg.rf.2070bedec09018511fe45381677070df.jpg,,3,0,moderate,mild,0.7335,0.06115,0.7335,0.16144,0.0439
crops/344_4.jpg,344,344_jpg.rf.2070bedec09018511fe45381677070df.jpg,,0,0,no_caries,mild,0.4654,0.35646,0.46545,0.14103,0.03706
crops/373_0.jpg,373,373_jpg.rf.ecb2690e942fba231678577efd459c0c.jpg,,0,0,no_caries,no_caries,0.568,0.568,0.26002,0.11233,0.05964
crops/373_1.jpg,373,373_jpg.rf.ecb2690e942fba231678577efd459c0c.jpg,,0,0,no_caries,no_caries,0.5353,0.53535,0.27041,0.10129,0.09294
crops/373_2.jpg,373,373_jpg.rf.ecb2690e942fba231678577efd459c0c.jpg,,0,0,no_caries,no_caries,0.5618,0.56184,0.27281,0.10552,0.05983
crops/373_3.jpg,373,373_jpg.rf.ecb2690e942fba231678577efd459c0c.jpg,,0,0,no_caries,mild,0.5722,0.28743,0.57222,0.1219,0.01845
crops/373_4.jpg,373,373_jpg.rf.ecb2690e942fba231678577efd459c0c.jpg,,0,0,no_caries,mild,0.4038,0.39701,0.40384,0.1313,0.06785
crops/373_5.jpg,373,373_jpg.rf.ecb2690e942fba231678577efd459c0c.jpg,,0,0,no_caries,mild,0.5067,0.17268,0.50666,0.28009,0.04058
crops/373_6.jpg,373,373_jpg.rf.ecb2690e942fba231678577efd459c0c.jpg,,0,0,no_caries,no_caries,0.5722,0.5722,0.22842,0.09413,0.10525
crops/373_7.jpg,373,373_jpg.rf.ecb2690e942fba231678577efd459c0c.jpg,,0,0,no_caries,no_caries,0.7206,0.72065,0.08211,0.16253,0.03471
crops/373_8.jpg,373,373_jpg.rf.ecb2690e942fba231678577efd459c0c.jpg,,0,0,no_caries,no_caries,0.7158,0.7158,0.0787,0.12594,0.07956
crops/373_9.jpg,373,373_jpg.rf.ecb2690e942fba231678577efd459c0c.jpg,,0,0,no_caries,no_caries,0.7657,0.76571,0.09741,0.09553,0.04135
crops/373_10.jpg,373,373_jpg.rf.ecb2690e942fba231678577efd459c0c.jpg,,0,0,no_caries,no_caries,0.7005,0.70054,0.06012,0.11889,0.12045
crops/373_11.jpg,373,373_jpg.rf.ecb2690e942fba231678577efd459c0c.jpg,,0,0,no_caries,no_caries,0.7169,0.71691,0.10871,0.07921,0.09516
crops/396_0.jpg,396,396_jpg.rf.67544317dd92222bcd40217e451caba6.jpg,,0,0,no_caries,moderate,0.3534,0.31336,0.24228,0.35342,0.09094
crops/396_1.jpg,396,396_jpg.rf.67544317dd92222bcd40217e451caba6.jpg,,5,0,advanced,advanced,0.7283,0.00273,0.00386,0.26515,0.72826
crops/396_2.jpg,396,396_jpg.rf.67544317dd92222bcd40217e451caba6.jpg,,0,0,no_caries,advanced,0.4877,0.03456,0.11977,0.35798,0.48769
crops/396_3.jpg,396,396_jpg.rf.67544317dd92222bcd40217e451caba6.jpg,,0,0,no_caries,no_caries,0.7416,0.74159,0.13854,0.04444,0.07543
crops/396_4.jpg,396,396_jpg.rf.67544317dd92222bcd40217e451caba6.jpg,,0,0,no_caries,no_caries,0.5726,0.5726,0.30993,0.02236,0.0951
crops/417_0.jpg,417,417_jpg.rf.7346c8993d4640b26867ea539545f366.jpg,,0,0,no_caries,no_caries,0.4352,0.4352,0.19105,0.34338,0.03037
crops/417_1.jpg,417,417_jpg.rf.7346c8993d4640b26867ea539545f366.jpg,,0,0,no_caries,moderate,0.5747,0.24354,0.13428,0.57475,0.04744
crops/417_2.jpg,417,417_jpg.rf.7346c8993d4640b26867ea539545f366.jpg,,0,0,no_caries,no_caries,0.4225,0.42249,0.41665,0.13426,0.02661
crops/417_3.jpg,417,417_jpg.rf.7346c8993d4640b26867ea539545f366.jpg,,0,0,no_caries,no_caries,0.7018,0.70182,0.22057,0.04118,0.03644
crops/417_4.jpg,417,417_jpg.rf.7346c8993d4640b26867ea539545f366.jpg,,0,0,no_caries,mild,0.5184,0.40548,0.51836,0.05806,0.0181
crops/417_5.jpg,417,417_jpg.rf.7346c8993d4640b26867ea539545f366.jpg,,0,0,no_caries,mild,0.6911,0.18762,0.69115,0.09944,0.0218
crops/417_6.jpg,417,417_jpg.rf.7346c8993d4640b26867ea539545f366.jpg,,5,0,advanced,advanced,0.9552,0.0099,0.01338,0.02152,0.9552
crops/417_7.jpg,417,417_jpg.rf.7346c8993d4640b26867ea539545f366.jpg,,0,0,no_caries,mild,0.6531,0.2334,0.65311,0.05871,0.05478
crops/417_8.jpg,417,417_jpg.rf.7346c8993d4640b26867ea539545f366.jpg,,6,0,advanced,advanced,0.9546,0.00663,0.01165,0.02713,0.95459
crops/417_9.jpg,417,417_jpg.rf.7346c8993d4640b26867ea539545f366.jpg,,5,0,advanced,advanced,0.9482,0.00627,0.02648,0.01909,0.94816
crops/417_10.jpg,417,417_jpg.rf.7346c8993d4640b26867ea539545f366.jpg,,3,0,moderate,moderate,0.928,0.00093,0.07042,0.92796,0.00069
crops/417_11.jpg,417,417_jpg.rf.7346c8993d4640b26867ea539545f366.jpg,,5,0,advanced,advanced,0.9705,0.00422,0.01322,0.0121,0.97046
crops/417_12.jpg,417,417_jpg.rf.7346c8993d4640b26867ea539545f366.jpg,,3,0,moderate,mild,0.5454,0.0218,0.54537,0.41632,0.01652
crops/417_13.jpg,417,417_jpg.rf.7346c8993d4640b26867ea539545f366.jpg,,0,0,no_caries,no_caries,0.5203,0.52033,0.24207,0.21435,0.02325
crops/417_14.jpg,417,417_jpg.rf.7346c8993d4640b26867ea539545f366.jpg,,0,0,no_caries,mild,0.5825,0.30221,0.5825,0.0485,0.06679
crops/41_jpeg_0.jpg,41_jpeg,41_jpeg_jpg.rf.1f93dd3a580ded6636734415cbe23a09.jpg,,2,0,mild,mild,0.533,0.25274,0.53302,0.10175,0.11249
crops/41_jpeg_1.jpg,41_jpeg,41_jpeg_jpg.rf.1f93dd3a580ded6636734415cbe23a09.jpg,,0,0,no_caries,mild,0.6326,0.30894,0.63259,0.02187,0.0366
crops/41_jpeg_2.jpg,41_jpeg,41_jpeg_jpg.rf.1f93dd3a580ded6636734415cbe23a09.jpg,,0,0,no_caries,mild,0.5418,0.34664,0.54185,0.06444,0.04707
crops/41_jpeg_3.jpg,41_jpeg,41_jpeg_jpg.rf.1f93dd3a580ded6636734415cbe23a09.jpg,,2,0,mild,mild,0.4831,0.2518,0.4831,0.21742,0.04768
crops/41_jpeg_4.jpg,41_jpeg,41_jpeg_jpg.rf.1f93dd3a580ded6636734415cbe23a09.jpg,,2,0,mild,mild,0.9871,0.00185,0.98715,0.00179,0.00921
crops/41_jpeg_5.jpg,41_jpeg,41_jpeg_jpg.rf.1f93dd3a580ded6636734415cbe23a09.jpg,,2,0,mild,mild,0.593,0.14337,0.59303,0.24017,0.02343
crops/41_jpeg_6.jpg,41_jpeg,41_jpeg_jpg.rf.1f93dd3a580ded6636734415cbe23a09.jpg,,2,0,mild,mild,0.7985,0.09993,0.79853,0.08826,0.01327
crops/41_jpeg_7.jpg,41_jpeg,41_jpeg_jpg.rf.1f93dd3a580ded6636734415cbe23a09.jpg,,0,0,no_caries,no_caries,0.7678,0.76777,0.03745,0.09865,0.09613
crops/41_jpeg_8.jpg,41_jpeg,41_jpeg_jpg.rf.1f93dd3a580ded6636734415cbe23a09.jpg,,0,0,no_caries,no_caries,0.9092,0.90925,0.02126,0.03891,0.03058
crops/41_jpeg_9.jpg,41_jpeg,41_jpeg_jpg.rf.1f93dd3a580ded6636734415cbe23a09.jpg,,0,0,no_caries,no_caries,0.9343,0.93434,0.01421,0.0307,0.02075
crops/41_jpeg_10.jpg,41_jpeg,41_jpeg_jpg.rf.1f93dd3a580ded6636734415cbe23a09.jpg,,0,0,no_caries,no_caries,0.9015,0.90146,0.03811,0.02831,0.03212
crops/41_jpeg_11.jpg,41_jpeg,41_jpeg_jpg.rf.1f93dd3a580ded6636734415cbe23a09.jpg,,0,0,no_caries,no_caries,0.6379,0.6379,0.26673,0.05804,0.03734
crops/41_jpeg_12.jpg,41_jpeg,41_jpeg_jpg.rf.1f93dd3a580ded6636734415cbe23a09.jpg,,0,0,no_caries,mild,0.6925,0.19717,0.69247,0.07699,0.03337
crops/41_jpeg_13.jpg,41_jpeg,41_jpeg_jpg.rf.1f93dd3a580ded6636734415cbe23a09.jpg,,2,0,mild,moderate,0.7242,0.03693,0.2086,0.72417,0.0303
crops/41_jpeg_14.jpg,41_jpeg,41_jpeg_jpg.rf.1f93dd3a580ded6636734415cbe23a09.jpg,,2,0,mild,no_caries,0.3337,0.33367,0.3051,0.29013,0.07109
crops/451_0.jpg,451,451_jpg.rf.444c8e819be140160baa8471fc51f7c7.jpg,,5,0,advanced,advanced,0.8418,0.00606,0.0201,0.13201,0.84183
crops/451_1.jpg,451,451_jpg.rf.444c8e819be140160baa8471fc51f7c7.jpg,,0,0,no_caries,mild,0.3299,0.1781,0.32986,0.32783,0.1642
crops/451_2.jpg,451,451_jpg.rf.444c8e819be140160baa8471fc51f7c7.jpg,,0,0,no_caries,no_caries,0.5442,0.54416,0.17914,0.23025,0.04644
crops/451_3.jpg,451,451_jpg.rf.444c8e819be140160baa8471fc51f7c7.jpg,,0,0,no_caries,mild,0.7528,0.04516,0.75284,0.06415,0.13785
crops/45_jpeg_0.jpg,45_jpeg,45_jpeg_jpg.rf.bdacc78320cba8a90ba72e9b63655ace.jpg,,2,0,mild,mild,0.8432,0.06607,0.8432,0.08107,0.00966
crops/45_jpeg_1.jpg,45_jpeg,45_jpeg_jpg.rf.bdacc78320cba8a90ba72e9b63655ace.jpg,,0,0,no_caries,mild,0.8322,0.06255,0.83224,0.09547,0.00974
crops/45_jpeg_2.jpg,45_jpeg,45_jpeg_jpg.rf.bdacc78320cba8a90ba72e9b63655ace.jpg,,1,0,mild,mild,0.4235,0.05638,0.42347,0.34776,0.17238
crops/45_jpeg_3.jpg,45_jpeg,45_jpeg_jpg.rf.bdacc78320cba8a90ba72e9b63655ace.jpg,,5,0,advanced,moderate,0.6073,0.15348,0.05515,0.60729,0.18408
crops/45_jpeg_4.jpg,45_jpeg,45_jpeg_jpg.rf.bdacc78320cba8a90ba72e9b63655ace.jpg,,0,0,no_caries,mild,0.4758,0.40434,0.47582,0.06887,0.05097
crops/45_jpeg_5.jpg,45_jpeg,45_jpeg_jpg.rf.bdacc78320cba8a90ba72e9b63655ace.jpg,,0,0,no_caries,mild,0.5935,0.19453,0.59346,0.1654,0.04662
crops/45_jpeg_6.jpg,45_jpeg,45_jpeg_jpg.rf.bdacc78320cba8a90ba72e9b63655ace.jpg,,0,0,no_caries,mild,0.3963,0.2694,0.39626,0.24055,0.0938
crops/45_jpeg_7.jpg,45_jpeg,45_jpeg_jpg.rf.bdacc78320cba8a90ba72e9b63655ace.jpg,,0,0,no_caries,mild,0.6153,0.25371,0.61533,0.10902,0.02194
crops/45_jpeg_8.jpg,45_jpeg,45_jpeg_jpg.rf.bdacc78320cba8a90ba72e9b63655ace.jpg,,0,0,no_caries,mild,0.4857,0.04555,0.4857,0.29372,0.17502
crops/45_jpeg_9.jpg,45_jpeg,45_jpeg_jpg.rf.bdacc78320cba8a90ba72e9b63655ace.jpg,,0,0,no_caries,mild,0.8355,0.07906,0.83549,0.07615,0.0093
crops/45_jpeg_10.jpg,45_jpeg,45_jpeg_jpg.rf.bdacc78320cba8a90ba72e9b63655ace.jpg,,0,0,no_caries,mild,0.4127,0.35575,0.4127,0.12176,0.1098
crops/45_jpeg_11.jpg,45_jpeg,45_jpeg_jpg.rf.bdacc78320cba8a90ba72e9b63655ace.jpg,,0,0,no_caries,mild,0.9041,0.04501,0.90409,0.04415,0.00674
crops/45_jpeg_12.jpg,45_jpeg,45_jpeg_jpg.rf.bdacc78320cba8a90ba72e9b63655ace.jpg,,1,0,mild,moderate,0.9788,0.00543,0.01443,0.97884,0.0013
crops/45_jpeg_13.jpg,45_jpeg,45_jpeg_jpg.rf.bdacc78320cba8a90ba72e9b63655ace.jpg,,2,0,mild,mild,0.5787,0.01218,0.57866,0.39785,0.01131
crops/45_jpeg_14.jpg,45_jpeg,45_jpeg_jpg.rf.bdacc78320cba8a90ba72e9b63655ace.jpg,,3,0,moderate,moderate,0.6585,0.01201,0.32661,0.65851,0.00287
crops/45_jpeg_15.jpg,45_jpeg,45_jpeg_jpg.rf.bdacc78320cba8a90ba72e9b63655ace.jpg,,4,0,moderate,moderate,0.5002,0.00427,0.49329,0.50019,0.00225
crops/480_0.jpg,480,480_jpg.rf.823251054be2d66e91160c1d6a94bde9.jpg,,0,0,no_caries,no_caries,0.7518,0.75179,0.08228,0.13471,0.03123
crops/480_1.jpg,480,480_jpg.rf.823251054be2d66e91160c1d6a94bde9.jpg,,0,0,no_caries,no_caries,0.655,0.65502,0.03138,0.28751,0.02609
crops/480_2.jpg,480,480_jpg.rf.823251054be2d66e91160c1d6a94bde9.jpg,,0,0,no_caries,no_caries,0.665,0.66499,0.05549,0.18684,0.09268
crops/480_3.jpg,480,480_jpg.rf.823251054be2d66e91160c1d6a94bde9.jpg,,0,0,no_caries,no_caries,0.7749,0.77494,0.08721,0.04717,0.09068
crops/480_4.jpg,480,480_jpg.rf.823251054be2d66e91160c1d6a94bde9.jpg,,0,0,no_caries,no_caries,0.5226,0.52259,0.30089,0.07608,0.10044
crops/480_5.jpg,480,480_jpg.rf.823251054be2d66e91160c1d6a94bde9.jpg,,0,0,no_caries,mild,0.5974,0.25573,0.59743,0.05939,0.08745
crops/480_6.jpg,480,480_jpg.rf.823251054be2d66e91160c1d6a94bde9.jpg,,0,0,no_caries,no_caries,0.4373,0.43726,0.27991,0.09922,0.18361
crops/480_7.jpg,480,480_jpg.rf.823251054be2d66e91160c1d6a94bde9.jpg,,0,0,no_caries,mild,0.4079,0.3379,0.40791,0.05225,0.20193
crops/480_8.jpg,480,480_jpg.rf.823251054be2d66e91160c1d6a94bde9.jpg,,0,0,no_caries,no_caries,0.722,0.72203,0.18853,0.02751,0.06192
crops/480_9.jpg,480,480_jpg.rf.823251054be2d66e91160c1d6a94bde9.jpg,,0,0,no_caries,no_caries,0.7156,0.7156,0.13975,0.05652,0.08813
crops/480_10.jpg,480,480_jpg.rf.823251054be2d66e91160c1d6a94bde9.jpg,,0,0,no_caries,mild,0.6152,0.2045,0.6152,0.11658,0.06372
crops/480_11.jpg,480,480_jpg.rf.823251054be2d66e91160c1d6a94bde9.jpg,,0,0,no_caries,no_caries,0.6224,0.62239,0.08819,0.21219,0.07723
crops/480_12.jpg,480,480_jpg.rf.823251054be2d66e91160c1d6a94bde9.jpg,,0,0,no_caries,mild,0.5517,0.39115,0.5517,0.0339,0.02325
crops/480_13.jpg,480,480_jpg.rf.823251054be2d66e91160c1d6a94bde9.jpg,,0,0,no_caries,no_caries,0.8085,0.80854,0.06265,0.09579,0.03303
crops/480_14.jpg,480,480_jpg.rf.823251054be2d66e91160c1d6a94bde9.jpg,,0,0,no_caries,no_caries,0.8057,0.8057,0.05847,0.0485,0.08733
crops/480_15.jpg,480,480_jpg.rf.823251054be2d66e91160c1d6a94bde9.jpg,,0,0,no_caries,moderate,0.7143,0.25493,0.0141,0.71426,0.01671
crops/480_16.jpg,480,480_jpg.rf.823251054be2d66e91160c1d6a94bde9.jpg,,0,0,no_caries,no_caries,0.6955,0.69552,0.03515,0.24785,0.02147
crops/480_17.jpg,480,480_jpg.rf.823251054be2d66e91160c1d6a94bde9.jpg,,0,0,no_caries,no_caries,0.7054,0.70539,0.19422,0.07195,0.02843
crops/480_18.jpg,480,480_jpg.rf.823251054be2d66e91160c1d6a94bde9.jpg,,0,0,no_caries,no_caries,0.4776,0.47758,0.44779,0.03497,0.03967
crops/480_19.jpg,480,480_jpg.rf.823251054be2d66e91160c1d6a94bde9.jpg,,0,0,no_caries,no_caries,0.6962,0.6962,0.20261,0.01759,0.0836
crops/480_20.jpg,480,480_jpg.rf.823251054be2d66e91160c1d6a94bde9.jpg,,5,0,advanced,no_caries,0.4998,0.49977,0.37715,0.05609,0.06698
crops/50_jpeg_0.jpg,50_jpeg,50_jpeg_jpg.rf.94875a204aaf5299238e26edaa029721.jpg,,0,0,no_caries,no_caries,0.6436,0.64363,0.2135,0.05428,0.08858
crops/50_jpeg_1.jpg,50_jpeg,50_jpeg_jpg.rf.94875a204aaf5299238e26edaa029721.jpg,,0,0,no_caries,no_caries,0.6129,0.61289,0.15361,0.09687,0.13663
crops/50_jpeg_2.jpg,50_jpeg,50_jpeg_jpg.rf.94875a204aaf5299238e26edaa029721.jpg,,0,0,no_caries,no_caries,0.5537,0.55371,0.29505,0.13293,0.01831
crops/50_jpeg_3.jpg,50_jpeg,50_jpeg_jpg.rf.94875a204aaf5299238e26edaa029721.jpg,,5,0,advanced,moderate,0.8028,0.00795,0.01408,0.80283,0.17514
crops/50_jpeg_4.jpg,50_jpeg,50_jpeg_jpg.rf.94875a204aaf5299238e26edaa029721.jpg,,4,0,moderate,advanced,0.4297,0.06208,0.11699,0.39127,0.42967
crops/50_jpeg_5.jpg,50_jpeg,50_jpeg_jpg.rf.94875a204aaf5299238e26edaa029721.jpg,,4,0,moderate,moderate,0.8322,0.04317,0.03415,0.8322,0.09048
crops/50_jpeg_6.jpg,50_jpeg,50_jpeg_jpg.rf.94875a204aaf5299238e26edaa029721.jpg,,1,0,mild,moderate,0.6377,0.1963,0.15998,0.63773,0.00598
crops/50_jpeg_7.jpg,50_jpeg,50_jpeg_jpg.rf.94875a204aaf5299238e26edaa029721.jpg,,1,0,mild,no_caries,0.5554,0.55543,0.36766,0.04975,0.02716
crops/50_jpeg_8.jpg,50_jpeg,50_jpeg_jpg.rf.94875a204aaf5299238e26edaa029721.jpg,,1,0,mild,mild,0.4786,0.4342,0.47857,0.02203,0.06521
crops/50_jpeg_9.jpg,50_jpeg,50_jpeg_jpg.rf.94875a204aaf5299238e26edaa029721.jpg,,0,0,no_caries,no_caries,0.8598,0.85978,0.08056,0.03133,0.02833
crops/50_jpeg_10.jpg,50_jpeg,50_jpeg_jpg.rf.94875a204aaf5299238e26edaa029721.jpg,,1,0,mild,no_caries,0.7482,0.74816,0.03209,0.18574,0.03401
crops/50_jpeg_11.jpg,50_jpeg,50_jpeg_jpg.rf.94875a204aaf5299238e26edaa029721.jpg,,0,0,no_caries,no_caries,0.5436,0.5436,0.01105,0.40954,0.03581
crops/50_jpeg_12.jpg,50_jpeg,50_jpeg_jpg.rf.94875a204aaf5299238e26edaa029721.jpg,,2,0,mild,moderate,0.469,0.43101,0.04173,0.46896,0.05829
crops/50_jpeg_13.jpg,50_jpeg,50_jpeg_jpg.rf.94875a204aaf5299238e26edaa029721.jpg,,0,0,no_caries,no_caries,0.5101,0.51013,0.02705,0.43959,0.02324
crops/50_jpeg_14.jpg,50_jpeg,50_jpeg_jpg.rf.94875a204aaf5299238e26edaa029721.jpg,,0,0,no_caries,no_caries,0.8521,0.85209,0.02061,0.08269,0.04461
crops/50_jpeg_15.jpg,50_jpeg,50_jpeg_jpg.rf.94875a204aaf5299238e26edaa029721.jpg,,0,0,no_caries,no_caries,0.793,0.79304,0.06593,0.08859,0.05244
crops/50_jpeg_16.jpg,50_jpeg,50_jpeg_jpg.rf.94875a204aaf5299238e26edaa029721.jpg,,0,0,no_caries,no_caries,0.7258,0.72577,0.18117,0.03698,0.05608
crops/55_jpeg_0.jpg,55_jpeg,55_jpeg_jpg.rf.df7add5b1f8b44d886b5dbc636439d00.jpg,,3,0,moderate,moderate,0.979,0.00956,0.01043,0.979,0.00101
crops/55_jpeg_1.jpg,55_jpeg,55_jpeg_jpg.rf.df7add5b1f8b44d886b5dbc636439d00.jpg,,0,0,no_caries,mild,0.5956,0.15686,0.59557,0.10153,0.14605
crops/55_jpeg_2.jpg,55_jpeg,55_jpeg_jpg.rf.df7add5b1f8b44d886b5dbc636439d00.jpg,,0,0,no_caries,no_caries,0.5789,0.57891,0.294,0.04922,0.07788
crops/55_jpeg_3.jpg,55_jpeg,55_jpeg_jpg.rf.df7add5b1f8b44d886b5dbc636439d00.jpg,,0,0,no_caries,no_caries,0.6706,0.6706,0.19104,0.06918,0.06919
crops/55_jpeg_4.jpg,55_jpeg,55_jpeg_jpg.rf.df7add5b1f8b44d886b5dbc636439d00.jpg,,0,0,no_caries,no_caries,0.7468,0.74681,0.15251,0.0622,0.03848
crops/55_jpeg_5.jpg,55_jpeg,55_jpeg_jpg.rf.df7add5b1f8b44d886b5dbc636439d00.jpg,,0,0,no_caries,no_caries,0.767,0.76702,0.12049,0.06076,0.05173
crops/55_jpeg_6.jpg,55_jpeg,55_jpeg_jpg.rf.df7add5b1f8b44d886b5dbc636439d00.jpg,,0,0,no_caries,no_caries,0.6767,0.67666,0.14576,0.05947,0.11811
crops/55_jpeg_7.jpg,55_jpeg,55_jpeg_jpg.rf.df7add5b1f8b44d886b5dbc636439d00.jpg,,0,0,no_caries,no_caries,0.5943,0.59426,0.2645,0.08396,0.05727
crops/55_jpeg_8.jpg,55_jpeg,55_jpeg_jpg.rf.df7add5b1f8b44d886b5dbc636439d00.jpg,,0,0,no_caries,mild,0.7986,0.10434,0.79855,0.02854,0.06857
crops/55_jpeg_9.jpg,55_jpeg,55_jpeg_jpg.rf.df7add5b1f8b44d886b5dbc636439d00.jpg,,3,0,moderate,moderate,0.9478,0.02694,0.02361,0.94778,0.00167
crops/56_jpeg_0.jpg,56_jpeg,56_jpeg_jpg.rf.78127d18ef6454b0e05182694c86304c.jpg,,0,0,no_caries,no_caries,0.5848,0.58477,0.33131,0.0566,0.02732
crops/56_jpeg_1.jpg,56_jpeg,56_jpeg_jpg.rf.78127d18ef6454b0e05182694c86304c.jpg,,0,0,no_caries,no_caries,0.5407,0.54072,0.08005,0.31781,0.06142
crops/56_jpeg_2.jpg,56_jpeg,56_jpeg_jpg.rf.78127d18ef6454b0e05182694c86304c.jpg,,0,0,no_caries,no_caries,0.6166,0.61659,0.21625,0.06341,0.10375
crops/56_jpeg_3.jpg,56_jpeg,56_jpeg_jpg.rf.78127d18ef6454b0e05182694c86304c.jpg,,0,0,no_caries,no_caries,0.5557,0.5557,0.26538,0.11589,0.06303
crops/56_jpeg_4.jpg,56_jpeg,56_jpeg_jpg.rf.78127d18ef6454b0e05182694c86304c.jpg,,0,0,no_caries,no_caries,0.6685,0.66847,0.16724,0.02661,0.13768
crops/56_jpeg_5.jpg,56_jpeg,56_jpeg_jpg.rf.78127d18ef6454b0e05182694c86304c.jpg,,0,0,no_caries,no_caries,0.6396,0.63962,0.18279,0.04561,0.13199
crops/56_jpeg_6.jpg,56_jpeg,56_jpeg_jpg.rf.78127d18ef6454b0e05182694c86304c.jpg,,3,0,moderate,advanced,0.5605,0.0194,0.04062,0.37949,0.5605
crops/56_jpeg_7.jpg,56_jpeg,56_jpeg_jpg.rf.78127d18ef6454b0e05182694c86304c.jpg,,3,0,moderate,moderate,0.9426,0.0151,0.02452,0.94262,0.01776
crops/56_jpeg_8.jpg,56_jpeg,56_jpeg_jpg.rf.78127d18ef6454b0e05182694c86304c.jpg,,3,0,moderate,moderate,0.3781,0.2833,0.04962,0.37809,0.28899
crops/56_jpeg_9.jpg,56_jpeg,56_jpeg_jpg.rf.78127d18ef6454b0e05182694c86304c.jpg,,3,0,moderate,no_caries,0.7312,0.73123,0.07617,0.10178,0.09082
crops/56_jpeg_10.jpg,56_jpeg,56_jpeg_jpg.rf.78127d18ef6454b0e05182694c86304c.jpg,,0,0,no_caries,no_caries,0.745,0.745,0.11251,0.08546,0.05703
crops/56_jpeg_11.jpg,56_jpeg,56_jpeg_jpg.rf.78127d18ef6454b0e05182694c86304c.jpg,,0,0,no_caries,no_caries,0.8063,0.80632,0.04186,0.11841,0.03342
crops/56_jpeg_12.jpg,56_jpeg,56_jpeg_jpg.rf.78127d18ef6454b0e05182694c86304c.jpg,,3,0,moderate,moderate,0.9724,0.00395,0.01443,0.97238,0.00924
crops/56_jpeg_13.jpg,56_jpeg,56_jpeg_jpg.rf.78127d18ef6454b0e05182694c86304c.jpg,,4,0,moderate,moderate,0.7181,0.00859,0.24935,0.71814,0.02391
crops/56_0.jpg,56,56_jpg.rf.f8ad5d0ada60de22ff389d8743f6e233.jpg,,0,0,no_caries,no_caries,0.3713,0.3713,0.21291,0.28023,0.13556
crops/56_1.jpg,56,56_jpg.rf.f8ad5d0ada60de22ff389d8743f6e233.jpg,,0,0,no_caries,mild,0.4755,0.10907,0.47552,0.36633,0.04908
crops/56_2.jpg,56,56_jpg.rf.f8ad5d0ada60de22ff389d8743f6e233.jpg,,5,0,advanced,advanced,0.9624,0.00466,0.01056,0.02242,0.96236
crops/56_3.jpg,56,56_jpg.rf.f8ad5d0ada60de22ff389d8743f6e233.jpg,,5,0,advanced,advanced,0.9035,0.00469,0.00967,0.08217,0.90347
crops/56_4.jpg,56,56_jpg.rf.f8ad5d0ada60de22ff389d8743f6e233.jpg,,0,0,no_caries,no_caries,0.6882,0.68825,0.19413,0.05796,0.05966
crops/56_5.jpg,56,56_jpg.rf.f8ad5d0ada60de22ff389d8743f6e233.jpg,,0,0,no_caries,mild,0.5292,0.31361,0.52916,0.09363,0.0636
crops/5_jpeg_0.jpg,5_jpeg,5_jpeg_jpg.rf.34a447c27d87576a0f11a538575c2ae7.jpg,,3,0,moderate,moderate,0.8691,0.01346,0.11095,0.86914,0.00645
crops/5_jpeg_1.jpg,5_jpeg,5_jpeg_jpg.rf.34a447c27d87576a0f11a538575c2ae7.jpg,,0,0,no_caries,mild,0.4319,0.32345,0.43192,0.08719,0.15745
crops/5_jpeg_2.jpg,5_jpeg,5_jpeg_jpg.rf.34a447c27d87576a0f11a538575c2ae7.jpg,,0,0,no_caries,no_caries,0.4437,0.44372,0.39379,0.04549,0.117
crops/5_jpeg_3.jpg,5_jpeg,5_jpeg_jpg.rf.34a447c27d87576a0f11a538575c2ae7.jpg,,0,0,no_caries,mild,0.6877,0.19131,0.68774,0.06471,0.05623
crops/5_jpeg_4.jpg,5_jpeg,5_jpeg_jpg.rf.34a447c27d87576a0f11a538575c2ae7.jpg,,0,0,no_caries,moderate,0.5662,0.11585,0.25286,0.56618,0.06511
crops/5_jpeg_5.jpg,5_jpeg,5_jpeg_jpg.rf.34a447c27d87576a0f11a538575c2ae7.jpg,,0,0,no_caries,no_caries,0.4695,0.46952,0.29323,0.16589,0.07136
crops/5_jpeg_6.jpg,5_jpeg,5_jpeg_jpg.rf.34a447c27d87576a0f11a538575c2ae7.jpg,,0,0,no_caries,no_caries,0.5136,0.51356,0.36743,0.0531,0.06591
crops/5_jpeg_7.jpg,5_jpeg,5_jpeg_jpg.rf.34a447c27d87576a0f11a538575c2ae7.jpg,,0,0,no_caries,no_caries,0.5305,0.53048,0.37621,0.04093,0.05239
crops/5_jpeg_8.jpg,5_jpeg,5_jpeg_jpg.rf.34a447c27d87576a0f11a538575c2ae7.jpg,,0,0,no_caries,mild,0.8224,0.15853,0.8224,0.00481,0.01426
crops/5_jpeg_9.jpg,5_jpeg,5_jpeg_jpg.rf.34a447c27d87576a0f11a538575c2ae7.jpg,,0,0,no_caries,mild,0.7575,0.11793,0.75747,0.03297,0.09163
crops/5_jpeg_10.jpg,5_jpeg,5_jpeg_jpg.rf.34a447c27d87576a0f11a538575c2ae7.jpg,,3,0,moderate,moderate,0.9938,0.00055,0.00235,0.99381,0.00329
crops/5_jpeg_11.jpg,5_jpeg,5_jpeg_jpg.rf.34a447c27d87576a0f11a538575c2ae7.jpg,,3,0,moderate,moderate,0.86,0.00659,0.13132,0.86004,0.00205
crops/648_0.jpg,648,648_jpg.rf.36a275594a62d1a908b81338937f95ce.jpg,,0,0,no_caries,no_caries,0.662,0.662,0.0987,0.03685,0.20245
crops/648_1.jpg,648,648_jpg.rf.36a275594a62d1a908b81338937f95ce.jpg,,0,0,no_caries,no_caries,0.7295,0.72952,0.15105,0.03946,0.07997
crops/648_2.jpg,648,648_jpg.rf.36a275594a62d1a908b81338937f95ce.jpg,,2,0,mild,no_caries,0.4816,0.48156,0.16212,0.3157,0.04062
crops/648_3.jpg,648,648_jpg.rf.36a275594a62d1a908b81338937f95ce.jpg,,6,0,advanced,advanced,0.9661,0.00484,0.01112,0.0179,0.96613
crops/648_4.jpg,648,648_jpg.rf.36a275594a62d1a908b81338937f95ce.jpg,,2,0,mild,no_caries,0.7049,0.70487,0.13467,0.10924,0.05121
crops/648_5.jpg,648,648_jpg.rf.36a275594a62d1a908b81338937f95ce.jpg,,0,0,no_caries,no_caries,0.6717,0.67169,0.18833,0.09828,0.0417
crops/648_6.jpg,648,648_jpg.rf.36a275594a62d1a908b81338937f95ce.jpg,,0,0,no_caries,no_caries,0.4997,0.49968,0.1722,0.07725,0.25086
crops/648_7.jpg,648,648_jpg.rf.36a275594a62d1a908b81338937f95ce.jpg,,0,0,no_caries,no_caries,0.5861,0.58607,0.20974,0.10548,0.09872
crops/648_8.jpg,648,648_jpg.rf.36a275594a62d1a908b81338937f95ce.jpg,,0,0,no_caries,mild,0.4302,0.37834,0.43024,0.09918,0.09223
crops/648_9.jpg,648,648_jpg.rf.36a275594a62d1a908b81338937f95ce.jpg,,0,0,no_caries,no_caries,0.5918,0.59183,0.28448,0.08791,0.03578
crops/648_10.jpg,648,648_jpg.rf.36a275594a62d1a908b81338937f95ce.jpg,,0,0,no_caries,mild,0.4169,0.35936,0.41694,0.13865,0.08506
crops/648_11.jpg,648,648_jpg.rf.36a275594a62d1a908b81338937f95ce.jpg,,4,0,moderate,no_caries,0.6865,0.68645,0.23803,0.03329,0.04223
crops/648_12.jpg,648,648_jpg.rf.36a275594a62d1a908b81338937f95ce.jpg,,0,0,no_caries,no_caries,0.8606,0.86057,0.04823,0.04456,0.04663
crops/648_13.jpg,648,648_jpg.rf.36a275594a62d1a908b81338937f95ce.jpg,,0,0,no_caries,no_caries,0.4676,0.46761,0.39597,0.07868,0.05774
crops/648_14.jpg,648,648_jpg.rf.36a275594a62d1a908b81338937f95ce.jpg,,0,0,no_caries,mild,0.8841,0.06917,0.88406,0.01436,0.03241
crops/64_jpeg_0.jpg,64_jpeg,64_jpeg_jpg.rf.34364578814529446f5457bd72849ebc.jpg,,0,0,no_caries,mild,0.9095,0.01806,0.90954,0.05782,0.01458
crops/64_jpeg_1.jpg,64_jpeg,64_jpeg_jpg.rf.34364578814529446f5457bd72849ebc.jpg,,0,0,no_caries,moderate,0.5668,0.12823,0.28115,0.56676,0.02386
crops/64_jpeg_2.jpg,64_jpeg,64_jpeg_jpg.rf.34364578814529446f5457bd72849ebc.jpg,,0,0,no_caries,no_caries,0.5026,0.50264,0.31081,0.11576,0.07079
crops/64_jpeg_3.jpg,64_jpeg,64_jpeg_jpg.rf.34364578814529446f5457bd72849ebc.jpg,,0,0,no_caries,mild,0.4764,0.39368,0.47645,0.09363,0.03624
crops/64_jpeg_4.jpg,64_jpeg,64_jpeg_jpg.rf.34364578814529446f5457bd72849ebc.jpg,,0,0,no_caries,no_caries,0.6582,0.65819,0.19565,0.09312,0.05304
crops/64_jpeg_5.jpg,64_jpeg,64_jpeg_jpg.rf.34364578814529446f5457bd72849ebc.jpg,,0,0,no_caries,no_caries,0.771,0.77102,0.0887,0.10706,0.03323
crops/64_jpeg_6.jpg,64_jpeg,64_jpeg_jpg.rf.34364578814529446f5457bd72849ebc.jpg,,2,0,mild,mild,0.8273,0.08503,0.82732,0.01423,0.07342
crops/64_jpeg_7.jpg,64_jpeg,64_jpeg_jpg.rf.34364578814529446f5457bd72849ebc.jpg,,2,0,mild,mild,0.488,0.30819,0.48796,0.16222,0.04163
crops/64_jpeg_8.jpg,64_jpeg,64_jpeg_jpg.rf.34364578814529446f5457bd72849ebc.jpg,,2,0,mild,no_caries,0.5006,0.50065,0.41872,0.01983,0.06081
crops/64_jpeg_9.jpg,64_jpeg,64_jpeg_jpg.rf.34364578814529446f5457bd72849ebc.jpg,,0,0,no_caries,no_caries,0.5464,0.5464,0.15407,0.14175,0.15778
crops/64_jpeg_10.jpg,64_jpeg,64_jpeg_jpg.rf.34364578814529446f5457bd72849ebc.jpg,,0,0,no_caries,no_caries,0.6042,0.60419,0.18515,0.13384,0.07682
crops/64_jpeg_11.jpg,64_jpeg,64_jpeg_jpg.rf.34364578814529446f5457bd72849ebc.jpg,,0,0,no_caries,mild,0.7889,0.10226,0.78888,0.05929,0.04956
crops/64_jpeg_12.jpg,64_jpeg,64_jpeg_jpg.rf.34364578814529446f5457bd72849ebc.jpg,,0,0,no_caries,mild,0.6278,0.12088,0.62784,0.23825,0.01304
crops/64_jpeg_13.jpg,64_jpeg,64_jpeg_jpg.rf.34364578814529446f5457bd72849ebc.jpg,,0,0,no_caries,mild,0.8884,0.01246,0.88838,0.08767,0.01148
crops/664_0.jpg,664,664_jpg.rf.0fd9cdeea2b370e303b8b6b51a7e62de.jpg,,5,0,advanced,moderate,0.9109,0.00052,0.06723,0.91087,0.02138
crops/664_1.jpg,664,664_jpg.rf.0fd9cdeea2b370e303b8b6b51a7e62de.jpg,,3,0,moderate,moderate,0.7711,0.00168,0.22531,0.77113,0.00188
crops/664_2.jpg,664,664_jpg.rf.0fd9cdeea2b370e303b8b6b51a7e62de.jpg,,0,0,no_caries,no_caries,0.5073,0.50731,0.32601,0.07853,0.08815
crops/664_3.jpg,664,664_jpg.rf.0fd9cdeea2b370e303b8b6b51a7e62de.jpg,,0,0,no_caries,moderate,0.8096,0.07378,0.07965,0.80962,0.03694
crops/677_0.jpg,677,677_jpg.rf.eb6f952e365ad08ec1b8d6710ab9a049.jpg,,0,0,no_caries,mild,0.4415,0.42948,0.44146,0.08295,0.04611
crops/677_1.jpg,677,677_jpg.rf.eb6f952e365ad08ec1b8d6710ab9a049.jpg,,0,0,no_caries,mild,0.4691,0.44146,0.46908,0.05163,0.03783
crops/677_2.jpg,677,677_jpg.rf.eb6f952e365ad08ec1b8d6710ab9a049.jpg,,0,0,no_caries,no_caries,0.7067,0.70665,0.10186,0.1444,0.04708
crops/677_3.jpg,677,677_jpg.rf.eb6f952e365ad08ec1b8d6710ab9a049.jpg,,3,0,moderate,mild,0.6002,0.09557,0.60018,0.25975,0.0445
crops/677_4.jpg,677,677_jpg.rf.eb6f952e365ad08ec1b8d6710ab9a049.jpg,,0,0,no_caries,no_caries,0.7664,0.76641,0.06694,0.1361,0.03055
crops/677_5.jpg,677,677_jpg.rf.eb6f952e365ad08ec1b8d6710ab9a049.jpg,,0,0,no_caries,no_caries,0.6796,0.67963,0.09433,0.09565,0.13039
crops/677_6.jpg,677,677_jpg.rf.eb6f952e365ad08ec1b8d6710ab9a049.jpg,,0,0,no_caries,no_caries,0.7753,0.77532,0.08606,0.08971,0.04891
crops/677_7.jpg,677,677_jpg.rf.eb6f952e365ad08ec1b8d6710ab9a049.jpg,,0,0,no_caries,no_caries,0.8583,0.85833,0.03062,0.08078,0.03026
crops/677_8.jpg,677,677_jpg.rf.eb6f952e365ad08ec1b8d6710ab9a049.jpg,,0,0,no_caries,no_caries,0.7348,0.7348,0.08369,0.10104,0.08047
crops/677_9.jpg,677,677_jpg.rf.eb6f952e365ad08ec1b8d6710ab9a049.jpg,,0,0,no_caries,no_caries,0.6603,0.66029,0.14659,0.10917,0.08395
crops/677_10.jpg,677,677_jpg.rf.eb6f952e365ad08ec1b8d6710ab9a049.jpg,,0,0,no_caries,moderate,0.5799,0.32627,0.07998,0.57993,0.01382
crops/677_11.jpg,677,677_jpg.rf.eb6f952e365ad08ec1b8d6710ab9a049.jpg,,0,0,no_caries,no_caries,0.8068,0.80676,0.04698,0.09963,0.04662
crops/677_12.jpg,677,677_jpg.rf.eb6f952e365ad08ec1b8d6710ab9a049.jpg,,0,0,no_caries,no_caries,0.6791,0.67906,0.17886,0.04858,0.0935
crops/677_13.jpg,677,677_jpg.rf.eb6f952e365ad08ec1b8d6710ab9a049.jpg,,0,0,no_caries,no_caries,0.6996,0.69958,0.10145,0.0907,0.10827
crops/694_0.jpg,694,694_jpg.rf.8b6abb2c61082014f5f101407dc0aa24.jpg,,5,0,advanced,advanced,0.9431,0.00365,0.01954,0.03372,0.94309
crops/694_1.jpg,694,694_jpg.rf.8b6abb2c61082014f5f101407dc0aa24.jpg,,5,0,advanced,advanced,0.9705,0.00307,0.01482,0.01165,0.97046
crops/694_2.jpg,694,694_jpg.rf.8b6abb2c61082014f5f101407dc0aa24.jpg,,5,0,advanced,advanced,0.6717,0.00545,0.23969,0.08317,0.6717
crops/694_3.jpg,694,694_jpg.rf.8b6abb2c61082014f5f101407dc0aa24.jpg,,0,0,no_caries,moderate,0.3935,0.3907,0.19528,0.3935,0.02052
crops/710_0.jpg,710,710_jpg.rf.96a93988bb7b5016f47cfce2a64cbb13.jpg,,0,0,no_caries,no_caries,0.8804,0.8804,0.0481,0.01208,0.05942
crops/710_1.jpg,710,710_jpg.rf.96a93988bb7b5016f47cfce2a64cbb13.jpg,,5,0,advanced,advanced,0.946,0.00411,0.01077,0.03907,0.94604
crops/710_2.jpg,710,710_jpg.rf.96a93988bb7b5016f47cfce2a64cbb13.jpg,,1,0,mild,mild,0.655,0.12528,0.65503,0.02637,0.19333
crops/710_3.jpg,710,710_jpg.rf.96a93988bb7b5016f47cfce2a64cbb13.jpg,,6,0,advanced,advanced,0.9746,0.00641,0.01108,0.00794,0.97457
crops/710_4.jpg,710,710_jpg.rf.96a93988bb7b5016f47cfce2a64cbb13.jpg,,2,0,mild,no_caries,0.752,0.75196,0.08411,0.08944,0.07449
crops/710_5.jpg,710,710_jpg.rf.96a93988bb7b5016f47cfce2a64cbb13.jpg,,1,0,mild,no_caries,0.7628,0.76281,0.03839,0.10295,0.09585
crops/710_6.jpg,710,710_jpg.rf.96a93988bb7b5016f47cfce2a64cbb13.jpg,,0,0,no_caries,no_caries,0.8941,0.89407,0.06282,0.01944,0.02366
crops/710_7.jpg,710,710_jpg.rf.96a93988bb7b5016f47cfce2a64cbb13.jpg,,0,0,no_caries,mild,0.5735,0.31738,0.57352,0.0811,0.028
crops/710_8.jpg,710,710_jpg.rf.96a93988bb7b5016f47cfce2a64cbb13.jpg,,0,0,no_caries,moderate,0.4838,0.34819,0.13917,0.48379,0.02885
crops/710_9.jpg,710,710_jpg.rf.96a93988bb7b5016f47cfce2a64cbb13.jpg,,0,0,no_caries,no_caries,0.8613,0.86131,0.0207,0.02641,0.09158
crops/710_10.jpg,710,710_jpg.rf.96a93988bb7b5016f47cfce2a64cbb13.jpg,,6,0,advanced,advanced,0.9636,0.00753,0.00709,0.02176,0.96362
crops/710_11.jpg,710,710_jpg.rf.96a93988bb7b5016f47cfce2a64cbb13.jpg,,5,0,advanced,advanced,0.9702,0.00827,0.005,0.01655,0.97018
crops/714_0.jpg,714,714_jpg.rf.50b33f85f286317ead0fff46c6351f8e.jpg,,2,0,mild,mild,0.9607,0.01278,0.96069,0.01575,0.01078
crops/714_1.jpg,714,714_jpg.rf.50b33f85f286317ead0fff46c6351f8e.jpg,,0,0,no_caries,mild,0.5676,0.37761,0.56758,0.03187,0.02293
crops/714_2.jpg,714,714_jpg.rf.50b33f85f286317ead0fff46c6351f8e.jpg,,5,0,advanced,mild,0.8678,0.02584,0.86783,0.08311,0.02322
crops/714_3.jpg,714,714_jpg.rf.50b33f85f286317ead0fff46c6351f8e.jpg,,5,0,advanced,mild,0.5749,0.01101,0.57491,0.37875,0.03532
crops/714_4.jpg,714,714_jpg.rf.50b33f85f286317ead0fff46c6351f8e.jpg,,5,0,advanced,advanced,0.9372,0.00348,0.02539,0.03395,0.93718
crops/714_5.jpg,714,714_jpg.rf.50b33f85f286317ead0fff46c6351f8e.jpg,,5,0,advanced,mild,0.8447,0.00214,0.84466,0.09195,0.06124
crops/714_6.jpg,714,714_jpg.rf.50b33f85f286317ead0fff46c6351f8e.jpg,,5,0,advanced,advanced,0.7609,0.00474,0.02722,0.20712,0.76092
crops/714_7.jpg,714,714_jpg.rf.50b33f85f286317ead0fff46c6351f8e.jpg,,3,0,moderate,advanced,0.6778,0.01125,0.19773,0.11322,0.6778
crops/714_8.jpg,714,714_jpg.rf.50b33f85f286317ead0fff46c6351f8e.jpg,,3,0,moderate,no_caries,0.8717,0.87166,0.0309,0.04476,0.05268
crops/714_9.jpg,714,714_jpg.rf.50b33f85f286317ead0fff46c6351f8e.jpg,,3,0,moderate,mild,0.5927,0.32616,0.59267,0.06035,0.02082
crops/722_0.jpg,722,722_jpg.rf.1aa162defbaa7fb7c5ece6bafcbfcf24.jpg,,3,0,moderate,no_caries,0.3439,0.34387,0.34334,0.07235,0.24044
crops/722_1.jpg,722,722_jpg.rf.1aa162defbaa7fb7c5ece6bafcbfcf24.jpg,,5,0,advanced,moderate,0.9321,0.01245,0.0194,0.93205,0.03609
crops/722_2.jpg,722,722_jpg.rf.1aa162defbaa7fb7c5ece6bafcbfcf24.jpg,,2,0,mild,advanced,0.4789,0.11833,0.06432,0.33847,0.47888
crops/722_3.jpg,722,722_jpg.rf.1aa162defbaa7fb7c5ece6bafcbfcf24.jpg,,6,0,advanced,advanced,0.9458,0.00769,0.0091,0.03741,0.9458
crops/722_4.jpg,722,722_jpg.rf.1aa162defbaa7fb7c5ece6bafcbfcf24.jpg,,2,0,mild,advanced,0.6939,0.01439,0.20288,0.08884,0.69389
crops/722_5.jpg,722,722_jpg.rf.1aa162defbaa7fb7c5ece6bafcbfcf24.jpg,,1,0,mild,no_caries,0.8098,0.80984,0.08548,0.04847,0.0562
crops/722_6.jpg,722,722_jpg.rf.1aa162defbaa7fb7c5ece6bafcbfcf24.jpg,,1,0,mild,no_caries,0.4526,0.45263,0.23136,0.04435,0.27166
crops/722_7.jpg,722,722_jpg.rf.1aa162defbaa7fb7c5ece6bafcbfcf24.jpg,,3,0,moderate,moderate,0.6979,0.05775,0.18985,0.69785,0.05455
crops/722_8.jpg,722,722_jpg.rf.1aa162defbaa7fb7c5ece6bafcbfcf24.jpg,,2,0,mild,moderate,0.6018,0.20043,0.19026,0.60183,0.00748
crops/722_9.jpg,722,722_jpg.rf.1aa162defbaa7fb7c5ece6bafcbfcf24.jpg,,2,0,mild,moderate,0.9739,0.00045,0.00683,0.97393,0.0188
crops/722_10.jpg,722,722_jpg.rf.1aa162defbaa7fb7c5ece6bafcbfcf24.jpg,,3,0,moderate,advanced,0.9765,0.00809,0.00894,0.00648,0.97649
crops/722_11.jpg,722,722_jpg.rf.1aa162defbaa7fb7c5ece6bafcbfcf24.jpg,,3,0,moderate,advanced,0.7112,0.00278,0.00667,0.27937,0.71119
crops/722_12.jpg,722,722_jpg.rf.1aa162defbaa7fb7c5ece6bafcbfcf24.jpg,,2,0,mild,advanced,0.9625,0.0015,0.02207,0.01396,0.96246
crops/722_13.jpg,722,722_jpg.rf.1aa162defbaa7fb7c5ece6bafcbfcf24.jpg,,2,0,mild,moderate,0.7349,0.02084,0.16726,0.73486,0.07704
crops/722_14.jpg,722,722_jpg.rf.1aa162defbaa7fb7c5ece6bafcbfcf24.jpg,,1,0,mild,mild,0.6562,0.2197,0.65621,0.04667,0.07742
crops/722_15.jpg,722,722_jpg.rf.1aa162defbaa7fb7c5ece6bafcbfcf24.jpg,,1,0,mild,mild,0.5096,0.41343,0.50958,0.02842,0.04857
crops/724_0.jpg,724,724_jpg.rf.e2761266e45bbab4a0a78751a3a37562.jpg,,5,0,advanced,advanced,0.923,0.0061,0.01091,0.05998,0.92301
crops/724_1.jpg,724,724_jpg.rf.e2761266e45bbab4a0a78751a3a37562.jpg,,3,0,moderate,mild,0.4195,0.32804,0.41954,0.21004,0.04237
crops/724_2.jpg,724,724_jpg.rf.e2761266e45bbab4a0a78751a3a37562.jpg,,1,0,mild,no_caries,0.5464,0.54643,0.334,0.05006,0.06951
crops/724_3.jpg,724,724_jpg.rf.e2761266e45bbab4a0a78751a3a37562.jpg,,0,0,no_caries,no_caries,0.6951,0.69513,0.18153,0.09478,0.02856
crops/724_4.jpg,724,724_jpg.rf.e2761266e45bbab4a0a78751a3a37562.jpg,,0,0,no_caries,no_caries,0.8699,0.86992,0.03809,0.0693,0.02268
crops/724_5.jpg,724,724_jpg.rf.e2761266e45bbab4a0a78751a3a37562.jpg,,0,0,no_caries,moderate,0.8389,0.13256,0.01499,0.83894,0.01351
crops/731_0.jpg,731,731_jpg.rf.42f6eab16aecf7bbce289d6e1bdb205f.jpg,,5,0,advanced,advanced,0.9679,0.00549,0.00767,0.01896,0.96788
crops/731_1.jpg,731,731_jpg.rf.42f6eab16aecf7bbce289d6e1bdb205f.jpg,,5,0,advanced,advanced,0.9462,0.00933,0.00635,0.03808,0.94625
crops/731_2.jpg,731,731_jpg.rf.42f6eab16aecf7bbce289d6e1bdb205f.jpg,,0,0,no_caries,no_caries,0.5023,0.50225,0.21449,0.16192,0.12134
crops/731_3.jpg,731,731_jpg.rf.42f6eab16aecf7bbce289d6e1bdb205f.jpg,,0,0,no_caries,no_caries,0.7267,0.72667,0.14769,0.09257,0.03306
crops/731_4.jpg,731,731_jpg.rf.42f6eab16aecf7bbce289d6e1bdb205f.jpg,,0,0,no_caries,mild,0.5262,0.35758,0.52624,0.05729,0.05889
crops/731_5.jpg,731,731_jpg.rf.42f6eab16aecf7bbce289d6e1bdb205f.jpg,,0,0,no_caries,no_caries,0.6279,0.62785,0.27781,0.07068,0.02366
crops/73_jpeg_0.jpg,73_jpeg,73_jpeg_jpg.rf.0b0c2aa546f30adf87ebe5ab53651b81.jpg,,5,0,advanced,advanced,0.742,0.01743,0.12981,0.11074,0.74202
crops/73_jpeg_1.jpg,73_jpeg,73_jpeg_jpg.rf.0b0c2aa546f30adf87ebe5ab53651b81.jpg,,5,0,advanced,advanced,0.9823,0.00539,0.00616,0.00611,0.98233
crops/73_jpeg_2.jpg,73_jpeg,73_jpeg_jpg.rf.0b0c2aa546f30adf87ebe5ab53651b81.jpg,,5,0,advanced,advanced,0.3998,0.03982,0.20936,0.35099,0.39984
crops/73_jpeg_3.jpg,73_jpeg,73_jpeg_jpg.rf.0b0c2aa546f30adf87ebe5ab53651b81.jpg,,0,0,no_caries,mild,0.7951,0.05217,0.79507,0.10753,0.04522
crops/73_jpeg_4.jpg,73_jpeg,73_jpeg_jpg.rf.0b0c2aa546f30adf87ebe5ab53651b81.jpg,,0,0,no_caries,no_caries,0.4457,0.44573,0.44269,0.05784,0.05373
crops/73_jpeg_5.jpg,73_jpeg,73_jpeg_jpg.rf.0b0c2aa546f30adf87ebe5ab53651b81.jpg,,0,0,no_caries,mild,0.6547,0.28003,0.6547,0.04343,0.02184
crops/73_jpeg_6.jpg,73_jpeg,73_jpeg_jpg.rf.0b0c2aa546f30adf87ebe5ab53651b81.jpg,,0,0,no_caries,no_caries,0.5109,0.5109,0.37336,0.07871,0.03703
crops/73_jpeg_7.jpg,73_jpeg,73_jpeg_jpg.rf.0b0c2aa546f30adf87ebe5ab53651b81.jpg,,0,0,no_caries,no_caries,0.6662,0.66619,0.17475,0.1193,0.03976
crops/73_jpeg_8.jpg,73_jpeg,73_jpeg_jpg.rf.0b0c2aa546f30adf87ebe5ab53651b81.jpg,,0,0,no_caries,no_caries,0.7831,0.78307,0.07278,0.09868,0.04547
crops/73_jpeg_9.jpg,73_jpeg,73_jpeg_jpg.rf.0b0c2aa546f30adf87ebe5ab53651b81.jpg,,0,0,no_caries,no_caries,0.6359,0.63588,0.2483,0.04966,0.06616
crops/73_jpeg_10.jpg,73_jpeg,73_jpeg_jpg.rf.0b0c2aa546f30adf87ebe5ab53651b81.jpg,,0,0,no_caries,mild,0.462,0.41101,0.46198,0.07337,0.05364
crops/73_jpeg_11.jpg,73_jpeg,73_jpeg_jpg.rf.0b0c2aa546f30adf87ebe5ab53651b81.jpg,,3,0,moderate,mild,0.7971,0.06124,0.79711,0.12958,0.01207
crops/73_jpeg_12.jpg,73_jpeg,73_jpeg_jpg.rf.0b0c2aa546f30adf87ebe5ab53651b81.jpg,,3,0,moderate,moderate,0.9206,0.0172,0.05628,0.9206,0.00592
crops/73_jpeg_13.jpg,73_jpeg,73_jpeg_jpg.rf.0b0c2aa546f30adf87ebe5ab53651b81.jpg,,6,0,advanced,advanced,0.9699,0.00687,0.0131,0.01017,0.96986
crops/73_jpeg_14.jpg,73_jpeg,73_jpeg_jpg.rf.0b0c2aa546f30adf87ebe5ab53651b81.jpg,,5,0,advanced,advanced,0.8954,0.00362,0.01038,0.09065,0.89535
crops/7f23bc3a-112_0.jpg,7f23bc3a-112,7f23bc3a-112_jpg.rf.c6cad2688d16e69dc37b1d2c1d6814f6.jpg,,0,0,no_caries,no_caries,0.8046,0.80463,0.09415,0.03789,0.06333
crops/7f23bc3a-112_1.jpg,7f23bc3a-112,7f23bc3a-112_jpg.rf.c6cad2688d16e69dc37b1d2c1d6814f6.jpg,,0,0,no_caries,no_caries,0.835,0.83502,0.04922,0.06388,0.05188
crops/7f23bc3a-112_2.jpg,7f23bc3a-112,7f23bc3a-112_jpg.rf.c6cad2688d16e69dc37b1d2c1d6814f6.jpg,,0,0,no_caries,mild,0.4446,0.36424,0.44455,0.13857,0.05264
crops/7f23bc3a-112_3.jpg,7f23bc3a-112,7f23bc3a-112_jpg.rf.c6cad2688d16e69dc37b1d2c1d6814f6.jpg,,0,0,no_caries,mild,0.6291,0.17292,0.62909,0.1399,0.0581
crops/7f23bc3a-112_4.jpg,7f23bc3a-112,7f23bc3a-112_jpg.rf.c6cad2688d16e69dc37b1d2c1d6814f6.jpg,,2,0,mild,mild,0.9931,0.00164,0.99305,0.00215,0.00316
crops/7f23bc3a-112_5.jpg,7f23bc3a-112,7f23bc3a-112_jpg.rf.c6cad2688d16e69dc37b1d2c1d6814f6.jpg,,2,0,mild,mild,0.8774,0.07769,0.87735,0.01631,0.02865
crops/7f23bc3a-112_6.jpg,7f23bc3a-112,7f23bc3a-112_jpg.rf.c6cad2688d16e69dc37b1d2c1d6814f6.jpg,,2,0,mild,mild,0.539,0.22167,0.53905,0.16777,0.07151
crops/7f23bc3a-112_7.jpg,7f23bc3a-112,7f23bc3a-112_jpg.rf.c6cad2688d16e69dc37b1d2c1d6814f6.jpg,,5,0,advanced,advanced,0.9101,0.00322,0.0059,0.08074,0.91014
crops/7f23bc3a-112_8.jpg,7f23bc3a-112,7f23bc3a-112_jpg.rf.c6cad2688d16e69dc37b1d2c1d6814f6.jpg,,0,0,no_caries,mild,0.4365,0.40002,0.43648,0.1132,0.0503
crops/7f23bc3a-112_9.jpg,7f23bc3a-112,7f23bc3a-112_jpg.rf.c6cad2688d16e69dc37b1d2c1d6814f6.jpg,,0,0,no_caries,no_caries,0.5626,0.56261,0.27378,0.11493,0.04867
crops/7f23bc3a-112_10.jpg,7f23bc3a-112,7f23bc3a-112_jpg.rf.c6cad2688d16e69dc37b1d2c1d6814f6.jpg,,0,0,no_caries,no_caries,0.5144,0.51443,0.28239,0.16453,0.03865
crops/7f23bc3a-112_11.jpg,7f23bc3a-112,7f23bc3a-112_jpg.rf.c6cad2688d16e69dc37b1d2c1d6814f6.jpg,,0,0,no_caries,no_caries,0.5243,0.52425,0.22074,0.18813,0.06688
crops/7f23bc3a-112_12.jpg,7f23bc3a-112,7f23bc3a-112_jpg.rf.c6cad2688d16e69dc37b1d2c1d6814f6.jpg,,0,0,no_caries,no_caries,0.7999,0.79991,0.06994,0.08099,0.04916
crops/7f23bc3a-112_13.jpg,7f23bc3a-112,7f23bc3a-112_jpg.rf.c6cad2688d16e69dc37b1d2c1d6814f6.jpg,,0,0,no_caries,no_caries,0.6259,0.6259,0.18662,0.05972,0.12776
crops/7f23bc3a-112_14.jpg,7f23bc3a-112,7f23bc3a-112_jpg.rf.c6cad2688d16e69dc37b1d2c1d6814f6.jpg,,0,0,no_caries,no_caries,0.5234,0.52344,0.36737,0.07115,0.03805
crops/7f23bc3a-112_15.jpg,7f23bc3a-112,7f23bc3a-112_jpg.rf.c6cad2688d16e69dc37b1d2c1d6814f6.jpg,,0,0,no_caries,mild,0.5062,0.38721,0.50616,0.01664,0.08999
crops/7f23bc3a-112_16.jpg,7f23bc3a-112,7f23bc3a-112_jpg.rf.c6cad2688d16e69dc37b1d2c1d6814f6.jpg,,0,0,no_caries,no_caries,0.6859,0.68586,0.18586,0.0404,0.08788
crops/7f23bc3a-112_17.jpg,7f23bc3a-112,7f23bc3a-112_jpg.rf.c6cad2688d16e69dc37b1d2c1d6814f6.jpg,,0,0,no_caries,no_caries,0.7913,0.79126,0.13401,0.02197,0.05275
crops/7f23bc3a-112_18.jpg,7f23bc3a-112,7f23bc3a-112_jpg.rf.c6cad2688d16e69dc37b1d2c1d6814f6.jpg,,0,0,no_caries,no_caries,0.7565,0.75653,0.10064,0.05561,0.08723
crops/7f23bc3a-112_19.jpg,7f23bc3a-112,7f23bc3a-112_jpg.rf.c6cad2688d16e69dc37b1d2c1d6814f6.jpg,,0,0,no_caries,no_caries,0.7723,0.77226,0.16051,0.02848,0.03874
crops/7f23bc3a-112_20.jpg,7f23bc3a-112,7f23bc3a-112_jpg.rf.c6cad2688d16e69dc37b1d2c1d6814f6.jpg,,0,0,no_caries,mild,0.6568,0.31894,0.65684,0.00566,0.01857
crops/7f23bc3a-112_21.jpg,7f23bc3a-112,7f23bc3a-112_jpg.rf.c6cad2688d16e69dc37b1d2c1d6814f6.jpg,,0,0,no_caries,no_caries,0.62,0.61999,0.29422,0.03725,0.04854
crops/7f23bc3a-112_22.jpg,7f23bc3a-112,7f23bc3a-112_jpg.rf.c6cad2688d16e69dc37b1d2c1d6814f6.jpg,,0,0,no_caries,no_caries,0.6791,0.67913,0.15085,0.09163,0.07839
crops/7f23bc3a-112_23.jpg,7f23bc3a-112,7f23bc3a-112_jpg.rf.c6cad2688d16e69dc37b1d2c1d6814f6.jpg,,0,0,no_caries,no_caries,0.8404,0.84036,0.06123,0.03274,0.06567
crops/7f23bc3a-112_24.jpg,7f23bc3a-112,7f23bc3a-112_jpg.rf.c6cad2688d16e69dc37b1d2c1d6814f6.jpg,,0,0,no_caries,no_caries,0.7032,0.70321,0.10183,0.16786,0.0271
crops/837_0.jpg,837,837_jpg.rf.b190cc90d831f2b35d9f8a1d974f5d40.jpg,,0,0,no_caries,mild,0.6393,0.25958,0.63932,0.05108,0.05002
crops/837_1.jpg,837,837_jpg.rf.b190cc90d831f2b35d9f8a1d974f5d40.jpg,,5,0,advanced,advanced,0.944,0.00205,0.00157,0.05234,0.94404
crops/837_2.jpg,837,837_jpg.rf.b190cc90d831f2b35d9f8a1d974f5d40.jpg,,0,0,no_caries,advanced,0.9421,0.01738,0.01048,0.03006,0.94207
crops/837_3.jpg,837,837_jpg.rf.b190cc90d831f2b35d9f8a1d974f5d40.jpg,,0,0,no_caries,no_caries,0.5201,0.52011,0.2597,0.11368,0.10651
crops/837_4.jpg,837,837_jpg.rf.b190cc90d831f2b35d9f8a1d974f5d40.jpg,,0,0,no_caries,no_caries,0.5438,0.54379,0.36798,0.02416,0.06407
crops/847_0.jpg,847,847_jpg.rf.db4d005aab6c1c3ec9cb486b41451848.jpg,,3,0,moderate,moderate,0.523,0.05206,0.40734,0.52305,0.01755
crops/847_1.jpg,847,847_jpg.rf.db4d005aab6c1c3ec9cb486b41451848.jpg,,5,0,advanced,advanced,0.8882,0.00766,0.01304,0.09114,0.88816
crops/847_2.jpg,847,847_jpg.rf.db4d005aab6c1c3ec9cb486b41451848.jpg,,0,0,no_caries,no_caries,0.7356,0.73562,0.16965,0.08174,0.01299
crops/847_3.jpg,847,847_jpg.rf.db4d005aab6c1c3ec9cb486b41451848.jpg,,0,0,no_caries,no_caries,0.4156,0.41564,0.35498,0.17441,0.05497
crops/847_4.jpg,847,847_jpg.rf.db4d005aab6c1c3ec9cb486b41451848.jpg,,0,0,no_caries,no_caries,0.6897,0.68968,0.11088,0.15695,0.04248
crops/847_5.jpg,847,847_jpg.rf.db4d005aab6c1c3ec9cb486b41451848.jpg,,0,0,no_caries,no_caries,0.8093,0.80932,0.04127,0.07157,0.07784
crops/847_6.jpg,847,847_jpg.rf.db4d005aab6c1c3ec9cb486b41451848.jpg,,0,0,no_caries,mild,0.5659,0.34706,0.56594,0.03335,0.05365
crops/847_7.jpg,847,847_jpg.rf.db4d005aab6c1c3ec9cb486b41451848.jpg,,0,0,no_caries,no_caries,0.6968,0.69676,0.15054,0.09604,0.05666
crops/847_8.jpg,847,847_jpg.rf.db4d005aab6c1c3ec9cb486b41451848.jpg,,0,0,no_caries,no_caries,0.546,0.546,0.12753,0.30212,0.02435
crops/847_9.jpg,847,847_jpg.rf.db4d005aab6c1c3ec9cb486b41451848.jpg,,0,0,no_caries,no_caries,0.571,0.57101,0.08937,0.31479,0.02484
crops/847_10.jpg,847,847_jpg.rf.db4d005aab6c1c3ec9cb486b41451848.jpg,,0,0,no_caries,no_caries,0.7655,0.76549,0.0759,0.11271,0.04589
crops/847_11.jpg,847,847_jpg.rf.db4d005aab6c1c3ec9cb486b41451848.jpg,,0,0,no_caries,no_caries,0.7123,0.7123,0.10169,0.12163,0.06439
crops/847_12.jpg,847,847_jpg.rf.db4d005aab6c1c3ec9cb486b41451848.jpg,,0,0,no_caries,no_caries,0.7456,0.74558,0.10527,0.09642,0.05273
crops/895_0.jpg,895,895_jpg.rf.3e22e2cb2cbd8104240f6f86cdd880a9.jpg,,0,0,no_caries,mild,0.4402,0.39893,0.44015,0.10305,0.05787
crops/895_1.jpg,895,895_jpg.rf.3e22e2cb2cbd8104240f6f86cdd880a9.jpg,,0,0,no_caries,mild,0.55,0.35217,0.55005,0.04831,0.04947
crops/895_2.jpg,895,895_jpg.rf.3e22e2cb2cbd8104240f6f86cdd880a9.jpg,,5,0,advanced,advanced,0.9663,0.00351,0.00593,0.0243,0.96627
crops/895_3.jpg,895,895_jpg.rf.3e22e2cb2cbd8104240f6f86cdd880a9.jpg,,5,0,advanced,advanced,0.9892,0.00054,0.00391,0.00639,0.98916
crops/895_4.jpg,895,895_jpg.rf.3e22e2cb2cbd8104240f6f86cdd880a9.jpg,,0,0,no_caries,no_caries,0.5042,0.50422,0.36047,0.12645,0.00886
crops/895_5.jpg,895,895_jpg.rf.3e22e2cb2cbd8104240f6f86cdd880a9.jpg,,0,0,no_caries,no_caries,0.8031,0.80312,0.10747,0.02691,0.0625
crops/895_6.jpg,895,895_jpg.rf.3e22e2cb2cbd8104240f6f86cdd880a9.jpg,,0,0,no_caries,no_caries,0.8225,0.8225,0.03907,0.06317,0.07527
crops/895_7.jpg,895,895_jpg.rf.3e22e2cb2cbd8104240f6f86cdd880a9.jpg,,0,0,no_caries,no_caries,0.4751,0.47511,0.4403,0.03555,0.04903
crops/895_8.jpg,895,895_jpg.rf.3e22e2cb2cbd8104240f6f86cdd880a9.jpg,,0,0,no_caries,mild,0.9475,0.02643,0.94748,0.00808,0.01801
crops/895_9.jpg,895,895_jpg.rf.3e22e2cb2cbd8104240f6f86cdd880a9.jpg,,0,0,no_caries,mild,0.7551,0.17128,0.75508,0.03595,0.03769
crops/895_10.jpg,895,895_jpg.rf.3e22e2cb2cbd8104240f6f86cdd880a9.jpg,,0,0,no_caries,no_caries,0.6387,0.63873,0.25292,0.07998,0.02837
crops/895_11.jpg,895,895_jpg.rf.3e22e2cb2cbd8104240f6f86cdd880a9.jpg,,0,0,no_caries,no_caries,0.486,0.48595,0.2198,0.28255,0.01171
crops/895_12.jpg,895,895_jpg.rf.3e22e2cb2cbd8104240f6f86cdd880a9.jpg,,0,0,no_caries,no_caries,0.7324,0.73237,0.16321,0.08025,0.02417
crops/906_0.jpg,906,906_jpg.rf.3a902d8d2df6f0f300a9b70ec7f68a14.jpg,,0,0,no_caries,no_caries,0.7426,0.74265,0.09942,0.07644,0.08149
crops/906_1.jpg,906,906_jpg.rf.3a902d8d2df6f0f300a9b70ec7f68a14.jpg,,0,0,no_caries,no_caries,0.8229,0.82287,0.05128,0.03806,0.08779
crops/906_2.jpg,906,906_jpg.rf.3a902d8d2df6f0f300a9b70ec7f68a14.jpg,,0,0,no_caries,no_caries,0.8225,0.82255,0.12169,0.02143,0.03432
crops/906_3.jpg,906,906_jpg.rf.3a902d8d2df6f0f300a9b70ec7f68a14.jpg,,0,0,no_caries,no_caries,0.8165,0.81649,0.11446,0.0177,0.05134
crops/906_4.jpg,906,906_jpg.rf.3a902d8d2df6f0f300a9b70ec7f68a14.jpg,,0,0,no_caries,mild,0.6006,0.29952,0.60061,0.03172,0.06815
crops/906_5.jpg,906,906_jpg.rf.3a902d8d2df6f0f300a9b70ec7f68a14.jpg,,0,0,no_caries,no_caries,0.6292,0.62917,0.24872,0.04603,0.07608
crops/906_6.jpg,906,906_jpg.rf.3a902d8d2df6f0f300a9b70ec7f68a14.jpg,,3,0,moderate,moderate,0.9957,0.00101,0.0012,0.99567,0.00212
crops/906_7.jpg,906,906_jpg.rf.3a902d8d2df6f0f300a9b70ec7f68a14.jpg,,0,0,no_caries,no_caries,0.6808,0.68081,0.13989,0.15398,0.02533
crops/906_8.jpg,906,906_jpg.rf.3a902d8d2df6f0f300a9b70ec7f68a14.jpg,,0,0,no_caries,no_caries,0.9071,0.90709,0.03488,0.02644,0.03159
crops/906_9.jpg,906,906_jpg.rf.3a902d8d2df6f0f300a9b70ec7f68a14.jpg,,0,0,no_caries,no_caries,0.8342,0.83416,0.05443,0.0431,0.06832
crops/906_10.jpg,906,906_jpg.rf.3a902d8d2df6f0f300a9b70ec7f68a14.jpg,,0,0,no_caries,no_caries,0.8095,0.80952,0.04507,0.02074,0.12467
crops/91_0.jpg,91,91_jpg.rf.3ddd286f399b6d5b06a7824873c87841.jpg,,4,0,moderate,mild,0.5072,0.39638,0.50722,0.03394,0.06246
crops/91_1.jpg,91,91_jpg.rf.3ddd286f399b6d5b06a7824873c87841.jpg,,1,0,mild,moderate,0.3891,0.26446,0.21787,0.38914,0.12852
crops/91_2.jpg,91,91_jpg.rf.3ddd286f399b6d5b06a7824873c87841.jpg,,2,0,mild,mild,0.5045,0.36323,0.50445,0.10421,0.0281
crops/91_3.jpg,91,91_jpg.rf.3ddd286f399b6d5b06a7824873c87841.jpg,,0,0,no_caries,mild,0.4786,0.33361,0.4786,0.15592,0.03188
crops/91_4.jpg,91,91_jpg.rf.3ddd286f399b6d5b06a7824873c87841.jpg,,2,0,mild,mild,0.8366,0.01266,0.83659,0.14473,0.00601
crops/91_5.jpg,91,91_jpg.rf.3ddd286f399b6d5b06a7824873c87841.jpg,,2,0,mild,mild,0.942,0.02083,0.94197,0.02171,0.01549
crops/91_6.jpg,91,91_jpg.rf.3ddd286f399b6d5b06a7824873c87841.jpg,,0,0,no_caries,mild,0.6568,0.26454,0.65683,0.0721,0.00652
crops/91_7.jpg,91,91_jpg.rf.3ddd286f399b6d5b06a7824873c87841.jpg,,0,0,no_caries,no_caries,0.5446,0.54459,0.40198,0.04156,0.01187
crops/91_8.jpg,91,91_jpg.rf.3ddd286f399b6d5b06a7824873c87841.jpg,,0,0,no_caries,no_caries,0.5063,0.50628,0.2505,0.15367,0.08954
crops/91_9.jpg,91,91_jpg.rf.3ddd286f399b6d5b06a7824873c87841.jpg,,2,0,mild,mild,0.6105,0.23809,0.61045,0.09679,0.05466
crops/91_10.jpg,91,91_jpg.rf.3ddd286f399b6d5b06a7824873c87841.jpg,,1,0,mild,no_caries,0.6011,0.60109,0.22049,0.07376,0.10466
crops/91_11.jpg,91,91_jpg.rf.3ddd286f399b6d5b06a7824873c87841.jpg,,1,0,mild,mild,0.5752,0.29259,0.57525,0.10908,0.02309
crops/91_12.jpg,91,91_jpg.rf.3ddd286f399b6d5b06a7824873c87841.jpg,,1,0,mild,mild,0.463,0.43395,0.46297,0.06495,0.03813
crops/91_13.jpg,91,91_jpg.rf.3ddd286f399b6d5b06a7824873c87841.jpg,,1,0,mild,mild,0.428,0.40175,0.428,0.11863,0.05163
crops/91_14.jpg,91,91_jpg.rf.3ddd286f399b6d5b06a7824873c87841.jpg,,0,0,no_caries,no_caries,0.6158,0.61582,0.22498,0.11455,0.04465
crops/91_15.jpg,91,91_jpg.rf.3ddd286f399b6d5b06a7824873c87841.jpg,,0,0,no_caries,no_caries,0.6311,0.6311,0.30355,0.02618,0.03917
crops/91_16.jpg,91,91_jpg.rf.3ddd286f399b6d5b06a7824873c87841.jpg,,0,0,no_caries,no_caries,0.559,0.55898,0.40959,0.01212,0.0193
crops/91_17.jpg,91,91_jpg.rf.3ddd286f399b6d5b06a7824873c87841.jpg,,0,0,no_caries,no_caries,0.628,0.62797,0.24656,0.07262,0.05286
crops/91_18.jpg,91,91_jpg.rf.3ddd286f399b6d5b06a7824873c87841.jpg,,0,0,no_caries,no_caries,0.8093,0.80929,0.0842,0.05843,0.04808
crops/91_19.jpg,91,91_jpg.rf.3ddd286f399b6d5b06a7824873c87841.jpg,,0,0,no_caries,no_caries,0.6735,0.67347,0.26809,0.01928,0.03916
crops/91_20.jpg,91,91_jpg.rf.3ddd286f399b6d5b06a7824873c87841.jpg,,0,0,no_caries,mild,0.5774,0.32479,0.57736,0.01244,0.08541
crops/91_21.jpg,91,91_jpg.rf.3ddd286f399b6d5b06a7824873c87841.jpg,,5,0,advanced,moderate,0.6371,0.00271,0.03442,0.63712,0.32575
crops/91_22.jpg,91,91_jpg.rf.3ddd286f399b6d5b06a7824873c87841.jpg,,0,0,no_caries,no_caries,0.4198,0.41982,0.38152,0.12653,0.07213
crops/hibogi_ai_00040_0.jpg,hibogi_ai_00040,HIBOGI_AI_00040_jpg.rf.0f9cc16f8b98a98d0f01ce9a8009c409.jpg,,0,0,no_caries,mild,0.6794,0.14677,0.67944,0.10852,0.06526
crops/hibogi_ai_00040_1.jpg,hibogi_ai_00040,HIBOGI_AI_00040_jpg.rf.0f9cc16f8b98a98d0f01ce9a8009c409.jpg,,5,0,advanced,advanced,0.9045,0.01613,0.02636,0.05301,0.90449
crops/hibogi_ai_00040_2.jpg,hibogi_ai_00040,HIBOGI_AI_00040_jpg.rf.0f9cc16f8b98a98d0f01ce9a8009c409.jpg,,0,0,no_caries,no_caries,0.9084,0.90835,0.03427,0.02052,0.03685
crops/hibogi_ai_00040_3.jpg,hibogi_ai_00040,HIBOGI_AI_00040_jpg.rf.0f9cc16f8b98a98d0f01ce9a8009c409.jpg,,0,0,no_caries,no_caries,0.9043,0.90432,0.02902,0.02668,0.03998
crops/hibogi_ai_00040_4.jpg,hibogi_ai_00040,HIBOGI_AI_00040_jpg.rf.0f9cc16f8b98a98d0f01ce9a8009c409.jpg,,0,0,no_caries,no_caries,0.688,0.68799,0.19517,0.06055,0.05628
crops/hibogi_ai_00040_5.jpg,hibogi_ai_00040,HIBOGI_AI_00040_jpg.rf.0f9cc16f8b98a98d0f01ce9a8009c409.jpg,,6,0,advanced,moderate,0.7389,0.00873,0.14874,0.73891,0.10362
crops/hibogi_ai_00040_6.jpg,hibogi_ai_00040,HIBOGI_AI_00040_jpg.rf.0f9cc16f8b98a98d0f01ce9a8009c409.jpg,,0,0,no_caries,no_caries,0.8134,0.81342,0.12468,0.0291,0.0328
crops/hibogi_ai_00040_7.jpg,hibogi_ai_00040,HIBOGI_AI_00040_jpg.rf.0f9cc16f8b98a98d0f01ce9a8009c409.jpg,,0,0,no_caries,no_caries,0.8029,0.80291,0.10747,0.04439,0.04523
crops/hibogi_ai_00040_8.jpg,hibogi_ai_00040,HIBOGI_AI_00040_jpg.rf.0f9cc16f8b98a98d0f01ce9a8009c409.jpg,,0,0,no_caries,no_caries,0.6954,0.69535,0.1646,0.08892,0.05113
crops/hibogi_ai_00040_9.jpg,hibogi_ai_00040,HIBOGI_AI_00040_jpg.rf.0f9cc16f8b98a98d0f01ce9a8009c409.jpg,,0,0,no_caries,no_caries,0.8343,0.83434,0.03377,0.05945,0.07244
crops/hibogi_ai_00040_10.jpg,hibogi_ai_00040,HIBOGI_AI_00040_jpg.rf.0f9cc16f8b98a98d0f01ce9a8009c409.jpg,,5,0,advanced,advanced,0.8923,0.01713,0.0076,0.08293,0.89234
crops/hibogi_ai_00040_11.jpg,hibogi_ai_00040,HIBOGI_AI_00040_jpg.rf.0f9cc16f8b98a98d0f01ce9a8009c409.jpg,,6,0,advanced,advanced,0.9234,0.01393,0.02433,0.03833,0.92341
crops/hibogi_ai_00040_12.jpg,hibogi_ai_00040,HIBOGI_AI_00040_jpg.rf.0f9cc16f8b98a98d0f01ce9a8009c409.jpg,,5,0,advanced,no_caries,0.6845,0.6845,0.17237,0.04136,0.10177
crops/hibogi_ai_00040_13.jpg,hibogi_ai_00040,HIBOGI_AI_00040_jpg.rf.0f9cc16f8b98a98d0f01ce9a8009c409.jpg,,0,0,no_caries,no_caries,0.8083,0.80831,0.11415,0.04603,0.03152
crops/hibogi_ai_00040_14.jpg,hibogi_ai_00040,HIBOGI_AI_00040_jpg.rf.0f9cc16f8b98a98d0f01ce9a8009c409.jpg,,5,0,advanced,advanced,0.3611,0.23707,0.25314,0.14869,0.36111
crops/hibogi_ai_00040_15.jpg,hibogi_ai_00040,HIBOGI_AI_00040_jpg.rf.0f9cc16f8b98a98d0f01ce9a8009c409.jpg,,0,0,no_caries,no_caries,0.6215,0.62145,0.24396,0.11097,0.02362
crops/hibogi_ai_00082_0.jpg,hibogi_ai_00082,HIBOGI_AI_00082_jpg.rf.d974bcf6b8add81cec002c6f6ee6e72c.jpg,,0,0,no_caries,no_caries,0.7307,0.73068,0.10014,0.02928,0.1399
crops/hibogi_ai_00082_1.jpg,hibogi_ai_00082,HIBOGI_AI_00082_jpg.rf.d974bcf6b8add81cec002c6f6ee6e72c.jpg,,0,0,no_caries,no_caries,0.6488,0.64883,0.22571,0.04454,0.08092
crops/hibogi_ai_00082_2.jpg,hibogi_ai_00082,HIBOGI_AI_00082_jpg.rf.d974bcf6b8add81cec002c6f6ee6e72c.jpg,,0,0,no_caries,no_caries,0.7807,0.78065,0.12395,0.06044,0.03495
crops/hibogi_ai_00082_3.jpg,hibogi_ai_00082,HIBOGI_AI_00082_jpg.rf.d974bcf6b8add81cec002c6f6ee6e72c.jpg,,0,0,no_caries,no_caries,0.6388,0.63876,0.21135,0.10891,0.04099
crops/hibogi_ai_00082_4.jpg,hibogi_ai_00082,HIBOGI_AI_00082_jpg.rf.d974bcf6b8add81cec002c6f6ee6e72c.jpg,,0,0,no_caries,no_caries,0.7305,0.73052,0.14569,0.06718,0.05661
crops/hibogi_ai_00082_5.jpg,hibogi_ai_00082,HIBOGI_AI_00082_jpg.rf.d974bcf6b8add81cec002c6f6ee6e72c.jpg,,0,0,no_caries,no_caries,0.7754,0.77543,0.05809,0.06884,0.09763
crops/hibogi_ai_00082_6.jpg,hibogi_ai_00082,HIBOGI_AI_00082_jpg.rf.d974bcf6b8add81cec002c6f6ee6e72c.jpg,,5,0,advanced,advanced,0.9729,0.00418,0.01057,0.01233,0.97292
crops/hibogi_ai_00082_7.jpg,hibogi_ai_00082,HIBOGI_AI_00082_jpg.rf.d974bcf6b8add81cec002c6f6ee6e72c.jpg,,0,0,no_caries,no_caries,0.7347,0.73472,0.15707,0.05341,0.0548
crops/hibogi_ai_00082_8.jpg,hibogi_ai_00082,HIBOGI_AI_00082_jpg.rf.d974bcf6b8add81cec002c6f6ee6e72c.jpg,,0,0,no_caries,no_caries,0.7742,0.77424,0.11892,0.04256,0.06428
crops/hibogi_ai_00082_9.jpg,hibogi_ai_00082,HIBOGI_AI_00082_jpg.rf.d974bcf6b8add81cec002c6f6ee6e72c.jpg,,0,0,no_caries,no_caries,0.884,0.88403,0.02856,0.04286,0.04456
crops/hibogi_ai_00082_10.jpg,hibogi_ai_00082,HIBOGI_AI_00082_jpg.rf.d974bcf6b8add81cec002c6f6ee6e72c.jpg,,0,0,no_caries,no_caries,0.8372,0.8372,0.07598,0.03796,0.04886
crops/hibogi_ai_00109_png_0.jpg,hibogi_ai_00109_png,HIBOGI_AI_00109_png_jpg.rf.f05e19486e830463c919b55b7a16e1fa.jpg,,0,0,no_caries,mild,0.5428,0.32652,0.54278,0.08772,0.04298
crops/hibogi_ai_00109_png_1.jpg,hibogi_ai_00109_png,HIBOGI_AI_00109_png_jpg.rf.f05e19486e830463c919b55b7a16e1fa.jpg,,0,0,no_caries,no_caries,0.5338,0.53381,0.38045,0.01288,0.07286
crops/hibogi_ai_00109_png_2.jpg,hibogi_ai_00109_png,HIBOGI_AI_00109_png_jpg.rf.f05e19486e830463c919b55b7a16e1fa.jpg,,0,0,no_caries,no_caries,0.6129,0.61292,0.2873,0.03758,0.0622
crops/hibogi_ai_00109_png_3.jpg,hibogi_ai_00109_png,HIBOGI_AI_00109_png_jpg.rf.f05e19486e830463c919b55b7a16e1fa.jpg,,0,0,no_caries,no_caries,0.6532,0.65321,0.24548,0.04996,0.05135
crops/hibogi_ai_00109_png_4.jpg,hibogi_ai_00109_png,HIBOGI_AI_00109_png_jpg.rf.f05e19486e830463c919b55b7a16e1fa.jpg,,0,0,no_caries,no_caries,0.8286,0.82861,0.0426,0.06637,0.06241
crops/hibogi_ai_00109_png_5.jpg,hibogi_ai_00109_png,HIBOGI_AI_00109_png_jpg.rf.f05e19486e830463c919b55b7a16e1fa.jpg,,0,0,no_caries,no_caries,0.8586,0.85864,0.03762,0.0661,0.03763
crops/hibogi_ai_00109_png_6.jpg,hibogi_ai_00109_png,HIBOGI_AI_00109_png_jpg.rf.f05e19486e830463c919b55b7a16e1fa.jpg,,0,0,no_caries,no_caries,0.7615,0.76152,0.0683,0.1143,0.05587
crops/hibogi_ai_00109_png_7.jpg,hibogi_ai_00109_png,HIBOGI_AI_00109_png_jpg.rf.f05e19486e830463c919b55b7a16e1fa.jpg,,0,0,no_caries,no_caries,0.8237,0.82374,0.02708,0.11926,0.02992
crops/hibogi_ai_00109_png_8.jpg,hibogi_ai_00109_png,HIBOGI_AI_00109_png_jpg.rf.f05e19486e830463c919b55b7a16e1fa.jpg,,0,0,no_caries,no_caries,0.7702,0.77022,0.06475,0.08848,0.07655
crops/hibogi_ai_00109_png_9.jpg,hibogi_ai_00109_png,HIBOGI_AI_00109_png_jpg.rf.f05e19486e830463c919b55b7a16e1fa.jpg,,0,0,no_caries,no_caries,0.5694,0.56939,0.3024,0.10761,0.0206
crops/hibogi_ai_00120_0.jpg,hibogi_ai_00120,HIBOGI_AI_00120_jpg.rf.e5f317ccce6d5ec039e70a20ae089bb6.jpg,,5,0,advanced,advanced,0.9881,0.00306,0.0037,0.00516,0.98809
crops/hibogi_ai_00120_1.jpg,hibogi_ai_00120,HIBOGI_AI_00120_jpg.rf.e5f317ccce6d5ec039e70a20ae089bb6.jpg,,5,0,advanced,advanced,0.9506,0.00306,0.03407,0.01227,0.9506
crops/hibogi_ai_00120_2.jpg,hibogi_ai_00120,HIBOGI_AI_00120_jpg.rf.e5f317ccce6d5ec039e70a20ae089bb6.jpg,,0,0,no_caries,no_caries,0.7977,0.79769,0.0653,0.07969,0.05732
crops/hibogi_ai_00120_3.jpg,hibogi_ai_00120,HIBOGI_AI_00120_jpg.rf.e5f317ccce6d5ec039e70a20ae089bb6.jpg,,0,0,no_caries,no_caries,0.7971,0.79714,0.03943,0.08627,0.07716
crops/hibogi_ai_00120_4.jpg,hibogi_ai_00120,HIBOGI_AI_00120_jpg.rf.e5f317ccce6d5ec039e70a20ae089bb6.jpg,,0,0,no_caries,no_caries,0.8502,0.85015,0.02735,0.06626,0.05624
crops/hibogi_ai_00120_5.jpg,hibogi_ai_00120,HIBOGI_AI_00120_jpg.rf.e5f317ccce6d5ec039e70a20ae089bb6.jpg,,0,0,no_caries,no_caries,0.5269,0.5269,0.34173,0.08971,0.04166
crops/hibogi_ai_00120_6.jpg,hibogi_ai_00120,HIBOGI_AI_00120_jpg.rf.e5f317ccce6d5ec039e70a20ae089bb6.jpg,,5,0,advanced,advanced,0.377,0.28496,0.30736,0.03072,0.37696
crops/hibogi_ai_00120_7.jpg,hibogi_ai_00120,HIBOGI_AI_00120_jpg.rf.e5f317ccce6d5ec039e70a20ae089bb6.jpg,,1,0,mild,no_caries,0.3504,0.3504,0.34104,0.20154,0.10702
crops/hibogi_ai_00152_0.jpg,hibogi_ai_00152,HIBOGI_AI_00152_jpg.rf.0fc5aaa92b3e68e780721883db1d904e.jpg,,0,0,no_caries,no_caries,0.8377,0.83766,0.0279,0.07754,0.0569
crops/hibogi_ai_00152_1.jpg,hibogi_ai_00152,HIBOGI_AI_00152_jpg.rf.0fc5aaa92b3e68e780721883db1d904e.jpg,,0,0,no_caries,no_caries,0.7632,0.76324,0.12172,0.05524,0.05981
crops/hibogi_ai_00152_2.jpg,hibogi_ai_00152,HIBOGI_AI_00152_jpg.rf.0fc5aaa92b3e68e780721883db1d904e.jpg,,0,0,no_caries,no_caries,0.8008,0.80076,0.08449,0.05118,0.06356
crops/hibogi_ai_00152_3.jpg,hibogi_ai_00152,HIBOGI_AI_00152_jpg.rf.0fc5aaa92b3e68e780721883db1d904e.jpg,,0,0,no_caries,no_caries,0.8304,0.83042,0.03557,0.06922,0.06479
crops/hibogi_ai_00152_4.jpg,hibogi_ai_00152,HIBOGI_AI_00152_jpg.rf.0fc5aaa92b3e68e780721883db1d904e.jpg,,0,0,no_caries,no_caries,0.8231,0.82307,0.06342,0.05772,0.05578
crops/hibogi_ai_00152_5.jpg,hibogi_ai_00152,HIBOGI_AI_00152_jpg.rf.0fc5aaa92b3e68e780721883db1d904e.jpg,,0,0,no_caries,no_caries,0.7906,0.79063,0.0737,0.0519,0.08377
crops/hibogi_ai_00152_6.jpg,hibogi_ai_00152,HIBOGI_AI_00152_jpg.rf.0fc5aaa92b3e68e780721883db1d904e.jpg,,0,0,no_caries,no_caries,0.7139,0.71394,0.066,0.12845,0.09161
crops/hibogi_ai_00152_7.jpg,hibogi_ai_00152,HIBOGI_AI_00152_jpg.rf.0fc5aaa92b3e68e780721883db1d904e.jpg,,0,0,no_caries,no_caries,0.8177,0.8177,0.02769,0.1077,0.04691
crops/hibogi_ai_00152_8.jpg,hibogi_ai_00152,HIBOGI_AI_00152_jpg.rf.0fc5aaa92b3e68e780721883db1d904e.jpg,,0,0,no_caries,no_caries,0.7925,0.79252,0.05798,0.09585,0.05365
crops/hibogi_ai_00152_9.jpg,hibogi_ai_00152,HIBOGI_AI_00152_jpg.rf.0fc5aaa92b3e68e780721883db1d904e.jpg,,0,0,no_caries,no_caries,0.8682,0.86819,0.03252,0.06641,0.03288
crops/hibogi_ai_00152_10.jpg,hibogi_ai_00152,HIBOGI_AI_00152_jpg.rf.0fc5aaa92b3e68e780721883db1d904e.jpg,,0,0,no_caries,no_caries,0.8115,0.81153,0.08621,0.06005,0.0422
crops/hibogi_ai_00152_11.jpg,hibogi_ai_00152,HIBOGI_AI_00152_jpg.rf.0fc5aaa92b3e68e780721883db1d904e.jpg,,0,0,no_caries,no_caries,0.8088,0.80881,0.04677,0.07013,0.07429
crops/hibogi_ai_00152_12.jpg,hibogi_ai_00152,HIBOGI_AI_00152_jpg.rf.0fc5aaa92b3e68e780721883db1d904e.jpg,,0,0,no_caries,no_caries,0.8091,0.80908,0.04067,0.08552,0.06472
crops/hibogi_ai_00152_13.jpg,hibogi_ai_00152,HIBOGI_AI_00152_jpg.rf.0fc5aaa92b3e68e780721883db1d904e.jpg,,0,0,no_caries,no_caries,0.8127,0.81274,0.03576,0.07973,0.07176
crops/hibogi_ai_00152_14.jpg,hibogi_ai_00152,HIBOGI_AI_00152_jpg.rf.0fc5aaa92b3e68e780721883db1d904e.jpg,,0,0,no_caries,no_caries,0.7549,0.75493,0.10291,0.07752,0.06464
crops/hibogi_ai_00152_15.jpg,hibogi_ai_00152,HIBOGI_AI_00152_jpg.rf.0fc5aaa92b3e68e780721883db1d904e.jpg,,0,0,no_caries,no_caries,0.832,0.83201,0.08973,0.0366,0.04167
crops/hibogi_ai_00152_16.jpg,hibogi_ai_00152,HIBOGI_AI_00152_jpg.rf.0fc5aaa92b3e68e780721883db1d904e.jpg,,0,0,no_caries,no_caries,0.7871,0.78711,0.06601,0.11974,0.02715
crops/hibogi_ai_00227_0.jpg,hibogi_ai_00227,HIBOGI_AI_00227_jpg.rf.150cb6d00f7d59bf1d55a46bbcc3dbe2.jpg,,3,0,moderate,moderate,0.8065,0.00781,0.11609,0.80653,0.06957
crops/hibogi_ai_00227_1.jpg,hibogi_ai_00227,HIBOGI_AI_00227_jpg.rf.150cb6d00f7d59bf1d55a46bbcc3dbe2.jpg,,3,0,moderate,moderate,0.7553,0.06086,0.17275,0.75528,0.01111
crops/hibogi_ai_00227_2.jpg,hibogi_ai_00227,HIBOGI_AI_00227_jpg.rf.150cb6d00f7d59bf1d55a46bbcc3dbe2.jpg,,0,0,no_caries,moderate,0.4836,0.17989,0.31981,0.48362,0.01668
crops/hibogi_ai_00227_3.jpg,hibogi_ai_00227,HIBOGI_AI_00227_jpg.rf.150cb6d00f7d59bf1d55a46bbcc3dbe2.jpg,,0,0,no_caries,no_caries,0.5544,0.55442,0.15367,0.25605,0.03586
crops/hibogi_ai_00227_4.jpg,hibogi_ai_00227,HIBOGI_AI_00227_jpg.rf.150cb6d00f7d59bf1d55a46bbcc3dbe2.jpg,,0,0,no_caries,mild,0.486,0.48087,0.48597,0.01125,0.02191
crops/hibogi_ai_00227_5.jpg,hibogi_ai_00227,HIBOGI_AI_00227_jpg.rf.150cb6d00f7d59bf1d55a46bbcc3dbe2.jpg,,0,0,no_caries,no_caries,0.548,0.54798,0.41284,0.0265,0.01269
crops/hibogi_ai_00227_6.jpg,hibogi_ai_00227,HIBOGI_AI_00227_jpg.rf.150cb6d00f7d59bf1d55a46bbcc3dbe2.jpg,,0,0,no_caries,no_caries,0.4897,0.4897,0.38536,0.10155,0.02339
crops/hibogi_ai_00227_7.jpg,hibogi_ai_00227,HIBOGI_AI_00227_jpg.rf.150cb6d00f7d59bf1d55a46bbcc3dbe2.jpg,,0,0,no_caries,mild,0.4632,0.32855,0.46324,0.13903,0.06918
crops/hibogi_ai_00227_8.jpg,hibogi_ai_00227,HIBOGI_AI_00227_jpg.rf.150cb6d00f7d59bf1d55a46bbcc3dbe2.jpg,,5,0,advanced,advanced,0.9318,0.00671,0.00939,0.05208,0.93182
crops/hibogi_ai_00227_9.jpg,hibogi_ai_00227,HIBOGI_AI_00227_jpg.rf.150cb6d00f7d59bf1d55a46bbcc3dbe2.jpg,,0,0,no_caries,moderate,0.7998,0.01208,0.08411,0.79977,0.10404
crops/hibogi_ai_00423_0.jpg,hibogi_ai_00423,HIBOGI_AI_00423_jpg.rf.83d3a61761524089c63a3a3cd0cbfb63.jpg,,0,0,no_caries,no_caries,0.7201,0.72008,0.03707,0.21752,0.02533
crops/hibogi_ai_00423_1.jpg,hibogi_ai_00423,HIBOGI_AI_00423_jpg.rf.83d3a61761524089c63a3a3cd0cbfb63.jpg,,0,0,no_caries,no_caries,0.7732,0.77321,0.02589,0.1691,0.0318
crops/hibogi_ai_00423_2.jpg,hibogi_ai_00423,HIBOGI_AI_00423_jpg.rf.83d3a61761524089c63a3a3cd0cbfb63.jpg,,0,0,no_caries,no_caries,0.7158,0.71585,0.09217,0.11635,0.07563
crops/hibogi_ai_00423_3.jpg,hibogi_ai_00423,HIBOGI_AI_00423_jpg.rf.83d3a61761524089c63a3a3cd0cbfb63.jpg,,5,0,advanced,no_caries,0.566,0.56604,0.02536,0.18635,0.22225
crops/hibogi_ai_00423_4.jpg,hibogi_ai_00423,HIBOGI_AI_00423_jpg.rf.83d3a61761524089c63a3a3cd0cbfb63.jpg,,6,0,advanced,advanced,0.6389,0.07058,0.0085,0.28204,0.63888
crops/hibogi_ai_00423_5.jpg,hibogi_ai_00423,HIBOGI_AI_00423_jpg.rf.83d3a61761524089c63a3a3cd0cbfb63.jpg,,6,0,advanced,advanced,0.9572,0.01814,0.01032,0.01434,0.9572
crops/hibogi_ai_00423_6.jpg,hibogi_ai_00423,HIBOGI_AI_00423_jpg.rf.83d3a61761524089c63a3a3cd0cbfb63.jpg,,6,0,advanced,advanced,0.8466,0.04387,0.01439,0.09514,0.8466
crops/hibogi_ai_00423_7.jpg,hibogi_ai_00423,HIBOGI_AI_00423_jpg.rf.83d3a61761524089c63a3a3cd0cbfb63.jpg,,5,0,advanced,advanced,0.9672,0.00933,0.00962,0.01383,0.96722
crops/hibogi_ai_00423_8.jpg,hibogi_ai_00423,HIBOGI_AI_00423_jpg.rf.83d3a61761524089c63a3a3cd0cbfb63.jpg,,5,0,advanced,mild,0.5263,0.03868,0.52625,0.42175,0.01331
crops/hibogi_ai_00423_9.jpg,hibogi_ai_00423,HIBOGI_AI_00423_jpg.rf.83d3a61761524089c63a3a3cd0cbfb63.jpg,,0,0,no_caries,no_caries,0.8058,0.80577,0.04167,0.11536,0.0372
crops/hibogi_ai_00423_10.jpg,hibogi_ai_00423,HIBOGI_AI_00423_jpg.rf.83d3a61761524089c63a3a3cd0cbfb63.jpg,,0,0,no_caries,no_caries,0.7892,0.7892,0.03698,0.1414,0.03242
crops/hibogi_ai_00423_12.jpg,hibogi_ai_00423,HIBOGI_AI_00423_jpg.rf.83d3a61761524089c63a3a3cd0cbfb63.jpg,,6,0,advanced,advanced,0.9179,0.01994,0.00601,0.05618,0.91788
crops/hibogi_ai_00745_png_0.jpg,hibogi_ai_00745_png,HIBOGI_AI_00745_png_jpg.rf.26cf5bbf3f2be8a6b48ded192145ef0d.jpg,,0,0,no_caries,no_caries,0.5909,0.59088,0.26601,0.06487,0.07825
crops/hibogi_ai_00745_png_1.jpg,hibogi_ai_00745_png,HIBOGI_AI_00745_png_jpg.rf.26cf5bbf3f2be8a6b48ded192145ef0d.jpg,,0,0,no_caries,no_caries,0.6958,0.6958,0.21157,0.03986,0.05276
crops/hibogi_ai_00745_png_2.jpg,hibogi_ai_00745_png,HIBOGI_AI_00745_png_jpg.rf.26cf5bbf3f2be8a6b48ded192145ef0d.jpg,,0,0,no_caries,no_caries,0.6989,0.69894,0.0962,0.11419,0.09067
crops/hibogi_ai_00745_png_3.jpg,hibogi_ai_00745_png,HIBOGI_AI_00745_png_jpg.rf.26cf5bbf3f2be8a6b48ded192145ef0d.jpg,,0,0,no_caries,no_caries,0.7488,0.7488,0.03941,0.16707,0.04472
crops/hibogi_ai_00745_png_4.jpg,hibogi_ai_00745_png,HIBOGI_AI_00745_png_jpg.rf.26cf5bbf3f2be8a6b48ded192145ef0d.jpg,,0,0,no_caries,no_caries,0.743,0.74304,0.06875,0.15508,0.03313
crops/hibogi_ai_00745_png_5.jpg,hibogi_ai_00745_png,HIBOGI_AI_00745_png_jpg.rf.26cf5bbf3f2be8a6b48ded192145ef0d.jpg,,0,0,no_caries,mild,0.4436,0.4387,0.4436,0.10102,0.01668
crops/hibogi_ai_00745_png_6.jpg,hibogi_ai_00745_png,HIBOGI_AI_00745_png_jpg.rf.26cf5bbf3f2be8a6b48ded192145ef0d.jpg,,0,0,no_caries,no_caries,0.5799,0.57995,0.30992,0.05282,0.05731
crops/hibogi_ai_00745_png_7.jpg,hibogi_ai_00745_png,HIBOGI_AI_00745_png_jpg.rf.26cf5bbf3f2be8a6b48ded192145ef0d.jpg,,0,0,no_caries,no_caries,0.4085,0.40849,0.21841,0.09637,0.27673
crops/hibogi_ai_00951_png_0.jpg,hibogi_ai_00951_png,HIBOGI_AI_00951_png_jpg.rf.3e7f5622b1ec2728a3c158af22b7465b.jpg,,3,0,moderate,mild,0.7168,0.08663,0.71675,0.18099,0.01563
crops/hibogi_ai_00951_png_1.jpg,hibogi_ai_00951_png,HIBOGI_AI_00951_png_jpg.rf.3e7f5622b1ec2728a3c158af22b7465b.jpg,,0,0,no_caries,no_caries,0.8762,0.87618,0.07399,0.01477,0.03506
crops/hibogi_ai_00951_png_2.jpg,hibogi_ai_00951_png,HIBOGI_AI_00951_png_jpg.rf.3e7f5622b1ec2728a3c158af22b7465b.jpg,,0,0,no_caries,no_caries,0.8171,0.81715,0.10739,0.0439,0.03157
crops/hibogi_ai_00951_png_3.jpg,hibogi_ai_00951_png,HIBOGI_AI_00951_png_jpg.rf.3e7f5622b1ec2728a3c158af22b7465b.jpg,,0,0,no_caries,no_caries,0.8703,0.87032,0.06252,0.02303,0.04413
crops/hibogi_ai_00951_png_4.jpg,hibogi_ai_00951_png,HIBOGI_AI_00951_png_jpg.rf.3e7f5622b1ec2728a3c158af22b7465b.jpg,,0,0,no_caries,no_caries,0.8893,0.88933,0.02927,0.04072,0.04068
crops/hibogi_ai_00951_png_5.jpg,hibogi_ai_00951_png,HIBOGI_AI_00951_png_jpg.rf.3e7f5622b1ec2728a3c158af22b7465b.jpg,,0,0,no_caries,no_caries,0.866,0.86598,0.01179,0.08163,0.04061
crops/hibogi_ai_00951_png_6.jpg,hibogi_ai_00951_png,HIBOGI_AI_00951_png_jpg.rf.3e7f5622b1ec2728a3c158af22b7465b.jpg,,0,0,no_caries,no_caries,0.8257,0.82566,0.01155,0.10919,0.0536
crops/hibogi_ai_00951_png_7.jpg,hibogi_ai_00951_png,HIBOGI_AI_00951_png_jpg.rf.3e7f5622b1ec2728a3c158af22b7465b.jpg,,0,0,no_caries,no_caries,0.4958,0.49582,0.21146,0.2428,0.04992
crops/hibogi_ai_00951_png_8.jpg,hibogi_ai_00951_png,HIBOGI_AI_00951_png_jpg.rf.3e7f5622b1ec2728a3c158af22b7465b.jpg,,3,0,moderate,no_caries,0.4444,0.44439,0.27107,0.26585,0.01869
crops/hibogi_ai_00951_png_9.jpg,hibogi_ai_00951_png,HIBOGI_AI_00951_png_jpg.rf.3e7f5622b1ec2728a3c158af22b7465b.jpg,,0,0,no_caries,no_caries,0.4741,0.47409,0.28589,0.16937,0.07065
crops/hibogi_ai_00951_png_10.jpg,hibogi_ai_00951_png,HIBOGI_AI_00951_png_jpg.rf.3e7f5622b1ec2728a3c158af22b7465b.jpg,,3,0,moderate,mild,0.7454,0.01377,0.74537,0.23675,0.00411
crops/hibogi_ai_00951_png_11.jpg,hibogi_ai_00951_png,HIBOGI_AI_00951_png_jpg.rf.3e7f5622b1ec2728a3c158af22b7465b.jpg,,0,0,no_caries,no_caries,0.8688,0.86881,0.05069,0.04726,0.03324
crops/hibogi_ai_00951_png_12.jpg,hibogi_ai_00951_png,HIBOGI_AI_00951_png_jpg.rf.3e7f5622b1ec2728a3c158af22b7465b.jpg,,0,0,no_caries,no_caries,0.907,0.90699,0.06222,0.01405,0.01674
crops/hibogi_ai_00951_png_13.jpg,hibogi_ai_00951_png,HIBOGI_AI_00951_png_jpg.rf.3e7f5622b1ec2728a3c158af22b7465b.jpg,,0,0,no_caries,no_caries,0.8927,0.89275,0.06532,0.02378,0.01815
crops/hibogi_ai_00951_png_14.jpg,hibogi_ai_00951_png,HIBOGI_AI_00951_png_jpg.rf.3e7f5622b1ec2728a3c158af22b7465b.jpg,,0,0,no_caries,no_caries,0.8224,0.82236,0.08805,0.04394,0.04565
crops/hibogi_ai_00951_png_15.jpg,hibogi_ai_00951_png,HIBOGI_AI_00951_png_jpg.rf.3e7f5622b1ec2728a3c158af22b7465b.jpg,,0,0,no_caries,no_caries,0.8072,0.80722,0.0766,0.05239,0.06379
crops/hibogi_ai_00979_0.jpg,hibogi_ai_00979,HIBOGI_AI_00979_jpg.rf.46f6d549e3a3d4fabfa546185ea56bca.jpg,,0,0,no_caries,mild,0.9502,0.03891,0.95025,0.00327,0.00757
crops/hibogi_ai_00979_1.jpg,hibogi_ai_00979,HIBOGI_AI_00979_jpg.rf.46f6d549e3a3d4fabfa546185ea56bca.jpg,,0,0,no_caries,mild,0.4762,0.45592,0.47616,0.01814,0.04978
crops/hibogi_ai_00979_2.jpg,hibogi_ai_00979,HIBOGI_AI_00979_jpg.rf.46f6d549e3a3d4fabfa546185ea56bca.jpg,,0,0,no_caries,no_caries,0.8183,0.81829,0.08352,0.03683,0.06137
crops/hibogi_ai_00979_3.jpg,hibogi_ai_00979,HIBOGI_AI_00979_jpg.rf.46f6d549e3a3d4fabfa546185ea56bca.jpg,,0,0,no_caries,no_caries,0.7812,0.78123,0.0784,0.07645,0.06392
crops/hibogi_ai_00979_4.jpg,hibogi_ai_00979,HIBOGI_AI_00979_jpg.rf.46f6d549e3a3d4fabfa546185ea56bca.jpg,,0,0,no_caries,no_caries,0.7519,0.7519,0.09588,0.06965,0.08257
crops/hibogi_ai_00979_5.jpg,hibogi_ai_00979,HIBOGI_AI_00979_jpg.rf.46f6d549e3a3d4fabfa546185ea56bca.jpg,,0,0,no_caries,no_caries,0.6678,0.66783,0.16645,0.04077,0.12495
crops/hibogi_ai_00979_6.jpg,hibogi_ai_00979,HIBOGI_AI_00979_jpg.rf.46f6d549e3a3d4fabfa546185ea56bca.jpg,,0,0,no_caries,no_caries,0.6976,0.69763,0.16593,0.06376,0.07268
crops/hibogi_ai_00979_7.jpg,hibogi_ai_00979,HIBOGI_AI_00979_jpg.rf.46f6d549e3a3d4fabfa546185ea56bca.jpg,,0,0,no_caries,no_caries,0.732,0.73203,0.10175,0.05611,0.11012
crops/hibogi_ai_00979_8.jpg,hibogi_ai_00979,HIBOGI_AI_00979_jpg.rf.46f6d549e3a3d4fabfa546185ea56bca.jpg,,0,0,no_caries,no_caries,0.8651,0.8651,0.0426,0.03931,0.05299
crops/hibogi_ai_00979_9.jpg,hibogi_ai_00979,HIBOGI_AI_00979_jpg.rf.46f6d549e3a3d4fabfa546185ea56bca.jpg,,0,0,no_caries,no_caries,0.6671,0.66709,0.23437,0.04669,0.05184
crops/hibogi_ai_00979_10.jpg,hibogi_ai_00979,HIBOGI_AI_00979_jpg.rf.46f6d549e3a3d4fabfa546185ea56bca.jpg,,0,0,no_caries,mild,0.6033,0.33035,0.60326,0.04568,0.02071
crops/hibogi_ai_00995_0.jpg,hibogi_ai_00995,HIBOGI_AI_00995_jpg.rf.4dec89ca463927b6f030a1e1c732517a.jpg,,0,0,no_caries,no_caries,0.6358,0.6358,0.16169,0.1418,0.06072
crops/hibogi_ai_00995_1.jpg,hibogi_ai_00995,HIBOGI_AI_00995_jpg.rf.4dec89ca463927b6f030a1e1c732517a.jpg,,0,0,no_caries,no_caries,0.7762,0.77617,0.09066,0.0664,0.06676
crops/hibogi_ai_00995_2.jpg,hibogi_ai_00995,HIBOGI_AI_00995_jpg.rf.4dec89ca463927b6f030a1e1c732517a.jpg,,3,0,moderate,advanced,0.5533,0.12404,0.05932,0.26338,0.55326
crops/hibogi_ai_00995_3.jpg,hibogi_ai_00995,HIBOGI_AI_00995_jpg.rf.4dec89ca463927b6f030a1e1c732517a.jpg,,0,0,no_caries,no_caries,0.794,0.79397,0.03746,0.13726,0.03131
crops/hibogi_ai_00995_4.jpg,hibogi_ai_00995,HIBOGI_AI_00995_jpg.rf.4dec89ca463927b6f030a1e1c732517a.jpg,,0,0,no_caries,no_caries,0.8854,0.88545,0.03357,0.0392,0.04178
crops/hibogi_ai_00995_5.jpg,hibogi_ai_00995,HIBOGI_AI_00995_jpg.rf.4dec89ca463927b6f030a1e1c732517a.jpg,,0,0,no_caries,no_caries,0.721,0.72104,0.05586,0.14749,0.07561
crops/hibogi_ai_00995_6.jpg,hibogi_ai_00995,HIBOGI_AI_00995_jpg.rf.4dec89ca463927b6f030a1e1c732517a.jpg,,0,0,no_caries,mild,0.4564,0.43795,0.45644,0.04158,0.06403
crops/hibogi_ai_00995_7.jpg,hibogi_ai_00995,HIBOGI_AI_00995_jpg.rf.4dec89ca463927b6f030a1e1c732517a.jpg,,0,0,no_caries,no_caries,0.5795,0.57952,0.33556,0.0521,0.03282
crops/hibogi_ai_00995_8.jpg,hibogi_ai_00995,HIBOGI_AI_00995_jpg.rf.4dec89ca463927b6f030a1e1c732517a.jpg,,0,0,no_caries,mild,0.6324,0.29769,0.63238,0.04146,0.02847
crops/hibogi_ai_00995_9.jpg,hibogi_ai_00995,HIBOGI_AI_00995_jpg.rf.4dec89ca463927b6f030a1e1c732517a.jpg,,0,0,no_caries,no_caries,0.8547,0.85472,0.05868,0.04824,0.03836
crops/hibogi_ai_00995_10.jpg,hibogi_ai_00995,HIBOGI_AI_00995_jpg.rf.4dec89ca463927b6f030a1e1c732517a.jpg,,0,0,no_caries,no_caries,0.7711,0.77106,0.07725,0.0838,0.06789
crops/hibogi_ai_00995_11.jpg,hibogi_ai_00995,HIBOGI_AI_00995_jpg.rf.4dec89ca463927b6f030a1e1c732517a.jpg,,0,0,no_caries,no_caries,0.7605,0.76047,0.12966,0.08304,0.02684
crops/hibogi_ai_00995_12.jpg,hibogi_ai_00995,HIBOGI_AI_00995_jpg.rf.4dec89ca463927b6f030a1e1c732517a.jpg,,0,0,no_caries,no_caries,0.7899,0.78985,0.11572,0.03917,0.05525
crops/hibogi_ai_00995_13.jpg,hibogi_ai_00995,HIBOGI_AI_00995_jpg.rf.4dec89ca463927b6f030a1e1c732517a.jpg,,0,0,no_caries,no_caries,0.7808,0.78075,0.10781,0.04635,0.06509
crops/hibogi_ai_00995_14.jpg,hibogi_ai_00995,HIBOGI_AI_00995_jpg.rf.4dec89ca463927b6f030a1e1c732517a.jpg,,3,0,moderate,no_caries,0.5635,0.56347,0.1396,0.14766,0.14927
crops/hibogi_ai_00997_0.jpg,hibogi_ai_00997,HIBOGI_AI_00997_jpg.rf.fe6cc58e1139bd955850ef6221d5afd5.jpg,,0,0,no_caries,no_caries,0.4645,0.46451,0.23645,0.06285,0.23619
crops/hibogi_ai_00997_1.jpg,hibogi_ai_00997,HIBOGI_AI_00997_jpg.rf.fe6cc58e1139bd955850ef6221d5afd5.jpg,,0,0,no_caries,no_caries,0.7204,0.72038,0.18738,0.03115,0.06109
crops/hibogi_ai_00997_2.jpg,hibogi_ai_00997,HIBOGI_AI_00997_jpg.rf.fe6cc58e1139bd955850ef6221d5afd5.jpg,,0,0,no_caries,no_caries,0.581,0.58103,0.33755,0.02607,0.05536
crops/hibogi_ai_00997_3.jpg,hibogi_ai_00997,HIBOGI_AI_00997_jpg.rf.fe6cc58e1139bd955850ef6221d5afd5.jpg,,0,0,no_caries,no_caries,0.8141,0.81415,0.09971,0.04471,0.04143
crops/hibogi_ai_00997_4.jpg,hibogi_ai_00997,HIBOGI_AI_00997_jpg.rf.fe6cc58e1139bd955850ef6221d5afd5.jpg,,3,0,moderate,moderate,0.6016,0.02103,0.0081,0.60165,0.36922
crops/hibogi_ai_00997_5.jpg,hibogi_ai_00997,HIBOGI_AI_00997_jpg.rf.fe6cc58e1139bd955850ef6221d5afd5.jpg,,0,0,no_caries,no_caries,0.8847,0.8847,0.02942,0.03816,0.04772
crops/hibogi_ai_00997_6.jpg,hibogi_ai_00997,HIBOGI_AI_00997_jpg.rf.fe6cc58e1139bd955850ef6221d5afd5.jpg,,0,0,no_caries,no_caries,0.751,0.75101,0.13027,0.04949,0.06923
crops/hibogi_ai_00997_7.jpg,hibogi_ai_00997,HIBOGI_AI_00997_jpg.rf.fe6cc58e1139bd955850ef6221d5afd5.jpg,,0,0,no_caries,mild,0.482,0.44379,0.48201,0.04947,0.02473
crops/hibogi_ai_00997_8.jpg,hibogi_ai_00997,HIBOGI_AI_00997_jpg.rf.fe6cc58e1139bd955850ef6221d5afd5.jpg,,0,0,no_caries,no_caries,0.8283,0.82826,0.08886,0.04661,0.03628
crops/hibogi_ai_00997_9.jpg,hibogi_ai_00997,HIBOGI_AI_00997_jpg.rf.fe6cc58e1139bd955850ef6221d5afd5.jpg,,0,0,no_caries,no_caries,0.7362,0.73621,0.17447,0.04455,0.04477
crops/hibogi_ai_00997_10.jpg,hibogi_ai_00997,HIBOGI_AI_00997_jpg.rf.fe6cc58e1139bd955850ef6221d5afd5.jpg,,0,0,no_caries,no_caries,0.7863,0.78625,0.1125,0.03622,0.06503
crops/hibogi_ai_00997_11.jpg,hibogi_ai_00997,HIBOGI_AI_00997_jpg.rf.fe6cc58e1139bd955850ef6221d5afd5.jpg,,0,0,no_caries,no_caries,0.8384,0.83835,0.04261,0.06417,0.05486
crops/hibogi_ai_00997_12.jpg,hibogi_ai_00997,HIBOGI_AI_00997_jpg.rf.fe6cc58e1139bd955850ef6221d5afd5.jpg,,0,0,no_caries,no_caries,0.8587,0.8587,0.03745,0.03466,0.06919
crops/hibogi_ai_00997_14.jpg,hibogi_ai_00997,HIBOGI_AI_00997_jpg.rf.fe6cc58e1139bd955850ef6221d5afd5.jpg,,0,0,no_caries,advanced,0.6184,0.31301,0.01306,0.05555,0.61838
crops/hibogi_ai_01082_0.jpg,hibogi_ai_01082,HIBOGI_AI_01082_jpg.rf.fd5c09cceaaa3e934d3e09515c0becef.jpg,,6,0,advanced,advanced,0.8441,0.06559,0.06325,0.0271,0.84407
crops/hibogi_ai_01082_1.jpg,hibogi_ai_01082,HIBOGI_AI_01082_jpg.rf.fd5c09cceaaa3e934d3e09515c0becef.jpg,,0,0,no_caries,no_caries,0.8525,0.85251,0.01811,0.0805,0.04888
crops/hibogi_ai_01082_2.jpg,hibogi_ai_01082,HIBOGI_AI_01082_jpg.rf.fd5c09cceaaa3e934d3e09515c0becef.jpg,,0,0,no_caries,mild,0.5541,0.33953,0.55409,0.09399,0.01239
crops/hibogi_ai_01082_3.jpg,hibogi_ai_01082,HIBOGI_AI_01082_jpg.rf.fd5c09cceaaa3e934d3e09515c0becef.jpg,,0,0,no_caries,no_caries,0.6038,0.60379,0.35652,0.02212,0.01756
crops/hibogi_ai_01082_4.jpg,hibogi_ai_01082,HIBOGI_AI_01082_jpg.rf.fd5c09cceaaa3e934d3e09515c0becef.jpg,,0,0,no_caries,no_caries,0.8459,0.84592,0.06903,0.04101,0.04404
crops/hibogi_ai_01082_5.jpg,hibogi_ai_01082,HIBOGI_AI_01082_jpg.rf.fd5c09cceaaa3e934d3e09515c0becef.jpg,,0,0,no_caries,mild,0.5581,0.36373,0.5581,0.0275,0.05066
crops/hibogi_ai_01082_6.jpg,hibogi_ai_01082,HIBOGI_AI_01082_jpg.rf.fd5c09cceaaa3e934d3e09515c0becef.jpg,,0,0,no_caries,no_caries,0.7688,0.76878,0.14561,0.05392,0.03169
crops/hibogi_ai_01082_7.jpg,hibogi_ai_01082,HIBOGI_AI_01082_jpg.rf.fd5c09cceaaa3e934d3e09515c0becef.jpg,,0,0,no_caries,no_caries,0.7819,0.78189,0.11078,0.04936,0.05797
crops/hibogi_ai_01082_8.jpg,hibogi_ai_01082,HIBOGI_AI_01082_jpg.rf.fd5c09cceaaa3e934d3e09515c0becef.jpg,,0,0,no_caries,no_caries,0.7531,0.75313,0.16053,0.04353,0.04281
crops/hibogi_ai_01082_9.jpg,hibogi_ai_01082,HIBOGI_AI_01082_jpg.rf.fd5c09cceaaa3e934d3e09515c0becef.jpg,,0,0,no_caries,mild,0.4763,0.46167,0.47633,0.04248,0.01952
crops/hibogi_ai_01082_10.jpg,hibogi_ai_01082,HIBOGI_AI_01082_jpg.rf.fd5c09cceaaa3e934d3e09515c0becef.jpg,,0,0,no_caries,mild,0.4471,0.19742,0.4471,0.01213,0.34335
crops/hibogi_ai_01082_11.jpg,hibogi_ai_01082,HIBOGI_AI_01082_jpg.rf.fd5c09cceaaa3e934d3e09515c0becef.jpg,,6,0,advanced,advanced,0.9577,0.00834,0.01675,0.01718,0.95773
crops/hibogi_ai_01101_0.jpg,hibogi_ai_01101,HIBOGI_AI_01101_jpg.rf.1843f7cb8479cde15e295803b7284f3e.jpg,,0,0,no_caries,no_caries,0.7184,0.71842,0.09093,0.05928,0.13137
crops/hibogi_ai_01101_1.jpg,hibogi_ai_01101,HIBOGI_AI_01101_jpg.rf.1843f7cb8479cde15e295803b7284f3e.jpg,,0,0,no_caries,no_caries,0.8598,0.85981,0.04103,0.05642,0.04274
crops/hibogi_ai_01101_2.jpg,hibogi_ai_01101,HIBOGI_AI_01101_jpg.rf.1843f7cb8479cde15e295803b7284f3e.jpg,,0,0,no_caries,no_caries,0.7083,0.70828,0.11312,0.14727,0.03134
crops/hibogi_ai_01101_3.jpg,hibogi_ai_01101,HIBOGI_AI_01101_jpg.rf.1843f7cb8479cde15e295803b7284f3e.jpg,,0,0,no_caries,no_caries,0.6938,0.69381,0.20693,0.05469,0.04457
crops/hibogi_ai_01101_4.jpg,hibogi_ai_01101,HIBOGI_AI_01101_jpg.rf.1843f7cb8479cde15e295803b7284f3e.jpg,,0,0,no_caries,no_caries,0.7354,0.73538,0.0593,0.13934,0.06597
crops/hibogi_ai_01101_5.jpg,hibogi_ai_01101,HIBOGI_AI_01101_jpg.rf.1843f7cb8479cde15e295803b7284f3e.jpg,,0,0,no_caries,no_caries,0.4352,0.4352,0.38037,0.09594,0.0885
crops/hibogi_ai_01101_6.jpg,hibogi_ai_01101,HIBOGI_AI_01101_jpg.rf.1843f7cb8479cde15e295803b7284f3e.jpg,,0,0,no_caries,no_caries,0.5591,0.55911,0.22259,0.11268,0.10562
crops/hibogi_ai_01101_7.jpg,hibogi_ai_01101,HIBOGI_AI_01101_jpg.rf.1843f7cb8479cde15e295803b7284f3e.jpg,,0,0,no_caries,no_caries,0.6865,0.6865,0.15668,0.11207,0.04475
crops/hibogi_ai_01101_8.jpg,hibogi_ai_01101,HIBOGI_AI_01101_jpg.rf.1843f7cb8479cde15e295803b7284f3e.jpg,,0,0,no_caries,no_caries,0.6749,0.67486,0.21427,0.05889,0.05197
crops/hibogi_ai_01101_9.jpg,hibogi_ai_01101,HIBOGI_AI_01101_jpg.rf.1843f7cb8479cde15e295803b7284f3e.jpg,,0,0,no_caries,no_caries,0.6399,0.63989,0.26674,0.05114,0.04223
crops/hibogi_ai_01101_10.jpg,hibogi_ai_01101,HIBOGI_AI_01101_jpg.rf.1843f7cb8479cde15e295803b7284f3e.jpg,,0,0,no_caries,no_caries,0.4978,0.49778,0.39556,0.04776,0.0589
crops/hibogi_ai_01101_11.jpg,hibogi_ai_01101,HIBOGI_AI_01101_jpg.rf.1843f7cb8479cde15e295803b7284f3e.jpg,,0,0,no_caries,no_caries,0.7962,0.79624,0.08265,0.052,0.06912
crops/hibogi_ai_01101_12.jpg,hibogi_ai_01101,HIBOGI_AI_01101_jpg.rf.1843f7cb8479cde15e295803b7284f3e.jpg,,0,0,no_caries,no_caries,0.6624,0.66244,0.18186,0.11532,0.04038
crops/hibogi_ai_01101_13.jpg,hibogi_ai_01101,HIBOGI_AI_01101_jpg.rf.1843f7cb8479cde15e295803b7284f3e.jpg,,0,0,no_caries,no_caries,0.4433,0.44328,0.13626,0.29024,0.13022
crops/hibogi_ai_01126_png_0.jpg,hibogi_ai_01126_png,HIBOGI_AI_01126_png_jpg.rf.dd093672a894c069792035565b6b7212.jpg,,3,0,moderate,moderate,0.3813,0.19666,0.36866,0.3813,0.05338
crops/hibogi_ai_01126_png_1.jpg,hibogi_ai_01126_png,HIBOGI_AI_01126_png_jpg.rf.dd093672a894c069792035565b6b7212.jpg,,2,0,mild,mild,0.5327,0.41726,0.53266,0.02632,0.02376
crops/hibogi_ai_01126_png_2.jpg,hibogi_ai_01126_png,HIBOGI_AI_01126_png_jpg.rf.dd093672a894c069792035565b6b7212.jpg,,2,0,mild,no_caries,0.7285,0.7285,0.13228,0.08931,0.04991
crops/hibogi_ai_01126_png_3.jpg,hibogi_ai_01126_png,HIBOGI_AI_01126_png_jpg.rf.dd093672a894c069792035565b6b7212.jpg,,0,0,no_caries,no_caries,0.8116,0.81156,0.06388,0.06819,0.05637
crops/hibogi_ai_01126_png_4.jpg,hibogi_ai_01126_png,HIBOGI_AI_01126_png_jpg.rf.dd093672a894c069792035565b6b7212.jpg,,0,0,no_caries,no_caries,0.7806,0.78063,0.09838,0.05955,0.06143
crops/hibogi_ai_01126_png_5.jpg,hibogi_ai_01126_png,HIBOGI_AI_01126_png_jpg.rf.dd093672a894c069792035565b6b7212.jpg,,0,0,no_caries,moderate,0.4247,0.38392,0.15652,0.42467,0.03488
crops/hibogi_ai_01126_png_6.jpg,hibogi_ai_01126_png,HIBOGI_AI_01126_png_jpg.rf.dd093672a894c069792035565b6b7212.jpg,,5,0,advanced,mild,0.5552,0.05118,0.55518,0.31347,0.08017
crops/hibogi_ai_01126_png_7.jpg,hibogi_ai_01126_png,HIBOGI_AI_01126_png_jpg.rf.dd093672a894c069792035565b6b7212.jpg,,3,0,moderate,mild,0.9605,0.02383,0.96053,0.00878,0.00686
crops/hibogi_ai_01126_png_8.jpg,hibogi_ai_01126_png,HIBOGI_AI_01126_png_jpg.rf.dd093672a894c069792035565b6b7212.jpg,,5,0,advanced,advanced,0.5215,0.06875,0.03437,0.37541,0.52147
crops/hibogi_ai_01126_png_9.jpg,hibogi_ai_01126_png,HIBOGI_AI_01126_png_jpg.rf.dd093672a894c069792035565b6b7212.jpg,,0,0,no_caries,no_caries,0.461,0.46098,0.2595,0.24291,0.0366
crops/hibogi_ai_01126_png_10.jpg,hibogi_ai_01126_png,HIBOGI_AI_01126_png_jpg.rf.dd093672a894c069792035565b6b7212.jpg,,0,0,no_caries,no_caries,0.6611,0.6611,0.20784,0.07259,0.05847
crops/hibogi_ai_01126_png_11.jpg,hibogi_ai_01126_png,HIBOGI_AI_01126_png_jpg.rf.dd093672a894c069792035565b6b7212.jpg,,0,0,no_caries,no_caries,0.6441,0.6441,0.22873,0.07452,0.05264
crops/hibogi_ai_01126_png_12.jpg,hibogi_ai_01126_png,HIBOGI_AI_01126_png_jpg.rf.dd093672a894c069792035565b6b7212.jpg,,0,0,no_caries,no_caries,0.755,0.75495,0.11696,0.07912,0.04897
crops/hibogi_ai_01126_png_13.jpg,hibogi_ai_01126_png,HIBOGI_AI_01126_png_jpg.rf.dd093672a894c069792035565b6b7212.jpg,,0,0,no_caries,no_caries,0.8565,0.85649,0.04869,0.04569,0.04913
crops/hibogi_ai_01126_png_14.jpg,hibogi_ai_01126_png,HIBOGI_AI_01126_png_jpg.rf.dd093672a894c069792035565b6b7212.jpg,,0,0,no_caries,no_caries,0.6247,0.62468,0.22044,0.03956,0.11532
crops/hibogi_ai_01126_png_15.jpg,hibogi_ai_01126_png,HIBOGI_AI_01126_png_jpg.rf.dd093672a894c069792035565b6b7212.jpg,,0,0,no_caries,mild,0.5349,0.33517,0.53488,0.08186,0.04808
crops/hibogi_ai_01126_png_16.jpg,hibogi_ai_01126_png,HIBOGI_AI_01126_png_jpg.rf.dd093672a894c069792035565b6b7212.jpg,,0,0,no_caries,mild,0.4699,0.21554,0.46993,0.30177,0.01276
crops/hibogi_ai_01126_png_17.jpg,hibogi_ai_01126_png,HIBOGI_AI_01126_png_jpg.rf.dd093672a894c069792035565b6b7212.jpg,,0,0,no_caries,moderate,0.7211,0.14348,0.09952,0.72106,0.03594
crops/hibogi_ai_01166_0.jpg,hibogi_ai_01166,HIBOGI_AI_01166_jpg.rf.8e40ba600225b66804591f54793da23e.jpg,,1,0,mild,mild,0.8683,0.02653,0.86829,0.10214,0.00304
crops/hibogi_ai_01166_1.jpg,hibogi_ai_01166,HIBOGI_AI_01166_jpg.rf.8e40ba600225b66804591f54793da23e.jpg,,1,0,mild,mild,0.5151,0.4252,0.51507,0.04277,0.01696
crops/hibogi_ai_01166_2.jpg,hibogi_ai_01166,HIBOGI_AI_01166_jpg.rf.8e40ba600225b66804591f54793da23e.jpg,,0,0,no_caries,no_caries,0.7345,0.73452,0.08047,0.1452,0.0398
crops/hibogi_ai_01166_3.jpg,hibogi_ai_01166,HIBOGI_AI_01166_jpg.rf.8e40ba600225b66804591f54793da23e.jpg,,0,0,no_caries,no_caries,0.7817,0.78173,0.04687,0.12765,0.04375
crops/hibogi_ai_01166_4.jpg,hibogi_ai_01166,HIBOGI_AI_01166_jpg.rf.8e40ba600225b66804591f54793da23e.jpg,,0,0,no_caries,no_caries,0.7963,0.79632,0.11044,0.05569,0.03756
crops/hibogi_ai_01166_5.jpg,hibogi_ai_01166,HIBOGI_AI_01166_jpg.rf.8e40ba600225b66804591f54793da23e.jpg,,0,0,no_caries,no_caries,0.7452,0.74521,0.12648,0.10227,0.02603
crops/hibogi_ai_01166_6.jpg,hibogi_ai_01166,HIBOGI_AI_01166_jpg.rf.8e40ba600225b66804591f54793da23e.jpg,,0,0,no_caries,no_caries,0.4824,0.48242,0.06133,0.38679,0.06946
crops/hibogi_ai_01166_7.jpg,hibogi_ai_01166,HIBOGI_AI_01166_jpg.rf.8e40ba600225b66804591f54793da23e.jpg,,0,0,no_caries,mild,0.873,0.08639,0.87302,0.03032,0.01027
crops/hibogi_ai_01166_8.jpg,hibogi_ai_01166,HIBOGI_AI_01166_jpg.rf.8e40ba600225b66804591f54793da23e.jpg,,0,0,no_caries,no_caries,0.6158,0.61576,0.26055,0.07654,0.04715
crops/hibogi_ai_01166_9.jpg,hibogi_ai_01166,HIBOGI_AI_01166_jpg.rf.8e40ba600225b66804591f54793da23e.jpg,,5,0,advanced,advanced,0.8148,0.00593,0.0181,0.16121,0.81475
crops/hibogi_ai_01219_0.jpg,hibogi_ai_01219,HIBOGI_AI_01219_jpg.rf.a2cf3face43d6e0e01095a11d8122690.jpg,,1,0,mild,mild,0.5223,0.35395,0.52225,0.09796,0.02584
crops/hibogi_ai_01219_1.jpg,hibogi_ai_01219,HIBOGI_AI_01219_jpg.rf.a2cf3face43d6e0e01095a11d8122690.jpg,,5,0,advanced,moderate,0.9844,0.0012,0.00257,0.98441,0.01182
crops/hibogi_ai_01219_2.jpg,hibogi_ai_01219,HIBOGI_AI_01219_jpg.rf.a2cf3face43d6e0e01095a11d8122690.jpg,,5,0,advanced,moderate,0.5467,0.00307,0.05773,0.54665,0.39255
crops/hibogi_ai_01219_3.jpg,hibogi_ai_01219,HIBOGI_AI_01219_jpg.rf.a2cf3face43d6e0e01095a11d8122690.jpg,,0,0,no_caries,mild,0.6539,0.22855,0.65387,0.09485,0.02273
crops/hibogi_ai_01219_4.jpg,hibogi_ai_01219,HIBOGI_AI_01219_jpg.rf.a2cf3face43d6e0e01095a11d8122690.jpg,,0,0,no_caries,no_caries,0.4204,0.42044,0.13849,0.29828,0.14278
crops/hibogi_ai_01271_png_0.jpg,hibogi_ai_01271_png,HIBOGI_AI_01271_png_jpg.rf.0093373fed8b1656a4d8ce6da2a80291.jpg,,0,0,no_caries,moderate,0.6205,0.23424,0.11363,0.62049,0.03164
crops/hibogi_ai_01271_png_1.jpg,hibogi_ai_01271_png,HIBOGI_AI_01271_png_jpg.rf.0093373fed8b1656a4d8ce6da2a80291.jpg,,0,0,no_caries,no_caries,0.6414,0.6414,0.11421,0.17828,0.06611
crops/hibogi_ai_01271_png_2.jpg,hibogi_ai_01271_png,HIBOGI_AI_01271_png_jpg.rf.0093373fed8b1656a4d8ce6da2a80291.jpg,,0,0,no_caries,no_caries,0.7699,0.76992,0.14432,0.05003,0.03574
crops/hibogi_ai_01271_png_3.jpg,hibogi_ai_01271_png,HIBOGI_AI_01271_png_jpg.rf.0093373fed8b1656a4d8ce6da2a80291.jpg,,0,0,no_caries,no_caries,0.8299,0.82989,0.0755,0.04551,0.04909
crops/hibogi_ai_01271_png_4.jpg,hibogi_ai_01271_png,HIBOGI_AI_01271_png_jpg.rf.0093373fed8b1656a4d8ce6da2a80291.jpg,,0,0,no_caries,no_caries,0.832,0.83204,0.0604,0.06676,0.04079
crops/hibogi_ai_01271_png_5.jpg,hibogi_ai_01271_png,HIBOGI_AI_01271_png_jpg.rf.0093373fed8b1656a4d8ce6da2a80291.jpg,,0,0,no_caries,no_caries,0.824,0.82399,0.0355,0.06386,0.07664
crops/hibogi_ai_01271_png_6.jpg,hibogi_ai_01271_png,HIBOGI_AI_01271_png_jpg.rf.0093373fed8b1656a4d8ce6da2a80291.jpg,,0,0,no_caries,no_caries,0.8097,0.80968,0.07726,0.03857,0.07448
crops/hibogi_ai_01271_png_7.jpg,hibogi_ai_01271_png,HIBOGI_AI_01271_png_jpg.rf.0093373fed8b1656a4d8ce6da2a80291.jpg,,0,0,no_caries,mild,0.6205,0.07383,0.62051,0.28545,0.02021
crops/hibogi_ai_01271_png_8.jpg,hibogi_ai_01271_png,HIBOGI_AI_01271_png_jpg.rf.0093373fed8b1656a4d8ce6da2a80291.jpg,,0,0,no_caries,no_caries,0.6495,0.64952,0.18541,0.12071,0.04437
crops/hibogi_ai_01271_png_9.jpg,hibogi_ai_01271_png,HIBOGI_AI_01271_png_jpg.rf.0093373fed8b1656a4d8ce6da2a80291.jpg,,0,0,no_caries,mild,0.5244,0.38169,0.52437,0.04423,0.04971
crops/hibogi_ai_01271_png_10.jpg,hibogi_ai_01271_png,HIBOGI_AI_01271_png_jpg.rf.0093373fed8b1656a4d8ce6da2a80291.jpg,,0,0,no_caries,no_caries,0.857,0.85699,0.05244,0.05479,0.03578
crops/hibogi_ai_01271_png_11.jpg,hibogi_ai_01271_png,HIBOGI_AI_01271_png_jpg.rf.0093373fed8b1656a4d8ce6da2a80291.jpg,,0,0,no_caries,no_caries,0.7393,0.73926,0.18005,0.04243,0.03826
crops/hibogi_ai_01271_png_12.jpg,hibogi_ai_01271_png,HIBOGI_AI_01271_png_jpg.rf.0093373fed8b1656a4d8ce6da2a80291.jpg,,0,0,no_caries,no_caries,0.8628,0.86277,0.04634,0.04071,0.05018
crops/hibogi_ai_01271_png_13.jpg,hibogi_ai_01271_png,HIBOGI_AI_01271_png_jpg.rf.0093373fed8b1656a4d8ce6da2a80291.jpg,,0,0,no_caries,no_caries,0.9082,0.9082,0.01462,0.04201,0.03518
crops/hibogi_ai_01271_png_14.jpg,hibogi_ai_01271_png,HIBOGI_AI_01271_png_jpg.rf.0093373fed8b1656a4d8ce6da2a80291.jpg,,0,0,no_caries,no_caries,0.8722,0.87222,0.03846,0.03768,0.05163
crops/hibogi_ai_01282_png_0.jpg,hibogi_ai_01282_png,HIBOGI_AI_01282_png_jpg.rf.67ae374fcf39f6a428e6d06e620927a9.jpg,,5,0,advanced,no_caries,0.4321,0.43206,0.17258,0.25449,0.14087
crops/hibogi_ai_01282_png_1.jpg,hibogi_ai_01282_png,HIBOGI_AI_01282_png_jpg.rf.67ae374fcf39f6a428e6d06e620927a9.jpg,,0,0,no_caries,no_caries,0.76,0.75995,0.06978,0.10969,0.06058
crops/hibogi_ai_01282_png_2.jpg,hibogi_ai_01282_png,HIBOGI_AI_01282_png_jpg.rf.67ae374fcf39f6a428e6d06e620927a9.jpg,,0,0,no_caries,no_caries,0.7364,0.73637,0.13998,0.0639,0.05975
crops/hibogi_ai_01282_png_3.jpg,hibogi_ai_01282_png,HIBOGI_AI_01282_png_jpg.rf.67ae374fcf39f6a428e6d06e620927a9.jpg,,0,0,no_caries,no_caries,0.4392,0.43917,0.41715,0.03814,0.10554
crops/hibogi_ai_01282_png_4.jpg,hibogi_ai_01282_png,HIBOGI_AI_01282_png_jpg.rf.67ae374fcf39f6a428e6d06e620927a9.jpg,,0,0,no_caries,no_caries,0.4694,0.46943,0.36044,0.06161,0.10852
crops/hibogi_ai_01282_png_5.jpg,hibogi_ai_01282_png,HIBOGI_AI_01282_png_jpg.rf.67ae374fcf39f6a428e6d06e620927a9.jpg,,4,0,moderate,moderate,0.8568,0.04111,0.09655,0.85675,0.00558
crops/hibogi_ai_01282_png_6.jpg,hibogi_ai_01282_png,HIBOGI_AI_01282_png_jpg.rf.67ae374fcf39f6a428e6d06e620927a9.jpg,,0,0,no_caries,moderate,0.693,0.15029,0.07207,0.69299,0.08466
crops/hibogi_ai_01282_png_7.jpg,hibogi_ai_01282_png,HIBOGI_AI_01282_png_jpg.rf.67ae374fcf39f6a428e6d06e620927a9.jpg,,4,0,moderate,moderate,0.8259,0.10932,0.0342,0.82593,0.03056
crops/hibogi_ai_01282_png_8.jpg,hibogi_ai_01282_png,HIBOGI_AI_01282_png_jpg.rf.67ae374fcf39f6a428e6d06e620927a9.jpg,,0,0,no_caries,moderate,0.681,0.03672,0.17617,0.68098,0.10613
crops/hibogi_ai_01282_png_9.jpg,hibogi_ai_01282_png,HIBOGI_AI_01282_png_jpg.rf.67ae374fcf39f6a428e6d06e620927a9.jpg,,0,0,no_caries,no_caries,0.7648,0.76482,0.15502,0.04996,0.0302
crops/hibogi_ai_01282_png_10.jpg,hibogi_ai_01282_png,HIBOGI_AI_01282_png_jpg.rf.67ae374fcf39f6a428e6d06e620927a9.jpg,,0,0,no_caries,no_caries,0.4773,0.47733,0.27314,0.12584,0.12369
crops/hibogi_ai_01282_png_11.jpg,hibogi_ai_01282_png,HIBOGI_AI_01282_png_jpg.rf.67ae374fcf39f6a428e6d06e620927a9.jpg,,0,0,no_caries,no_caries,0.6162,0.61619,0.27787,0.05615,0.04979
crops/hibogi_ai_01282_png_12.jpg,hibogi_ai_01282_png,HIBOGI_AI_01282_png_jpg.rf.67ae374fcf39f6a428e6d06e620927a9.jpg,,0,0,no_caries,no_caries,0.7468,0.74682,0.11283,0.03508,0.10526
crops/hibogi_ai_01282_png_13.jpg,hibogi_ai_01282_png,HIBOGI_AI_01282_png_jpg.rf.67ae374fcf39f6a428e6d06e620927a9.jpg,,0,0,no_caries,no_caries,0.8401,0.84006,0.08914,0.03786,0.03293
crops/hibogi_ai_01282_png_14.jpg,hibogi_ai_01282_png,HIBOGI_AI_01282_png_jpg.rf.67ae374fcf39f6a428e6d06e620927a9.jpg,,0,0,no_caries,no_caries,0.7582,0.75823,0.14005,0.05052,0.05121
crops/hibogi_ai_01282_png_15.jpg,hibogi_ai_01282_png,HIBOGI_AI_01282_png_jpg.rf.67ae374fcf39f6a428e6d06e620927a9.jpg,,0,0,no_caries,no_caries,0.6337,0.63373,0.1751,0.10117,0.09
crops/hibogi_ai_01282_png_16.jpg,hibogi_ai_01282_png,HIBOGI_AI_01282_png_jpg.rf.67ae374fcf39f6a428e6d06e620927a9.jpg,,2,0,mild,no_caries,0.4393,0.43933,0.41225,0.09872,0.04969
crops/hibogi_ai_01282_png_17.jpg,hibogi_ai_01282_png,HIBOGI_AI_01282_png_jpg.rf.67ae374fcf39f6a428e6d06e620927a9.jpg,,0,0,no_caries,no_caries,0.4777,0.47768,0.37338,0.09999,0.04895
crops/hibogi_ai_01289_png_0.jpg,hibogi_ai_01289_png,HIBOGI_AI_01289_png_jpg.rf.f2f6702881ec05f36195ab088fe48652.jpg,,5,0,advanced,advanced,0.4237,0.20683,0.12277,0.24665,0.42375
crops/hibogi_ai_01289_png_1.jpg,hibogi_ai_01289_png,HIBOGI_AI_01289_png_jpg.rf.f2f6702881ec05f36195ab088fe48652.jpg,,0,0,no_caries,no_caries,0.4523,0.45229,0.34736,0.08493,0.11542
crops/hibogi_ai_01289_png_2.jpg,hibogi_ai_01289_png,HIBOGI_AI_01289_png_jpg.rf.f2f6702881ec05f36195ab088fe48652.jpg,,0,0,no_caries,mild,0.3359,0.13165,0.33589,0.22331,0.30916
crops/hibogi_ai_01289_png_3.jpg,hibogi_ai_01289_png,HIBOGI_AI_01289_png_jpg.rf.f2f6702881ec05f36195ab088fe48652.jpg,,0,0,no_caries,no_caries,0.6193,0.61929,0.27352,0.05171,0.05548
crops/hibogi_ai_01289_png_4.jpg,hibogi_ai_01289_png,HIBOGI_AI_01289_png_jpg.rf.f2f6702881ec05f36195ab088fe48652.jpg,,0,0,no_caries,no_caries,0.8115,0.81154,0.05901,0.06433,0.06513
crops/hibogi_ai_01289_png_5.jpg,hibogi_ai_01289_png,HIBOGI_AI_01289_png_jpg.rf.f2f6702881ec05f36195ab088fe48652.jpg,,0,0,no_caries,no_caries,0.7021,0.70211,0.07259,0.18603,0.03927
crops/hibogi_ai_01289_png_6.jpg,hibogi_ai_01289_png,HIBOGI_AI_01289_png_jpg.rf.f2f6702881ec05f36195ab088fe48652.jpg,,0,0,no_caries,no_caries,0.7708,0.77075,0.05603,0.10777,0.06545
crops/hibogi_ai_01289_png_7.jpg,hibogi_ai_01289_png,HIBOGI_AI_01289_png_jpg.rf.f2f6702881ec05f36195ab088fe48652.jpg,,1,0,mild,no_caries,0.6439,0.64389,0.26119,0.04195,0.05296
crops/hibogi_ai_01289_png_8.jpg,hibogi_ai_01289_png,HIBOGI_AI_01289_png_jpg.rf.f2f6702881ec05f36195ab088fe48652.jpg,,0,0,no_caries,no_caries,0.7373,0.73727,0.11291,0.04577,0.10404
crops/hibogi_ai_01289_png_9.jpg,hibogi_ai_01289_png,HIBOGI_AI_01289_png_jpg.rf.f2f6702881ec05f36195ab088fe48652.jpg,,0,0,no_caries,mild,0.4378,0.32462,0.43782,0.028,0.20955
crops/hibogi_ai_01289_png_10.jpg,hibogi_ai_01289_png,HIBOGI_AI_01289_png_jpg.rf.f2f6702881ec05f36195ab088fe48652.jpg,,6,0,advanced,advanced,0.9688,0.00735,0.01415,0.00968,0.96881
crops/hibogi_ai_01289_png_11.jpg,hibogi_ai_01289_png,HIBOGI_AI_01289_png_jpg.rf.f2f6702881ec05f36195ab088fe48652.jpg,,2,0,mild,advanced,0.3147,0.26879,0.11062,0.30585,0.31474
crops/hibogi_ai_01299_png_0.jpg,hibogi_ai_01299_png,HIBOGI_AI_01299_png_jpg.rf.7967cfe1afadf217bd46bc6164bd975a.jpg,,0,0,no_caries,moderate,0.8787,0.0893,0.02434,0.87867,0.00769
crops/hibogi_ai_01299_png_1.jpg,hibogi_ai_01299_png,HIBOGI_AI_01299_png_jpg.rf.7967cfe1afadf217bd46bc6164bd975a.jpg,,0,0,no_caries,no_caries,0.7424,0.74239,0.03093,0.12866,0.09802
crops/hibogi_ai_01299_png_2.jpg,hibogi_ai_01299_png,HIBOGI_AI_01299_png_jpg.rf.7967cfe1afadf217bd46bc6164bd975a.jpg,,0,0,no_caries,mild,0.7,0.22842,0.70003,0.04478,0.02677
crops/hibogi_ai_01299_png_3.jpg,hibogi_ai_01299_png,HIBOGI_AI_01299_png_jpg.rf.7967cfe1afadf217bd46bc6164bd975a.jpg,,1,0,mild,moderate,0.6786,0.00869,0.31024,0.67858,0.00249
crops/hibogi_ai_01299_png_4.jpg,hibogi_ai_01299_png,HIBOGI_AI_01299_png_jpg.rf.7967cfe1afadf217bd46bc6164bd975a.jpg,,0,0,no_caries,no_caries,0.6824,0.6824,0.13571,0.10202,0.07987
crops/hibogi_ai_01299_png_5.jpg,hibogi_ai_01299_png,HIBOGI_AI_01299_png_jpg.rf.7967cfe1afadf217bd46bc6164bd975a.jpg,,0,0,no_caries,no_caries,0.5923,0.5923,0.26632,0.11586,0.02551
crops/hibogi_ai_01299_png_6.jpg,hibogi_ai_01299_png,HIBOGI_AI_01299_png_jpg.rf.7967cfe1afadf217bd46bc6164bd975a.jpg,,0,0,no_caries,no_caries,0.5023,0.50234,0.3908,0.04305,0.0638
crops/hibogi_ai_01299_png_7.jpg,hibogi_ai_01299_png,HIBOGI_AI_01299_png_jpg.rf.7967cfe1afadf217bd46bc6164bd975a.jpg,,0,0,no_caries,no_caries,0.7585,0.75852,0.1279,0.05051,0.06307
crops/hibogi_ai_01299_png_8.jpg,hibogi_ai_01299_png,HIBOGI_AI_01299_png_jpg.rf.7967cfe1afadf217bd46bc6164bd975a.jpg,,0,0,no_caries,no_caries,0.8467,0.84665,0.03283,0.07082,0.0497
crops/hibogi_ai_01299_png_9.jpg,hibogi_ai_01299_png,HIBOGI_AI_01299_png_jpg.rf.7967cfe1afadf217bd46bc6164bd975a.jpg,,0,0,no_caries,no_caries,0.8569,0.85685,0.02771,0.07901,0.03643
crops/hibogi_ai_01299_png_10.jpg,hibogi_ai_01299_png,HIBOGI_AI_01299_png_jpg.rf.7967cfe1afadf217bd46bc6164bd975a.jpg,,0,0,no_caries,no_caries,0.7978,0.79779,0.08497,0.03928,0.07796
crops/hibogi_ai_01299_png_11.jpg,hibogi_ai_01299_png,HIBOGI_AI_01299_png_jpg.rf.7967cfe1afadf217bd46bc6164bd975a.jpg,,0,0,no_caries,no_caries,0.8031,0.80312,0.08654,0.03169,0.07865
crops/hibogi_ai_01299_png_12.jpg,hibogi_ai_01299_png,HIBOGI_AI_01299_png_jpg.rf.7967cfe1afadf217bd46bc6164bd975a.jpg,,0,0,no_caries,mild,0.4474,0.43462,0.44736,0.04939,0.06864
crops/hibogi_ai_01299_png_13.jpg,hibogi_ai_01299_png,HIBOGI_AI_01299_png_jpg.rf.7967cfe1afadf217bd46bc6164bd975a.jpg,,0,0,no_caries,no_caries,0.3901,0.39014,0.37903,0.16897,0.06187
crops/hibogi_ai_01299_png_14.jpg,hibogi_ai_01299_png,HIBOGI_AI_01299_png_jpg.rf.7967cfe1afadf217bd46bc6164bd975a.jpg,,2,0,mild,mild,0.5262,0.02942,0.52618,0.41462,0.02978
crops/hibogi_ai_01299_png_15.jpg,hibogi_ai_01299_png,HIBOGI_AI_01299_png_jpg.rf.7967cfe1afadf217bd46bc6164bd975a.jpg,,2,0,mild,mild,0.744,0.06844,0.744,0.17011,0.01745
crops/hibogi_ai_01334_png_0.jpg,hibogi_ai_01334_png,HIBOGI_AI_01334_png_jpg.rf.ef30a986397a8fd2ff72e645ed2b487b.jpg,,3,0,moderate,moderate,0.9464,0.00169,0.0172,0.94645,0.03467
crops/hibogi_ai_01334_png_1.jpg,hibogi_ai_01334_png,HIBOGI_AI_01334_png_jpg.rf.ef30a986397a8fd2ff72e645ed2b487b.jpg,,0,0,no_caries,moderate,0.3978,0.13242,0.19162,0.39783,0.27813
crops/hibogi_ai_01334_png_2.jpg,hibogi_ai_01334_png,HIBOGI_AI_01334_png_jpg.rf.ef30a986397a8fd2ff72e645ed2b487b.jpg,,1,0,mild,mild,0.5116,0.19726,0.51165,0.12221,0.16889
crops/hibogi_ai_01334_png_3.jpg,hibogi_ai_01334_png,HIBOGI_AI_01334_png_jpg.rf.ef30a986397a8fd2ff72e645ed2b487b.jpg,,0,0,no_caries,no_caries,0.7966,0.79659,0.14223,0.02218,0.03899
crops/hibogi_ai_01334_png_4.jpg,hibogi_ai_01334_png,HIBOGI_AI_01334_png_jpg.rf.ef30a986397a8fd2ff72e645ed2b487b.jpg,,0,0,no_caries,no_caries,0.8413,0.84131,0.00988,0.11377,0.03504
crops/hibogi_ai_01334_png_5.jpg,hibogi_ai_01334_png,HIBOGI_AI_01334_png_jpg.rf.ef30a986397a8fd2ff72e645ed2b487b.jpg,,0,0,no_caries,no_caries,0.8316,0.83161,0.02152,0.11627,0.03059
crops/hibogi_ai_01334_png_6.jpg,hibogi_ai_01334_png,HIBOGI_AI_01334_png_jpg.rf.ef30a986397a8fd2ff72e645ed2b487b.jpg,,0,0,no_caries,no_caries,0.8033,0.80333,0.03083,0.13492,0.03093
crops/hibogi_ai_01334_png_7.jpg,hibogi_ai_01334_png,HIBOGI_AI_01334_png_jpg.rf.ef30a986397a8fd2ff72e645ed2b487b.jpg,,0,0,no_caries,no_caries,0.8871,0.88705,0.02083,0.06244,0.02967
crops/hibogi_ai_01334_png_8.jpg,hibogi_ai_01334_png,HIBOGI_AI_01334_png_jpg.rf.ef30a986397a8fd2ff72e645ed2b487b.jpg,,0,0,no_caries,no_caries,0.841,0.84101,0.0675,0.04146,0.05003
crops/hibogi_ai_01334_png_9.jpg,hibogi_ai_01334_png,HIBOGI_AI_01334_png_jpg.rf.ef30a986397a8fd2ff72e645ed2b487b.jpg,,0,0,no_caries,no_caries,0.6109,0.61092,0.31949,0.02991,0.03968
crops/hibogi_ai_01334_png_10.jpg,hibogi_ai_01334_png,HIBOGI_AI_01334_png_jpg.rf.ef30a986397a8fd2ff72e645ed2b487b.jpg,,0,0,no_caries,mild,0.7056,0.04233,0.70563,0.23529,0.01675
crops/hibogi_ai_01334_png_11.jpg,hibogi_ai_01334_png,HIBOGI_AI_01334_png_jpg.rf.ef30a986397a8fd2ff72e645ed2b487b.jpg,,3,0,moderate,moderate,0.9227,0.00183,0.05155,0.92271,0.02391
crops/hibogi_ai_01344_png_0.jpg,hibogi_ai_01344_png,HIBOGI_AI_01344_png_jpg.rf.ded7521b564ad41e25324f181f192c8c.jpg,,0,0,no_caries,mild,0.7961,0.02743,0.79607,0.16016,0.01633
crops/hibogi_ai_01344_png_1.jpg,hibogi_ai_01344_png,HIBOGI_AI_01344_png_jpg.rf.ded7521b564ad41e25324f181f192c8c.jpg,,4,0,moderate,moderate,0.7185,0.00665,0.2714,0.71848,0.00347
crops/hibogi_ai_01344_png_2.jpg,hibogi_ai_01344_png,HIBOGI_AI_01344_png_jpg.rf.ded7521b564ad41e25324f181f192c8c.jpg,,0,0,no_caries,mild,0.5643,0.25713,0.56432,0.11084,0.06771
crops/hibogi_ai_01344_png_3.jpg,hibogi_ai_01344_png,HIBOGI_AI_01344_png_jpg.rf.ded7521b564ad41e25324f181f192c8c.jpg,,0,0,no_caries,no_caries,0.8722,0.87223,0.04811,0.05232,0.02734
crops/hibogi_ai_01344_png_4.jpg,hibogi_ai_01344_png,HIBOGI_AI_01344_png_jpg.rf.ded7521b564ad41e25324f181f192c8c.jpg,,2,0,mild,mild,0.6317,0.28273,0.6317,0.01203,0.07354
crops/hibogi_ai_01344_png_5.jpg,hibogi_ai_01344_png,HIBOGI_AI_01344_png_jpg.rf.ded7521b564ad41e25324f181f192c8c.jpg,,2,0,mild,no_caries,0.6945,0.69451,0.19697,0.04667,0.06185
crops/hibogi_ai_01344_png_6.jpg,hibogi_ai_01344_png,HIBOGI_AI_01344_png_jpg.rf.ded7521b564ad41e25324f181f192c8c.jpg,,2,0,mild,no_caries,0.7948,0.7948,0.11618,0.03638,0.05264
crops/hibogi_ai_01344_png_7.jpg,hibogi_ai_01344_png,HIBOGI_AI_01344_png_jpg.rf.ded7521b564ad41e25324f181f192c8c.jpg,,1,0,mild,no_caries,0.6795,0.67953,0.22389,0.02772,0.06887
crops/hibogi_ai_01344_png_8.jpg,hibogi_ai_01344_png,HIBOGI_AI_01344_png_jpg.rf.ded7521b564ad41e25324f181f192c8c.jpg,,1,0,mild,no_caries,0.7822,0.78219,0.11156,0.07849,0.02776
crops/hibogi_ai_01344_png_9.jpg,hibogi_ai_01344_png,HIBOGI_AI_01344_png_jpg.rf.ded7521b564ad41e25324f181f192c8c.jpg,,4,0,moderate,moderate,0.9059,0.00314,0.0889,0.90591,0.00205
crops/hibogi_ai_01344_png_10.jpg,hibogi_ai_01344_png,HIBOGI_AI_01344_png_jpg.rf.ded7521b564ad41e25324f181f192c8c.jpg,,5,0,advanced,mild,0.5433,0.02775,0.54329,0.4068,0.02216
crops/hibogi_ai_01346_png_0.jpg,hibogi_ai_01346_png,HIBOGI_AI_01346_png_jpg.rf.c567700f6ea1b9441569c637808efae2.jpg,,0,0,no_caries,no_caries,0.7826,0.78264,0.13312,0.04771,0.03653
crops/hibogi_ai_01346_png_1.jpg,hibogi_ai_01346_png,HIBOGI_AI_01346_png_jpg.rf.c567700f6ea1b9441569c637808efae2.jpg,,0,0,no_caries,no_caries,0.699,0.69905,0.19756,0.03816,0.06524
crops/hibogi_ai_01346_png_2.jpg,hibogi_ai_01346_png,HIBOGI_AI_01346_png_jpg.rf.c567700f6ea1b9441569c637808efae2.jpg,,0,0,no_caries,no_caries,0.9315,0.93154,0.01617,0.02862,0.02368
crops/hibogi_ai_01346_png_3.jpg,hibogi_ai_01346_png,HIBOGI_AI_01346_png_jpg.rf.c567700f6ea1b9441569c637808efae2.jpg,,0,0,no_caries,no_caries,0.9103,0.91034,0.03179,0.02764,0.03024
crops/hibogi_ai_01346_png_4.jpg,hibogi_ai_01346_png,HIBOGI_AI_01346_png_jpg.rf.c567700f6ea1b9441569c637808efae2.jpg,,0,0,no_caries,no_caries,0.83,0.83004,0.06921,0.05466,0.04609
crops/hibogi_ai_01346_png_5.jpg,hibogi_ai_01346_png,HIBOGI_AI_01346_png_jpg.rf.c567700f6ea1b9441569c637808efae2.jpg,,0,0,no_caries,no_caries,0.9179,0.91786,0.0124,0.04709,0.02264
crops/hibogi_ai_01346_png_6.jpg,hibogi_ai_01346_png,HIBOGI_AI_01346_png_jpg.rf.c567700f6ea1b9441569c637808efae2.jpg,,0,0,no_caries,no_caries,0.7599,0.75993,0.15266,0.036,0.05141
crops/hibogi_ai_01346_png_7.jpg,hibogi_ai_01346_png,HIBOGI_AI_01346_png_jpg.rf.c567700f6ea1b9441569c637808efae2.jpg,,0,0,no_caries,mild,0.4476,0.40237,0.4476,0.07129,0.07874
crops/hibogi_ai_01346_png_8.jpg,hibogi_ai_01346_png,HIBOGI_AI_01346_png_jpg.rf.c567700f6ea1b9441569c637808efae2.jpg,,0,0,no_caries,no_caries,0.7211,0.72113,0.13975,0.04928,0.08984
crops/hibogi_ai_01346_png_9.jpg,hibogi_ai_01346_png,HIBOGI_AI_01346_png_jpg.rf.c567700f6ea1b9441569c637808efae2.jpg,,0,0,no_caries,mild,0.5461,0.30119,0.54614,0.12931,0.02336
crops/hibogi_ai_01346_png_10.jpg,hibogi_ai_01346_png,HIBOGI_AI_01346_png_jpg.rf.c567700f6ea1b9441569c637808efae2.jpg,,0,0,no_caries,no_caries,0.8213,0.82126,0.06234,0.07058,0.04582
crops/hibogi_ai_01346_png_11.jpg,hibogi_ai_01346_png,HIBOGI_AI_01346_png_jpg.rf.c567700f6ea1b9441569c637808efae2.jpg,,0,0,no_caries,no_caries,0.7405,0.74054,0.12195,0.07783,0.05968
crops/hibogi_ai_01346_png_12.jpg,hibogi_ai_01346_png,HIBOGI_AI_01346_png_jpg.rf.c567700f6ea1b9441569c637808efae2.jpg,,0,0,no_caries,no_caries,0.8476,0.84756,0.07092,0.03185,0.04967
crops/hibogi_ai_01346_png_13.jpg,hibogi_ai_01346_png,HIBOGI_AI_01346_png_jpg.rf.c567700f6ea1b9441569c637808efae2.jpg,,0,0,no_caries,no_caries,0.8666,0.86657,0.03964,0.03469,0.0591
crops/hibogi_ai_01346_png_14.jpg,hibogi_ai_01346_png,HIBOGI_AI_01346_png_jpg.rf.c567700f6ea1b9441569c637808efae2.jpg,,0,0,no_caries,no_caries,0.883,0.88296,0.03022,0.05051,0.03631
crops/hibogi_ai_01346_png_15.jpg,hibogi_ai_01346_png,HIBOGI_AI_01346_png_jpg.rf.c567700f6ea1b9441569c637808efae2.jpg,,0,0,no_caries,no_caries,0.7749,0.77491,0.09045,0.08475,0.04988
crops/hibogi_ai_01346_png_16.jpg,hibogi_ai_01346_png,HIBOGI_AI_01346_png_jpg.rf.c567700f6ea1b9441569c637808efae2.jpg,,0,0,no_caries,no_caries,0.8922,0.89224,0.0168,0.06154,0.02942
crops/hibogi_ai_01359_png_0.jpg,hibogi_ai_01359_png,HIBOGI_AI_01359_png_jpg.rf.44255e633409cf56f41932449944916d.jpg,,4,0,moderate,moderate,0.572,0.13398,0.22666,0.57204,0.06731
crops/hibogi_ai_01359_png_1.jpg,hibogi_ai_01359_png,HIBOGI_AI_01359_png_jpg.rf.44255e633409cf56f41932449944916d.jpg,,2,0,mild,mild,0.9068,0.03438,0.90684,0.04895,0.00983
crops/hibogi_ai_01359_png_2.jpg,hibogi_ai_01359_png,HIBOGI_AI_01359_png_jpg.rf.44255e633409cf56f41932449944916d.jpg,,3,0,moderate,mild,0.473,0.18455,0.47296,0.28956,0.05293
crops/hibogi_ai_01359_png_3.jpg,hibogi_ai_01359_png,HIBOGI_AI_01359_png_jpg.rf.44255e633409cf56f41932449944916d.jpg,,3,0,moderate,moderate,0.7489,0.05301,0.14379,0.74892,0.05428
crops/hibogi_ai_01359_png_4.jpg,hibogi_ai_01359_png,HIBOGI_AI_01359_png_jpg.rf.44255e633409cf56f41932449944916d.jpg,,3,0,moderate,no_caries,0.8803,0.88028,0.03733,0.05472,0.02766
crops/hibogi_ai_01359_png_5.jpg,hibogi_ai_01359_png,HIBOGI_AI_01359_png_jpg.rf.44255e633409cf56f41932449944916d.jpg,,1,0,mild,no_caries,0.865,0.86499,0.0367,0.02555,0.07275
crops/hibogi_ai_01359_png_6.jpg,hibogi_ai_01359_png,HIBOGI_AI_01359_png_jpg.rf.44255e633409cf56f41932449944916d.jpg,,0,0,no_caries,no_caries,0.5692,0.56922,0.1668,0.13647,0.12751
crops/hibogi_ai_01359_png_7.jpg,hibogi_ai_01359_png,HIBOGI_AI_01359_png_jpg.rf.44255e633409cf56f41932449944916d.jpg,,0,0,no_caries,advanced,0.3914,0.34244,0.08916,0.17702,0.39138
crops/hibogi_ai_01359_png_8.jpg,hibogi_ai_01359_png,HIBOGI_AI_01359_png_jpg.rf.44255e633409cf56f41932449944916d.jpg,,0,0,no_caries,no_caries,0.6974,0.69738,0.18227,0.08811,0.03224
crops/hibogi_ai_01359_png_9.jpg,hibogi_ai_01359_png,HIBOGI_AI_01359_png_jpg.rf.44255e633409cf56f41932449944916d.jpg,,0,0,no_caries,no_caries,0.7032,0.70316,0.13431,0.07436,0.08817
crops/hibogi_ai_01359_png_10.jpg,hibogi_ai_01359_png,HIBOGI_AI_01359_png_jpg.rf.44255e633409cf56f41932449944916d.jpg,,3,0,moderate,moderate,0.9278,0.00293,0.03719,0.92776,0.03212
crops/hibogi_ai_01359_png_11.jpg,hibogi_ai_01359_png,HIBOGI_AI_01359_png_jpg.rf.44255e633409cf56f41932449944916d.jpg,,5,0,advanced,mild,0.747,0.00572,0.747,0.17085,0.07644
crops/hibogi_ai_01376_png_0.jpg,hibogi_ai_01376_png,HIBOGI_AI_01376_png_jpg.rf.1db4c4edb7bb0c3ce1cf542b34de2b62.jpg,,0,0,no_caries,no_caries,0.5017,0.50175,0.35754,0.09441,0.0463
crops/hibogi_ai_01376_png_1.jpg,hibogi_ai_01376_png,HIBOGI_AI_01376_png_jpg.rf.1db4c4edb7bb0c3ce1cf542b34de2b62.jpg,,0,0,no_caries,no_caries,0.531,0.53096,0.34556,0.07201,0.05147
crops/hibogi_ai_01376_png_2.jpg,hibogi_ai_01376_png,HIBOGI_AI_01376_png_jpg.rf.1db4c4edb7bb0c3ce1cf542b34de2b62.jpg,,0,0,no_caries,moderate,0.87,0.06398,0.05673,0.86996,0.00934
crops/hibogi_ai_01376_png_3.jpg,hibogi_ai_01376_png,HIBOGI_AI_01376_png_jpg.rf.1db4c4edb7bb0c3ce1cf542b34de2b62.jpg,,0,0,no_caries,no_caries,0.7175,0.71751,0.06272,0.07332,0.14645
crops/hibogi_ai_01376_png_4.jpg,hibogi_ai_01376_png,HIBOGI_AI_01376_png_jpg.rf.1db4c4edb7bb0c3ce1cf542b34de2b62.jpg,,0,0,no_caries,mild,0.5262,0.34786,0.52624,0.07974,0.04615
crops/hibogi_ai_01376_png_5.jpg,hibogi_ai_01376_png,HIBOGI_AI_01376_png_jpg.rf.1db4c4edb7bb0c3ce1cf542b34de2b62.jpg,,0,0,no_caries,mild,0.5792,0.29097,0.57924,0.05211,0.07769
crops/hibogi_ai_01376_png_7.jpg,hibogi_ai_01376_png,HIBOGI_AI_01376_png_jpg.rf.1db4c4edb7bb0c3ce1cf542b34de2b62.jpg,,0,0,no_caries,mild,0.4656,0.17524,0.4656,0.27623,0.08293
crops/hibogi_ai_01376_png_8.jpg,hibogi_ai_01376_png,HIBOGI_AI_01376_png_jpg.rf.1db4c4edb7bb0c3ce1cf542b34de2b62.jpg,,0,0,no_caries,no_caries,0.5271,0.5271,0.2872,0.07497,0.11073
crops/hibogi_ai_01376_png_9.jpg,hibogi_ai_01376_png,HIBOGI_AI_01376_png_jpg.rf.1db4c4edb7bb0c3ce1cf542b34de2b62.jpg,,0,0,no_caries,no_caries,0.6187,0.61866,0.18931,0.08951,0.10253
crops/hibogi_ai_01376_png_10.jpg,hibogi_ai_01376_png,HIBOGI_AI_01376_png_jpg.rf.1db4c4edb7bb0c3ce1cf542b34de2b62.jpg,,0,0,no_caries,no_caries,0.795,0.79501,0.05549,0.0707,0.07879
crops/hibogi_ai_01376_png_11.jpg,hibogi_ai_01376_png,HIBOGI_AI_01376_png_jpg.rf.1db4c4edb7bb0c3ce1cf542b34de2b62.jpg,,0,0,no_caries,no_caries,0.6303,0.63033,0.25718,0.05113,0.06137
crops/hibogi_ai_01376_png_12.jpg,hibogi_ai_01376_png,HIBOGI_AI_01376_png_jpg.rf.1db4c4edb7bb0c3ce1cf542b34de2b62.jpg,,0,0,no_caries,mild,0.9128,0.07089,0.91283,0.00401,0.01227
crops/hibogi_ai_01376_png_13.jpg,hibogi_ai_01376_png,HIBOGI_AI_01376_png_jpg.rf.1db4c4edb7bb0c3ce1cf542b34de2b62.jpg,,0,0,no_caries,no_caries,0.5865,0.58653,0.32453,0.02892,0.06002
crops/hibogi_ai_01376_png_14.jpg,hibogi_ai_01376_png,HIBOGI_AI_01376_png_jpg.rf.1db4c4edb7bb0c3ce1cf542b34de2b62.jpg,,0,0,no_caries,no_caries,0.4829,0.48286,0.40976,0.04517,0.06221
crops/hibogi_ai_01376_png_15.jpg,hibogi_ai_01376_png,HIBOGI_AI_01376_png_jpg.rf.1db4c4edb7bb0c3ce1cf542b34de2b62.jpg,,0,0,no_caries,no_caries,0.7536,0.7536,0.15408,0.04622,0.04611
crops/hibogi_ai_01376_png_16.jpg,hibogi_ai_01376_png,HIBOGI_AI_01376_png_jpg.rf.1db4c4edb7bb0c3ce1cf542b34de2b62.jpg,,0,0,no_caries,no_caries,0.4412,0.4412,0.23008,0.2497,0.07902
crops/hibogi_ai_01376_png_17.jpg,hibogi_ai_01376_png,HIBOGI_AI_01376_png_jpg.rf.1db4c4edb7bb0c3ce1cf542b34de2b62.jpg,,0,0,no_caries,moderate,0.4827,0.17945,0.29262,0.48273,0.04521
crops/hibogi_ai_01408_png_0.jpg,hibogi_ai_01408_png,HIBOGI_AI_01408_png_jpg.rf.673f26331bfd4b38a1117f91207b4b3e.jpg,,0,0,no_caries,no_caries,0.8607,0.86067,0.02179,0.08026,0.03728
crops/hibogi_ai_01408_png_1.jpg,hibogi_ai_01408_png,HIBOGI_AI_01408_png_jpg.rf.673f26331bfd4b38a1117f91207b4b3e.jpg,,0,0,no_caries,no_caries,0.8891,0.8891,0.02258,0.03904,0.04928
crops/hibogi_ai_01408_png_2.jpg,hibogi_ai_01408_png,HIBOGI_AI_01408_png_jpg.rf.673f26331bfd4b38a1117f91207b4b3e.jpg,,0,0,no_caries,no_caries,0.8828,0.88277,0.0223,0.05758,0.03735
crops/hibogi_ai_01408_png_3.jpg,hibogi_ai_01408_png,HIBOGI_AI_01408_png_jpg.rf.673f26331bfd4b38a1117f91207b4b3e.jpg,,0,0,no_caries,no_caries,0.7222,0.72221,0.04281,0.11694,0.11804
crops/hibogi_ai_01408_png_4.jpg,hibogi_ai_01408_png,HIBOGI_AI_01408_png_jpg.rf.673f26331bfd4b38a1117f91207b4b3e.jpg,,0,0,no_caries,no_caries,0.8266,0.82664,0.06829,0.06285,0.04222
crops/hibogi_ai_01408_png_5.jpg,hibogi_ai_01408_png,HIBOGI_AI_01408_png_jpg.rf.673f26331bfd4b38a1117f91207b4b3e.jpg,,0,0,no_caries,mild,0.4534,0.45188,0.45341,0.06759,0.02711
crops/hibogi_ai_01408_png_6.jpg,hibogi_ai_01408_png,HIBOGI_AI_01408_png_jpg.rf.673f26331bfd4b38a1117f91207b4b3e.jpg,,0,0,no_caries,mild,0.6977,0.08224,0.69775,0.21125,0.00876
crops/hibogi_ai_01408_png_7.jpg,hibogi_ai_01408_png,HIBOGI_AI_01408_png_jpg.rf.673f26331bfd4b38a1117f91207b4b3e.jpg,,0,0,no_caries,no_caries,0.7653,0.76533,0.11983,0.04257,0.07228
crops/hibogi_ai_01408_png_8.jpg,hibogi_ai_01408_png,HIBOGI_AI_01408_png_jpg.rf.673f26331bfd4b38a1117f91207b4b3e.jpg,,0,0,no_caries,no_caries,0.7969,0.79694,0.03613,0.07084,0.09609
crops/hibogi_ai_01408_png_9.jpg,hibogi_ai_01408_png,HIBOGI_AI_01408_png_jpg.rf.673f26331bfd4b38a1117f91207b4b3e.jpg,,0,0,no_caries,no_caries,0.8828,0.88281,0.01976,0.04851,0.04892
crops/hibogi_ai_01408_png_10.jpg,hibogi_ai_01408_png,HIBOGI_AI_01408_png_jpg.rf.673f26331bfd4b38a1117f91207b4b3e.jpg,,0,0,no_caries,no_caries,0.8942,0.89422,0.04174,0.03249,0.03155
crops/hibogi_ai_01408_png_11.jpg,hibogi_ai_01408_png,HIBOGI_AI_01408_png_jpg.rf.673f26331bfd4b38a1117f91207b4b3e.jpg,,0,0,no_caries,no_caries,0.6415,0.6415,0.28355,0.03931,0.03564
crops/hibogi_ai_01408_png_12.jpg,hibogi_ai_01408_png,HIBOGI_AI_01408_png_jpg.rf.673f26331bfd4b38a1117f91207b4b3e.jpg,,0,0,no_caries,no_caries,0.8316,0.83163,0.08709,0.03933,0.04194
crops/hibogi_ai_01425_png_0.jpg,hibogi_ai_01425_png,HIBOGI_AI_01425_png_jpg.rf.621d19ec582fad0d5758758f525b3f78.jpg,,0,0,no_caries,no_caries,0.7241,0.72409,0.09016,0.10431,0.08144
crops/hibogi_ai_01425_png_1.jpg,hibogi_ai_01425_png,HIBOGI_AI_01425_png_jpg.rf.621d19ec582fad0d5758758f525b3f78.jpg,,0,0,no_caries,no_caries,0.7419,0.74194,0.14595,0.06226,0.04985
crops/hibogi_ai_01425_png_2.jpg,hibogi_ai_01425_png,HIBOGI_AI_01425_png_jpg.rf.621d19ec582fad0d5758758f525b3f78.jpg,,0,0,no_caries,no_caries,0.7687,0.76872,0.07169,0.10127,0.05833
crops/hibogi_ai_01425_png_3.jpg,hibogi_ai_01425_png,HIBOGI_AI_01425_png_jpg.rf.621d19ec582fad0d5758758f525b3f78.jpg,,0,0,no_caries,no_caries,0.7714,0.77142,0.0925,0.05974,0.07634
crops/hibogi_ai_01425_png_4.jpg,hibogi_ai_01425_png,HIBOGI_AI_01425_png_jpg.rf.621d19ec582fad0d5758758f525b3f78.jpg,,5,0,advanced,advanced,0.9631,0.00769,0.01684,0.01238,0.9631
crops/hibogi_ai_01425_png_5.jpg,hibogi_ai_01425_png,HIBOGI_AI_01425_png_jpg.rf.621d19ec582fad0d5758758f525b3f78.jpg,,0,0,no_caries,no_caries,0.8224,0.82239,0.08692,0.03947,0.05122
crops/hibogi_ai_01425_png_6.jpg,hibogi_ai_01425_png,HIBOGI_AI_01425_png_jpg.rf.621d19ec582fad0d5758758f525b3f78.jpg,,0,0,no_caries,mild,0.6177,0.24503,0.61775,0.04139,0.09583
crops/hibogi_ai_01425_png_7.jpg,hibogi_ai_01425_png,HIBOGI_AI_01425_png_jpg.rf.621d19ec582fad0d5758758f525b3f78.jpg,,0,0,no_caries,no_caries,0.5853,0.58526,0.28987,0.07387,0.051
crops/hibogi_ai_01425_png_8.jpg,hibogi_ai_01425_png,HIBOGI_AI_01425_png_jpg.rf.621d19ec582fad0d5758758f525b3f78.jpg,,0,0,no_caries,no_caries,0.6755,0.67552,0.14011,0.07462,0.10975
crops/hibogi_ai_01425_png_9.jpg,hibogi_ai_01425_png,HIBOGI_AI_01425_png_jpg.rf.621d19ec582fad0d5758758f525b3f78.jpg,,0,0,no_caries,no_caries,0.7188,0.71878,0.09953,0.10292,0.07877
crops/hibogi_ai_01425_png_10.jpg,hibogi_ai_01425_png,HIBOGI_AI_01425_png_jpg.rf.621d19ec582fad0d5758758f525b3f78.jpg,,0,0,no_caries,no_caries,0.8624,0.86243,0.03491,0.06164,0.04102
crops/hibogi_ai_01425_png_11.jpg,hibogi_ai_01425_png,HIBOGI_AI_01425_png_jpg.rf.621d19ec582fad0d5758758f525b3f78.jpg,,0,0,no_caries,no_caries,0.7878,0.78776,0.06617,0.09595,0.05011
crops/hibogi_ai_01425_png_12.jpg,hibogi_ai_01425_png,HIBOGI_AI_01425_png_jpg.rf.621d19ec582fad0d5758758f525b3f78.jpg,,0,0,no_caries,no_caries,0.6563,0.65634,0.10315,0.1503,0.0902
crops/hibogi_ai_01425_png_13.jpg,hibogi_ai_01425_png,HIBOGI_AI_01425_png_jpg.rf.621d19ec582fad0d5758758f525b3f78.jpg,,0,0,no_caries,no_caries,0.8405,0.84049,0.06586,0.05233,0.04131
crops/hibogi_ai_01425_png_14.jpg,hibogi_ai_01425_png,HIBOGI_AI_01425_png_jpg.rf.621d19ec582fad0d5758758f525b3f78.jpg,,0,0,no_caries,no_caries,0.7292,0.72922,0.1822,0.05335,0.03522
crops/hibogi_ai_01425_png_15.jpg,hibogi_ai_01425_png,HIBOGI_AI_01425_png_jpg.rf.621d19ec582fad0d5758758f525b3f78.jpg,,0,0,no_caries,moderate,0.3654,0.20905,0.29481,0.36543,0.13071
crops/hibogi_ai_01426_png_0.jpg,hibogi_ai_01426_png,HIBOGI_AI_01426_png_jpg.rf.dcecd38dd044b1c223f2ee47bb84eee3.jpg,,3,0,moderate,moderate,0.5451,0.02301,0.42113,0.54506,0.01079
crops/hibogi_ai_01426_png_1.jpg,hibogi_ai_01426_png,HIBOGI_AI_01426_png_jpg.rf.dcecd38dd044b1c223f2ee47bb84eee3.jpg,,3,0,moderate,moderate,0.6402,0.02357,0.15267,0.64022,0.18354
crops/hibogi_ai_01426_png_2.jpg,hibogi_ai_01426_png,HIBOGI_AI_01426_png_jpg.rf.dcecd38dd044b1c223f2ee47bb84eee3.jpg,,6,0,advanced,advanced,0.8971,0.01123,0.0353,0.05641,0.89706
crops/hibogi_ai_01426_png_3.jpg,hibogi_ai_01426_png,HIBOGI_AI_01426_png_jpg.rf.dcecd38dd044b1c223f2ee47bb84eee3.jpg,,3,0,moderate,moderate,0.9268,0.01795,0.01457,0.92677,0.04072
crops/hibogi_ai_01426_png_4.jpg,hibogi_ai_01426_png,HIBOGI_AI_01426_png_jpg.rf.dcecd38dd044b1c223f2ee47bb84eee3.jpg,,2,0,mild,no_caries,0.4827,0.48268,0.38758,0.09701,0.03273
crops/hibogi_ai_01426_png_5.jpg,hibogi_ai_01426_png,HIBOGI_AI_01426_png_jpg.rf.dcecd38dd044b1c223f2ee47bb84eee3.jpg,,0,0,no_caries,no_caries,0.8663,0.8663,0.02587,0.08154,0.02629
crops/hibogi_ai_01426_png_6.jpg,hibogi_ai_01426_png,HIBOGI_AI_01426_png_jpg.rf.dcecd38dd044b1c223f2ee47bb84eee3.jpg,,0,0,no_caries,no_caries,0.8456,0.84556,0.04254,0.06143,0.05048
crops/hibogi_ai_01426_png_7.jpg,hibogi_ai_01426_png,HIBOGI_AI_01426_png_jpg.rf.dcecd38dd044b1c223f2ee47bb84eee3.jpg,,0,0,no_caries,no_caries,0.7192,0.71921,0.15792,0.0769,0.04598
crops/hibogi_ai_01426_png_8.jpg,hibogi_ai_01426_png,HIBOGI_AI_01426_png_jpg.rf.dcecd38dd044b1c223f2ee47bb84eee3.jpg,,5,0,advanced,advanced,0.9586,0.01358,0.01244,0.0154,0.95857
crops/hibogi_ai_01426_png_9.jpg,hibogi_ai_01426_png,HIBOGI_AI_01426_png_jpg.rf.dcecd38dd044b1c223f2ee47bb84eee3.jpg,,5,0,advanced,advanced,0.938,0.00813,0.01513,0.03869,0.93805
crops/hibogi_ai_01426_png_10.jpg,hibogi_ai_01426_png,HIBOGI_AI_01426_png_jpg.rf.dcecd38dd044b1c223f2ee47bb84eee3.jpg,,1,0,mild,no_caries,0.6826,0.68255,0.09378,0.0701,0.15356
crops/hibogi_ai_01426_png_11.jpg,hibogi_ai_01426_png,HIBOGI_AI_01426_png_jpg.rf.dcecd38dd044b1c223f2ee47bb84eee3.jpg,,0,0,no_caries,no_caries,0.4604,0.46042,0.16047,0.2224,0.15672
crops/hibogi_ai_01426_png_12.jpg,hibogi_ai_01426_png,HIBOGI_AI_01426_png_jpg.rf.dcecd38dd044b1c223f2ee47bb84eee3.jpg,,4,0,moderate,no_caries,0.6946,0.69459,0.12304,0.15473,0.02765
crops/hibogi_ai_01429_png_0.jpg,hibogi_ai_01429_png,HIBOGI_AI_01429_png_jpg.rf.36fb1172234d4d61a90754d029acc289.jpg,,0,0,no_caries,no_caries,0.7681,0.76811,0.11522,0.05661,0.06006
crops/hibogi_ai_01429_png_1.jpg,hibogi_ai_01429_png,HIBOGI_AI_01429_png_jpg.rf.36fb1172234d4d61a90754d029acc289.jpg,,0,0,no_caries,no_caries,0.5486,0.54859,0.02843,0.07546,0.34751
crops/hibogi_ai_01429_png_2.jpg,hibogi_ai_01429_png,HIBOGI_AI_01429_png_jpg.rf.36fb1172234d4d61a90754d029acc289.jpg,,0,0,no_caries,no_caries,0.7598,0.75983,0.03461,0.1058,0.09976
crops/hibogi_ai_01429_png_3.jpg,hibogi_ai_01429_png,HIBOGI_AI_01429_png_jpg.rf.36fb1172234d4d61a90754d029acc289.jpg,,0,0,no_caries,no_caries,0.8365,0.83652,0.04198,0.05055,0.07095
crops/hibogi_ai_01429_png_4.jpg,hibogi_ai_01429_png,HIBOGI_AI_01429_png_jpg.rf.36fb1172234d4d61a90754d029acc289.jpg,,6,0,advanced,moderate,0.5586,0.03272,0.24087,0.55861,0.16779
crops/hibogi_ai_01429_png_5.jpg,hibogi_ai_01429_png,HIBOGI_AI_01429_png_jpg.rf.36fb1172234d4d61a90754d029acc289.jpg,,6,0,advanced,advanced,0.9433,0.01748,0.01758,0.02163,0.94331
crops/hibogi_ai_01429_png_6.jpg,hibogi_ai_01429_png,HIBOGI_AI_01429_png_jpg.rf.36fb1172234d4d61a90754d029acc289.jpg,,0,0,no_caries,no_caries,0.7324,0.73239,0.08394,0.12107,0.06259
crops/hibogi_ai_01429_png_7.jpg,hibogi_ai_01429_png,HIBOGI_AI_01429_png_jpg.rf.36fb1172234d4d61a90754d029acc289.jpg,,0,0,no_caries,no_caries,0.6414,0.64141,0.01437,0.30086,0.04335
crops/hibogi_ai_01429_png_8.jpg,hibogi_ai_01429_png,HIBOGI_AI_01429_png_jpg.rf.36fb1172234d4d61a90754d029acc289.jpg,,0,0,no_caries,no_caries,0.7815,0.78153,0.03498,0.11494,0.06855
crops/hibogi_ai_01429_png_9.jpg,hibogi_ai_01429_png,HIBOGI_AI_01429_png_jpg.rf.36fb1172234d4d61a90754d029acc289.jpg,,0,0,no_caries,no_caries,0.4876,0.48758,0.4204,0.02802,0.064
crops/hibogi_ai_01429_png_10.jpg,hibogi_ai_01429_png,HIBOGI_AI_01429_png_jpg.rf.36fb1172234d4d61a90754d029acc289.jpg,,3,0,moderate,moderate,0.5154,0.26115,0.19105,0.51543,0.03237
crops/hibogi_ai_01429_png_11.jpg,hibogi_ai_01429_png,HIBOGI_AI_01429_png_jpg.rf.36fb1172234d4d61a90754d029acc289.jpg,,6,0,advanced,advanced,0.9732,0.00739,0.00837,0.01104,0.9732
crops/hibogi_ai_01432_png_0.jpg,hibogi_ai_01432_png,HIBOGI_AI_01432_png_jpg.rf.baf0224fa60e01b44a3a250926f39a82.jpg,,5,0,advanced,mild,0.4071,0.20297,0.40709,0.36316,0.02678
crops/hibogi_ai_01432_png_1.jpg,hibogi_ai_01432_png,HIBOGI_AI_01432_png_jpg.rf.baf0224fa60e01b44a3a250926f39a82.jpg,,0,0,no_caries,no_caries,0.4469,0.44686,0.0387,0.33542,0.17902
crops/hibogi_ai_01432_png_2.jpg,hibogi_ai_01432_png,HIBOGI_AI_01432_png_jpg.rf.baf0224fa60e01b44a3a250926f39a82.jpg,,0,0,no_caries,no_caries,0.9219,0.9219,0.01752,0.02385,0.03673
crops/hibogi_ai_01432_png_3.jpg,hibogi_ai_01432_png,HIBOGI_AI_01432_png_jpg.rf.baf0224fa60e01b44a3a250926f39a82.jpg,,0,0,no_caries,no_caries,0.8757,0.8757,0.02537,0.02828,0.07065
crops/hibogi_ai_01432_png_4.jpg,hibogi_ai_01432_png,HIBOGI_AI_01432_png_jpg.rf.baf0224fa60e01b44a3a250926f39a82.jpg,,0,0,no_caries,no_caries,0.5881,0.58807,0.10972,0.22673,0.07548
crops/hibogi_ai_01432_png_5.jpg,hibogi_ai_01432_png,HIBOGI_AI_01432_png_jpg.rf.baf0224fa60e01b44a3a250926f39a82.jpg,,0,0,no_caries,no_caries,0.8529,0.85291,0.05405,0.04023,0.05281
crops/hibogi_ai_01432_png_6.jpg,hibogi_ai_01432_png,HIBOGI_AI_01432_png_jpg.rf.baf0224fa60e01b44a3a250926f39a82.jpg,,0,0,no_caries,no_caries,0.8823,0.88235,0.04522,0.03301,0.03942
crops/hibogi_ai_01432_png_7.jpg,hibogi_ai_01432_png,HIBOGI_AI_01432_png_jpg.rf.baf0224fa60e01b44a3a250926f39a82.jpg,,0,0,no_caries,mild,0.3589,0.174,0.35893,0.19796,0.26911
crops/hibogi_ai_01432_png_8.jpg,hibogi_ai_01432_png,HIBOGI_AI_01432_png_jpg.rf.baf0224fa60e01b44a3a250926f39a82.jpg,,5,0,advanced,advanced,0.8259,0.03421,0.07092,0.06894,0.82593
crops/hibogi_ai_01435_png_0.jpg,hibogi_ai_01435_png,HIBOGI_AI_01435_png_jpg.rf.2957e93d992cdc461e5fcde3b9ddebfd.jpg,,0,0,no_caries,no_caries,0.6776,0.67758,0.05344,0.1825,0.08647
crops/hibogi_ai_01435_png_1.jpg,hibogi_ai_01435_png,HIBOGI_AI_01435_png_jpg.rf.2957e93d992cdc461e5fcde3b9ddebfd.jpg,,0,0,no_caries,no_caries,0.733,0.73296,0.04952,0.08154,0.13598
crops/hibogi_ai_01435_png_2.jpg,hibogi_ai_01435_png,HIBOGI_AI_01435_png_jpg.rf.2957e93d992cdc461e5fcde3b9ddebfd.jpg,,0,0,no_caries,moderate,0.8952,0.03637,0.00538,0.89524,0.06301
crops/hibogi_ai_01435_png_3.jpg,hibogi_ai_01435_png,HIBOGI_AI_01435_png_jpg.rf.2957e93d992cdc461e5fcde3b9ddebfd.jpg,,0,0,no_caries,no_caries,0.7464,0.7464,0.16336,0.06253,0.02771
crops/hibogi_ai_01435_png_4.jpg,hibogi_ai_01435_png,HIBOGI_AI_01435_png_jpg.rf.2957e93d992cdc461e5fcde3b9ddebfd.jpg,,0,0,no_caries,no_caries,0.7713,0.77129,0.10589,0.06626,0.05656
crops/hibogi_ai_01435_png_5.jpg,hibogi_ai_01435_png,HIBOGI_AI_01435_png_jpg.rf.2957e93d992cdc461e5fcde3b9ddebfd.jpg,,0,0,no_caries,no_caries,0.794,0.79402,0.09804,0.07789,0.03004
crops/hibogi_ai_01435_png_6.jpg,hibogi_ai_01435_png,HIBOGI_AI_01435_png_jpg.rf.2957e93d992cdc461e5fcde3b9ddebfd.jpg,,0,0,no_caries,no_caries,0.6547,0.65466,0.24325,0.06824,0.03385
crops/hibogi_ai_01435_png_7.jpg,hibogi_ai_01435_png,HIBOGI_AI_01435_png_jpg.rf.2957e93d992cdc461e5fcde3b9ddebfd.jpg,,0,0,no_caries,no_caries,0.7133,0.71333,0.13009,0.07896,0.07762
crops/hibogi_ai_01435_png_8.jpg,hibogi_ai_01435_png,HIBOGI_AI_01435_png_jpg.rf.2957e93d992cdc461e5fcde3b9ddebfd.jpg,,0,0,no_caries,no_caries,0.8457,0.84569,0.07152,0.04547,0.03732
crops/hibogi_ai_01435_png_9.jpg,hibogi_ai_01435_png,HIBOGI_AI_01435_png_jpg.rf.2957e93d992cdc461e5fcde3b9ddebfd.jpg,,0,0,no_caries,no_caries,0.787,0.78703,0.0516,0.11905,0.04232
crops/hibogi_ai_01435_png_10.jpg,hibogi_ai_01435_png,HIBOGI_AI_01435_png_jpg.rf.2957e93d992cdc461e5fcde3b9ddebfd.jpg,,0,0,no_caries,no_caries,0.6391,0.63914,0.25039,0.04527,0.0652
crops/hibogi_ai_01435_png_11.jpg,hibogi_ai_01435_png,HIBOGI_AI_01435_png_jpg.rf.2957e93d992cdc461e5fcde3b9ddebfd.jpg,,0,0,no_caries,no_caries,0.8105,0.81048,0.0713,0.05719,0.06104
crops/hibogi_ai_01435_png_12.jpg,hibogi_ai_01435_png,HIBOGI_AI_01435_png_jpg.rf.2957e93d992cdc461e5fcde3b9ddebfd.jpg,,0,0,no_caries,no_caries,0.8435,0.84346,0.03831,0.03726,0.08096
crops/hibogi_ai_01435_png_13.jpg,hibogi_ai_01435_png,HIBOGI_AI_01435_png_jpg.rf.2957e93d992cdc461e5fcde3b9ddebfd.jpg,,0,0,no_caries,no_caries,0.855,0.85495,0.04345,0.07819,0.02341
crops/hibogi_ai_01435_png_14.jpg,hibogi_ai_01435_png,HIBOGI_AI_01435_png_jpg.rf.2957e93d992cdc461e5fcde3b9ddebfd.jpg,,4,0,moderate,no_caries,0.7345,0.73449,0.12884,0.11834,0.01833
crops/hibogi_ai_01441_png_0.jpg,hibogi_ai_01441_png,HIBOGI_AI_01441_png_jpg.rf.f3cc09793cb8e1d50a5d1ce70e08dde9.jpg,,0,0,no_caries,no_caries,0.8104,0.81041,0.12846,0.03394,0.02719
crops/hibogi_ai_01441_png_1.jpg,hibogi_ai_01441_png,HIBOGI_AI_01441_png_jpg.rf.f3cc09793cb8e1d50a5d1ce70e08dde9.jpg,,0,0,no_caries,no_caries,0.7508,0.75078,0.17578,0.0389,0.03454
crops/hibogi_ai_01441_png_2.jpg,hibogi_ai_01441_png,HIBOGI_AI_01441_png_jpg.rf.f3cc09793cb8e1d50a5d1ce70e08dde9.jpg,,0,0,no_caries,no_caries,0.8101,0.81014,0.09326,0.06106,0.03555
crops/hibogi_ai_01441_png_3.jpg,hibogi_ai_01441_png,HIBOGI_AI_01441_png_jpg.rf.f3cc09793cb8e1d50a5d1ce70e08dde9.jpg,,0,0,no_caries,no_caries,0.8486,0.84855,0.03846,0.06475,0.04823
crops/hibogi_ai_01441_png_4.jpg,hibogi_ai_01441_png,HIBOGI_AI_01441_png_jpg.rf.f3cc09793cb8e1d50a5d1ce70e08dde9.jpg,,0,0,no_caries,no_caries,0.8585,0.8585,0.03149,0.04034,0.06967
crops/hibogi_ai_01441_png_5.jpg,hibogi_ai_01441_png,HIBOGI_AI_01441_png_jpg.rf.f3cc09793cb8e1d50a5d1ce70e08dde9.jpg,,0,0,no_caries,no_caries,0.8034,0.80335,0.09398,0.04369,0.05897
crops/hibogi_ai_01441_png_6.jpg,hibogi_ai_01441_png,HIBOGI_AI_01441_png_jpg.rf.f3cc09793cb8e1d50a5d1ce70e08dde9.jpg,,0,0,no_caries,no_caries,0.6868,0.6868,0.02859,0.25262,0.03199
crops/hibogi_ai_01441_png_7.jpg,hibogi_ai_01441_png,HIBOGI_AI_01441_png_jpg.rf.f3cc09793cb8e1d50a5d1ce70e08dde9.jpg,,0,0,no_caries,no_caries,0.5011,0.50108,0.098,0.34221,0.05871
crops/hibogi_ai_01441_png_8.jpg,hibogi_ai_01441_png,HIBOGI_AI_01441_png_jpg.rf.f3cc09793cb8e1d50a5d1ce70e08dde9.jpg,,0,0,no_caries,no_caries,0.8396,0.83963,0.04567,0.03496,0.07974
crops/hibogi_ai_01441_png_9.jpg,hibogi_ai_01441_png,HIBOGI_AI_01441_png_jpg.rf.f3cc09793cb8e1d50a5d1ce70e08dde9.jpg,,0,0,no_caries,no_caries,0.8258,0.82583,0.04816,0.06501,0.061
crops/hibogi_ai_01441_png_10.jpg,hibogi_ai_01441_png,HIBOGI_AI_01441_png_jpg.rf.f3cc09793cb8e1d50a5d1ce70e08dde9.jpg,,0,0,no_caries,no_caries,0.7784,0.7784,0.07733,0.0816,0.06267
crops/hibogi_ai_01441_png_11.jpg,hibogi_ai_01441_png,HIBOGI_AI_01441_png_jpg.rf.f3cc09793cb8e1d50a5d1ce70e08dde9.jpg,,0,0,no_caries,no_caries,0.7296,0.72965,0.16005,0.0729,0.0374
crops/hibogi_ai_01441_png_12.jpg,hibogi_ai_01441_png,HIBOGI_AI_01441_png_jpg.rf.f3cc09793cb8e1d50a5d1ce70e08dde9.jpg,,0,0,no_caries,no_caries,0.8504,0.8504,0.04662,0.06732,0.03565
crops/hibogi_ai_01442_png_0.jpg,hibogi_ai_01442_png,HIBOGI_AI_01442_png_jpg.rf.f6ca90bb1dc02d9d713be5178156b2ac.jpg,,0,0,no_caries,no_caries,0.6379,0.63787,0.05112,0.17545,0.13555
crops/hibogi_ai_01442_png_1.jpg,hibogi_ai_01442_png,HIBOGI_AI_01442_png_jpg.rf.f6ca90bb1dc02d9d713be5178156b2ac.jpg,,0,0,no_caries,no_caries,0.7006,0.70064,0.14144,0.0866,0.07132
crops/hibogi_ai_01442_png_2.jpg,hibogi_ai_01442_png,HIBOGI_AI_01442_png_jpg.rf.f6ca90bb1dc02d9d713be5178156b2ac.jpg,,0,0,no_caries,no_caries,0.7755,0.77551,0.08792,0.06391,0.07266
crops/hibogi_ai_01442_png_3.jpg,hibogi_ai_01442_png,HIBOGI_AI_01442_png_jpg.rf.f6ca90bb1dc02d9d713be5178156b2ac.jpg,,0,0,no_caries,no_caries,0.8566,0.85665,0.04318,0.04918,0.05099
crops/hibogi_ai_01442_png_4.jpg,hibogi_ai_01442_png,HIBOGI_AI_01442_png_jpg.rf.f6ca90bb1dc02d9d713be5178156b2ac.jpg,,0,0,no_caries,no_caries,0.7515,0.75146,0.05389,0.08397,0.11067
crops/hibogi_ai_01442_png_5.jpg,hibogi_ai_01442_png,HIBOGI_AI_01442_png_jpg.rf.f6ca90bb1dc02d9d713be5178156b2ac.jpg,,0,0,no_caries,no_caries,0.7529,0.75291,0.12346,0.07456,0.04907
crops/hibogi_ai_01442_png_6.jpg,hibogi_ai_01442_png,HIBOGI_AI_01442_png_jpg.rf.f6ca90bb1dc02d9d713be5178156b2ac.jpg,,0,0,no_caries,no_caries,0.5995,0.59949,0.29653,0.06905,0.03493
crops/hibogi_ai_01442_png_7.jpg,hibogi_ai_01442_png,HIBOGI_AI_01442_png_jpg.rf.f6ca90bb1dc02d9d713be5178156b2ac.jpg,,0,0,no_caries,no_caries,0.8336,0.83364,0.0901,0.04181,0.03445
crops/hibogi_ai_01442_png_8.jpg,hibogi_ai_01442_png,HIBOGI_AI_01442_png_jpg.rf.f6ca90bb1dc02d9d713be5178156b2ac.jpg,,0,0,no_caries,no_caries,0.8218,0.82183,0.08279,0.03982,0.05556
crops/hibogi_ai_01442_png_9.jpg,hibogi_ai_01442_png,HIBOGI_AI_01442_png_jpg.rf.f6ca90bb1dc02d9d713be5178156b2ac.jpg,,0,0,no_caries,moderate,0.4068,0.19424,0.16636,0.40681,0.23259
crops/hibogi_ai_01444_png_0.jpg,hibogi_ai_01444_png,HIBOGI_AI_01444_png_jpg.rf.9e537b01e692f3aad6afcadcb434e76f.jpg,,2,0,mild,mild,0.7461,0.10524,0.74612,0.09063,0.05801
crops/hibogi_ai_01444_png_1.jpg,hibogi_ai_01444_png,HIBOGI_AI_01444_png_jpg.rf.9e537b01e692f3aad6afcadcb434e76f.jpg,,0,0,no_caries,no_caries,0.8416,0.84163,0.05058,0.04403,0.06376
crops/hibogi_ai_01444_png_2.jpg,hibogi_ai_01444_png,HIBOGI_AI_01444_png_jpg.rf.9e537b01e692f3aad6afcadcb434e76f.jpg,,0,0,no_caries,no_caries,0.8132,0.81325,0.07031,0.06451,0.05194
crops/hibogi_ai_01444_png_3.jpg,hibogi_ai_01444_png,HIBOGI_AI_01444_png_jpg.rf.9e537b01e692f3aad6afcadcb434e76f.jpg,,0,0,no_caries,no_caries,0.7951,0.79513,0.08614,0.04947,0.06925
crops/hibogi_ai_01444_png_4.jpg,hibogi_ai_01444_png,HIBOGI_AI_01444_png_jpg.rf.9e537b01e692f3aad6afcadcb434e76f.jpg,,6,0,advanced,advanced,0.3208,0.24084,0.14607,0.29228,0.32081
crops/hibogi_ai_01444_png_5.jpg,hibogi_ai_01444_png,HIBOGI_AI_01444_png_jpg.rf.9e537b01e692f3aad6afcadcb434e76f.jpg,,0,0,no_caries,mild,0.7187,0.22225,0.71871,0.01456,0.04448
crops/hibogi_ai_01444_png_6.jpg,hibogi_ai_01444_png,HIBOGI_AI_01444_png_jpg.rf.9e537b01e692f3aad6afcadcb434e76f.jpg,,0,0,no_caries,no_caries,0.7369,0.73688,0.18106,0.02821,0.05385
crops/hibogi_ai_01444_png_7.jpg,hibogi_ai_01444_png,HIBOGI_AI_01444_png_jpg.rf.9e537b01e692f3aad6afcadcb434e76f.jpg,,0,0,no_caries,no_caries,0.7457,0.74573,0.14007,0.06367,0.05053
crops/hibogi_ai_01444_png_8.jpg,hibogi_ai_01444_png,HIBOGI_AI_01444_png_jpg.rf.9e537b01e692f3aad6afcadcb434e76f.jpg,,0,0,no_caries,no_caries,0.7916,0.79164,0.15427,0.01691,0.03717
crops/hibogi_ai_01444_png_9.jpg,hibogi_ai_01444_png,HIBOGI_AI_01444_png_jpg.rf.9e537b01e692f3aad6afcadcb434e76f.jpg,,0,0,no_caries,no_caries,0.7934,0.7934,0.10933,0.04646,0.05081
crops/hibogi_ai_01444_png_10.jpg,hibogi_ai_01444_png,HIBOGI_AI_01444_png_jpg.rf.9e537b01e692f3aad6afcadcb434e76f.jpg,,0,0,no_caries,mild,0.8753,0.10374,0.87531,0.00549,0.01546
crops/hibogi_ai_01444_png_11.jpg,hibogi_ai_01444_png,HIBOGI_AI_01444_png_jpg.rf.9e537b01e692f3aad6afcadcb434e76f.jpg,,0,0,no_caries,mild,0.5136,0.42015,0.51362,0.01597,0.05025
crops/hibogi_ai_01444_png_12.jpg,hibogi_ai_01444_png,HIBOGI_AI_01444_png_jpg.rf.9e537b01e692f3aad6afcadcb434e76f.jpg,,2,0,mild,mild,0.4428,0.42316,0.44285,0.05261,0.08138
crops/hibogi_ai_01446_png_0.jpg,hibogi_ai_01446_png,HIBOGI_AI_01446_png_jpg.rf.8df15d2d33a76574af9c9c7cccfd5537.jpg,,0,0,no_caries,no_caries,0.467,0.46703,0.07892,0.42053,0.03353
crops/hibogi_ai_01446_png_1.jpg,hibogi_ai_01446_png,HIBOGI_AI_01446_png_jpg.rf.8df15d2d33a76574af9c9c7cccfd5537.jpg,,0,0,no_caries,no_caries,0.8423,0.84225,0.01789,0.11008,0.02978
crops/hibogi_ai_01446_png_2.jpg,hibogi_ai_01446_png,HIBOGI_AI_01446_png_jpg.rf.8df15d2d33a76574af9c9c7cccfd5537.jpg,,0,0,no_caries,no_caries,0.7082,0.7082,0.10126,0.13546,0.05508
crops/hibogi_ai_01446_png_3.jpg,hibogi_ai_01446_png,HIBOGI_AI_01446_png_jpg.rf.8df15d2d33a76574af9c9c7cccfd5537.jpg,,6,0,advanced,mild,0.6098,0.12086,0.60982,0.07842,0.1909
crops/hibogi_ai_01446_png_4.jpg,hibogi_ai_01446_png,HIBOGI_AI_01446_png_jpg.rf.8df15d2d33a76574af9c9c7cccfd5537.jpg,,0,0,no_caries,mild,0.9455,0.03185,0.94546,0.00858,0.01412
crops/hibogi_ai_01446_png_5.jpg,hibogi_ai_01446_png,HIBOGI_AI_01446_png_jpg.rf.8df15d2d33a76574af9c9c7cccfd5537.jpg,,0,0,no_caries,no_caries,0.8261,0.82614,0.05337,0.06961,0.05088
crops/hibogi_ai_01446_png_6.jpg,hibogi_ai_01446_png,HIBOGI_AI_01446_png_jpg.rf.8df15d2d33a76574af9c9c7cccfd5537.jpg,,0,0,no_caries,no_caries,0.8442,0.8442,0.03564,0.05878,0.06139
crops/hibogi_ai_01446_png_7.jpg,hibogi_ai_01446_png,HIBOGI_AI_01446_png_jpg.rf.8df15d2d33a76574af9c9c7cccfd5537.jpg,,0,0,no_caries,no_caries,0.8819,0.88192,0.04103,0.0519,0.02515
crops/hibogi_ai_01446_png_8.jpg,hibogi_ai_01446_png,HIBOGI_AI_01446_png_jpg.rf.8df15d2d33a76574af9c9c7cccfd5537.jpg,,0,0,no_caries,no_caries,0.9081,0.90808,0.03143,0.02843,0.03206
crops/hibogi_ai_01446_png_9.jpg,hibogi_ai_01446_png,HIBOGI_AI_01446_png_jpg.rf.8df15d2d33a76574af9c9c7cccfd5537.jpg,,0,0,no_caries,no_caries,0.7985,0.79848,0.02949,0.10007,0.07195
crops/hibogi_ai_01455_png_0.jpg,hibogi_ai_01455_png,HIBOGI_AI_01455_png_jpg.rf.e65d5d86e1a90280ecd240ed47d0a20b.jpg,,0,0,no_caries,mild,0.4786,0.22288,0.47859,0.24018,0.05834
crops/hibogi_ai_01455_png_1.jpg,hibogi_ai_01455_png,HIBOGI_AI_01455_png_jpg.rf.e65d5d86e1a90280ecd240ed47d0a20b.jpg,,0,0,no_caries,no_caries,0.6401,0.64008,0.11317,0.12735,0.11939
crops/hibogi_ai_01455_png_2.jpg,hibogi_ai_01455_png,HIBOGI_AI_01455_png_jpg.rf.e65d5d86e1a90280ecd240ed47d0a20b.jpg,,0,0,no_caries,no_caries,0.8609,0.86089,0.06209,0.03592,0.04109
crops/hibogi_ai_01455_png_3.jpg,hibogi_ai_01455_png,HIBOGI_AI_01455_png_jpg.rf.e65d5d86e1a90280ecd240ed47d0a20b.jpg,,0,0,no_caries,no_caries,0.783,0.78295,0.0485,0.11343,0.05512
crops/hibogi_ai_01455_png_4.jpg,hibogi_ai_01455_png,HIBOGI_AI_01455_png_jpg.rf.e65d5d86e1a90280ecd240ed47d0a20b.jpg,,0,0,no_caries,no_caries,0.8285,0.82845,0.03491,0.08394,0.0527
crops/hibogi_ai_01455_png_5.jpg,hibogi_ai_01455_png,HIBOGI_AI_01455_png_jpg.rf.e65d5d86e1a90280ecd240ed47d0a20b.jpg,,0,0,no_caries,no_caries,0.7198,0.71978,0.13623,0.06521,0.07878
crops/hibogi_ai_01455_png_6.jpg,hibogi_ai_01455_png,HIBOGI_AI_01455_png_jpg.rf.e65d5d86e1a90280ecd240ed47d0a20b.jpg,,0,0,no_caries,no_caries,0.4897,0.48971,0.4463,0.03634,0.02765
crops/hibogi_ai_01455_png_7.jpg,hibogi_ai_01455_png,HIBOGI_AI_01455_png_jpg.rf.e65d5d86e1a90280ecd240ed47d0a20b.jpg,,0,0,no_caries,no_caries,0.8102,0.81021,0.09734,0.04467,0.04779
crops/hibogi_ai_01459_png_0.jpg,hibogi_ai_01459_png,HIBOGI_AI_01459_png_jpg.rf.ef2b086c019b75287924db590698ce57.jpg,,2,0,mild,no_caries,0.7167,0.71669,0.10057,0.0867,0.09605
crops/hibogi_ai_01459_png_1.jpg,hibogi_ai_01459_png,HIBOGI_AI_01459_png_jpg.rf.ef2b086c019b75287924db590698ce57.jpg,,0,0,no_caries,no_caries,0.6883,0.68831,0.23698,0.04575,0.02896
crops/hibogi_ai_01459_png_2.jpg,hibogi_ai_01459_png,HIBOGI_AI_01459_png_jpg.rf.ef2b086c019b75287924db590698ce57.jpg,,2,0,mild,no_caries,0.7811,0.78105,0.09881,0.0696,0.05054
crops/hibogi_ai_01459_png_3.jpg,hibogi_ai_01459_png,HIBOGI_AI_01459_png_jpg.rf.ef2b086c019b75287924db590698ce57.jpg,,0,0,no_caries,no_caries,0.755,0.75503,0.10428,0.06959,0.07111
crops/hibogi_ai_01459_png_4.jpg,hibogi_ai_01459_png,HIBOGI_AI_01459_png_jpg.rf.ef2b086c019b75287924db590698ce57.jpg,,0,0,no_caries,no_caries,0.6315,0.63148,0.15341,0.16875,0.04636
crops/hibogi_ai_01459_png_5.jpg,hibogi_ai_01459_png,HIBOGI_AI_01459_png_jpg.rf.ef2b086c019b75287924db590698ce57.jpg,,1,0,mild,no_caries,0.6477,0.64772,0.18374,0.09917,0.06937
crops/hibogi_ai_01459_png_6.jpg,hibogi_ai_01459_png,HIBOGI_AI_01459_png_jpg.rf.ef2b086c019b75287924db590698ce57.jpg,,0,0,no_caries,no_caries,0.5833,0.58326,0.25333,0.02645,0.13695
crops/hibogi_ai_01459_png_7.jpg,hibogi_ai_01459_png,HIBOGI_AI_01459_png_jpg.rf.ef2b086c019b75287924db590698ce57.jpg,,0,0,no_caries,no_caries,0.4483,0.44831,0.43921,0.07585,0.03663
crops/hibogi_ai_01459_png_8.jpg,hibogi_ai_01459_png,HIBOGI_AI_01459_png_jpg.rf.ef2b086c019b75287924db590698ce57.jpg,,0,0,no_caries,no_caries,0.5905,0.59046,0.29912,0.06967,0.04075
crops/hibogi_ai_01459_png_9.jpg,hibogi_ai_01459_png,HIBOGI_AI_01459_png_jpg.rf.ef2b086c019b75287924db590698ce57.jpg,,0,0,no_caries,no_caries,0.6637,0.66372,0.16331,0.114,0.05897
crops/hibogi_ai_01459_png_10.jpg,hibogi_ai_01459_png,HIBOGI_AI_01459_png_jpg.rf.ef2b086c019b75287924db590698ce57.jpg,,0,0,no_caries,no_caries,0.6715,0.67147,0.17598,0.09736,0.0552
crops/hibogi_ai_01459_png_11.jpg,hibogi_ai_01459_png,HIBOGI_AI_01459_png_jpg.rf.ef2b086c019b75287924db590698ce57.jpg,,0,0,no_caries,no_caries,0.8395,0.83954,0.05105,0.06057,0.04885
crops/hibogi_ai_01459_png_12.jpg,hibogi_ai_01459_png,HIBOGI_AI_01459_png_jpg.rf.ef2b086c019b75287924db590698ce57.jpg,,0,0,no_caries,no_caries,0.7631,0.76307,0.08565,0.07923,0.07206
crops/hibogi_ai_01459_png_13.jpg,hibogi_ai_01459_png,HIBOGI_AI_01459_png_jpg.rf.ef2b086c019b75287924db590698ce57.jpg,,0,0,no_caries,no_caries,0.7131,0.71307,0.13093,0.08466,0.07134
crops/hibogi_ai_01459_png_14.jpg,hibogi_ai_01459_png,HIBOGI_AI_01459_png_jpg.rf.ef2b086c019b75287924db590698ce57.jpg,,0,0,no_caries,no_caries,0.7621,0.7621,0.13283,0.05423,0.05084
crops/hibogi_ai_01459_png_15.jpg,hibogi_ai_01459_png,HIBOGI_AI_01459_png_jpg.rf.ef2b086c019b75287924db590698ce57.jpg,,0,0,no_caries,no_caries,0.707,0.70696,0.16133,0.08584,0.04588
crops/hibogi_ai_01460_png_0.jpg,hibogi_ai_01460_png,HIBOGI_AI_01460_png_jpg.rf.63f6048b1e652e32a1d45eeddc005b29.jpg,,0,0,no_caries,no_caries,0.4955,0.49548,0.09397,0.27632,0.13423
crops/hibogi_ai_01460_png_1.jpg,hibogi_ai_01460_png,HIBOGI_AI_01460_png_jpg.rf.63f6048b1e652e32a1d45eeddc005b29.jpg,,0,0,no_caries,no_caries,0.6807,0.68075,0.17694,0.05363,0.08868
crops/hibogi_ai_01460_png_2.jpg,hibogi_ai_01460_png,HIBOGI_AI_01460_png_jpg.rf.63f6048b1e652e32a1d45eeddc005b29.jpg,,0,0,no_caries,no_caries,0.5118,0.51184,0.31751,0.08563,0.08502
crops/hibogi_ai_01460_png_3.jpg,hibogi_ai_01460_png,HIBOGI_AI_01460_png_jpg.rf.63f6048b1e652e32a1d45eeddc005b29.jpg,,0,0,no_caries,no_caries,0.8305,0.83047,0.04461,0.05054,0.07437
crops/hibogi_ai_01460_png_4.jpg,hibogi_ai_01460_png,HIBOGI_AI_01460_png_jpg.rf.63f6048b1e652e32a1d45eeddc005b29.jpg,,0,0,no_caries,no_caries,0.7318,0.73176,0.15167,0.06428,0.0523
crops/hibogi_ai_01460_png_5.jpg,hibogi_ai_01460_png,HIBOGI_AI_01460_png_jpg.rf.63f6048b1e652e32a1d45eeddc005b29.jpg,,0,0,no_caries,no_caries,0.6549,0.65492,0.22611,0.04047,0.0785
crops/hibogi_ai_01460_png_7.jpg,hibogi_ai_01460_png,HIBOGI_AI_01460_png_jpg.rf.63f6048b1e652e32a1d45eeddc005b29.jpg,,0,0,no_caries,no_caries,0.61,0.61002,0.28556,0.05112,0.0533
crops/hibogi_ai_01460_png_9.jpg,hibogi_ai_01460_png,HIBOGI_AI_01460_png_jpg.rf.63f6048b1e652e32a1d45eeddc005b29.jpg,,0,0,no_caries,no_caries,0.5926,0.59264,0.26248,0.0735,0.07138
crops/hibogi_ai_01460_png_10.jpg,hibogi_ai_01460_png,HIBOGI_AI_01460_png_jpg.rf.63f6048b1e652e32a1d45eeddc005b29.jpg,,0,0,no_caries,no_caries,0.5426,0.5426,0.33002,0.03378,0.09361
crops/hibogi_ai_01460_png_11.jpg,hibogi_ai_01460_png,HIBOGI_AI_01460_png_jpg.rf.63f6048b1e652e32a1d45eeddc005b29.jpg,,0,0,no_caries,no_caries,0.4739,0.47388,0.3793,0.04268,0.10414
crops/hibogi_ai_01460_png_12.jpg,hibogi_ai_01460_png,HIBOGI_AI_01460_png_jpg.rf.63f6048b1e652e32a1d45eeddc005b29.jpg,,0,0,no_caries,moderate,0.4793,0.25876,0.0592,0.47926,0.20278
crops/hibogi_ai_01461_png_0.jpg,hibogi_ai_01461_png,HIBOGI_AI_01461_png_jpg.rf.e3fba64ff0ca5bb885bef7b03dfe2545.jpg,,0,0,no_caries,no_caries,0.8747,0.87466,0.03345,0.04503,0.04686
crops/hibogi_ai_01461_png_1.jpg,hibogi_ai_01461_png,HIBOGI_AI_01461_png_jpg.rf.e3fba64ff0ca5bb885bef7b03dfe2545.jpg,,0,0,no_caries,no_caries,0.7737,0.77369,0.09668,0.053,0.07663
crops/hibogi_ai_01461_png_2.jpg,hibogi_ai_01461_png,HIBOGI_AI_01461_png_jpg.rf.e3fba64ff0ca5bb885bef7b03dfe2545.jpg,,0,0,no_caries,no_caries,0.7629,0.76291,0.04891,0.09193,0.09625
crops/hibogi_ai_01461_png_3.jpg,hibogi_ai_01461_png,HIBOGI_AI_01461_png_jpg.rf.e3fba64ff0ca5bb885bef7b03dfe2545.jpg,,0,0,no_caries,no_caries,0.7709,0.77094,0.0327,0.05827,0.13808
crops/hibogi_ai_01461_png_4.jpg,hibogi_ai_01461_png,HIBOGI_AI_01461_png_jpg.rf.e3fba64ff0ca5bb885bef7b03dfe2545.jpg,,0,0,no_caries,no_caries,0.6891,0.68913,0.1475,0.12266,0.04071
crops/hibogi_ai_01461_png_5.jpg,hibogi_ai_01461_png,HIBOGI_AI_01461_png_jpg.rf.e3fba64ff0ca5bb885bef7b03dfe2545.jpg,,0,0,no_caries,no_caries,0.7934,0.79344,0.08217,0.03199,0.09239
crops/hibogi_ai_01461_png_6.jpg,hibogi_ai_01461_png,HIBOGI_AI_01461_png_jpg.rf.e3fba64ff0ca5bb885bef7b03dfe2545.jpg,,0,0,no_caries,no_caries,0.7793,0.77925,0.07786,0.06617,0.07672
crops/hibogi_ai_01461_png_7.jpg,hibogi_ai_01461_png,HIBOGI_AI_01461_png_jpg.rf.e3fba64ff0ca5bb885bef7b03dfe2545.jpg,,0,0,no_caries,no_caries,0.7453,0.74526,0.09585,0.07745,0.08144
crops/hibogi_ai_01461_png_8.jpg,hibogi_ai_01461_png,HIBOGI_AI_01461_png_jpg.rf.e3fba64ff0ca5bb885bef7b03dfe2545.jpg,,0,0,no_caries,no_caries,0.5212,0.52117,0.36019,0.0497,0.06894
crops/hibogi_ai_01461_png_9.jpg,hibogi_ai_01461_png,HIBOGI_AI_01461_png_jpg.rf.e3fba64ff0ca5bb885bef7b03dfe2545.jpg,,0,0,no_caries,no_caries,0.6767,0.67674,0.19896,0.0911,0.03319
crops/hibogi_ai_01463_png_0.jpg,hibogi_ai_01463_png,HIBOGI_AI_01463_png_jpg.rf.e66237da2598d66dec25e58892cdb298.jpg,,0,0,no_caries,no_caries,0.6286,0.62857,0.01072,0.32812,0.03259
crops/hibogi_ai_01463_png_1.jpg,hibogi_ai_01463_png,HIBOGI_AI_01463_png_jpg.rf.e66237da2598d66dec25e58892cdb298.jpg,,0,0,no_caries,no_caries,0.7388,0.73876,0.0157,0.18761,0.05792
crops/hibogi_ai_01463_png_2.jpg,hibogi_ai_01463_png,HIBOGI_AI_01463_png_jpg.rf.e66237da2598d66dec25e58892cdb298.jpg,,0,0,no_caries,no_caries,0.4015,0.40148,0.23304,0.34378,0.0217
crops/hibogi_ai_01463_png_3.jpg,hibogi_ai_01463_png,HIBOGI_AI_01463_png_jpg.rf.e66237da2598d66dec25e58892cdb298.jpg,,0,0,no_caries,no_caries,0.8062,0.80625,0.08749,0.08133,0.02493
crops/hibogi_ai_01463_png_4.jpg,hibogi_ai_01463_png,HIBOGI_AI_01463_png_jpg.rf.e66237da2598d66dec25e58892cdb298.jpg,,0,0,no_caries,no_caries,0.8228,0.82276,0.03907,0.11896,0.01921
crops/hibogi_ai_01463_png_5.jpg,hibogi_ai_01463_png,HIBOGI_AI_01463_png_jpg.rf.e66237da2598d66dec25e58892cdb298.jpg,,0,0,no_caries,no_caries,0.4973,0.49731,0.34891,0.08733,0.06645
crops/hibogi_ai_01463_png_6.jpg,hibogi_ai_01463_png,HIBOGI_AI_01463_png_jpg.rf.e66237da2598d66dec25e58892cdb298.jpg,,0,0,no_caries,mild,0.7606,0.1423,0.7606,0.01805,0.07905
crops/hibogi_ai_01463_png_7.jpg,hibogi_ai_01463_png,HIBOGI_AI_01463_png_jpg.rf.e66237da2598d66dec25e58892cdb298.jpg,,0,0,no_caries,no_caries,0.534,0.53404,0.34687,0.04352,0.07557
crops/hibogi_ai_01463_png_8.jpg,hibogi_ai_01463_png,HIBOGI_AI_01463_png_jpg.rf.e66237da2598d66dec25e58892cdb298.jpg,,0,0,no_caries,no_caries,0.6067,0.60671,0.19883,0.16852,0.02594
crops/hibogi_ai_01463_png_9.jpg,hibogi_ai_01463_png,HIBOGI_AI_01463_png_jpg.rf.e66237da2598d66dec25e58892cdb298.jpg,,0,0,no_caries,no_caries,0.781,0.78098,0.08566,0.09325,0.04011
crops/hibogi_ai_01463_png_10.jpg,hibogi_ai_01463_png,HIBOGI_AI_01463_png_jpg.rf.e66237da2598d66dec25e58892cdb298.jpg,,0,0,no_caries,no_caries,0.7129,0.71292,0.12307,0.14419,0.01982
crops/hibogi_ai_01463_png_11.jpg,hibogi_ai_01463_png,HIBOGI_AI_01463_png_jpg.rf.e66237da2598d66dec25e58892cdb298.jpg,,0,0,no_caries,no_caries,0.534,0.53403,0.17361,0.25008,0.04229
crops/hibogi_ai_01463_png_12.jpg,hibogi_ai_01463_png,HIBOGI_AI_01463_png_jpg.rf.e66237da2598d66dec25e58892cdb298.jpg,,0,0,no_caries,moderate,0.6085,0.37941,0.00305,0.60854,0.009
crops/hibogi_ai_01464_png_0.jpg,hibogi_ai_01464_png,HIBOGI_AI_01464_png_jpg.rf.f9b9142f849b9e207a774fb74ea64431.jpg,,6,0,advanced,moderate,0.8861,0.00823,0.03549,0.88607,0.0702
crops/hibogi_ai_01464_png_1.jpg,hibogi_ai_01464_png,HIBOGI_AI_01464_png_jpg.rf.f9b9142f849b9e207a774fb74ea64431.jpg,,0,0,no_caries,no_caries,0.5808,0.58082,0.23185,0.06262,0.1247
crops/hibogi_ai_01464_png_2.jpg,hibogi_ai_01464_png,HIBOGI_AI_01464_png_jpg.rf.f9b9142f849b9e207a774fb74ea64431.jpg,,0,0,no_caries,no_caries,0.8355,0.83552,0.04628,0.06209,0.05611
crops/hibogi_ai_01464_png_3.jpg,hibogi_ai_01464_png,HIBOGI_AI_01464_png_jpg.rf.f9b9142f849b9e207a774fb74ea64431.jpg,,0,0,no_caries,no_caries,0.8441,0.84412,0.0341,0.06465,0.05713
crops/hibogi_ai_01464_png_4.jpg,hibogi_ai_01464_png,HIBOGI_AI_01464_png_jpg.rf.f9b9142f849b9e207a774fb74ea64431.jpg,,0,0,no_caries,no_caries,0.8355,0.83548,0.0549,0.06513,0.0445
crops/hibogi_ai_01464_png_5.jpg,hibogi_ai_01464_png,HIBOGI_AI_01464_png_jpg.rf.f9b9142f849b9e207a774fb74ea64431.jpg,,0,0,no_caries,no_caries,0.8159,0.81589,0.10699,0.03995,0.03717
crops/hibogi_ai_01464_png_6.jpg,hibogi_ai_01464_png,HIBOGI_AI_01464_png_jpg.rf.f9b9142f849b9e207a774fb74ea64431.jpg,,0,0,no_caries,advanced,0.8522,0.08691,0.05238,0.00851,0.8522
crops/hibogi_ai_01464_png_7.jpg,hibogi_ai_01464_png,HIBOGI_AI_01464_png_jpg.rf.f9b9142f849b9e207a774fb74ea64431.jpg,,0,0,no_caries,no_caries,0.5124,0.51245,0.03381,0.24047,0.21327
crops/hibogi_ai_01464_png_8.jpg,hibogi_ai_01464_png,HIBOGI_AI_01464_png_jpg.rf.f9b9142f849b9e207a774fb74ea64431.jpg,,0,0,no_caries,no_caries,0.7465,0.74647,0.10062,0.05197,0.10094
crops/hibogi_ai_01464_png_9.jpg,hibogi_ai_01464_png,HIBOGI_AI_01464_png_jpg.rf.f9b9142f849b9e207a774fb74ea64431.jpg,,0,0,no_caries,mild,0.6512,0.27563,0.65123,0.05211,0.02102
crops/hibogi_ai_01464_png_10.jpg,hibogi_ai_01464_png,HIBOGI_AI_01464_png_jpg.rf.f9b9142f849b9e207a774fb74ea64431.jpg,,0,0,no_caries,no_caries,0.7847,0.7847,0.11556,0.05411,0.04562
crops/hibogi_ai_01464_png_11.jpg,hibogi_ai_01464_png,HIBOGI_AI_01464_png_jpg.rf.f9b9142f849b9e207a774fb74ea64431.jpg,,0,0,no_caries,mild,0.7686,0.19039,0.76864,0.02829,0.01268
crops/hibogi_ai_01464_png_12.jpg,hibogi_ai_01464_png,HIBOGI_AI_01464_png_jpg.rf.f9b9142f849b9e207a774fb74ea64431.jpg,,0,0,no_caries,no_caries,0.5119,0.51192,0.40215,0.05063,0.0353
crops/hibogi_ai_01464_png_13.jpg,hibogi_ai_01464_png,HIBOGI_AI_01464_png_jpg.rf.f9b9142f849b9e207a774fb74ea64431.jpg,,0,0,no_caries,no_caries,0.8386,0.83862,0.1124,0.01995,0.02903
crops/hibogi_ai_01464_png_14.jpg,hibogi_ai_01464_png,HIBOGI_AI_01464_png_jpg.rf.f9b9142f849b9e207a774fb74ea64431.jpg,,0,0,no_caries,no_caries,0.6339,0.6339,0.17226,0.12684,0.067
crops/hibogi_ai_01485_png_0.jpg,hibogi_ai_01485_png,HIBOGI_AI_01485_png_jpg.rf.5e60102419b4e80e4e670179c6fbcac5.jpg,,0,0,no_caries,no_caries,0.5984,0.59843,0.15092,0.2286,0.02205
crops/hibogi_ai_01485_png_1.jpg,hibogi_ai_01485_png,HIBOGI_AI_01485_png_jpg.rf.5e60102419b4e80e4e670179c6fbcac5.jpg,,0,0,no_caries,no_caries,0.7902,0.79022,0.05711,0.028,0.12467
crops/hibogi_ai_01485_png_2.jpg,hibogi_ai_01485_png,HIBOGI_AI_01485_png_jpg.rf.5e60102419b4e80e4e670179c6fbcac5.jpg,,0,0,no_caries,no_caries,0.8698,0.86984,0.01982,0.04027,0.07007
crops/hibogi_ai_01485_png_3.jpg,hibogi_ai_01485_png,HIBOGI_AI_01485_png_jpg.rf.5e60102419b4e80e4e670179c6fbcac5.jpg,,0,0,no_caries,no_caries,0.9151,0.91508,0.01965,0.03865,0.02662
crops/hibogi_ai_01485_png_4.jpg,hibogi_ai_01485_png,HIBOGI_AI_01485_png_jpg.rf.5e60102419b4e80e4e670179c6fbcac5.jpg,,0,0,no_caries,no_caries,0.8525,0.85251,0.02379,0.07324,0.05046
crops/hibogi_ai_01485_png_5.jpg,hibogi_ai_01485_png,HIBOGI_AI_01485_png_jpg.rf.5e60102419b4e80e4e670179c6fbcac5.jpg,,0,0,no_caries,no_caries,0.4103,0.4103,0.3188,0.18249,0.08841
crops/hibogi_ai_01485_png_6.jpg,hibogi_ai_01485_png,HIBOGI_AI_01485_png_jpg.rf.5e60102419b4e80e4e670179c6fbcac5.jpg,,0,0,no_caries,no_caries,0.8415,0.84148,0.05651,0.06595,0.03606
crops/hibogi_ai_01485_png_7.jpg,hibogi_ai_01485_png,HIBOGI_AI_01485_png_jpg.rf.5e60102419b4e80e4e670179c6fbcac5.jpg,,0,0,no_caries,no_caries,0.8377,0.8377,0.04175,0.07829,0.04226
crops/hibogi_ai_01485_png_8.jpg,hibogi_ai_01485_png,HIBOGI_AI_01485_png_jpg.rf.5e60102419b4e80e4e670179c6fbcac5.jpg,,0,0,no_caries,no_caries,0.8648,0.86477,0.04354,0.05035,0.04134
crops/hibogi_ai_01485_png_9.jpg,hibogi_ai_01485_png,HIBOGI_AI_01485_png_jpg.rf.5e60102419b4e80e4e670179c6fbcac5.jpg,,0,0,no_caries,no_caries,0.8158,0.81577,0.03077,0.08274,0.07073
crops/hibogi_ai_01485_png_10.jpg,hibogi_ai_01485_png,HIBOGI_AI_01485_png_jpg.rf.5e60102419b4e80e4e670179c6fbcac5.jpg,,0,0,no_caries,no_caries,0.6841,0.68411,0.12206,0.05026,0.14358
crops/hibogi_ai_01485_png_11.jpg,hibogi_ai_01485_png,HIBOGI_AI_01485_png_jpg.rf.5e60102419b4e80e4e670179c6fbcac5.jpg,,0,0,no_caries,moderate,0.8497,0.08697,0.05002,0.84967,0.01333
crops/hibogi_ai_01496_png_0.jpg,hibogi_ai_01496_png,HIBOGI_AI_01496_png_jpg.rf.3c4455f1fd385830ee76d8899f1706e3.jpg,,0,0,no_caries,no_caries,0.8292,0.82922,0.04556,0.05282,0.0724
crops/hibogi_ai_01496_png_1.jpg,hibogi_ai_01496_png,HIBOGI_AI_01496_png_jpg.rf.3c4455f1fd385830ee76d8899f1706e3.jpg,,0,0,no_caries,no_caries,0.7224,0.72241,0.04685,0.1477,0.08304
crops/hibogi_ai_01496_png_2.jpg,hibogi_ai_01496_png,HIBOGI_AI_01496_png_jpg.rf.3c4455f1fd385830ee76d8899f1706e3.jpg,,0,0,no_caries,no_caries,0.4323,0.43226,0.4284,0.10055,0.03879
crops/hibogi_ai_01496_png_3.jpg,hibogi_ai_01496_png,HIBOGI_AI_01496_png_jpg.rf.3c4455f1fd385830ee76d8899f1706e3.jpg,,0,0,no_caries,no_caries,0.3463,0.34634,0.27151,0.31159,0.07056
crops/hibogi_ai_01496_png_4.jpg,hibogi_ai_01496_png,HIBOGI_AI_01496_png_jpg.rf.3c4455f1fd385830ee76d8899f1706e3.jpg,,0,0,no_caries,no_caries,0.6293,0.62929,0.09072,0.19863,0.08136
crops/hibogi_ai_01496_png_5.jpg,hibogi_ai_01496_png,HIBOGI_AI_01496_png_jpg.rf.3c4455f1fd385830ee76d8899f1706e3.jpg,,0,0,no_caries,no_caries,0.7084,0.70837,0.07947,0.15151,0.06064
crops/hibogi_ai_01496_png_6.jpg,hibogi_ai_01496_png,HIBOGI_AI_01496_png_jpg.rf.3c4455f1fd385830ee76d8899f1706e3.jpg,,0,0,no_caries,mild,0.8658,0.10443,0.86581,0.01317,0.01659
crops/hibogi_ai_01496_png_7.jpg,hibogi_ai_01496_png,HIBOGI_AI_01496_png_jpg.rf.3c4455f1fd385830ee76d8899f1706e3.jpg,,0,0,no_caries,no_caries,0.8158,0.81582,0.09127,0.04807,0.04483
crops/hibogi_ai_01496_png_8.jpg,hibogi_ai_01496_png,HIBOGI_AI_01496_png_jpg.rf.3c4455f1fd385830ee76d8899f1706e3.jpg,,0,0,no_caries,no_caries,0.7574,0.75742,0.12344,0.07658,0.04256
crops/hibogi_ai_01496_png_9.jpg,hibogi_ai_01496_png,HIBOGI_AI_01496_png_jpg.rf.3c4455f1fd385830ee76d8899f1706e3.jpg,,0,0,no_caries,no_caries,0.8092,0.80918,0.06653,0.07371,0.05057
crops/hibogi_ai_01496_png_10.jpg,hibogi_ai_01496_png,HIBOGI_AI_01496_png_jpg.rf.3c4455f1fd385830ee76d8899f1706e3.jpg,,0,0,no_caries,no_caries,0.8128,0.81279,0.07356,0.07831,0.03534
crops/hibogi_ai_01496_png_11.jpg,hibogi_ai_01496_png,HIBOGI_AI_01496_png_jpg.rf.3c4455f1fd385830ee76d8899f1706e3.jpg,,0,0,no_caries,no_caries,0.8948,0.89479,0.04041,0.0381,0.02671
crops/hibogi_ai_01496_png_12.jpg,hibogi_ai_01496_png,HIBOGI_AI_01496_png_jpg.rf.3c4455f1fd385830ee76d8899f1706e3.jpg,,0,0,no_caries,no_caries,0.5154,0.51536,0.36173,0.07062,0.05229
crops/hibogi_ai_01496_png_13.jpg,hibogi_ai_01496_png,HIBOGI_AI_01496_png_jpg.rf.3c4455f1fd385830ee76d8899f1706e3.jpg,,0,0,no_caries,no_caries,0.7631,0.76312,0.02895,0.1328,0.07513
crops/hibogi_ai_01497_png_0.jpg,hibogi_ai_01497_png,HIBOGI_AI_01497_png_jpg.rf.dcbca14985b83f6407f69ba622afc4a6.jpg,,3,0,moderate,no_caries,0.4532,0.4532,0.23522,0.21805,0.09353
crops/hibogi_ai_01497_png_1.jpg,hibogi_ai_01497_png,HIBOGI_AI_01497_png_jpg.rf.dcbca14985b83f6407f69ba622afc4a6.jpg,,4,0,moderate,advanced,0.8762,0.02238,0.03826,0.06313,0.87623
crops/hibogi_ai_01497_png_2.jpg,hibogi_ai_01497_png,HIBOGI_AI_01497_png_jpg.rf.dcbca14985b83f6407f69ba622afc4a6.jpg,,0,0,no_caries,mild,0.4609,0.25616,0.46092,0.25738,0.02553
crops/hibogi_ai_01497_png_3.jpg,hibogi_ai_01497_png,HIBOGI_AI_01497_png_jpg.rf.dcbca14985b83f6407f69ba622afc4a6.jpg,,2,0,mild,no_caries,0.68,0.67998,0.24589,0.02226,0.05187
crops/hibogi_ai_01497_png_4.jpg,hibogi_ai_01497_png,HIBOGI_AI_01497_png_jpg.rf.dcbca14985b83f6407f69ba622afc4a6.jpg,,0,0,no_caries,no_caries,0.8751,0.87512,0.03241,0.0477,0.04476
crops/hibogi_ai_01497_png_5.jpg,hibogi_ai_01497_png,HIBOGI_AI_01497_png_jpg.rf.dcbca14985b83f6407f69ba622afc4a6.jpg,,0,0,no_caries,no_caries,0.8976,0.89758,0.02623,0.05108,0.0251
crops/hibogi_ai_01497_png_6.jpg,hibogi_ai_01497_png,HIBOGI_AI_01497_png_jpg.rf.dcbca14985b83f6407f69ba622afc4a6.jpg,,0,0,no_caries,no_caries,0.8038,0.80383,0.12777,0.03852,0.02988
crops/hibogi_ai_01497_png_7.jpg,hibogi_ai_01497_png,HIBOGI_AI_01497_png_jpg.rf.dcbca14985b83f6407f69ba622afc4a6.jpg,,2,0,mild,mild,0.5703,0.19034,0.57028,0.13094,0.10843
crops/hibogi_ai_01497_png_8.jpg,hibogi_ai_01497_png,HIBOGI_AI_01497_png_jpg.rf.dcbca14985b83f6407f69ba622afc4a6.jpg,,3,0,moderate,advanced,0.4975,0.0204,0.04008,0.44203,0.49749
crops/hibogi_ai_01497_png_9.jpg,hibogi_ai_01497_png,HIBOGI_AI_01497_png_jpg.rf.dcbca14985b83f6407f69ba622afc4a6.jpg,,0,0,no_caries,no_caries,0.8762,0.87625,0.04024,0.03912,0.0444
crops/hibogi_ai_01497_png_10.jpg,hibogi_ai_01497_png,HIBOGI_AI_01497_png_jpg.rf.dcbca14985b83f6407f69ba622afc4a6.jpg,,0,0,no_caries,no_caries,0.7287,0.72874,0.03154,0.18799,0.05173
crops/hibogi_ai_01497_png_11.jpg,hibogi_ai_01497_png,HIBOGI_AI_01497_png_jpg.rf.dcbca14985b83f6407f69ba622afc4a6.jpg,,0,0,no_caries,no_caries,0.7081,0.7081,0.04091,0.21036,0.04063
crops/hibogi_ai_01497_png_14.jpg,hibogi_ai_01497_png,HIBOGI_AI_01497_png_jpg.rf.dcbca14985b83f6407f69ba622afc4a6.jpg,,0,0,no_caries,no_caries,0.8307,0.83072,0.04921,0.11009,0.00997
crops/hibogi_ai_01499_png_0.jpg,hibogi_ai_01499_png,HIBOGI_AI_01499_png_jpg.rf.19a7f700d488977470e5ba6282111a74.jpg,,0,0,no_caries,no_caries,0.4841,0.48409,0.41506,0.03676,0.06409
crops/hibogi_ai_01499_png_1.jpg,hibogi_ai_01499_png,HIBOGI_AI_01499_png_jpg.rf.19a7f700d488977470e5ba6282111a74.jpg,,2,0,mild,mild,0.5253,0.39573,0.52532,0.03174,0.04721
crops/hibogi_ai_01499_png_2.jpg,hibogi_ai_01499_png,HIBOGI_AI_01499_png_jpg.rf.19a7f700d488977470e5ba6282111a74.jpg,,0,0,no_caries,no_caries,0.782,0.78203,0.10529,0.05806,0.05461
crops/hibogi_ai_01499_png_3.jpg,hibogi_ai_01499_png,HIBOGI_AI_01499_png_jpg.rf.19a7f700d488977470e5ba6282111a74.jpg,,0,0,no_caries,no_caries,0.8116,0.81158,0.08014,0.07631,0.03197
crops/hibogi_ai_01499_png_4.jpg,hibogi_ai_01499_png,HIBOGI_AI_01499_png_jpg.rf.19a7f700d488977470e5ba6282111a74.jpg,,0,0,no_caries,no_caries,0.7961,0.79612,0.09089,0.07128,0.04171
crops/hibogi_ai_01499_png_5.jpg,hibogi_ai_01499_png,HIBOGI_AI_01499_png_jpg.rf.19a7f700d488977470e5ba6282111a74.jpg,,0,0,no_caries,no_caries,0.8792,0.87921,0.02389,0.04013,0.05677
crops/hibogi_ai_01499_png_6.jpg,hibogi_ai_01499_png,HIBOGI_AI_01499_png_jpg.rf.19a7f700d488977470e5ba6282111a74.jpg,,2,0,mild,no_caries,0.5549,0.55486,0.34028,0.05808,0.04678
crops/hibogi_ai_01499_png_7.jpg,hibogi_ai_01499_png,HIBOGI_AI_01499_png_jpg.rf.19a7f700d488977470e5ba6282111a74.jpg,,2,0,mild,no_caries,0.6698,0.6698,0.21912,0.08373,0.02735
crops/hibogi_ai_01499_png_8.jpg,hibogi_ai_01499_png,HIBOGI_AI_01499_png_jpg.rf.19a7f700d488977470e5ba6282111a74.jpg,,2,0,mild,mild,0.6244,0.28159,0.62438,0.07794,0.01609
crops/hibogi_ai_01499_png_9.jpg,hibogi_ai_01499_png,HIBOGI_AI_01499_png_jpg.rf.19a7f700d488977470e5ba6282111a74.jpg,,2,0,mild,no_caries,0.8691,0.86906,0.05976,0.04952,0.02167
crops/hibogi_ai_01499_png_10.jpg,hibogi_ai_01499_png,HIBOGI_AI_01499_png_jpg.rf.19a7f700d488977470e5ba6282111a74.jpg,,2,0,mild,no_caries,0.6538,0.65376,0.23366,0.05885,0.05373
crops/hibogi_ai_01499_png_11.jpg,hibogi_ai_01499_png,HIBOGI_AI_01499_png_jpg.rf.19a7f700d488977470e5ba6282111a74.jpg,,2,0,mild,no_caries,0.6199,0.6199,0.29487,0.05351,0.03172
crops/hibogi_ai_01499_png_12.jpg,hibogi_ai_01499_png,HIBOGI_AI_01499_png_jpg.rf.19a7f700d488977470e5ba6282111a74.jpg,,2,0,mild,mild,0.4745,0.4644,0.47454,0.03026,0.03079
crops/hibogi_ai_01499_png_13.jpg,hibogi_ai_01499_png,HIBOGI_AI_01499_png_jpg.rf.19a7f700d488977470e5ba6282111a74.jpg,,2,0,mild,no_caries,0.6462,0.64618,0.26883,0.0414,0.04359
crops/hibogi_ai_01499_png_14.jpg,hibogi_ai_01499_png,HIBOGI_AI_01499_png_jpg.rf.19a7f700d488977470e5ba6282111a74.jpg,,2,0,mild,no_caries,0.6261,0.62609,0.28686,0.04182,0.04523
crops/hibogi_ai_01499_png_15.jpg,hibogi_ai_01499_png,HIBOGI_AI_01499_png_jpg.rf.19a7f700d488977470e5ba6282111a74.jpg,,0,0,no_caries,no_caries,0.5259,0.52586,0.36663,0.05932,0.04819
crops/hibogi_ai_01499_png_16.jpg,hibogi_ai_01499_png,HIBOGI_AI_01499_png_jpg.rf.19a7f700d488977470e5ba6282111a74.jpg,,2,0,mild,no_caries,0.747,0.74696,0.14609,0.04976,0.05719
crops/hibogi_ai_01503_png_0.jpg,hibogi_ai_01503_png,HIBOGI_AI_01503_png_jpg.rf.de65e413b8540f4f285ee92b586b911d.jpg,,0,0,no_caries,mild,0.7628,0.15273,0.76278,0.06683,0.01766
crops/hibogi_ai_01503_png_1.jpg,hibogi_ai_01503_png,HIBOGI_AI_01503_png_jpg.rf.de65e413b8540f4f285ee92b586b911d.jpg,,0,0,no_caries,no_caries,0.4506,0.45059,0.43995,0.04885,0.06061
crops/hibogi_ai_01503_png_2.jpg,hibogi_ai_01503_png,HIBOGI_AI_01503_png_jpg.rf.de65e413b8540f4f285ee92b586b911d.jpg,,0,0,no_caries,no_caries,0.5482,0.54817,0.32924,0.07956,0.04303
crops/hibogi_ai_01503_png_3.jpg,hibogi_ai_01503_png,HIBOGI_AI_01503_png_jpg.rf.de65e413b8540f4f285ee92b586b911d.jpg,,0,0,no_caries,mild,0.7157,0.24029,0.71573,0.02654,0.01745
crops/hibogi_ai_01503_png_4.jpg,hibogi_ai_01503_png,HIBOGI_AI_01503_png_jpg.rf.de65e413b8540f4f285ee92b586b911d.jpg,,0,0,no_caries,moderate,0.4627,0.37383,0.14848,0.46267,0.01502
crops/hibogi_ai_01503_png_5.jpg,hibogi_ai_01503_png,HIBOGI_AI_01503_png_jpg.rf.de65e413b8540f4f285ee92b586b911d.jpg,,0,0,no_caries,no_caries,0.7124,0.71239,0.02712,0.249,0.01149
crops/hibogi_ai_01503_png_6.jpg,hibogi_ai_01503_png,HIBOGI_AI_01503_png_jpg.rf.de65e413b8540f4f285ee92b586b911d.jpg,,0,0,no_caries,no_caries,0.6364,0.63641,0.08747,0.26212,0.01401
crops/hibogi_ai_01503_png_7.jpg,hibogi_ai_01503_png,HIBOGI_AI_01503_png_jpg.rf.de65e413b8540f4f285ee92b586b911d.jpg,,0,0,no_caries,no_caries,0.5381,0.53813,0.08462,0.34859,0.02866
crops/hibogi_ai_01503_png_8.jpg,hibogi_ai_01503_png,HIBOGI_AI_01503_png_jpg.rf.de65e413b8540f4f285ee92b586b911d.jpg,,0,0,no_caries,mild,0.8565,0.1196,0.85654,0.00959,0.01427
crops/hibogi_ai_01503_png_9.jpg,hibogi_ai_01503_png,HIBOGI_AI_01503_png_jpg.rf.de65e413b8540f4f285ee92b586b911d.jpg,,0,0,no_caries,no_caries,0.4929,0.49288,0.44198,0.04484,0.02029
crops/hibogi_ai_01503_png_10.jpg,hibogi_ai_01503_png,HIBOGI_AI_01503_png_jpg.rf.de65e413b8540f4f285ee92b586b911d.jpg,,0,0,no_caries,mild,0.6972,0.20406,0.6972,0.06434,0.0344
crops/hibogi_ai_01503_png_11.jpg,hibogi_ai_01503_png,HIBOGI_AI_01503_png_jpg.rf.de65e413b8540f4f285ee92b586b911d.jpg,,1,0,mild,moderate,0.615,0.01791,0.34404,0.61504,0.02301
crops/hibogi_ai_01505_png_0.jpg,hibogi_ai_01505_png,HIBOGI_AI_01505_png_jpg.rf.7152e05aaf4974fea162d723f45e7b4a.jpg,,0,0,no_caries,no_caries,0.4878,0.48778,0.18369,0.16847,0.16006
crops/hibogi_ai_01505_png_1.jpg,hibogi_ai_01505_png,HIBOGI_AI_01505_png_jpg.rf.7152e05aaf4974fea162d723f45e7b4a.jpg,,0,0,no_caries,no_caries,0.7085,0.70851,0.08983,0.1151,0.08655
crops/hibogi_ai_01505_png_2.jpg,hibogi_ai_01505_png,HIBOGI_AI_01505_png_jpg.rf.7152e05aaf4974fea162d723f45e7b4a.jpg,,0,0,no_caries,no_caries,0.5904,0.5904,0.27594,0.08404,0.04962
crops/hibogi_ai_01505_png_3.jpg,hibogi_ai_01505_png,HIBOGI_AI_01505_png_jpg.rf.7152e05aaf4974fea162d723f45e7b4a.jpg,,0,0,no_caries,no_caries,0.7111,0.71115,0.0974,0.12029,0.07116
crops/hibogi_ai_01505_png_4.jpg,hibogi_ai_01505_png,HIBOGI_AI_01505_png_jpg.rf.7152e05aaf4974fea162d723f45e7b4a.jpg,,0,0,no_caries,mild,0.8993,0.06244,0.89931,0.01065,0.02759
crops/hibogi_ai_01505_png_5.jpg,hibogi_ai_01505_png,HIBOGI_AI_01505_png_jpg.rf.7152e05aaf4974fea162d723f45e7b4a.jpg,,0,0,no_caries,mild,0.6506,0.26878,0.65064,0.04216,0.03842
crops/hibogi_ai_01505_png_6.jpg,hibogi_ai_01505_png,HIBOGI_AI_01505_png_jpg.rf.7152e05aaf4974fea162d723f45e7b4a.jpg,,0,0,no_caries,no_caries,0.7251,0.72507,0.16148,0.05791,0.05554
crops/hibogi_ai_01505_png_7.jpg,hibogi_ai_01505_png,HIBOGI_AI_01505_png_jpg.rf.7152e05aaf4974fea162d723f45e7b4a.jpg,,0,0,no_caries,no_caries,0.7526,0.75255,0.10278,0.06984,0.07484
crops/hibogi_ai_01505_png_8.jpg,hibogi_ai_01505_png,HIBOGI_AI_01505_png_jpg.rf.7152e05aaf4974fea162d723f45e7b4a.jpg,,0,0,no_caries,no_caries,0.6565,0.65649,0.06376,0.08423,0.19552
crops/hibogi_ai_01505_png_9.jpg,hibogi_ai_01505_png,HIBOGI_AI_01505_png_jpg.rf.7152e05aaf4974fea162d723f45e7b4a.jpg,,0,0,no_caries,no_caries,0.4158,0.41577,0.21681,0.24679,0.12063
crops/hibogi_ai_01514_png_0.jpg,hibogi_ai_01514_png,HIBOGI_AI_01514_png_jpg.rf.1d9b19306f2927e3b9f7d7bead2ff975.jpg,,0,0,no_caries,no_caries,0.776,0.77596,0.13613,0.03433,0.05359
crops/hibogi_ai_01514_png_1.jpg,hibogi_ai_01514_png,HIBOGI_AI_01514_png_jpg.rf.1d9b19306f2927e3b9f7d7bead2ff975.jpg,,0,0,no_caries,no_caries,0.8981,0.89806,0.02588,0.02849,0.04757
crops/hibogi_ai_01514_png_2.jpg,hibogi_ai_01514_png,HIBOGI_AI_01514_png_jpg.rf.1d9b19306f2927e3b9f7d7bead2ff975.jpg,,0,0,no_caries,no_caries,0.8826,0.88263,0.03571,0.04628,0.03538
crops/hibogi_ai_01514_png_3.jpg,hibogi_ai_01514_png,HIBOGI_AI_01514_png_jpg.rf.1d9b19306f2927e3b9f7d7bead2ff975.jpg,,0,0,no_caries,no_caries,0.8522,0.85217,0.04312,0.05499,0.04971
crops/hibogi_ai_01514_png_4.jpg,hibogi_ai_01514_png,HIBOGI_AI_01514_png_jpg.rf.1d9b19306f2927e3b9f7d7bead2ff975.jpg,,4,0,moderate,mild,0.6009,0.11489,0.60094,0.25685,0.02732
crops/hibogi_ai_01514_png_5.jpg,hibogi_ai_01514_png,HIBOGI_AI_01514_png_jpg.rf.1d9b19306f2927e3b9f7d7bead2ff975.jpg,,5,0,advanced,advanced,0.8984,0.01202,0.02517,0.0644,0.89841
crops/hibogi_ai_01514_png_6.jpg,hibogi_ai_01514_png,HIBOGI_AI_01514_png_jpg.rf.1d9b19306f2927e3b9f7d7bead2ff975.jpg,,0,0,no_caries,mild,0.8342,0.10731,0.83416,0.04925,0.00928
crops/hibogi_ai_01514_png_7.jpg,hibogi_ai_01514_png,HIBOGI_AI_01514_png_jpg.rf.1d9b19306f2927e3b9f7d7bead2ff975.jpg,,0,0,no_caries,no_caries,0.8065,0.80647,0.08916,0.06823,0.03615
crops/hibogi_ai_01514_png_8.jpg,hibogi_ai_01514_png,HIBOGI_AI_01514_png_jpg.rf.1d9b19306f2927e3b9f7d7bead2ff975.jpg,,0,0,no_caries,no_caries,0.5679,0.56785,0.38331,0.02038,0.02845
crops/hibogi_ai_01514_png_9.jpg,hibogi_ai_01514_png,HIBOGI_AI_01514_png_jpg.rf.1d9b19306f2927e3b9f7d7bead2ff975.jpg,,0,0,no_caries,no_caries,0.7619,0.76189,0.17624,0.03036,0.03151
crops/hibogi_ai_01514_png_10.jpg,hibogi_ai_01514_png,HIBOGI_AI_01514_png_jpg.rf.1d9b19306f2927e3b9f7d7bead2ff975.jpg,,0,0,no_caries,no_caries,0.7112,0.71124,0.20122,0.04193,0.04561
crops/hibogi_ai_01514_png_11.jpg,hibogi_ai_01514_png,HIBOGI_AI_01514_png_jpg.rf.1d9b19306f2927e3b9f7d7bead2ff975.jpg,,0,0,no_caries,mild,0.562,0.38082,0.56199,0.02742,0.02978
crops/hibogi_ai_01514_png_12.jpg,hibogi_ai_01514_png,HIBOGI_AI_01514_png_jpg.rf.1d9b19306f2927e3b9f7d7bead2ff975.jpg,,0,0,no_caries,mild,0.7767,0.17019,0.7767,0.0426,0.0105
crops/hibogi_ai_01514_png_13.jpg,hibogi_ai_01514_png,HIBOGI_AI_01514_png_jpg.rf.1d9b19306f2927e3b9f7d7bead2ff975.jpg,,4,0,moderate,mild,0.7095,0.21695,0.70945,0.05265,0.02095
crops/hibogi_ai_01514_png_14.jpg,hibogi_ai_01514_png,HIBOGI_AI_01514_png_jpg.rf.1d9b19306f2927e3b9f7d7bead2ff975.jpg,,4,0,moderate,mild,0.8128,0.04692,0.81279,0.06671,0.07358
crops/hibogi_ai_01540_png_0.jpg,hibogi_ai_01540_png,HIBOGI_AI_01540_png_jpg.rf.a5d7b08ff2ca2d7d6b82f5d6ad9198be.jpg,,5,0,advanced,advanced,0.8828,0.02964,0.05004,0.03756,0.88276
crops/hibogi_ai_01540_png_1.jpg,hibogi_ai_01540_png,HIBOGI_AI_01540_png_jpg.rf.a5d7b08ff2ca2d7d6b82f5d6ad9198be.jpg,,0,0,no_caries,no_caries,0.8235,0.82352,0.05815,0.06703,0.0513
crops/hibogi_ai_01540_png_2.jpg,hibogi_ai_01540_png,HIBOGI_AI_01540_png_jpg.rf.a5d7b08ff2ca2d7d6b82f5d6ad9198be.jpg,,0,0,no_caries,no_caries,0.9061,0.90613,0.01057,0.0377,0.0456
crops/hibogi_ai_01540_png_3.jpg,hibogi_ai_01540_png,HIBOGI_AI_01540_png_jpg.rf.a5d7b08ff2ca2d7d6b82f5d6ad9198be.jpg,,0,0,no_caries,no_caries,0.8267,0.82674,0.042,0.05571,0.07555
crops/hibogi_ai_01540_png_4.jpg,hibogi_ai_01540_png,HIBOGI_AI_01540_png_jpg.rf.a5d7b08ff2ca2d7d6b82f5d6ad9198be.jpg,,1,0,mild,mild,0.5005,0.44346,0.50049,0.0411,0.01494
crops/hibogi_ai_01540_png_5.jpg,hibogi_ai_01540_png,HIBOGI_AI_01540_png_jpg.rf.a5d7b08ff2ca2d7d6b82f5d6ad9198be.jpg,,0,0,no_caries,no_caries,0.7317,0.73174,0.11698,0.09107,0.06021
crops/hibogi_ai_01540_png_6.jpg,hibogi_ai_01540_png,HIBOGI_AI_01540_png_jpg.rf.a5d7b08ff2ca2d7d6b82f5d6ad9198be.jpg,,0,0,no_caries,mild,0.6551,0.27956,0.6551,0.02505,0.04028
crops/hibogi_ai_01540_png_7.jpg,hibogi_ai_01540_png,HIBOGI_AI_01540_png_jpg.rf.a5d7b08ff2ca2d7d6b82f5d6ad9198be.jpg,,1,0,mild,no_caries,0.45,0.44999,0.42628,0.04596,0.07777
crops/hibogi_ai_01540_png_8.jpg,hibogi_ai_01540_png,HIBOGI_AI_01540_png_jpg.rf.a5d7b08ff2ca2d7d6b82f5d6ad9198be.jpg,,0,0,no_caries,no_caries,0.7659,0.76587,0.13687,0.06815,0.02911
crops/hibogi_ai_01540_png_9.jpg,hibogi_ai_01540_png,HIBOGI_AI_01540_png_jpg.rf.a5d7b08ff2ca2d7d6b82f5d6ad9198be.jpg,,0,0,no_caries,no_caries,0.9066,0.90663,0.05108,0.02225,0.02004
crops/hibogi_ai_01540_png_10.jpg,hibogi_ai_01540_png,HIBOGI_AI_01540_png_jpg.rf.a5d7b08ff2ca2d7d6b82f5d6ad9198be.jpg,,0,0,no_caries,no_caries,0.8882,0.88818,0.0587,0.03092,0.0222
crops/hibogi_ai_01540_png_11.jpg,hibogi_ai_01540_png,HIBOGI_AI_01540_png_jpg.rf.a5d7b08ff2ca2d7d6b82f5d6ad9198be.jpg,,0,0,no_caries,no_caries,0.7779,0.77789,0.13797,0.03282,0.05132
crops/hibogi_ai_01540_png_12.jpg,hibogi_ai_01540_png,HIBOGI_AI_01540_png_jpg.rf.a5d7b08ff2ca2d7d6b82f5d6ad9198be.jpg,,1,0,mild,no_caries,0.9097,0.90975,0.03554,0.02328,0.03143
crops/hibogi_ai_01540_png_13.jpg,hibogi_ai_01540_png,HIBOGI_AI_01540_png_jpg.rf.a5d7b08ff2ca2d7d6b82f5d6ad9198be.jpg,,3,0,moderate,no_caries,0.6194,0.61944,0.25895,0.03705,0.08456
crops/hibogi_ai_01540_png_14.jpg,hibogi_ai_01540_png,HIBOGI_AI_01540_png_jpg.rf.a5d7b08ff2ca2d7d6b82f5d6ad9198be.jpg,,0,0,no_caries,no_caries,0.7636,0.76364,0.09541,0.07731,0.06364
crops/hibogi_ai_01540_png_15.jpg,hibogi_ai_01540_png,HIBOGI_AI_01540_png_jpg.rf.a5d7b08ff2ca2d7d6b82f5d6ad9198be.jpg,,0,0,no_caries,no_caries,0.4582,0.4582,0.40923,0.06071,0.07186
crops/hibogi_ai_01568_png_0.jpg,hibogi_ai_01568_png,HIBOGI_AI_01568_png_jpg.rf.a2065ae681b9276e4e9899b980d112f7.jpg,,0,0,no_caries,no_caries,0.7717,0.7717,0.1059,0.07802,0.04438
crops/hibogi_ai_01568_png_1.jpg,hibogi_ai_01568_png,HIBOGI_AI_01568_png_jpg.rf.a2065ae681b9276e4e9899b980d112f7.jpg,,0,0,no_caries,no_caries,0.8294,0.8294,0.07218,0.02571,0.07271
crops/hibogi_ai_01568_png_2.jpg,hibogi_ai_01568_png,HIBOGI_AI_01568_png_jpg.rf.a2065ae681b9276e4e9899b980d112f7.jpg,,0,0,no_caries,no_caries,0.8002,0.80025,0.09579,0.05379,0.05018
crops/hibogi_ai_01568_png_3.jpg,hibogi_ai_01568_png,HIBOGI_AI_01568_png_jpg.rf.a2065ae681b9276e4e9899b980d112f7.jpg,,0,0,no_caries,no_caries,0.7558,0.75582,0.0895,0.07285,0.08183
crops/hibogi_ai_01568_png_4.jpg,hibogi_ai_01568_png,HIBOGI_AI_01568_png_jpg.rf.a2065ae681b9276e4e9899b980d112f7.jpg,,0,0,no_caries,no_caries,0.6104,0.61041,0.26179,0.06407,0.06373
crops/hibogi_ai_01568_png_5.jpg,hibogi_ai_01568_png,HIBOGI_AI_01568_png_jpg.rf.a2065ae681b9276e4e9899b980d112f7.jpg,,0,0,no_caries,no_caries,0.8389,0.83891,0.03872,0.06161,0.06076
crops/hibogi_ai_01568_png_6.jpg,hibogi_ai_01568_png,HIBOGI_AI_01568_png_jpg.rf.a2065ae681b9276e4e9899b980d112f7.jpg,,0,0,no_caries,no_caries,0.6643,0.66429,0.21151,0.08291,0.0413
crops/hibogi_ai_01568_png_7.jpg,hibogi_ai_01568_png,HIBOGI_AI_01568_png_jpg.rf.a2065ae681b9276e4e9899b980d112f7.jpg,,0,0,no_caries,no_caries,0.7776,0.77756,0.0243,0.13589,0.06226
crops/hibogi_ai_01568_png_8.jpg,hibogi_ai_01568_png,HIBOGI_AI_01568_png_jpg.rf.a2065ae681b9276e4e9899b980d112f7.jpg,,0,0,no_caries,no_caries,0.7833,0.78335,0.07935,0.07178,0.06553
crops/hibogi_ai_01568_png_9.jpg,hibogi_ai_01568_png,HIBOGI_AI_01568_png_jpg.rf.a2065ae681b9276e4e9899b980d112f7.jpg,,0,0,no_caries,no_caries,0.8607,0.8607,0.08528,0.01835,0.03567
crops/hibogi_ai_01568_png_10.jpg,hibogi_ai_01568_png,HIBOGI_AI_01568_png_jpg.rf.a2065ae681b9276e4e9899b980d112f7.jpg,,0,0,no_caries,mild,0.4589,0.45838,0.4589,0.04794,0.03477
crops/hibogi_ai_01568_png_11.jpg,hibogi_ai_01568_png,HIBOGI_AI_01568_png_jpg.rf.a2065ae681b9276e4e9899b980d112f7.jpg,,0,0,no_caries,no_caries,0.5602,0.56022,0.35272,0.02038,0.06667
crops/hibogi_ai_01568_png_12.jpg,hibogi_ai_01568_png,HIBOGI_AI_01568_png_jpg.rf.a2065ae681b9276e4e9899b980d112f7.jpg,,0,0,no_caries,no_caries,0.7709,0.77093,0.08264,0.09645,0.04998
crops/hibogi_ai_01568_png_13.jpg,hibogi_ai_01568_png,HIBOGI_AI_01568_png_jpg.rf.a2065ae681b9276e4e9899b980d112f7.jpg,,0,0,no_caries,no_caries,0.7758,0.7758,0.02461,0.12602,0.07357
crops/hibogi_ai_01568_png_14.jpg,hibogi_ai_01568_png,HIBOGI_AI_01568_png_jpg.rf.a2065ae681b9276e4e9899b980d112f7.jpg,,0,0,no_caries,no_caries,0.9458,0.94581,0.01954,0.01927,0.01538
crops/hibogi_ai_01570_png_0.jpg,hibogi_ai_01570_png,HIBOGI_AI_01570_png_jpg.rf.ce1bad7486b1c26982a024c4a2ada09f.jpg,,0,0,no_caries,no_caries,0.8289,0.82891,0.06185,0.0588,0.05045
crops/hibogi_ai_01570_png_1.jpg,hibogi_ai_01570_png,HIBOGI_AI_01570_png_jpg.rf.ce1bad7486b1c26982a024c4a2ada09f.jpg,,0,0,no_caries,no_caries,0.6981,0.69814,0.18737,0.06546,0.04903
crops/hibogi_ai_01570_png_2.jpg,hibogi_ai_01570_png,HIBOGI_AI_01570_png_jpg.rf.ce1bad7486b1c26982a024c4a2ada09f.jpg,,0,0,no_caries,no_caries,0.8552,0.85519,0.04047,0.06814,0.03621
crops/hibogi_ai_01570_png_3.jpg,hibogi_ai_01570_png,HIBOGI_AI_01570_png_jpg.rf.ce1bad7486b1c26982a024c4a2ada09f.jpg,,0,0,no_caries,mild,0.451,0.40168,0.45103,0.08366,0.06362
crops/hibogi_ai_01570_png_4.jpg,hibogi_ai_01570_png,HIBOGI_AI_01570_png_jpg.rf.ce1bad7486b1c26982a024c4a2ada09f.jpg,,0,0,no_caries,mild,0.7263,0.2203,0.72631,0.0191,0.03429
crops/hibogi_ai_01570_png_5.jpg,hibogi_ai_01570_png,HIBOGI_AI_01570_png_jpg.rf.ce1bad7486b1c26982a024c4a2ada09f.jpg,,0,0,no_caries,no_caries,0.8329,0.83292,0.08103,0.05901,0.02703
crops/hibogi_ai_01570_png_6.jpg,hibogi_ai_01570_png,HIBOGI_AI_01570_png_jpg.rf.ce1bad7486b1c26982a024c4a2ada09f.jpg,,0,0,no_caries,no_caries,0.8619,0.86189,0.05626,0.02917,0.05269
crops/hibogi_ai_01570_png_7.jpg,hibogi_ai_01570_png,HIBOGI_AI_01570_png_jpg.rf.ce1bad7486b1c26982a024c4a2ada09f.jpg,,0,0,no_caries,no_caries,0.8007,0.80072,0.11885,0.01314,0.06729
crops/hibogi_ai_01570_png_8.jpg,hibogi_ai_01570_png,HIBOGI_AI_01570_png_jpg.rf.ce1bad7486b1c26982a024c4a2ada09f.jpg,,0,0,no_caries,no_caries,0.6736,0.67361,0.22891,0.03216,0.06532
crops/hibogi_ai_01570_png_9.jpg,hibogi_ai_01570_png,HIBOGI_AI_01570_png_jpg.rf.ce1bad7486b1c26982a024c4a2ada09f.jpg,,0,0,no_caries,no_caries,0.8723,0.87229,0.04802,0.0284,0.05128
crops/hibogi_ai_01570_png_10.jpg,hibogi_ai_01570_png,HIBOGI_AI_01570_png_jpg.rf.ce1bad7486b1c26982a024c4a2ada09f.jpg,,0,0,no_caries,no_caries,0.8341,0.83414,0.0351,0.05848,0.07228
crops/hibogi_ai_01570_png_11.jpg,hibogi_ai_01570_png,HIBOGI_AI_01570_png_jpg.rf.ce1bad7486b1c26982a024c4a2ada09f.jpg,,0,0,no_caries,no_caries,0.8964,0.89642,0.04241,0.01296,0.04822
crops/hibogi_ai_01570_png_12.jpg,hibogi_ai_01570_png,HIBOGI_AI_01570_png_jpg.rf.ce1bad7486b1c26982a024c4a2ada09f.jpg,,5,0,advanced,no_caries,0.7708,0.77083,0.06081,0.10146,0.0669
crops/hibogi_ai_01580_png_0.jpg,hibogi_ai_01580_png,HIBOGI_AI_01580_png_jpg.rf.77278ac801fe0ccfb36cc56e3475c60f.jpg,,5,0,advanced,mild,0.4397,0.43607,0.43972,0.07024,0.05396
crops/hibogi_ai_01580_png_1.jpg,hibogi_ai_01580_png,HIBOGI_AI_01580_png_jpg.rf.77278ac801fe0ccfb36cc56e3475c60f.jpg,,4,0,moderate,no_caries,0.7122,0.71218,0.19621,0.03241,0.0592
crops/hibogi_ai_01580_png_2.jpg,hibogi_ai_01580_png,HIBOGI_AI_01580_png_jpg.rf.77278ac801fe0ccfb36cc56e3475c60f.jpg,,4,0,moderate,no_caries,0.4636,0.46365,0.42624,0.04724,0.06287
crops/hibogi_ai_01580_png_3.jpg,hibogi_ai_01580_png,HIBOGI_AI_01580_png_jpg.rf.77278ac801fe0ccfb36cc56e3475c60f.jpg,,0,0,no_caries,no_caries,0.7029,0.70291,0.04975,0.18526,0.06208
crops/hibogi_ai_01580_png_4.jpg,hibogi_ai_01580_png,HIBOGI_AI_01580_png_jpg.rf.77278ac801fe0ccfb36cc56e3475c60f.jpg,,0,0,no_caries,no_caries,0.8302,0.83019,0.02277,0.07928,0.06777
crops/hibogi_ai_01580_png_5.jpg,hibogi_ai_01580_png,HIBOGI_AI_01580_png_jpg.rf.77278ac801fe0ccfb36cc56e3475c60f.jpg,,0,0,no_caries,no_caries,0.785,0.78498,0.05913,0.05852,0.09738
crops/hibogi_ai_01580_png_6.jpg,hibogi_ai_01580_png,HIBOGI_AI_01580_png_jpg.rf.77278ac801fe0ccfb36cc56e3475c60f.jpg,,0,0,no_caries,no_caries,0.6887,0.68865,0.1707,0.0882,0.05245
crops/hibogi_ai_01580_png_7.jpg,hibogi_ai_01580_png,HIBOGI_AI_01580_png_jpg.rf.77278ac801fe0ccfb36cc56e3475c60f.jpg,,5,0,advanced,no_caries,0.5588,0.55884,0.06936,0.27084,0.10096
crops/hibogi_ai_01580_png_8.jpg,hibogi_ai_01580_png,HIBOGI_AI_01580_png_jpg.rf.77278ac801fe0ccfb36cc56e3475c60f.jpg,,5,0,advanced,no_caries,0.6426,0.6426,0.13916,0.13922,0.07902
crops/hibogi_ai_01580_png_9.jpg,hibogi_ai_01580_png,HIBOGI_AI_01580_png_jpg.rf.77278ac801fe0ccfb36cc56e3475c60f.jpg,,5,0,advanced,moderate,0.5475,0.36715,0.0716,0.54753,0.01372
crops/hibogi_ai_01580_png_10.jpg,hibogi_ai_01580_png,HIBOGI_AI_01580_png_jpg.rf.77278ac801fe0ccfb36cc56e3475c60f.jpg,,0,0,no_caries,no_caries,0.4323,0.43225,0.15046,0.28708,0.1302
crops/hibogi_ai_01580_png_11.jpg,hibogi_ai_01580_png,HIBOGI_AI_01580_png_jpg.rf.77278ac801fe0ccfb36cc56e3475c60f.jpg,,0,0,no_caries,no_caries,0.7947,0.79472,0.03099,0.13643,0.03786
crops/hibogi_ai_01580_png_12.jpg,hibogi_ai_01580_png,HIBOGI_AI_01580_png_jpg.rf.77278ac801fe0ccfb36cc56e3475c60f.jpg,,0,0,no_caries,no_caries,0.8053,0.80531,0.03945,0.14066,0.01459
crops/hibogi_ai_01580_png_13.jpg,hibogi_ai_01580_png,HIBOGI_AI_01580_png_jpg.rf.77278ac801fe0ccfb36cc56e3475c60f.jpg,,0,0,no_caries,no_caries,0.6428,0.6428,0.03059,0.29568,0.03094
crops/hibogi_ai_01580_png_14.jpg,hibogi_ai_01580_png,HIBOGI_AI_01580_png_jpg.rf.77278ac801fe0ccfb36cc56e3475c60f.jpg,,0,0,no_caries,no_caries,0.9013,0.90131,0.00974,0.0695,0.01945
crops/hibogi_ai_01580_png_15.jpg,hibogi_ai_01580_png,HIBOGI_AI_01580_png_jpg.rf.77278ac801fe0ccfb36cc56e3475c60f.jpg,,0,0,no_caries,no_caries,0.7974,0.79738,0.0761,0.07668,0.04984
crops/hibogi_ai_01580_png_16.jpg,hibogi_ai_01580_png,HIBOGI_AI_01580_png_jpg.rf.77278ac801fe0ccfb36cc56e3475c60f.jpg,,0,0,no_caries,no_caries,0.6566,0.6566,0.11496,0.17065,0.0578
crops/hibogi_ai_01634_png_0.jpg,hibogi_ai_01634_png,HIBOGI_AI_01634_png_jpg.rf.3980dad223410f6ba8dd98f0bcbf93ac.jpg,,1,0,mild,no_caries,0.7075,0.70747,0.10502,0.10185,0.08566
crops/hibogi_ai_01634_png_1.jpg,hibogi_ai_01634_png,HIBOGI_AI_01634_png_jpg.rf.3980dad223410f6ba8dd98f0bcbf93ac.jpg,,1,0,mild,mild,0.5747,0.30846,0.57468,0.05634,0.06052
crops/hibogi_ai_01634_png_2.jpg,hibogi_ai_01634_png,HIBOGI_AI_01634_png_jpg.rf.3980dad223410f6ba8dd98f0bcbf93ac.jpg,,1,0,mild,mild,0.8162,0.11878,0.81617,0.04349,0.02155
crops/hibogi_ai_01634_png_3.jpg,hibogi_ai_01634_png,HIBOGI_AI_01634_png_jpg.rf.3980dad223410f6ba8dd98f0bcbf93ac.jpg,,1,0,mild,mild,0.6587,0.25883,0.65869,0.03743,0.04504
crops/hibogi_ai_01634_png_4.jpg,hibogi_ai_01634_png,HIBOGI_AI_01634_png_jpg.rf.3980dad223410f6ba8dd98f0bcbf93ac.jpg,,2,0,mild,no_caries,0.6463,0.64626,0.15754,0.03269,0.16351
crops/hibogi_ai_01634_png_5.jpg,hibogi_ai_01634_png,HIBOGI_AI_01634_png_jpg.rf.3980dad223410f6ba8dd98f0bcbf93ac.jpg,,0,0,no_caries,no_caries,0.6497,0.64972,0.02317,0.23679,0.09032
crops/hibogi_ai_01634_png_6.jpg,hibogi_ai_01634_png,HIBOGI_AI_01634_png_jpg.rf.3980dad223410f6ba8dd98f0bcbf93ac.jpg,,0,0,no_caries,no_caries,0.6013,0.60133,0.24795,0.08955,0.06117
crops/hibogi_ai_01634_png_7.jpg,hibogi_ai_01634_png,HIBOGI_AI_01634_png_jpg.rf.3980dad223410f6ba8dd98f0bcbf93ac.jpg,,0,0,no_caries,no_caries,0.6924,0.6924,0.10711,0.13992,0.06057
crops/hibogi_ai_01634_png_8.jpg,hibogi_ai_01634_png,HIBOGI_AI_01634_png_jpg.rf.3980dad223410f6ba8dd98f0bcbf93ac.jpg,,0,0,no_caries,no_caries,0.6573,0.65734,0.23135,0.0769,0.03441
crops/hibogi_ai_01634_png_9.jpg,hibogi_ai_01634_png,HIBOGI_AI_01634_png_jpg.rf.3980dad223410f6ba8dd98f0bcbf93ac.jpg,,0,0,no_caries,no_caries,0.8442,0.84425,0.04557,0.07073,0.03946
crops/hibogi_ai_01636_png_0.jpg,hibogi_ai_01636_png,HIBOGI_AI_01636_png_jpg.rf.2913936648918ed81c95617a7a66e9d2.jpg,,0,0,no_caries,no_caries,0.6898,0.68981,0.17986,0.07463,0.05569
crops/hibogi_ai_01636_png_1.jpg,hibogi_ai_01636_png,HIBOGI_AI_01636_png_jpg.rf.2913936648918ed81c95617a7a66e9d2.jpg,,0,0,no_caries,mild,0.7441,0.18997,0.74415,0.05311,0.01278
crops/hibogi_ai_01636_png_2.jpg,hibogi_ai_01636_png,HIBOGI_AI_01636_png_jpg.rf.2913936648918ed81c95617a7a66e9d2.jpg,,0,0,no_caries,mild,0.5675,0.29292,0.56753,0.0959,0.04365
crops/hibogi_ai_01636_png_3.jpg,hibogi_ai_01636_png,HIBOGI_AI_01636_png_jpg.rf.2913936648918ed81c95617a7a66e9d2.jpg,,0,0,no_caries,no_caries,0.4239,0.42392,0.41698,0.04734,0.11176
crops/hibogi_ai_01636_png_4.jpg,hibogi_ai_01636_png,HIBOGI_AI_01636_png_jpg.rf.2913936648918ed81c95617a7a66e9d2.jpg,,0,0,no_caries,no_caries,0.5482,0.54817,0.32061,0.04906,0.08216
crops/hibogi_ai_01636_png_5.jpg,hibogi_ai_01636_png,HIBOGI_AI_01636_png_jpg.rf.2913936648918ed81c95617a7a66e9d2.jpg,,0,0,no_caries,no_caries,0.8056,0.80559,0.05206,0.05773,0.08462
crops/hibogi_ai_01636_png_6.jpg,hibogi_ai_01636_png,HIBOGI_AI_01636_png_jpg.rf.2913936648918ed81c95617a7a66e9d2.jpg,,0,0,no_caries,no_caries,0.6715,0.67148,0.16608,0.08034,0.0821
crops/hibogi_ai_01636_png_7.jpg,hibogi_ai_01636_png,HIBOGI_AI_01636_png_jpg.rf.2913936648918ed81c95617a7a66e9d2.jpg,,0,0,no_caries,no_caries,0.6765,0.6765,0.12839,0.13102,0.06409
crops/hibogi_ai_01636_png_8.jpg,hibogi_ai_01636_png,HIBOGI_AI_01636_png_jpg.rf.2913936648918ed81c95617a7a66e9d2.jpg,,0,0,no_caries,no_caries,0.5494,0.54935,0.13185,0.22133,0.09746
crops/hibogi_ai_01636_png_9.jpg,hibogi_ai_01636_png,HIBOGI_AI_01636_png_jpg.rf.2913936648918ed81c95617a7a66e9d2.jpg,,0,0,no_caries,no_caries,0.9167,0.9167,0.02152,0.0217,0.04008
crops/hibogi_ai_01636_png_11.jpg,hibogi_ai_01636_png,HIBOGI_AI_01636_png_jpg.rf.2913936648918ed81c95617a7a66e9d2.jpg,,0,0,no_caries,no_caries,0.8418,0.8418,0.02749,0.0515,0.07921
crops/hibogi_ai_01636_png_12.jpg,hibogi_ai_01636_png,HIBOGI_AI_01636_png_jpg.rf.2913936648918ed81c95617a7a66e9d2.jpg,,0,0,no_caries,no_caries,0.8629,0.86292,0.02406,0.05748,0.05554
crops/hibogi_ai_01649_png_0.jpg,hibogi_ai_01649_png,HIBOGI_AI_01649_png_jpg.rf.a12575b6368f5bd775f7fc677325ce17.jpg,,0,0,no_caries,mild,0.7068,0.14171,0.70678,0.12064,0.03086
crops/hibogi_ai_01649_png_1.jpg,hibogi_ai_01649_png,HIBOGI_AI_01649_png_jpg.rf.a12575b6368f5bd775f7fc677325ce17.jpg,,0,0,no_caries,mild,0.5886,0.0789,0.58858,0.11903,0.21349
crops/hibogi_ai_01649_png_2.jpg,hibogi_ai_01649_png,HIBOGI_AI_01649_png_jpg.rf.a12575b6368f5bd775f7fc677325ce17.jpg,,0,0,no_caries,mild,0.8387,0.0978,0.83874,0.04876,0.01469
crops/hibogi_ai_01649_png_3.jpg,hibogi_ai_01649_png,HIBOGI_AI_01649_png_jpg.rf.a12575b6368f5bd775f7fc677325ce17.jpg,,0,0,no_caries,no_caries,0.4555,0.45551,0.42731,0.03462,0.08256
crops/hibogi_ai_01649_png_4.jpg,hibogi_ai_01649_png,HIBOGI_AI_01649_png_jpg.rf.a12575b6368f5bd775f7fc677325ce17.jpg,,5,0,advanced,mild,0.3578,0.0145,0.35777,0.3525,0.27522
crops/hibogi_ai_01649_png_5.jpg,hibogi_ai_01649_png,HIBOGI_AI_01649_png_jpg.rf.a12575b6368f5bd775f7fc677325ce17.jpg,,0,0,no_caries,no_caries,0.535,0.53504,0.18643,0.15776,0.12077
crops/hibogi_ai_01649_png_6.jpg,hibogi_ai_01649_png,HIBOGI_AI_01649_png_jpg.rf.a12575b6368f5bd775f7fc677325ce17.jpg,,0,0,no_caries,mild,0.719,0.16739,0.71902,0.10014,0.01346
crops/hibogi_ai_01649_png_7.jpg,hibogi_ai_01649_png,HIBOGI_AI_01649_png_jpg.rf.a12575b6368f5bd775f7fc677325ce17.jpg,,0,0,no_caries,mild,0.5792,0.10208,0.57923,0.24199,0.0767
crops/hibogi_ai_01649_png_8.jpg,hibogi_ai_01649_png,HIBOGI_AI_01649_png_jpg.rf.a12575b6368f5bd775f7fc677325ce17.jpg,,0,0,no_caries,moderate,0.643,0.28395,0.02862,0.64296,0.04447
crops/hibogi_ai_01691_png_0.jpg,hibogi_ai_01691_png,HIBOGI_AI_01691_png_jpg.rf.b9c3891e17c90a69e38c360fc61be49d.jpg,,0,0,no_caries,no_caries,0.516,0.516,0.24561,0.0217,0.21668
crops/hibogi_ai_01691_png_1.jpg,hibogi_ai_01691_png,HIBOGI_AI_01691_png_jpg.rf.b9c3891e17c90a69e38c360fc61be49d.jpg,,0,0,no_caries,no_caries,0.644,0.644,0.24824,0.01889,0.08887
crops/hibogi_ai_01691_png_2.jpg,hibogi_ai_01691_png,HIBOGI_AI_01691_png_jpg.rf.b9c3891e17c90a69e38c360fc61be49d.jpg,,0,0,no_caries,no_caries,0.7722,0.77222,0.17754,0.02671,0.02353
crops/hibogi_ai_01691_png_3.jpg,hibogi_ai_01691_png,HIBOGI_AI_01691_png_jpg.rf.b9c3891e17c90a69e38c360fc61be49d.jpg,,0,0,no_caries,no_caries,0.7836,0.78356,0.14555,0.03286,0.03802
crops/hibogi_ai_01691_png_4.jpg,hibogi_ai_01691_png,HIBOGI_AI_01691_png_jpg.rf.b9c3891e17c90a69e38c360fc61be49d.jpg,,0,0,no_caries,no_caries,0.8347,0.83475,0.08785,0.03778,0.03962
crops/hibogi_ai_01691_png_5.jpg,hibogi_ai_01691_png,HIBOGI_AI_01691_png_jpg.rf.b9c3891e17c90a69e38c360fc61be49d.jpg,,0,0,no_caries,no_caries,0.735,0.73498,0.07615,0.11891,0.06996
crops/hibogi_ai_01691_png_6.jpg,hibogi_ai_01691_png,HIBOGI_AI_01691_png_jpg.rf.b9c3891e17c90a69e38c360fc61be49d.jpg,,0,0,no_caries,no_caries,0.8281,0.82807,0.03559,0.09887,0.03748
crops/hibogi_ai_01691_png_7.jpg,hibogi_ai_01691_png,HIBOGI_AI_01691_png_jpg.rf.b9c3891e17c90a69e38c360fc61be49d.jpg,,0,0,no_caries,no_caries,0.7012,0.70125,0.20227,0.03269,0.06379
crops/hibogi_ai_01691_png_8.jpg,hibogi_ai_01691_png,HIBOGI_AI_01691_png_jpg.rf.b9c3891e17c90a69e38c360fc61be49d.jpg,,0,0,no_caries,no_caries,0.7875,0.78749,0.11838,0.03681,0.05732
crops/hibogi_ai_01691_png_9.jpg,hibogi_ai_01691_png,HIBOGI_AI_01691_png_jpg.rf.b9c3891e17c90a69e38c360fc61be49d.jpg,,0,0,no_caries,mild,0.4085,0.36282,0.40847,0.04632,0.18238
crops/hibogi_ai_01691_png_10.jpg,hibogi_ai_01691_png,HIBOGI_AI_01691_png_jpg.rf.b9c3891e17c90a69e38c360fc61be49d.jpg,,0,0,no_caries,no_caries,0.7596,0.75958,0.16284,0.02643,0.05115
crops/hibogi_ai_01700_png_0.jpg,hibogi_ai_01700_png,HIBOGI_AI_01700_png_jpg.rf.16879be11b55a6440a019d0ff4b63977.jpg,,0,0,no_caries,no_caries,0.7112,0.71123,0.02853,0.15931,0.10094
crops/hibogi_ai_01700_png_1.jpg,hibogi_ai_01700_png,HIBOGI_AI_01700_png_jpg.rf.16879be11b55a6440a019d0ff4b63977.jpg,,0,0,no_caries,no_caries,0.6446,0.64458,0.14759,0.06325,0.14457
crops/hibogi_ai_01700_png_2.jpg,hibogi_ai_01700_png,HIBOGI_AI_01700_png_jpg.rf.16879be11b55a6440a019d0ff4b63977.jpg,,0,0,no_caries,no_caries,0.6757,0.67568,0.07487,0.05148,0.19797
crops/hibogi_ai_01700_png_3.jpg,hibogi_ai_01700_png,HIBOGI_AI_01700_png_jpg.rf.16879be11b55a6440a019d0ff4b63977.jpg,,0,0,no_caries,no_caries,0.7951,0.79511,0.0428,0.04925,0.11285
crops/hibogi_ai_01700_png_4.jpg,hibogi_ai_01700_png,HIBOGI_AI_01700_png_jpg.rf.16879be11b55a6440a019d0ff4b63977.jpg,,0,0,no_caries,no_caries,0.772,0.77196,0.04406,0.10196,0.08201
crops/hibogi_ai_01700_png_5.jpg,hibogi_ai_01700_png,HIBOGI_AI_01700_png_jpg.rf.16879be11b55a6440a019d0ff4b63977.jpg,,0,0,no_caries,no_caries,0.6635,0.66348,0.21749,0.06211,0.05692
crops/hibogi_ai_01700_png_6.jpg,hibogi_ai_01700_png,HIBOGI_AI_01700_png_jpg.rf.16879be11b55a6440a019d0ff4b63977.jpg,,0,0,no_caries,no_caries,0.6024,0.60241,0.08599,0.18978,0.12182
crops/hibogi_ai_01720_png_0.jpg,hibogi_ai_01720_png,HIBOGI_AI_01720_png_jpg.rf.2c5424e8897e51c3f91d8dd129480d73.jpg,,1,0,mild,no_caries,0.7181,0.71814,0.15154,0.06431,0.06601
crops/hibogi_ai_01720_png_1.jpg,hibogi_ai_01720_png,HIBOGI_AI_01720_png_jpg.rf.2c5424e8897e51c3f91d8dd129480d73.jpg,,0,0,no_caries,no_caries,0.8654,0.86544,0.02889,0.07806,0.02761
crops/hibogi_ai_01720_png_2.jpg,hibogi_ai_01720_png,HIBOGI_AI_01720_png_jpg.rf.2c5424e8897e51c3f91d8dd129480d73.jpg,,0,0,no_caries,no_caries,0.7524,0.75244,0.04594,0.10602,0.0956
crops/hibogi_ai_01720_png_3.jpg,hibogi_ai_01720_png,HIBOGI_AI_01720_png_jpg.rf.2c5424e8897e51c3f91d8dd129480d73.jpg,,0,0,no_caries,moderate,0.4932,0.18281,0.10328,0.49319,0.22073
crops/hibogi_ai_01720_png_4.jpg,hibogi_ai_01720_png,HIBOGI_AI_01720_png_jpg.rf.2c5424e8897e51c3f91d8dd129480d73.jpg,,0,0,no_caries,no_caries,0.8598,0.8598,0.02192,0.03688,0.08139
crops/hibogi_ai_01720_png_5.jpg,hibogi_ai_01720_png,HIBOGI_AI_01720_png_jpg.rf.2c5424e8897e51c3f91d8dd129480d73.jpg,,0,0,no_caries,no_caries,0.6881,0.68807,0.08469,0.10994,0.11731
crops/hibogi_ai_01720_png_6.jpg,hibogi_ai_01720_png,HIBOGI_AI_01720_png_jpg.rf.2c5424e8897e51c3f91d8dd129480d73.jpg,,0,0,no_caries,no_caries,0.8902,0.89017,0.02469,0.02112,0.06402
crops/hibogi_ai_01722_png_0.jpg,hibogi_ai_01722_png,HIBOGI_AI_01722_png_jpg.rf.e13cc3336a945ba9497cd1dbe2181802.jpg,,0,0,no_caries,moderate,0.8309,0.02129,0.08159,0.83088,0.06624
crops/hibogi_ai_01722_png_1.jpg,hibogi_ai_01722_png,HIBOGI_AI_01722_png_jpg.rf.e13cc3336a945ba9497cd1dbe2181802.jpg,,0,0,no_caries,no_caries,0.5717,0.57168,0.32103,0.02318,0.08411
crops/hibogi_ai_01722_png_2.jpg,hibogi_ai_01722_png,HIBOGI_AI_01722_png_jpg.rf.e13cc3336a945ba9497cd1dbe2181802.jpg,,0,0,no_caries,no_caries,0.7809,0.78088,0.11161,0.04834,0.05916
crops/hibogi_ai_01722_png_3.jpg,hibogi_ai_01722_png,HIBOGI_AI_01722_png_jpg.rf.e13cc3336a945ba9497cd1dbe2181802.jpg,,0,0,no_caries,no_caries,0.7226,0.72262,0.09749,0.1148,0.06508
crops/hibogi_ai_01722_png_4.jpg,hibogi_ai_01722_png,HIBOGI_AI_01722_png_jpg.rf.e13cc3336a945ba9497cd1dbe2181802.jpg,,0,0,no_caries,no_caries,0.75,0.75001,0.07353,0.12814,0.04832
crops/hibogi_ai_01722_png_5.jpg,hibogi_ai_01722_png,HIBOGI_AI_01722_png_jpg.rf.e13cc3336a945ba9497cd1dbe2181802.jpg,,0,0,no_caries,no_caries,0.8678,0.86784,0.02123,0.04469,0.06624
crops/hibogi_ai_01722_png_6.jpg,hibogi_ai_01722_png,HIBOGI_AI_01722_png_jpg.rf.e13cc3336a945ba9497cd1dbe2181802.jpg,,0,0,no_caries,no_caries,0.7172,0.7172,0.15209,0.06758,0.06312
crops/hibogi_ai_01722_png_7.jpg,hibogi_ai_01722_png,HIBOGI_AI_01722_png_jpg.rf.e13cc3336a945ba9497cd1dbe2181802.jpg,,0,0,no_caries,no_caries,0.5571,0.55706,0.2057,0.18225,0.05498
crops/hibogi_ai_01722_png_8.jpg,hibogi_ai_01722_png,HIBOGI_AI_01722_png_jpg.rf.e13cc3336a945ba9497cd1dbe2181802.jpg,,0,0,no_caries,advanced,0.5581,0.01157,0.01664,0.41373,0.55806
crops/hibogi_ai_01722_png_9.jpg,hibogi_ai_01722_png,HIBOGI_AI_01722_png_jpg.rf.e13cc3336a945ba9497cd1dbe2181802.jpg,,0,0,no_caries,no_caries,0.6363,0.63632,0.19195,0.07502,0.09671
crops/hibogi_ai_01722_png_10.jpg,hibogi_ai_01722_png,HIBOGI_AI_01722_png_jpg.rf.e13cc3336a945ba9497cd1dbe2181802.jpg,,0,0,no_caries,no_caries,0.7676,0.76764,0.0447,0.05788,0.12978
crops/hibogi_ai_01722_png_11.jpg,hibogi_ai_01722_png,HIBOGI_AI_01722_png_jpg.rf.e13cc3336a945ba9497cd1dbe2181802.jpg,,0,0,no_caries,no_caries,0.8588,0.85877,0.03592,0.03405,0.07126
crops/hibogi_ai_01722_png_12.jpg,hibogi_ai_01722_png,HIBOGI_AI_01722_png_jpg.rf.e13cc3336a945ba9497cd1dbe2181802.jpg,,0,0,no_caries,no_caries,0.9054,0.90545,0.0306,0.02928,0.03468
crops/hibogi_ai_01722_png_13.jpg,hibogi_ai_01722_png,HIBOGI_AI_01722_png_jpg.rf.e13cc3336a945ba9497cd1dbe2181802.jpg,,0,0,no_caries,no_caries,0.7861,0.78611,0.10817,0.0473,0.05842
crops/hibogi_ai_01733_png_0.jpg,hibogi_ai_01733_png,HIBOGI_AI_01733_png_jpg.rf.023ba3ad777cecafb48d7d1230149624.jpg,,0,0,no_caries,mild,0.6593,0.02017,0.65931,0.30243,0.01809
crops/hibogi_ai_01733_png_1.jpg,hibogi_ai_01733_png,HIBOGI_AI_01733_png_jpg.rf.023ba3ad777cecafb48d7d1230149624.jpg,,5,0,advanced,advanced,0.9032,0.02326,0.04247,0.0311,0.90317
crops/hibogi_ai_01733_png_2.jpg,hibogi_ai_01733_png,HIBOGI_AI_01733_png_jpg.rf.023ba3ad777cecafb48d7d1230149624.jpg,,5,0,advanced,advanced,0.9055,0.01246,0.01833,0.06376,0.90546
crops/hibogi_ai_01733_png_3.jpg,hibogi_ai_01733_png,HIBOGI_AI_01733_png_jpg.rf.023ba3ad777cecafb48d7d1230149624.jpg,,0,0,no_caries,no_caries,0.8222,0.82221,0.10191,0.02788,0.048
crops/hibogi_ai_01733_png_4.jpg,hibogi_ai_01733_png,HIBOGI_AI_01733_png_jpg.rf.023ba3ad777cecafb48d7d1230149624.jpg,,0,0,no_caries,no_caries,0.7747,0.77469,0.08331,0.11104,0.03096
crops/hibogi_ai_01733_png_5.jpg,hibogi_ai_01733_png,HIBOGI_AI_01733_png_jpg.rf.023ba3ad777cecafb48d7d1230149624.jpg,,0,0,no_caries,no_caries,0.9015,0.9015,0.03642,0.04694,0.01514
crops/hibogi_ai_01733_png_6.jpg,hibogi_ai_01733_png,HIBOGI_AI_01733_png_jpg.rf.023ba3ad777cecafb48d7d1230149624.jpg,,0,0,no_caries,no_caries,0.6434,0.6434,0.01407,0.32791,0.01462
crops/hibogi_ai_01733_png_7.jpg,hibogi_ai_01733_png,HIBOGI_AI_01733_png_jpg.rf.023ba3ad777cecafb48d7d1230149624.jpg,,3,0,moderate,no_caries,0.6663,0.66626,0.16397,0.14648,0.02329
crops/hibogi_ai_01733_png_8.jpg,hibogi_ai_01733_png,HIBOGI_AI_01733_png_jpg.rf.023ba3ad777cecafb48d7d1230149624.jpg,,0,0,no_caries,no_caries,0.7824,0.78235,0.12755,0.06683,0.02327
crops/hibogi_ai_01733_png_9.jpg,hibogi_ai_01733_png,HIBOGI_AI_01733_png_jpg.rf.023ba3ad777cecafb48d7d1230149624.jpg,,0,0,no_caries,no_caries,0.4194,0.41943,0.38864,0.14813,0.0438
crops/hibogi_ai_01733_png_10.jpg,hibogi_ai_01733_png,HIBOGI_AI_01733_png_jpg.rf.023ba3ad777cecafb48d7d1230149624.jpg,,0,0,no_caries,mild,0.8835,0.04408,0.88354,0.02294,0.04944
crops/hibogi_ai_01740_png_0.jpg,hibogi_ai_01740_png,HIBOGI_AI_01740_png_jpg.rf.37cfb497902f323db5c20331b92a7791.jpg,,0,0,no_caries,no_caries,0.6367,0.63671,0.22084,0.02086,0.12159
crops/hibogi_ai_01740_png_1.jpg,hibogi_ai_01740_png,HIBOGI_AI_01740_png_jpg.rf.37cfb497902f323db5c20331b92a7791.jpg,,3,0,moderate,advanced,0.3621,0.08415,0.35736,0.19635,0.36213
crops/hibogi_ai_01740_png_2.jpg,hibogi_ai_01740_png,HIBOGI_AI_01740_png_jpg.rf.37cfb497902f323db5c20331b92a7791.jpg,,0,0,no_caries,no_caries,0.8207,0.82068,0.05121,0.06669,0.06143
crops/hibogi_ai_01740_png_3.jpg,hibogi_ai_01740_png,HIBOGI_AI_01740_png_jpg.rf.37cfb497902f323db5c20331b92a7791.jpg,,0,0,no_caries,no_caries,0.644,0.64401,0.0391,0.26329,0.05359
crops/hibogi_ai_01740_png_4.jpg,hibogi_ai_01740_png,HIBOGI_AI_01740_png_jpg.rf.37cfb497902f323db5c20331b92a7791.jpg,,0,0,no_caries,no_caries,0.6835,0.68354,0.05366,0.2331,0.0297
crops/hibogi_ai_01740_png_5.jpg,hibogi_ai_01740_png,HIBOGI_AI_01740_png_jpg.rf.37cfb497902f323db5c20331b92a7791.jpg,,0,0,no_caries,no_caries,0.8356,0.83556,0.03348,0.09129,0.03967
crops/hibogi_ai_01740_png_6.jpg,hibogi_ai_01740_png,HIBOGI_AI_01740_png_jpg.rf.37cfb497902f323db5c20331b92a7791.jpg,,0,0,no_caries,no_caries,0.8974,0.89741,0.01682,0.05228,0.03348
crops/hibogi_ai_01740_png_7.jpg,hibogi_ai_01740_png,HIBOGI_AI_01740_png_jpg.rf.37cfb497902f323db5c20331b92a7791.jpg,,0,0,no_caries,no_caries,0.7046,0.70464,0.15837,0.08887,0.04812
crops/hibogi_ai_01740_png_8.jpg,hibogi_ai_01740_png,HIBOGI_AI_01740_png_jpg.rf.37cfb497902f323db5c20331b92a7791.jpg,,0,0,no_caries,no_caries,0.527,0.52702,0.27595,0.11661,0.08042
crops/hibogi_ai_01740_png_9.jpg,hibogi_ai_01740_png,HIBOGI_AI_01740_png_jpg.rf.37cfb497902f323db5c20331b92a7791.jpg,,5,0,advanced,advanced,0.6605,0.0028,0.01558,0.3211,0.66052
crops/hibogi_ai_01740_png_10.jpg,hibogi_ai_01740_png,HIBOGI_AI_01740_png_jpg.rf.37cfb497902f323db5c20331b92a7791.jpg,,5,0,advanced,advanced,0.6112,0.09065,0.24481,0.0533,0.61125
crops/hibogi_ai_01745_png_0.jpg,hibogi_ai_01745_png,HIBOGI_AI_01745_png_jpg.rf.f674dab690be913a0611ac466729fadd.jpg,,0,0,no_caries,no_caries,0.7569,0.75687,0.14458,0.02894,0.06961
crops/hibogi_ai_01745_png_1.jpg,hibogi_ai_01745_png,HIBOGI_AI_01745_png_jpg.rf.f674dab690be913a0611ac466729fadd.jpg,,0,0,no_caries,no_caries,0.8209,0.82092,0.13189,0.01977,0.02743
crops/hibogi_ai_01745_png_2.jpg,hibogi_ai_01745_png,HIBOGI_AI_01745_png_jpg.rf.f674dab690be913a0611ac466729fadd.jpg,,0,0,no_caries,no_caries,0.8967,0.89669,0.02859,0.04463,0.03008
crops/hibogi_ai_01745_png_3.jpg,hibogi_ai_01745_png,HIBOGI_AI_01745_png_jpg.rf.f674dab690be913a0611ac466729fadd.jpg,,0,0,no_caries,no_caries,0.8264,0.82641,0.05325,0.05837,0.06197
crops/hibogi_ai_01745_png_4.jpg,hibogi_ai_01745_png,HIBOGI_AI_01745_png_jpg.rf.f674dab690be913a0611ac466729fadd.jpg,,0,0,no_caries,no_caries,0.8441,0.84409,0.04297,0.06769,0.04525
crops/hibogi_ai_01745_png_5.jpg,hibogi_ai_01745_png,HIBOGI_AI_01745_png_jpg.rf.f674dab690be913a0611ac466729fadd.jpg,,0,0,no_caries,no_caries,0.861,0.86097,0.02388,0.05703,0.05812
crops/hibogi_ai_01745_png_6.jpg,hibogi_ai_01745_png,HIBOGI_AI_01745_png_jpg.rf.f674dab690be913a0611ac466729fadd.jpg,,0,0,no_caries,no_caries,0.8679,0.86787,0.05686,0.0272,0.04807
crops/hibogi_ai_01745_png_7.jpg,hibogi_ai_01745_png,HIBOGI_AI_01745_png_jpg.rf.f674dab690be913a0611ac466729fadd.jpg,,0,0,no_caries,no_caries,0.8973,0.89726,0.04391,0.03743,0.0214
crops/hibogi_ai_01745_png_8.jpg,hibogi_ai_01745_png,HIBOGI_AI_01745_png_jpg.rf.f674dab690be913a0611ac466729fadd.jpg,,0,0,no_caries,no_caries,0.8115,0.81146,0.08698,0.03949,0.06207
crops/hibogi_ai_01745_png_9.jpg,hibogi_ai_01745_png,HIBOGI_AI_01745_png_jpg.rf.f674dab690be913a0611ac466729fadd.jpg,,0,0,no_caries,mild,0.5108,0.37443,0.51084,0.05054,0.0642
crops/hibogi_ai_01745_png_10.jpg,hibogi_ai_01745_png,HIBOGI_AI_01745_png_jpg.rf.f674dab690be913a0611ac466729fadd.jpg,,5,0,advanced,mild,0.5492,0.28581,0.54921,0.02531,0.13967
crops/hibogi_ai_01757_png_0.jpg,hibogi_ai_01757_png,HIBOGI_AI_01757_png_jpg.rf.03d77596cb42e60ab36a69685392f51b.jpg,,0,0,no_caries,mild,0.8991,0.07206,0.89914,0.01255,0.01626
crops/hibogi_ai_01757_png_1.jpg,hibogi_ai_01757_png,HIBOGI_AI_01757_png_jpg.rf.03d77596cb42e60ab36a69685392f51b.jpg,,4,0,moderate,advanced,0.6002,0.02085,0.0651,0.31389,0.60016
crops/hibogi_ai_01757_png_2.jpg,hibogi_ai_01757_png,HIBOGI_AI_01757_png_jpg.rf.03d77596cb42e60ab36a69685392f51b.jpg,,0,0,no_caries,mild,0.6241,0.25226,0.62409,0.09486,0.02879
crops/hibogi_ai_01757_png_3.jpg,hibogi_ai_01757_png,HIBOGI_AI_01757_png_jpg.rf.03d77596cb42e60ab36a69685392f51b.jpg,,0,0,no_caries,no_caries,0.7185,0.71849,0.07967,0.17075,0.03108
crops/hibogi_ai_01757_png_4.jpg,hibogi_ai_01757_png,HIBOGI_AI_01757_png_jpg.rf.03d77596cb42e60ab36a69685392f51b.jpg,,0,0,no_caries,mild,0.3876,0.30602,0.38762,0.26929,0.03707
crops/hibogi_ai_01757_png_5.jpg,hibogi_ai_01757_png,HIBOGI_AI_01757_png_jpg.rf.03d77596cb42e60ab36a69685392f51b.jpg,,0,0,no_caries,moderate,0.5911,0.30832,0.02048,0.59113,0.08007
crops/hibogi_ai_01757_png_6.jpg,hibogi_ai_01757_png,HIBOGI_AI_01757_png_jpg.rf.03d77596cb42e60ab36a69685392f51b.jpg,,0,0,no_caries,no_caries,0.5224,0.52236,0.39355,0.0194,0.06469
crops/hibogi_ai_01757_png_7.jpg,hibogi_ai_01757_png,HIBOGI_AI_01757_png_jpg.rf.03d77596cb42e60ab36a69685392f51b.jpg,,0,0,no_caries,no_caries,0.587,0.58697,0.1127,0.09308,0.20725
crops/hibogi_ai_01757_png_8.jpg,hibogi_ai_01757_png,HIBOGI_AI_01757_png_jpg.rf.03d77596cb42e60ab36a69685392f51b.jpg,,0,0,no_caries,no_caries,0.8017,0.80169,0.05513,0.06383,0.07936
crops/hibogi_ai_01757_png_9.jpg,hibogi_ai_01757_png,HIBOGI_AI_01757_png_jpg.rf.03d77596cb42e60ab36a69685392f51b.jpg,,0,0,no_caries,no_caries,0.797,0.79702,0.12847,0.05067,0.02383
crops/hibogi_ai_01757_png_10.jpg,hibogi_ai_01757_png,HIBOGI_AI_01757_png_jpg.rf.03d77596cb42e60ab36a69685392f51b.jpg,,0,0,no_caries,mild,0.6474,0.27904,0.64743,0.02817,0.04536
crops/hibogi_ai_01757_png_11.jpg,hibogi_ai_01757_png,HIBOGI_AI_01757_png_jpg.rf.03d77596cb42e60ab36a69685392f51b.jpg,,0,0,no_caries,mild,0.8375,0.09233,0.83747,0.04484,0.02537
crops/hibogi_ai_01772_png_0.jpg,hibogi_ai_01772_png,HIBOGI_AI_01772_png_jpg.rf.feb7513673f766e9ff861dfccaba5d2f.jpg,,0,0,no_caries,no_caries,0.8736,0.87357,0.03884,0.06832,0.01927
crops/hibogi_ai_01772_png_1.jpg,hibogi_ai_01772_png,HIBOGI_AI_01772_png_jpg.rf.feb7513673f766e9ff861dfccaba5d2f.jpg,,0,0,no_caries,no_caries,0.7985,0.79846,0.03569,0.06745,0.0984
crops/hibogi_ai_01772_png_2.jpg,hibogi_ai_01772_png,HIBOGI_AI_01772_png_jpg.rf.feb7513673f766e9ff861dfccaba5d2f.jpg,,4,0,moderate,mild,0.7005,0.02243,0.70047,0.24794,0.02916
crops/hibogi_ai_01772_png_3.jpg,hibogi_ai_01772_png,HIBOGI_AI_01772_png_jpg.rf.feb7513673f766e9ff861dfccaba5d2f.jpg,,0,0,no_caries,no_caries,0.8221,0.82206,0.03496,0.04556,0.09742
crops/hibogi_ai_01772_png_4.jpg,hibogi_ai_01772_png,HIBOGI_AI_01772_png_jpg.rf.feb7513673f766e9ff861dfccaba5d2f.jpg,,0,0,no_caries,no_caries,0.8005,0.80051,0.08377,0.01444,0.10128
crops/hibogi_ai_01772_png_5.jpg,hibogi_ai_01772_png,HIBOGI_AI_01772_png_jpg.rf.feb7513673f766e9ff861dfccaba5d2f.jpg,,0,0,no_caries,moderate,0.5442,0.10223,0.06294,0.54419,0.29064
crops/hibogi_ai_01772_png_6.jpg,hibogi_ai_01772_png,HIBOGI_AI_01772_png_jpg.rf.feb7513673f766e9ff861dfccaba5d2f.jpg,,0,0,no_caries,no_caries,0.7184,0.71841,0.15659,0.03056,0.09443
crops/hibogi_ai_01772_png_7.jpg,hibogi_ai_01772_png,HIBOGI_AI_01772_png_jpg.rf.feb7513673f766e9ff861dfccaba5d2f.jpg,,0,0,no_caries,no_caries,0.7037,0.7037,0.19319,0.02067,0.08244
crops/hibogi_ai_01772_png_8.jpg,hibogi_ai_01772_png,HIBOGI_AI_01772_png_jpg.rf.feb7513673f766e9ff861dfccaba5d2f.jpg,,0,0,no_caries,no_caries,0.6839,0.68395,0.13249,0.09975,0.08381
crops/hibogi_ai_01772_png_9.jpg,hibogi_ai_01772_png,HIBOGI_AI_01772_png_jpg.rf.feb7513673f766e9ff861dfccaba5d2f.jpg,,0,0,no_caries,no_caries,0.8814,0.8814,0.03419,0.05094,0.03347
crops/hibogi_ai_01772_png_10.jpg,hibogi_ai_01772_png,HIBOGI_AI_01772_png_jpg.rf.feb7513673f766e9ff861dfccaba5d2f.jpg,,0,0,no_caries,no_caries,0.7977,0.79767,0.11505,0.048,0.03929
crops/hibogi_ai_01772_png_11.jpg,hibogi_ai_01772_png,HIBOGI_AI_01772_png_jpg.rf.feb7513673f766e9ff861dfccaba5d2f.jpg,,0,0,no_caries,no_caries,0.8181,0.81809,0.02608,0.11065,0.04518
crops/hibogi_ai_01837_png_0.jpg,hibogi_ai_01837_png,HIBOGI_AI_01837_png_jpg.rf.15c7138ce0cdf84fc77b4692f8200c6b.jpg,,0,0,no_caries,no_caries,0.5414,0.54137,0.18917,0.17822,0.09124
crops/hibogi_ai_01837_png_1.jpg,hibogi_ai_01837_png,HIBOGI_AI_01837_png_jpg.rf.15c7138ce0cdf84fc77b4692f8200c6b.jpg,,0,0,no_caries,no_caries,0.6675,0.66753,0.21631,0.06317,0.05299
crops/hibogi_ai_01837_png_2.jpg,hibogi_ai_01837_png,HIBOGI_AI_01837_png_jpg.rf.15c7138ce0cdf84fc77b4692f8200c6b.jpg,,0,0,no_caries,no_caries,0.7239,0.72389,0.11146,0.11362,0.05103
crops/hibogi_ai_01837_png_3.jpg,hibogi_ai_01837_png,HIBOGI_AI_01837_png_jpg.rf.15c7138ce0cdf84fc77b4692f8200c6b.jpg,,0,0,no_caries,no_caries,0.6707,0.67066,0.13707,0.0908,0.10147
crops/hibogi_ai_01837_png_4.jpg,hibogi_ai_01837_png,HIBOGI_AI_01837_png_jpg.rf.15c7138ce0cdf84fc77b4692f8200c6b.jpg,,0,0,no_caries,no_caries,0.5986,0.59861,0.29036,0.07602,0.035
crops/hibogi_ai_01837_png_5.jpg,hibogi_ai_01837_png,HIBOGI_AI_01837_png_jpg.rf.15c7138ce0cdf84fc77b4692f8200c6b.jpg,,3,0,moderate,no_caries,0.6054,0.60541,0.18287,0.08413,0.12759
crops/hibogi_ai_01837_png_6.jpg,hibogi_ai_01837_png,HIBOGI_AI_01837_png_jpg.rf.15c7138ce0cdf84fc77b4692f8200c6b.jpg,,0,0,no_caries,no_caries,0.7159,0.71591,0.21676,0.0425,0.02482
crops/hibogi_ai_01837_png_7.jpg,hibogi_ai_01837_png,HIBOGI_AI_01837_png_jpg.rf.15c7138ce0cdf84fc77b4692f8200c6b.jpg,,0,0,no_caries,no_caries,0.61,0.60998,0.09504,0.19021,0.10477
crops/hibogi_ai_01837_png_8.jpg,hibogi_ai_01837_png,HIBOGI_AI_01837_png_jpg.rf.15c7138ce0cdf84fc77b4692f8200c6b.jpg,,0,0,no_caries,no_caries,0.7884,0.78842,0.07828,0.08599,0.04731
crops/hibogi_ai_01837_png_9.jpg,hibogi_ai_01837_png,HIBOGI_AI_01837_png_jpg.rf.15c7138ce0cdf84fc77b4692f8200c6b.jpg,,0,0,no_caries,no_caries,0.9012,0.90119,0.0155,0.026,0.05731
crops/hibogi_ai_01839_png_0.jpg,hibogi_ai_01839_png,HIBOGI_AI_01839_png_jpg.rf.47a85ef50053c74e9b42fc15f763cf5b.jpg,,2,0,mild,mild,0.6703,0.08636,0.67033,0.06817,0.17513
crops/hibogi_ai_01839_png_1.jpg,hibogi_ai_01839_png,HIBOGI_AI_01839_png_jpg.rf.47a85ef50053c74e9b42fc15f763cf5b.jpg,,4,0,moderate,mild,0.4097,0.04972,0.40968,0.27536,0.26524
crops/hibogi_ai_01845_png_0.jpg,hibogi_ai_01845_png,HIBOGI_AI_01845_png_jpg.rf.1be8fe8fc7b1778a756c00613c08c090.jpg,,3,0,moderate,no_caries,0.4073,0.40733,0.22736,0.09112,0.2742
crops/hibogi_ai_01845_png_1.jpg,hibogi_ai_01845_png,HIBOGI_AI_01845_png_jpg.rf.1be8fe8fc7b1778a756c00613c08c090.jpg,,5,0,advanced,advanced,0.9358,0.03218,0.02034,0.01168,0.9358
crops/hibogi_ai_01845_png_2.jpg,hibogi_ai_01845_png,HIBOGI_AI_01845_png_jpg.rf.1be8fe8fc7b1778a756c00613c08c090.jpg,,3,0,moderate,advanced,0.4157,0.13509,0.11589,0.33331,0.4157
crops/hibogi_ai_01845_png_3.jpg,hibogi_ai_01845_png,HIBOGI_AI_01845_png_jpg.rf.1be8fe8fc7b1778a756c00613c08c090.jpg,,0,0,no_caries,no_caries,0.7792,0.77918,0.01508,0.16922,0.03652
crops/hibogi_ai_01845_png_4.jpg,hibogi_ai_01845_png,HIBOGI_AI_01845_png_jpg.rf.1be8fe8fc7b1778a756c00613c08c090.jpg,,0,0,no_caries,no_caries,0.8144,0.81437,0.01,0.1568,0.01883
crops/hibogi_ai_01845_png_5.jpg,hibogi_ai_01845_png,HIBOGI_AI_01845_png_jpg.rf.1be8fe8fc7b1778a756c00613c08c090.jpg,,0,0,no_caries,no_caries,0.7108,0.71076,0.05964,0.17174,0.05786
crops/hibogi_ai_01845_png_6.jpg,hibogi_ai_01845_png,HIBOGI_AI_01845_png_jpg.rf.1be8fe8fc7b1778a756c00613c08c090.jpg,,0,0,no_caries,no_caries,0.6878,0.68778,0.11071,0.11553,0.08598
crops/hibogi_ai_01845_png_7.jpg,hibogi_ai_01845_png,HIBOGI_AI_01845_png_jpg.rf.1be8fe8fc7b1778a756c00613c08c090.jpg,,0,0,no_caries,no_caries,0.7192,0.71918,0.16941,0.08417,0.02724
crops/hibogi_ai_01845_png_8.jpg,hibogi_ai_01845_png,HIBOGI_AI_01845_png_jpg.rf.1be8fe8fc7b1778a756c00613c08c090.jpg,,5,0,advanced,advanced,0.6677,0.01175,0.01471,0.3058,0.66773
crops/hibogi_ai_01845_png_9.jpg,hibogi_ai_01845_png,HIBOGI_AI_01845_png_jpg.rf.1be8fe8fc7b1778a756c00613c08c090.jpg,,6,0,advanced,advanced,0.9522,0.0159,0.00924,0.02268,0.95218
crops/hibogi_ai_01845_png_10.jpg,hibogi_ai_01845_png,HIBOGI_AI_01845_png_jpg.rf.1be8fe8fc7b1778a756c00613c08c090.jpg,,4,0,moderate,moderate,0.9641,0.01017,0.01713,0.96406,0.00864
crops/hibogi_ai_01847_png_0.jpg,hibogi_ai_01847_png,HIBOGI_AI_01847_png_jpg.rf.d79fd76a2f7524a229958670c9e770e5.jpg,,1,0,mild,no_caries,0.5405,0.54049,0.04067,0.23049,0.18834
crops/hibogi_ai_01847_png_1.jpg,hibogi_ai_01847_png,HIBOGI_AI_01847_png_jpg.rf.d79fd76a2f7524a229958670c9e770e5.jpg,,1,0,mild,no_caries,0.7868,0.78677,0.04082,0.10683,0.06558
crops/hibogi_ai_01847_png_2.jpg,hibogi_ai_01847_png,HIBOGI_AI_01847_png_jpg.rf.d79fd76a2f7524a229958670c9e770e5.jpg,,1,0,mild,no_caries,0.692,0.69205,0.09714,0.12386,0.08696
crops/hibogi_ai_01847_png_3.jpg,hibogi_ai_01847_png,HIBOGI_AI_01847_png_jpg.rf.d79fd76a2f7524a229958670c9e770e5.jpg,,1,0,mild,no_caries,0.6925,0.69254,0.10233,0.13987,0.06526
crops/hibogi_ai_01847_png_4.jpg,hibogi_ai_01847_png,HIBOGI_AI_01847_png_jpg.rf.d79fd76a2f7524a229958670c9e770e5.jpg,,5,0,advanced,moderate,0.9482,0.00213,0.00385,0.94815,0.04586
crops/hibogi_ai_01847_png_5.jpg,hibogi_ai_01847_png,HIBOGI_AI_01847_png_jpg.rf.d79fd76a2f7524a229958670c9e770e5.jpg,,6,0,advanced,advanced,0.9001,0.04391,0.01316,0.04287,0.90005
crops/hibogi_ai_01847_png_6.jpg,hibogi_ai_01847_png,HIBOGI_AI_01847_png_jpg.rf.d79fd76a2f7524a229958670c9e770e5.jpg,,3,0,moderate,moderate,0.8,0.03495,0.06773,0.79997,0.09735
crops/hibogi_ai_01847_png_7.jpg,hibogi_ai_01847_png,HIBOGI_AI_01847_png_jpg.rf.d79fd76a2f7524a229958670c9e770e5.jpg,,0,0,no_caries,no_caries,0.6375,0.63752,0.09395,0.1016,0.16693
crops/hibogi_ai_01847_png_8.jpg,hibogi_ai_01847_png,HIBOGI_AI_01847_png_jpg.rf.d79fd76a2f7524a229958670c9e770e5.jpg,,0,0,no_caries,no_caries,0.7212,0.72121,0.04532,0.15534,0.07813
crops/hibogi_ai_01847_png_9.jpg,hibogi_ai_01847_png,HIBOGI_AI_01847_png_jpg.rf.d79fd76a2f7524a229958670c9e770e5.jpg,,0,0,no_caries,no_caries,0.8507,0.85071,0.07166,0.04378,0.03385
crops/hibogi_ai_01847_png_10.jpg,hibogi_ai_01847_png,HIBOGI_AI_01847_png_jpg.rf.d79fd76a2f7524a229958670c9e770e5.jpg,,0,0,no_caries,no_caries,0.7572,0.75719,0.11465,0.05842,0.06974
crops/hibogi_ai_01847_png_11.jpg,hibogi_ai_01847_png,HIBOGI_AI_01847_png_jpg.rf.d79fd76a2f7524a229958670c9e770e5.jpg,,5,0,advanced,advanced,0.7676,0.05611,0.13617,0.0401,0.76761
crops/hibogi_ai_01847_png_12.jpg,hibogi_ai_01847_png,HIBOGI_AI_01847_png_jpg.rf.d79fd76a2f7524a229958670c9e770e5.jpg,,6,0,advanced,advanced,0.9551,0.0139,0.02351,0.00745,0.95513
crops/hibogi_ai_01847_png_13.jpg,hibogi_ai_01847_png,HIBOGI_AI_01847_png_jpg.rf.d79fd76a2f7524a229958670c9e770e5.jpg,,3,0,moderate,moderate,0.9258,0.00329,0.03111,0.92585,0.03976
crops/hibogi_ai_01868_png_0.jpg,hibogi_ai_01868_png,HIBOGI_AI_01868_png_jpg.rf.96f1d3013c471d54067ee796d33d0c38.jpg,,0,0,no_caries,no_caries,0.5799,0.57992,0.25391,0.09435,0.07182
crops/hibogi_ai_01868_png_1.jpg,hibogi_ai_01868_png,HIBOGI_AI_01868_png_jpg.rf.96f1d3013c471d54067ee796d33d0c38.jpg,,0,0,no_caries,no_caries,0.6629,0.66294,0.15914,0.10862,0.0693
crops/hibogi_ai_01868_png_2.jpg,hibogi_ai_01868_png,HIBOGI_AI_01868_png_jpg.rf.96f1d3013c471d54067ee796d33d0c38.jpg,,0,0,no_caries,no_caries,0.7829,0.78294,0.15925,0.03451,0.0233
crops/hibogi_ai_01868_png_3.jpg,hibogi_ai_01868_png,HIBOGI_AI_01868_png_jpg.rf.96f1d3013c471d54067ee796d33d0c38.jpg,,1,0,mild,no_caries,0.7837,0.7837,0.11582,0.059,0.04147
crops/hibogi_ai_01868_png_4.jpg,hibogi_ai_01868_png,HIBOGI_AI_01868_png_jpg.rf.96f1d3013c471d54067ee796d33d0c38.jpg,,1,0,mild,no_caries,0.7938,0.79385,0.04543,0.07607,0.08465
crops/hibogi_ai_01868_png_5.jpg,hibogi_ai_01868_png,HIBOGI_AI_01868_png_jpg.rf.96f1d3013c471d54067ee796d33d0c38.jpg,,1,0,mild,no_caries,0.771,0.77097,0.08096,0.10684,0.04123
crops/hibogi_ai_01868_png_6.jpg,hibogi_ai_01868_png,HIBOGI_AI_01868_png_jpg.rf.96f1d3013c471d54067ee796d33d0c38.jpg,,3,0,moderate,moderate,0.382,0.30922,0.26489,0.38204,0.04385
crops/hibogi_ai_01868_png_7.jpg,hibogi_ai_01868_png,HIBOGI_AI_01868_png_jpg.rf.96f1d3013c471d54067ee796d33d0c38.jpg,,0,0,no_caries,no_caries,0.8572,0.85717,0.07167,0.03888,0.03227
crops/hibogi_ai_01868_png_8.jpg,hibogi_ai_01868_png,HIBOGI_AI_01868_png_jpg.rf.96f1d3013c471d54067ee796d33d0c38.jpg,,0,0,no_caries,no_caries,0.8114,0.8114,0.10077,0.04266,0.04517
crops/hibogi_ai_01868_png_9.jpg,hibogi_ai_01868_png,HIBOGI_AI_01868_png_jpg.rf.96f1d3013c471d54067ee796d33d0c38.jpg,,0,0,no_caries,no_caries,0.8709,0.87086,0.04446,0.04336,0.04133
crops/hibogi_ai_01868_png_10.jpg,hibogi_ai_01868_png,HIBOGI_AI_01868_png_jpg.rf.96f1d3013c471d54067ee796d33d0c38.jpg,,0,0,no_caries,no_caries,0.7496,0.74964,0.15361,0.04766,0.04909
crops/hibogi_ai_01868_png_11.jpg,hibogi_ai_01868_png,HIBOGI_AI_01868_png_jpg.rf.96f1d3013c471d54067ee796d33d0c38.jpg,,0,0,no_caries,no_caries,0.8088,0.80881,0.09775,0.04572,0.04773
crops/hibogi_ai_01868_png_12.jpg,hibogi_ai_01868_png,HIBOGI_AI_01868_png_jpg.rf.96f1d3013c471d54067ee796d33d0c38.jpg,,0,0,no_caries,no_caries,0.8189,0.81891,0.08924,0.04532,0.04653
crops/hibogi_ai_01886_png_0.jpg,hibogi_ai_01886_png,HIBOGI_AI_01886_png_jpg.rf.a210149301342d9e6ba8b6b9192e98ce.jpg,,0,0,no_caries,no_caries,0.6367,0.63667,0.23724,0.06628,0.05981
crops/hibogi_ai_01886_png_1.jpg,hibogi_ai_01886_png,HIBOGI_AI_01886_png_jpg.rf.a210149301342d9e6ba8b6b9192e98ce.jpg,,0,0,no_caries,no_caries,0.7562,0.75618,0.05668,0.11709,0.07005
crops/hibogi_ai_01886_png_2.jpg,hibogi_ai_01886_png,HIBOGI_AI_01886_png_jpg.rf.a210149301342d9e6ba8b6b9192e98ce.jpg,,0,0,no_caries,no_caries,0.8255,0.82554,0.07466,0.04965,0.05014
crops/hibogi_ai_01886_png_3.jpg,hibogi_ai_01886_png,HIBOGI_AI_01886_png_jpg.rf.a210149301342d9e6ba8b6b9192e98ce.jpg,,0,0,no_caries,no_caries,0.6849,0.68488,0.11353,0.11946,0.08213
crops/hibogi_ai_01886_png_4.jpg,hibogi_ai_01886_png,HIBOGI_AI_01886_png_jpg.rf.a210149301342d9e6ba8b6b9192e98ce.jpg,,0,0,no_caries,no_caries,0.6996,0.69961,0.1651,0.08881,0.04648
crops/hibogi_ai_01886_png_5.jpg,hibogi_ai_01886_png,HIBOGI_AI_01886_png_jpg.rf.a210149301342d9e6ba8b6b9192e98ce.jpg,,0,0,no_caries,no_caries,0.6909,0.69094,0.19239,0.03711,0.07956
crops/hibogi_ai_01886_png_6.jpg,hibogi_ai_01886_png,HIBOGI_AI_01886_png_jpg.rf.a210149301342d9e6ba8b6b9192e98ce.jpg,,0,0,no_caries,no_caries,0.6731,0.67306,0.1684,0.10375,0.05479
crops/hibogi_ai_01886_png_7.jpg,hibogi_ai_01886_png,HIBOGI_AI_01886_png_jpg.rf.a210149301342d9e6ba8b6b9192e98ce.jpg,,0,0,no_caries,no_caries,0.579,0.57901,0.24383,0.06862,0.10854
crops/hibogi_ai_01886_png_8.jpg,hibogi_ai_01886_png,HIBOGI_AI_01886_png_jpg.rf.a210149301342d9e6ba8b6b9192e98ce.jpg,,0,0,no_caries,no_caries,0.7719,0.77192,0.10313,0.05869,0.06627
crops/hibogi_ai_01886_png_9.jpg,hibogi_ai_01886_png,HIBOGI_AI_01886_png_jpg.rf.a210149301342d9e6ba8b6b9192e98ce.jpg,,0,0,no_caries,no_caries,0.706,0.70601,0.13506,0.05915,0.09978
crops/hibogi_ai_01886_png_10.jpg,hibogi_ai_01886_png,HIBOGI_AI_01886_png_jpg.rf.a210149301342d9e6ba8b6b9192e98ce.jpg,,0,0,no_caries,no_caries,0.5914,0.59136,0.22749,0.12164,0.05951
crops/hibogi_ai_01886_png_11.jpg,hibogi_ai_01886_png,HIBOGI_AI_01886_png_jpg.rf.a210149301342d9e6ba8b6b9192e98ce.jpg,,0,0,no_caries,no_caries,0.7342,0.73419,0.13877,0.07728,0.04976
crops/hibogi_ai_01886_png_12.jpg,hibogi_ai_01886_png,HIBOGI_AI_01886_png_jpg.rf.a210149301342d9e6ba8b6b9192e98ce.jpg,,0,0,no_caries,no_caries,0.7915,0.79152,0.14598,0.02635,0.03615
crops/hibogi_ai_01886_png_13.jpg,hibogi_ai_01886_png,HIBOGI_AI_01886_png_jpg.rf.a210149301342d9e6ba8b6b9192e98ce.jpg,,0,0,no_caries,no_caries,0.76,0.75999,0.15306,0.04145,0.04549
crops/hibogi_ai_01886_png_14.jpg,hibogi_ai_01886_png,HIBOGI_AI_01886_png_jpg.rf.a210149301342d9e6ba8b6b9192e98ce.jpg,,4,0,moderate,no_caries,0.4962,0.4962,0.44705,0.04145,0.0153
crops/hibogi_ai_01914_png_0.jpg,hibogi_ai_01914_png,HIBOGI_AI_01914_png_jpg.rf.e3a46f59b7f6f3c4f96d6dc8823a43b2.jpg,,3,0,moderate,moderate,0.825,0.01026,0.1133,0.82498,0.05146
crops/hibogi_ai_01914_png_1.jpg,hibogi_ai_01914_png,HIBOGI_AI_01914_png_jpg.rf.e3a46f59b7f6f3c4f96d6dc8823a43b2.jpg,,3,0,moderate,moderate,0.9145,0.0029,0.0173,0.91448,0.06533
crops/hibogi_ai_01914_png_2.jpg,hibogi_ai_01914_png,HIBOGI_AI_01914_png_jpg.rf.e3a46f59b7f6f3c4f96d6dc8823a43b2.jpg,,2,0,mild,mild,0.7009,0.12054,0.7009,0.15874,0.01982
crops/hibogi_ai_01914_png_3.jpg,hibogi_ai_01914_png,HIBOGI_AI_01914_png_jpg.rf.e3a46f59b7f6f3c4f96d6dc8823a43b2.jpg,,1,0,mild,mild,0.8431,0.10792,0.84308,0.03865,0.01034
crops/hibogi_ai_01914_png_4.jpg,hibogi_ai_01914_png,HIBOGI_AI_01914_png_jpg.rf.e3a46f59b7f6f3c4f96d6dc8823a43b2.jpg,,2,0,mild,mild,0.3914,0.27341,0.39143,0.02214,0.31302
crops/hibogi_ai_01914_png_5.jpg,hibogi_ai_01914_png,HIBOGI_AI_01914_png_jpg.rf.e3a46f59b7f6f3c4f96d6dc8823a43b2.jpg,,0,0,no_caries,no_caries,0.4591,0.4591,0.02051,0.42775,0.09264
crops/hibogi_ai_01914_png_6.jpg,hibogi_ai_01914_png,HIBOGI_AI_01914_png_jpg.rf.e3a46f59b7f6f3c4f96d6dc8823a43b2.jpg,,2,0,mild,mild,0.7314,0.22386,0.73141,0.02253,0.02219
crops/hibogi_ai_01914_png_7.jpg,hibogi_ai_01914_png,HIBOGI_AI_01914_png_jpg.rf.e3a46f59b7f6f3c4f96d6dc8823a43b2.jpg,,0,0,no_caries,no_caries,0.7022,0.70221,0.19393,0.05951,0.04434
crops/hibogi_ai_01914_png_8.jpg,hibogi_ai_01914_png,HIBOGI_AI_01914_png_jpg.rf.e3a46f59b7f6f3c4f96d6dc8823a43b2.jpg,,0,0,no_caries,no_caries,0.741,0.74105,0.14696,0.06523,0.04677
crops/hibogi_ai_01914_png_9.jpg,hibogi_ai_01914_png,HIBOGI_AI_01914_png_jpg.rf.e3a46f59b7f6f3c4f96d6dc8823a43b2.jpg,,0,0,no_caries,no_caries,0.7959,0.79587,0.06479,0.09715,0.04219
crops/hibogi_ai_01914_png_10.jpg,hibogi_ai_01914_png,HIBOGI_AI_01914_png_jpg.rf.e3a46f59b7f6f3c4f96d6dc8823a43b2.jpg,,0,0,no_caries,no_caries,0.7155,0.71549,0.15883,0.05881,0.06688
crops/hibogi_ai_02007_png_0.jpg,hibogi_ai_02007_png,HIBOGI_AI_02007_png_jpg.rf.d5c5f87984fc7295fe7f1ed4a673adbb.jpg,,1,0,mild,moderate,0.5207,0.01704,0.05944,0.52068,0.40284
crops/hibogi_ai_02007_png_1.jpg,hibogi_ai_02007_png,HIBOGI_AI_02007_png_jpg.rf.d5c5f87984fc7295fe7f1ed4a673adbb.jpg,,5,0,advanced,advanced,0.9147,0.00554,0.0074,0.07235,0.91471
crops/hibogi_ai_02007_png_2.jpg,hibogi_ai_02007_png,HIBOGI_AI_02007_png_jpg.rf.d5c5f87984fc7295fe7f1ed4a673adbb.jpg,,0,0,no_caries,no_caries,0.8494,0.84936,0.02871,0.0757,0.04623
crops/hibogi_ai_02007_png_3.jpg,hibogi_ai_02007_png,HIBOGI_AI_02007_png_jpg.rf.d5c5f87984fc7295fe7f1ed4a673adbb.jpg,,0,0,no_caries,no_caries,0.8316,0.83161,0.07492,0.04436,0.04911
crops/hibogi_ai_02007_png_4.jpg,hibogi_ai_02007_png,HIBOGI_AI_02007_png_jpg.rf.d5c5f87984fc7295fe7f1ed4a673adbb.jpg,,0,0,no_caries,no_caries,0.8325,0.83247,0.03957,0.06334,0.06463
crops/hibogi_ai_02007_png_5.jpg,hibogi_ai_02007_png,HIBOGI_AI_02007_png_jpg.rf.d5c5f87984fc7295fe7f1ed4a673adbb.jpg,,0,0,no_caries,no_caries,0.763,0.76302,0.01236,0.1922,0.03242
crops/hibogi_ai_02007_png_6.jpg,hibogi_ai_02007_png,HIBOGI_AI_02007_png_jpg.rf.d5c5f87984fc7295fe7f1ed4a673adbb.jpg,,0,0,no_caries,no_caries,0.7147,0.71471,0.07224,0.18041,0.03264
crops/hibogi_ai_02007_png_7.jpg,hibogi_ai_02007_png,HIBOGI_AI_02007_png_jpg.rf.d5c5f87984fc7295fe7f1ed4a673adbb.jpg,,5,0,advanced,advanced,0.9619,0.00596,0.00918,0.02301,0.96185
crops/hibogi_ai_02007_png_8.jpg,hibogi_ai_02007_png,HIBOGI_AI_02007_png_jpg.rf.d5c5f87984fc7295fe7f1ed4a673adbb.jpg,,0,0,no_caries,no_caries,0.8894,0.88937,0.02355,0.04374,0.04334
crops/hibogi_ai_02007_png_9.jpg,hibogi_ai_02007_png,HIBOGI_AI_02007_png_jpg.rf.d5c5f87984fc7295fe7f1ed4a673adbb.jpg,,0,0,no_caries,no_caries,0.9263,0.9263,0.01971,0.02577,0.02821
crops/hibogi_ai_02032_png_0.jpg,hibogi_ai_02032_png,HIBOGI_AI_02032_png_jpg.rf.5c67069791dc8bd9858e0b7ff1d18677.jpg,,3,0,moderate,moderate,0.9974,0.0002,0.00068,0.99739,0.00173
crops/hibogi_ai_02032_png_1.jpg,hibogi_ai_02032_png,HIBOGI_AI_02032_png_jpg.rf.5c67069791dc8bd9858e0b7ff1d18677.jpg,,3,0,moderate,moderate,0.9124,0.01048,0.06889,0.91235,0.00828
crops/hibogi_ai_02032_png_2.jpg,hibogi_ai_02032_png,HIBOGI_AI_02032_png_jpg.rf.5c67069791dc8bd9858e0b7ff1d18677.jpg,,0,0,no_caries,no_caries,0.7987,0.79866,0.08314,0.05233,0.06587
crops/hibogi_ai_02032_png_3.jpg,hibogi_ai_02032_png,HIBOGI_AI_02032_png_jpg.rf.5c67069791dc8bd9858e0b7ff1d18677.jpg,,0,0,no_caries,no_caries,0.87,0.86998,0.03172,0.04447,0.05382
crops/hibogi_ai_02032_png_4.jpg,hibogi_ai_02032_png,HIBOGI_AI_02032_png_jpg.rf.5c67069791dc8bd9858e0b7ff1d18677.jpg,,0,0,no_caries,no_caries,0.9077,0.90771,0.0485,0.01963,0.02416
crops/hibogi_ai_02032_png_5.jpg,hibogi_ai_02032_png,HIBOGI_AI_02032_png_jpg.rf.5c67069791dc8bd9858e0b7ff1d18677.jpg,,0,0,no_caries,no_caries,0.5285,0.52855,0.3176,0.10685,0.047
crops/hibogi_ai_02032_png_6.jpg,hibogi_ai_02032_png,HIBOGI_AI_02032_png_jpg.rf.5c67069791dc8bd9858e0b7ff1d18677.jpg,,3,0,moderate,moderate,0.961,0.01024,0.02769,0.96104,0.00103
crops/hibogi_ai_02032_png_7.jpg,hibogi_ai_02032_png,HIBOGI_AI_02032_png_jpg.rf.5c67069791dc8bd9858e0b7ff1d18677.jpg,,3,0,moderate,moderate,0.9967,0.00029,0.00068,0.99666,0.00237
crops/hibogi_ai_02032_png_8.jpg,hibogi_ai_02032_png,HIBOGI_AI_02032_png_jpg.rf.5c67069791dc8bd9858e0b7ff1d18677.jpg,,0,0,no_caries,no_caries,0.8346,0.8346,0.0325,0.07074,0.06216
crops/hibogi_ai_02032_png_9.jpg,hibogi_ai_02032_png,HIBOGI_AI_02032_png_jpg.rf.5c67069791dc8bd9858e0b7ff1d18677.jpg,,0,0,no_caries,no_caries,0.8219,0.8219,0.03096,0.07916,0.06798
crops/hibogi_ai_02032_png_10.jpg,hibogi_ai_02032_png,HIBOGI_AI_02032_png_jpg.rf.5c67069791dc8bd9858e0b7ff1d18677.jpg,,0,0,no_caries,moderate,0.9897,0.00076,0.00693,0.98968,0.00264
crops/hibogi_ai_02032_png_11.jpg,hibogi_ai_02032_png,HIBOGI_AI_02032_png_jpg.rf.5c67069791dc8bd9858e0b7ff1d18677.jpg,,0,0,no_caries,no_caries,0.6417,0.64173,0.00618,0.25674,0.09535
crops/hibogi_ai_02032_png_12.jpg,hibogi_ai_02032_png,HIBOGI_AI_02032_png_jpg.rf.5c67069791dc8bd9858e0b7ff1d18677.jpg,,0,0,no_caries,no_caries,0.7379,0.73792,0.03204,0.15573,0.0743
crops/hibogi_ai_02032_png_14.jpg,hibogi_ai_02032_png,HIBOGI_AI_02032_png_jpg.rf.5c67069791dc8bd9858e0b7ff1d18677.jpg,,0,0,no_caries,no_caries,0.7172,0.71722,0.0516,0.11321,0.11798
crops/hibogi_ai_02032_png_15.jpg,hibogi_ai_02032_png,HIBOGI_AI_02032_png_jpg.rf.5c67069791dc8bd9858e0b7ff1d18677.jpg,,0,0,no_caries,no_caries,0.7341,0.73408,0.04108,0.12414,0.1007
crops/hibogi_ai_02032_png_16.jpg,hibogi_ai_02032_png,HIBOGI_AI_02032_png_jpg.rf.5c67069791dc8bd9858e0b7ff1d18677.jpg,,3,0,moderate,no_caries,0.9265,0.92652,0.00329,0.03532,0.03488
crops/hibogi_ai_02032_png_17.jpg,hibogi_ai_02032_png,HIBOGI_AI_02032_png_jpg.rf.5c67069791dc8bd9858e0b7ff1d18677.jpg,,3,0,moderate,no_caries,0.8423,0.84233,0.02236,0.09158,0.04374
crops/hibogi_ai_02032_png_18.jpg,hibogi_ai_02032_png,HIBOGI_AI_02032_png_jpg.rf.5c67069791dc8bd9858e0b7ff1d18677.jpg,,3,0,moderate,no_caries,0.5725,0.57248,0.06418,0.23856,0.12479
crops/hibogi_ai_02032_png_19.jpg,hibogi_ai_02032_png,HIBOGI_AI_02032_png_jpg.rf.5c67069791dc8bd9858e0b7ff1d18677.jpg,,3,0,moderate,moderate,0.4919,0.24914,0.00678,0.49194,0.25214
crops/hibogi_ai_02032_png_20.jpg,hibogi_ai_02032_png,HIBOGI_AI_02032_png_jpg.rf.5c67069791dc8bd9858e0b7ff1d18677.jpg,,3,0,moderate,no_caries,0.6767,0.67674,0.01414,0.19886,0.11026
crops/hibogi_ai_02032_png_21.jpg,hibogi_ai_02032_png,HIBOGI_AI_02032_png_jpg.rf.5c67069791dc8bd9858e0b7ff1d18677.jpg,,3,0,moderate,moderate,0.8549,0.01535,0.00042,0.85487,0.12937
crops/hibogi_ai_02046_png_0.jpg,hibogi_ai_02046_png,HIBOGI_AI_02046_png_jpg.rf.3d317f12a083370afe7ee3a6f64df670.jpg,,0,0,no_caries,mild,0.4808,0.23675,0.48078,0.2432,0.03927
crops/hibogi_ai_02046_png_1.jpg,hibogi_ai_02046_png,HIBOGI_AI_02046_png_jpg.rf.3d317f12a083370afe7ee3a6f64df670.jpg,,4,0,moderate,mild,0.4627,0.28851,0.46266,0.15305,0.09578
crops/hibogi_ai_02046_png_2.jpg,hibogi_ai_02046_png,HIBOGI_AI_02046_png_jpg.rf.3d317f12a083370afe7ee3a6f64df670.jpg,,0,0,no_caries,no_caries,0.8697,0.86969,0.08181,0.0275,0.021
crops/hibogi_ai_02046_png_3.jpg,hibogi_ai_02046_png,HIBOGI_AI_02046_png_jpg.rf.3d317f12a083370afe7ee3a6f64df670.jpg,,0,0,no_caries,no_caries,0.6888,0.68876,0.16647,0.09552,0.04924
crops/hibogi_ai_02046_png_4.jpg,hibogi_ai_02046_png,HIBOGI_AI_02046_png_jpg.rf.3d317f12a083370afe7ee3a6f64df670.jpg,,0,0,no_caries,no_caries,0.6045,0.6045,0.22881,0.08889,0.0778
crops/hibogi_ai_02046_png_5.jpg,hibogi_ai_02046_png,HIBOGI_AI_02046_png_jpg.rf.3d317f12a083370afe7ee3a6f64df670.jpg,,0,0,no_caries,no_caries,0.712,0.71204,0.15762,0.07371,0.05664
crops/hibogi_ai_02046_png_6.jpg,hibogi_ai_02046_png,HIBOGI_AI_02046_png_jpg.rf.3d317f12a083370afe7ee3a6f64df670.jpg,,3,0,moderate,no_caries,0.6604,0.66041,0.17713,0.08606,0.0764
crops/hibogi_ai_02046_png_7.jpg,hibogi_ai_02046_png,HIBOGI_AI_02046_png_jpg.rf.3d317f12a083370afe7ee3a6f64df670.jpg,,0,0,no_caries,no_caries,0.7783,0.77828,0.12536,0.04727,0.04909
crops/hibogi_ai_02046_png_8.jpg,hibogi_ai_02046_png,HIBOGI_AI_02046_png_jpg.rf.3d317f12a083370afe7ee3a6f64df670.jpg,,0,0,no_caries,no_caries,0.7071,0.7071,0.14441,0.06621,0.08228
crops/hibogi_ai_02046_png_9.jpg,hibogi_ai_02046_png,HIBOGI_AI_02046_png_jpg.rf.3d317f12a083370afe7ee3a6f64df670.jpg,,0,0,no_caries,mild,0.5092,0.2202,0.50915,0.14397,0.12668
crops/hibogi_ai_02046_png_10.jpg,hibogi_ai_02046_png,HIBOGI_AI_02046_png_jpg.rf.3d317f12a083370afe7ee3a6f64df670.jpg,,0,0,no_caries,no_caries,0.5259,0.52587,0.26875,0.11457,0.09081
crops/hibogi_ai_02046_png_11.jpg,hibogi_ai_02046_png,HIBOGI_AI_02046_png_jpg.rf.3d317f12a083370afe7ee3a6f64df670.jpg,,0,0,no_caries,no_caries,0.7046,0.70457,0.00839,0.2472,0.03984
crops/hibogi_ai_02046_png_12.jpg,hibogi_ai_02046_png,HIBOGI_AI_02046_png_jpg.rf.3d317f12a083370afe7ee3a6f64df670.jpg,,0,0,no_caries,no_caries,0.5982,0.59823,0.07397,0.10935,0.21845
crops/hibogi_ai_02067_png_0.jpg,hibogi_ai_02067_png,HIBOGI_AI_02067_png_jpg.rf.836754ef34b5acc48d5cf4bc15a62388.jpg,,0,0,no_caries,no_caries,0.7742,0.77422,0.04999,0.07544,0.10035
crops/hibogi_ai_02067_png_1.jpg,hibogi_ai_02067_png,HIBOGI_AI_02067_png_jpg.rf.836754ef34b5acc48d5cf4bc15a62388.jpg,,0,0,no_caries,no_caries,0.8348,0.83483,0.05908,0.05921,0.04688
crops/hibogi_ai_02067_png_2.jpg,hibogi_ai_02067_png,HIBOGI_AI_02067_png_jpg.rf.836754ef34b5acc48d5cf4bc15a62388.jpg,,0,0,no_caries,no_caries,0.7257,0.72568,0.14545,0.0546,0.07427
crops/hibogi_ai_02067_png_3.jpg,hibogi_ai_02067_png,HIBOGI_AI_02067_png_jpg.rf.836754ef34b5acc48d5cf4bc15a62388.jpg,,0,0,no_caries,no_caries,0.797,0.797,0.07066,0.04619,0.08614
crops/hibogi_ai_02067_png_4.jpg,hibogi_ai_02067_png,HIBOGI_AI_02067_png_jpg.rf.836754ef34b5acc48d5cf4bc15a62388.jpg,,0,0,no_caries,no_caries,0.7243,0.72435,0.10298,0.07279,0.09988
crops/hibogi_ai_02067_png_5.jpg,hibogi_ai_02067_png,HIBOGI_AI_02067_png_jpg.rf.836754ef34b5acc48d5cf4bc15a62388.jpg,,0,0,no_caries,no_caries,0.8108,0.81081,0.0914,0.06137,0.03642
crops/hibogi_ai_02067_png_6.jpg,hibogi_ai_02067_png,HIBOGI_AI_02067_png_jpg.rf.836754ef34b5acc48d5cf4bc15a62388.jpg,,0,0,no_caries,no_caries,0.8032,0.80323,0.06863,0.04399,0.08416
crops/hibogi_ai_02067_png_7.jpg,hibogi_ai_02067_png,HIBOGI_AI_02067_png_jpg.rf.836754ef34b5acc48d5cf4bc15a62388.jpg,,0,0,no_caries,no_caries,0.8608,0.86076,0.0327,0.04964,0.05691
crops/hibogi_ai_02067_png_8.jpg,hibogi_ai_02067_png,HIBOGI_AI_02067_png_jpg.rf.836754ef34b5acc48d5cf4bc15a62388.jpg,,0,0,no_caries,mild,0.5798,0.34971,0.57981,0.02766,0.04282
crops/hibogi_ai_02067_png_9.jpg,hibogi_ai_02067_png,HIBOGI_AI_02067_png_jpg.rf.836754ef34b5acc48d5cf4bc15a62388.jpg,,0,0,no_caries,no_caries,0.5248,0.52478,0.3697,0.0392,0.06632
crops/hibogi_ai_02067_png_10.jpg,hibogi_ai_02067_png,HIBOGI_AI_02067_png_jpg.rf.836754ef34b5acc48d5cf4bc15a62388.jpg,,0,0,no_caries,no_caries,0.6191,0.61915,0.22936,0.02592,0.12557
crops/hibogi_ai_02067_png_11.jpg,hibogi_ai_02067_png,HIBOGI_AI_02067_png_jpg.rf.836754ef34b5acc48d5cf4bc15a62388.jpg,,0,0,no_caries,no_caries,0.8099,0.80991,0.05554,0.0888,0.04575
crops/hibogi_ai_02067_png_12.jpg,hibogi_ai_02067_png,HIBOGI_AI_02067_png_jpg.rf.836754ef34b5acc48d5cf4bc15a62388.jpg,,0,0,no_caries,advanced,0.5635,0.36463,0.01678,0.05508,0.56351
crops/hibogi_ai_02069_png_0.jpg,hibogi_ai_02069_png,HIBOGI_AI_02069_png_jpg.rf.815b0c3f1a4c59c2f2fa6662c65983df.jpg,,0,0,no_caries,no_caries,0.6705,0.6705,0.17883,0.07959,0.07109
crops/hibogi_ai_02069_png_1.jpg,hibogi_ai_02069_png,HIBOGI_AI_02069_png_jpg.rf.815b0c3f1a4c59c2f2fa6662c65983df.jpg,,0,0,no_caries,no_caries,0.7572,0.75725,0.16977,0.04866,0.02433
crops/hibogi_ai_02069_png_2.jpg,hibogi_ai_02069_png,HIBOGI_AI_02069_png_jpg.rf.815b0c3f1a4c59c2f2fa6662c65983df.jpg,,0,0,no_caries,no_caries,0.7685,0.76849,0.04321,0.142,0.0463
crops/hibogi_ai_02069_png_3.jpg,hibogi_ai_02069_png,HIBOGI_AI_02069_png_jpg.rf.815b0c3f1a4c59c2f2fa6662c65983df.jpg,,0,0,no_caries,no_caries,0.8858,0.88581,0.0521,0.02488,0.03721
crops/hibogi_ai_02069_png_4.jpg,hibogi_ai_02069_png,HIBOGI_AI_02069_png_jpg.rf.815b0c3f1a4c59c2f2fa6662c65983df.jpg,,0,0,no_caries,no_caries,0.7816,0.78164,0.10155,0.06198,0.05484
crops/hibogi_ai_02069_png_5.jpg,hibogi_ai_02069_png,HIBOGI_AI_02069_png_jpg.rf.815b0c3f1a4c59c2f2fa6662c65983df.jpg,,0,0,no_caries,no_caries,0.6993,0.69933,0.07168,0.05072,0.17827
crops/hibogi_ai_02069_png_6.jpg,hibogi_ai_02069_png,HIBOGI_AI_02069_png_jpg.rf.815b0c3f1a4c59c2f2fa6662c65983df.jpg,,0,0,no_caries,no_caries,0.7969,0.79695,0.05909,0.10246,0.04149
crops/hibogi_ai_02069_png_7.jpg,hibogi_ai_02069_png,HIBOGI_AI_02069_png_jpg.rf.815b0c3f1a4c59c2f2fa6662c65983df.jpg,,0,0,no_caries,no_caries,0.8141,0.81406,0.04809,0.06503,0.07282
crops/hibogi_ai_02069_png_8.jpg,hibogi_ai_02069_png,HIBOGI_AI_02069_png_jpg.rf.815b0c3f1a4c59c2f2fa6662c65983df.jpg,,1,0,mild,no_caries,0.7173,0.71731,0.05408,0.20222,0.02639
crops/hibogi_ai_02069_png_9.jpg,hibogi_ai_02069_png,HIBOGI_AI_02069_png_jpg.rf.815b0c3f1a4c59c2f2fa6662c65983df.jpg,,0,0,no_caries,no_caries,0.7704,0.77036,0.10922,0.06161,0.05881
crops/hibogi_ai_02069_png_10.jpg,hibogi_ai_02069_png,HIBOGI_AI_02069_png_jpg.rf.815b0c3f1a4c59c2f2fa6662c65983df.jpg,,0,0,no_caries,no_caries,0.8954,0.89543,0.01683,0.05145,0.03629
crops/hibogi_ai_02069_png_11.jpg,hibogi_ai_02069_png,HIBOGI_AI_02069_png_jpg.rf.815b0c3f1a4c59c2f2fa6662c65983df.jpg,,0,0,no_caries,no_caries,0.8368,0.8368,0.04253,0.06394,0.05674
crops/hibogi_ai_02075_png_0.jpg,hibogi_ai_02075_png,HIBOGI_AI_02075_png_jpg.rf.062b0e3a5e38062d6d3f165ab6a20790.jpg,,6,0,advanced,advanced,0.9493,0.00203,0.01569,0.033,0.94928
crops/hibogi_ai_02075_png_1.jpg,hibogi_ai_02075_png,HIBOGI_AI_02075_png_jpg.rf.062b0e3a5e38062d6d3f165ab6a20790.jpg,,0,0,no_caries,mild,0.6727,0.24149,0.67267,0.03389,0.05196
crops/hibogi_ai_02075_png_2.jpg,hibogi_ai_02075_png,HIBOGI_AI_02075_png_jpg.rf.062b0e3a5e38062d6d3f165ab6a20790.jpg,,0,0,no_caries,no_caries,0.5134,0.51337,0.29049,0.10044,0.0957
crops/hibogi_ai_02075_png_3.jpg,hibogi_ai_02075_png,HIBOGI_AI_02075_png_jpg.rf.062b0e3a5e38062d6d3f165ab6a20790.jpg,,0,0,no_caries,mild,0.4936,0.36805,0.49355,0.0368,0.1016
crops/hibogi_ai_02075_png_4.jpg,hibogi_ai_02075_png,HIBOGI_AI_02075_png_jpg.rf.062b0e3a5e38062d6d3f165ab6a20790.jpg,,5,0,advanced,advanced,0.3349,0.23272,0.25077,0.18158,0.33492
crops/hibogi_ai_02075_png_5.jpg,hibogi_ai_02075_png,HIBOGI_AI_02075_png_jpg.rf.062b0e3a5e38062d6d3f165ab6a20790.jpg,,1,0,mild,no_caries,0.4666,0.46662,0.45405,0.01478,0.06455
crops/hibogi_ai_02075_png_6.jpg,hibogi_ai_02075_png,HIBOGI_AI_02075_png_jpg.rf.062b0e3a5e38062d6d3f165ab6a20790.jpg,,0,0,no_caries,no_caries,0.2928,0.29283,0.18749,0.24385,0.27583
crops/hibogi_ai_02075_png_7.jpg,hibogi_ai_02075_png,HIBOGI_AI_02075_png_jpg.rf.062b0e3a5e38062d6d3f165ab6a20790.jpg,,0,0,no_caries,no_caries,0.8298,0.82977,0.06601,0.02999,0.07424
crops/hibogi_ai_02075_png_8.jpg,hibogi_ai_02075_png,HIBOGI_AI_02075_png_jpg.rf.062b0e3a5e38062d6d3f165ab6a20790.jpg,,0,0,no_caries,no_caries,0.8341,0.83414,0.03771,0.07318,0.05496
crops/hibogi_ai_02075_png_9.jpg,hibogi_ai_02075_png,HIBOGI_AI_02075_png_jpg.rf.062b0e3a5e38062d6d3f165ab6a20790.jpg,,0,0,no_caries,no_caries,0.7379,0.73788,0.11356,0.09617,0.05239
crops/hibogi_ai_02075_png_10.jpg,hibogi_ai_02075_png,HIBOGI_AI_02075_png_jpg.rf.062b0e3a5e38062d6d3f165ab6a20790.jpg,,0,0,no_caries,no_caries,0.7242,0.72418,0.09875,0.09674,0.08033
crops/hibogi_ai_02075_png_11.jpg,hibogi_ai_02075_png,HIBOGI_AI_02075_png_jpg.rf.062b0e3a5e38062d6d3f165ab6a20790.jpg,,0,0,no_caries,no_caries,0.7218,0.72179,0.0566,0.12533,0.09628
crops/hibogi_ai_02075_png_12.jpg,hibogi_ai_02075_png,HIBOGI_AI_02075_png_jpg.rf.062b0e3a5e38062d6d3f165ab6a20790.jpg,,2,0,mild,mild,0.9514,0.0079,0.95136,0.00488,0.03585
crops/hibogi_ai_02075_png_13.jpg,hibogi_ai_02075_png,HIBOGI_AI_02075_png_jpg.rf.062b0e3a5e38062d6d3f165ab6a20790.jpg,,2,0,mild,mild,0.4131,0.40629,0.41313,0.05759,0.12299
crops/hibogi_ai_02075_png_14.jpg,hibogi_ai_02075_png,HIBOGI_AI_02075_png_jpg.rf.062b0e3a5e38062d6d3f165ab6a20790.jpg,,4,0,moderate,mild,0.4993,0.1471,0.49929,0.23302,0.12058
crops/hibogi_ai_02083_png_0.jpg,hibogi_ai_02083_png,HIBOGI_AI_02083_png_jpg.rf.0c2b35a757a37d06f52f95066e357d88.jpg,,0,0,no_caries,no_caries,0.7179,0.71789,0.01949,0.13661,0.12602
crops/hibogi_ai_02083_png_1.jpg,hibogi_ai_02083_png,HIBOGI_AI_02083_png_jpg.rf.0c2b35a757a37d06f52f95066e357d88.jpg,,0,0,no_caries,no_caries,0.6815,0.68148,0.04107,0.20113,0.07631
crops/hibogi_ai_02083_png_2.jpg,hibogi_ai_02083_png,HIBOGI_AI_02083_png_jpg.rf.0c2b35a757a37d06f52f95066e357d88.jpg,,0,0,no_caries,no_caries,0.7849,0.78493,0.07861,0.09155,0.04491
crops/hibogi_ai_02083_png_3.jpg,hibogi_ai_02083_png,HIBOGI_AI_02083_png_jpg.rf.0c2b35a757a37d06f52f95066e357d88.jpg,,5,0,advanced,advanced,0.7452,0.1002,0.01334,0.14125,0.74521
crops/hibogi_ai_02083_png_4.jpg,hibogi_ai_02083_png,HIBOGI_AI_02083_png_jpg.rf.0c2b35a757a37d06f52f95066e357d88.jpg,,5,0,advanced,no_caries,0.7489,0.74889,0.01345,0.05544,0.18223
crops/hibogi_ai_02083_png_5.jpg,hibogi_ai_02083_png,HIBOGI_AI_02083_png_jpg.rf.0c2b35a757a37d06f52f95066e357d88.jpg,,0,0,no_caries,no_caries,0.8489,0.84888,0.01676,0.06292,0.07144
crops/hibogi_ai_02083_png_6.jpg,hibogi_ai_02083_png,HIBOGI_AI_02083_png_jpg.rf.0c2b35a757a37d06f52f95066e357d88.jpg,,0,0,no_caries,no_caries,0.7928,0.79284,0.00746,0.11136,0.08834
crops/hibogi_ai_02083_png_7.jpg,hibogi_ai_02083_png,HIBOGI_AI_02083_png_jpg.rf.0c2b35a757a37d06f52f95066e357d88.jpg,,0,0,no_caries,no_caries,0.8567,0.85671,0.04179,0.04623,0.05527
crops/hibogi_ai_02083_png_8.jpg,hibogi_ai_02083_png,HIBOGI_AI_02083_png_jpg.rf.0c2b35a757a37d06f52f95066e357d88.jpg,,0,0,no_caries,no_caries,0.7874,0.7874,0.04239,0.1142,0.05601
crops/hibogi_ai_02083_png_9.jpg,hibogi_ai_02083_png,HIBOGI_AI_02083_png_jpg.rf.0c2b35a757a37d06f52f95066e357d88.jpg,,0,0,no_caries,no_caries,0.825,0.82499,0.04128,0.07927,0.05446
crops/hibogi_ai_02083_png_10.jpg,hibogi_ai_02083_png,HIBOGI_AI_02083_png_jpg.rf.0c2b35a757a37d06f52f95066e357d88.jpg,,0,0,no_caries,no_caries,0.8199,0.8199,0.05202,0.0796,0.04848
crops/hibogi_ai_02083_png_11.jpg,hibogi_ai_02083_png,HIBOGI_AI_02083_png_jpg.rf.0c2b35a757a37d06f52f95066e357d88.jpg,,0,0,no_caries,no_caries,0.7062,0.7062,0.09085,0.1086,0.09435
crops/hibogi_ai_02083_png_12.jpg,hibogi_ai_02083_png,HIBOGI_AI_02083_png_jpg.rf.0c2b35a757a37d06f52f95066e357d88.jpg,,0,0,no_caries,no_caries,0.7856,0.78557,0.04977,0.10385,0.06081
crops/hibogi_ai_02083_png_13.jpg,hibogi_ai_02083_png,HIBOGI_AI_02083_png_jpg.rf.0c2b35a757a37d06f52f95066e357d88.jpg,,0,0,no_caries,no_caries,0.8869,0.88687,0.02597,0.03705,0.05012
crops/hibogi_ai_02083_png_14.jpg,hibogi_ai_02083_png,HIBOGI_AI_02083_png_jpg.rf.0c2b35a757a37d06f52f95066e357d88.jpg,,2,0,mild,no_caries,0.9202,0.9202,0.01844,0.01714,0.04422
crops/hibogi_ai_02083_png_15.jpg,hibogi_ai_02083_png,HIBOGI_AI_02083_png_jpg.rf.0c2b35a757a37d06f52f95066e357d88.jpg,,2,0,mild,moderate,0.6887,0.1148,0.16205,0.68874,0.03442
crops/hibogi_ai_02085_png_0.jpg,hibogi_ai_02085_png,HIBOGI_AI_02085_png_jpg.rf.dea73c6040526028f777e7ae6f782b98.jpg,,0,0,no_caries,no_caries,0.7512,0.75122,0.09041,0.0354,0.12298
crops/hibogi_ai_02085_png_1.jpg,hibogi_ai_02085_png,HIBOGI_AI_02085_png_jpg.rf.dea73c6040526028f777e7ae6f782b98.jpg,,0,0,no_caries,no_caries,0.5095,0.50955,0.42845,0.02142,0.04058
crops/hibogi_ai_02085_png_2.jpg,hibogi_ai_02085_png,HIBOGI_AI_02085_png_jpg.rf.dea73c6040526028f777e7ae6f782b98.jpg,,0,0,no_caries,no_caries,0.5581,0.55806,0.31254,0.07873,0.05066
crops/hibogi_ai_02085_png_3.jpg,hibogi_ai_02085_png,HIBOGI_AI_02085_png_jpg.rf.dea73c6040526028f777e7ae6f782b98.jpg,,0,0,no_caries,no_caries,0.6071,0.60708,0.21823,0.08426,0.09043
crops/hibogi_ai_02085_png_4.jpg,hibogi_ai_02085_png,HIBOGI_AI_02085_png_jpg.rf.dea73c6040526028f777e7ae6f782b98.jpg,,0,0,no_caries,mild,0.6717,0.21179,0.67165,0.02474,0.09181
crops/hibogi_ai_02085_png_5.jpg,hibogi_ai_02085_png,HIBOGI_AI_02085_png_jpg.rf.dea73c6040526028f777e7ae6f782b98.jpg,,0,0,no_caries,mild,0.7854,0.10605,0.78536,0.02144,0.08715
crops/hibogi_ai_02085_png_6.jpg,hibogi_ai_02085_png,HIBOGI_AI_02085_png_jpg.rf.dea73c6040526028f777e7ae6f782b98.jpg,,0,0,no_caries,no_caries,0.5352,0.53525,0.33392,0.06148,0.06935
crops/hibogi_ai_02085_png_7.jpg,hibogi_ai_02085_png,HIBOGI_AI_02085_png_jpg.rf.dea73c6040526028f777e7ae6f782b98.jpg,,0,0,no_caries,mild,0.619,0.31827,0.61902,0.03622,0.02649
crops/hibogi_ai_02085_png_8.jpg,hibogi_ai_02085_png,HIBOGI_AI_02085_png_jpg.rf.dea73c6040526028f777e7ae6f782b98.jpg,,0,0,no_caries,no_caries,0.5637,0.56372,0.374,0.01499,0.04729
crops/hibogi_ai_02085_png_9.jpg,hibogi_ai_02085_png,HIBOGI_AI_02085_png_jpg.rf.dea73c6040526028f777e7ae6f782b98.jpg,,1,0,mild,no_caries,0.579,0.57901,0.34605,0.0148,0.06013
crops/hibogi_ai_02085_png_10.jpg,hibogi_ai_02085_png,HIBOGI_AI_02085_png_jpg.rf.dea73c6040526028f777e7ae6f782b98.jpg,,1,0,mild,no_caries,0.5824,0.58238,0.27669,0.08918,0.05176
crops/hibogi_ai_02144_png_0.jpg,hibogi_ai_02144_png,HIBOGI_AI_02144_png_jpg.rf.9ba579e25350e8fa6e23f35309904cba.jpg,,0,0,no_caries,no_caries,0.6385,0.6385,0.05358,0.20573,0.1022
crops/hibogi_ai_02144_png_1.jpg,hibogi_ai_02144_png,HIBOGI_AI_02144_png_jpg.rf.9ba579e25350e8fa6e23f35309904cba.jpg,,0,0,no_caries,no_caries,0.818,0.81801,0.06688,0.04912,0.06599
crops/hibogi_ai_02144_png_2.jpg,hibogi_ai_02144_png,HIBOGI_AI_02144_png_jpg.rf.9ba579e25350e8fa6e23f35309904cba.jpg,,0,0,no_caries,no_caries,0.7321,0.73206,0.10029,0.12422,0.04343
crops/hibogi_ai_02144_png_3.jpg,hibogi_ai_02144_png,HIBOGI_AI_02144_png_jpg.rf.9ba579e25350e8fa6e23f35309904cba.jpg,,0,0,no_caries,no_caries,0.7148,0.71475,0.14357,0.09008,0.05159
crops/hibogi_ai_02144_png_4.jpg,hibogi_ai_02144_png,HIBOGI_AI_02144_png_jpg.rf.9ba579e25350e8fa6e23f35309904cba.jpg,,0,0,no_caries,no_caries,0.8299,0.82995,0.04158,0.10207,0.02641
crops/hibogi_ai_02144_png_5.jpg,hibogi_ai_02144_png,HIBOGI_AI_02144_png_jpg.rf.9ba579e25350e8fa6e23f35309904cba.jpg,,0,0,no_caries,mild,0.4662,0.18967,0.46621,0.31998,0.02414
crops/hibogi_ai_02144_png_6.jpg,hibogi_ai_02144_png,HIBOGI_AI_02144_png_jpg.rf.9ba579e25350e8fa6e23f35309904cba.jpg,,0,0,no_caries,no_caries,0.4701,0.47005,0.12414,0.19493,0.21088
crops/hibogi_ai_02144_png_7.jpg,hibogi_ai_02144_png,HIBOGI_AI_02144_png_jpg.rf.9ba579e25350e8fa6e23f35309904cba.jpg,,0,0,no_caries,no_caries,0.6818,0.68179,0.06001,0.22765,0.03055
crops/hibogi_ai_02144_png_8.jpg,hibogi_ai_02144_png,HIBOGI_AI_02144_png_jpg.rf.9ba579e25350e8fa6e23f35309904cba.jpg,,0,0,no_caries,no_caries,0.8875,0.88751,0.03348,0.04601,0.03299
crops/hibogi_ai_02144_png_9.jpg,hibogi_ai_02144_png,HIBOGI_AI_02144_png_jpg.rf.9ba579e25350e8fa6e23f35309904cba.jpg,,0,0,no_caries,no_caries,0.6944,0.69437,0.15521,0.05653,0.09389
crops/hibogi_ai_02144_png_10.jpg,hibogi_ai_02144_png,HIBOGI_AI_02144_png_jpg.rf.9ba579e25350e8fa6e23f35309904cba.jpg,,0,0,no_caries,no_caries,0.8645,0.86455,0.06551,0.03017,0.03977
crops/hibogi_ai_02144_png_11.jpg,hibogi_ai_02144_png,HIBOGI_AI_02144_png_jpg.rf.9ba579e25350e8fa6e23f35309904cba.jpg,,0,0,no_caries,no_caries,0.8214,0.82144,0.08894,0.04016,0.04946
crops/hibogi_ai_02144_png_12.jpg,hibogi_ai_02144_png,HIBOGI_AI_02144_png_jpg.rf.9ba579e25350e8fa6e23f35309904cba.jpg,,0,0,no_caries,no_caries,0.7173,0.71728,0.1142,0.1302,0.03833
crops/hibogi_ai_02144_png_13.jpg,hibogi_ai_02144_png,HIBOGI_AI_02144_png_jpg.rf.9ba579e25350e8fa6e23f35309904cba.jpg,,0,0,no_caries,no_caries,0.5971,0.59711,0.24913,0.10944,0.04432
crops/hibogi_ai_02144_png_14.jpg,hibogi_ai_02144_png,HIBOGI_AI_02144_png_jpg.rf.9ba579e25350e8fa6e23f35309904cba.jpg,,0,0,no_caries,no_caries,0.4736,0.47363,0.09428,0.01945,0.41265
crops/hibogi_ai_02144_png_15.jpg,hibogi_ai_02144_png,HIBOGI_AI_02144_png_jpg.rf.9ba579e25350e8fa6e23f35309904cba.jpg,,0,0,no_caries,no_caries,0.5579,0.5579,0.07065,0.27803,0.09343
crops/hibogi_ai_02150_png_0.jpg,hibogi_ai_02150_png,HIBOGI_AI_02150_png_jpg.rf.01794b7b76993df8606242b504df4eb3.jpg,,0,0,no_caries,advanced,0.5066,0.39138,0.06826,0.03377,0.50659
crops/hibogi_ai_02150_png_1.jpg,hibogi_ai_02150_png,HIBOGI_AI_02150_png_jpg.rf.01794b7b76993df8606242b504df4eb3.jpg,,5,0,advanced,advanced,0.9722,0.00819,0.01065,0.00893,0.97222
crops/hibogi_ai_02150_png_2.jpg,hibogi_ai_02150_png,HIBOGI_AI_02150_png_jpg.rf.01794b7b76993df8606242b504df4eb3.jpg,,0,0,no_caries,no_caries,0.743,0.74301,0.18956,0.04741,0.02002
crops/hibogi_ai_02150_png_3.jpg,hibogi_ai_02150_png,HIBOGI_AI_02150_png_jpg.rf.01794b7b76993df8606242b504df4eb3.jpg,,0,0,no_caries,no_caries,0.6086,0.60862,0.2463,0.08424,0.06084
crops/hibogi_ai_02150_png_4.jpg,hibogi_ai_02150_png,HIBOGI_AI_02150_png_jpg.rf.01794b7b76993df8606242b504df4eb3.jpg,,0,0,no_caries,no_caries,0.7241,0.72415,0.18132,0.04069,0.05384
crops/hibogi_ai_02150_png_5.jpg,hibogi_ai_02150_png,HIBOGI_AI_02150_png_jpg.rf.01794b7b76993df8606242b504df4eb3.jpg,,0,0,no_caries,no_caries,0.7853,0.7853,0.03018,0.14406,0.04046
crops/hibogi_ai_02150_png_6.jpg,hibogi_ai_02150_png,HIBOGI_AI_02150_png_jpg.rf.01794b7b76993df8606242b504df4eb3.jpg,,0,0,no_caries,no_caries,0.7308,0.73079,0.1056,0.05071,0.1129
crops/hibogi_ai_02150_png_7.jpg,hibogi_ai_02150_png,HIBOGI_AI_02150_png_jpg.rf.01794b7b76993df8606242b504df4eb3.jpg,,0,0,no_caries,moderate,0.7631,0.10621,0.10894,0.7631,0.02175
crops/hibogi_ai_02150_png_8.jpg,hibogi_ai_02150_png,HIBOGI_AI_02150_png_jpg.rf.01794b7b76993df8606242b504df4eb3.jpg,,0,0,no_caries,no_caries,0.7905,0.79054,0.11882,0.0417,0.04894
crops/hibogi_ai_02150_png_9.jpg,hibogi_ai_02150_png,HIBOGI_AI_02150_png_jpg.rf.01794b7b76993df8606242b504df4eb3.jpg,,0,0,no_caries,no_caries,0.8502,0.85022,0.0475,0.04055,0.06173
crops/hibogi_ai_02150_png_10.jpg,hibogi_ai_02150_png,HIBOGI_AI_02150_png_jpg.rf.01794b7b76993df8606242b504df4eb3.jpg,,0,0,no_caries,no_caries,0.8501,0.85007,0.067,0.03104,0.05189
crops/hibogi_ai_02150_png_11.jpg,hibogi_ai_02150_png,HIBOGI_AI_02150_png_jpg.rf.01794b7b76993df8606242b504df4eb3.jpg,,0,0,no_caries,no_caries,0.9089,0.90893,0.03075,0.0219,0.03842
crops/hibogi_ai_02150_png_12.jpg,hibogi_ai_02150_png,HIBOGI_AI_02150_png_jpg.rf.01794b7b76993df8606242b504df4eb3.jpg,,0,0,no_caries,no_caries,0.8896,0.8896,0.03522,0.02866,0.04651
crops/hibogi_ai_02150_png_13.jpg,hibogi_ai_02150_png,HIBOGI_AI_02150_png_jpg.rf.01794b7b76993df8606242b504df4eb3.jpg,,0,0,no_caries,no_caries,0.8501,0.85013,0.0754,0.03644,0.03803
crops/hibogi_ai_02150_png_14.jpg,hibogi_ai_02150_png,HIBOGI_AI_02150_png_jpg.rf.01794b7b76993df8606242b504df4eb3.jpg,,0,0,no_caries,no_caries,0.7327,0.73272,0.18803,0.02584,0.05341
crops/hibogi_ai_02150_png_15.jpg,hibogi_ai_02150_png,HIBOGI_AI_02150_png_jpg.rf.01794b7b76993df8606242b504df4eb3.jpg,,3,0,moderate,moderate,0.5035,0.30652,0.12997,0.50348,0.06004
crops/hibogi_ai_02168_png_0.jpg,hibogi_ai_02168_png,HIBOGI_AI_02168_png_jpg.rf.d21cffe084c6cd7ee9ac4f13ce3b7b05.jpg,,0,0,no_caries,no_caries,0.7647,0.76468,0.16349,0.03441,0.03742
crops/hibogi_ai_02168_png_1.jpg,hibogi_ai_02168_png,HIBOGI_AI_02168_png_jpg.rf.d21cffe084c6cd7ee9ac4f13ce3b7b05.jpg,,0,0,no_caries,no_caries,0.7981,0.79811,0.0999,0.04423,0.05776
crops/hibogi_ai_02168_png_2.jpg,hibogi_ai_02168_png,HIBOGI_AI_02168_png_jpg.rf.d21cffe084c6cd7ee9ac4f13ce3b7b05.jpg,,0,0,no_caries,no_caries,0.5127,0.51272,0.39399,0.02654,0.06675
crops/hibogi_ai_02168_png_3.jpg,hibogi_ai_02168_png,HIBOGI_AI_02168_png_jpg.rf.d21cffe084c6cd7ee9ac4f13ce3b7b05.jpg,,0,0,no_caries,no_caries,0.8909,0.89092,0.05562,0.01975,0.03371
crops/hibogi_ai_02168_png_4.jpg,hibogi_ai_02168_png,HIBOGI_AI_02168_png_jpg.rf.d21cffe084c6cd7ee9ac4f13ce3b7b05.jpg,,0,0,no_caries,no_caries,0.6815,0.68146,0.1067,0.13365,0.07819
crops/hibogi_ai_02168_png_5.jpg,hibogi_ai_02168_png,HIBOGI_AI_02168_png_jpg.rf.d21cffe084c6cd7ee9ac4f13ce3b7b05.jpg,,0,0,no_caries,no_caries,0.8941,0.89409,0.01163,0.06165,0.03262
crops/hibogi_ai_02168_png_6.jpg,hibogi_ai_02168_png,HIBOGI_AI_02168_png_jpg.rf.d21cffe084c6cd7ee9ac4f13ce3b7b05.jpg,,0,0,no_caries,no_caries,0.7321,0.73214,0.16753,0.04168,0.05864
crops/hibogi_ai_02168_png_7.jpg,hibogi_ai_02168_png,HIBOGI_AI_02168_png_jpg.rf.d21cffe084c6cd7ee9ac4f13ce3b7b05.jpg,,0,0,no_caries,no_caries,0.8371,0.83709,0.07743,0.0319,0.05358
crops/hibogi_ai_02168_png_8.jpg,hibogi_ai_02168_png,HIBOGI_AI_02168_png_jpg.rf.d21cffe084c6cd7ee9ac4f13ce3b7b05.jpg,,0,0,no_caries,no_caries,0.8288,0.82878,0.04194,0.061,0.06828
crops/hibogi_ai_02175_png_0.jpg,hibogi_ai_02175_png,HIBOGI_AI_02175_png_jpg.rf.23e2a42ba99eef2408aba438a8d02e60.jpg,,0,0,no_caries,no_caries,0.8065,0.80648,0.03111,0.09487,0.06754
crops/hibogi_ai_02175_png_1.jpg,hibogi_ai_02175_png,HIBOGI_AI_02175_png_jpg.rf.23e2a42ba99eef2408aba438a8d02e60.jpg,,0,0,no_caries,no_caries,0.7776,0.77757,0.03462,0.13216,0.05564
crops/hibogi_ai_02175_png_2.jpg,hibogi_ai_02175_png,HIBOGI_AI_02175_png_jpg.rf.23e2a42ba99eef2408aba438a8d02e60.jpg,,0,0,no_caries,no_caries,0.7598,0.75978,0.03433,0.15316,0.05274
crops/hibogi_ai_02175_png_3.jpg,hibogi_ai_02175_png,HIBOGI_AI_02175_png_jpg.rf.23e2a42ba99eef2408aba438a8d02e60.jpg,,0,0,no_caries,no_caries,0.6884,0.68843,0.07171,0.14961,0.09025
crops/hibogi_ai_02175_png_4.jpg,hibogi_ai_02175_png,HIBOGI_AI_02175_png_jpg.rf.23e2a42ba99eef2408aba438a8d02e60.jpg,,0,0,no_caries,no_caries,0.8608,0.86084,0.01499,0.06837,0.05581
crops/hibogi_ai_02175_png_5.jpg,hibogi_ai_02175_png,HIBOGI_AI_02175_png_jpg.rf.23e2a42ba99eef2408aba438a8d02e60.jpg,,0,0,no_caries,no_caries,0.8075,0.8075,0.01994,0.10079,0.07178
crops/hibogi_ai_02175_png_6.jpg,hibogi_ai_02175_png,HIBOGI_AI_02175_png_jpg.rf.23e2a42ba99eef2408aba438a8d02e60.jpg,,0,0,no_caries,no_caries,0.7424,0.74241,0.02306,0.03239,0.20214
crops/hibogi_ai_02175_png_7.jpg,hibogi_ai_02175_png,HIBOGI_AI_02175_png_jpg.rf.23e2a42ba99eef2408aba438a8d02e60.jpg,,0,0,no_caries,no_caries,0.8383,0.83828,0.02034,0.0727,0.06869
crops/hibogi_ai_02175_png_8.jpg,hibogi_ai_02175_png,HIBOGI_AI_02175_png_jpg.rf.23e2a42ba99eef2408aba438a8d02e60.jpg,,0,0,no_caries,no_caries,0.7454,0.74539,0.04506,0.10415,0.10539
crops/hibogi_ai_02175_png_9.jpg,hibogi_ai_02175_png,HIBOGI_AI_02175_png_jpg.rf.23e2a42ba99eef2408aba438a8d02e60.jpg,,0,0,no_caries,no_caries,0.7839,0.78389,0.03321,0.07538,0.10752
crops/hibogi_ai_02175_png_10.jpg,hibogi_ai_02175_png,HIBOGI_AI_02175_png_jpg.rf.23e2a42ba99eef2408aba438a8d02e60.jpg,,0,0,no_caries,no_caries,0.8217,0.8217,0.03431,0.04885,0.09514
crops/hibogi_ai_02175_png_11.jpg,hibogi_ai_02175_png,HIBOGI_AI_02175_png_jpg.rf.23e2a42ba99eef2408aba438a8d02e60.jpg,,0,0,no_caries,no_caries,0.8254,0.82542,0.04476,0.09137,0.03845
crops/hibogi_ai_02175_png_12.jpg,hibogi_ai_02175_png,HIBOGI_AI_02175_png_jpg.rf.23e2a42ba99eef2408aba438a8d02e60.jpg,,0,0,no_caries,no_caries,0.6906,0.69058,0.09077,0.18018,0.03846
crops/hibogi_ai_02175_png_13.jpg,hibogi_ai_02175_png,HIBOGI_AI_02175_png_jpg.rf.23e2a42ba99eef2408aba438a8d02e60.jpg,,0,0,no_caries,no_caries,0.6119,0.61188,0.04275,0.30773,0.03764
crops/hibogi_ai_02180_png_0.jpg,hibogi_ai_02180_png,HIBOGI_AI_02180_png_jpg.rf.604f383b38ec38a3ab9e27176cacfa5d.jpg,,0,0,no_caries,no_caries,0.6886,0.68857,0.23208,0.02961,0.04975
crops/hibogi_ai_02180_png_1.jpg,hibogi_ai_02180_png,HIBOGI_AI_02180_png_jpg.rf.604f383b38ec38a3ab9e27176cacfa5d.jpg,,0,0,no_caries,no_caries,0.7316,0.73159,0.118,0.0781,0.07231
crops/hibogi_ai_02180_png_2.jpg,hibogi_ai_02180_png,HIBOGI_AI_02180_png_jpg.rf.604f383b38ec38a3ab9e27176cacfa5d.jpg,,0,0,no_caries,no_caries,0.5131,0.51311,0.04643,0.33927,0.10119
crops/hibogi_ai_02180_png_3.jpg,hibogi_ai_02180_png,HIBOGI_AI_02180_png_jpg.rf.604f383b38ec38a3ab9e27176cacfa5d.jpg,,2,0,mild,mild,0.8744,0.00212,0.87443,0.10984,0.01361
crops/hibogi_ai_02180_png_4.jpg,hibogi_ai_02180_png,HIBOGI_AI_02180_png_jpg.rf.604f383b38ec38a3ab9e27176cacfa5d.jpg,,0,0,no_caries,no_caries,0.7015,0.70151,0.06751,0.20256,0.02842
crops/hibogi_ai_02180_png_5.jpg,hibogi_ai_02180_png,HIBOGI_AI_02180_png_jpg.rf.604f383b38ec38a3ab9e27176cacfa5d.jpg,,0,0,no_caries,no_caries,0.6659,0.66591,0.16377,0.12144,0.04888
crops/hibogi_ai_02180_png_6.jpg,hibogi_ai_02180_png,HIBOGI_AI_02180_png_jpg.rf.604f383b38ec38a3ab9e27176cacfa5d.jpg,,0,0,no_caries,no_caries,0.8167,0.81668,0.0986,0.0422,0.04252
crops/hibogi_ai_02180_png_7.jpg,hibogi_ai_02180_png,HIBOGI_AI_02180_png_jpg.rf.604f383b38ec38a3ab9e27176cacfa5d.jpg,,0,0,no_caries,no_caries,0.9141,0.91406,0.03026,0.02594,0.02975
crops/hibogi_ai_02180_png_8.jpg,hibogi_ai_02180_png,HIBOGI_AI_02180_png_jpg.rf.604f383b38ec38a3ab9e27176cacfa5d.jpg,,2,0,mild,no_caries,0.4801,0.48009,0.27785,0.16057,0.08149
crops/hibogi_ai_02203_png_0.jpg,hibogi_ai_02203_png,HIBOGI_AI_02203_png_jpg.rf.582bf4c4d5aadf48f2a555ce813cb7c0.jpg,,0,0,no_caries,no_caries,0.6256,0.62564,0.09518,0.18096,0.09822
crops/hibogi_ai_02203_png_1.jpg,hibogi_ai_02203_png,HIBOGI_AI_02203_png_jpg.rf.582bf4c4d5aadf48f2a555ce813cb7c0.jpg,,0,0,no_caries,no_caries,0.7374,0.73738,0.08648,0.11341,0.06273
crops/hibogi_ai_02203_png_2.jpg,hibogi_ai_02203_png,HIBOGI_AI_02203_png_jpg.rf.582bf4c4d5aadf48f2a555ce813cb7c0.jpg,,0,0,no_caries,no_caries,0.9261,0.9261,0.02385,0.01717,0.03288
crops/hibogi_ai_02203_png_3.jpg,hibogi_ai_02203_png,HIBOGI_AI_02203_png_jpg.rf.582bf4c4d5aadf48f2a555ce813cb7c0.jpg,,0,0,no_caries,no_caries,0.8468,0.84676,0.04393,0.06814,0.04117
crops/hibogi_ai_02203_png_4.jpg,hibogi_ai_02203_png,HIBOGI_AI_02203_png_jpg.rf.582bf4c4d5aadf48f2a555ce813cb7c0.jpg,,0,0,no_caries,no_caries,0.7183,0.71828,0.02869,0.21723,0.0358
crops/hibogi_ai_02203_png_5.jpg,hibogi_ai_02203_png,HIBOGI_AI_02203_png_jpg.rf.582bf4c4d5aadf48f2a555ce813cb7c0.jpg,,0,0,no_caries,no_caries,0.6857,0.68566,0.04048,0.20206,0.0718
crops/hibogi_ai_02203_png_6.jpg,hibogi_ai_02203_png,HIBOGI_AI_02203_png_jpg.rf.582bf4c4d5aadf48f2a555ce813cb7c0.jpg,,0,0,no_caries,no_caries,0.9189,0.91889,0.02024,0.03308,0.02779
crops/hibogi_ai_02203_png_7.jpg,hibogi_ai_02203_png,HIBOGI_AI_02203_png_jpg.rf.582bf4c4d5aadf48f2a555ce813cb7c0.jpg,,2,0,mild,advanced,0.5621,0.17265,0.19719,0.06802,0.56214
crops/hibogi_ai_02203_png_8.jpg,hibogi_ai_02203_png,HIBOGI_AI_02203_png_jpg.rf.582bf4c4d5aadf48f2a555ce813cb7c0.jpg,,0,0,no_caries,no_caries,0.7796,0.77956,0.10484,0.06691,0.04869
crops/hibogi_ai_02203_png_9.jpg,hibogi_ai_02203_png,HIBOGI_AI_02203_png_jpg.rf.582bf4c4d5aadf48f2a555ce813cb7c0.jpg,,0,0,no_caries,no_caries,0.7758,0.7758,0.15044,0.04148,0.03228
crops/hibogi_ai_02203_png_10.jpg,hibogi_ai_02203_png,HIBOGI_AI_02203_png_jpg.rf.582bf4c4d5aadf48f2a555ce813cb7c0.jpg,,0,0,no_caries,no_caries,0.5477,0.54772,0.17006,0.07073,0.21148
crops/hibogi_ai_02203_png_11.jpg,hibogi_ai_02203_png,HIBOGI_AI_02203_png_jpg.rf.582bf4c4d5aadf48f2a555ce813cb7c0.jpg,,0,0,no_caries,mild,0.6246,0.23113,0.62463,0.10919,0.03505
crops/hibogi_ai_02229_png_0.jpg,hibogi_ai_02229_png,HIBOGI_AI_02229_png_jpg.rf.ee77ac8a805c3b91a51d39c372d3015b.jpg,,5,0,advanced,moderate,0.6075,0.05039,0.02761,0.60748,0.31452
crops/hibogi_ai_02229_png_1.jpg,hibogi_ai_02229_png,HIBOGI_AI_02229_png_jpg.rf.ee77ac8a805c3b91a51d39c372d3015b.jpg,,0,0,no_caries,no_caries,0.5877,0.58774,0.11933,0.23709,0.05584
crops/hibogi_ai_02229_png_2.jpg,hibogi_ai_02229_png,HIBOGI_AI_02229_png_jpg.rf.ee77ac8a805c3b91a51d39c372d3015b.jpg,,0,0,no_caries,no_caries,0.6356,0.63559,0.07801,0.20805,0.07835
crops/hibogi_ai_02229_png_3.jpg,hibogi_ai_02229_png,HIBOGI_AI_02229_png_jpg.rf.ee77ac8a805c3b91a51d39c372d3015b.jpg,,0,0,no_caries,no_caries,0.8157,0.81568,0.06344,0.03884,0.08203
crops/hibogi_ai_02229_png_4.jpg,hibogi_ai_02229_png,HIBOGI_AI_02229_png_jpg.rf.ee77ac8a805c3b91a51d39c372d3015b.jpg,,0,0,no_caries,no_caries,0.8984,0.89837,0.02792,0.03314,0.04057
crops/hibogi_ai_02229_png_5.jpg,hibogi_ai_02229_png,HIBOGI_AI_02229_png_jpg.rf.ee77ac8a805c3b91a51d39c372d3015b.jpg,,0,0,no_caries,no_caries,0.8637,0.86374,0.06939,0.02786,0.03901
crops/hibogi_ai_02229_png_6.jpg,hibogi_ai_02229_png,HIBOGI_AI_02229_png_jpg.rf.ee77ac8a805c3b91a51d39c372d3015b.jpg,,0,0,no_caries,no_caries,0.786,0.786,0.10147,0.05633,0.0562
crops/hibogi_ai_02229_png_7.jpg,hibogi_ai_02229_png,HIBOGI_AI_02229_png_jpg.rf.ee77ac8a805c3b91a51d39c372d3015b.jpg,,0,0,no_caries,no_caries,0.6617,0.66174,0.03135,0.22966,0.07725
crops/hibogi_ai_02229_png_8.jpg,hibogi_ai_02229_png,HIBOGI_AI_02229_png_jpg.rf.ee77ac8a805c3b91a51d39c372d3015b.jpg,,5,0,advanced,moderate,0.3816,0.23529,0.28751,0.3816,0.09559
crops/hibogi_ai_02229_png_9.jpg,hibogi_ai_02229_png,HIBOGI_AI_02229_png_jpg.rf.ee77ac8a805c3b91a51d39c372d3015b.jpg,,5,0,advanced,mild,0.7515,0.21835,0.75152,0.02374,0.0064
crops/hibogi_ai_02229_png_10.jpg,hibogi_ai_02229_png,HIBOGI_AI_02229_png_jpg.rf.ee77ac8a805c3b91a51d39c372d3015b.jpg,,2,0,mild,no_caries,0.826,0.82599,0.09989,0.05178,0.02234
crops/hibogi_ai_02229_png_11.jpg,hibogi_ai_02229_png,HIBOGI_AI_02229_png_jpg.rf.ee77ac8a805c3b91a51d39c372d3015b.jpg,,0,0,no_caries,no_caries,0.878,0.878,0.01053,0.07206,0.03941
crops/hibogi_ai_02229_png_12.jpg,hibogi_ai_02229_png,HIBOGI_AI_02229_png_jpg.rf.ee77ac8a805c3b91a51d39c372d3015b.jpg,,0,0,no_caries,no_caries,0.7062,0.70615,0.02137,0.1526,0.11988
crops/hibogi_ai_02229_png_13.jpg,hibogi_ai_02229_png,HIBOGI_AI_02229_png_jpg.rf.ee77ac8a805c3b91a51d39c372d3015b.jpg,,0,0,no_caries,no_caries,0.7544,0.75442,0.01774,0.15668,0.07117
crops/hibogi_ai_02229_png_14.jpg,hibogi_ai_02229_png,HIBOGI_AI_02229_png_jpg.rf.ee77ac8a805c3b91a51d39c372d3015b.jpg,,3,0,moderate,no_caries,0.7043,0.70427,0.14467,0.09623,0.05484
crops/hibogi_ai_02229_png_15.jpg,hibogi_ai_02229_png,HIBOGI_AI_02229_png_jpg.rf.ee77ac8a805c3b91a51d39c372d3015b.jpg,,3,0,moderate,no_caries,0.825,0.82496,0.01721,0.13398,0.02385
crops/hibogi_ai_02230_png_0.jpg,hibogi_ai_02230_png,HIBOGI_AI_02230_png_jpg.rf.bbd19c3a44a4c42271f89adcd487f25e.jpg,,1,0,mild,mild,0.8865,0.06073,0.88653,0.03466,0.01808
crops/hibogi_ai_02230_png_1.jpg,hibogi_ai_02230_png,HIBOGI_AI_02230_png_jpg.rf.bbd19c3a44a4c42271f89adcd487f25e.jpg,,1,0,mild,mild,0.3562,0.34868,0.35617,0.24553,0.04962
crops/hibogi_ai_02230_png_2.jpg,hibogi_ai_02230_png,HIBOGI_AI_02230_png_jpg.rf.bbd19c3a44a4c42271f89adcd487f25e.jpg,,1,0,mild,mild,0.424,0.10573,0.42402,0.41407,0.05618
crops/hibogi_ai_02230_png_3.jpg,hibogi_ai_02230_png,HIBOGI_AI_02230_png_jpg.rf.bbd19c3a44a4c42271f89adcd487f25e.jpg,,0,0,no_caries,no_caries,0.5583,0.55831,0.1901,0.17631,0.07528
crops/hibogi_ai_02230_png_4.jpg,hibogi_ai_02230_png,HIBOGI_AI_02230_png_jpg.rf.bbd19c3a44a4c42271f89adcd487f25e.jpg,,3,0,moderate,moderate,0.982,0.00038,0.00424,0.982,0.01339
crops/hibogi_ai_02230_png_5.jpg,hibogi_ai_02230_png,HIBOGI_AI_02230_png_jpg.rf.bbd19c3a44a4c42271f89adcd487f25e.jpg,,3,0,moderate,mild,0.8396,0.01062,0.83956,0.14627,0.00355
crops/hibogi_ai_02230_png_6.jpg,hibogi_ai_02230_png,HIBOGI_AI_02230_png_jpg.rf.bbd19c3a44a4c42271f89adcd487f25e.jpg,,1,0,mild,no_caries,0.8146,0.81455,0.06629,0.07181,0.04734
crops/hibogi_ai_02230_png_7.jpg,hibogi_ai_02230_png,HIBOGI_AI_02230_png_jpg.rf.bbd19c3a44a4c42271f89adcd487f25e.jpg,,2,0,mild,no_caries,0.6934,0.69344,0.12532,0.13159,0.04966
crops/hibogi_ai_02230_png_8.jpg,hibogi_ai_02230_png,HIBOGI_AI_02230_png_jpg.rf.bbd19c3a44a4c42271f89adcd487f25e.jpg,,2,0,mild,no_caries,0.8165,0.81646,0.03879,0.09246,0.05229
crops/hibogi_ai_02237_png_0.jpg,hibogi_ai_02237_png,HIBOGI_AI_02237_png_jpg.rf.c09531c000b14085b2cfcaa614cc3246.jpg,,0,0,no_caries,no_caries,0.5382,0.53821,0.36076,0.05525,0.04578
crops/hibogi_ai_02237_png_1.jpg,hibogi_ai_02237_png,HIBOGI_AI_02237_png_jpg.rf.c09531c000b14085b2cfcaa614cc3246.jpg,,1,0,mild,no_caries,0.6737,0.6737,0.16166,0.10697,0.05767
crops/hibogi_ai_02237_png_2.jpg,hibogi_ai_02237_png,HIBOGI_AI_02237_png_jpg.rf.c09531c000b14085b2cfcaa614cc3246.jpg,,1,0,mild,no_caries,0.4715,0.47149,0.20718,0.13047,0.19087
crops/hibogi_ai_02237_png_3.jpg,hibogi_ai_02237_png,HIBOGI_AI_02237_png_jpg.rf.c09531c000b14085b2cfcaa614cc3246.jpg,,0,0,no_caries,no_caries,0.6187,0.6187,0.18941,0.11037,0.08152
crops/hibogi_ai_02237_png_4.jpg,hibogi_ai_02237_png,HIBOGI_AI_02237_png_jpg.rf.c09531c000b14085b2cfcaa614cc3246.jpg,,0,0,no_caries,no_caries,0.5901,0.59006,0.21246,0.10791,0.08957
crops/hibogi_ai_02237_png_5.jpg,hibogi_ai_02237_png,HIBOGI_AI_02237_png_jpg.rf.c09531c000b14085b2cfcaa614cc3246.jpg,,0,0,no_caries,moderate,0.3859,0.26319,0.33313,0.3859,0.01778
crops/hibogi_ai_02237_png_6.jpg,hibogi_ai_02237_png,HIBOGI_AI_02237_png_jpg.rf.c09531c000b14085b2cfcaa614cc3246.jpg,,0,0,no_caries,no_caries,0.8304,0.8304,0.03678,0.09033,0.0425
crops/hibogi_ai_02237_png_7.jpg,hibogi_ai_02237_png,HIBOGI_AI_02237_png_jpg.rf.c09531c000b14085b2cfcaa614cc3246.jpg,,0,0,no_caries,no_caries,0.8642,0.86418,0.03552,0.08482,0.01547
crops/hibogi_ai_02237_png_8.jpg,hibogi_ai_02237_png,HIBOGI_AI_02237_png_jpg.rf.c09531c000b14085b2cfcaa614cc3246.jpg,,0,0,no_caries,no_caries,0.8059,0.80588,0.02234,0.13177,0.04001
crops/hibogi_ai_02237_png_9.jpg,hibogi_ai_02237_png,HIBOGI_AI_02237_png_jpg.rf.c09531c000b14085b2cfcaa614cc3246.jpg,,0,0,no_caries,no_caries,0.5431,0.54308,0.20949,0.19956,0.04787
crops/hibogi_ai_02237_png_10.jpg,hibogi_ai_02237_png,HIBOGI_AI_02237_png_jpg.rf.c09531c000b14085b2cfcaa614cc3246.jpg,,2,0,mild,mild,0.4659,0.39734,0.46586,0.09204,0.04476
crops/hibogi_ai_02237_png_11.jpg,hibogi_ai_02237_png,HIBOGI_AI_02237_png_jpg.rf.c09531c000b14085b2cfcaa614cc3246.jpg,,5,0,advanced,advanced,0.9782,0.00494,0.00426,0.01264,0.97815
crops/hibogi_ai_02253_png_0.jpg,hibogi_ai_02253_png,HIBOGI_AI_02253_png_jpg.rf.c693fdc507801a5f21128886c1eb5dfe.jpg,,0,0,no_caries,no_caries,0.7724,0.77244,0.04387,0.04399,0.1397
crops/hibogi_ai_02253_png_1.jpg,hibogi_ai_02253_png,HIBOGI_AI_02253_png_jpg.rf.c693fdc507801a5f21128886c1eb5dfe.jpg,,5,0,advanced,advanced,0.9531,0.00352,0.00451,0.03885,0.95312
crops/hibogi_ai_02253_png_2.jpg,hibogi_ai_02253_png,HIBOGI_AI_02253_png_jpg.rf.c693fdc507801a5f21128886c1eb5dfe.jpg,,5,0,advanced,advanced,0.963,0.00726,0.01317,0.01657,0.963
crops/hibogi_ai_02253_png_3.jpg,hibogi_ai_02253_png,HIBOGI_AI_02253_png_jpg.rf.c693fdc507801a5f21128886c1eb5dfe.jpg,,0,0,no_caries,no_caries,0.9458,0.94579,0.00569,0.02177,0.02675
crops/hibogi_ai_02253_png_4.jpg,hibogi_ai_02253_png,HIBOGI_AI_02253_png_jpg.rf.c693fdc507801a5f21128886c1eb5dfe.jpg,,0,0,no_caries,no_caries,0.8554,0.85539,0.05029,0.05112,0.0432
crops/hibogi_ai_02271_png_0.jpg,hibogi_ai_02271_png,HIBOGI_AI_02271_png_jpg.rf.0fe45316103cc087ac4957ec0833875f.jpg,,0,0,no_caries,no_caries,0.6756,0.67564,0.12501,0.19324,0.00611
crops/hibogi_ai_02271_png_1.jpg,hibogi_ai_02271_png,HIBOGI_AI_02271_png_jpg.rf.0fe45316103cc087ac4957ec0833875f.jpg,,0,0,no_caries,no_caries,0.7371,0.73713,0.19171,0.04056,0.0306
crops/hibogi_ai_02271_png_2.jpg,hibogi_ai_02271_png,HIBOGI_AI_02271_png_jpg.rf.0fe45316103cc087ac4957ec0833875f.jpg,,5,0,advanced,advanced,0.9557,0.01263,0.02625,0.00542,0.9557
crops/hibogi_ai_02271_png_3.jpg,hibogi_ai_02271_png,HIBOGI_AI_02271_png_jpg.rf.0fe45316103cc087ac4957ec0833875f.jpg,,0,0,no_caries,no_caries,0.8105,0.81045,0.0818,0.0462,0.06155
crops/hibogi_ai_02271_png_4.jpg,hibogi_ai_02271_png,HIBOGI_AI_02271_png_jpg.rf.0fe45316103cc087ac4957ec0833875f.jpg,,0,0,no_caries,no_caries,0.7857,0.78574,0.14064,0.03314,0.04048
crops/hibogi_ai_02271_png_5.jpg,hibogi_ai_02271_png,HIBOGI_AI_02271_png_jpg.rf.0fe45316103cc087ac4957ec0833875f.jpg,,0,0,no_caries,no_caries,0.8146,0.81458,0.11056,0.03756,0.0373
crops/hibogi_ai_02271_png_6.jpg,hibogi_ai_02271_png,HIBOGI_AI_02271_png_jpg.rf.0fe45316103cc087ac4957ec0833875f.jpg,,0,0,no_caries,no_caries,0.8935,0.89346,0.045,0.02813,0.0334
crops/hibogi_ai_02271_png_7.jpg,hibogi_ai_02271_png,HIBOGI_AI_02271_png_jpg.rf.0fe45316103cc087ac4957ec0833875f.jpg,,0,0,no_caries,no_caries,0.8373,0.83725,0.03243,0.07825,0.05207
crops/hibogi_ai_02271_png_8.jpg,hibogi_ai_02271_png,HIBOGI_AI_02271_png_jpg.rf.0fe45316103cc087ac4957ec0833875f.jpg,,0,0,no_caries,no_caries,0.7616,0.76156,0.10098,0.06369,0.07378
crops/hibogi_ai_02271_png_9.jpg,hibogi_ai_02271_png,HIBOGI_AI_02271_png_jpg.rf.0fe45316103cc087ac4957ec0833875f.jpg,,5,0,advanced,advanced,0.7311,0.07731,0.11718,0.07445,0.73106
crops/hibogi_ai_02271_png_10.jpg,hibogi_ai_02271_png,HIBOGI_AI_02271_png_jpg.rf.0fe45316103cc087ac4957ec0833875f.jpg,,5,0,advanced,advanced,0.9327,0.00305,0.00469,0.05958,0.93268
crops/hibogi_ai_02271_png_11.jpg,hibogi_ai_02271_png,HIBOGI_AI_02271_png_jpg.rf.0fe45316103cc087ac4957ec0833875f.jpg,,0,0,no_caries,moderate,0.427,0.10968,0.42669,0.427,0.03663
crops/hibogi_ai_02427_png_0.jpg,hibogi_ai_02427_png,HIBOGI_AI_02427_png_jpg.rf.630b6649f8d27cb5a290eed1167a766e.jpg,,0,0,no_caries,mild,0.5667,0.30663,0.56665,0.0872,0.03952
crops/hibogi_ai_02427_png_1.jpg,hibogi_ai_02427_png,HIBOGI_AI_02427_png_jpg.rf.630b6649f8d27cb5a290eed1167a766e.jpg,,0,0,no_caries,no_caries,0.4958,0.49581,0.31676,0.07832,0.10912
crops/hibogi_ai_02427_png_2.jpg,hibogi_ai_02427_png,HIBOGI_AI_02427_png_jpg.rf.630b6649f8d27cb5a290eed1167a766e.jpg,,0,0,no_caries,no_caries,0.7824,0.78242,0.12559,0.051,0.04099
crops/hibogi_ai_02427_png_3.jpg,hibogi_ai_02427_png,HIBOGI_AI_02427_png_jpg.rf.630b6649f8d27cb5a290eed1167a766e.jpg,,0,0,no_caries,no_caries,0.7407,0.74072,0.07814,0.09395,0.08719
crops/hibogi_ai_02427_png_4.jpg,hibogi_ai_02427_png,HIBOGI_AI_02427_png_jpg.rf.630b6649f8d27cb5a290eed1167a766e.jpg,,0,0,no_caries,mild,0.515,0.44313,0.51505,0.02334,0.01849
crops/hibogi_ai_02427_png_5.jpg,hibogi_ai_02427_png,HIBOGI_AI_02427_png_jpg.rf.630b6649f8d27cb5a290eed1167a766e.jpg,,0,0,no_caries,no_caries,0.6971,0.69715,0.08701,0.07712,0.13872
crops/hibogi_ai_02427_png_6.jpg,hibogi_ai_02427_png,HIBOGI_AI_02427_png_jpg.rf.630b6649f8d27cb5a290eed1167a766e.jpg,,0,0,no_caries,no_caries,0.7417,0.74174,0.05596,0.12362,0.07867
crops/hibogi_ai_02427_png_7.jpg,hibogi_ai_02427_png,HIBOGI_AI_02427_png_jpg.rf.630b6649f8d27cb5a290eed1167a766e.jpg,,0,0,no_caries,mild,0.6426,0.28595,0.64257,0.02806,0.04341
crops/hibogi_ai_02427_png_8.jpg,hibogi_ai_02427_png,HIBOGI_AI_02427_png_jpg.rf.630b6649f8d27cb5a290eed1167a766e.jpg,,0,0,no_caries,no_caries,0.6988,0.6988,0.20015,0.03931,0.06174
crops/hibogi_ai_02427_png_9.jpg,hibogi_ai_02427_png,HIBOGI_AI_02427_png_jpg.rf.630b6649f8d27cb5a290eed1167a766e.jpg,,0,0,no_caries,mild,0.834,0.11925,0.83402,0.00694,0.03978
crops/hibogi_ai_02427_png_10.jpg,hibogi_ai_02427_png,HIBOGI_AI_02427_png_jpg.rf.630b6649f8d27cb5a290eed1167a766e.jpg,,0,0,no_caries,no_caries,0.618,0.61801,0.08129,0.20243,0.09827
crops/hibogi_ai_02427_png_11.jpg,hibogi_ai_02427_png,HIBOGI_AI_02427_png_jpg.rf.630b6649f8d27cb5a290eed1167a766e.jpg,,5,0,advanced,moderate,0.6545,0.14207,0.02226,0.65454,0.18114
crops/hibogi_ai_02433_png_0.jpg,hibogi_ai_02433_png,HIBOGI_AI_02433_png_jpg.rf.ca9cc472f619951bd3bb711ddf9a8e16.jpg,,0,0,no_caries,no_caries,0.7308,0.73077,0.08741,0.10038,0.08144
crops/hibogi_ai_02433_png_1.jpg,hibogi_ai_02433_png,HIBOGI_AI_02433_png_jpg.rf.ca9cc472f619951bd3bb711ddf9a8e16.jpg,,0,0,no_caries,no_caries,0.8133,0.8133,0.0223,0.11338,0.05102
crops/hibogi_ai_02433_png_2.jpg,hibogi_ai_02433_png,HIBOGI_AI_02433_png_jpg.rf.ca9cc472f619951bd3bb711ddf9a8e16.jpg,,0,0,no_caries,mild,0.5593,0.27086,0.55934,0.08879,0.08101
crops/hibogi_ai_02433_png_3.jpg,hibogi_ai_02433_png,HIBOGI_AI_02433_png_jpg.rf.ca9cc472f619951bd3bb711ddf9a8e16.jpg,,5,0,advanced,moderate,0.3643,0.18066,0.11842,0.36432,0.33661
crops/hibogi_ai_02433_png_4.jpg,hibogi_ai_02433_png,HIBOGI_AI_02433_png_jpg.rf.ca9cc472f619951bd3bb711ddf9a8e16.jpg,,5,0,advanced,advanced,0.7843,0.03879,0.15018,0.02674,0.78429
crops/hibogi_ai_02433_png_5.jpg,hibogi_ai_02433_png,HIBOGI_AI_02433_png_jpg.rf.ca9cc472f619951bd3bb711ddf9a8e16.jpg,,0,0,no_caries,mild,0.5,0.40006,0.49997,0.05783,0.04214
crops/hibogi_ai_02433_png_6.jpg,hibogi_ai_02433_png,HIBOGI_AI_02433_png_jpg.rf.ca9cc472f619951bd3bb711ddf9a8e16.jpg,,5,0,advanced,no_caries,0.8352,0.83517,0.10414,0.01518,0.04551
crops/hibogi_ai_02433_png_7.jpg,hibogi_ai_02433_png,HIBOGI_AI_02433_png_jpg.rf.ca9cc472f619951bd3bb711ddf9a8e16.jpg,,0,0,no_caries,no_caries,0.7763,0.77627,0.10506,0.03441,0.08426
crops/hibogi_ai_02433_png_8.jpg,hibogi_ai_02433_png,HIBOGI_AI_02433_png_jpg.rf.ca9cc472f619951bd3bb711ddf9a8e16.jpg,,0,0,no_caries,no_caries,0.777,0.77704,0.09339,0.05585,0.07372
crops/hibogi_ai_02433_png_9.jpg,hibogi_ai_02433_png,HIBOGI_AI_02433_png_jpg.rf.ca9cc472f619951bd3bb711ddf9a8e16.jpg,,0,0,no_caries,no_caries,0.6048,0.60482,0.18664,0.09322,0.11532
crops/hibogi_ai_02433_png_10.jpg,hibogi_ai_02433_png,HIBOGI_AI_02433_png_jpg.rf.ca9cc472f619951bd3bb711ddf9a8e16.jpg,,0,0,no_caries,no_caries,0.8482,0.8482,0.05361,0.04216,0.05603
crops/hibogi_ai_02433_png_11.jpg,hibogi_ai_02433_png,HIBOGI_AI_02433_png_jpg.rf.ca9cc472f619951bd3bb711ddf9a8e16.jpg,,0,0,no_caries,no_caries,0.7334,0.73336,0.07358,0.05395,0.13911
crops/hibogi_ai_02433_png_12.jpg,hibogi_ai_02433_png,HIBOGI_AI_02433_png_jpg.rf.ca9cc472f619951bd3bb711ddf9a8e16.jpg,,0,0,no_caries,no_caries,0.7163,0.71631,0.15705,0.05251,0.07413
crops/hibogi_ai_02433_png_13.jpg,hibogi_ai_02433_png,HIBOGI_AI_02433_png_jpg.rf.ca9cc472f619951bd3bb711ddf9a8e16.jpg,,0,0,no_caries,no_caries,0.8082,0.80817,0.06771,0.07259,0.05154
crops/hibogi_ai_02452_png_0.jpg,hibogi_ai_02452_png,HIBOGI_AI_02452_png_jpg.rf.10766c164acb967aeacb1525beb0d4ed.jpg,,4,0,moderate,moderate,0.7856,0.13931,0.02007,0.78555,0.05507
crops/hibogi_ai_02452_png_1.jpg,hibogi_ai_02452_png,HIBOGI_AI_02452_png_jpg.rf.10766c164acb967aeacb1525beb0d4ed.jpg,,5,0,advanced,advanced,0.8183,0.01316,0.02033,0.14819,0.81832
crops/hibogi_ai_02452_png_2.jpg,hibogi_ai_02452_png,HIBOGI_AI_02452_png_jpg.rf.10766c164acb967aeacb1525beb0d4ed.jpg,,6,0,advanced,advanced,0.9662,0.00594,0.0101,0.01773,0.96623
crops/hibogi_ai_02452_png_3.jpg,hibogi_ai_02452_png,HIBOGI_AI_02452_png_jpg.rf.10766c164acb967aeacb1525beb0d4ed.jpg,,6,0,advanced,advanced,0.9523,0.00394,0.00378,0.03999,0.9523
crops/hibogi_ai_02452_png_4.jpg,hibogi_ai_02452_png,HIBOGI_AI_02452_png_jpg.rf.10766c164acb967aeacb1525beb0d4ed.jpg,,6,0,advanced,mild,0.4885,0.10548,0.48851,0.29315,0.11286
crops/hibogi_ai_02452_png_5.jpg,hibogi_ai_02452_png,HIBOGI_AI_02452_png_jpg.rf.10766c164acb967aeacb1525beb0d4ed.jpg,,6,0,advanced,moderate,0.6067,0.31152,0.04732,0.60667,0.03449
crops/hibogi_ai_02452_png_6.jpg,hibogi_ai_02452_png,HIBOGI_AI_02452_png_jpg.rf.10766c164acb967aeacb1525beb0d4ed.jpg,,5,0,advanced,advanced,0.6853,0.06406,0.11857,0.13204,0.68533
crops/hibogi_ai_02452_png_7.jpg,hibogi_ai_02452_png,HIBOGI_AI_02452_png_jpg.rf.10766c164acb967aeacb1525beb0d4ed.jpg,,0,0,no_caries,no_caries,0.5886,0.5886,0.1662,0.2176,0.02759
crops/hibogi_ai_02452_png_8.jpg,hibogi_ai_02452_png,HIBOGI_AI_02452_png_jpg.rf.10766c164acb967aeacb1525beb0d4ed.jpg,,0,0,no_caries,no_caries,0.7507,0.7507,0.07627,0.07085,0.10218
crops/hibogi_ai_02452_png_9.jpg,hibogi_ai_02452_png,HIBOGI_AI_02452_png_jpg.rf.10766c164acb967aeacb1525beb0d4ed.jpg,,0,0,no_caries,no_caries,0.8133,0.81328,0.04337,0.07755,0.0658
crops/hibogi_ai_02452_png_10.jpg,hibogi_ai_02452_png,HIBOGI_AI_02452_png_jpg.rf.10766c164acb967aeacb1525beb0d4ed.jpg,,0,0,no_caries,no_caries,0.3953,0.39532,0.15424,0.33123,0.1192
crops/hibogi_ai_02452_png_11.jpg,hibogi_ai_02452_png,HIBOGI_AI_02452_png_jpg.rf.10766c164acb967aeacb1525beb0d4ed.jpg,,0,0,no_caries,no_caries,0.7218,0.72184,0.11508,0.07242,0.09066
crops/hibogi_ai_02452_png_12.jpg,hibogi_ai_02452_png,HIBOGI_AI_02452_png_jpg.rf.10766c164acb967aeacb1525beb0d4ed.jpg,,0,0,no_caries,no_caries,0.809,0.80899,0.05352,0.04806,0.08944
crops/hibogi_ai_02452_png_13.jpg,hibogi_ai_02452_png,HIBOGI_AI_02452_png_jpg.rf.10766c164acb967aeacb1525beb0d4ed.jpg,,0,0,no_caries,no_caries,0.7603,0.76025,0.07787,0.1101,0.05178
crops/hibogi_ai_02452_png_14.jpg,hibogi_ai_02452_png,HIBOGI_AI_02452_png_jpg.rf.10766c164acb967aeacb1525beb0d4ed.jpg,,0,0,no_caries,no_caries,0.7099,0.70989,0.11479,0.13283,0.04249
crops/hibogi_ai_02452_png_15.jpg,hibogi_ai_02452_png,HIBOGI_AI_02452_png_jpg.rf.10766c164acb967aeacb1525beb0d4ed.jpg,,0,0,no_caries,moderate,0.3877,0.31778,0.21157,0.38774,0.08292
crops/hibogi_ai_02458_png_0.jpg,hibogi_ai_02458_png,HIBOGI_AI_02458_png_jpg.rf.84e3f28bb31840584cce8acb0af0430a.jpg,,1,0,mild,mild,0.6901,0.25315,0.69008,0.03909,0.01768
crops/hibogi_ai_02458_png_1.jpg,hibogi_ai_02458_png,HIBOGI_AI_02458_png_jpg.rf.84e3f28bb31840584cce8acb0af0430a.jpg,,0,0,no_caries,mild,0.6796,0.25541,0.67964,0.02194,0.04301
crops/hibogi_ai_02458_png_2.jpg,hibogi_ai_02458_png,HIBOGI_AI_02458_png_jpg.rf.84e3f28bb31840584cce8acb0af0430a.jpg,,5,0,advanced,mild,0.5216,0.00545,0.52157,0.14671,0.32627
crops/hibogi_ai_02458_png_3.jpg,hibogi_ai_02458_png,HIBOGI_AI_02458_png_jpg.rf.84e3f28bb31840584cce8acb0af0430a.jpg,,5,0,advanced,advanced,0.9238,0.00787,0.01688,0.05143,0.92381
crops/hibogi_ai_02458_png_4.jpg,hibogi_ai_02458_png,HIBOGI_AI_02458_png_jpg.rf.84e3f28bb31840584cce8acb0af0430a.jpg,,5,0,advanced,advanced,0.9579,0.00088,0.0017,0.03956,0.95787
crops/hibogi_ai_02458_png_5.jpg,hibogi_ai_02458_png,HIBOGI_AI_02458_png_jpg.rf.84e3f28bb31840584cce8acb0af0430a.jpg,,2,0,mild,advanced,0.9524,0.00086,0.00144,0.04527,0.95243
crops/hibogi_ai_02458_png_6.jpg,hibogi_ai_02458_png,HIBOGI_AI_02458_png_jpg.rf.84e3f28bb31840584cce8acb0af0430a.jpg,,1,0,mild,no_caries,0.5021,0.50208,0.16408,0.27549,0.05836
crops/hibogi_ai_02458_png_7.jpg,hibogi_ai_02458_png,HIBOGI_AI_02458_png_jpg.rf.84e3f28bb31840584cce8acb0af0430a.jpg,,2,0,mild,no_caries,0.6386,0.63864,0.26294,0.0631,0.03533
crops/hibogi_ai_02458_png_8.jpg,hibogi_ai_02458_png,HIBOGI_AI_02458_png_jpg.rf.84e3f28bb31840584cce8acb0af0430a.jpg,,0,0,no_caries,no_caries,0.6782,0.67822,0.04292,0.23404,0.04481
crops/hibogi_ai_02458_png_9.jpg,hibogi_ai_02458_png,HIBOGI_AI_02458_png_jpg.rf.84e3f28bb31840584cce8acb0af0430a.jpg,,0,0,no_caries,no_caries,0.7493,0.74933,0.06764,0.11332,0.06971
crops/hibogi_ai_02458_png_10.jpg,hibogi_ai_02458_png,HIBOGI_AI_02458_png_jpg.rf.84e3f28bb31840584cce8acb0af0430a.jpg,,0,0,no_caries,no_caries,0.7859,0.78591,0.06019,0.06583,0.08807
crops/hibogi_ai_02458_png_11.jpg,hibogi_ai_02458_png,HIBOGI_AI_02458_png_jpg.rf.84e3f28bb31840584cce8acb0af0430a.jpg,,0,0,no_caries,no_caries,0.7553,0.75531,0.0559,0.0414,0.14739
crops/hibogi_ai_02458_png_12.jpg,hibogi_ai_02458_png,HIBOGI_AI_02458_png_jpg.rf.84e3f28bb31840584cce8acb0af0430a.jpg,,0,0,no_caries,no_caries,0.7842,0.78424,0.03402,0.15129,0.03045
crops/hibogi_ai_02464_png_0.jpg,hibogi_ai_02464_png,HIBOGI_AI_02464_png_jpg.rf.31ba02ee3d26158274678eefc7bcdf74.jpg,,0,0,no_caries,no_caries,0.5185,0.5185,0.32293,0.0935,0.06507
crops/hibogi_ai_02464_png_1.jpg,hibogi_ai_02464_png,HIBOGI_AI_02464_png_jpg.rf.31ba02ee3d26158274678eefc7bcdf74.jpg,,0,0,no_caries,no_caries,0.8233,0.82327,0.05252,0.09202,0.0322
crops/hibogi_ai_02464_png_2.jpg,hibogi_ai_02464_png,HIBOGI_AI_02464_png_jpg.rf.31ba02ee3d26158274678eefc7bcdf74.jpg,,0,0,no_caries,no_caries,0.8497,0.84974,0.03829,0.03362,0.07834
crops/hibogi_ai_02464_png_3.jpg,hibogi_ai_02464_png,HIBOGI_AI_02464_png_jpg.rf.31ba02ee3d26158274678eefc7bcdf74.jpg,,0,0,no_caries,no_caries,0.7014,0.70137,0.0512,0.17319,0.07424
crops/hibogi_ai_02464_png_4.jpg,hibogi_ai_02464_png,HIBOGI_AI_02464_png_jpg.rf.31ba02ee3d26158274678eefc7bcdf74.jpg,,0,0,no_caries,no_caries,0.6276,0.62764,0.07232,0.25879,0.04126
crops/hibogi_ai_02464_png_5.jpg,hibogi_ai_02464_png,HIBOGI_AI_02464_png_jpg.rf.31ba02ee3d26158274678eefc7bcdf74.jpg,,0,0,no_caries,no_caries,0.7146,0.71459,0.16849,0.05691,0.06002
crops/hibogi_ai_02464_png_6.jpg,hibogi_ai_02464_png,HIBOGI_AI_02464_png_jpg.rf.31ba02ee3d26158274678eefc7bcdf74.jpg,,0,0,no_caries,no_caries,0.6415,0.64154,0.23881,0.05238,0.06727
crops/hibogi_ai_02464_png_7.jpg,hibogi_ai_02464_png,HIBOGI_AI_02464_png_jpg.rf.31ba02ee3d26158274678eefc7bcdf74.jpg,,0,0,no_caries,mild,0.4764,0.37142,0.4764,0.11932,0.03287
crops/hibogi_ai_02464_png_8.jpg,hibogi_ai_02464_png,HIBOGI_AI_02464_png_jpg.rf.31ba02ee3d26158274678eefc7bcdf74.jpg,,0,0,no_caries,no_caries,0.5793,0.57934,0.25484,0.05641,0.10942
crops/hibogi_ai_02464_png_9.jpg,hibogi_ai_02464_png,HIBOGI_AI_02464_png_jpg.rf.31ba02ee3d26158274678eefc7bcdf74.jpg,,0,0,no_caries,no_caries,0.7683,0.76833,0.07667,0.10377,0.05123
crops/hibogi_ai_02464_png_10.jpg,hibogi_ai_02464_png,HIBOGI_AI_02464_png_jpg.rf.31ba02ee3d26158274678eefc7bcdf74.jpg,,0,0,no_caries,no_caries,0.8137,0.81367,0.10165,0.03355,0.05114
crops/hibogi_ai_02471_png_0.jpg,hibogi_ai_02471_png,HIBOGI_AI_02471_png_jpg.rf.debe911fb12357ef2a679d2c101d57a6.jpg,,0,0,no_caries,no_caries,0.4484,0.44837,0.32609,0.12979,0.09575
crops/hibogi_ai_02471_png_1.jpg,hibogi_ai_02471_png,HIBOGI_AI_02471_png_jpg.rf.debe911fb12357ef2a679d2c101d57a6.jpg,,0,0,no_caries,no_caries,0.6271,0.62707,0.1386,0.09873,0.1356
crops/hibogi_ai_02471_png_2.jpg,hibogi_ai_02471_png,HIBOGI_AI_02471_png_jpg.rf.debe911fb12357ef2a679d2c101d57a6.jpg,,0,0,no_caries,no_caries,0.6398,0.63984,0.21138,0.0607,0.08807
crops/hibogi_ai_02471_png_3.jpg,hibogi_ai_02471_png,HIBOGI_AI_02471_png_jpg.rf.debe911fb12357ef2a679d2c101d57a6.jpg,,0,0,no_caries,no_caries,0.8357,0.83566,0.07422,0.0326,0.05752
crops/hibogi_ai_02471_png_4.jpg,hibogi_ai_02471_png,HIBOGI_AI_02471_png_jpg.rf.debe911fb12357ef2a679d2c101d57a6.jpg,,5,0,advanced,advanced,0.9335,0.02265,0.00574,0.03813,0.93347
crops/hibogi_ai_02471_png_5.jpg,hibogi_ai_02471_png,HIBOGI_AI_02471_png_jpg.rf.debe911fb12357ef2a679d2c101d57a6.jpg,,5,0,advanced,advanced,0.9088,0.03724,0.0145,0.0395,0.90876
crops/hibogi_ai_02471_png_6.jpg,hibogi_ai_02471_png,HIBOGI_AI_02471_png_jpg.rf.debe911fb12357ef2a679d2c101d57a6.jpg,,0,0,no_caries,no_caries,0.8622,0.8622,0.04447,0.04198,0.05135
crops/hibogi_ai_02471_png_7.jpg,hibogi_ai_02471_png,HIBOGI_AI_02471_png_jpg.rf.debe911fb12357ef2a679d2c101d57a6.jpg,,0,0,no_caries,no_caries,0.7899,0.78993,0.11605,0.03238,0.06164
crops/hibogi_ai_02471_png_8.jpg,hibogi_ai_02471_png,HIBOGI_AI_02471_png_jpg.rf.debe911fb12357ef2a679d2c101d57a6.jpg,,1,0,mild,no_caries,0.5226,0.52258,0.36702,0.04133,0.06907
crops/hibogi_ai_02471_png_9.jpg,hibogi_ai_02471_png,HIBOGI_AI_02471_png_jpg.rf.debe911fb12357ef2a679d2c101d57a6.jpg,,2,0,mild,no_caries,0.4417,0.44166,0.41297,0.10969,0.03568
crops/hibogi_ai_02496_png_0.jpg,hibogi_ai_02496_png,HIBOGI_AI_02496_png_jpg.rf.a0d34afecdd4ee25e6351c9b362127bd.jpg,,3,0,moderate,advanced,0.665,0.04791,0.22055,0.06655,0.66499
crops/hibogi_ai_02496_png_1.jpg,hibogi_ai_02496_png,HIBOGI_AI_02496_png_jpg.rf.a0d34afecdd4ee25e6351c9b362127bd.jpg,,0,0,no_caries,no_caries,0.5213,0.52133,0.40069,0.04494,0.03304
crops/hibogi_ai_02496_png_2.jpg,hibogi_ai_02496_png,HIBOGI_AI_02496_png_jpg.rf.a0d34afecdd4ee25e6351c9b362127bd.jpg,,5,0,advanced,advanced,0.9764,0.00498,0.00973,0.00886,0.97643
crops/hibogi_ai_02496_png_3.jpg,hibogi_ai_02496_png,HIBOGI_AI_02496_png_jpg.rf.a0d34afecdd4ee25e6351c9b362127bd.jpg,,6,0,advanced,advanced,0.9223,0.01601,0.02935,0.03232,0.92233
crops/hibogi_ai_02496_png_4.jpg,hibogi_ai_02496_png,HIBOGI_AI_02496_png_jpg.rf.a0d34afecdd4ee25e6351c9b362127bd.jpg,,6,0,advanced,advanced,0.9505,0.01284,0.0209,0.0158,0.95046
crops/hibogi_ai_02496_png_5.jpg,hibogi_ai_02496_png,HIBOGI_AI_02496_png_jpg.rf.a0d34afecdd4ee25e6351c9b362127bd.jpg,,6,0,advanced,advanced,0.6544,0.13536,0.02777,0.18249,0.65438
crops/hibogi_ai_02496_png_6.jpg,hibogi_ai_02496_png,HIBOGI_AI_02496_png_jpg.rf.a0d34afecdd4ee25e6351c9b362127bd.jpg,,6,0,advanced,advanced,0.9684,0.00751,0.00824,0.01583,0.96842
crops/hibogi_ai_02496_png_7.jpg,hibogi_ai_02496_png,HIBOGI_AI_02496_png_jpg.rf.a0d34afecdd4ee25e6351c9b362127bd.jpg,,2,0,mild,mild,0.8487,0.04705,0.84869,0.07566,0.02861
crops/hibogi_ai_02496_png_8.jpg,hibogi_ai_02496_png,HIBOGI_AI_02496_png_jpg.rf.a0d34afecdd4ee25e6351c9b362127bd.jpg,,2,0,mild,mild,0.9219,0.02603,0.9219,0.04398,0.00809
crops/hibogi_ai_02503_png_0.jpg,hibogi_ai_02503_png,HIBOGI_AI_02503_png_jpg.rf.6a9dc607faf1bbb9a5141d1497232a0b.jpg,,4,0,moderate,no_caries,0.516,0.51604,0.04854,0.33836,0.09706
crops/hibogi_ai_02503_png_1.jpg,hibogi_ai_02503_png,HIBOGI_AI_02503_png_jpg.rf.6a9dc607faf1bbb9a5141d1497232a0b.jpg,,0,0,no_caries,no_caries,0.6782,0.67815,0.20865,0.06564,0.04756
crops/hibogi_ai_02503_png_2.jpg,hibogi_ai_02503_png,HIBOGI_AI_02503_png_jpg.rf.6a9dc607faf1bbb9a5141d1497232a0b.jpg,,0,0,no_caries,mild,0.8203,0.13077,0.82029,0.03801,0.01093
crops/hibogi_ai_02503_png_3.jpg,hibogi_ai_02503_png,HIBOGI_AI_02503_png_jpg.rf.6a9dc607faf1bbb9a5141d1497232a0b.jpg,,5,0,advanced,advanced,0.985,0.00295,0.00529,0.00679,0.98496
crops/hibogi_ai_02503_png_4.jpg,hibogi_ai_02503_png,HIBOGI_AI_02503_png_jpg.rf.6a9dc607faf1bbb9a5141d1497232a0b.jpg,,5,0,advanced,moderate,0.8861,0.0051,0.00592,0.88608,0.1029
crops/hibogi_ai_02503_png_5.jpg,hibogi_ai_02503_png,HIBOGI_AI_02503_png_jpg.rf.6a9dc607faf1bbb9a5141d1497232a0b.jpg,,2,0,mild,moderate,0.8838,0.01946,0.01815,0.88384,0.07856
crops/hibogi_ai_02503_png_6.jpg,hibogi_ai_02503_png,HIBOGI_AI_02503_png_jpg.rf.6a9dc607faf1bbb9a5141d1497232a0b.jpg,,0,0,no_caries,mild,0.6609,0.14564,0.66093,0.17184,0.02159
crops/hibogi_ai_02503_png_7.jpg,hibogi_ai_02503_png,HIBOGI_AI_02503_png_jpg.rf.6a9dc607faf1bbb9a5141d1497232a0b.jpg,,4,0,moderate,moderate,0.5642,0.34575,0.06285,0.56417,0.02723
crops/hibogi_ai_02503_png_8.jpg,hibogi_ai_02503_png,HIBOGI_AI_02503_png_jpg.rf.6a9dc607faf1bbb9a5141d1497232a0b.jpg,,5,0,advanced,advanced,0.5079,0.10968,0.31301,0.06939,0.50793
crops/hibogi_ai_02503_png_9.jpg,hibogi_ai_02503_png,HIBOGI_AI_02503_png_jpg.rf.6a9dc607faf1bbb9a5141d1497232a0b.jpg,,0,0,no_caries,no_caries,0.8207,0.82066,0.02752,0.06763,0.08418
crops/hibogi_ai_02503_png_10.jpg,hibogi_ai_02503_png,HIBOGI_AI_02503_png_jpg.rf.6a9dc607faf1bbb9a5141d1497232a0b.jpg,,0,0,no_caries,no_caries,0.768,0.76797,0.01675,0.15361,0.06167
crops/hibogi_ai_02503_png_11.jpg,hibogi_ai_02503_png,HIBOGI_AI_02503_png_jpg.rf.6a9dc607faf1bbb9a5141d1497232a0b.jpg,,0,0,no_caries,no_caries,0.7648,0.76482,0.09182,0.10745,0.03591
crops/hibogi_ai_02503_png_12.jpg,hibogi_ai_02503_png,HIBOGI_AI_02503_png_jpg.rf.6a9dc607faf1bbb9a5141d1497232a0b.jpg,,0,0,no_caries,no_caries,0.9053,0.90529,0.02709,0.02868,0.03894
crops/hibogi_ai_02503_png_13.jpg,hibogi_ai_02503_png,HIBOGI_AI_02503_png_jpg.rf.6a9dc607faf1bbb9a5141d1497232a0b.jpg,,0,0,no_caries,mild,0.4945,0.44126,0.49449,0.03624,0.02801
crops/hibogi_ai_02503_png_14.jpg,hibogi_ai_02503_png,HIBOGI_AI_02503_png_jpg.rf.6a9dc607faf1bbb9a5141d1497232a0b.jpg,,0,0,no_caries,no_caries,0.7839,0.78389,0.11314,0.03959,0.06337
crops/hibogi_ai_02509_png_0.jpg,hibogi_ai_02509_png,HIBOGI_AI_02509_png_jpg.rf.28ba07e2e3666c4ebb52b189b79afcfd.jpg,,0,0,no_caries,no_caries,0.6933,0.69331,0.07631,0.08169,0.14869
crops/hibogi_ai_02509_png_1.jpg,hibogi_ai_02509_png,HIBOGI_AI_02509_png_jpg.rf.28ba07e2e3666c4ebb52b189b79afcfd.jpg,,0,0,no_caries,no_caries,0.7814,0.78138,0.0434,0.12492,0.0503
crops/hibogi_ai_02509_png_2.jpg,hibogi_ai_02509_png,HIBOGI_AI_02509_png_jpg.rf.28ba07e2e3666c4ebb52b189b79afcfd.jpg,,5,0,advanced,moderate,0.4836,0.1548,0.02617,0.48355,0.33548
crops/hibogi_ai_02509_png_3.jpg,hibogi_ai_02509_png,HIBOGI_AI_02509_png_jpg.rf.28ba07e2e3666c4ebb52b189b79afcfd.jpg,,5,0,advanced,advanced,0.9338,0.00506,0.00189,0.05929,0.93375
crops/hibogi_ai_02509_png_4.jpg,hibogi_ai_02509_png,HIBOGI_AI_02509_png_jpg.rf.28ba07e2e3666c4ebb52b189b79afcfd.jpg,,0,0,no_caries,no_caries,0.6236,0.62361,0.16941,0.13629,0.07069
crops/hibogi_ai_02509_png_5.jpg,hibogi_ai_02509_png,HIBOGI_AI_02509_png_jpg.rf.28ba07e2e3666c4ebb52b189b79afcfd.jpg,,0,0,no_caries,no_caries,0.7163,0.71634,0.11785,0.08027,0.08554
crops/hibogi_ai_02509_png_6.jpg,hibogi_ai_02509_png,HIBOGI_AI_02509_png_jpg.rf.28ba07e2e3666c4ebb52b189b79afcfd.jpg,,0,0,no_caries,no_caries,0.6044,0.60437,0.19272,0.11772,0.08519
crops/hibogi_ai_02509_png_7.jpg,hibogi_ai_02509_png,HIBOGI_AI_02509_png_jpg.rf.28ba07e2e3666c4ebb52b189b79afcfd.jpg,,0,0,no_caries,no_caries,0.758,0.75801,0.05219,0.09921,0.09059
crops/hibogi_ai_02509_png_8.jpg,hibogi_ai_02509_png,HIBOGI_AI_02509_png_jpg.rf.28ba07e2e3666c4ebb52b189b79afcfd.jpg,,0,0,no_caries,no_caries,0.8428,0.8428,0.01966,0.07701,0.06053
crops/hibogi_ai_02509_png_9.jpg,hibogi_ai_02509_png,HIBOGI_AI_02509_png_jpg.rf.28ba07e2e3666c4ebb52b189b79afcfd.jpg,,0,0,no_caries,no_caries,0.7933,0.79326,0.05586,0.08257,0.0683
crops/hibogi_ai_02509_png_10.jpg,hibogi_ai_02509_png,HIBOGI_AI_02509_png_jpg.rf.28ba07e2e3666c4ebb52b189b79afcfd.jpg,,0,0,no_caries,no_caries,0.8913,0.89127,0.0251,0.0383,0.04533
crops/hibogi_ai_02509_png_11.jpg,hibogi_ai_02509_png,HIBOGI_AI_02509_png_jpg.rf.28ba07e2e3666c4ebb52b189b79afcfd.jpg,,0,0,no_caries,no_caries,0.8813,0.88131,0.03698,0.03639,0.04531
crops/hibogi_ai_02509_png_12.jpg,hibogi_ai_02509_png,HIBOGI_AI_02509_png_jpg.rf.28ba07e2e3666c4ebb52b189b79afcfd.jpg,,0,0,no_caries,no_caries,0.754,0.75405,0.09436,0.06867,0.08292
crops/hibogi_ai_02509_png_13.jpg,hibogi_ai_02509_png,HIBOGI_AI_02509_png_jpg.rf.28ba07e2e3666c4ebb52b189b79afcfd.jpg,,0,0,no_caries,no_caries,0.6236,0.62356,0.17615,0.04027,0.16002
crops/hibogi_ai_02509_png_14.jpg,hibogi_ai_02509_png,HIBOGI_AI_02509_png_jpg.rf.28ba07e2e3666c4ebb52b189b79afcfd.jpg,,0,0,no_caries,no_caries,0.3921,0.39205,0.19295,0.38032,0.03468
crops/hibogi_ai_02513_png_0.jpg,hibogi_ai_02513_png,HIBOGI_AI_02513_png_jpg.rf.8b2f5876d88416c8e6e82c4f854394bd.jpg,,0,0,no_caries,no_caries,0.8934,0.89338,0.03231,0.03823,0.03608
crops/hibogi_ai_02513_png_1.jpg,hibogi_ai_02513_png,HIBOGI_AI_02513_png_jpg.rf.8b2f5876d88416c8e6e82c4f854394bd.jpg,,5,0,advanced,advanced,0.5903,0.00281,0.01402,0.39288,0.59029
crops/hibogi_ai_02513_png_2.jpg,hibogi_ai_02513_png,HIBOGI_AI_02513_png_jpg.rf.8b2f5876d88416c8e6e82c4f854394bd.jpg,,5,0,advanced,moderate,0.4801,0.01624,0.20028,0.48013,0.30336
crops/hibogi_ai_02513_png_3.jpg,hibogi_ai_02513_png,HIBOGI_AI_02513_png_jpg.rf.8b2f5876d88416c8e6e82c4f854394bd.jpg,,5,0,advanced,advanced,0.9123,0.00948,0.01749,0.06076,0.91228
crops/hibogi_ai_02513_png_4.jpg,hibogi_ai_02513_png,HIBOGI_AI_02513_png_jpg.rf.8b2f5876d88416c8e6e82c4f854394bd.jpg,,0,0,no_caries,no_caries,0.7383,0.73829,0.1151,0.06648,0.08013
crops/hibogi_ai_02513_png_5.jpg,hibogi_ai_02513_png,HIBOGI_AI_02513_png_jpg.rf.8b2f5876d88416c8e6e82c4f854394bd.jpg,,0,0,no_caries,no_caries,0.869,0.86903,0.05112,0.05597,0.02388
crops/hibogi_ai_02513_png_6.jpg,hibogi_ai_02513_png,HIBOGI_AI_02513_png_jpg.rf.8b2f5876d88416c8e6e82c4f854394bd.jpg,,0,0,no_caries,no_caries,0.6639,0.66389,0.09558,0.14724,0.09329
crops/hibogi_ai_02532_png_0.jpg,hibogi_ai_02532_png,HIBOGI_AI_02532_png_jpg.rf.4e902ca9864a34c1f90c65c272727cdd.jpg,,2,0,mild,moderate,0.3684,0.07588,0.34333,0.3684,0.21238
crops/hibogi_ai_02532_png_1.jpg,hibogi_ai_02532_png,HIBOGI_AI_02532_png_jpg.rf.4e902ca9864a34c1f90c65c272727cdd.jpg,,6,0,advanced,advanced,0.9626,0.00793,0.01329,0.01621,0.96258
crops/hibogi_ai_02532_png_2.jpg,hibogi_ai_02532_png,HIBOGI_AI_02532_png_jpg.rf.4e902ca9864a34c1f90c65c272727cdd.jpg,,0,0,no_caries,no_caries,0.8377,0.83766,0.03926,0.05447,0.06861
crops/hibogi_ai_02532_png_3.jpg,hibogi_ai_02532_png,HIBOGI_AI_02532_png_jpg.rf.4e902ca9864a34c1f90c65c272727cdd.jpg,,1,0,mild,mild,0.7708,0.19336,0.7708,0.01558,0.02026
crops/hibogi_ai_02532_png_4.jpg,hibogi_ai_02532_png,HIBOGI_AI_02532_png_jpg.rf.4e902ca9864a34c1f90c65c272727cdd.jpg,,0,0,no_caries,no_caries,0.6321,0.63206,0.05344,0.26956,0.04494
crops/hibogi_ai_02532_png_5.jpg,hibogi_ai_02532_png,HIBOGI_AI_02532_png_jpg.rf.4e902ca9864a34c1f90c65c272727cdd.jpg,,0,0,no_caries,no_caries,0.7044,0.70444,0.04922,0.16898,0.07735
crops/hibogi_ai_02532_png_6.jpg,hibogi_ai_02532_png,HIBOGI_AI_02532_png_jpg.rf.4e902ca9864a34c1f90c65c272727cdd.jpg,,0,0,no_caries,no_caries,0.525,0.52501,0.35851,0.07188,0.0446
crops/hibogi_ai_02532_png_7.jpg,hibogi_ai_02532_png,HIBOGI_AI_02532_png_jpg.rf.4e902ca9864a34c1f90c65c272727cdd.jpg,,0,0,no_caries,moderate,0.653,0.14871,0.1867,0.653,0.01159
crops/hibogi_ai_02532_png_8.jpg,hibogi_ai_02532_png,HIBOGI_AI_02532_png_jpg.rf.4e902ca9864a34c1f90c65c272727cdd.jpg,,6,0,advanced,advanced,0.9646,0.00632,0.01598,0.01314,0.96456
crops/hibogi_ai_02532_png_9.jpg,hibogi_ai_02532_png,HIBOGI_AI_02532_png_jpg.rf.4e902ca9864a34c1f90c65c272727cdd.jpg,,6,0,advanced,advanced,0.7054,0.0158,0.02585,0.25297,0.70538
crops/hibogi_ai_02545_png_0.jpg,hibogi_ai_02545_png,HIBOGI_AI_02545_png_jpg.rf.51cfa2a88e70d88bf7b050cd59078c73.jpg,,1,0,mild,no_caries,0.572,0.57199,0.13029,0.25981,0.03791
crops/hibogi_ai_02545_png_1.jpg,hibogi_ai_02545_png,HIBOGI_AI_02545_png_jpg.rf.51cfa2a88e70d88bf7b050cd59078c73.jpg,,0,0,no_caries,no_caries,0.718,0.71796,0.02943,0.17389,0.07872
crops/hibogi_ai_02545_png_2.jpg,hibogi_ai_02545_png,HIBOGI_AI_02545_png_jpg.rf.51cfa2a88e70d88bf7b050cd59078c73.jpg,,5,0,advanced,advanced,0.8592,0.03253,0.03626,0.07203,0.85917
crops/hibogi_ai_02545_png_3.jpg,hibogi_ai_02545_png,HIBOGI_AI_02545_png_jpg.rf.51cfa2a88e70d88bf7b050cd59078c73.jpg,,1,0,mild,moderate,0.5578,0.36858,0.03004,0.55776,0.04361
crops/hibogi_ai_02545_png_4.jpg,hibogi_ai_02545_png,HIBOGI_AI_02545_png_jpg.rf.51cfa2a88e70d88bf7b050cd59078c73.jpg,,0,0,no_caries,no_caries,0.7898,0.78981,0.05386,0.07976,0.07657
crops/hibogi_ai_02545_png_5.jpg,hibogi_ai_02545_png,HIBOGI_AI_02545_png_jpg.rf.51cfa2a88e70d88bf7b050cd59078c73.jpg,,0,0,no_caries,no_caries,0.8355,0.83551,0.02371,0.09888,0.04191
crops/hibogi_ai_02545_png_6.jpg,hibogi_ai_02545_png,HIBOGI_AI_02545_png_jpg.rf.51cfa2a88e70d88bf7b050cd59078c73.jpg,,0,0,no_caries,no_caries,0.7862,0.78622,0.05725,0.09444,0.06209
crops/hibogi_ai_02545_png_7.jpg,hibogi_ai_02545_png,HIBOGI_AI_02545_png_jpg.rf.51cfa2a88e70d88bf7b050cd59078c73.jpg,,0,0,no_caries,moderate,0.5754,0.36976,0.02963,0.5754,0.0252
crops/hibogi_ai_02545_png_8.jpg,hibogi_ai_02545_png,HIBOGI_AI_02545_png_jpg.rf.51cfa2a88e70d88bf7b050cd59078c73.jpg,,1,0,mild,no_caries,0.8296,0.82964,0.05448,0.09185,0.02404
crops/hibogi_ai_02545_png_9.jpg,hibogi_ai_02545_png,HIBOGI_AI_02545_png_jpg.rf.51cfa2a88e70d88bf7b050cd59078c73.jpg,,1,0,mild,no_caries,0.6844,0.68437,0.07946,0.14933,0.08683
crops/hibogi_ai_02545_png_10.jpg,hibogi_ai_02545_png,HIBOGI_AI_02545_png_jpg.rf.51cfa2a88e70d88bf7b050cd59078c73.jpg,,0,0,no_caries,no_caries,0.5653,0.56535,0.02053,0.39586,0.01826
crops/hibogi_ai_02545_png_11.jpg,hibogi_ai_02545_png,HIBOGI_AI_02545_png_jpg.rf.51cfa2a88e70d88bf7b050cd59078c73.jpg,,0,0,no_caries,no_caries,0.6304,0.6304,0.06404,0.26537,0.04019
crops/hibogi_ai_02545_png_12.jpg,hibogi_ai_02545_png,HIBOGI_AI_02545_png_jpg.rf.51cfa2a88e70d88bf7b050cd59078c73.jpg,,0,0,no_caries,no_caries,0.5016,0.50155,0.06654,0.35142,0.08049
crops/hibogi_ai_02545_png_13.jpg,hibogi_ai_02545_png,HIBOGI_AI_02545_png_jpg.rf.51cfa2a88e70d88bf7b050cd59078c73.jpg,,0,0,no_caries,no_caries,0.832,0.83196,0.04486,0.11054,0.01264
crops/hibogi_ai_02556_png_0.jpg,hibogi_ai_02556_png,HIBOGI_AI_02556_png_jpg.rf.7f65d98f7e71db3cbe476661eacc6e98.jpg,,5,0,advanced,advanced,0.5114,0.1474,0.09916,0.24206,0.51138
crops/hibogi_ai_02556_png_1.jpg,hibogi_ai_02556_png,HIBOGI_AI_02556_png_jpg.rf.7f65d98f7e71db3cbe476661eacc6e98.jpg,,6,0,advanced,advanced,0.9442,0.00092,0.0071,0.04782,0.94416
crops/hibogi_ai_02556_png_2.jpg,hibogi_ai_02556_png,HIBOGI_AI_02556_png_jpg.rf.7f65d98f7e71db3cbe476661eacc6e98.jpg,,6,0,advanced,mild,0.6342,0.07099,0.63424,0.13228,0.16249
crops/hibogi_ai_02556_png_3.jpg,hibogi_ai_02556_png,HIBOGI_AI_02556_png_jpg.rf.7f65d98f7e71db3cbe476661eacc6e98.jpg,,6,0,advanced,mild,0.4408,0.15815,0.44082,0.16529,0.23574
crops/hibogi_ai_02556_png_4.jpg,hibogi_ai_02556_png,HIBOGI_AI_02556_png_jpg.rf.7f65d98f7e71db3cbe476661eacc6e98.jpg,,6,0,advanced,advanced,0.9633,0.00625,0.00624,0.02417,0.96334
crops/hibogi_ai_02556_png_5.jpg,hibogi_ai_02556_png,HIBOGI_AI_02556_png_jpg.rf.7f65d98f7e71db3cbe476661eacc6e98.jpg,,6,0,advanced,no_caries,0.4556,0.45563,0.16289,0.18999,0.19149
crops/hibogi_ai_02556_png_6.jpg,hibogi_ai_02556_png,HIBOGI_AI_02556_png_jpg.rf.7f65d98f7e71db3cbe476661eacc6e98.jpg,,6,0,advanced,advanced,0.978,0.00298,0.01177,0.00727,0.97798
crops/hibogi_ai_02556_png_7.jpg,hibogi_ai_02556_png,HIBOGI_AI_02556_png_jpg.rf.7f65d98f7e71db3cbe476661eacc6e98.jpg,,5,0,advanced,mild,0.7011,0.02633,0.70108,0.22547,0.04711
crops/hibogi_ai_02556_png_8.jpg,hibogi_ai_02556_png,HIBOGI_AI_02556_png_jpg.rf.7f65d98f7e71db3cbe476661eacc6e98.jpg,,5,0,advanced,advanced,0.5234,0.13534,0.07095,0.27032,0.5234
crops/hibogi_ai_02556_png_9.jpg,hibogi_ai_02556_png,HIBOGI_AI_02556_png_jpg.rf.7f65d98f7e71db3cbe476661eacc6e98.jpg,,6,0,advanced,advanced,0.9523,0.00438,0.02223,0.02113,0.95225
crops/hibogi_ai_02558_png_0.jpg,hibogi_ai_02558_png,HIBOGI_AI_02558_png_jpg.rf.de1641562caaecec7bdf60f3a6958aef.jpg,,5,0,advanced,advanced,0.8769,0.04143,0.0443,0.03738,0.87688
crops/hibogi_ai_02558_png_1.jpg,hibogi_ai_02558_png,HIBOGI_AI_02558_png_jpg.rf.de1641562caaecec7bdf60f3a6958aef.jpg,,5,0,advanced,advanced,0.5127,0.10594,0.06594,0.31543,0.51269
crops/hibogi_ai_02558_png_2.jpg,hibogi_ai_02558_png,HIBOGI_AI_02558_png_jpg.rf.de1641562caaecec7bdf60f3a6958aef.jpg,,5,0,advanced,moderate,0.735,0.09341,0.02643,0.73504,0.14512
crops/hibogi_ai_02558_png_3.jpg,hibogi_ai_02558_png,HIBOGI_AI_02558_png_jpg.rf.de1641562caaecec7bdf60f3a6958aef.jpg,,0,0,no_caries,no_caries,0.8285,0.82853,0.04826,0.05158,0.07163
crops/hibogi_ai_02558_png_4.jpg,hibogi_ai_02558_png,HIBOGI_AI_02558_png_jpg.rf.de1641562caaecec7bdf60f3a6958aef.jpg,,0,0,no_caries,no_caries,0.6346,0.63455,0.22251,0.11691,0.02602
crops/hibogi_ai_02558_png_5.jpg,hibogi_ai_02558_png,HIBOGI_AI_02558_png_jpg.rf.de1641562caaecec7bdf60f3a6958aef.jpg,,0,0,no_caries,no_caries,0.7467,0.74667,0.10143,0.08647,0.06543
crops/hibogi_ai_02558_png_6.jpg,hibogi_ai_02558_png,HIBOGI_AI_02558_png_jpg.rf.de1641562caaecec7bdf60f3a6958aef.jpg,,0,0,no_caries,no_caries,0.6481,0.64814,0.13014,0.13273,0.08899
crops/hibogi_ai_02558_png_7.jpg,hibogi_ai_02558_png,HIBOGI_AI_02558_png_jpg.rf.de1641562caaecec7bdf60f3a6958aef.jpg,,0,0,no_caries,no_caries,0.5675,0.56747,0.17428,0.21075,0.04749
crops/hibogi_ai_02558_png_8.jpg,hibogi_ai_02558_png,HIBOGI_AI_02558_png_jpg.rf.de1641562caaecec7bdf60f3a6958aef.jpg,,0,0,no_caries,no_caries,0.7724,0.77236,0.11655,0.05954,0.05156
crops/hibogi_ai_02561_png_0.jpg,hibogi_ai_02561_png,HIBOGI_AI_02561_png_jpg.rf.c2e3ced79a94ff5afdf82af9e148d75b.jpg,,0,0,no_caries,no_caries,0.674,0.67403,0.19678,0.07353,0.05565
crops/hibogi_ai_02561_png_1.jpg,hibogi_ai_02561_png,HIBOGI_AI_02561_png_jpg.rf.c2e3ced79a94ff5afdf82af9e148d75b.jpg,,4,0,moderate,no_caries,0.721,0.72096,0.13694,0.11382,0.02828
crops/hibogi_ai_02561_png_2.jpg,hibogi_ai_02561_png,HIBOGI_AI_02561_png_jpg.rf.c2e3ced79a94ff5afdf82af9e148d75b.jpg,,0,0,no_caries,no_caries,0.8426,0.84259,0.06771,0.06583,0.02387
crops/hibogi_ai_02561_png_3.jpg,hibogi_ai_02561_png,HIBOGI_AI_02561_png_jpg.rf.c2e3ced79a94ff5afdf82af9e148d75b.jpg,,0,0,no_caries,no_caries,0.6324,0.63241,0.04578,0.27834,0.04347
crops/hibogi_ai_02561_png_4.jpg,hibogi_ai_02561_png,HIBOGI_AI_02561_png_jpg.rf.c2e3ced79a94ff5afdf82af9e148d75b.jpg,,0,0,no_caries,no_caries,0.5058,0.5058,0.05765,0.38556,0.051
crops/hibogi_ai_02561_png_5.jpg,hibogi_ai_02561_png,HIBOGI_AI_02561_png_jpg.rf.c2e3ced79a94ff5afdf82af9e148d75b.jpg,,0,0,no_caries,no_caries,0.5262,0.52624,0.07575,0.34667,0.05134
crops/hibogi_ai_02561_png_6.jpg,hibogi_ai_02561_png,HIBOGI_AI_02561_png_jpg.rf.c2e3ced79a94ff5afdf82af9e148d75b.jpg,,0,0,no_caries,moderate,0.6082,0.31234,0.02724,0.60825,0.05217
crops/hibogi_ai_02561_png_7.jpg,hibogi_ai_02561_png,HIBOGI_AI_02561_png_jpg.rf.c2e3ced79a94ff5afdf82af9e148d75b.jpg,,0,0,no_caries,no_caries,0.8803,0.88034,0.06598,0.03906,0.01462
crops/hibogi_ai_02561_png_8.jpg,hibogi_ai_02561_png,HIBOGI_AI_02561_png_jpg.rf.c2e3ced79a94ff5afdf82af9e148d75b.jpg,,0,0,no_caries,mild,0.5815,0.32152,0.58152,0.0565,0.04046
crops/hibogi_ai_02575_png_0.jpg,hibogi_ai_02575_png,HIBOGI_AI_02575_png_jpg.rf.3b08c5ca7c661cf921562bdeb78bbba4.jpg,,5,0,advanced,moderate,0.8744,0.00315,0.00634,0.87439,0.11612
crops/hibogi_ai_02575_png_1.jpg,hibogi_ai_02575_png,HIBOGI_AI_02575_png_jpg.rf.3b08c5ca7c661cf921562bdeb78bbba4.jpg,,1,0,mild,moderate,0.8842,0.0109,0.04011,0.8842,0.06478
crops/hibogi_ai_02575_png_2.jpg,hibogi_ai_02575_png,HIBOGI_AI_02575_png_jpg.rf.3b08c5ca7c661cf921562bdeb78bbba4.jpg,,0,0,no_caries,no_caries,0.8213,0.82126,0.05951,0.07242,0.04682
crops/hibogi_ai_02575_png_3.jpg,hibogi_ai_02575_png,HIBOGI_AI_02575_png_jpg.rf.3b08c5ca7c661cf921562bdeb78bbba4.jpg,,0,0,no_caries,no_caries,0.7273,0.72726,0.05652,0.10984,0.10637
crops/hibogi_ai_02575_png_4.jpg,hibogi_ai_02575_png,HIBOGI_AI_02575_png_jpg.rf.3b08c5ca7c661cf921562bdeb78bbba4.jpg,,0,0,no_caries,no_caries,0.7783,0.77834,0.1248,0.05968,0.03718
crops/hibogi_ai_02575_png_5.jpg,hibogi_ai_02575_png,HIBOGI_AI_02575_png_jpg.rf.3b08c5ca7c661cf921562bdeb78bbba4.jpg,,0,0,no_caries,no_caries,0.6735,0.67353,0.06707,0.17228,0.08712
crops/hibogi_ai_02575_png_6.jpg,hibogi_ai_02575_png,HIBOGI_AI_02575_png_jpg.rf.3b08c5ca7c661cf921562bdeb78bbba4.jpg,,0,0,no_caries,no_caries,0.6945,0.6945,0.02272,0.23434,0.04844
crops/hibogi_ai_02575_png_7.jpg,hibogi_ai_02575_png,HIBOGI_AI_02575_png_jpg.rf.3b08c5ca7c661cf921562bdeb78bbba4.jpg,,0,0,no_caries,no_caries,0.7228,0.72279,0.0474,0.18169,0.04812
crops/hibogi_ai_02575_png_8.jpg,hibogi_ai_02575_png,HIBOGI_AI_02575_png_jpg.rf.3b08c5ca7c661cf921562bdeb78bbba4.jpg,,0,0,no_caries,mild,0.5904,0.2597,0.5904,0.12656,0.02334
crops/hibogi_ai_02575_png_9.jpg,hibogi_ai_02575_png,HIBOGI_AI_02575_png_jpg.rf.3b08c5ca7c661cf921562bdeb78bbba4.jpg,,0,0,no_caries,moderate,0.5877,0.15014,0.21647,0.58775,0.04564
crops/hibogi_ai_02598_png_0.jpg,hibogi_ai_02598_png,HIBOGI_AI_02598_png_jpg.rf.e6d90c94c5023885defc8dce9f6bc2f6.jpg,,0,0,no_caries,no_caries,0.5128,0.5128,0.30014,0.14771,0.03934
crops/hibogi_ai_02598_png_1.jpg,hibogi_ai_02598_png,HIBOGI_AI_02598_png_jpg.rf.e6d90c94c5023885defc8dce9f6bc2f6.jpg,,0,0,no_caries,no_caries,0.8277,0.82772,0.0875,0.05557,0.02921
crops/hibogi_ai_02598_png_2.jpg,hibogi_ai_02598_png,HIBOGI_AI_02598_png_jpg.rf.e6d90c94c5023885defc8dce9f6bc2f6.jpg,,0,0,no_caries,no_caries,0.8732,0.87324,0.05633,0.03159,0.03884
crops/hibogi_ai_02598_png_3.jpg,hibogi_ai_02598_png,HIBOGI_AI_02598_png_jpg.rf.e6d90c94c5023885defc8dce9f6bc2f6.jpg,,0,0,no_caries,no_caries,0.8327,0.83269,0.10535,0.03362,0.02835
crops/hibogi_ai_02598_png_4.jpg,hibogi_ai_02598_png,HIBOGI_AI_02598_png_jpg.rf.e6d90c94c5023885defc8dce9f6bc2f6.jpg,,0,0,no_caries,no_caries,0.8229,0.82294,0.03589,0.09217,0.049
crops/hibogi_ai_02598_png_5.jpg,hibogi_ai_02598_png,HIBOGI_AI_02598_png_jpg.rf.e6d90c94c5023885defc8dce9f6bc2f6.jpg,,0,0,no_caries,no_caries,0.7946,0.79461,0.06216,0.08983,0.0534
crops/hibogi_ai_02598_png_6.jpg,hibogi_ai_02598_png,HIBOGI_AI_02598_png_jpg.rf.e6d90c94c5023885defc8dce9f6bc2f6.jpg,,0,0,no_caries,no_caries,0.8621,0.86205,0.01857,0.0316,0.08777
crops/hibogi_ai_02598_png_7.jpg,hibogi_ai_02598_png,HIBOGI_AI_02598_png_jpg.rf.e6d90c94c5023885defc8dce9f6bc2f6.jpg,,0,0,no_caries,no_caries,0.7876,0.7876,0.07342,0.04537,0.0936
crops/hibogi_ai_02598_png_8.jpg,hibogi_ai_02598_png,HIBOGI_AI_02598_png_jpg.rf.e6d90c94c5023885defc8dce9f6bc2f6.jpg,,0,0,no_caries,no_caries,0.8529,0.8529,0.04953,0.05742,0.04014
crops/hibogi_ai_02598_png_9.jpg,hibogi_ai_02598_png,HIBOGI_AI_02598_png_jpg.rf.e6d90c94c5023885defc8dce9f6bc2f6.jpg,,0,0,no_caries,no_caries,0.7773,0.77732,0.07386,0.10115,0.04767
crops/hibogi_ai_02598_png_10.jpg,hibogi_ai_02598_png,HIBOGI_AI_02598_png_jpg.rf.e6d90c94c5023885defc8dce9f6bc2f6.jpg,,0,0,no_caries,no_caries,0.8265,0.82651,0.03697,0.07171,0.06481
crops/hibogi_ai_02598_png_11.jpg,hibogi_ai_02598_png,HIBOGI_AI_02598_png_jpg.rf.e6d90c94c5023885defc8dce9f6bc2f6.jpg,,4,0,moderate,no_caries,0.3377,0.33771,0.32408,0.19684,0.14138
crops/hibogi_ai_02600_png_0.jpg,hibogi_ai_02600_png,HIBOGI_AI_02600_png_jpg.rf.dcb903ea53a63cbcecef730de4adcc02.jpg,,0,0,no_caries,no_caries,0.8018,0.80184,0.02258,0.11192,0.06365
crops/hibogi_ai_02600_png_1.jpg,hibogi_ai_02600_png,HIBOGI_AI_02600_png_jpg.rf.dcb903ea53a63cbcecef730de4adcc02.jpg,,0,0,no_caries,no_caries,0.8081,0.80805,0.02356,0.14051,0.02788
crops/hibogi_ai_02600_png_2.jpg,hibogi_ai_02600_png,HIBOGI_AI_02600_png_jpg.rf.dcb903ea53a63cbcecef730de4adcc02.jpg,,0,0,no_caries,no_caries,0.4758,0.47582,0.35581,0.14612,0.02225
crops/hibogi_ai_02600_png_3.jpg,hibogi_ai_02600_png,HIBOGI_AI_02600_png_jpg.rf.dcb903ea53a63cbcecef730de4adcc02.jpg,,0,0,no_caries,no_caries,0.8362,0.83624,0.05222,0.07141,0.04013
crops/hibogi_ai_02600_png_4.jpg,hibogi_ai_02600_png,HIBOGI_AI_02600_png_jpg.rf.dcb903ea53a63cbcecef730de4adcc02.jpg,,0,0,no_caries,mild,0.5653,0.08759,0.56535,0.27313,0.07393
crops/hibogi_ai_02600_png_5.jpg,hibogi_ai_02600_png,HIBOGI_AI_02600_png_jpg.rf.dcb903ea53a63cbcecef730de4adcc02.jpg,,0,0,no_caries,moderate,0.5114,0.14183,0.33202,0.51136,0.01478
crops/hibogi_ai_02600_png_6.jpg,hibogi_ai_02600_png,HIBOGI_AI_02600_png_jpg.rf.dcb903ea53a63cbcecef730de4adcc02.jpg,,0,0,no_caries,mild,0.4452,0.37072,0.4452,0.15088,0.03321
crops/hibogi_ai_02600_png_7.jpg,hibogi_ai_02600_png,HIBOGI_AI_02600_png_jpg.rf.dcb903ea53a63cbcecef730de4adcc02.jpg,,0,0,no_caries,no_caries,0.8181,0.81814,0.08746,0.04459,0.04982
crops/hibogi_ai_02600_png_8.jpg,hibogi_ai_02600_png,HIBOGI_AI_02600_png_jpg.rf.dcb903ea53a63cbcecef730de4adcc02.jpg,,0,0,no_caries,no_caries,0.8592,0.85916,0.04415,0.05417,0.04251
crops/hibogi_ai_02600_png_9.jpg,hibogi_ai_02600_png,HIBOGI_AI_02600_png_jpg.rf.dcb903ea53a63cbcecef730de4adcc02.jpg,,0,0,no_caries,no_caries,0.8685,0.8685,0.03025,0.04712,0.05413
crops/hibogi_ai_02600_png_10.jpg,hibogi_ai_02600_png,HIBOGI_AI_02600_png_jpg.rf.dcb903ea53a63cbcecef730de4adcc02.jpg,,0,0,no_caries,no_caries,0.8316,0.83165,0.02252,0.12168,0.02415
crops/hibogi_ai_02600_png_11.jpg,hibogi_ai_02600_png,HIBOGI_AI_02600_png_jpg.rf.dcb903ea53a63cbcecef730de4adcc02.jpg,,0,0,no_caries,no_caries,0.7252,0.72523,0.15583,0.07604,0.0429
crops/hibogi_ai_02600_png_12.jpg,hibogi_ai_02600_png,HIBOGI_AI_02600_png_jpg.rf.dcb903ea53a63cbcecef730de4adcc02.jpg,,5,0,advanced,mild,0.4575,0.11872,0.45753,0.40705,0.01671
crops/hibogi_ai_02600_png_13.jpg,hibogi_ai_02600_png,HIBOGI_AI_02600_png_jpg.rf.dcb903ea53a63cbcecef730de4adcc02.jpg,,2,0,mild,mild,0.5631,0.048,0.56308,0.37491,0.01401
crops/hibogi_ai_02629_png_0.jpg,hibogi_ai_02629_png,HIBOGI_AI_02629_png_jpg.rf.c763d1370dccbe9c6266ec6cb8a1570e.jpg,,0,0,no_caries,mild,0.6124,0.28628,0.61242,0.07257,0.02874
crops/hibogi_ai_02629_png_1.jpg,hibogi_ai_02629_png,HIBOGI_AI_02629_png_jpg.rf.c763d1370dccbe9c6266ec6cb8a1570e.jpg,,0,0,no_caries,no_caries,0.7194,0.71935,0.14099,0.05241,0.08725
crops/hibogi_ai_02629_png_2.jpg,hibogi_ai_02629_png,HIBOGI_AI_02629_png_jpg.rf.c763d1370dccbe9c6266ec6cb8a1570e.jpg,,2,0,mild,moderate,0.5559,0.05861,0.23504,0.55595,0.1504
crops/hibogi_ai_02629_png_3.jpg,hibogi_ai_02629_png,HIBOGI_AI_02629_png_jpg.rf.c763d1370dccbe9c6266ec6cb8a1570e.jpg,,5,0,advanced,advanced,0.5183,0.17472,0.1803,0.12665,0.51833
crops/hibogi_ai_02629_png_4.jpg,hibogi_ai_02629_png,HIBOGI_AI_02629_png_jpg.rf.c763d1370dccbe9c6266ec6cb8a1570e.jpg,,3,0,moderate,advanced,0.9311,0.00856,0.01165,0.04873,0.93106
crops/hibogi_ai_02629_png_5.jpg,hibogi_ai_02629_png,HIBOGI_AI_02629_png_jpg.rf.c763d1370dccbe9c6266ec6cb8a1570e.jpg,,5,0,advanced,advanced,0.9724,0.00465,0.00658,0.01642,0.97235
crops/hibogi_ai_02629_png_6.jpg,hibogi_ai_02629_png,HIBOGI_AI_02629_png_jpg.rf.c763d1370dccbe9c6266ec6cb8a1570e.jpg,,0,0,no_caries,no_caries,0.7512,0.75117,0.14569,0.04037,0.06276
crops/hibogi_ai_02629_png_7.jpg,hibogi_ai_02629_png,HIBOGI_AI_02629_png_jpg.rf.c763d1370dccbe9c6266ec6cb8a1570e.jpg,,0,0,no_caries,mild,0.3996,0.2338,0.39959,0.27122,0.09539
crops/hibogi_ai_02629_png_8.jpg,hibogi_ai_02629_png,HIBOGI_AI_02629_png_jpg.rf.c763d1370dccbe9c6266ec6cb8a1570e.jpg,,0,0,no_caries,moderate,0.4362,0.2223,0.25516,0.4362,0.08634
crops/hibogi_ai_02629_png_9.jpg,hibogi_ai_02629_png,HIBOGI_AI_02629_png_jpg.rf.c763d1370dccbe9c6266ec6cb8a1570e.jpg,,0,0,no_caries,no_caries,0.6775,0.67751,0.11166,0.1009,0.10993
crops/hibogi_ai_02629_png_10.jpg,hibogi_ai_02629_png,HIBOGI_AI_02629_png_jpg.rf.c763d1370dccbe9c6266ec6cb8a1570e.jpg,,0,0,no_caries,no_caries,0.7619,0.76185,0.0983,0.10376,0.03609
crops/hibogi_ai_02629_png_11.jpg,hibogi_ai_02629_png,HIBOGI_AI_02629_png_jpg.rf.c763d1370dccbe9c6266ec6cb8a1570e.jpg,,0,0,no_caries,no_caries,0.9202,0.92025,0.01723,0.04153,0.02099
crops/hibogi_ai_02629_png_12.jpg,hibogi_ai_02629_png,HIBOGI_AI_02629_png_jpg.rf.c763d1370dccbe9c6266ec6cb8a1570e.jpg,,0,0,no_caries,no_caries,0.8891,0.88911,0.04705,0.04371,0.02013
crops/hibogi_ai_02629_png_13.jpg,hibogi_ai_02629_png,HIBOGI_AI_02629_png_jpg.rf.c763d1370dccbe9c6266ec6cb8a1570e.jpg,,0,0,no_caries,no_caries,0.8809,0.88092,0.05791,0.02771,0.03346
crops/hibogi_ai_02629_png_14.jpg,hibogi_ai_02629_png,HIBOGI_AI_02629_png_jpg.rf.c763d1370dccbe9c6266ec6cb8a1570e.jpg,,0,0,no_caries,no_caries,0.7566,0.7566,0.131,0.04528,0.06713
crops/hibogi_ai_02629_png_15.jpg,hibogi_ai_02629_png,HIBOGI_AI_02629_png_jpg.rf.c763d1370dccbe9c6266ec6cb8a1570e.jpg,,0,0,no_caries,no_caries,0.8368,0.83681,0.03435,0.08068,0.04816
crops/hibogi_ai_02629_png_16.jpg,hibogi_ai_02629_png,HIBOGI_AI_02629_png_jpg.rf.c763d1370dccbe9c6266ec6cb8a1570e.jpg,,0,0,no_caries,no_caries,0.757,0.75705,0.11297,0.06567,0.06431
crops/hibogi_ai_02641_png_0.jpg,hibogi_ai_02641_png,HIBOGI_AI_02641_png_jpg.rf.b884c8d5b984f8096880e14cf0dbb6ad.jpg,,3,0,moderate,moderate,0.9885,0.00092,0.00288,0.98849,0.00771
crops/hibogi_ai_02641_png_1.jpg,hibogi_ai_02641_png,HIBOGI_AI_02641_png_jpg.rf.b884c8d5b984f8096880e14cf0dbb6ad.jpg,,0,0,no_caries,mild,0.8292,0.11405,0.82916,0.02309,0.0337
crops/hibogi_ai_02641_png_2.jpg,hibogi_ai_02641_png,HIBOGI_AI_02641_png_jpg.rf.b884c8d5b984f8096880e14cf0dbb6ad.jpg,,0,0,no_caries,mild,0.4803,0.39582,0.48034,0.08123,0.0426
crops/hibogi_ai_02641_png_3.jpg,hibogi_ai_02641_png,HIBOGI_AI_02641_png_jpg.rf.b884c8d5b984f8096880e14cf0dbb6ad.jpg,,0,0,no_caries,no_caries,0.6986,0.69855,0.10058,0.13007,0.07079
crops/hibogi_ai_02641_png_4.jpg,hibogi_ai_02641_png,HIBOGI_AI_02641_png_jpg.rf.b884c8d5b984f8096880e14cf0dbb6ad.jpg,,0,0,no_caries,no_caries,0.8183,0.81825,0.06666,0.07948,0.03562
crops/hibogi_ai_02641_png_5.jpg,hibogi_ai_02641_png,HIBOGI_AI_02641_png_jpg.rf.b884c8d5b984f8096880e14cf0dbb6ad.jpg,,0,0,no_caries,no_caries,0.7286,0.72864,0.03676,0.20455,0.03006
crops/hibogi_ai_02641_png_6.jpg,hibogi_ai_02641_png,HIBOGI_AI_02641_png_jpg.rf.b884c8d5b984f8096880e14cf0dbb6ad.jpg,,0,0,no_caries,no_caries,0.8636,0.86355,0.03101,0.03536,0.07007
crops/hibogi_ai_02641_png_7.jpg,hibogi_ai_02641_png,HIBOGI_AI_02641_png_jpg.rf.b884c8d5b984f8096880e14cf0dbb6ad.jpg,,0,0,no_caries,no_caries,0.6661,0.66609,0.25648,0.04668,0.03075
crops/hibogi_ai_02641_png_8.jpg,hibogi_ai_02641_png,HIBOGI_AI_02641_png_jpg.rf.b884c8d5b984f8096880e14cf0dbb6ad.jpg,,5,0,advanced,moderate,0.8803,0.00573,0.06815,0.88028,0.04584
crops/hibogi_ai_02673_png_0.jpg,hibogi_ai_02673_png,HIBOGI_AI_02673_png_jpg.rf.b1e53ff53fbc933e2c6c84f9c7cd021b.jpg,,5,0,advanced,mild,0.6166,0.01114,0.61663,0.14793,0.22431
crops/hibogi_ai_02673_png_1.jpg,hibogi_ai_02673_png,HIBOGI_AI_02673_png_jpg.rf.b1e53ff53fbc933e2c6c84f9c7cd021b.jpg,,0,0,no_caries,no_caries,0.8074,0.80742,0.07233,0.06987,0.05037
crops/hibogi_ai_02673_png_2.jpg,hibogi_ai_02673_png,HIBOGI_AI_02673_png_jpg.rf.b1e53ff53fbc933e2c6c84f9c7cd021b.jpg,,2,0,mild,no_caries,0.4996,0.49956,0.37375,0.04793,0.07876
crops/hibogi_ai_02673_png_3.jpg,hibogi_ai_02673_png,HIBOGI_AI_02673_png_jpg.rf.b1e53ff53fbc933e2c6c84f9c7cd021b.jpg,,0,0,no_caries,no_caries,0.5694,0.56938,0.13891,0.2031,0.0886
crops/hibogi_ai_02673_png_4.jpg,hibogi_ai_02673_png,HIBOGI_AI_02673_png_jpg.rf.b1e53ff53fbc933e2c6c84f9c7cd021b.jpg,,4,0,moderate,no_caries,0.7142,0.71423,0.14505,0.04404,0.09669
crops/hibogi_ai_02682_png_0.jpg,hibogi_ai_02682_png,HIBOGI_AI_02682_png_jpg.rf.d969ba7c15a352d22ac0928f88b93028.jpg,,0,0,no_caries,no_caries,0.581,0.58099,0.20037,0.13879,0.07986
crops/hibogi_ai_02682_png_1.jpg,hibogi_ai_02682_png,HIBOGI_AI_02682_png_jpg.rf.d969ba7c15a352d22ac0928f88b93028.jpg,,2,0,mild,mild,0.6595,0.25391,0.65949,0.03309,0.05351
crops/hibogi_ai_02682_png_2.jpg,hibogi_ai_02682_png,HIBOGI_AI_02682_png_jpg.rf.d969ba7c15a352d22ac0928f88b93028.jpg,,0,0,no_caries,no_caries,0.797,0.79696,0.10359,0.04892,0.05054
crops/hibogi_ai_02682_png_3.jpg,hibogi_ai_02682_png,HIBOGI_AI_02682_png_jpg.rf.d969ba7c15a352d22ac0928f88b93028.jpg,,5,0,advanced,advanced,0.8957,0.01824,0.00958,0.07649,0.89569
crops/hibogi_ai_02682_png_4.jpg,hibogi_ai_02682_png,HIBOGI_AI_02682_png_jpg.rf.d969ba7c15a352d22ac0928f88b93028.jpg,,5,0,advanced,advanced,0.8053,0.01944,0.07736,0.09795,0.80525
crops/hibogi_ai_02682_png_5.jpg,hibogi_ai_02682_png,HIBOGI_AI_02682_png_jpg.rf.d969ba7c15a352d22ac0928f88b93028.jpg,,2,0,mild,mild,0.4932,0.18859,0.49321,0.01924,0.29896
crops/hibogi_ai_02682_png_6.jpg,hibogi_ai_02682_png,HIBOGI_AI_02682_png_jpg.rf.d969ba7c15a352d22ac0928f88b93028.jpg,,2,0,mild,no_caries,0.7798,0.7798,0.13712,0.02406,0.05902
crops/hibogi_ai_02682_png_7.jpg,hibogi_ai_02682_png,HIBOGI_AI_02682_png_jpg.rf.d969ba7c15a352d22ac0928f88b93028.jpg,,1,0,mild,no_caries,0.8224,0.82244,0.06288,0.05762,0.05706
crops/hibogi_ai_02682_png_8.jpg,hibogi_ai_02682_png,HIBOGI_AI_02682_png_jpg.rf.d969ba7c15a352d22ac0928f88b93028.jpg,,0,0,no_caries,no_caries,0.6084,0.60841,0.32793,0.02436,0.0393
crops/hibogi_ai_02682_png_9.jpg,hibogi_ai_02682_png,HIBOGI_AI_02682_png_jpg.rf.d969ba7c15a352d22ac0928f88b93028.jpg,,0,0,no_caries,no_caries,0.6253,0.62525,0.23976,0.10922,0.02576
crops/hibogi_ai_02682_png_10.jpg,hibogi_ai_02682_png,HIBOGI_AI_02682_png_jpg.rf.d969ba7c15a352d22ac0928f88b93028.jpg,,4,0,moderate,advanced,0.5137,0.02199,0.15726,0.30705,0.51371
crops/hibogi_ai_02682_png_11.jpg,hibogi_ai_02682_png,HIBOGI_AI_02682_png_jpg.rf.d969ba7c15a352d22ac0928f88b93028.jpg,,1,0,mild,no_caries,0.5861,0.58611,0.26694,0.0769,0.07005
crops/hibogi_ai_02682_png_12.jpg,hibogi_ai_02682_png,HIBOGI_AI_02682_png_jpg.rf.d969ba7c15a352d22ac0928f88b93028.jpg,,1,0,mild,no_caries,0.7356,0.73557,0.13527,0.05209,0.07707
crops/hibogi_ai_02682_png_13.jpg,hibogi_ai_02682_png,HIBOGI_AI_02682_png_jpg.rf.d969ba7c15a352d22ac0928f88b93028.jpg,,1,0,mild,mild,0.6148,0.29402,0.61478,0.05681,0.03439
crops/hibogi_ai_02682_png_14.jpg,hibogi_ai_02682_png,HIBOGI_AI_02682_png_jpg.rf.d969ba7c15a352d22ac0928f88b93028.jpg,,1,0,mild,no_caries,0.4624,0.46238,0.39388,0.01977,0.12397
crops/hibogi_ai_02686_png_0.jpg,hibogi_ai_02686_png,HIBOGI_AI_02686_png_jpg.rf.fcbd1262046d6256034fa8c90586991c.jpg,,2,0,mild,moderate,0.8861,0.00294,0.10068,0.8861,0.01028
crops/hibogi_ai_02686_png_1.jpg,hibogi_ai_02686_png,HIBOGI_AI_02686_png_jpg.rf.fcbd1262046d6256034fa8c90586991c.jpg,,0,0,no_caries,moderate,0.3713,0.32603,0.27442,0.37126,0.0283
crops/hibogi_ai_02686_png_2.jpg,hibogi_ai_02686_png,HIBOGI_AI_02686_png_jpg.rf.fcbd1262046d6256034fa8c90586991c.jpg,,0,0,no_caries,no_caries,0.7921,0.79208,0.0726,0.06481,0.07051
crops/hibogi_ai_02686_png_3.jpg,hibogi_ai_02686_png,HIBOGI_AI_02686_png_jpg.rf.fcbd1262046d6256034fa8c90586991c.jpg,,0,0,no_caries,no_caries,0.7206,0.72058,0.08774,0.11659,0.0751
crops/hibogi_ai_02686_png_4.jpg,hibogi_ai_02686_png,HIBOGI_AI_02686_png_jpg.rf.fcbd1262046d6256034fa8c90586991c.jpg,,0,0,no_caries,no_caries,0.7899,0.78993,0.04543,0.09168,0.07296
crops/hibogi_ai_02686_png_5.jpg,hibogi_ai_02686_png,HIBOGI_AI_02686_png_jpg.rf.fcbd1262046d6256034fa8c90586991c.jpg,,0,0,no_caries,no_caries,0.7809,0.78086,0.09928,0.06196,0.0579
crops/hibogi_ai_02686_png_6.jpg,hibogi_ai_02686_png,HIBOGI_AI_02686_png_jpg.rf.fcbd1262046d6256034fa8c90586991c.jpg,,0,0,no_caries,no_caries,0.7595,0.75949,0.05403,0.0853,0.10119
crops/hibogi_ai_02686_png_7.jpg,hibogi_ai_02686_png,HIBOGI_AI_02686_png_jpg.rf.fcbd1262046d6256034fa8c90586991c.jpg,,0,0,no_caries,no_caries,0.8575,0.85748,0.05461,0.04015,0.04775
crops/hibogi_ai_02686_png_8.jpg,hibogi_ai_02686_png,HIBOGI_AI_02686_png_jpg.rf.fcbd1262046d6256034fa8c90586991c.jpg,,1,0,mild,mild,0.6543,0.16557,0.65428,0.15123,0.02891
crops/hibogi_ai_02686_png_9.jpg,hibogi_ai_02686_png,HIBOGI_AI_02686_png_jpg.rf.fcbd1262046d6256034fa8c90586991c.jpg,,3,0,moderate,moderate,0.9247,0.00119,0.07016,0.92469,0.00397
crops/hibogi_ai_02688_png_0.jpg,hibogi_ai_02688_png,HIBOGI_AI_02688_png_jpg.rf.eb4cb4e0da969de95849e326a5135808.jpg,,0,0,no_caries,mild,0.9132,0.07764,0.91325,0.00486,0.00425
crops/hibogi_ai_02688_png_1.jpg,hibogi_ai_02688_png,HIBOGI_AI_02688_png_jpg.rf.eb4cb4e0da969de95849e326a5135808.jpg,,0,0,no_caries,no_caries,0.6716,0.67158,0.253,0.03632,0.03911
crops/hibogi_ai_02688_png_2.jpg,hibogi_ai_02688_png,HIBOGI_AI_02688_png_jpg.rf.eb4cb4e0da969de95849e326a5135808.jpg,,0,0,no_caries,advanced,0.3367,0.32324,0.31812,0.02192,0.33672
crops/hibogi_ai_02688_png_3.jpg,hibogi_ai_02688_png,HIBOGI_AI_02688_png_jpg.rf.eb4cb4e0da969de95849e326a5135808.jpg,,5,0,advanced,advanced,0.949,0.00861,0.02831,0.01406,0.94903
crops/hibogi_ai_02688_png_4.jpg,hibogi_ai_02688_png,HIBOGI_AI_02688_png_jpg.rf.eb4cb4e0da969de95849e326a5135808.jpg,,0,0,no_caries,no_caries,0.5143,0.51431,0.14805,0.31515,0.02249
crops/hibogi_ai_02688_png_5.jpg,hibogi_ai_02688_png,HIBOGI_AI_02688_png_jpg.rf.eb4cb4e0da969de95849e326a5135808.jpg,,0,0,no_caries,no_caries,0.6001,0.60015,0.18285,0.16486,0.05214
crops/hibogi_ai_02688_png_6.jpg,hibogi_ai_02688_png,HIBOGI_AI_02688_png_jpg.rf.eb4cb4e0da969de95849e326a5135808.jpg,,0,0,no_caries,no_caries,0.4857,0.48565,0.39504,0.06795,0.05136
crops/hibogi_ai_02688_png_7.jpg,hibogi_ai_02688_png,HIBOGI_AI_02688_png_jpg.rf.eb4cb4e0da969de95849e326a5135808.jpg,,0,0,no_caries,no_caries,0.8248,0.8248,0.08475,0.02521,0.06524
crops/hibogi_ai_02688_png_8.jpg,hibogi_ai_02688_png,HIBOGI_AI_02688_png_jpg.rf.eb4cb4e0da969de95849e326a5135808.jpg,,0,0,no_caries,no_caries,0.7612,0.76119,0.11909,0.05364,0.06608
crops/hibogi_ai_02688_png_9.jpg,hibogi_ai_02688_png,HIBOGI_AI_02688_png_jpg.rf.eb4cb4e0da969de95849e326a5135808.jpg,,0,0,no_caries,no_caries,0.6759,0.67587,0.18668,0.07465,0.0628
crops/hibogi_ai_02688_png_10.jpg,hibogi_ai_02688_png,HIBOGI_AI_02688_png_jpg.rf.eb4cb4e0da969de95849e326a5135808.jpg,,0,0,no_caries,no_caries,0.7351,0.73508,0.04822,0.16852,0.04817
crops/hibogi_ai_02688_png_11.jpg,hibogi_ai_02688_png,HIBOGI_AI_02688_png_jpg.rf.eb4cb4e0da969de95849e326a5135808.jpg,,0,0,no_caries,mild,0.5674,0.35402,0.5674,0.03184,0.04673
crops/hibogi_ai_02698_png_0.jpg,hibogi_ai_02698_png,HIBOGI_AI_02698_png_jpg.rf.456354974d8f1d8f33920b11a8a16f65.jpg,,3,0,moderate,no_caries,0.6022,0.60216,0.25028,0.0842,0.06335
crops/hibogi_ai_02698_png_1.jpg,hibogi_ai_02698_png,HIBOGI_AI_02698_png_jpg.rf.456354974d8f1d8f33920b11a8a16f65.jpg,,0,0,no_caries,no_caries,0.7096,0.70957,0.22588,0.02326,0.04128
crops/hibogi_ai_02698_png_2.jpg,hibogi_ai_02698_png,HIBOGI_AI_02698_png_jpg.rf.456354974d8f1d8f33920b11a8a16f65.jpg,,0,0,no_caries,no_caries,0.8575,0.85745,0.03328,0.03397,0.0753
crops/hibogi_ai_02698_png_3.jpg,hibogi_ai_02698_png,HIBOGI_AI_02698_png_jpg.rf.456354974d8f1d8f33920b11a8a16f65.jpg,,5,0,advanced,advanced,0.7443,0.01225,0.01683,0.22659,0.74433
crops/hibogi_ai_02698_png_4.jpg,hibogi_ai_02698_png,HIBOGI_AI_02698_png_jpg.rf.456354974d8f1d8f33920b11a8a16f65.jpg,,5,0,advanced,advanced,0.882,0.0029,0.0111,0.104,0.882
crops/hibogi_ai_02698_png_5.jpg,hibogi_ai_02698_png,HIBOGI_AI_02698_png_jpg.rf.456354974d8f1d8f33920b11a8a16f65.jpg,,5,0,advanced,mild,0.8777,0.07665,0.87771,0.01483,0.03081
crops/hibogi_ai_02698_png_6.jpg,hibogi_ai_02698_png,HIBOGI_AI_02698_png_jpg.rf.456354974d8f1d8f33920b11a8a16f65.jpg,,0,0,no_caries,no_caries,0.8285,0.82851,0.06562,0.05725,0.04862
crops/hibogi_ai_02703_png_0.jpg,hibogi_ai_02703_png,HIBOGI_AI_02703_png_jpg.rf.b1cb6d09196b43138dd784720a6ae5c0.jpg,,1,0,mild,mild,0.8814,0.06994,0.88145,0.00891,0.0397
crops/hibogi_ai_02703_png_1.jpg,hibogi_ai_02703_png,HIBOGI_AI_02703_png_jpg.rf.b1cb6d09196b43138dd784720a6ae5c0.jpg,,0,0,no_caries,advanced,0.4332,0.09073,0.38251,0.0936,0.43316
crops/hibogi_ai_02703_png_2.jpg,hibogi_ai_02703_png,HIBOGI_AI_02703_png_jpg.rf.b1cb6d09196b43138dd784720a6ae5c0.jpg,,1,0,mild,mild,0.9525,0.03856,0.95255,0.00165,0.00724
crops/hibogi_ai_02703_png_3.jpg,hibogi_ai_02703_png,HIBOGI_AI_02703_png_jpg.rf.b1cb6d09196b43138dd784720a6ae5c0.jpg,,2,0,mild,no_caries,0.3265,0.32651,0.30053,0.09128,0.28169
crops/hibogi_ai_02703_png_4.jpg,hibogi_ai_02703_png,HIBOGI_AI_02703_png_jpg.rf.b1cb6d09196b43138dd784720a6ae5c0.jpg,,4,0,moderate,advanced,0.979,0.00282,0.0073,0.0109,0.97899
crops/hibogi_ai_02703_png_5.jpg,hibogi_ai_02703_png,HIBOGI_AI_02703_png_jpg.rf.b1cb6d09196b43138dd784720a6ae5c0.jpg,,5,0,advanced,advanced,0.4765,0.03641,0.04973,0.43733,0.47652
crops/hibogi_ai_02703_png_6.jpg,hibogi_ai_02703_png,HIBOGI_AI_02703_png_jpg.rf.b1cb6d09196b43138dd784720a6ae5c0.jpg,,1,0,mild,mild,0.4872,0.30907,0.48725,0.13781,0.06587
crops/hibogi_ai_02703_png_7.jpg,hibogi_ai_02703_png,HIBOGI_AI_02703_png_jpg.rf.b1cb6d09196b43138dd784720a6ae5c0.jpg,,1,0,mild,no_caries,0.5825,0.58251,0.32523,0.04811,0.04415
crops/hibogi_ai_02703_png_8.jpg,hibogi_ai_02703_png,HIBOGI_AI_02703_png_jpg.rf.b1cb6d09196b43138dd784720a6ae5c0.jpg,,1,0,mild,no_caries,0.5742,0.57423,0.29812,0.09445,0.03321
crops/hibogi_ai_02703_png_9.jpg,hibogi_ai_02703_png,HIBOGI_AI_02703_png_jpg.rf.b1cb6d09196b43138dd784720a6ae5c0.jpg,,0,0,no_caries,no_caries,0.6282,0.62816,0.32423,0.01924,0.02837
crops/hibogi_ai_02703_png_10.jpg,hibogi_ai_02703_png,HIBOGI_AI_02703_png_jpg.rf.b1cb6d09196b43138dd784720a6ae5c0.jpg,,0,0,no_caries,no_caries,0.8402,0.84024,0.04917,0.04339,0.0672
crops/hibogi_ai_02703_png_11.jpg,hibogi_ai_02703_png,HIBOGI_AI_02703_png_jpg.rf.b1cb6d09196b43138dd784720a6ae5c0.jpg,,0,0,no_caries,no_caries,0.7743,0.77434,0.06639,0.05081,0.10846
crops/hibogi_ai_02703_png_12.jpg,hibogi_ai_02703_png,HIBOGI_AI_02703_png_jpg.rf.b1cb6d09196b43138dd784720a6ae5c0.jpg,,0,0,no_caries,no_caries,0.779,0.77902,0.06267,0.05318,0.10512
crops/hibogi_ai_02703_png_13.jpg,hibogi_ai_02703_png,HIBOGI_AI_02703_png_jpg.rf.b1cb6d09196b43138dd784720a6ae5c0.jpg,,0,0,no_caries,no_caries,0.8026,0.80256,0.0626,0.05824,0.0766
crops/hibogi_ai_02703_png_14.jpg,hibogi_ai_02703_png,HIBOGI_AI_02703_png_jpg.rf.b1cb6d09196b43138dd784720a6ae5c0.jpg,,0,0,no_caries,no_caries,0.7845,0.7845,0.06084,0.05371,0.10095
crops/hibogi_ai_02703_png_15.jpg,hibogi_ai_02703_png,HIBOGI_AI_02703_png_jpg.rf.b1cb6d09196b43138dd784720a6ae5c0.jpg,,0,0,no_caries,no_caries,0.7443,0.74429,0.08653,0.08477,0.08442
crops/hibogi_ai_02703_png_16.jpg,hibogi_ai_02703_png,HIBOGI_AI_02703_png_jpg.rf.b1cb6d09196b43138dd784720a6ae5c0.jpg,,1,0,mild,mild,0.5647,0.32692,0.56474,0.03443,0.07391
crops/hibogi_ai_02703_png_17.jpg,hibogi_ai_02703_png,HIBOGI_AI_02703_png_jpg.rf.b1cb6d09196b43138dd784720a6ae5c0.jpg,,0,0,no_caries,no_caries,0.8037,0.80369,0.11226,0.03045,0.05359
crops/hibogi_ai_02707_png_0.jpg,hibogi_ai_02707_png,HIBOGI_AI_02707_png_jpg.rf.14b98db86bd573df7f15030eb41030d9.jpg,,0,0,no_caries,no_caries,0.7991,0.79908,0.04217,0.09927,0.05948
crops/hibogi_ai_02707_png_1.jpg,hibogi_ai_02707_png,HIBOGI_AI_02707_png_jpg.rf.14b98db86bd573df7f15030eb41030d9.jpg,,0,0,no_caries,no_caries,0.4931,0.49311,0.03076,0.42888,0.04725
crops/hibogi_ai_02707_png_2.jpg,hibogi_ai_02707_png,HIBOGI_AI_02707_png_jpg.rf.14b98db86bd573df7f15030eb41030d9.jpg,,0,0,no_caries,no_caries,0.8167,0.81669,0.05783,0.06887,0.0566
crops/hibogi_ai_02707_png_3.jpg,hibogi_ai_02707_png,HIBOGI_AI_02707_png_jpg.rf.14b98db86bd573df7f15030eb41030d9.jpg,,0,0,no_caries,no_caries,0.7753,0.77529,0.16341,0.02592,0.03538
crops/hibogi_ai_02707_png_4.jpg,hibogi_ai_02707_png,HIBOGI_AI_02707_png_jpg.rf.14b98db86bd573df7f15030eb41030d9.jpg,,0,0,no_caries,no_caries,0.7941,0.79406,0.08236,0.08549,0.0381
crops/hibogi_ai_02707_png_5.jpg,hibogi_ai_02707_png,HIBOGI_AI_02707_png_jpg.rf.14b98db86bd573df7f15030eb41030d9.jpg,,0,0,no_caries,no_caries,0.6326,0.63263,0.21172,0.10844,0.04722
crops/hibogi_ai_02707_png_6.jpg,hibogi_ai_02707_png,HIBOGI_AI_02707_png_jpg.rf.14b98db86bd573df7f15030eb41030d9.jpg,,0,0,no_caries,no_caries,0.5437,0.54373,0.28819,0.03153,0.13654
crops/hibogi_ai_02707_png_7.jpg,hibogi_ai_02707_png,HIBOGI_AI_02707_png_jpg.rf.14b98db86bd573df7f15030eb41030d9.jpg,,0,0,no_caries,no_caries,0.8288,0.82882,0.07293,0.05953,0.03873
crops/hibogi_ai_02707_png_8.jpg,hibogi_ai_02707_png,HIBOGI_AI_02707_png_jpg.rf.14b98db86bd573df7f15030eb41030d9.jpg,,0,0,no_caries,no_caries,0.4762,0.47622,0.34362,0.07188,0.10827
crops/hibogi_ai_02742_png_0.jpg,hibogi_ai_02742_png,HIBOGI_AI_02742_png_jpg.rf.181fad23281f6e3c81f50b741079ad4b.jpg,,0,0,no_caries,moderate,0.7644,0.00458,0.2077,0.76435,0.02336
crops/hibogi_ai_02742_png_1.jpg,hibogi_ai_02742_png,HIBOGI_AI_02742_png_jpg.rf.181fad23281f6e3c81f50b741079ad4b.jpg,,0,0,no_caries,mild,0.7185,0.19978,0.71845,0.06287,0.01889
crops/hibogi_ai_02742_png_2.jpg,hibogi_ai_02742_png,HIBOGI_AI_02742_png_jpg.rf.181fad23281f6e3c81f50b741079ad4b.jpg,,0,0,no_caries,no_caries,0.8623,0.86225,0.04143,0.05011,0.0462
crops/hibogi_ai_02742_png_3.jpg,hibogi_ai_02742_png,HIBOGI_AI_02742_png_jpg.rf.181fad23281f6e3c81f50b741079ad4b.jpg,,0,0,no_caries,no_caries,0.8302,0.8302,0.04,0.06439,0.0654
crops/hibogi_ai_02742_png_4.jpg,hibogi_ai_02742_png,HIBOGI_AI_02742_png_jpg.rf.181fad23281f6e3c81f50b741079ad4b.jpg,,0,0,no_caries,no_caries,0.8434,0.84343,0.0204,0.08225,0.05393
crops/hibogi_ai_02742_png_5.jpg,hibogi_ai_02742_png,HIBOGI_AI_02742_png_jpg.rf.181fad23281f6e3c81f50b741079ad4b.jpg,,0,0,no_caries,no_caries,0.7565,0.75648,0.03386,0.11893,0.09072
crops/hibogi_ai_02742_png_6.jpg,hibogi_ai_02742_png,HIBOGI_AI_02742_png_jpg.rf.181fad23281f6e3c81f50b741079ad4b.jpg,,0,0,no_caries,no_caries,0.7538,0.75379,0.04085,0.12208,0.08328
crops/hibogi_ai_02742_png_7.jpg,hibogi_ai_02742_png,HIBOGI_AI_02742_png_jpg.rf.181fad23281f6e3c81f50b741079ad4b.jpg,,0,0,no_caries,no_caries,0.8754,0.87541,0.03274,0.053,0.03885
crops/hibogi_ai_02742_png_8.jpg,hibogi_ai_02742_png,HIBOGI_AI_02742_png_jpg.rf.181fad23281f6e3c81f50b741079ad4b.jpg,,0,0,no_caries,no_caries,0.5875,0.58749,0.26599,0.05649,0.09003
crops/hibogi_ai_02742_png_9.jpg,hibogi_ai_02742_png,HIBOGI_AI_02742_png_jpg.rf.181fad23281f6e3c81f50b741079ad4b.jpg,,5,0,advanced,advanced,0.9802,0.00241,0.0035,0.01394,0.98015
crops/hibogi_ai_02759_png_0.jpg,hibogi_ai_02759_png,HIBOGI_AI_02759_png_jpg.rf.d2fe6a2d6883b6d64b03759baa047092.jpg,,0,0,no_caries,advanced,0.6619,0.08367,0.01235,0.24211,0.66187
crops/hibogi_ai_02759_png_1.jpg,hibogi_ai_02759_png,HIBOGI_AI_02759_png_jpg.rf.d2fe6a2d6883b6d64b03759baa047092.jpg,,0,0,no_caries,no_caries,0.5905,0.59048,0.07111,0.17427,0.16414
crops/hibogi_ai_02759_png_2.jpg,hibogi_ai_02759_png,HIBOGI_AI_02759_png_jpg.rf.d2fe6a2d6883b6d64b03759baa047092.jpg,,0,0,no_caries,no_caries,0.7856,0.78561,0.13066,0.04308,0.04066
crops/hibogi_ai_02759_png_3.jpg,hibogi_ai_02759_png,HIBOGI_AI_02759_png_jpg.rf.d2fe6a2d6883b6d64b03759baa047092.jpg,,5,0,advanced,moderate,0.585,0.04931,0.01983,0.58496,0.34589
crops/hibogi_ai_02759_png_4.jpg,hibogi_ai_02759_png,HIBOGI_AI_02759_png_jpg.rf.d2fe6a2d6883b6d64b03759baa047092.jpg,,5,0,advanced,moderate,0.4579,0.06859,0.03527,0.45787,0.43826
crops/hibogi_ai_02759_png_5.jpg,hibogi_ai_02759_png,HIBOGI_AI_02759_png_jpg.rf.d2fe6a2d6883b6d64b03759baa047092.jpg,,5,0,advanced,advanced,0.8628,0.00125,0.00101,0.13491,0.86282
crops/hibogi_ai_02759_png_6.jpg,hibogi_ai_02759_png,HIBOGI_AI_02759_png_jpg.rf.d2fe6a2d6883b6d64b03759baa047092.jpg,,5,0,advanced,advanced,0.959,0.00074,0.00348,0.03676,0.95902
crops/hibogi_ai_02759_png_7.jpg,hibogi_ai_02759_png,HIBOGI_AI_02759_png_jpg.rf.d2fe6a2d6883b6d64b03759baa047092.jpg,,0,0,no_caries,no_caries,0.6094,0.60937,0.12894,0.18656,0.07513
crops/hibogi_ai_02759_png_8.jpg,hibogi_ai_02759_png,HIBOGI_AI_02759_png_jpg.rf.d2fe6a2d6883b6d64b03759baa047092.jpg,,0,0,no_caries,no_caries,0.7572,0.75722,0.09837,0.10757,0.03685
crops/hibogi_ai_02759_png_9.jpg,hibogi_ai_02759_png,HIBOGI_AI_02759_png_jpg.rf.d2fe6a2d6883b6d64b03759baa047092.jpg,,0,0,no_caries,no_caries,0.8343,0.83429,0.04083,0.0606,0.06428
crops/hibogi_ai_02759_png_10.jpg,hibogi_ai_02759_png,HIBOGI_AI_02759_png_jpg.rf.d2fe6a2d6883b6d64b03759baa047092.jpg,,0,0,no_caries,no_caries,0.7482,0.74817,0.04638,0.14137,0.06408
crops/hibogi_ai_02759_png_11.jpg,hibogi_ai_02759_png,HIBOGI_AI_02759_png_jpg.rf.d2fe6a2d6883b6d64b03759baa047092.jpg,,0,0,no_caries,no_caries,0.9036,0.90358,0.01894,0.03265,0.04483
crops/hibogi_ai_02759_png_12.jpg,hibogi_ai_02759_png,HIBOGI_AI_02759_png_jpg.rf.d2fe6a2d6883b6d64b03759baa047092.jpg,,0,0,no_caries,no_caries,0.8164,0.81643,0.0374,0.10012,0.04605
crops/hibogi_ai_02759_png_13.jpg,hibogi_ai_02759_png,HIBOGI_AI_02759_png_jpg.rf.d2fe6a2d6883b6d64b03759baa047092.jpg,,0,0,no_caries,no_caries,0.9103,0.91027,0.02023,0.02473,0.04478
crops/hibogi_ai_02759_png_14.jpg,hibogi_ai_02759_png,HIBOGI_AI_02759_png_jpg.rf.d2fe6a2d6883b6d64b03759baa047092.jpg,,0,0,no_caries,no_caries,0.8069,0.80693,0.07982,0.06461,0.04864
crops/hibogi_ai_02827_png_0.jpg,hibogi_ai_02827_png,HIBOGI_AI_02827_png_jpg.rf.9c1f5f062d9fd506cfe4ded0bc619b6e.jpg,,0,0,no_caries,no_caries,0.6218,0.62175,0.20017,0.08721,0.09086
crops/hibogi_ai_02827_png_1.jpg,hibogi_ai_02827_png,HIBOGI_AI_02827_png_jpg.rf.9c1f5f062d9fd506cfe4ded0bc619b6e.jpg,,0,0,no_caries,no_caries,0.7522,0.75221,0.11458,0.04647,0.08674
crops/hibogi_ai_02827_png_2.jpg,hibogi_ai_02827_png,HIBOGI_AI_02827_png_jpg.rf.9c1f5f062d9fd506cfe4ded0bc619b6e.jpg,,0,0,no_caries,no_caries,0.7599,0.75992,0.18558,0.0323,0.02221
crops/hibogi_ai_02827_png_3.jpg,hibogi_ai_02827_png,HIBOGI_AI_02827_png_jpg.rf.9c1f5f062d9fd506cfe4ded0bc619b6e.jpg,,0,0,no_caries,no_caries,0.7875,0.78753,0.07792,0.06512,0.06943
crops/hibogi_ai_02827_png_4.jpg,hibogi_ai_02827_png,HIBOGI_AI_02827_png_jpg.rf.9c1f5f062d9fd506cfe4ded0bc619b6e.jpg,,0,0,no_caries,no_caries,0.8449,0.84486,0.03903,0.07277,0.04334
crops/hibogi_ai_02827_png_5.jpg,hibogi_ai_02827_png,HIBOGI_AI_02827_png_jpg.rf.9c1f5f062d9fd506cfe4ded0bc619b6e.jpg,,0,0,no_caries,no_caries,0.8817,0.88175,0.03886,0.04804,0.03134
crops/hibogi_ai_02827_png_6.jpg,hibogi_ai_02827_png,HIBOGI_AI_02827_png_jpg.rf.9c1f5f062d9fd506cfe4ded0bc619b6e.jpg,,0,0,no_caries,no_caries,0.8592,0.85923,0.03075,0.07833,0.03169
crops/hibogi_ai_02827_png_7.jpg,hibogi_ai_02827_png,HIBOGI_AI_02827_png_jpg.rf.9c1f5f062d9fd506cfe4ded0bc619b6e.jpg,,0,0,no_caries,no_caries,0.9011,0.90107,0.0376,0.04499,0.01634
crops/hibogi_ai_02827_png_8.jpg,hibogi_ai_02827_png,HIBOGI_AI_02827_png_jpg.rf.9c1f5f062d9fd506cfe4ded0bc619b6e.jpg,,0,0,no_caries,no_caries,0.9289,0.92887,0.02963,0.02534,0.01616
crops/hibogi_ai_02827_png_9.jpg,hibogi_ai_02827_png,HIBOGI_AI_02827_png_jpg.rf.9c1f5f062d9fd506cfe4ded0bc619b6e.jpg,,0,0,no_caries,no_caries,0.5126,0.51261,0.31978,0.14038,0.02724
crops/hibogi_ai_02831_png_0.jpg,hibogi_ai_02831_png,HIBOGI_AI_02831_png_jpg.rf.a2014d9b92eb0af1a42510902061c4ce.jpg,,0,0,no_caries,no_caries,0.7116,0.71162,0.18462,0.03102,0.07274
crops/hibogi_ai_02831_png_1.jpg,hibogi_ai_02831_png,HIBOGI_AI_02831_png_jpg.rf.a2014d9b92eb0af1a42510902061c4ce.jpg,,0,0,no_caries,no_caries,0.6846,0.68462,0.17233,0.05099,0.09206
crops/hibogi_ai_02831_png_2.jpg,hibogi_ai_02831_png,HIBOGI_AI_02831_png_jpg.rf.a2014d9b92eb0af1a42510902061c4ce.jpg,,0,0,no_caries,no_caries,0.667,0.66705,0.1709,0.06177,0.10028
crops/hibogi_ai_02831_png_3.jpg,hibogi_ai_02831_png,HIBOGI_AI_02831_png_jpg.rf.a2014d9b92eb0af1a42510902061c4ce.jpg,,0,0,no_caries,no_caries,0.582,0.58201,0.15622,0.18358,0.07819
crops/hibogi_ai_02831_png_4.jpg,hibogi_ai_02831_png,HIBOGI_AI_02831_png_jpg.rf.a2014d9b92eb0af1a42510902061c4ce.jpg,,0,0,no_caries,no_caries,0.6122,0.61225,0.24237,0.11273,0.03265
crops/hibogi_ai_02831_png_5.jpg,hibogi_ai_02831_png,HIBOGI_AI_02831_png_jpg.rf.a2014d9b92eb0af1a42510902061c4ce.jpg,,0,0,no_caries,no_caries,0.692,0.69198,0.11578,0.1445,0.04774
crops/hibogi_ai_02831_png_6.jpg,hibogi_ai_02831_png,HIBOGI_AI_02831_png_jpg.rf.a2014d9b92eb0af1a42510902061c4ce.jpg,,0,0,no_caries,no_caries,0.7623,0.76228,0.08202,0.09154,0.06417
crops/hibogi_ai_02831_png_7.jpg,hibogi_ai_02831_png,HIBOGI_AI_02831_png_jpg.rf.a2014d9b92eb0af1a42510902061c4ce.jpg,,0,0,no_caries,no_caries,0.4699,0.46993,0.08132,0.31773,0.13102
crops/hibogi_ai_02831_png_8.jpg,hibogi_ai_02831_png,HIBOGI_AI_02831_png_jpg.rf.a2014d9b92eb0af1a42510902061c4ce.jpg,,4,0,moderate,mild,0.4521,0.20155,0.45206,0.31004,0.03635
crops/hibogi_ai_02832_png_0.jpg,hibogi_ai_02832_png,HIBOGI_AI_02832_png_jpg.rf.2ac4af7cf86803fce71a18e309e5682b.jpg,,0,0,no_caries,no_caries,0.5158,0.51577,0.05208,0.31331,0.11884
crops/hibogi_ai_02832_png_1.jpg,hibogi_ai_02832_png,HIBOGI_AI_02832_png_jpg.rf.2ac4af7cf86803fce71a18e309e5682b.jpg,,0,0,no_caries,no_caries,0.8118,0.81177,0.07836,0.02967,0.08021
crops/hibogi_ai_02832_png_2.jpg,hibogi_ai_02832_png,HIBOGI_AI_02832_png_jpg.rf.2ac4af7cf86803fce71a18e309e5682b.jpg,,0,0,no_caries,no_caries,0.8522,0.85217,0.04067,0.05305,0.05411
crops/hibogi_ai_02832_png_3.jpg,hibogi_ai_02832_png,HIBOGI_AI_02832_png_jpg.rf.2ac4af7cf86803fce71a18e309e5682b.jpg,,0,0,no_caries,no_caries,0.5646,0.56456,0.06963,0.27922,0.08659
crops/hibogi_ai_02832_png_4.jpg,hibogi_ai_02832_png,HIBOGI_AI_02832_png_jpg.rf.2ac4af7cf86803fce71a18e309e5682b.jpg,,0,0,no_caries,moderate,0.6316,0.29926,0.02914,0.63156,0.04004
crops/hibogi_ai_02832_png_5.jpg,hibogi_ai_02832_png,HIBOGI_AI_02832_png_jpg.rf.2ac4af7cf86803fce71a18e309e5682b.jpg,,0,0,no_caries,no_caries,0.7959,0.79586,0.0314,0.12916,0.04357
crops/hibogi_ai_02832_png_6.jpg,hibogi_ai_02832_png,HIBOGI_AI_02832_png_jpg.rf.2ac4af7cf86803fce71a18e309e5682b.jpg,,0,0,no_caries,no_caries,0.7333,0.73331,0.06989,0.13773,0.05907
crops/hibogi_ai_02832_png_7.jpg,hibogi_ai_02832_png,HIBOGI_AI_02832_png_jpg.rf.2ac4af7cf86803fce71a18e309e5682b.jpg,,0,0,no_caries,no_caries,0.4712,0.47124,0.10255,0.16146,0.26475
crops/hibogi_ai_02834_png_0.jpg,hibogi_ai_02834_png,HIBOGI_AI_02834_png_jpg.rf.2d5dcd1d73719412c7cf9907f7c236ff.jpg,,0,0,no_caries,no_caries,0.5515,0.55153,0.28274,0.10787,0.05786
crops/hibogi_ai_02834_png_1.jpg,hibogi_ai_02834_png,HIBOGI_AI_02834_png_jpg.rf.2d5dcd1d73719412c7cf9907f7c236ff.jpg,,0,0,no_caries,no_caries,0.4188,0.41883,0.33013,0.09814,0.1529
crops/hibogi_ai_02834_png_2.jpg,hibogi_ai_02834_png,HIBOGI_AI_02834_png_jpg.rf.2d5dcd1d73719412c7cf9907f7c236ff.jpg,,0,0,no_caries,no_caries,0.5134,0.51339,0.11502,0.20981,0.16179
crops/hibogi_ai_02834_png_3.jpg,hibogi_ai_02834_png,HIBOGI_AI_02834_png_jpg.rf.2d5dcd1d73719412c7cf9907f7c236ff.jpg,,2,0,mild,mild,0.4512,0.40114,0.45116,0.10135,0.04635
crops/hibogi_ai_02834_png_4.jpg,hibogi_ai_02834_png,HIBOGI_AI_02834_png_jpg.rf.2d5dcd1d73719412c7cf9907f7c236ff.jpg,,0,0,no_caries,no_caries,0.606,0.60603,0.30327,0.03304,0.05766
crops/hibogi_ai_02834_png_5.jpg,hibogi_ai_02834_png,HIBOGI_AI_02834_png_jpg.rf.2d5dcd1d73719412c7cf9907f7c236ff.jpg,,0,0,no_caries,mild,0.6324,0.30681,0.63238,0.02094,0.03988
crops/hibogi_ai_02834_png_6.jpg,hibogi_ai_02834_png,HIBOGI_AI_02834_png_jpg.rf.2d5dcd1d73719412c7cf9907f7c236ff.jpg,,0,0,no_caries,mild,0.8058,0.08833,0.8058,0.01345,0.09243
crops/hibogi_ai_02834_png_7.jpg,hibogi_ai_02834_png,HIBOGI_AI_02834_png_jpg.rf.2d5dcd1d73719412c7cf9907f7c236ff.jpg,,0,0,no_caries,mild,0.7465,0.08982,0.74649,0.10888,0.05482
crops/hibogi_ai_02834_png_8.jpg,hibogi_ai_02834_png,HIBOGI_AI_02834_png_jpg.rf.2d5dcd1d73719412c7cf9907f7c236ff.jpg,,0,0,no_caries,mild,0.8015,0.14346,0.80149,0.01819,0.03686
crops/hibogi_ai_02834_png_9.jpg,hibogi_ai_02834_png,HIBOGI_AI_02834_png_jpg.rf.2d5dcd1d73719412c7cf9907f7c236ff.jpg,,0,0,no_caries,mild,0.4687,0.36147,0.46869,0.02998,0.13986
crops/hibogi_ai_02834_png_10.jpg,hibogi_ai_02834_png,HIBOGI_AI_02834_png_jpg.rf.2d5dcd1d73719412c7cf9907f7c236ff.jpg,,5,0,advanced,advanced,0.7158,0.07,0.06866,0.14556,0.71578
crops/hibogi_ai_02834_png_11.jpg,hibogi_ai_02834_png,HIBOGI_AI_02834_png_jpg.rf.2d5dcd1d73719412c7cf9907f7c236ff.jpg,,0,0,no_caries,moderate,0.5907,0.14108,0.16204,0.59068,0.1062
crops/hibogi_ai_02834_png_12.jpg,hibogi_ai_02834_png,HIBOGI_AI_02834_png_jpg.rf.2d5dcd1d73719412c7cf9907f7c236ff.jpg,,3,0,moderate,moderate,0.4127,0.20274,0.3286,0.4127,0.05597
crops/hibogi_ai_02834_png_13.jpg,hibogi_ai_02834_png,HIBOGI_AI_02834_png_jpg.rf.2d5dcd1d73719412c7cf9907f7c236ff.jpg,,2,0,mild,no_caries,0.4126,0.41257,0.20645,0.2973,0.08368
crops/hibogi_ai_02834_png_14.jpg,hibogi_ai_02834_png,HIBOGI_AI_02834_png_jpg.rf.2d5dcd1d73719412c7cf9907f7c236ff.jpg,,2,0,mild,mild,0.6758,0.27466,0.67578,0.02346,0.02609
crops/hibogi_ai_02834_png_15.jpg,hibogi_ai_02834_png,HIBOGI_AI_02834_png_jpg.rf.2d5dcd1d73719412c7cf9907f7c236ff.jpg,,0,0,no_caries,mild,0.59,0.30797,0.59001,0.09354,0.00847
crops/hibogi_ai_02834_png_16.jpg,hibogi_ai_02834_png,HIBOGI_AI_02834_png_jpg.rf.2d5dcd1d73719412c7cf9907f7c236ff.jpg,,5,0,advanced,advanced,0.9384,0.00604,0.01007,0.04546,0.93843
crops/hibogi_ai_02834_png_17.jpg,hibogi_ai_02834_png,HIBOGI_AI_02834_png_jpg.rf.2d5dcd1d73719412c7cf9907f7c236ff.jpg,,0,0,no_caries,mild,0.4994,0.37579,0.49944,0.04425,0.08052
crops/hibogi_ai_02834_png_18.jpg,hibogi_ai_02834_png,HIBOGI_AI_02834_png_jpg.rf.2d5dcd1d73719412c7cf9907f7c236ff.jpg,,0,0,no_caries,no_caries,0.5532,0.55323,0.3267,0.05876,0.06131
crops/hibogi_ai_02834_png_19.jpg,hibogi_ai_02834_png,HIBOGI_AI_02834_png_jpg.rf.2d5dcd1d73719412c7cf9907f7c236ff.jpg,,0,0,no_caries,no_caries,0.594,0.59398,0.20994,0.10131,0.09477
crops/hibogi_ai_02834_png_20.jpg,hibogi_ai_02834_png,HIBOGI_AI_02834_png_jpg.rf.2d5dcd1d73719412c7cf9907f7c236ff.jpg,,0,0,no_caries,no_caries,0.6016,0.6016,0.22207,0.0558,0.12054
crops/hibogi_ai_02834_png_21.jpg,hibogi_ai_02834_png,HIBOGI_AI_02834_png_jpg.rf.2d5dcd1d73719412c7cf9907f7c236ff.jpg,,0,0,no_caries,moderate,0.8555,0.02513,0.11228,0.85549,0.0071
crops/hibogi_ai_02834_png_22.jpg,hibogi_ai_02834_png,HIBOGI_AI_02834_png_jpg.rf.2d5dcd1d73719412c7cf9907f7c236ff.jpg,,5,0,advanced,moderate,0.9392,0.00983,0.02383,0.93923,0.02711
crops/hibogi_ai_02855_png_0.jpg,hibogi_ai_02855_png,HIBOGI_AI_02855_png_jpg.rf.2ef6f88d6f74ab4f3f9c778eb3791e1e.jpg,,0,0,no_caries,no_caries,0.591,0.591,0.30796,0.05184,0.04921
crops/hibogi_ai_02855_png_1.jpg,hibogi_ai_02855_png,HIBOGI_AI_02855_png_jpg.rf.2ef6f88d6f74ab4f3f9c778eb3791e1e.jpg,,0,0,no_caries,no_caries,0.7776,0.77761,0.13023,0.0369,0.05526
crops/hibogi_ai_02855_png_2.jpg,hibogi_ai_02855_png,HIBOGI_AI_02855_png_jpg.rf.2ef6f88d6f74ab4f3f9c778eb3791e1e.jpg,,0,0,no_caries,no_caries,0.777,0.77695,0.1129,0.05213,0.05802
crops/hibogi_ai_02855_png_3.jpg,hibogi_ai_02855_png,HIBOGI_AI_02855_png_jpg.rf.2ef6f88d6f74ab4f3f9c778eb3791e1e.jpg,,3,0,moderate,mild,0.7941,0.04043,0.79409,0.14051,0.02497
crops/hibogi_ai_02855_png_4.jpg,hibogi_ai_02855_png,HIBOGI_AI_02855_png_jpg.rf.2ef6f88d6f74ab4f3f9c778eb3791e1e.jpg,,3,0,moderate,no_caries,0.5805,0.58055,0.24794,0.09116,0.08036
crops/hibogi_ai_02855_png_5.jpg,hibogi_ai_02855_png,HIBOGI_AI_02855_png_jpg.rf.2ef6f88d6f74ab4f3f9c778eb3791e1e.jpg,,1,0,mild,mild,0.5985,0.30261,0.59854,0.05375,0.0451
crops/hibogi_ai_02855_png_6.jpg,hibogi_ai_02855_png,HIBOGI_AI_02855_png_jpg.rf.2ef6f88d6f74ab4f3f9c778eb3791e1e.jpg,,0,0,no_caries,mild,0.4889,0.42419,0.48892,0.0475,0.0394
crops/hibogi_ai_02855_png_7.jpg,hibogi_ai_02855_png,HIBOGI_AI_02855_png_jpg.rf.2ef6f88d6f74ab4f3f9c778eb3791e1e.jpg,,0,0,no_caries,no_caries,0.4965,0.49649,0.37869,0.0581,0.06672
crops/hibogi_ai_02855_png_8.jpg,hibogi_ai_02855_png,HIBOGI_AI_02855_png_jpg.rf.2ef6f88d6f74ab4f3f9c778eb3791e1e.jpg,,0,0,no_caries,no_caries,0.8412,0.84123,0.04752,0.03307,0.07817
crops/hibogi_ai_02855_png_9.jpg,hibogi_ai_02855_png,HIBOGI_AI_02855_png_jpg.rf.2ef6f88d6f74ab4f3f9c778eb3791e1e.jpg,,0,0,no_caries,no_caries,0.9304,0.93038,0.00676,0.02796,0.03489
crops/hibogi_ai_02855_png_10.jpg,hibogi_ai_02855_png,HIBOGI_AI_02855_png_jpg.rf.2ef6f88d6f74ab4f3f9c778eb3791e1e.jpg,,0,0,no_caries,no_caries,0.81,0.81004,0.05908,0.06482,0.06607
crops/hibogi_ai_02855_png_11.jpg,hibogi_ai_02855_png,HIBOGI_AI_02855_png_jpg.rf.2ef6f88d6f74ab4f3f9c778eb3791e1e.jpg,,0,0,no_caries,mild,0.535,0.40935,0.53501,0.02867,0.02697
crops/hibogi_ai_02855_png_12.jpg,hibogi_ai_02855_png,HIBOGI_AI_02855_png_jpg.rf.2ef6f88d6f74ab4f3f9c778eb3791e1e.jpg,,0,0,no_caries,no_caries,0.5764,0.57636,0.32299,0.05803,0.04262
crops/hibogi_ai_02855_png_13.jpg,hibogi_ai_02855_png,HIBOGI_AI_02855_png_jpg.rf.2ef6f88d6f74ab4f3f9c778eb3791e1e.jpg,,0,0,no_caries,mild,0.783,0.1692,0.78299,0.0263,0.02151
crops/hibogi_ai_02855_png_14.jpg,hibogi_ai_02855_png,HIBOGI_AI_02855_png_jpg.rf.2ef6f88d6f74ab4f3f9c778eb3791e1e.jpg,,0,0,no_caries,no_caries,0.7009,0.70095,0.20229,0.05256,0.0442
crops/hibogi_ai_02855_png_15.jpg,hibogi_ai_02855_png,HIBOGI_AI_02855_png_jpg.rf.2ef6f88d6f74ab4f3f9c778eb3791e1e.jpg,,0,0,no_caries,no_caries,0.6805,0.68054,0.19994,0.06973,0.04979
crops/hibogi_ai_02855_png_16.jpg,hibogi_ai_02855_png,HIBOGI_AI_02855_png_jpg.rf.2ef6f88d6f74ab4f3f9c778eb3791e1e.jpg,,0,0,no_caries,no_caries,0.7498,0.74976,0.16368,0.03028,0.05628
crops/hibogi_ai_02855_png_17.jpg,hibogi_ai_02855_png,HIBOGI_AI_02855_png_jpg.rf.2ef6f88d6f74ab4f3f9c778eb3791e1e.jpg,,0,0,no_caries,no_caries,0.7793,0.77927,0.09495,0.06855,0.05723
crops/hibogi_ai_02855_png_18.jpg,hibogi_ai_02855_png,HIBOGI_AI_02855_png_jpg.rf.2ef6f88d6f74ab4f3f9c778eb3791e1e.jpg,,0,0,no_caries,no_caries,0.6435,0.64349,0.22138,0.0559,0.07924
crops/hibogi_ai_02856_png_0.jpg,hibogi_ai_02856_png,HIBOGI_AI_02856_png_jpg.rf.7b42abe534f507d108f2b3ed1e2e3753.jpg,,2,0,mild,mild,0.6991,0.16646,0.69913,0.08362,0.0508
crops/hibogi_ai_02856_png_1.jpg,hibogi_ai_02856_png,HIBOGI_AI_02856_png_jpg.rf.7b42abe534f507d108f2b3ed1e2e3753.jpg,,0,0,no_caries,no_caries,0.764,0.76397,0.12476,0.04815,0.06312
crops/hibogi_ai_02856_png_2.jpg,hibogi_ai_02856_png,HIBOGI_AI_02856_png_jpg.rf.7b42abe534f507d108f2b3ed1e2e3753.jpg,,1,0,mild,no_caries,0.5361,0.5361,0.3181,0.0542,0.0916
crops/hibogi_ai_02856_png_3.jpg,hibogi_ai_02856_png,HIBOGI_AI_02856_png_jpg.rf.7b42abe534f507d108f2b3ed1e2e3753.jpg,,0,0,no_caries,no_caries,0.6387,0.63868,0.19712,0.05896,0.10524
crops/hibogi_ai_02856_png_4.jpg,hibogi_ai_02856_png,HIBOGI_AI_02856_png_jpg.rf.7b42abe534f507d108f2b3ed1e2e3753.jpg,,1,0,mild,mild,0.5873,0.14552,0.58733,0.21859,0.04857
crops/hibogi_ai_02856_png_5.jpg,hibogi_ai_02856_png,HIBOGI_AI_02856_png_jpg.rf.7b42abe534f507d108f2b3ed1e2e3753.jpg,,1,0,mild,mild,0.6784,0.2667,0.67836,0.01613,0.0388
crops/hibogi_ai_02856_png_6.jpg,hibogi_ai_02856_png,HIBOGI_AI_02856_png_jpg.rf.7b42abe534f507d108f2b3ed1e2e3753.jpg,,1,0,mild,no_caries,0.563,0.56296,0.23198,0.06658,0.13848
crops/hibogi_ai_02856_png_7.jpg,hibogi_ai_02856_png,HIBOGI_AI_02856_png_jpg.rf.7b42abe534f507d108f2b3ed1e2e3753.jpg,,0,0,no_caries,no_caries,0.6185,0.61853,0.28517,0.04713,0.04918
crops/hibogi_ai_02856_png_8.jpg,hibogi_ai_02856_png,HIBOGI_AI_02856_png_jpg.rf.7b42abe534f507d108f2b3ed1e2e3753.jpg,,0,0,no_caries,no_caries,0.5329,0.53291,0.39997,0.02418,0.04294
crops/hibogi_ai_02856_png_9.jpg,hibogi_ai_02856_png,HIBOGI_AI_02856_png_jpg.rf.7b42abe534f507d108f2b3ed1e2e3753.jpg,,0,0,no_caries,no_caries,0.7775,0.77751,0.05709,0.06109,0.10432
crops/hibogi_ai_02856_png_10.jpg,hibogi_ai_02856_png,HIBOGI_AI_02856_png_jpg.rf.7b42abe534f507d108f2b3ed1e2e3753.jpg,,0,0,no_caries,no_caries,0.6311,0.63109,0.22718,0.07229,0.06944
crops/hibogi_ai_02863_png_0.jpg,hibogi_ai_02863_png,HIBOGI_AI_02863_png_jpg.rf.ebe58b511aace90dff5feb6aff22c52a.jpg,,2,0,mild,moderate,0.8128,0.14483,0.01882,0.81282,0.02354
crops/hibogi_ai_02863_png_1.jpg,hibogi_ai_02863_png,HIBOGI_AI_02863_png_jpg.rf.ebe58b511aace90dff5feb6aff22c52a.jpg,,5,0,advanced,advanced,0.8327,0.00358,0.12548,0.03824,0.8327
crops/hibogi_ai_02863_png_2.jpg,hibogi_ai_02863_png,HIBOGI_AI_02863_png_jpg.rf.ebe58b511aace90dff5feb6aff22c52a.jpg,,5,0,advanced,advanced,0.4558,0.05371,0.449,0.04147,0.45582
crops/hibogi_ai_02863_png_3.jpg,hibogi_ai_02863_png,HIBOGI_AI_02863_png_jpg.rf.ebe58b511aace90dff5feb6aff22c52a.jpg,,2,0,mild,mild,0.6465,0.25849,0.64655,0.03016,0.0648
crops/hibogi_ai_02863_png_4.jpg,hibogi_ai_02863_png,HIBOGI_AI_02863_png_jpg.rf.ebe58b511aace90dff5feb6aff22c52a.jpg,,2,0,mild,no_caries,0.5462,0.54615,0.34919,0.05388,0.05078
crops/hibogi_ai_02863_png_5.jpg,hibogi_ai_02863_png,HIBOGI_AI_02863_png_jpg.rf.ebe58b511aace90dff5feb6aff22c52a.jpg,,2,0,mild,mild,0.5834,0.31268,0.58344,0.02888,0.07501
crops/hibogi_ai_02863_png_6.jpg,hibogi_ai_02863_png,HIBOGI_AI_02863_png_jpg.rf.ebe58b511aace90dff5feb6aff22c52a.jpg,,2,0,mild,no_caries,0.5433,0.54334,0.17121,0.09403,0.19141
crops/hibogi_ai_02863_png_7.jpg,hibogi_ai_02863_png,HIBOGI_AI_02863_png_jpg.rf.ebe58b511aace90dff5feb6aff22c52a.jpg,,2,0,mild,mild,0.661,0.20984,0.661,0.04053,0.08863
crops/hibogi_ai_02863_png_8.jpg,hibogi_ai_02863_png,HIBOGI_AI_02863_png_jpg.rf.ebe58b511aace90dff5feb6aff22c52a.jpg,,2,0,mild,no_caries,0.7192,0.71924,0.1346,0.05051,0.09566
crops/hibogi_ai_02863_png_9.jpg,hibogi_ai_02863_png,HIBOGI_AI_02863_png_jpg.rf.ebe58b511aace90dff5feb6aff22c52a.jpg,,2,0,mild,mild,0.9434,0.03199,0.94335,0.01106,0.0136
crops/hibogi_ai_02863_png_10.jpg,hibogi_ai_02863_png,HIBOGI_AI_02863_png_jpg.rf.ebe58b511aace90dff5feb6aff22c52a.jpg,,2,0,mild,mild,0.9274,0.05346,0.92736,0.01008,0.0091
crops/hibogi_ai_02863_png_11.jpg,hibogi_ai_02863_png,HIBOGI_AI_02863_png_jpg.rf.ebe58b511aace90dff5feb6aff22c52a.jpg,,2,0,mild,no_caries,0.5282,0.52824,0.4292,0.01974,0.02281
crops/hibogi_ai_02863_png_12.jpg,hibogi_ai_02863_png,HIBOGI_AI_02863_png_jpg.rf.ebe58b511aace90dff5feb6aff22c52a.jpg,,2,0,mild,no_caries,0.4648,0.46482,0.42233,0.03532,0.07753
crops/hibogi_ai_02863_png_13.jpg,hibogi_ai_02863_png,HIBOGI_AI_02863_png_jpg.rf.ebe58b511aace90dff5feb6aff22c52a.jpg,,2,0,mild,advanced,0.4466,0.23157,0.11492,0.20688,0.44664
crops/hibogi_ai_02866_png_0.jpg,hibogi_ai_02866_png,HIBOGI_AI_02866_png_jpg.rf.9ea303ba7c8e731f2042dad85d94d385.jpg,,1,0,mild,no_caries,0.5277,0.5277,0.04622,0.28118,0.1449
crops/hibogi_ai_02866_png_1.jpg,hibogi_ai_02866_png,HIBOGI_AI_02866_png_jpg.rf.9ea303ba7c8e731f2042dad85d94d385.jpg,,2,0,mild,mild,0.9008,0.06673,0.90081,0.01658,0.01587
crops/hibogi_ai_02866_png_2.jpg,hibogi_ai_02866_png,HIBOGI_AI_02866_png_jpg.rf.9ea303ba7c8e731f2042dad85d94d385.jpg,,2,0,mild,mild,0.853,0.07317,0.85303,0.02146,0.05234
crops/hibogi_ai_02866_png_3.jpg,hibogi_ai_02866_png,HIBOGI_AI_02866_png_jpg.rf.9ea303ba7c8e731f2042dad85d94d385.jpg,,2,0,mild,mild,0.986,0.00946,0.986,0.00133,0.00321
crops/hibogi_ai_02866_png_4.jpg,hibogi_ai_02866_png,HIBOGI_AI_02866_png_jpg.rf.9ea303ba7c8e731f2042dad85d94d385.jpg,,2,0,mild,mild,0.8154,0.13615,0.81537,0.0142,0.03427
crops/hibogi_ai_02866_png_5.jpg,hibogi_ai_02866_png,HIBOGI_AI_02866_png_jpg.rf.9ea303ba7c8e731f2042dad85d94d385.jpg,,2,0,mild,mild,0.8863,0.08555,0.88631,0.00804,0.0201
crops/hibogi_ai_02866_png_6.jpg,hibogi_ai_02866_png,HIBOGI_AI_02866_png_jpg.rf.9ea303ba7c8e731f2042dad85d94d385.jpg,,2,0,mild,mild,0.8688,0.10854,0.86875,0.00487,0.01784
crops/hibogi_ai_02866_png_7.jpg,hibogi_ai_02866_png,HIBOGI_AI_02866_png_jpg.rf.9ea303ba7c8e731f2042dad85d94d385.jpg,,3,0,moderate,moderate,0.6337,0.07488,0.02089,0.63365,0.27058
crops/hibogi_ai_02866_png_8.jpg,hibogi_ai_02866_png,HIBOGI_AI_02866_png_jpg.rf.9ea303ba7c8e731f2042dad85d94d385.jpg,,2,0,mild,no_caries,0.6263,0.62634,0.29158,0.06267,0.01941
crops/hibogi_ai_02866_png_9.jpg,hibogi_ai_02866_png,HIBOGI_AI_02866_png_jpg.rf.9ea303ba7c8e731f2042dad85d94d385.jpg,,2,0,mild,mild,0.7434,0.16797,0.74341,0.06849,0.02014
crops/hibogi_ai_02866_png_10.jpg,hibogi_ai_02866_png,HIBOGI_AI_02866_png_jpg.rf.9ea303ba7c8e731f2042dad85d94d385.jpg,,2,0,mild,mild,0.8027,0.15863,0.80271,0.01778,0.02088
crops/hibogi_ai_02866_png_11.jpg,hibogi_ai_02866_png,HIBOGI_AI_02866_png_jpg.rf.9ea303ba7c8e731f2042dad85d94d385.jpg,,2,0,mild,no_caries,0.5247,0.52472,0.3058,0.05103,0.11845
crops/hibogi_ai_02866_png_12.jpg,hibogi_ai_02866_png,HIBOGI_AI_02866_png_jpg.rf.9ea303ba7c8e731f2042dad85d94d385.jpg,,1,0,mild,mild,0.848,0.10855,0.84797,0.02337,0.02011
crops/hibogi_ai_02866_png_13.jpg,hibogi_ai_02866_png,HIBOGI_AI_02866_png_jpg.rf.9ea303ba7c8e731f2042dad85d94d385.jpg,,1,0,mild,mild,0.8088,0.06688,0.80879,0.08548,0.03885
crops/hibogi_ai_02866_png_14.jpg,hibogi_ai_02866_png,HIBOGI_AI_02866_png_jpg.rf.9ea303ba7c8e731f2042dad85d94d385.jpg,,2,0,mild,mild,0.507,0.33904,0.50696,0.08045,0.07354
crops/hibogi_ai_02866_png_15.jpg,hibogi_ai_02866_png,HIBOGI_AI_02866_png_jpg.rf.9ea303ba7c8e731f2042dad85d94d385.jpg,,2,0,mild,mild,0.6233,0.27057,0.6233,0.07639,0.02975
crops/hibogi_ai_02866_png_16.jpg,hibogi_ai_02866_png,HIBOGI_AI_02866_png_jpg.rf.9ea303ba7c8e731f2042dad85d94d385.jpg,,5,0,advanced,advanced,0.8134,0.03211,0.02173,0.13281,0.81335
crops/hibogi_ai_02866_png_17.jpg,hibogi_ai_02866_png,HIBOGI_AI_02866_png_jpg.rf.9ea303ba7c8e731f2042dad85d94d385.jpg,,1,0,mild,moderate,0.9458,0.04596,0.00548,0.94581,0.00275
crops/hibogi_ai_02870_png_0.jpg,hibogi_ai_02870_png,HIBOGI_AI_02870_png_jpg.rf.f8b72b50ef2e469761170a19843ed0db.jpg,,3,0,moderate,moderate,0.9852,0.0002,0.00184,0.98524,0.01272
crops/hibogi_ai_02870_png_1.jpg,hibogi_ai_02870_png,HIBOGI_AI_02870_png_jpg.rf.f8b72b50ef2e469761170a19843ed0db.jpg,,3,0,moderate,moderate,0.9112,0.00253,0.08231,0.91118,0.00397
crops/hibogi_ai_02870_png_2.jpg,hibogi_ai_02870_png,HIBOGI_AI_02870_png_jpg.rf.f8b72b50ef2e469761170a19843ed0db.jpg,,3,0,moderate,moderate,0.7327,0.0051,0.13412,0.73265,0.12813
crops/hibogi_ai_02870_png_3.jpg,hibogi_ai_02870_png,HIBOGI_AI_02870_png_jpg.rf.f8b72b50ef2e469761170a19843ed0db.jpg,,3,0,moderate,mild,0.5086,0.01804,0.50858,0.46136,0.01202
crops/hibogi_ai_02870_png_4.jpg,hibogi_ai_02870_png,HIBOGI_AI_02870_png_jpg.rf.f8b72b50ef2e469761170a19843ed0db.jpg,,0,0,no_caries,no_caries,0.6005,0.60048,0.27858,0.08189,0.03904
crops/hibogi_ai_02870_png_5.jpg,hibogi_ai_02870_png,HIBOGI_AI_02870_png_jpg.rf.f8b72b50ef2e469761170a19843ed0db.jpg,,0,0,no_caries,no_caries,0.7195,0.71952,0.08436,0.1712,0.02492
crops/hibogi_ai_02870_png_6.jpg,hibogi_ai_02870_png,HIBOGI_AI_02870_png_jpg.rf.f8b72b50ef2e469761170a19843ed0db.jpg,,2,0,mild,no_caries,0.552,0.55196,0.3077,0.1221,0.01824
crops/hibogi_ai_02870_png_7.jpg,hibogi_ai_02870_png,HIBOGI_AI_02870_png_jpg.rf.f8b72b50ef2e469761170a19843ed0db.jpg,,2,0,mild,no_caries,0.7339,0.73389,0.08857,0.12759,0.04995
crops/hibogi_ai_02870_png_8.jpg,hibogi_ai_02870_png,HIBOGI_AI_02870_png_jpg.rf.f8b72b50ef2e469761170a19843ed0db.jpg,,2,0,mild,no_caries,0.7177,0.71768,0.08713,0.12373,0.07146
crops/hibogi_ai_02870_png_9.jpg,hibogi_ai_02870_png,HIBOGI_AI_02870_png_jpg.rf.f8b72b50ef2e469761170a19843ed0db.jpg,,0,0,no_caries,mild,0.5201,0.3283,0.52006,0.1045,0.04714
crops/hibogi_ai_02870_png_10.jpg,hibogi_ai_02870_png,HIBOGI_AI_02870_png_jpg.rf.f8b72b50ef2e469761170a19843ed0db.jpg,,3,0,moderate,mild,0.5157,0.08513,0.51571,0.35054,0.04862
crops/hibogi_ai_02870_png_11.jpg,hibogi_ai_02870_png,HIBOGI_AI_02870_png_jpg.rf.f8b72b50ef2e469761170a19843ed0db.jpg,,3,0,moderate,moderate,0.9847,0.0011,0.00753,0.98474,0.00663
crops/hibogi_ai_02870_png_12.jpg,hibogi_ai_02870_png,HIBOGI_AI_02870_png_jpg.rf.f8b72b50ef2e469761170a19843ed0db.jpg,,3,0,moderate,moderate,0.6086,0.005,0.37211,0.60859,0.0143
crops/hibogi_ai_02870_png_13.jpg,hibogi_ai_02870_png,HIBOGI_AI_02870_png_jpg.rf.f8b72b50ef2e469761170a19843ed0db.jpg,,3,0,moderate,mild,0.5403,0.0124,0.54032,0.41575,0.03153
crops/hibogi_ai_02897_png_0.jpg,hibogi_ai_02897_png,HIBOGI_AI_02897_png_jpg.rf.d6af8a7d35d0f888142df70b99dcfaf0.jpg,,3,0,moderate,advanced,0.4963,0.06018,0.18787,0.25559,0.49635
crops/hibogi_ai_02897_png_1.jpg,hibogi_ai_02897_png,HIBOGI_AI_02897_png_jpg.rf.d6af8a7d35d0f888142df70b99dcfaf0.jpg,,3,0,moderate,moderate,0.5352,0.05959,0.37804,0.53522,0.02716
crops/hibogi_ai_02897_png_2.jpg,hibogi_ai_02897_png,HIBOGI_AI_02897_png_jpg.rf.d6af8a7d35d0f888142df70b99dcfaf0.jpg,,0,0,no_caries,mild,0.5248,0.35175,0.52476,0.09014,0.03336
crops/hibogi_ai_02897_png_3.jpg,hibogi_ai_02897_png,HIBOGI_AI_02897_png_jpg.rf.d6af8a7d35d0f888142df70b99dcfaf0.jpg,,0,0,no_caries,no_caries,0.5465,0.54648,0.26753,0.1305,0.0555
crops/hibogi_ai_02897_png_4.jpg,hibogi_ai_02897_png,HIBOGI_AI_02897_png_jpg.rf.d6af8a7d35d0f888142df70b99dcfaf0.jpg,,0,0,no_caries,no_caries,0.5689,0.56887,0.26947,0.12241,0.03925
crops/hibogi_ai_02897_png_5.jpg,hibogi_ai_02897_png,HIBOGI_AI_02897_png_jpg.rf.d6af8a7d35d0f888142df70b99dcfaf0.jpg,,0,0,no_caries,no_caries,0.5583,0.5583,0.12415,0.24862,0.06894
crops/hibogi_ai_02897_png_6.jpg,hibogi_ai_02897_png,HIBOGI_AI_02897_png_jpg.rf.d6af8a7d35d0f888142df70b99dcfaf0.jpg,,0,0,no_caries,no_caries,0.6438,0.64382,0.20711,0.09108,0.05799
crops/hibogi_ai_02897_png_7.jpg,hibogi_ai_02897_png,HIBOGI_AI_02897_png_jpg.rf.d6af8a7d35d0f888142df70b99dcfaf0.jpg,,0,0,no_caries,no_caries,0.5593,0.55934,0.29323,0.09968,0.04775
crops/hibogi_ai_02897_png_8.jpg,hibogi_ai_02897_png,HIBOGI_AI_02897_png_jpg.rf.d6af8a7d35d0f888142df70b99dcfaf0.jpg,,0,0,no_caries,no_caries,0.6573,0.65735,0.18751,0.09202,0.06312
crops/hibogi_ai_02897_png_9.jpg,hibogi_ai_02897_png,HIBOGI_AI_02897_png_jpg.rf.d6af8a7d35d0f888142df70b99dcfaf0.jpg,,3,0,moderate,moderate,0.8653,0.06146,0.04604,0.86534,0.02716
crops/hibogi_ai_02897_png_10.jpg,hibogi_ai_02897_png,HIBOGI_AI_02897_png_jpg.rf.d6af8a7d35d0f888142df70b99dcfaf0.jpg,,5,0,advanced,moderate,0.6688,0.01624,0.08019,0.6688,0.23476
crops/hibogi_ai_02930_png_0.jpg,hibogi_ai_02930_png,HIBOGI_AI_02930_png_jpg.rf.5b7aec05cfb0d9dff387b9c261d202b5.jpg,,0,0,no_caries,no_caries,0.8885,0.88851,0.04744,0.03229,0.03176
crops/hibogi_ai_02930_png_1.jpg,hibogi_ai_02930_png,HIBOGI_AI_02930_png_jpg.rf.5b7aec05cfb0d9dff387b9c261d202b5.jpg,,0,0,no_caries,no_caries,0.8065,0.80652,0.06621,0.07518,0.05209
crops/hibogi_ai_02930_png_2.jpg,hibogi_ai_02930_png,HIBOGI_AI_02930_png_jpg.rf.5b7aec05cfb0d9dff387b9c261d202b5.jpg,,0,0,no_caries,no_caries,0.7942,0.79421,0.09741,0.05477,0.05361
crops/hibogi_ai_02930_png_3.jpg,hibogi_ai_02930_png,HIBOGI_AI_02930_png_jpg.rf.5b7aec05cfb0d9dff387b9c261d202b5.jpg,,0,0,no_caries,no_caries,0.7554,0.7554,0.09195,0.06846,0.08419
crops/hibogi_ai_02930_png_4.jpg,hibogi_ai_02930_png,HIBOGI_AI_02930_png_jpg.rf.5b7aec05cfb0d9dff387b9c261d202b5.jpg,,0,0,no_caries,no_caries,0.834,0.83401,0.09926,0.03282,0.03391
crops/hibogi_ai_02930_png_5.jpg,hibogi_ai_02930_png,HIBOGI_AI_02930_png_jpg.rf.5b7aec05cfb0d9dff387b9c261d202b5.jpg,,0,0,no_caries,no_caries,0.7021,0.70206,0.07333,0.20022,0.02439
crops/hibogi_ai_02930_png_6.jpg,hibogi_ai_02930_png,HIBOGI_AI_02930_png_jpg.rf.5b7aec05cfb0d9dff387b9c261d202b5.jpg,,2,0,mild,moderate,0.4853,0.41746,0.05617,0.48535,0.04103
crops/hibogi_ai_02930_png_7.jpg,hibogi_ai_02930_png,HIBOGI_AI_02930_png_jpg.rf.5b7aec05cfb0d9dff387b9c261d202b5.jpg,,0,0,no_caries,no_caries,0.8593,0.85925,0.05749,0.04201,0.04125
crops/hibogi_ai_02930_png_8.jpg,hibogi_ai_02930_png,HIBOGI_AI_02930_png_jpg.rf.5b7aec05cfb0d9dff387b9c261d202b5.jpg,,0,0,no_caries,no_caries,0.8015,0.80147,0.12089,0.05261,0.02502
crops/hibogi_ai_02930_png_9.jpg,hibogi_ai_02930_png,HIBOGI_AI_02930_png_jpg.rf.5b7aec05cfb0d9dff387b9c261d202b5.jpg,,0,0,no_caries,no_caries,0.8746,0.87462,0.0474,0.03154,0.04644
crops/hibogi_ai_02930_png_10.jpg,hibogi_ai_02930_png,HIBOGI_AI_02930_png_jpg.rf.5b7aec05cfb0d9dff387b9c261d202b5.jpg,,0,0,no_caries,no_caries,0.8539,0.85387,0.06368,0.0533,0.02915
crops/hibogi_ai_02930_png_11.jpg,hibogi_ai_02930_png,HIBOGI_AI_02930_png_jpg.rf.5b7aec05cfb0d9dff387b9c261d202b5.jpg,,0,0,no_caries,no_caries,0.8713,0.87134,0.04611,0.04604,0.03651
crops/hibogi_ai_02930_png_12.jpg,hibogi_ai_02930_png,HIBOGI_AI_02930_png_jpg.rf.5b7aec05cfb0d9dff387b9c261d202b5.jpg,,0,0,no_caries,no_caries,0.8392,0.83919,0.07174,0.05202,0.03705
crops/hibogi_ai_02930_png_13.jpg,hibogi_ai_02930_png,HIBOGI_AI_02930_png_jpg.rf.5b7aec05cfb0d9dff387b9c261d202b5.jpg,,0,0,no_caries,no_caries,0.861,0.86101,0.06593,0.05146,0.0216
crops/hibogi_ai_02956_png_0.jpg,hibogi_ai_02956_png,HIBOGI_AI_02956_png_jpg.rf.21c76aab99ed52a5b4a1d2ffd54e58d9.jpg,,2,0,mild,mild,0.5904,0.36302,0.59038,0.01495,0.03165
crops/hibogi_ai_02956_png_1.jpg,hibogi_ai_02956_png,HIBOGI_AI_02956_png_jpg.rf.21c76aab99ed52a5b4a1d2ffd54e58d9.jpg,,2,0,mild,mild,0.7012,0.20969,0.70118,0.07013,0.019
crops/hibogi_ai_02956_png_2.jpg,hibogi_ai_02956_png,HIBOGI_AI_02956_png_jpg.rf.21c76aab99ed52a5b4a1d2ffd54e58d9.jpg,,2,0,mild,no_caries,0.7283,0.7283,0.16563,0.04887,0.05719
crops/hibogi_ai_02956_png_3.jpg,hibogi_ai_02956_png,HIBOGI_AI_02956_png_jpg.rf.21c76aab99ed52a5b4a1d2ffd54e58d9.jpg,,2,0,mild,no_caries,0.7883,0.78829,0.13721,0.03424,0.04026
crops/hibogi_ai_02956_png_4.jpg,hibogi_ai_02956_png,HIBOGI_AI_02956_png_jpg.rf.21c76aab99ed52a5b4a1d2ffd54e58d9.jpg,,5,0,advanced,advanced,0.3607,0.23562,0.21944,0.18426,0.36068
crops/hibogi_ai_02956_png_5.jpg,hibogi_ai_02956_png,HIBOGI_AI_02956_png_jpg.rf.21c76aab99ed52a5b4a1d2ffd54e58d9.jpg,,5,0,advanced,mild,0.738,0.21548,0.73797,0.03427,0.01227
crops/hibogi_ai_02956_png_6.jpg,hibogi_ai_02956_png,HIBOGI_AI_02956_png_jpg.rf.21c76aab99ed52a5b4a1d2ffd54e58d9.jpg,,5,0,advanced,no_caries,0.7231,0.72312,0.12907,0.06907,0.07873
crops/hibogi_ai_02956_png_7.jpg,hibogi_ai_02956_png,HIBOGI_AI_02956_png_jpg.rf.21c76aab99ed52a5b4a1d2ffd54e58d9.jpg,,5,0,advanced,no_caries,0.5616,0.56162,0.37265,0.02523,0.0405
crops/hibogi_ai_02956_png_8.jpg,hibogi_ai_02956_png,HIBOGI_AI_02956_png_jpg.rf.21c76aab99ed52a5b4a1d2ffd54e58d9.jpg,,5,0,advanced,advanced,0.8371,0.02823,0.01165,0.12302,0.83709
crops/hibogi_ai_02956_png_9.jpg,hibogi_ai_02956_png,HIBOGI_AI_02956_png_jpg.rf.21c76aab99ed52a5b4a1d2ffd54e58d9.jpg,,4,0,moderate,no_caries,0.4067,0.4067,0.31297,0.15813,0.1222
crops/hibogi_ai_02956_png_10.jpg,hibogi_ai_02956_png,HIBOGI_AI_02956_png_jpg.rf.21c76aab99ed52a5b4a1d2ffd54e58d9.jpg,,2,0,mild,no_caries,0.5206,0.52057,0.26787,0.04653,0.16504
crops/hibogi_ai_02956_png_11.jpg,hibogi_ai_02956_png,HIBOGI_AI_02956_png_jpg.rf.21c76aab99ed52a5b4a1d2ffd54e58d9.jpg,,2,0,mild,mild,0.5664,0.34647,0.56639,0.03267,0.05447
crops/hibogi_ai_02956_png_12.jpg,hibogi_ai_02956_png,HIBOGI_AI_02956_png_jpg.rf.21c76aab99ed52a5b4a1d2ffd54e58d9.jpg,,2,0,mild,no_caries,0.772,0.77204,0.09375,0.06436,0.06985
crops/hibogi_ai_02956_png_13.jpg,hibogi_ai_02956_png,HIBOGI_AI_02956_png_jpg.rf.21c76aab99ed52a5b4a1d2ffd54e58d9.jpg,,2,0,mild,no_caries,0.7692,0.76923,0.07665,0.08024,0.07388
crops/hibogi_ai_02956_png_14.jpg,hibogi_ai_02956_png,HIBOGI_AI_02956_png_jpg.rf.21c76aab99ed52a5b4a1d2ffd54e58d9.jpg,,2,0,mild,no_caries,0.6853,0.68527,0.19619,0.07491,0.04364
crops/hibogi_ai_02956_png_15.jpg,hibogi_ai_02956_png,HIBOGI_AI_02956_png_jpg.rf.21c76aab99ed52a5b4a1d2ffd54e58d9.jpg,,2,0,mild,no_caries,0.6154,0.61539,0.23418,0.09892,0.05151
crops/hibogi_ai_02956_png_16.jpg,hibogi_ai_02956_png,HIBOGI_AI_02956_png_jpg.rf.21c76aab99ed52a5b4a1d2ffd54e58d9.jpg,,2,0,mild,mild,0.6444,0.28054,0.64436,0.04684,0.02826
crops/hibogi_ai_02956_png_17.jpg,hibogi_ai_02956_png,HIBOGI_AI_02956_png_jpg.rf.21c76aab99ed52a5b4a1d2ffd54e58d9.jpg,,2,0,mild,no_caries,0.4938,0.49382,0.39958,0.07283,0.03377
crops/hibogi_ai_02956_png_18.jpg,hibogi_ai_02956_png,HIBOGI_AI_02956_png_jpg.rf.21c76aab99ed52a5b4a1d2ffd54e58d9.jpg,,4,0,moderate,no_caries,0.4223,0.42229,0.02895,0.15284,0.39592
crops/hibogi_ai_02960_png_0.jpg,hibogi_ai_02960_png,HIBOGI_AI_02960_png_jpg.rf.307ff1189987238eb9eee6b18b385e4e.jpg,,0,0,no_caries,moderate,0.4917,0.0647,0.43026,0.49174,0.0133
crops/hibogi_ai_02960_png_1.jpg,hibogi_ai_02960_png,HIBOGI_AI_02960_png_jpg.rf.307ff1189987238eb9eee6b18b385e4e.jpg,,5,0,advanced,advanced,0.8664,0.00294,0.03207,0.09861,0.86639
crops/hibogi_ai_02960_png_2.jpg,hibogi_ai_02960_png,HIBOGI_AI_02960_png_jpg.rf.307ff1189987238eb9eee6b18b385e4e.jpg,,6,0,advanced,advanced,0.9124,0.02935,0.03866,0.01957,0.91242
crops/hibogi_ai_02960_png_3.jpg,hibogi_ai_02960_png,HIBOGI_AI_02960_png_jpg.rf.307ff1189987238eb9eee6b18b385e4e.jpg,,3,0,moderate,mild,0.5295,0.18305,0.52954,0.2179,0.06951
crops/hibogi_ai_02960_png_4.jpg,hibogi_ai_02960_png,HIBOGI_AI_02960_png_jpg.rf.307ff1189987238eb9eee6b18b385e4e.jpg,,0,0,no_caries,mild,0.6766,0.05709,0.67657,0.20766,0.05869
crops/hibogi_ai_02960_png_5.jpg,hibogi_ai_02960_png,HIBOGI_AI_02960_png_jpg.rf.307ff1189987238eb9eee6b18b385e4e.jpg,,0,0,no_caries,mild,0.4634,0.27208,0.46343,0.24437,0.02012
crops/hibogi_ai_02960_png_6.jpg,hibogi_ai_02960_png,HIBOGI_AI_02960_png_jpg.rf.307ff1189987238eb9eee6b18b385e4e.jpg,,0,0,no_caries,no_caries,0.5756,0.57564,0.36905,0.02155,0.03376
crops/hibogi_ai_02960_png_7.jpg,hibogi_ai_02960_png,HIBOGI_AI_02960_png_jpg.rf.307ff1189987238eb9eee6b18b385e4e.jpg,,0,0,no_caries,no_caries,0.7282,0.72824,0.13658,0.06853,0.06665
crops/hibogi_ai_02960_png_8.jpg,hibogi_ai_02960_png,HIBOGI_AI_02960_png_jpg.rf.307ff1189987238eb9eee6b18b385e4e.jpg,,0,0,no_caries,mild,0.4993,0.31148,0.4993,0.16606,0.02317
crops/hibogi_ai_02960_png_9.jpg,hibogi_ai_02960_png,HIBOGI_AI_02960_png_jpg.rf.307ff1189987238eb9eee6b18b385e4e.jpg,,0,0,no_caries,no_caries,0.4658,0.46577,0.43236,0.0407,0.06116
crops/hibogi_ai_02960_png_10.jpg,hibogi_ai_02960_png,HIBOGI_AI_02960_png_jpg.rf.307ff1189987238eb9eee6b18b385e4e.jpg,,0,0,no_caries,no_caries,0.5422,0.54223,0.21595,0.21055,0.03127
crops/hibogi_ai_02960_png_11.jpg,hibogi_ai_02960_png,HIBOGI_AI_02960_png_jpg.rf.307ff1189987238eb9eee6b18b385e4e.jpg,,0,0,no_caries,moderate,0.5197,0.13895,0.316,0.51972,0.02532
crops/hibogi_ai_02960_png_12.jpg,hibogi_ai_02960_png,HIBOGI_AI_02960_png_jpg.rf.307ff1189987238eb9eee6b18b385e4e.jpg,,5,0,advanced,moderate,0.5905,0.02774,0.10861,0.59047,0.27318
crops/hibogi_ai_02960_png_13.jpg,hibogi_ai_02960_png,HIBOGI_AI_02960_png_jpg.rf.307ff1189987238eb9eee6b18b385e4e.jpg,,3,0,moderate,moderate,0.5327,0.01141,0.24213,0.53271,0.21375
crops/hibogi_ai_02961_png_0.jpg,hibogi_ai_02961_png,HIBOGI_AI_02961_png_jpg.rf.4d17fa852881c602b3fb111547519420.jpg,,3,0,moderate,mild,0.4837,0.35381,0.48374,0.12533,0.03712
crops/hibogi_ai_02961_png_1.jpg,hibogi_ai_02961_png,HIBOGI_AI_02961_png_jpg.rf.4d17fa852881c602b3fb111547519420.jpg,,3,0,moderate,mild,0.9353,0.00365,0.93535,0.05684,0.00416
crops/hibogi_ai_02961_png_2.jpg,hibogi_ai_02961_png,HIBOGI_AI_02961_png_jpg.rf.4d17fa852881c602b3fb111547519420.jpg,,3,0,moderate,mild,0.6726,0.12865,0.67265,0.1365,0.0622
crops/hibogi_ai_02961_png_3.jpg,hibogi_ai_02961_png,HIBOGI_AI_02961_png_jpg.rf.4d17fa852881c602b3fb111547519420.jpg,,3,0,moderate,mild,0.9022,0.02298,0.9022,0.02435,0.05047
crops/hibogi_ai_02961_png_4.jpg,hibogi_ai_02961_png,HIBOGI_AI_02961_png_jpg.rf.4d17fa852881c602b3fb111547519420.jpg,,3,0,moderate,mild,0.9761,0.00204,0.97612,0.01453,0.00732
crops/hibogi_ai_02961_png_5.jpg,hibogi_ai_02961_png,HIBOGI_AI_02961_png_jpg.rf.4d17fa852881c602b3fb111547519420.jpg,,3,0,moderate,mild,0.7256,0.17219,0.7256,0.077,0.02521
crops/hibogi_ai_02961_png_6.jpg,hibogi_ai_02961_png,HIBOGI_AI_02961_png_jpg.rf.4d17fa852881c602b3fb111547519420.jpg,,3,0,moderate,mild,0.458,0.39951,0.45796,0.03047,0.11206
crops/hibogi_ai_02961_png_7.jpg,hibogi_ai_02961_png,HIBOGI_AI_02961_png_jpg.rf.4d17fa852881c602b3fb111547519420.jpg,,0,0,no_caries,no_caries,0.744,0.74402,0.12941,0.04029,0.08629
crops/hibogi_ai_02961_png_8.jpg,hibogi_ai_02961_png,HIBOGI_AI_02961_png_jpg.rf.4d17fa852881c602b3fb111547519420.jpg,,0,0,no_caries,no_caries,0.8362,0.83622,0.07356,0.03047,0.05974
crops/hibogi_ai_02961_png_9.jpg,hibogi_ai_02961_png,HIBOGI_AI_02961_png_jpg.rf.4d17fa852881c602b3fb111547519420.jpg,,0,0,no_caries,mild,0.4681,0.38634,0.46812,0.05657,0.08896
crops/hibogi_ai_02961_png_10.jpg,hibogi_ai_02961_png,HIBOGI_AI_02961_png_jpg.rf.4d17fa852881c602b3fb111547519420.jpg,,3,0,moderate,mild,0.9259,0.00601,0.92594,0.03883,0.02921
crops/hibogi_ai_02961_png_11.jpg,hibogi_ai_02961_png,HIBOGI_AI_02961_png_jpg.rf.4d17fa852881c602b3fb111547519420.jpg,,3,0,moderate,mild,0.996,0.00068,0.99599,0.00087,0.00246
crops/hibogi_ai_02961_png_12.jpg,hibogi_ai_02961_png,HIBOGI_AI_02961_png_jpg.rf.4d17fa852881c602b3fb111547519420.jpg,,3,0,moderate,mild,0.9815,0.00569,0.98146,0.00883,0.00402
crops/hibogi_ai_02961_png_13.jpg,hibogi_ai_02961_png,HIBOGI_AI_02961_png_jpg.rf.4d17fa852881c602b3fb111547519420.jpg,,3,0,moderate,mild,0.9894,0.00285,0.98936,0.00518,0.00261
crops/hibogi_ai_02961_png_14.jpg,hibogi_ai_02961_png,HIBOGI_AI_02961_png_jpg.rf.4d17fa852881c602b3fb111547519420.jpg,,3,0,moderate,mild,0.9917,0.0004,0.99166,0.00071,0.00724
crops/hibogi_ai_02961_png_15.jpg,hibogi_ai_02961_png,HIBOGI_AI_02961_png_jpg.rf.4d17fa852881c602b3fb111547519420.jpg,,3,0,moderate,mild,0.8414,0.10684,0.84139,0.01707,0.03471
crops/hibogi_ai_02961_png_16.jpg,hibogi_ai_02961_png,HIBOGI_AI_02961_png_jpg.rf.4d17fa852881c602b3fb111547519420.jpg,,3,0,moderate,mild,0.5609,0.40753,0.5609,0.00647,0.0251
crops/hibogi_ai_02961_png_17.jpg,hibogi_ai_02961_png,HIBOGI_AI_02961_png_jpg.rf.4d17fa852881c602b3fb111547519420.jpg,,3,0,moderate,no_caries,0.4136,0.41362,0.41164,0.0475,0.12725
crops/hibogi_ai_02968_png_0.jpg,hibogi_ai_02968_png,HIBOGI_AI_02968_png_jpg.rf.498a1c8dd5897cc6356ca9e8f629a956.jpg,,2,0,mild,advanced,0.6998,0.12369,0.10352,0.07302,0.69977
crops/hibogi_ai_02968_png_1.jpg,hibogi_ai_02968_png,HIBOGI_AI_02968_png_jpg.rf.498a1c8dd5897cc6356ca9e8f629a956.jpg,,0,0,no_caries,no_caries,0.7575,0.75746,0.11109,0.05787,0.07358
crops/hibogi_ai_02968_png_2.jpg,hibogi_ai_02968_png,HIBOGI_AI_02968_png_jpg.rf.498a1c8dd5897cc6356ca9e8f629a956.jpg,,0,0,no_caries,no_caries,0.7803,0.7803,0.07732,0.06104,0.08135
crops/hibogi_ai_02968_png_3.jpg,hibogi_ai_02968_png,HIBOGI_AI_02968_png_jpg.rf.498a1c8dd5897cc6356ca9e8f629a956.jpg,,0,0,no_caries,no_caries,0.721,0.72098,0.14821,0.03585,0.09496
crops/hibogi_ai_02968_png_4.jpg,hibogi_ai_02968_png,HIBOGI_AI_02968_png_jpg.rf.498a1c8dd5897cc6356ca9e8f629a956.jpg,,0,0,no_caries,no_caries,0.8169,0.81693,0.05506,0.05229,0.07572
crops/hibogi_ai_02968_png_5.jpg,hibogi_ai_02968_png,HIBOGI_AI_02968_png_jpg.rf.498a1c8dd5897cc6356ca9e8f629a956.jpg,,0,0,no_caries,no_caries,0.6757,0.67566,0.08053,0.16013,0.08368
crops/hibogi_ai_02968_png_6.jpg,hibogi_ai_02968_png,HIBOGI_AI_02968_png_jpg.rf.498a1c8dd5897cc6356ca9e8f629a956.jpg,,0,0,no_caries,no_caries,0.8609,0.86085,0.02695,0.08126,0.03094
crops/hibogi_ai_02968_png_7.jpg,hibogi_ai_02968_png,HIBOGI_AI_02968_png_jpg.rf.498a1c8dd5897cc6356ca9e8f629a956.jpg,,0,0,no_caries,no_caries,0.7886,0.78857,0.12923,0.03487,0.04733
crops/hibogi_ai_02968_png_8.jpg,hibogi_ai_02968_png,HIBOGI_AI_02968_png_jpg.rf.498a1c8dd5897cc6356ca9e8f629a956.jpg,,0,0,no_caries,no_caries,0.7753,0.77531,0.16074,0.03113,0.03282
crops/hibogi_ai_02968_png_9.jpg,hibogi_ai_02968_png,HIBOGI_AI_02968_png_jpg.rf.498a1c8dd5897cc6356ca9e8f629a956.jpg,,0,0,no_caries,no_caries,0.767,0.76703,0.05709,0.08533,0.09055
crops/hibogi_ai_02968_png_10.jpg,hibogi_ai_02968_png,HIBOGI_AI_02968_png_jpg.rf.498a1c8dd5897cc6356ca9e8f629a956.jpg,,0,0,no_caries,no_caries,0.8242,0.8242,0.04124,0.08904,0.04552
crops/hibogi_ai_02974_png_0.jpg,hibogi_ai_02974_png,HIBOGI_AI_02974_png_jpg.rf.1c6a555288b00b02f24171b0f8a13e0c.jpg,,0,0,no_caries,moderate,0.5673,0.38982,0.02866,0.56729,0.01423
crops/hibogi_ai_02974_png_1.jpg,hibogi_ai_02974_png,HIBOGI_AI_02974_png_jpg.rf.1c6a555288b00b02f24171b0f8a13e0c.jpg,,2,0,mild,moderate,0.6237,0.01732,0.26811,0.62371,0.09087
crops/hibogi_ai_02974_png_2.jpg,hibogi_ai_02974_png,HIBOGI_AI_02974_png_jpg.rf.1c6a555288b00b02f24171b0f8a13e0c.jpg,,2,0,mild,mild,0.7987,0.01397,0.79874,0.1732,0.01408
crops/hibogi_ai_02974_png_3.jpg,hibogi_ai_02974_png,HIBOGI_AI_02974_png_jpg.rf.1c6a555288b00b02f24171b0f8a13e0c.jpg,,5,0,advanced,moderate,0.8797,0.00456,0.02294,0.87973,0.09277
crops/hibogi_ai_02974_png_4.jpg,hibogi_ai_02974_png,HIBOGI_AI_02974_png_jpg.rf.1c6a555288b00b02f24171b0f8a13e0c.jpg,,0,0,no_caries,no_caries,0.6807,0.68068,0.15281,0.09866,0.06785
crops/hibogi_ai_02974_png_5.jpg,hibogi_ai_02974_png,HIBOGI_AI_02974_png_jpg.rf.1c6a555288b00b02f24171b0f8a13e0c.jpg,,0,0,no_caries,mild,0.5233,0.33838,0.52329,0.04632,0.09201
crops/hibogi_ai_02974_png_6.jpg,hibogi_ai_02974_png,HIBOGI_AI_02974_png_jpg.rf.1c6a555288b00b02f24171b0f8a13e0c.jpg,,0,0,no_caries,no_caries,0.5398,0.5398,0.2555,0.12786,0.07683
crops/hibogi_ai_02974_png_7.jpg,hibogi_ai_02974_png,HIBOGI_AI_02974_png_jpg.rf.1c6a555288b00b02f24171b0f8a13e0c.jpg,,0,0,no_caries,no_caries,0.6733,0.67333,0.1727,0.08817,0.06579
crops/hibogi_ai_02974_png_8.jpg,hibogi_ai_02974_png,HIBOGI_AI_02974_png_jpg.rf.1c6a555288b00b02f24171b0f8a13e0c.jpg,,0,0,no_caries,no_caries,0.4569,0.45686,0.42231,0.1012,0.01963
crops/hibogi_ai_02981_png_0.jpg,hibogi_ai_02981_png,HIBOGI_AI_02981_png_jpg.rf.7b60c0527c4b609ecf6ad7f44be6714b.jpg,,0,0,no_caries,mild,0.5354,0.12613,0.53544,0.3147,0.02373
crops/hibogi_ai_02981_png_1.jpg,hibogi_ai_02981_png,HIBOGI_AI_02981_png_jpg.rf.7b60c0527c4b609ecf6ad7f44be6714b.jpg,,5,0,advanced,advanced,0.7277,0.0282,0.18529,0.05879,0.72772
crops/hibogi_ai_02981_png_2.jpg,hibogi_ai_02981_png,HIBOGI_AI_02981_png_jpg.rf.7b60c0527c4b609ecf6ad7f44be6714b.jpg,,0,0,no_caries,moderate,0.6823,0.21941,0.06799,0.68228,0.03033
crops/hibogi_ai_02981_png_3.jpg,hibogi_ai_02981_png,HIBOGI_AI_02981_png_jpg.rf.7b60c0527c4b609ecf6ad7f44be6714b.jpg,,0,0,no_caries,no_caries,0.6934,0.69343,0.05523,0.18465,0.06669
crops/hibogi_ai_02981_png_4.jpg,hibogi_ai_02981_png,HIBOGI_AI_02981_png_jpg.rf.7b60c0527c4b609ecf6ad7f44be6714b.jpg,,0,0,no_caries,no_caries,0.7094,0.70936,0.1198,0.09265,0.07819
crops/hibogi_ai_02981_png_5.jpg,hibogi_ai_02981_png,HIBOGI_AI_02981_png_jpg.rf.7b60c0527c4b609ecf6ad7f44be6714b.jpg,,0,0,no_caries,no_caries,0.5715,0.57153,0.14108,0.2089,0.07848
crops/hibogi_ai_02981_png_6.jpg,hibogi_ai_02981_png,HIBOGI_AI_02981_png_jpg.rf.7b60c0527c4b609ecf6ad7f44be6714b.jpg,,0,0,no_caries,no_caries,0.555,0.555,0.03736,0.38126,0.02638
crops/hibogi_ai_02981_png_7.jpg,hibogi_ai_02981_png,HIBOGI_AI_02981_png_jpg.rf.7b60c0527c4b609ecf6ad7f44be6714b.jpg,,0,0,no_caries,no_caries,0.707,0.70701,0.11218,0.14086,0.03996
crops/hibogi_ai_02981_png_8.jpg,hibogi_ai_02981_png,HIBOGI_AI_02981_png_jpg.rf.7b60c0527c4b609ecf6ad7f44be6714b.jpg,,0,0,no_caries,no_caries,0.614,0.61399,0.20978,0.12255,0.05367
crops/hibogi_ai_02981_png_9.jpg,hibogi_ai_02981_png,HIBOGI_AI_02981_png_jpg.rf.7b60c0527c4b609ecf6ad7f44be6714b.jpg,,0,0,no_caries,mild,0.4082,0.38427,0.40817,0.18313,0.02443
crops/hibogi_ai_02981_png_10.jpg,hibogi_ai_02981_png,HIBOGI_AI_02981_png_jpg.rf.7b60c0527c4b609ecf6ad7f44be6714b.jpg,,0,0,no_caries,no_caries,0.593,0.59304,0.06446,0.28804,0.05446
crops/hibogi_ai_02981_png_11.jpg,hibogi_ai_02981_png,HIBOGI_AI_02981_png_jpg.rf.7b60c0527c4b609ecf6ad7f44be6714b.jpg,,0,0,no_caries,no_caries,0.491,0.49104,0.31559,0.11663,0.07674
crops/hibogi_ai_02981_png_12.jpg,hibogi_ai_02981_png,HIBOGI_AI_02981_png_jpg.rf.7b60c0527c4b609ecf6ad7f44be6714b.jpg,,0,0,no_caries,no_caries,0.7372,0.73725,0.12716,0.06826,0.06733
crops/hibogi_ai_03004_png_0.jpg,hibogi_ai_03004_png,HIBOGI_AI_03004_png_jpg.rf.13d3d6b7d5d8b6ddfee26ae16a4fa732.jpg,,0,0,no_caries,advanced,0.7065,0.12034,0.12344,0.04972,0.7065
crops/hibogi_ai_03004_png_1.jpg,hibogi_ai_03004_png,HIBOGI_AI_03004_png_jpg.rf.13d3d6b7d5d8b6ddfee26ae16a4fa732.jpg,,0,0,no_caries,no_caries,0.7483,0.74829,0.08627,0.12207,0.04338
crops/hibogi_ai_03004_png_2.jpg,hibogi_ai_03004_png,HIBOGI_AI_03004_png_jpg.rf.13d3d6b7d5d8b6ddfee26ae16a4fa732.jpg,,0,0,no_caries,advanced,0.4756,0.33735,0.02841,0.15862,0.47562
crops/hibogi_ai_03004_png_3.jpg,hibogi_ai_03004_png,HIBOGI_AI_03004_png_jpg.rf.13d3d6b7d5d8b6ddfee26ae16a4fa732.jpg,,6,0,advanced,advanced,0.9021,0.01513,0.01335,0.06941,0.90211
crops/hibogi_ai_03004_png_4.jpg,hibogi_ai_03004_png,HIBOGI_AI_03004_png_jpg.rf.13d3d6b7d5d8b6ddfee26ae16a4fa732.jpg,,0,0,no_caries,no_caries,0.6031,0.60312,0.30845,0.04558,0.04284
crops/hibogi_ai_03004_png_5.jpg,hibogi_ai_03004_png,HIBOGI_AI_03004_png_jpg.rf.13d3d6b7d5d8b6ddfee26ae16a4fa732.jpg,,0,0,no_caries,no_caries,0.6091,0.60914,0.28619,0.05361,0.05106
crops/hibogi_ai_03004_png_6.jpg,hibogi_ai_03004_png,HIBOGI_AI_03004_png_jpg.rf.13d3d6b7d5d8b6ddfee26ae16a4fa732.jpg,,2,0,mild,no_caries,0.4735,0.47348,0.28835,0.0465,0.19167
crops/hibogi_ai_03004_png_7.jpg,hibogi_ai_03004_png,HIBOGI_AI_03004_png_jpg.rf.13d3d6b7d5d8b6ddfee26ae16a4fa732.jpg,,0,0,no_caries,no_caries,0.7049,0.70489,0.16222,0.05698,0.07591
crops/hibogi_ai_03004_png_8.jpg,hibogi_ai_03004_png,HIBOGI_AI_03004_png_jpg.rf.13d3d6b7d5d8b6ddfee26ae16a4fa732.jpg,,0,0,no_caries,no_caries,0.6303,0.63033,0.23154,0.0723,0.06583
crops/hibogi_ai_03004_png_9.jpg,hibogi_ai_03004_png,HIBOGI_AI_03004_png_jpg.rf.13d3d6b7d5d8b6ddfee26ae16a4fa732.jpg,,0,0,no_caries,no_caries,0.6915,0.69148,0.2046,0.05718,0.04674
crops/hibogi_ai_03004_png_10.jpg,hibogi_ai_03004_png,HIBOGI_AI_03004_png_jpg.rf.13d3d6b7d5d8b6ddfee26ae16a4fa732.jpg,,0,0,no_caries,no_caries,0.7593,0.75933,0.10409,0.10372,0.03286
crops/hibogi_ai_03004_png_11.jpg,hibogi_ai_03004_png,HIBOGI_AI_03004_png_jpg.rf.13d3d6b7d5d8b6ddfee26ae16a4fa732.jpg,,0,0,no_caries,no_caries,0.5197,0.51973,0.4264,0.01452,0.03935
crops/hibogi_ai_03004_png_12.jpg,hibogi_ai_03004_png,HIBOGI_AI_03004_png_jpg.rf.13d3d6b7d5d8b6ddfee26ae16a4fa732.jpg,,0,0,no_caries,no_caries,0.6527,0.65273,0.20115,0.08229,0.06383
crops/hibogi_ai_03004_png_13.jpg,hibogi_ai_03004_png,HIBOGI_AI_03004_png_jpg.rf.13d3d6b7d5d8b6ddfee26ae16a4fa732.jpg,,0,0,no_caries,no_caries,0.7741,0.77412,0.06242,0.08772,0.07573
crops/hibogi_ai_03004_png_14.jpg,hibogi_ai_03004_png,HIBOGI_AI_03004_png_jpg.rf.13d3d6b7d5d8b6ddfee26ae16a4fa732.jpg,,0,0,no_caries,no_caries,0.8628,0.86285,0.01561,0.08233,0.03922
crops/hibogi_ai_03004_png_15.jpg,hibogi_ai_03004_png,HIBOGI_AI_03004_png_jpg.rf.13d3d6b7d5d8b6ddfee26ae16a4fa732.jpg,,0,0,no_caries,no_caries,0.8303,0.83028,0.0252,0.04591,0.09861
crops/hibogi_ai_03013_png_0.jpg,hibogi_ai_03013_png,HIBOGI_AI_03013_png_jpg.rf.531189d728db8c928363762a0ce5f4f8.jpg,,0,0,no_caries,no_caries,0.4801,0.48008,0.4217,0.04447,0.05374
crops/hibogi_ai_03013_png_1.jpg,hibogi_ai_03013_png,HIBOGI_AI_03013_png_jpg.rf.531189d728db8c928363762a0ce5f4f8.jpg,,0,0,no_caries,no_caries,0.8095,0.8095,0.05501,0.06573,0.06977
crops/hibogi_ai_03013_png_2.jpg,hibogi_ai_03013_png,HIBOGI_AI_03013_png_jpg.rf.531189d728db8c928363762a0ce5f4f8.jpg,,0,0,no_caries,no_caries,0.7342,0.7342,0.1543,0.06437,0.04712
crops/hibogi_ai_03013_png_3.jpg,hibogi_ai_03013_png,HIBOGI_AI_03013_png_jpg.rf.531189d728db8c928363762a0ce5f4f8.jpg,,0,0,no_caries,no_caries,0.7236,0.72362,0.10852,0.13427,0.03359
crops/hibogi_ai_03013_png_4.jpg,hibogi_ai_03013_png,HIBOGI_AI_03013_png_jpg.rf.531189d728db8c928363762a0ce5f4f8.jpg,,0,0,no_caries,no_caries,0.653,0.65297,0.27113,0.03962,0.03628
crops/hibogi_ai_03013_png_5.jpg,hibogi_ai_03013_png,HIBOGI_AI_03013_png_jpg.rf.531189d728db8c928363762a0ce5f4f8.jpg,,0,0,no_caries,no_caries,0.7017,0.70166,0.21438,0.02965,0.05431
crops/hibogi_ai_03013_png_6.jpg,hibogi_ai_03013_png,HIBOGI_AI_03013_png_jpg.rf.531189d728db8c928363762a0ce5f4f8.jpg,,0,0,no_caries,no_caries,0.5787,0.57873,0.16093,0.16003,0.10031
crops/hibogi_ai_03013_png_7.jpg,hibogi_ai_03013_png,HIBOGI_AI_03013_png_jpg.rf.531189d728db8c928363762a0ce5f4f8.jpg,,6,0,advanced,advanced,0.9604,0.01985,0.00803,0.01171,0.9604
crops/hibogi_ai_03013_png_8.jpg,hibogi_ai_03013_png,HIBOGI_AI_03013_png_jpg.rf.531189d728db8c928363762a0ce5f4f8.jpg,,0,0,no_caries,no_caries,0.7661,0.76611,0.14074,0.04368,0.04947
crops/hibogi_ai_03013_png_9.jpg,hibogi_ai_03013_png,HIBOGI_AI_03013_png_jpg.rf.531189d728db8c928363762a0ce5f4f8.jpg,,0,0,no_caries,no_caries,0.8343,0.83434,0.01424,0.10987,0.04155
crops/hibogi_ai_03013_png_10.jpg,hibogi_ai_03013_png,HIBOGI_AI_03013_png_jpg.rf.531189d728db8c928363762a0ce5f4f8.jpg,,0,0,no_caries,no_caries,0.8326,0.83256,0.05732,0.07704,0.03308
crops/hibogi_ai_03013_png_11.jpg,hibogi_ai_03013_png,HIBOGI_AI_03013_png_jpg.rf.531189d728db8c928363762a0ce5f4f8.jpg,,0,0,no_caries,no_caries,0.7798,0.77985,0.11168,0.0579,0.05058
crops/hibogi_ai_03013_png_12.jpg,hibogi_ai_03013_png,HIBOGI_AI_03013_png_jpg.rf.531189d728db8c928363762a0ce5f4f8.jpg,,0,0,no_caries,no_caries,0.8349,0.83494,0.03917,0.06556,0.06034
crops/hibogi_ai_03013_png_13.jpg,hibogi_ai_03013_png,HIBOGI_AI_03013_png_jpg.rf.531189d728db8c928363762a0ce5f4f8.jpg,,0,0,no_caries,no_caries,0.8033,0.80328,0.00574,0.16222,0.02876
crops/hibogi_ai_03028_png_0.jpg,hibogi_ai_03028_png,HIBOGI_AI_03028_png_jpg.rf.7c1bed4fb5e92804e91238ddcf8f296b.jpg,,3,0,moderate,moderate,0.3493,0.31416,0.14111,0.34935,0.19538
crops/hibogi_ai_03028_png_1.jpg,hibogi_ai_03028_png,HIBOGI_AI_03028_png_jpg.rf.7c1bed4fb5e92804e91238ddcf8f296b.jpg,,0,0,no_caries,no_caries,0.6907,0.69073,0.10415,0.11661,0.08851
crops/hibogi_ai_03028_png_2.jpg,hibogi_ai_03028_png,HIBOGI_AI_03028_png_jpg.rf.7c1bed4fb5e92804e91238ddcf8f296b.jpg,,0,0,no_caries,no_caries,0.6802,0.68018,0.19365,0.04049,0.08569
crops/hibogi_ai_03028_png_3.jpg,hibogi_ai_03028_png,HIBOGI_AI_03028_png_jpg.rf.7c1bed4fb5e92804e91238ddcf8f296b.jpg,,0,0,no_caries,no_caries,0.6365,0.63654,0.19819,0.06618,0.09908
crops/hibogi_ai_03028_png_4.jpg,hibogi_ai_03028_png,HIBOGI_AI_03028_png_jpg.rf.7c1bed4fb5e92804e91238ddcf8f296b.jpg,,0,0,no_caries,no_caries,0.6944,0.69437,0.1417,0.05162,0.11232
crops/hibogi_ai_03028_png_5.jpg,hibogi_ai_03028_png,HIBOGI_AI_03028_png_jpg.rf.7c1bed4fb5e92804e91238ddcf8f296b.jpg,,0,0,no_caries,no_caries,0.5654,0.56538,0.2599,0.12211,0.05261
crops/hibogi_ai_03028_png_6.jpg,hibogi_ai_03028_png,HIBOGI_AI_03028_png_jpg.rf.7c1bed4fb5e92804e91238ddcf8f296b.jpg,,0,0,no_caries,no_caries,0.7017,0.70172,0.23038,0.03393,0.03396
crops/hibogi_ai_03028_png_7.jpg,hibogi_ai_03028_png,HIBOGI_AI_03028_png_jpg.rf.7c1bed4fb5e92804e91238ddcf8f296b.jpg,,0,0,no_caries,no_caries,0.5774,0.57743,0.33604,0.04547,0.04105
crops/hibogi_ai_03028_png_8.jpg,hibogi_ai_03028_png,HIBOGI_AI_03028_png_jpg.rf.7c1bed4fb5e92804e91238ddcf8f296b.jpg,,0,0,no_caries,no_caries,0.8812,0.88125,0.05176,0.02828,0.03872
crops/hibogi_ai_03028_png_9.jpg,hibogi_ai_03028_png,HIBOGI_AI_03028_png_jpg.rf.7c1bed4fb5e92804e91238ddcf8f296b.jpg,,0,0,no_caries,no_caries,0.9093,0.9093,0.03555,0.02852,0.02662
crops/hibogi_ai_03028_png_10.jpg,hibogi_ai_03028_png,HIBOGI_AI_03028_png_jpg.rf.7c1bed4fb5e92804e91238ddcf8f296b.jpg,,0,0,no_caries,no_caries,0.6007,0.60069,0.13853,0.21798,0.0428
crops/hibogi_ai_03028_png_11.jpg,hibogi_ai_03028_png,HIBOGI_AI_03028_png_jpg.rf.7c1bed4fb5e92804e91238ddcf8f296b.jpg,,0,0,no_caries,no_caries,0.6103,0.61033,0.29125,0.05647,0.04194
crops/hibogi_ai_03028_png_12.jpg,hibogi_ai_03028_png,HIBOGI_AI_03028_png_jpg.rf.7c1bed4fb5e92804e91238ddcf8f296b.jpg,,0,0,no_caries,no_caries,0.7139,0.71393,0.22467,0.0307,0.0307
crops/hibogi_ai_03028_png_13.jpg,hibogi_ai_03028_png,HIBOGI_AI_03028_png_jpg.rf.7c1bed4fb5e92804e91238ddcf8f296b.jpg,,0,0,no_caries,mild,0.7364,0.11619,0.73642,0.13266,0.01473
crops/hibogi_ai_03028_png_14.jpg,hibogi_ai_03028_png,HIBOGI_AI_03028_png_jpg.rf.7c1bed4fb5e92804e91238ddcf8f296b.jpg,,0,0,no_caries,mild,0.5763,0.33106,0.57627,0.05585,0.03682
crops/hibogi_ai_03028_png_15.jpg,hibogi_ai_03028_png,HIBOGI_AI_03028_png_jpg.rf.7c1bed4fb5e92804e91238ddcf8f296b.jpg,,0,0,no_caries,no_caries,0.7419,0.74185,0.11714,0.07202,0.06899
crops/hibogi_ai_03043_png_0.jpg,hibogi_ai_03043_png,HIBOGI_AI_03043_png_jpg.rf.d89a2758ff94aad1b42bad0783753451.jpg,,5,0,advanced,no_caries,0.4149,0.41491,0.31617,0.16311,0.10581
crops/hibogi_ai_03043_png_1.jpg,hibogi_ai_03043_png,HIBOGI_AI_03043_png_jpg.rf.d89a2758ff94aad1b42bad0783753451.jpg,,0,0,no_caries,no_caries,0.4894,0.48939,0.30395,0.19317,0.01349
crops/hibogi_ai_03043_png_2.jpg,hibogi_ai_03043_png,HIBOGI_AI_03043_png_jpg.rf.d89a2758ff94aad1b42bad0783753451.jpg,,2,0,mild,moderate,0.7001,0.25319,0.03747,0.70006,0.00928
crops/hibogi_ai_03043_png_3.jpg,hibogi_ai_03043_png,HIBOGI_AI_03043_png_jpg.rf.d89a2758ff94aad1b42bad0783753451.jpg,,0,0,no_caries,no_caries,0.575,0.57503,0.25254,0.03522,0.13721
crops/hibogi_ai_03043_png_4.jpg,hibogi_ai_03043_png,HIBOGI_AI_03043_png_jpg.rf.d89a2758ff94aad1b42bad0783753451.jpg,,0,0,no_caries,no_caries,0.7081,0.7081,0.0213,0.17711,0.09349
crops/hibogi_ai_03043_png_5.jpg,hibogi_ai_03043_png,HIBOGI_AI_03043_png_jpg.rf.d89a2758ff94aad1b42bad0783753451.jpg,,0,0,no_caries,no_caries,0.8233,0.82332,0.02908,0.07378,0.07382
crops/hibogi_ai_03043_png_6.jpg,hibogi_ai_03043_png,HIBOGI_AI_03043_png_jpg.rf.d89a2758ff94aad1b42bad0783753451.jpg,,0,0,no_caries,no_caries,0.8394,0.83936,0.02077,0.06378,0.07608
crops/hibogi_ai_03043_png_7.jpg,hibogi_ai_03043_png,HIBOGI_AI_03043_png_jpg.rf.d89a2758ff94aad1b42bad0783753451.jpg,,0,0,no_caries,no_caries,0.7775,0.77747,0.07876,0.07791,0.06585
crops/hibogi_ai_03043_png_8.jpg,hibogi_ai_03043_png,HIBOGI_AI_03043_png_jpg.rf.d89a2758ff94aad1b42bad0783753451.jpg,,0,0,no_caries,no_caries,0.8013,0.80127,0.05516,0.06912,0.07444
crops/hibogi_ai_03043_png_9.jpg,hibogi_ai_03043_png,HIBOGI_AI_03043_png_jpg.rf.d89a2758ff94aad1b42bad0783753451.jpg,,0,0,no_caries,no_caries,0.5339,0.53386,0.33069,0.08707,0.04838
crops/hibogi_ai_03043_png_10.jpg,hibogi_ai_03043_png,HIBOGI_AI_03043_png_jpg.rf.d89a2758ff94aad1b42bad0783753451.jpg,,0,0,no_caries,mild,0.8135,0.06995,0.81353,0.10619,0.01033
crops/hibogi_ai_03043_png_11.jpg,hibogi_ai_03043_png,HIBOGI_AI_03043_png_jpg.rf.d89a2758ff94aad1b42bad0783753451.jpg,,3,0,moderate,moderate,0.7868,0.02091,0.1453,0.78677,0.04702
crops/hibogi_ai_03061_png_0.jpg,hibogi_ai_03061_png,HIBOGI_AI_03061_png_jpg.rf.eb43e010a090df52399952c6ff9c531c.jpg,,0,0,no_caries,mild,0.9206,0.06875,0.92057,0.00533,0.00536
crops/hibogi_ai_03061_png_1.jpg,hibogi_ai_03061_png,HIBOGI_AI_03061_png_jpg.rf.eb43e010a090df52399952c6ff9c531c.jpg,,5,0,advanced,moderate,0.6811,0.04109,0.17094,0.6811,0.10688
crops/hibogi_ai_03061_png_2.jpg,hibogi_ai_03061_png,HIBOGI_AI_03061_png_jpg.rf.eb43e010a090df52399952c6ff9c531c.jpg,,2,0,mild,advanced,0.4971,0.13716,0.20834,0.15739,0.4971
crops/hibogi_ai_03061_png_3.jpg,hibogi_ai_03061_png,HIBOGI_AI_03061_png_jpg.rf.eb43e010a090df52399952c6ff9c531c.jpg,,2,0,mild,no_caries,0.6991,0.69907,0.07406,0.18467,0.0422
crops/hibogi_ai_03061_png_4.jpg,hibogi_ai_03061_png,HIBOGI_AI_03061_png_jpg.rf.eb43e010a090df52399952c6ff9c531c.jpg,,0,0,no_caries,no_caries,0.8099,0.80986,0.0277,0.12278,0.03966
crops/hibogi_ai_03061_png_5.jpg,hibogi_ai_03061_png,HIBOGI_AI_03061_png_jpg.rf.eb43e010a090df52399952c6ff9c531c.jpg,,0,0,no_caries,moderate,0.454,0.44583,0.06884,0.45398,0.03135
crops/hibogi_ai_03061_png_6.jpg,hibogi_ai_03061_png,HIBOGI_AI_03061_png_jpg.rf.eb43e010a090df52399952c6ff9c531c.jpg,,0,0,no_caries,no_caries,0.6774,0.67743,0.08141,0.09186,0.1493
crops/hibogi_ai_03061_png_7.jpg,hibogi_ai_03061_png,HIBOGI_AI_03061_png_jpg.rf.eb43e010a090df52399952c6ff9c531c.jpg,,0,0,no_caries,no_caries,0.4693,0.46934,0.13951,0.21136,0.17979
crops/hibogi_ai_03061_png_8.jpg,hibogi_ai_03061_png,HIBOGI_AI_03061_png_jpg.rf.eb43e010a090df52399952c6ff9c531c.jpg,,0,0,no_caries,mild,0.7153,0.04709,0.71529,0.23403,0.00359
crops/hibogi_ai_03061_png_9.jpg,hibogi_ai_03061_png,HIBOGI_AI_03061_png_jpg.rf.eb43e010a090df52399952c6ff9c531c.jpg,,0,0,no_caries,mild,0.6722,0.24062,0.67224,0.03298,0.05417
crops/hibogi_ai_03061_png_10.jpg,hibogi_ai_03061_png,HIBOGI_AI_03061_png_jpg.rf.eb43e010a090df52399952c6ff9c531c.jpg,,3,0,moderate,mild,0.6512,0.1555,0.6512,0.16881,0.02448
crops/hibogi_ai_03061_png_11.jpg,hibogi_ai_03061_png,HIBOGI_AI_03061_png_jpg.rf.eb43e010a090df52399952c6ff9c531c.jpg,,0,0,no_caries,mild,0.7892,0.13343,0.78922,0.05445,0.0229
crops/hibogi_ai_03061_png_12.jpg,hibogi_ai_03061_png,HIBOGI_AI_03061_png_jpg.rf.eb43e010a090df52399952c6ff9c531c.jpg,,0,0,no_caries,no_caries,0.7196,0.71958,0.19076,0.05944,0.03022
crops/hibogi_ai_03061_png_13.jpg,hibogi_ai_03061_png,HIBOGI_AI_03061_png_jpg.rf.eb43e010a090df52399952c6ff9c531c.jpg,,5,0,advanced,mild,0.5107,0.35659,0.51065,0.03194,0.10082
crops/hibogi_ai_03061_png_14.jpg,hibogi_ai_03061_png,HIBOGI_AI_03061_png_jpg.rf.eb43e010a090df52399952c6ff9c531c.jpg,,0,0,no_caries,no_caries,0.8322,0.83219,0.02844,0.10929,0.03008
crops/hibogi_ai_03061_png_15.jpg,hibogi_ai_03061_png,HIBOGI_AI_03061_png_jpg.rf.eb43e010a090df52399952c6ff9c531c.jpg,,0,0,no_caries,no_caries,0.7846,0.78464,0.12343,0.05415,0.03777
crops/hibogi_ai_03061_png_16.jpg,hibogi_ai_03061_png,HIBOGI_AI_03061_png_jpg.rf.eb43e010a090df52399952c6ff9c531c.jpg,,2,0,mild,moderate,0.4302,0.20565,0.33751,0.43023,0.02661
crops/hibogi_ai_03061_png_17.jpg,hibogi_ai_03061_png,HIBOGI_AI_03061_png_jpg.rf.eb43e010a090df52399952c6ff9c531c.jpg,,2,0,mild,mild,0.4935,0.08874,0.49354,0.25585,0.16187
crops/hibogi_ai_03070_png_0.jpg,hibogi_ai_03070_png,HIBOGI_AI_03070_png_jpg.rf.ed3ebbff4235857b4b82bc31b3012d83.jpg,,3,0,moderate,moderate,0.7463,0.00257,0.24749,0.74626,0.00368
crops/hibogi_ai_03070_png_1.jpg,hibogi_ai_03070_png,HIBOGI_AI_03070_png_jpg.rf.ed3ebbff4235857b4b82bc31b3012d83.jpg,,0,0,no_caries,mild,0.9111,0.04619,0.9111,0.04096,0.00175
crops/hibogi_ai_03070_png_2.jpg,hibogi_ai_03070_png,HIBOGI_AI_03070_png_jpg.rf.ed3ebbff4235857b4b82bc31b3012d83.jpg,,0,0,no_caries,mild,0.6755,0.20365,0.67553,0.09766,0.02316
crops/hibogi_ai_03070_png_3.jpg,hibogi_ai_03070_png,HIBOGI_AI_03070_png_jpg.rf.ed3ebbff4235857b4b82bc31b3012d83.jpg,,0,0,no_caries,mild,0.4913,0.45158,0.49132,0.0313,0.0258
crops/hibogi_ai_03070_png_4.jpg,hibogi_ai_03070_png,HIBOGI_AI_03070_png_jpg.rf.ed3ebbff4235857b4b82bc31b3012d83.jpg,,0,0,no_caries,no_caries,0.6295,0.62951,0.00916,0.34765,0.01368
crops/hibogi_ai_03070_png_5.jpg,hibogi_ai_03070_png,HIBOGI_AI_03070_png_jpg.rf.ed3ebbff4235857b4b82bc31b3012d83.jpg,,0,0,no_caries,no_caries,0.5567,0.55668,0.03345,0.38443,0.02544
crops/hibogi_ai_03070_png_6.jpg,hibogi_ai_03070_png,HIBOGI_AI_03070_png_jpg.rf.ed3ebbff4235857b4b82bc31b3012d83.jpg,,0,0,no_caries,moderate,0.4725,0.43707,0.05375,0.47249,0.03669
crops/hibogi_ai_03070_png_7.jpg,hibogi_ai_03070_png,HIBOGI_AI_03070_png_jpg.rf.ed3ebbff4235857b4b82bc31b3012d83.jpg,,0,0,no_caries,no_caries,0.823,0.82304,0.04982,0.11011,0.01704
crops/hibogi_ai_03070_png_8.jpg,hibogi_ai_03070_png,HIBOGI_AI_03070_png_jpg.rf.ed3ebbff4235857b4b82bc31b3012d83.jpg,,0,0,no_caries,mild,0.5363,0.25616,0.53626,0.19246,0.01512
crops/hibogi_ai_03070_png_9.jpg,hibogi_ai_03070_png,HIBOGI_AI_03070_png_jpg.rf.ed3ebbff4235857b4b82bc31b3012d83.jpg,,2,0,mild,mild,0.6946,0.07119,0.69463,0.20579,0.0284
crops/hibogi_ai_03070_png_10.jpg,hibogi_ai_03070_png,HIBOGI_AI_03070_png_jpg.rf.ed3ebbff4235857b4b82bc31b3012d83.jpg,,0,0,no_caries,moderate,0.528,0.20006,0.26366,0.528,0.00828
crops/hibogi_ai_03070_png_11.jpg,hibogi_ai_03070_png,HIBOGI_AI_03070_png_jpg.rf.ed3ebbff4235857b4b82bc31b3012d83.jpg,,3,0,moderate,advanced,0.8103,0.01743,0.02454,0.14771,0.81033
crops/hibogi_ai_03075_png_0.jpg,hibogi_ai_03075_png,HIBOGI_AI_03075_png_jpg.rf.b216b791427ddfc2c67d78de62a61984.jpg,,0,0,no_caries,mild,0.7029,0.07305,0.70288,0.21332,0.01076
crops/hibogi_ai_03075_png_1.jpg,hibogi_ai_03075_png,HIBOGI_AI_03075_png_jpg.rf.b216b791427ddfc2c67d78de62a61984.jpg,,0,0,no_caries,moderate,0.9287,0.00143,0.06881,0.92874,0.00103
crops/hibogi_ai_03075_png_2.jpg,hibogi_ai_03075_png,HIBOGI_AI_03075_png_jpg.rf.b216b791427ddfc2c67d78de62a61984.jpg,,0,0,no_caries,mild,0.7778,0.11692,0.77777,0.06258,0.04274
crops/hibogi_ai_03075_png_3.jpg,hibogi_ai_03075_png,HIBOGI_AI_03075_png_jpg.rf.b216b791427ddfc2c67d78de62a61984.jpg,,0,0,no_caries,moderate,0.7166,0.13648,0.12478,0.71658,0.02216
crops/hibogi_ai_03075_png_4.jpg,hibogi_ai_03075_png,HIBOGI_AI_03075_png_jpg.rf.b216b791427ddfc2c67d78de62a61984.jpg,,0,0,no_caries,no_caries,0.6228,0.62283,0.24628,0.0621,0.06878
crops/hibogi_ai_03075_png_5.jpg,hibogi_ai_03075_png,HIBOGI_AI_03075_png_jpg.rf.b216b791427ddfc2c67d78de62a61984.jpg,,0,0,no_caries,no_caries,0.7936,0.79359,0.07682,0.06524,0.06434
crops/hibogi_ai_03075_png_6.jpg,hibogi_ai_03075_png,HIBOGI_AI_03075_png_jpg.rf.b216b791427ddfc2c67d78de62a61984.jpg,,0,0,no_caries,no_caries,0.7424,0.74238,0.15587,0.05942,0.04233
crops/hibogi_ai_03075_png_7.jpg,hibogi_ai_03075_png,HIBOGI_AI_03075_png_jpg.rf.b216b791427ddfc2c67d78de62a61984.jpg,,0,0,no_caries,no_caries,0.7755,0.77551,0.13136,0.04186,0.05127
crops/hibogi_ai_03075_png_8.jpg,hibogi_ai_03075_png,HIBOGI_AI_03075_png_jpg.rf.b216b791427ddfc2c67d78de62a61984.jpg,,0,0,no_caries,mild,0.6537,0.28991,0.65366,0.04066,0.01577
crops/hibogi_ai_03075_png_9.jpg,hibogi_ai_03075_png,HIBOGI_AI_03075_png_jpg.rf.b216b791427ddfc2c67d78de62a61984.jpg,,5,0,advanced,moderate,0.6601,0.01698,0.07015,0.66005,0.25281
crops/hibogi_ai_03075_png_10.jpg,hibogi_ai_03075_png,HIBOGI_AI_03075_png_jpg.rf.b216b791427ddfc2c67d78de62a61984.jpg,,5,0,advanced,moderate,0.9979,0.00038,0.00129,0.99789,0.00044
crops/hibogi_ai_03087_png_0.jpg,hibogi_ai_03087_png,HIBOGI_AI_03087_png_jpg.rf.b7ca59866942ccb7015ae6e73e218428.jpg,,0,0,no_caries,no_caries,0.4737,0.47371,0.44447,0.0423,0.03952
crops/hibogi_ai_03087_png_1.jpg,hibogi_ai_03087_png,HIBOGI_AI_03087_png_jpg.rf.b7ca59866942ccb7015ae6e73e218428.jpg,,0,0,no_caries,no_caries,0.7147,0.7147,0.16063,0.04009,0.08459
crops/hibogi_ai_03087_png_2.jpg,hibogi_ai_03087_png,HIBOGI_AI_03087_png_jpg.rf.b7ca59866942ccb7015ae6e73e218428.jpg,,0,0,no_caries,no_caries,0.7112,0.71116,0.12092,0.11612,0.0518
crops/hibogi_ai_03087_png_3.jpg,hibogi_ai_03087_png,HIBOGI_AI_03087_png_jpg.rf.b7ca59866942ccb7015ae6e73e218428.jpg,,0,0,no_caries,moderate,0.3573,0.22712,0.34449,0.35733,0.07106
crops/hibogi_ai_03087_png_4.jpg,hibogi_ai_03087_png,HIBOGI_AI_03087_png_jpg.rf.b7ca59866942ccb7015ae6e73e218428.jpg,,0,0,no_caries,no_caries,0.7097,0.70971,0.19473,0.06893,0.02663
crops/hibogi_ai_03087_png_5.jpg,hibogi_ai_03087_png,HIBOGI_AI_03087_png_jpg.rf.b7ca59866942ccb7015ae6e73e218428.jpg,,0,0,no_caries,no_caries,0.8371,0.83709,0.05943,0.04753,0.05595
crops/hibogi_ai_03087_png_6.jpg,hibogi_ai_03087_png,HIBOGI_AI_03087_png_jpg.rf.b7ca59866942ccb7015ae6e73e218428.jpg,,0,0,no_caries,no_caries,0.8542,0.85422,0.06507,0.04399,0.03672
crops/hibogi_ai_03087_png_7.jpg,hibogi_ai_03087_png,HIBOGI_AI_03087_png_jpg.rf.b7ca59866942ccb7015ae6e73e218428.jpg,,0,0,no_caries,moderate,0.6648,0.21701,0.09861,0.66483,0.01955
crops/hibogi_ai_03087_png_8.jpg,hibogi_ai_03087_png,HIBOGI_AI_03087_png_jpg.rf.b7ca59866942ccb7015ae6e73e218428.jpg,,0,0,no_caries,no_caries,0.771,0.77102,0.06119,0.1432,0.02459
crops/hibogi_ai_03087_png_9.jpg,hibogi_ai_03087_png,HIBOGI_AI_03087_png_jpg.rf.b7ca59866942ccb7015ae6e73e218428.jpg,,0,0,no_caries,no_caries,0.7651,0.76507,0.14152,0.04162,0.0518
crops/hibogi_ai_03087_png_10.jpg,hibogi_ai_03087_png,HIBOGI_AI_03087_png_jpg.rf.b7ca59866942ccb7015ae6e73e218428.jpg,,0,0,no_caries,no_caries,0.4558,0.45584,0.45266,0.06914,0.02236
crops/hibogi_ai_03087_png_11.jpg,hibogi_ai_03087_png,HIBOGI_AI_03087_png_jpg.rf.b7ca59866942ccb7015ae6e73e218428.jpg,,0,0,no_caries,moderate,0.6029,0.21441,0.10499,0.60293,0.07767
crops/hibogi_ai_03087_png_12.jpg,hibogi_ai_03087_png,HIBOGI_AI_03087_png_jpg.rf.b7ca59866942ccb7015ae6e73e218428.jpg,,0,0,no_caries,no_caries,0.7195,0.71949,0.15781,0.08256,0.04014
crops/hibogi_ai_03087_png_13.jpg,hibogi_ai_03087_png,HIBOGI_AI_03087_png_jpg.rf.b7ca59866942ccb7015ae6e73e218428.jpg,,0,0,no_caries,no_caries,0.8308,0.83079,0.08318,0.03959,0.04644
crops/hibogi_ai_03087_png_14.jpg,hibogi_ai_03087_png,HIBOGI_AI_03087_png_jpg.rf.b7ca59866942ccb7015ae6e73e218428.jpg,,0,0,no_caries,no_caries,0.8961,0.89606,0.04359,0.04128,0.01907
crops/hibogi_ai_03087_png_15.jpg,hibogi_ai_03087_png,HIBOGI_AI_03087_png_jpg.rf.b7ca59866942ccb7015ae6e73e218428.jpg,,0,0,no_caries,no_caries,0.5618,0.56176,0.32042,0.06477,0.05305
crops/hibogi_ai_03093_png_0.jpg,hibogi_ai_03093_png,HIBOGI_AI_03093_png_jpg.rf.963d24365a6bf001cbedf59cc6c8f4fd.jpg,,0,0,no_caries,no_caries,0.4991,0.49908,0.19841,0.1937,0.1088
crops/hibogi_ai_03093_png_1.jpg,hibogi_ai_03093_png,HIBOGI_AI_03093_png_jpg.rf.963d24365a6bf001cbedf59cc6c8f4fd.jpg,,0,0,no_caries,no_caries,0.4942,0.49421,0.39306,0.07383,0.03891
crops/hibogi_ai_03093_png_2.jpg,hibogi_ai_03093_png,HIBOGI_AI_03093_png_jpg.rf.963d24365a6bf001cbedf59cc6c8f4fd.jpg,,0,0,no_caries,no_caries,0.6304,0.63036,0.09663,0.21558,0.05743
crops/hibogi_ai_03093_png_3.jpg,hibogi_ai_03093_png,HIBOGI_AI_03093_png_jpg.rf.963d24365a6bf001cbedf59cc6c8f4fd.jpg,,0,0,no_caries,no_caries,0.768,0.76795,0.09047,0.07326,0.06832
crops/hibogi_ai_03093_png_4.jpg,hibogi_ai_03093_png,HIBOGI_AI_03093_png_jpg.rf.963d24365a6bf001cbedf59cc6c8f4fd.jpg,,0,0,no_caries,no_caries,0.8807,0.88072,0.0566,0.0178,0.04488
crops/hibogi_ai_03093_png_5.jpg,hibogi_ai_03093_png,HIBOGI_AI_03093_png_jpg.rf.963d24365a6bf001cbedf59cc6c8f4fd.jpg,,2,0,mild,mild,0.4133,0.31952,0.41332,0.17048,0.09668
crops/hibogi_ai_03093_png_6.jpg,hibogi_ai_03093_png,HIBOGI_AI_03093_png_jpg.rf.963d24365a6bf001cbedf59cc6c8f4fd.jpg,,5,0,advanced,advanced,0.8879,0.00077,0.00533,0.10604,0.88786
crops/hibogi_ai_03093_png_7.jpg,hibogi_ai_03093_png,HIBOGI_AI_03093_png_jpg.rf.963d24365a6bf001cbedf59cc6c8f4fd.jpg,,0,0,no_caries,no_caries,0.7804,0.78044,0.11213,0.03736,0.07007
crops/hibogi_ai_03093_png_8.jpg,hibogi_ai_03093_png,HIBOGI_AI_03093_png_jpg.rf.963d24365a6bf001cbedf59cc6c8f4fd.jpg,,0,0,no_caries,no_caries,0.7748,0.77483,0.13489,0.04934,0.04094
crops/hibogi_ai_03093_png_9.jpg,hibogi_ai_03093_png,HIBOGI_AI_03093_png_jpg.rf.963d24365a6bf001cbedf59cc6c8f4fd.jpg,,0,0,no_caries,no_caries,0.698,0.69797,0.23596,0.02933,0.03674
crops/hibogi_ai_03093_png_10.jpg,hibogi_ai_03093_png,HIBOGI_AI_03093_png_jpg.rf.963d24365a6bf001cbedf59cc6c8f4fd.jpg,,5,0,advanced,moderate,0.3259,0.30713,0.31753,0.32595,0.0494
crops/hibogi_ai_03093_png_11.jpg,hibogi_ai_03093_png,HIBOGI_AI_03093_png_jpg.rf.963d24365a6bf001cbedf59cc6c8f4fd.jpg,,5,0,advanced,no_caries,0.6686,0.66858,0.24558,0.05479,0.03105
crops/hibogi_ai_03096_png_0.jpg,hibogi_ai_03096_png,HIBOGI_AI_03096_png_jpg.rf.7ca5ccc38c691551c6712bc098ccf617.jpg,,1,0,mild,no_caries,0.5927,0.59268,0.08629,0.28651,0.03452
crops/hibogi_ai_03096_png_1.jpg,hibogi_ai_03096_png,HIBOGI_AI_03096_png_jpg.rf.7ca5ccc38c691551c6712bc098ccf617.jpg,,1,0,mild,no_caries,0.7511,0.75108,0.11762,0.10064,0.03066
crops/hibogi_ai_03096_png_2.jpg,hibogi_ai_03096_png,HIBOGI_AI_03096_png_jpg.rf.7ca5ccc38c691551c6712bc098ccf617.jpg,,0,0,no_caries,no_caries,0.7417,0.74175,0.06215,0.11709,0.07901
crops/hibogi_ai_03096_png_3.jpg,hibogi_ai_03096_png,HIBOGI_AI_03096_png_jpg.rf.7ca5ccc38c691551c6712bc098ccf617.jpg,,0,0,no_caries,no_caries,0.7031,0.70306,0.14171,0.10708,0.04815
crops/hibogi_ai_03096_png_4.jpg,hibogi_ai_03096_png,HIBOGI_AI_03096_png_jpg.rf.7ca5ccc38c691551c6712bc098ccf617.jpg,,0,0,no_caries,no_caries,0.6735,0.67346,0.14029,0.0978,0.08845
crops/hibogi_ai_03096_png_5.jpg,hibogi_ai_03096_png,HIBOGI_AI_03096_png_jpg.rf.7ca5ccc38c691551c6712bc098ccf617.jpg,,0,0,no_caries,no_caries,0.5473,0.54735,0.2849,0.10915,0.0586
crops/hibogi_ai_03096_png_6.jpg,hibogi_ai_03096_png,HIBOGI_AI_03096_png_jpg.rf.7ca5ccc38c691551c6712bc098ccf617.jpg,,0,0,no_caries,no_caries,0.6963,0.69628,0.09374,0.09277,0.11721
crops/hibogi_ai_03096_png_7.jpg,hibogi_ai_03096_png,HIBOGI_AI_03096_png_jpg.rf.7ca5ccc38c691551c6712bc098ccf617.jpg,,0,0,no_caries,no_caries,0.8573,0.85735,0.02962,0.06143,0.0516
crops/hibogi_ai_03096_png_8.jpg,hibogi_ai_03096_png,HIBOGI_AI_03096_png_jpg.rf.7ca5ccc38c691551c6712bc098ccf617.jpg,,0,0,no_caries,no_caries,0.6405,0.6405,0.19624,0.13034,0.03292
crops/hibogi_ai_03096_png_9.jpg,hibogi_ai_03096_png,HIBOGI_AI_03096_png_jpg.rf.7ca5ccc38c691551c6712bc098ccf617.jpg,,1,0,mild,mild,0.498,0.30445,0.49796,0.05842,0.13916
crops/hibogi_ai_03096_png_10.jpg,hibogi_ai_03096_png,HIBOGI_AI_03096_png_jpg.rf.7ca5ccc38c691551c6712bc098ccf617.jpg,,1,0,mild,no_caries,0.5361,0.53612,0.2174,0.20228,0.0442
crops/hibogi_ai_03096_png_11.jpg,hibogi_ai_03096_png,HIBOGI_AI_03096_png_jpg.rf.7ca5ccc38c691551c6712bc098ccf617.jpg,,1,0,mild,no_caries,0.482,0.48198,0.36999,0.07994,0.06808
crops/hibogi_ai_03096_png_12.jpg,hibogi_ai_03096_png,HIBOGI_AI_03096_png_jpg.rf.7ca5ccc38c691551c6712bc098ccf617.jpg,,1,0,mild,no_caries,0.6463,0.64631,0.2967,0.02931,0.02768
crops/hibogi_ai_03096_png_13.jpg,hibogi_ai_03096_png,HIBOGI_AI_03096_png_jpg.rf.7ca5ccc38c691551c6712bc098ccf617.jpg,,0,0,no_caries,no_caries,0.8106,0.81057,0.07075,0.06104,0.05764
crops/hibogi_ai_03096_png_14.jpg,hibogi_ai_03096_png,HIBOGI_AI_03096_png_jpg.rf.7ca5ccc38c691551c6712bc098ccf617.jpg,,2,0,mild,mild,0.4851,0.4613,0.48509,0.02813,0.02549
crops/hibogi_ai_03116_png_0.jpg,hibogi_ai_03116_png,HIBOGI_AI_03116_png_jpg.rf.6c3a4e69aaa459c8040ca88b95e19022.jpg,,0,0,no_caries,mild,0.7723,0.11375,0.77232,0.09811,0.01582
crops/hibogi_ai_03116_png_1.jpg,hibogi_ai_03116_png,HIBOGI_AI_03116_png_jpg.rf.6c3a4e69aaa459c8040ca88b95e19022.jpg,,0,0,no_caries,mild,0.4942,0.39322,0.49419,0.09887,0.01372
crops/hibogi_ai_03116_png_2.jpg,hibogi_ai_03116_png,HIBOGI_AI_03116_png_jpg.rf.6c3a4e69aaa459c8040ca88b95e19022.jpg,,0,0,no_caries,no_caries,0.8282,0.82816,0.0744,0.03424,0.06319
crops/hibogi_ai_03116_png_3.jpg,hibogi_ai_03116_png,HIBOGI_AI_03116_png_jpg.rf.6c3a4e69aaa459c8040ca88b95e19022.jpg,,1,0,mild,no_caries,0.6884,0.68835,0.22448,0.04724,0.03993
crops/hibogi_ai_03116_png_4.jpg,hibogi_ai_03116_png,HIBOGI_AI_03116_png_jpg.rf.6c3a4e69aaa459c8040ca88b95e19022.jpg,,0,0,no_caries,no_caries,0.8746,0.87457,0.02689,0.04164,0.0569
crops/hibogi_ai_03116_png_5.jpg,hibogi_ai_03116_png,HIBOGI_AI_03116_png_jpg.rf.6c3a4e69aaa459c8040ca88b95e19022.jpg,,0,0,no_caries,no_caries,0.8393,0.83934,0.03733,0.04994,0.07339
crops/hibogi_ai_03116_png_6.jpg,hibogi_ai_03116_png,HIBOGI_AI_03116_png_jpg.rf.6c3a4e69aaa459c8040ca88b95e19022.jpg,,0,0,no_caries,no_caries,0.8869,0.8869,0.01397,0.03704,0.06209
crops/hibogi_ai_03116_png_7.jpg,hibogi_ai_03116_png,HIBOGI_AI_03116_png_jpg.rf.6c3a4e69aaa459c8040ca88b95e19022.jpg,,0,0,no_caries,no_caries,0.4978,0.49781,0.34543,0.07606,0.0807
crops/hibogi_ai_03116_png_8.jpg,hibogi_ai_03116_png,HIBOGI_AI_03116_png_jpg.rf.6c3a4e69aaa459c8040ca88b95e19022.jpg,,1,0,mild,moderate,0.6896,0.1256,0.06244,0.68956,0.1224
crops/hibogi_ai_03116_png_9.jpg,hibogi_ai_03116_png,HIBOGI_AI_03116_png_jpg.rf.6c3a4e69aaa459c8040ca88b95e19022.jpg,,0,0,no_caries,no_caries,0.5578,0.55778,0.27187,0.10903,0.06131
crops/hibogi_ai_03116_png_10.jpg,hibogi_ai_03116_png,HIBOGI_AI_03116_png_jpg.rf.6c3a4e69aaa459c8040ca88b95e19022.jpg,,0,0,no_caries,no_caries,0.8556,0.85565,0.05186,0.04584,0.04665
crops/hibogi_ai_03116_png_11.jpg,hibogi_ai_03116_png,HIBOGI_AI_03116_png_jpg.rf.6c3a4e69aaa459c8040ca88b95e19022.jpg,,0,0,no_caries,no_caries,0.9051,0.90511,0.02989,0.03043,0.03457
crops/hibogi_ai_03116_png_12.jpg,hibogi_ai_03116_png,HIBOGI_AI_03116_png_jpg.rf.6c3a4e69aaa459c8040ca88b95e19022.jpg,,0,0,no_caries,no_caries,0.8136,0.8136,0.11024,0.03526,0.04089
crops/hibogi_ai_03116_png_13.jpg,hibogi_ai_03116_png,HIBOGI_AI_03116_png_jpg.rf.6c3a4e69aaa459c8040ca88b95e19022.jpg,,0,0,no_caries,no_caries,0.8105,0.81047,0.09665,0.06534,0.02754
crops/hibogi_ai_03116_png_14.jpg,hibogi_ai_03116_png,HIBOGI_AI_03116_png_jpg.rf.6c3a4e69aaa459c8040ca88b95e19022.jpg,,0,0,no_caries,no_caries,0.8141,0.81414,0.09079,0.04427,0.0508
crops/hibogi_ai_03116_png_15.jpg,hibogi_ai_03116_png,HIBOGI_AI_03116_png_jpg.rf.6c3a4e69aaa459c8040ca88b95e19022.jpg,,1,0,mild,no_caries,0.4852,0.48516,0.10022,0.34087,0.07374
crops/hibogi_ai_03119_png_0.jpg,hibogi_ai_03119_png,HIBOGI_AI_03119_png_jpg.rf.1524edebc6ad70c24fe3f246a487eaba.jpg,,2,0,mild,mild,0.9553,0.00574,0.95532,0.03762,0.00132
crops/hibogi_ai_03119_png_1.jpg,hibogi_ai_03119_png,HIBOGI_AI_03119_png_jpg.rf.1524edebc6ad70c24fe3f246a487eaba.jpg,,0,0,no_caries,mild,0.8974,0.00428,0.89736,0.09298,0.00538
crops/hibogi_ai_03119_png_2.jpg,hibogi_ai_03119_png,HIBOGI_AI_03119_png_jpg.rf.1524edebc6ad70c24fe3f246a487eaba.jpg,,0,0,no_caries,mild,0.8664,0.05379,0.86636,0.07554,0.0043
crops/hibogi_ai_03119_png_3.jpg,hibogi_ai_03119_png,HIBOGI_AI_03119_png_jpg.rf.1524edebc6ad70c24fe3f246a487eaba.jpg,,0,0,no_caries,mild,0.9173,0.02307,0.91728,0.05267,0.00697
crops/hibogi_ai_03119_png_4.jpg,hibogi_ai_03119_png,HIBOGI_AI_03119_png_jpg.rf.1524edebc6ad70c24fe3f246a487eaba.jpg,,0,0,no_caries,no_caries,0.765,0.76505,0.13267,0.04195,0.06033
crops/hibogi_ai_03119_png_5.jpg,hibogi_ai_03119_png,HIBOGI_AI_03119_png_jpg.rf.1524edebc6ad70c24fe3f246a487eaba.jpg,,0,0,no_caries,no_caries,0.8714,0.87144,0.03859,0.04175,0.04823
crops/hibogi_ai_03119_png_6.jpg,hibogi_ai_03119_png,HIBOGI_AI_03119_png_jpg.rf.1524edebc6ad70c24fe3f246a487eaba.jpg,,0,0,no_caries,no_caries,0.8297,0.82967,0.05848,0.03343,0.07842
crops/hibogi_ai_03119_png_7.jpg,hibogi_ai_03119_png,HIBOGI_AI_03119_png_jpg.rf.1524edebc6ad70c24fe3f246a487eaba.jpg,,0,0,no_caries,no_caries,0.7647,0.76468,0.05121,0.12615,0.05796
crops/hibogi_ai_03119_png_8.jpg,hibogi_ai_03119_png,HIBOGI_AI_03119_png_jpg.rf.1524edebc6ad70c24fe3f246a487eaba.jpg,,0,0,no_caries,no_caries,0.8204,0.82044,0.04931,0.06068,0.06957
crops/hibogi_ai_03119_png_9.jpg,hibogi_ai_03119_png,HIBOGI_AI_03119_png_jpg.rf.1524edebc6ad70c24fe3f246a487eaba.jpg,,0,0,no_caries,no_caries,0.5129,0.51286,0.35451,0.058,0.07463
crops/hibogi_ai_03119_png_10.jpg,hibogi_ai_03119_png,HIBOGI_AI_03119_png_jpg.rf.1524edebc6ad70c24fe3f246a487eaba.jpg,,0,0,no_caries,no_caries,0.689,0.68898,0.24786,0.0262,0.03697
crops/hibogi_ai_03119_png_11.jpg,hibogi_ai_03119_png,HIBOGI_AI_03119_png_jpg.rf.1524edebc6ad70c24fe3f246a487eaba.jpg,,5,0,advanced,advanced,0.7316,0.00861,0.06399,0.19578,0.73162
crops/hibogi_ai_03119_png_12.jpg,hibogi_ai_03119_png,HIBOGI_AI_03119_png_jpg.rf.1524edebc6ad70c24fe3f246a487eaba.jpg,,5,0,advanced,mild,0.6467,0.0463,0.64668,0.27274,0.03428
crops/hibogi_ai_03119_png_13.jpg,hibogi_ai_03119_png,HIBOGI_AI_03119_png_jpg.rf.1524edebc6ad70c24fe3f246a487eaba.jpg,,5,0,advanced,mild,0.9483,0.01244,0.94832,0.02171,0.01753
crops/hibogi_ai_03131_png_0.jpg,hibogi_ai_03131_png,HIBOGI_AI_03131_png_jpg.rf.5ecb6464c3d9720520837a1305136ecd.jpg,,0,0,no_caries,mild,0.7365,0.22104,0.73646,0.01526,0.02725
crops/hibogi_ai_03131_png_1.jpg,hibogi_ai_03131_png,HIBOGI_AI_03131_png_jpg.rf.5ecb6464c3d9720520837a1305136ecd.jpg,,0,0,no_caries,mild,0.9672,0.01278,0.96722,0.01725,0.00276
crops/hibogi_ai_03131_png_2.jpg,hibogi_ai_03131_png,HIBOGI_AI_03131_png_jpg.rf.5ecb6464c3d9720520837a1305136ecd.jpg,,0,0,no_caries,advanced,0.3665,0.05387,0.34474,0.23489,0.3665
crops/hibogi_ai_03131_png_3.jpg,hibogi_ai_03131_png,HIBOGI_AI_03131_png_jpg.rf.5ecb6464c3d9720520837a1305136ecd.jpg,,0,0,no_caries,mild,0.9186,0.06127,0.91857,0.01147,0.00869
crops/hibogi_ai_03131_png_4.jpg,hibogi_ai_03131_png,HIBOGI_AI_03131_png_jpg.rf.5ecb6464c3d9720520837a1305136ecd.jpg,,0,0,no_caries,no_caries,0.5166,0.5166,0.20758,0.12039,0.15543
crops/hibogi_ai_03131_png_5.jpg,hibogi_ai_03131_png,HIBOGI_AI_03131_png_jpg.rf.5ecb6464c3d9720520837a1305136ecd.jpg,,0,0,no_caries,mild,0.5398,0.25204,0.53977,0.1525,0.05569
crops/hibogi_ai_03131_png_6.jpg,hibogi_ai_03131_png,HIBOGI_AI_03131_png_jpg.rf.5ecb6464c3d9720520837a1305136ecd.jpg,,0,0,no_caries,advanced,0.645,0.01152,0.02709,0.31635,0.64504
crops/hibogi_ai_03133_png_0.jpg,hibogi_ai_03133_png,HIBOGI_AI_03133_png_jpg.rf.df197bc5c3ecc72890ac44218e5d692c.jpg,,0,0,no_caries,no_caries,0.7167,0.71673,0.1264,0.06769,0.08917
crops/hibogi_ai_03133_png_1.jpg,hibogi_ai_03133_png,HIBOGI_AI_03133_png_jpg.rf.df197bc5c3ecc72890ac44218e5d692c.jpg,,1,0,mild,mild,0.511,0.01037,0.511,0.47185,0.00678
crops/hibogi_ai_03133_png_2.jpg,hibogi_ai_03133_png,HIBOGI_AI_03133_png_jpg.rf.df197bc5c3ecc72890ac44218e5d692c.jpg,,0,0,no_caries,mild,0.7654,0.17114,0.76535,0.0488,0.01471
crops/hibogi_ai_03133_png_3.jpg,hibogi_ai_03133_png,HIBOGI_AI_03133_png_jpg.rf.df197bc5c3ecc72890ac44218e5d692c.jpg,,0,0,no_caries,mild,0.9241,0.04207,0.92409,0.01276,0.02108
crops/hibogi_ai_03133_png_4.jpg,hibogi_ai_03133_png,HIBOGI_AI_03133_png_jpg.rf.df197bc5c3ecc72890ac44218e5d692c.jpg,,0,0,no_caries,no_caries,0.7864,0.78641,0.06639,0.10821,0.03899
crops/hibogi_ai_03133_png_5.jpg,hibogi_ai_03133_png,HIBOGI_AI_03133_png_jpg.rf.df197bc5c3ecc72890ac44218e5d692c.jpg,,0,0,no_caries,mild,0.6776,0.27104,0.67762,0.02737,0.02397
crops/hibogi_ai_03133_png_6.jpg,hibogi_ai_03133_png,HIBOGI_AI_03133_png_jpg.rf.df197bc5c3ecc72890ac44218e5d692c.jpg,,0,0,no_caries,mild,0.7321,0.10648,0.73209,0.12157,0.03985
crops/hibogi_ai_03133_png_7.jpg,hibogi_ai_03133_png,HIBOGI_AI_03133_png_jpg.rf.df197bc5c3ecc72890ac44218e5d692c.jpg,,0,0,no_caries,mild,0.7669,0.13183,0.76689,0.0653,0.03598
crops/hibogi_ai_03133_png_8.jpg,hibogi_ai_03133_png,HIBOGI_AI_03133_png_jpg.rf.df197bc5c3ecc72890ac44218e5d692c.jpg,,0,0,no_caries,no_caries,0.6665,0.66652,0.10829,0.14832,0.07687
crops/hibogi_ai_03133_png_9.jpg,hibogi_ai_03133_png,HIBOGI_AI_03133_png_jpg.rf.df197bc5c3ecc72890ac44218e5d692c.jpg,,1,0,mild,mild,0.4896,0.35226,0.48958,0.08801,0.07015
crops/hibogi_ai_03133_png_10.jpg,hibogi_ai_03133_png,HIBOGI_AI_03133_png_jpg.rf.df197bc5c3ecc72890ac44218e5d692c.jpg,,1,0,mild,no_caries,0.6036,0.60361,0.29701,0.06614,0.03324
crops/hibogi_ai_03134_png_0.jpg,hibogi_ai_03134_png,HIBOGI_AI_03134_png_jpg.rf.2a67c52e84df44fc868c08489552c50e.jpg,,2,0,mild,mild,0.5867,0.15412,0.58671,0.24967,0.00951
crops/hibogi_ai_03134_png_1.jpg,hibogi_ai_03134_png,HIBOGI_AI_03134_png_jpg.rf.2a67c52e84df44fc868c08489552c50e.jpg,,2,0,mild,mild,0.8108,0.07953,0.81077,0.05706,0.05264
crops/hibogi_ai_03134_png_2.jpg,hibogi_ai_03134_png,HIBOGI_AI_03134_png_jpg.rf.2a67c52e84df44fc868c08489552c50e.jpg,,2,0,mild,mild,0.4844,0.35347,0.4844,0.09245,0.06969
crops/hibogi_ai_03134_png_3.jpg,hibogi_ai_03134_png,HIBOGI_AI_03134_png_jpg.rf.2a67c52e84df44fc868c08489552c50e.jpg,,0,0,no_caries,moderate,0.7335,0.24747,0.00744,0.73346,0.01163
crops/hibogi_ai_03134_png_4.jpg,hibogi_ai_03134_png,HIBOGI_AI_03134_png_jpg.rf.2a67c52e84df44fc868c08489552c50e.jpg,,0,0,no_caries,mild,0.7896,0.15876,0.78956,0.04321,0.00847
crops/hibogi_ai_03134_png_5.jpg,hibogi_ai_03134_png,HIBOGI_AI_03134_png_jpg.rf.2a67c52e84df44fc868c08489552c50e.jpg,,0,0,no_caries,no_caries,0.8006,0.80059,0.0727,0.08163,0.04508
crops/hibogi_ai_03134_png_6.jpg,hibogi_ai_03134_png,HIBOGI_AI_03134_png_jpg.rf.2a67c52e84df44fc868c08489552c50e.jpg,,0,0,no_caries,no_caries,0.4685,0.46846,0.39794,0.07486,0.05874
crops/hibogi_ai_03134_png_7.jpg,hibogi_ai_03134_png,HIBOGI_AI_03134_png_jpg.rf.2a67c52e84df44fc868c08489552c50e.jpg,,2,0,mild,mild,0.7632,0.01921,0.76321,0.17766,0.03992
crops/hibogi_ai_03134_png_8.jpg,hibogi_ai_03134_png,HIBOGI_AI_03134_png_jpg.rf.2a67c52e84df44fc868c08489552c50e.jpg,,5,0,advanced,advanced,0.9419,0.00889,0.03821,0.01102,0.94188
crops/hibogi_ai_03134_png_9.jpg,hibogi_ai_03134_png,HIBOGI_AI_03134_png_jpg.rf.2a67c52e84df44fc868c08489552c50e.jpg,,2,0,mild,mild,0.348,0.01846,0.34796,0.30616,0.32742
crops/hibogi_ai_03154_png_0.jpg,hibogi_ai_03154_png,HIBOGI_AI_03154_png_jpg.rf.9b953798cb07363c2ee0cd73e653f741.jpg,,0,0,no_caries,no_caries,0.8014,0.80144,0.0549,0.08314,0.06052
crops/hibogi_ai_03154_png_1.jpg,hibogi_ai_03154_png,HIBOGI_AI_03154_png_jpg.rf.9b953798cb07363c2ee0cd73e653f741.jpg,,0,0,no_caries,no_caries,0.6871,0.68714,0.06723,0.13517,0.11046
crops/hibogi_ai_03154_png_2.jpg,hibogi_ai_03154_png,HIBOGI_AI_03154_png_jpg.rf.9b953798cb07363c2ee0cd73e653f741.jpg,,0,0,no_caries,no_caries,0.8444,0.84435,0.07383,0.03046,0.05136
crops/hibogi_ai_03154_png_3.jpg,hibogi_ai_03154_png,HIBOGI_AI_03154_png_jpg.rf.9b953798cb07363c2ee0cd73e653f741.jpg,,0,0,no_caries,no_caries,0.723,0.72299,0.19871,0.03694,0.04137
crops/hibogi_ai_03154_png_4.jpg,hibogi_ai_03154_png,HIBOGI_AI_03154_png_jpg.rf.9b953798cb07363c2ee0cd73e653f741.jpg,,0,0,no_caries,no_caries,0.6222,0.62221,0.20611,0.05839,0.11329
crops/hibogi_ai_03154_png_5.jpg,hibogi_ai_03154_png,HIBOGI_AI_03154_png_jpg.rf.9b953798cb07363c2ee0cd73e653f741.jpg,,3,0,moderate,no_caries,0.6021,0.60214,0.17681,0.11304,0.108
crops/hibogi_ai_03154_png_6.jpg,hibogi_ai_03154_png,HIBOGI_AI_03154_png_jpg.rf.9b953798cb07363c2ee0cd73e653f741.jpg,,0,0,no_caries,no_caries,0.8301,0.83014,0.06912,0.07071,0.03004
crops/hibogi_ai_03154_png_7.jpg,hibogi_ai_03154_png,HIBOGI_AI_03154_png_jpg.rf.9b953798cb07363c2ee0cd73e653f741.jpg,,3,0,moderate,moderate,0.5238,0.03341,0.37637,0.52385,0.06637
crops/hibogi_ai_03154_png_8.jpg,hibogi_ai_03154_png,HIBOGI_AI_03154_png_jpg.rf.9b953798cb07363c2ee0cd73e653f741.jpg,,0,0,no_caries,no_caries,0.8006,0.8006,0.07772,0.07772,0.04395
crops/hibogi_ai_03154_png_9.jpg,hibogi_ai_03154_png,HIBOGI_AI_03154_png_jpg.rf.9b953798cb07363c2ee0cd73e653f741.jpg,,0,0,no_caries,mild,0.6328,0.30784,0.63275,0.03269,0.02672
crops/hibogi_ai_03154_png_10.jpg,hibogi_ai_03154_png,HIBOGI_AI_03154_png_jpg.rf.9b953798cb07363c2ee0cd73e653f741.jpg,,0,0,no_caries,no_caries,0.792,0.792,0.1102,0.06862,0.02918
crops/hibogi_ai_03154_png_11.jpg,hibogi_ai_03154_png,HIBOGI_AI_03154_png_jpg.rf.9b953798cb07363c2ee0cd73e653f741.jpg,,0,0,no_caries,no_caries,0.7727,0.77269,0.14123,0.03507,0.05101
crops/hibogi_ai_03154_png_12.jpg,hibogi_ai_03154_png,HIBOGI_AI_03154_png_jpg.rf.9b953798cb07363c2ee0cd73e653f741.jpg,,0,0,no_caries,no_caries,0.6706,0.67056,0.155,0.07977,0.09466
crops/hibogi_ai_03154_png_13.jpg,hibogi_ai_03154_png,HIBOGI_AI_03154_png_jpg.rf.9b953798cb07363c2ee0cd73e653f741.jpg,,0,0,no_caries,no_caries,0.8191,0.8191,0.04474,0.08915,0.04701
crops/hibogi_ai_03158_png_0.jpg,hibogi_ai_03158_png,HIBOGI_AI_03158_png_jpg.rf.7aa4b710f830b05e6a619e3deb06728d.jpg,,5,0,advanced,advanced,0.4988,0.04318,0.20027,0.25773,0.49882
crops/hibogi_ai_03158_png_1.jpg,hibogi_ai_03158_png,HIBOGI_AI_03158_png_jpg.rf.7aa4b710f830b05e6a619e3deb06728d.jpg,,2,0,mild,mild,0.9223,0.02039,0.92226,0.0383,0.01905
crops/hibogi_ai_03158_png_2.jpg,hibogi_ai_03158_png,HIBOGI_AI_03158_png_jpg.rf.7aa4b710f830b05e6a619e3deb06728d.jpg,,3,0,moderate,mild,0.7173,0.07402,0.71731,0.1313,0.07737
crops/hibogi_ai_03158_png_3.jpg,hibogi_ai_03158_png,HIBOGI_AI_03158_png_jpg.rf.7aa4b710f830b05e6a619e3deb06728d.jpg,,2,0,mild,no_caries,0.4758,0.47584,0.44405,0.05613,0.02398
crops/hibogi_ai_03158_png_4.jpg,hibogi_ai_03158_png,HIBOGI_AI_03158_png_jpg.rf.7aa4b710f830b05e6a619e3deb06728d.jpg,,2,0,mild,no_caries,0.7695,0.7695,0.14643,0.04738,0.0367
crops/hibogi_ai_03158_png_5.jpg,hibogi_ai_03158_png,HIBOGI_AI_03158_png_jpg.rf.7aa4b710f830b05e6a619e3deb06728d.jpg,,2,0,mild,no_caries,0.8137,0.81371,0.05086,0.0604,0.07503
crops/hibogi_ai_03158_png_6.jpg,hibogi_ai_03158_png,HIBOGI_AI_03158_png_jpg.rf.7aa4b710f830b05e6a619e3deb06728d.jpg,,2,0,mild,no_caries,0.8017,0.80172,0.08691,0.05675,0.05462
crops/hibogi_ai_03158_png_7.jpg,hibogi_ai_03158_png,HIBOGI_AI_03158_png_jpg.rf.7aa4b710f830b05e6a619e3deb06728d.jpg,,5,0,advanced,advanced,0.6998,0.04135,0.16955,0.08931,0.69979
crops/hibogi_ai_03158_png_8.jpg,hibogi_ai_03158_png,HIBOGI_AI_03158_png_jpg.rf.7aa4b710f830b05e6a619e3deb06728d.jpg,,0,0,no_caries,no_caries,0.4446,0.4446,0.27608,0.09462,0.18469
crops/hibogi_ai_03158_png_9.jpg,hibogi_ai_03158_png,HIBOGI_AI_03158_png_jpg.rf.7aa4b710f830b05e6a619e3deb06728d.jpg,,5,0,advanced,mild,0.8635,0.07131,0.86349,0.04898,0.01622
crops/hibogi_ai_03158_png_10.jpg,hibogi_ai_03158_png,HIBOGI_AI_03158_png_jpg.rf.7aa4b710f830b05e6a619e3deb06728d.jpg,,0,0,no_caries,mild,0.7476,0.17203,0.7476,0.02686,0.05351
crops/hibogi_ai_03158_png_11.jpg,hibogi_ai_03158_png,HIBOGI_AI_03158_png_jpg.rf.7aa4b710f830b05e6a619e3deb06728d.jpg,,2,0,mild,no_caries,0.6361,0.63613,0.20408,0.08278,0.077
crops/hibogi_ai_03158_png_12.jpg,hibogi_ai_03158_png,HIBOGI_AI_03158_png_jpg.rf.7aa4b710f830b05e6a619e3deb06728d.jpg,,0,0,no_caries,no_caries,0.495,0.495,0.35878,0.05944,0.08679
crops/hibogi_ai_03158_png_13.jpg,hibogi_ai_03158_png,HIBOGI_AI_03158_png_jpg.rf.7aa4b710f830b05e6a619e3deb06728d.jpg,,0,0,no_caries,no_caries,0.7199,0.71989,0.13841,0.09698,0.04472
crops/hibogi_ai_03158_png_14.jpg,hibogi_ai_03158_png,HIBOGI_AI_03158_png_jpg.rf.7aa4b710f830b05e6a619e3deb06728d.jpg,,0,0,no_caries,no_caries,0.7311,0.73105,0.11687,0.08416,0.06792
crops/hibogi_ai_03158_png_15.jpg,hibogi_ai_03158_png,HIBOGI_AI_03158_png_jpg.rf.7aa4b710f830b05e6a619e3deb06728d.jpg,,0,0,no_caries,no_caries,0.7953,0.79534,0.08283,0.05487,0.06695
crops/hibogi_ai_03158_png_16.jpg,hibogi_ai_03158_png,HIBOGI_AI_03158_png_jpg.rf.7aa4b710f830b05e6a619e3deb06728d.jpg,,0,0,no_caries,no_caries,0.5448,0.54481,0.33142,0.09512,0.02864
crops/hibogi_ai_03158_png_17.jpg,hibogi_ai_03158_png,HIBOGI_AI_03158_png_jpg.rf.7aa4b710f830b05e6a619e3deb06728d.jpg,,2,0,mild,moderate,0.5148,0.22952,0.14517,0.51476,0.11056
crops/hibogi_ai_03158_png_18.jpg,hibogi_ai_03158_png,HIBOGI_AI_03158_png_jpg.rf.7aa4b710f830b05e6a619e3deb06728d.jpg,,0,0,no_caries,mild,0.7789,0.08528,0.77889,0.11832,0.01751
crops/hibogi_ai_03158_png_19.jpg,hibogi_ai_03158_png,HIBOGI_AI_03158_png_jpg.rf.7aa4b710f830b05e6a619e3deb06728d.jpg,,0,0,no_caries,mild,0.476,0.11858,0.47595,0.37655,0.02892
crops/hibogi_ai_03161_png_0.jpg,hibogi_ai_03161_png,HIBOGI_AI_03161_png_jpg.rf.4490c648ffdd82c2d976e8cda817a017.jpg,,5,0,advanced,moderate,0.9839,0.002,0.0103,0.98392,0.00378
crops/hibogi_ai_03161_png_1.jpg,hibogi_ai_03161_png,HIBOGI_AI_03161_png_jpg.rf.4490c648ffdd82c2d976e8cda817a017.jpg,,3,0,moderate,moderate,0.9818,0.00808,0.00216,0.98178,0.00798
crops/hibogi_ai_03161_png_2.jpg,hibogi_ai_03161_png,HIBOGI_AI_03161_png_jpg.rf.4490c648ffdd82c2d976e8cda817a017.jpg,,0,0,no_caries,moderate,0.6476,0.16022,0.14524,0.6476,0.04693
crops/hibogi_ai_03161_png_3.jpg,hibogi_ai_03161_png,HIBOGI_AI_03161_png_jpg.rf.4490c648ffdd82c2d976e8cda817a017.jpg,,0,0,no_caries,moderate,0.5238,0.17321,0.28656,0.52376,0.01646
crops/hibogi_ai_03161_png_4.jpg,hibogi_ai_03161_png,HIBOGI_AI_03161_png_jpg.rf.4490c648ffdd82c2d976e8cda817a017.jpg,,3,0,moderate,mild,0.5213,0.39464,0.52132,0.06659,0.01745
crops/hibogi_ai_03161_png_5.jpg,hibogi_ai_03161_png,HIBOGI_AI_03161_png_jpg.rf.4490c648ffdd82c2d976e8cda817a017.jpg,,3,0,moderate,no_caries,0.8663,0.86632,0.02523,0.09005,0.01839
crops/hibogi_ai_03161_png_6.jpg,hibogi_ai_03161_png,HIBOGI_AI_03161_png_jpg.rf.4490c648ffdd82c2d976e8cda817a017.jpg,,3,0,moderate,no_caries,0.8462,0.84624,0.08311,0.0444,0.02625
crops/hibogi_ai_03161_png_7.jpg,hibogi_ai_03161_png,HIBOGI_AI_03161_png_jpg.rf.4490c648ffdd82c2d976e8cda817a017.jpg,,3,0,moderate,no_caries,0.8308,0.8308,0.04772,0.06821,0.05327
crops/hibogi_ai_03161_png_8.jpg,hibogi_ai_03161_png,HIBOGI_AI_03161_png_jpg.rf.4490c648ffdd82c2d976e8cda817a017.jpg,,3,0,moderate,no_caries,0.8322,0.83224,0.06586,0.04253,0.05938
crops/hibogi_ai_03161_png_9.jpg,hibogi_ai_03161_png,HIBOGI_AI_03161_png_jpg.rf.4490c648ffdd82c2d976e8cda817a017.jpg,,3,0,moderate,no_caries,0.78,0.77999,0.09141,0.08205,0.04655
crops/hibogi_ai_03161_png_10.jpg,hibogi_ai_03161_png,HIBOGI_AI_03161_png_jpg.rf.4490c648ffdd82c2d976e8cda817a017.jpg,,3,0,moderate,no_caries,0.686,0.68598,0.11164,0.17356,0.02882
crops/hibogi_ai_03161_png_11.jpg,hibogi_ai_03161_png,HIBOGI_AI_03161_png_jpg.rf.4490c648ffdd82c2d976e8cda817a017.jpg,,2,0,mild,mild,0.5133,0.03191,0.51327,0.42923,0.02559
crops/hibogi_ai_03161_png_12.jpg,hibogi_ai_03161_png,HIBOGI_AI_03161_png_jpg.rf.4490c648ffdd82c2d976e8cda817a017.jpg,,2,0,mild,mild,0.5737,0.23506,0.57368,0.16941,0.02186
crops/hibogi_ai_03161_png_13.jpg,hibogi_ai_03161_png,HIBOGI_AI_03161_png_jpg.rf.4490c648ffdd82c2d976e8cda817a017.jpg,,2,0,mild,no_caries,0.4224,0.42239,0.41558,0.11434,0.04769
crops/hibogi_ai_03161_png_14.jpg,hibogi_ai_03161_png,HIBOGI_AI_03161_png_jpg.rf.4490c648ffdd82c2d976e8cda817a017.jpg,,3,0,moderate,moderate,0.7648,0.12915,0.07359,0.76476,0.0325
crops/hibogi_ai_03161_png_15.jpg,hibogi_ai_03161_png,HIBOGI_AI_03161_png_jpg.rf.4490c648ffdd82c2d976e8cda817a017.jpg,,3,0,moderate,moderate,0.9818,0.00122,0.00204,0.98185,0.01489
crops/hibogi_ai_03174_png_0.jpg,hibogi_ai_03174_png,HIBOGI_AI_03174_png_jpg.rf.f0caaa9524161d54216373574140d941.jpg,,0,0,no_caries,no_caries,0.7405,0.74053,0.03975,0.14846,0.07126
crops/hibogi_ai_03174_png_1.jpg,hibogi_ai_03174_png,HIBOGI_AI_03174_png_jpg.rf.f0caaa9524161d54216373574140d941.jpg,,0,0,no_caries,no_caries,0.7379,0.73787,0.10068,0.0835,0.07795
crops/hibogi_ai_03174_png_2.jpg,hibogi_ai_03174_png,HIBOGI_AI_03174_png_jpg.rf.f0caaa9524161d54216373574140d941.jpg,,0,0,no_caries,mild,0.6892,0.19752,0.68921,0.01805,0.09521
crops/hibogi_ai_03174_png_3.jpg,hibogi_ai_03174_png,HIBOGI_AI_03174_png_jpg.rf.f0caaa9524161d54216373574140d941.jpg,,0,0,no_caries,no_caries,0.4757,0.47571,0.43551,0.04823,0.04055
crops/hibogi_ai_03174_png_4.jpg,hibogi_ai_03174_png,HIBOGI_AI_03174_png_jpg.rf.f0caaa9524161d54216373574140d941.jpg,,0,0,no_caries,advanced,0.7918,0.04771,0.12983,0.03071,0.79175
crops/hibogi_ai_03174_png_5.jpg,hibogi_ai_03174_png,HIBOGI_AI_03174_png_jpg.rf.f0caaa9524161d54216373574140d941.jpg,,0,0,no_caries,mild,0.5757,0.28538,0.57566,0.06739,0.07157
crops/hibogi_ai_03174_png_6.jpg,hibogi_ai_03174_png,HIBOGI_AI_03174_png_jpg.rf.f0caaa9524161d54216373574140d941.jpg,,0,0,no_caries,no_caries,0.852,0.85203,0.09959,0.03836,0.01002
crops/hibogi_ai_03174_png_7.jpg,hibogi_ai_03174_png,HIBOGI_AI_03174_png_jpg.rf.f0caaa9524161d54216373574140d941.jpg,,0,0,no_caries,no_caries,0.7585,0.75851,0.13038,0.04956,0.06155
crops/hibogi_ai_03174_png_8.jpg,hibogi_ai_03174_png,HIBOGI_AI_03174_png_jpg.rf.f0caaa9524161d54216373574140d941.jpg,,0,0,no_caries,no_caries,0.8001,0.80006,0.12073,0.03354,0.04566
crops/hibogi_ai_03174_png_9.jpg,hibogi_ai_03174_png,HIBOGI_AI_03174_png_jpg.rf.f0caaa9524161d54216373574140d941.jpg,,0,0,no_caries,no_caries,0.6096,0.6096,0.16569,0.1826,0.0421
crops/hibogi_ai_03174_png_10.jpg,hibogi_ai_03174_png,HIBOGI_AI_03174_png_jpg.rf.f0caaa9524161d54216373574140d941.jpg,,0,0,no_caries,no_caries,0.496,0.49605,0.25475,0.2263,0.0229
crops/hibogi_ai_03174_png_11.jpg,hibogi_ai_03174_png,HIBOGI_AI_03174_png_jpg.rf.f0caaa9524161d54216373574140d941.jpg,,0,0,no_caries,no_caries,0.644,0.64397,0.21833,0.05085,0.08684
crops/hibogi_ai_03176_png_0.jpg,hibogi_ai_03176_png,HIBOGI_AI_03176_png_jpg.rf.b76c570704b861cc6d1df078da6cab9d.jpg,,3,0,moderate,advanced,0.5867,0.05518,0.21609,0.14205,0.58669
crops/hibogi_ai_03176_png_1.jpg,hibogi_ai_03176_png,HIBOGI_AI_03176_png_jpg.rf.b76c570704b861cc6d1df078da6cab9d.jpg,,3,0,moderate,mild,0.9211,0.00382,0.92115,0.0363,0.03872
crops/hibogi_ai_03176_png_2.jpg,hibogi_ai_03176_png,HIBOGI_AI_03176_png_jpg.rf.b76c570704b861cc6d1df078da6cab9d.jpg,,3,0,moderate,mild,0.9829,0.01046,0.9829,0.00251,0.00412
crops/hibogi_ai_03176_png_3.jpg,hibogi_ai_03176_png,HIBOGI_AI_03176_png_jpg.rf.b76c570704b861cc6d1df078da6cab9d.jpg,,0,0,no_caries,mild,0.6523,0.24534,0.65232,0.0814,0.02095
crops/hibogi_ai_03176_png_4.jpg,hibogi_ai_03176_png,HIBOGI_AI_03176_png_jpg.rf.b76c570704b861cc6d1df078da6cab9d.jpg,,2,0,mild,no_caries,0.5981,0.59812,0.36434,0.01803,0.01951
crops/hibogi_ai_03176_png_5.jpg,hibogi_ai_03176_png,HIBOGI_AI_03176_png_jpg.rf.b76c570704b861cc6d1df078da6cab9d.jpg,,0,0,no_caries,no_caries,0.7664,0.76643,0.12348,0.06991,0.04018
crops/hibogi_ai_03176_png_6.jpg,hibogi_ai_03176_png,HIBOGI_AI_03176_png_jpg.rf.b76c570704b861cc6d1df078da6cab9d.jpg,,0,0,no_caries,no_caries,0.7919,0.79195,0.02137,0.17925,0.00744
crops/hibogi_ai_03176_png_7.jpg,hibogi_ai_03176_png,HIBOGI_AI_03176_png_jpg.rf.b76c570704b861cc6d1df078da6cab9d.jpg,,0,0,no_caries,no_caries,0.8402,0.84021,0.05869,0.07187,0.02923
crops/hibogi_ai_03176_png_8.jpg,hibogi_ai_03176_png,HIBOGI_AI_03176_png_jpg.rf.b76c570704b861cc6d1df078da6cab9d.jpg,,0,0,no_caries,no_caries,0.6739,0.67394,0.24401,0.05649,0.02557
crops/hibogi_ai_03176_png_9.jpg,hibogi_ai_03176_png,HIBOGI_AI_03176_png_jpg.rf.b76c570704b861cc6d1df078da6cab9d.jpg,,5,0,advanced,mild,0.5128,0.43081,0.51281,0.01109,0.04529
crops/hibogi_ai_03176_png_10.jpg,hibogi_ai_03176_png,HIBOGI_AI_03176_png_jpg.rf.b76c570704b861cc6d1df078da6cab9d.jpg,,0,0,no_caries,mild,0.82,0.12646,0.82003,0.04799,0.00552
crops/hibogi_ai_03176_png_11.jpg,hibogi_ai_03176_png,HIBOGI_AI_03176_png_jpg.rf.b76c570704b861cc6d1df078da6cab9d.jpg,,3,0,moderate,mild,0.5187,0.04337,0.51872,0.42071,0.01721
crops/hibogi_ai_03176_png_12.jpg,hibogi_ai_03176_png,HIBOGI_AI_03176_png_jpg.rf.b76c570704b861cc6d1df078da6cab9d.jpg,,3,0,moderate,moderate,0.9384,0.00053,0.06013,0.93838,0.00096
crops/hibogi_ai_03176_png_13.jpg,hibogi_ai_03176_png,HIBOGI_AI_03176_png_jpg.rf.b76c570704b861cc6d1df078da6cab9d.jpg,,0,0,no_caries,moderate,0.4623,0.03111,0.37277,0.46229,0.13382
crops/hibogi_ai_03183_png_0.jpg,hibogi_ai_03183_png,HIBOGI_AI_03183_png_jpg.rf.2647638a0b43574931b74020df2aa01c.jpg,,1,0,mild,moderate,0.5169,0.20492,0.25255,0.51688,0.02565
crops/hibogi_ai_03183_png_1.jpg,hibogi_ai_03183_png,HIBOGI_AI_03183_png_jpg.rf.2647638a0b43574931b74020df2aa01c.jpg,,0,0,no_caries,no_caries,0.5267,0.52675,0.27565,0.04853,0.14907
crops/hibogi_ai_03183_png_2.jpg,hibogi_ai_03183_png,HIBOGI_AI_03183_png_jpg.rf.2647638a0b43574931b74020df2aa01c.jpg,,0,0,no_caries,no_caries,0.7567,0.75671,0.13403,0.06121,0.04805
crops/hibogi_ai_03183_png_3.jpg,hibogi_ai_03183_png,HIBOGI_AI_03183_png_jpg.rf.2647638a0b43574931b74020df2aa01c.jpg,,0,0,no_caries,no_caries,0.7075,0.70752,0.2097,0.04163,0.04114
crops/hibogi_ai_03183_png_4.jpg,hibogi_ai_03183_png,HIBOGI_AI_03183_png_jpg.rf.2647638a0b43574931b74020df2aa01c.jpg,,0,0,no_caries,no_caries,0.8246,0.82464,0.10034,0.03149,0.04353
crops/hibogi_ai_03183_png_5.jpg,hibogi_ai_03183_png,HIBOGI_AI_03183_png_jpg.rf.2647638a0b43574931b74020df2aa01c.jpg,,0,0,no_caries,no_caries,0.7915,0.79154,0.09701,0.02953,0.08191
crops/hibogi_ai_03183_png_6.jpg,hibogi_ai_03183_png,HIBOGI_AI_03183_png_jpg.rf.2647638a0b43574931b74020df2aa01c.jpg,,0,0,no_caries,no_caries,0.7836,0.7836,0.11762,0.03633,0.06244
crops/hibogi_ai_03183_png_7.jpg,hibogi_ai_03183_png,HIBOGI_AI_03183_png_jpg.rf.2647638a0b43574931b74020df2aa01c.jpg,,0,0,no_caries,no_caries,0.9138,0.91385,0.04311,0.0106,0.03245
crops/hibogi_ai_03183_png_8.jpg,hibogi_ai_03183_png,HIBOGI_AI_03183_png_jpg.rf.2647638a0b43574931b74020df2aa01c.jpg,,0,0,no_caries,no_caries,0.8124,0.81239,0.02969,0.10455,0.05337
crops/hibogi_ai_03183_png_9.jpg,hibogi_ai_03183_png,HIBOGI_AI_03183_png_jpg.rf.2647638a0b43574931b74020df2aa01c.jpg,,0,0,no_caries,no_caries,0.8081,0.80807,0.10608,0.03416,0.05168
crops/hibogi_ai_03183_png_10.jpg,hibogi_ai_03183_png,HIBOGI_AI_03183_png_jpg.rf.2647638a0b43574931b74020df2aa01c.jpg,,0,0,no_caries,no_caries,0.7351,0.73507,0.06332,0.12473,0.07688
crops/hibogi_ai_03183_png_11.jpg,hibogi_ai_03183_png,HIBOGI_AI_03183_png_jpg.rf.2647638a0b43574931b74020df2aa01c.jpg,,0,0,no_caries,no_caries,0.7956,0.79561,0.04483,0.05326,0.10631
crops/hibogi_ai_03183_png_12.jpg,hibogi_ai_03183_png,HIBOGI_AI_03183_png_jpg.rf.2647638a0b43574931b74020df2aa01c.jpg,,0,0,no_caries,no_caries,0.7915,0.79153,0.13913,0.04867,0.02067
crops/hibogi_ai_03183_png_13.jpg,hibogi_ai_03183_png,HIBOGI_AI_03183_png_jpg.rf.2647638a0b43574931b74020df2aa01c.jpg,,0,0,no_caries,no_caries,0.7938,0.79381,0.1059,0.05635,0.04393
crops/hibogi_ai_03183_png_14.jpg,hibogi_ai_03183_png,HIBOGI_AI_03183_png_jpg.rf.2647638a0b43574931b74020df2aa01c.jpg,,0,0,no_caries,no_caries,0.8057,0.80565,0.07891,0.06191,0.05353
crops/hibogi_ai_03183_png_15.jpg,hibogi_ai_03183_png,HIBOGI_AI_03183_png_jpg.rf.2647638a0b43574931b74020df2aa01c.jpg,,0,0,no_caries,no_caries,0.8746,0.87459,0.05912,0.02928,0.03701
crops/hibogi_ai_03183_png_16.jpg,hibogi_ai_03183_png,HIBOGI_AI_03183_png_jpg.rf.2647638a0b43574931b74020df2aa01c.jpg,,0,0,no_caries,no_caries,0.8493,0.84926,0.05497,0.02425,0.07152
crops/hibogi_ai_03191_png_0.jpg,hibogi_ai_03191_png,HIBOGI_AI_03191_png_jpg.rf.bbbe9999ab9f5893d6e33de06ac312bf.jpg,,0,0,no_caries,no_caries,0.7171,0.7171,0.08943,0.12443,0.06904
crops/hibogi_ai_03191_png_1.jpg,hibogi_ai_03191_png,HIBOGI_AI_03191_png_jpg.rf.bbbe9999ab9f5893d6e33de06ac312bf.jpg,,0,0,no_caries,no_caries,0.7566,0.75656,0.06586,0.11017,0.0674
crops/hibogi_ai_03191_png_2.jpg,hibogi_ai_03191_png,HIBOGI_AI_03191_png_jpg.rf.bbbe9999ab9f5893d6e33de06ac312bf.jpg,,0,0,no_caries,no_caries,0.6986,0.69856,0.04217,0.11595,0.14332
crops/hibogi_ai_03191_png_3.jpg,hibogi_ai_03191_png,HIBOGI_AI_03191_png_jpg.rf.bbbe9999ab9f5893d6e33de06ac312bf.jpg,,5,0,advanced,advanced,0.9471,0.00754,0.0295,0.01582,0.94714
crops/hibogi_ai_03191_png_4.jpg,hibogi_ai_03191_png,HIBOGI_AI_03191_png_jpg.rf.bbbe9999ab9f5893d6e33de06ac312bf.jpg,,0,0,no_caries,no_caries,0.57,0.56998,0.31764,0.1025,0.00988
crops/hibogi_ai_03191_png_5.jpg,hibogi_ai_03191_png,HIBOGI_AI_03191_png_jpg.rf.bbbe9999ab9f5893d6e33de06ac312bf.jpg,,0,0,no_caries,mild,0.5001,0.39799,0.50013,0.06342,0.03845
crops/hibogi_ai_03191_png_6.jpg,hibogi_ai_03191_png,HIBOGI_AI_03191_png_jpg.rf.bbbe9999ab9f5893d6e33de06ac312bf.jpg,,0,0,no_caries,mild,0.5758,0.34382,0.5758,0.03566,0.04472
crops/hibogi_ai_03191_png_7.jpg,hibogi_ai_03191_png,HIBOGI_AI_03191_png_jpg.rf.bbbe9999ab9f5893d6e33de06ac312bf.jpg,,5,0,advanced,moderate,0.6619,0.06029,0.17791,0.66187,0.09992
crops/hibogi_ai_03191_png_8.jpg,hibogi_ai_03191_png,HIBOGI_AI_03191_png_jpg.rf.bbbe9999ab9f5893d6e33de06ac312bf.jpg,,0,0,no_caries,mild,0.5371,0.28308,0.5371,0.06139,0.11844
crops/hibogi_ai_03191_png_9.jpg,hibogi_ai_03191_png,HIBOGI_AI_03191_png_jpg.rf.bbbe9999ab9f5893d6e33de06ac312bf.jpg,,0,0,no_caries,no_caries,0.5187,0.51868,0.41539,0.03706,0.02887
crops/hibogi_ai_03191_png_10.jpg,hibogi_ai_03191_png,HIBOGI_AI_03191_png_jpg.rf.bbbe9999ab9f5893d6e33de06ac312bf.jpg,,0,0,no_caries,no_caries,0.7822,0.78216,0.10278,0.06424,0.05082
crops/hibogi_ai_03191_png_11.jpg,hibogi_ai_03191_png,HIBOGI_AI_03191_png_jpg.rf.bbbe9999ab9f5893d6e33de06ac312bf.jpg,,0,0,no_caries,no_caries,0.8632,0.86315,0.09398,0.00904,0.03383
crops/hibogi_ai_03191_png_12.jpg,hibogi_ai_03191_png,HIBOGI_AI_03191_png_jpg.rf.bbbe9999ab9f5893d6e33de06ac312bf.jpg,,0,0,no_caries,no_caries,0.8067,0.80667,0.1342,0.01529,0.04384
crops/hibogi_ai_03191_png_13.jpg,hibogi_ai_03191_png,HIBOGI_AI_03191_png_jpg.rf.bbbe9999ab9f5893d6e33de06ac312bf.jpg,,3,0,moderate,no_caries,0.5275,0.52747,0.26503,0.15958,0.04792
crops/hibogi_ai_03232_png_0.jpg,hibogi_ai_03232_png,HIBOGI_AI_03232_png_jpg.rf.25d24e6c51c0c7e94857654bbf7392bd.jpg,,0,0,no_caries,no_caries,0.4387,0.43867,0.27645,0.25991,0.02498
crops/hibogi_ai_03232_png_1.jpg,hibogi_ai_03232_png,HIBOGI_AI_03232_png_jpg.rf.25d24e6c51c0c7e94857654bbf7392bd.jpg,,0,0,no_caries,no_caries,0.8186,0.81865,0.05416,0.07272,0.05447
crops/hibogi_ai_03232_png_2.jpg,hibogi_ai_03232_png,HIBOGI_AI_03232_png_jpg.rf.25d24e6c51c0c7e94857654bbf7392bd.jpg,,0,0,no_caries,no_caries,0.6641,0.66415,0.23958,0.02797,0.0683
crops/hibogi_ai_03232_png_3.jpg,hibogi_ai_03232_png,HIBOGI_AI_03232_png_jpg.rf.25d24e6c51c0c7e94857654bbf7392bd.jpg,,5,0,advanced,advanced,0.9585,0.0089,0.01348,0.01915,0.95848
crops/hibogi_ai_03232_png_4.jpg,hibogi_ai_03232_png,HIBOGI_AI_03232_png_jpg.rf.25d24e6c51c0c7e94857654bbf7392bd.jpg,,0,0,no_caries,no_caries,0.8348,0.83481,0.02367,0.06733,0.07419
crops/hibogi_ai_03232_png_5.jpg,hibogi_ai_03232_png,HIBOGI_AI_03232_png_jpg.rf.25d24e6c51c0c7e94857654bbf7392bd.jpg,,0,0,no_caries,no_caries,0.7989,0.79887,0.05909,0.04861,0.09344
crops/hibogi_ai_03232_png_6.jpg,hibogi_ai_03232_png,HIBOGI_AI_03232_png_jpg.rf.25d24e6c51c0c7e94857654bbf7392bd.jpg,,0,0,no_caries,no_caries,0.8305,0.83053,0.08225,0.02178,0.06545
crops/hibogi_ai_03232_png_7.jpg,hibogi_ai_03232_png,HIBOGI_AI_03232_png_jpg.rf.25d24e6c51c0c7e94857654bbf7392bd.jpg,,0,0,no_caries,no_caries,0.6795,0.67947,0.14988,0.07875,0.09189
crops/hibogi_ai_03232_png_8.jpg,hibogi_ai_03232_png,HIBOGI_AI_03232_png_jpg.rf.25d24e6c51c0c7e94857654bbf7392bd.jpg,,0,0,no_caries,moderate,0.4724,0.4412,0.07812,0.47241,0.00827
crops/hibogi_ai_03232_png_9.jpg,hibogi_ai_03232_png,HIBOGI_AI_03232_png_jpg.rf.25d24e6c51c0c7e94857654bbf7392bd.jpg,,0,0,no_caries,no_caries,0.8321,0.83215,0.08769,0.06647,0.01369
crops/hibogi_ai_03232_png_10.jpg,hibogi_ai_03232_png,HIBOGI_AI_03232_png_jpg.rf.25d24e6c51c0c7e94857654bbf7392bd.jpg,,0,0,no_caries,no_caries,0.6597,0.65973,0.22477,0.05063,0.06486
crops/hibogi_ai_03232_png_11.jpg,hibogi_ai_03232_png,HIBOGI_AI_03232_png_jpg.rf.25d24e6c51c0c7e94857654bbf7392bd.jpg,,0,0,no_caries,no_caries,0.5606,0.56057,0.37313,0.03551,0.03078
crops/hibogi_ai_03232_png_12.jpg,hibogi_ai_03232_png,HIBOGI_AI_03232_png_jpg.rf.25d24e6c51c0c7e94857654bbf7392bd.jpg,,0,0,no_caries,no_caries,0.7441,0.74408,0.11878,0.04598,0.09116
crops/hibogi_ai_03232_png_13.jpg,hibogi_ai_03232_png,HIBOGI_AI_03232_png_jpg.rf.25d24e6c51c0c7e94857654bbf7392bd.jpg,,0,0,no_caries,no_caries,0.8095,0.80949,0.02597,0.12422,0.04032
crops/hibogi_ai_03232_png_14.jpg,hibogi_ai_03232_png,HIBOGI_AI_03232_png_jpg.rf.25d24e6c51c0c7e94857654bbf7392bd.jpg,,0,0,no_caries,moderate,0.4139,0.2567,0.29864,0.41388,0.03079
crops/hibogi_ai_03241_png_0.jpg,hibogi_ai_03241_png,HIBOGI_AI_03241_png_jpg.rf.6842bbfed116bc66fb60e41dbeea595c.jpg,,0,0,no_caries,no_caries,0.4315,0.4315,0.41268,0.06278,0.09304
crops/hibogi_ai_03241_png_1.jpg,hibogi_ai_03241_png,HIBOGI_AI_03241_png_jpg.rf.6842bbfed116bc66fb60e41dbeea595c.jpg,,0,0,no_caries,mild,0.439,0.31987,0.43905,0.16029,0.08079
crops/hibogi_ai_03241_png_2.jpg,hibogi_ai_03241_png,HIBOGI_AI_03241_png_jpg.rf.6842bbfed116bc66fb60e41dbeea595c.jpg,,0,0,no_caries,moderate,0.8775,0.07183,0.02486,0.87746,0.02585
crops/hibogi_ai_03241_png_3.jpg,hibogi_ai_03241_png,HIBOGI_AI_03241_png_jpg.rf.6842bbfed116bc66fb60e41dbeea595c.jpg,,0,0,no_caries,no_caries,0.7841,0.78408,0.11837,0.07333,0.02422
crops/hibogi_ai_03241_png_4.jpg,hibogi_ai_03241_png,HIBOGI_AI_03241_png_jpg.rf.6842bbfed116bc66fb60e41dbeea595c.jpg,,0,0,no_caries,no_caries,0.5453,0.54534,0.41472,0.02731,0.01263
crops/hibogi_ai_03241_png_5.jpg,hibogi_ai_03241_png,HIBOGI_AI_03241_png_jpg.rf.6842bbfed116bc66fb60e41dbeea595c.jpg,,0,0,no_caries,no_caries,0.5757,0.57572,0.33698,0.02986,0.05744
crops/hibogi_ai_03241_png_6.jpg,hibogi_ai_03241_png,HIBOGI_AI_03241_png_jpg.rf.6842bbfed116bc66fb60e41dbeea595c.jpg,,0,0,no_caries,no_caries,0.8262,0.82619,0.09564,0.049,0.02917
crops/hibogi_ai_03241_png_7.jpg,hibogi_ai_03241_png,HIBOGI_AI_03241_png_jpg.rf.6842bbfed116bc66fb60e41dbeea595c.jpg,,0,0,no_caries,no_caries,0.7344,0.73444,0.12955,0.064,0.07201
crops/hibogi_ai_03241_png_8.jpg,hibogi_ai_03241_png,HIBOGI_AI_03241_png_jpg.rf.6842bbfed116bc66fb60e41dbeea595c.jpg,,0,0,no_caries,mild,0.4995,0.42172,0.49951,0.02251,0.05626
crops/hibogi_ai_03241_png_9.jpg,hibogi_ai_03241_png,HIBOGI_AI_03241_png_jpg.rf.6842bbfed116bc66fb60e41dbeea595c.jpg,,0,0,no_caries,no_caries,0.6844,0.68437,0.21841,0.04006,0.05716
crops/hibogi_ai_03241_png_10.jpg,hibogi_ai_03241_png,HIBOGI_AI_03241_png_jpg.rf.6842bbfed116bc66fb60e41dbeea595c.jpg,,0,0,no_caries,mild,0.7184,0.22907,0.71838,0.04414,0.0084
crops/hibogi_ai_03241_png_11.jpg,hibogi_ai_03241_png,HIBOGI_AI_03241_png_jpg.rf.6842bbfed116bc66fb60e41dbeea595c.jpg,,0,0,no_caries,mild,0.8592,0.05342,0.85915,0.06415,0.02327
crops/hibogi_ai_03241_png_12.jpg,hibogi_ai_03241_png,HIBOGI_AI_03241_png_jpg.rf.6842bbfed116bc66fb60e41dbeea595c.jpg,,0,0,no_caries,mild,0.7113,0.2311,0.71128,0.03544,0.02217
crops/hibogi_ai_03241_png_13.jpg,hibogi_ai_03241_png,HIBOGI_AI_03241_png_jpg.rf.6842bbfed116bc66fb60e41dbeea595c.jpg,,0,0,no_caries,no_caries,0.525,0.52495,0.40167,0.03331,0.04006
crops/hibogi_ai_03241_png_14.jpg,hibogi_ai_03241_png,HIBOGI_AI_03241_png_jpg.rf.6842bbfed116bc66fb60e41dbeea595c.jpg,,0,0,no_caries,no_caries,0.7298,0.72984,0.18766,0.04742,0.03509
crops/hibogi_ai_03241_png_15.jpg,hibogi_ai_03241_png,HIBOGI_AI_03241_png_jpg.rf.6842bbfed116bc66fb60e41dbeea595c.jpg,,0,0,no_caries,no_caries,0.6203,0.62029,0.30798,0.0445,0.02722
crops/hibogi_ai_03241_png_16.jpg,hibogi_ai_03241_png,HIBOGI_AI_03241_png_jpg.rf.6842bbfed116bc66fb60e41dbeea595c.jpg,,0,0,no_caries,mild,0.6447,0.32175,0.64469,0.02228,0.01129
crops/hibogi_ai_03248_png_0.jpg,hibogi_ai_03248_png,HIBOGI_AI_03248_png_jpg.rf.a8287c8f6a10f42bfdf919ee3aaabd7e.jpg,,0,0,no_caries,no_caries,0.8696,0.86959,0.06008,0.03193,0.0384
crops/hibogi_ai_03248_png_1.jpg,hibogi_ai_03248_png,HIBOGI_AI_03248_png_jpg.rf.a8287c8f6a10f42bfdf919ee3aaabd7e.jpg,,0,0,no_caries,no_caries,0.6688,0.66878,0.13012,0.12449,0.07662
crops/hibogi_ai_03248_png_2.jpg,hibogi_ai_03248_png,HIBOGI_AI_03248_png_jpg.rf.a8287c8f6a10f42bfdf919ee3aaabd7e.jpg,,0,0,no_caries,no_caries,0.6957,0.69567,0.17375,0.04197,0.08861
crops/hibogi_ai_03248_png_3.jpg,hibogi_ai_03248_png,HIBOGI_AI_03248_png_jpg.rf.a8287c8f6a10f42bfdf919ee3aaabd7e.jpg,,0,0,no_caries,no_caries,0.8184,0.81844,0.03051,0.06467,0.08638
crops/hibogi_ai_03248_png_4.jpg,hibogi_ai_03248_png,HIBOGI_AI_03248_png_jpg.rf.a8287c8f6a10f42bfdf919ee3aaabd7e.jpg,,0,0,no_caries,no_caries,0.7245,0.72449,0.1551,0.05002,0.0704
crops/hibogi_ai_03248_png_5.jpg,hibogi_ai_03248_png,HIBOGI_AI_03248_png_jpg.rf.a8287c8f6a10f42bfdf919ee3aaabd7e.jpg,,0,0,no_caries,mild,0.4673,0.44442,0.46734,0.03656,0.05168
crops/hibogi_ai_03248_png_6.jpg,hibogi_ai_03248_png,HIBOGI_AI_03248_png_jpg.rf.a8287c8f6a10f42bfdf919ee3aaabd7e.jpg,,0,0,no_caries,no_caries,0.4148,0.41478,0.12179,0.38405,0.07937
crops/hibogi_ai_03248_png_7.jpg,hibogi_ai_03248_png,HIBOGI_AI_03248_png_jpg.rf.a8287c8f6a10f42bfdf919ee3aaabd7e.jpg,,0,0,no_caries,no_caries,0.7909,0.79092,0.05651,0.13018,0.02239
crops/hibogi_ai_03248_png_8.jpg,hibogi_ai_03248_png,HIBOGI_AI_03248_png_jpg.rf.a8287c8f6a10f42bfdf919ee3aaabd7e.jpg,,0,0,no_caries,no_caries,0.7374,0.73736,0.1237,0.07082,0.06812
crops/hibogi_ai_03262_png_0.jpg,hibogi_ai_03262_png,HIBOGI_AI_03262_png_jpg.rf.af09d6b68ee9f1794d6e00c0d7676f2d.jpg,,2,0,mild,moderate,0.5901,0.25003,0.08195,0.59007,0.07796
crops/hibogi_ai_03262_png_1.jpg,hibogi_ai_03262_png,HIBOGI_AI_03262_png_jpg.rf.af09d6b68ee9f1794d6e00c0d7676f2d.jpg,,0,0,no_caries,no_caries,0.7412,0.74122,0.1621,0.05788,0.0388
crops/hibogi_ai_03262_png_2.jpg,hibogi_ai_03262_png,HIBOGI_AI_03262_png_jpg.rf.af09d6b68ee9f1794d6e00c0d7676f2d.jpg,,0,0,no_caries,no_caries,0.7982,0.79818,0.14919,0.01329,0.03934
crops/hibogi_ai_03262_png_3.jpg,hibogi_ai_03262_png,HIBOGI_AI_03262_png_jpg.rf.af09d6b68ee9f1794d6e00c0d7676f2d.jpg,,0,0,no_caries,no_caries,0.5981,0.59811,0.2362,0.08054,0.08514
crops/hibogi_ai_03262_png_4.jpg,hibogi_ai_03262_png,HIBOGI_AI_03262_png_jpg.rf.af09d6b68ee9f1794d6e00c0d7676f2d.jpg,,0,0,no_caries,no_caries,0.7603,0.7603,0.06761,0.10848,0.06361
crops/hibogi_ai_03262_png_5.jpg,hibogi_ai_03262_png,HIBOGI_AI_03262_png_jpg.rf.af09d6b68ee9f1794d6e00c0d7676f2d.jpg,,3,0,moderate,mild,0.7139,0.02432,0.71395,0.24593,0.0158
crops/hibogi_ai_03262_png_6.jpg,hibogi_ai_03262_png,HIBOGI_AI_03262_png_jpg.rf.af09d6b68ee9f1794d6e00c0d7676f2d.jpg,,0,0,no_caries,no_caries,0.7149,0.71491,0.23398,0.02696,0.02415
crops/hibogi_ai_03262_png_7.jpg,hibogi_ai_03262_png,HIBOGI_AI_03262_png_jpg.rf.af09d6b68ee9f1794d6e00c0d7676f2d.jpg,,0,0,no_caries,no_caries,0.5687,0.56867,0.37244,0.01495,0.04394
crops/hibogi_ai_03262_png_8.jpg,hibogi_ai_03262_png,HIBOGI_AI_03262_png_jpg.rf.af09d6b68ee9f1794d6e00c0d7676f2d.jpg,,0,0,no_caries,no_caries,0.7169,0.7169,0.17476,0.04463,0.0637
crops/hibogi_ai_03262_png_9.jpg,hibogi_ai_03262_png,HIBOGI_AI_03262_png_jpg.rf.af09d6b68ee9f1794d6e00c0d7676f2d.jpg,,1,0,mild,no_caries,0.6972,0.69721,0.23694,0.02461,0.04123
crops/hibogi_ai_03262_png_10.jpg,hibogi_ai_03262_png,HIBOGI_AI_03262_png_jpg.rf.af09d6b68ee9f1794d6e00c0d7676f2d.jpg,,0,0,no_caries,mild,0.632,0.30802,0.632,0.02646,0.03352
crops/hibogi_ai_03262_png_11.jpg,hibogi_ai_03262_png,HIBOGI_AI_03262_png_jpg.rf.af09d6b68ee9f1794d6e00c0d7676f2d.jpg,,0,0,no_caries,no_caries,0.6691,0.66905,0.19589,0.10289,0.03217
crops/hibogi_ai_03265_png_0.jpg,hibogi_ai_03265_png,HIBOGI_AI_03265_png_jpg.rf.3b6cf190412c3ccee5f2c87c8cd3e740.jpg,,0,0,no_caries,mild,0.4406,0.25961,0.44059,0.22798,0.07182
crops/hibogi_ai_03265_png_1.jpg,hibogi_ai_03265_png,HIBOGI_AI_03265_png_jpg.rf.3b6cf190412c3ccee5f2c87c8cd3e740.jpg,,5,0,advanced,advanced,0.9688,0.00939,0.00822,0.01364,0.96875
crops/hibogi_ai_03265_png_2.jpg,hibogi_ai_03265_png,HIBOGI_AI_03265_png_jpg.rf.3b6cf190412c3ccee5f2c87c8cd3e740.jpg,,0,0,no_caries,no_caries,0.8072,0.80716,0.091,0.01869,0.08314
crops/hibogi_ai_03265_png_3.jpg,hibogi_ai_03265_png,HIBOGI_AI_03265_png_jpg.rf.3b6cf190412c3ccee5f2c87c8cd3e740.jpg,,0,0,no_caries,no_caries,0.8421,0.84215,0.06469,0.03301,0.06015
crops/hibogi_ai_03265_png_4.jpg,hibogi_ai_03265_png,HIBOGI_AI_03265_png_jpg.rf.3b6cf190412c3ccee5f2c87c8cd3e740.jpg,,0,0,no_caries,no_caries,0.7463,0.7463,0.12183,0.07062,0.06125
crops/hibogi_ai_03265_png_5.jpg,hibogi_ai_03265_png,HIBOGI_AI_03265_png_jpg.rf.3b6cf190412c3ccee5f2c87c8cd3e740.jpg,,0,0,no_caries,mild,0.6358,0.25084,0.63577,0.05104,0.06236
crops/hibogi_ai_03265_png_6.jpg,hibogi_ai_03265_png,HIBOGI_AI_03265_png_jpg.rf.3b6cf190412c3ccee5f2c87c8cd3e740.jpg,,0,0,no_caries,no_caries,0.8186,0.81859,0.10556,0.03151,0.04435
crops/hibogi_ai_03265_png_7.jpg,hibogi_ai_03265_png,HIBOGI_AI_03265_png_jpg.rf.3b6cf190412c3ccee5f2c87c8cd3e740.jpg,,0,0,no_caries,no_caries,0.485,0.48504,0.46482,0.02414,0.026
crops/hibogi_ai_03265_png_8.jpg,hibogi_ai_03265_png,HIBOGI_AI_03265_png_jpg.rf.3b6cf190412c3ccee5f2c87c8cd3e740.jpg,,0,0,no_caries,no_caries,0.5678,0.56778,0.2224,0.10406,0.10577
crops/hibogi_ai_03265_png_9.jpg,hibogi_ai_03265_png,HIBOGI_AI_03265_png_jpg.rf.3b6cf190412c3ccee5f2c87c8cd3e740.jpg,,0,0,no_caries,no_caries,0.6215,0.62154,0.15163,0.11622,0.11061
crops/hibogi_ai_03265_png_10.jpg,hibogi_ai_03265_png,HIBOGI_AI_03265_png_jpg.rf.3b6cf190412c3ccee5f2c87c8cd3e740.jpg,,0,0,no_caries,mild,0.4423,0.37025,0.44233,0.13729,0.05014
crops/hibogi_ai_03268_png_0.jpg,hibogi_ai_03268_png,HIBOGI_AI_03268_png_jpg.rf.5c3145cf3542749cc0ded8c6a0383d22.jpg,,0,0,no_caries,no_caries,0.651,0.65099,0.17121,0.10363,0.07417
crops/hibogi_ai_03268_png_1.jpg,hibogi_ai_03268_png,HIBOGI_AI_03268_png_jpg.rf.5c3145cf3542749cc0ded8c6a0383d22.jpg,,0,0,no_caries,no_caries,0.6251,0.62506,0.24329,0.09486,0.03679
crops/hibogi_ai_03268_png_2.jpg,hibogi_ai_03268_png,HIBOGI_AI_03268_png_jpg.rf.5c3145cf3542749cc0ded8c6a0383d22.jpg,,0,0,no_caries,no_caries,0.6036,0.60361,0.31547,0.03136,0.04956
crops/hibogi_ai_03268_png_3.jpg,hibogi_ai_03268_png,HIBOGI_AI_03268_png_jpg.rf.5c3145cf3542749cc0ded8c6a0383d22.jpg,,0,0,no_caries,no_caries,0.7034,0.70343,0.11258,0.11311,0.07088
crops/hibogi_ai_03268_png_4.jpg,hibogi_ai_03268_png,HIBOGI_AI_03268_png_jpg.rf.5c3145cf3542749cc0ded8c6a0383d22.jpg,,6,0,advanced,advanced,0.5625,0.00305,0.01261,0.42184,0.5625
crops/hibogi_ai_03268_png_5.jpg,hibogi_ai_03268_png,HIBOGI_AI_03268_png_jpg.rf.5c3145cf3542749cc0ded8c6a0383d22.jpg,,0,0,no_caries,mild,0.6693,0.29045,0.66926,0.02564,0.01465
crops/hibogi_ai_03268_png_6.jpg,hibogi_ai_03268_png,HIBOGI_AI_03268_png_jpg.rf.5c3145cf3542749cc0ded8c6a0383d22.jpg,,0,0,no_caries,no_caries,0.6748,0.67482,0.13567,0.14842,0.0411
crops/hibogi_ai_03268_png_7.jpg,hibogi_ai_03268_png,HIBOGI_AI_03268_png_jpg.rf.5c3145cf3542749cc0ded8c6a0383d22.jpg,,3,0,moderate,moderate,0.9447,0.00328,0.04267,0.94472,0.00934
crops/hibogi_ai_03268_png_8.jpg,hibogi_ai_03268_png,HIBOGI_AI_03268_png_jpg.rf.5c3145cf3542749cc0ded8c6a0383d22.jpg,,0,0,no_caries,no_caries,0.7524,0.75239,0.15713,0.036,0.05448
crops/hibogi_ai_03268_png_9.jpg,hibogi_ai_03268_png,HIBOGI_AI_03268_png_jpg.rf.5c3145cf3542749cc0ded8c6a0383d22.jpg,,0,0,no_caries,no_caries,0.52,0.51999,0.41582,0.02953,0.03466
crops/hibogi_ai_03268_png_10.jpg,hibogi_ai_03268_png,HIBOGI_AI_03268_png_jpg.rf.5c3145cf3542749cc0ded8c6a0383d22.jpg,,0,0,no_caries,no_caries,0.8301,0.83005,0.06865,0.04677,0.05453
crops/hibogi_ai_03274_png_0.jpg,hibogi_ai_03274_png,HIBOGI_AI_03274_png_jpg.rf.cbff64a267771dfa4d4911758b31f8b0.jpg,,1,0,mild,mild,0.5725,0.07018,0.57253,0.23701,0.12028
crops/hibogi_ai_03274_png_1.jpg,hibogi_ai_03274_png,HIBOGI_AI_03274_png_jpg.rf.cbff64a267771dfa4d4911758b31f8b0.jpg,,3,0,moderate,advanced,0.5526,0.00529,0.10194,0.34017,0.5526
crops/hibogi_ai_03274_png_2.jpg,hibogi_ai_03274_png,HIBOGI_AI_03274_png_jpg.rf.cbff64a267771dfa4d4911758b31f8b0.jpg,,0,0,no_caries,no_caries,0.7244,0.72444,0.18877,0.02887,0.05791
crops/hibogi_ai_03274_png_3.jpg,hibogi_ai_03274_png,HIBOGI_AI_03274_png_jpg.rf.cbff64a267771dfa4d4911758b31f8b0.jpg,,0,0,no_caries,no_caries,0.8237,0.82368,0.10071,0.02585,0.04976
crops/hibogi_ai_03274_png_4.jpg,hibogi_ai_03274_png,HIBOGI_AI_03274_png_jpg.rf.cbff64a267771dfa4d4911758b31f8b0.jpg,,0,0,no_caries,no_caries,0.869,0.86904,0.05663,0.0396,0.03473
crops/hibogi_ai_03274_png_5.jpg,hibogi_ai_03274_png,HIBOGI_AI_03274_png_jpg.rf.cbff64a267771dfa4d4911758b31f8b0.jpg,,0,0,no_caries,moderate,0.7438,0.19414,0.01486,0.74376,0.04724
crops/hibogi_ai_03274_png_6.jpg,hibogi_ai_03274_png,HIBOGI_AI_03274_png_jpg.rf.cbff64a267771dfa4d4911758b31f8b0.jpg,,0,0,no_caries,no_caries,0.7596,0.75958,0.1115,0.05684,0.07208
crops/hibogi_ai_03274_png_7.jpg,hibogi_ai_03274_png,HIBOGI_AI_03274_png_jpg.rf.cbff64a267771dfa4d4911758b31f8b0.jpg,,0,0,no_caries,no_caries,0.8644,0.86441,0.02745,0.06429,0.04385
crops/hibogi_ai_03274_png_8.jpg,hibogi_ai_03274_png,HIBOGI_AI_03274_png_jpg.rf.cbff64a267771dfa4d4911758b31f8b0.jpg,,0,0,no_caries,no_caries,0.8761,0.87613,0.02297,0.05066,0.05024
crops/hibogi_ai_03274_png_9.jpg,hibogi_ai_03274_png,HIBOGI_AI_03274_png_jpg.rf.cbff64a267771dfa4d4911758b31f8b0.jpg,,3,0,moderate,advanced,0.3841,0.37286,0.10496,0.13811,0.38407
crops/hibogi_ai_03274_png_10.jpg,hibogi_ai_03274_png,HIBOGI_AI_03274_png_jpg.rf.cbff64a267771dfa4d4911758b31f8b0.jpg,,0,0,no_caries,no_caries,0.7987,0.79868,0.07282,0.02248,0.10602
crops/hibogi_ai_03274_png_11.jpg,hibogi_ai_03274_png,HIBOGI_AI_03274_png_jpg.rf.cbff64a267771dfa4d4911758b31f8b0.jpg,,2,0,mild,mild,0.5993,0.01513,0.59931,0.37384,0.01172
crops/hibogi_ai_03274_png_12.jpg,hibogi_ai_03274_png,HIBOGI_AI_03274_png_jpg.rf.cbff64a267771dfa4d4911758b31f8b0.jpg,,5,0,advanced,mild,0.7447,0.09432,0.74472,0.11014,0.05082
crops/hibogi_ai_03286_png_0.jpg,hibogi_ai_03286_png,HIBOGI_AI_03286_png_jpg.rf.3cdb43a604a830db03ec733289e85f96.jpg,,0,0,no_caries,no_caries,0.5738,0.57376,0.24704,0.12,0.05921
crops/hibogi_ai_03286_png_1.jpg,hibogi_ai_03286_png,HIBOGI_AI_03286_png_jpg.rf.3cdb43a604a830db03ec733289e85f96.jpg,,0,0,no_caries,no_caries,0.6962,0.6962,0.22128,0.02964,0.05288
crops/hibogi_ai_03286_png_2.jpg,hibogi_ai_03286_png,HIBOGI_AI_03286_png_jpg.rf.3cdb43a604a830db03ec733289e85f96.jpg,,0,0,no_caries,no_caries,0.7557,0.75575,0.1725,0.03999,0.03177
crops/hibogi_ai_03286_png_3.jpg,hibogi_ai_03286_png,HIBOGI_AI_03286_png_jpg.rf.3cdb43a604a830db03ec733289e85f96.jpg,,0,0,no_caries,no_caries,0.8381,0.8381,0.07468,0.06479,0.02243
crops/hibogi_ai_03286_png_4.jpg,hibogi_ai_03286_png,HIBOGI_AI_03286_png_jpg.rf.3cdb43a604a830db03ec733289e85f96.jpg,,0,0,no_caries,no_caries,0.8457,0.84572,0.05224,0.04962,0.05241
crops/hibogi_ai_03286_png_5.jpg,hibogi_ai_03286_png,HIBOGI_AI_03286_png_jpg.rf.3cdb43a604a830db03ec733289e85f96.jpg,,0,0,no_caries,no_caries,0.7567,0.75674,0.09334,0.07295,0.07697
crops/hibogi_ai_03286_png_6.jpg,hibogi_ai_03286_png,HIBOGI_AI_03286_png_jpg.rf.3cdb43a604a830db03ec733289e85f96.jpg,,0,0,no_caries,no_caries,0.6338,0.63377,0.23454,0.0658,0.06589
crops/hibogi_ai_03286_png_7.jpg,hibogi_ai_03286_png,HIBOGI_AI_03286_png_jpg.rf.3cdb43a604a830db03ec733289e85f96.jpg,,4,0,moderate,moderate,0.9452,0.04033,0.01135,0.94521,0.00311
crops/hibogi_ai_03286_png_8.jpg,hibogi_ai_03286_png,HIBOGI_AI_03286_png_jpg.rf.3cdb43a604a830db03ec733289e85f96.jpg,,0,0,no_caries,no_caries,0.7133,0.71327,0.1092,0.13313,0.0444
crops/hibogi_ai_03286_png_9.jpg,hibogi_ai_03286_png,HIBOGI_AI_03286_png_jpg.rf.3cdb43a604a830db03ec733289e85f96.jpg,,4,0,moderate,mild,0.49,0.41036,0.48996,0.07921,0.02047
crops/hibogi_ai_03286_png_10.jpg,hibogi_ai_03286_png,HIBOGI_AI_03286_png_jpg.rf.3cdb43a604a830db03ec733289e85f96.jpg,,0,0,no_caries,no_caries,0.5876,0.5876,0.29972,0.04404,0.06864
crops/hibogi_ai_03286_png_11.jpg,hibogi_ai_03286_png,HIBOGI_AI_03286_png_jpg.rf.3cdb43a604a830db03ec733289e85f96.jpg,,0,0,no_caries,mild,0.9368,0.04401,0.93679,0.01359,0.0056
crops/hibogi_ai_03286_png_12.jpg,hibogi_ai_03286_png,HIBOGI_AI_03286_png_jpg.rf.3cdb43a604a830db03ec733289e85f96.jpg,,0,0,no_caries,no_caries,0.8578,0.85777,0.04079,0.05355,0.04789
crops/hibogi_ai_03286_png_13.jpg,hibogi_ai_03286_png,HIBOGI_AI_03286_png_jpg.rf.3cdb43a604a830db03ec733289e85f96.jpg,,0,0,no_caries,no_caries,0.8681,0.86806,0.04252,0.04541,0.04401
crops/hibogi_ai_03286_png_14.jpg,hibogi_ai_03286_png,HIBOGI_AI_03286_png_jpg.rf.3cdb43a604a830db03ec733289e85f96.jpg,,0,0,no_caries,mild,0.81,0.13808,0.80998,0.03699,0.01495
crops/hibogi_ai_03286_png_15.jpg,hibogi_ai_03286_png,HIBOGI_AI_03286_png_jpg.rf.3cdb43a604a830db03ec733289e85f96.jpg,,0,0,no_caries,no_caries,0.7637,0.76372,0.15419,0.01729,0.0648
crops/hibogi_ai_03286_png_16.jpg,hibogi_ai_03286_png,HIBOGI_AI_03286_png_jpg.rf.3cdb43a604a830db03ec733289e85f96.jpg,,4,0,moderate,advanced,0.865,0.02887,0.02517,0.08096,0.865
crops/hibogi_ai_03287_png_0.jpg,hibogi_ai_03287_png,HIBOGI_AI_03287_png_jpg.rf.c4e89fad7cd26506145787127c362eea.jpg,,0,0,no_caries,no_caries,0.7405,0.74052,0.15874,0.05126,0.04947
crops/hibogi_ai_03287_png_1.jpg,hibogi_ai_03287_png,HIBOGI_AI_03287_png_jpg.rf.c4e89fad7cd26506145787127c362eea.jpg,,6,0,advanced,advanced,0.8993,0.00901,0.01075,0.08096,0.89927
crops/hibogi_ai_03287_png_2.jpg,hibogi_ai_03287_png,HIBOGI_AI_03287_png_jpg.rf.c4e89fad7cd26506145787127c362eea.jpg,,0,0,no_caries,no_caries,0.5392,0.53922,0.37178,0.02794,0.06106
crops/hibogi_ai_03287_png_3.jpg,hibogi_ai_03287_png,HIBOGI_AI_03287_png_jpg.rf.c4e89fad7cd26506145787127c362eea.jpg,,0,0,no_caries,no_caries,0.5551,0.55507,0.34019,0.0445,0.06025
crops/hibogi_ai_03287_png_4.jpg,hibogi_ai_03287_png,HIBOGI_AI_03287_png_jpg.rf.c4e89fad7cd26506145787127c362eea.jpg,,0,0,no_caries,no_caries,0.8373,0.83725,0.04042,0.0498,0.07253
crops/hibogi_ai_03287_png_5.jpg,hibogi_ai_03287_png,HIBOGI_AI_03287_png_jpg.rf.c4e89fad7cd26506145787127c362eea.jpg,,0,0,no_caries,no_caries,0.6868,0.68682,0.07154,0.11034,0.1313
crops/hibogi_ai_03287_png_6.jpg,hibogi_ai_03287_png,HIBOGI_AI_03287_png_jpg.rf.c4e89fad7cd26506145787127c362eea.jpg,,0,0,no_caries,no_caries,0.6274,0.62741,0.21732,0.08866,0.0666
crops/hibogi_ai_03287_png_7.jpg,hibogi_ai_03287_png,HIBOGI_AI_03287_png_jpg.rf.c4e89fad7cd26506145787127c362eea.jpg,,0,0,no_caries,no_caries,0.7742,0.77418,0.10662,0.06654,0.05266
crops/hibogi_ai_03287_png_8.jpg,hibogi_ai_03287_png,HIBOGI_AI_03287_png_jpg.rf.c4e89fad7cd26506145787127c362eea.jpg,,0,0,no_caries,no_caries,0.8272,0.82719,0.07151,0.05024,0.05106
crops/hibogi_ai_03287_png_9.jpg,hibogi_ai_03287_png,HIBOGI_AI_03287_png_jpg.rf.c4e89fad7cd26506145787127c362eea.jpg,,0,0,no_caries,no_caries,0.704,0.70396,0.16328,0.05732,0.07544
crops/hibogi_ai_03298_png_0.jpg,hibogi_ai_03298_png,HIBOGI_AI_03298_png_jpg.rf.fcde42c53d4a59755df6abe7b91dbacf.jpg,,0,0,no_caries,no_caries,0.8795,0.87946,0.02087,0.05376,0.04591
crops/hibogi_ai_03298_png_1.jpg,hibogi_ai_03298_png,HIBOGI_AI_03298_png_jpg.rf.fcde42c53d4a59755df6abe7b91dbacf.jpg,,0,0,no_caries,moderate,0.4968,0.30336,0.1458,0.49675,0.05409
crops/hibogi_ai_03298_png_2.jpg,hibogi_ai_03298_png,HIBOGI_AI_03298_png_jpg.rf.fcde42c53d4a59755df6abe7b91dbacf.jpg,,0,0,no_caries,no_caries,0.904,0.90397,0.02491,0.03551,0.03561
crops/hibogi_ai_03298_png_3.jpg,hibogi_ai_03298_png,HIBOGI_AI_03298_png_jpg.rf.fcde42c53d4a59755df6abe7b91dbacf.jpg,,0,0,no_caries,no_caries,0.8497,0.84966,0.03745,0.04732,0.06556
crops/hibogi_ai_03298_png_4.jpg,hibogi_ai_03298_png,HIBOGI_AI_03298_png_jpg.rf.fcde42c53d4a59755df6abe7b91dbacf.jpg,,0,0,no_caries,no_caries,0.812,0.812,0.07521,0.05105,0.06174
crops/hibogi_ai_03298_png_5.jpg,hibogi_ai_03298_png,HIBOGI_AI_03298_png_jpg.rf.fcde42c53d4a59755df6abe7b91dbacf.jpg,,0,0,no_caries,no_caries,0.8229,0.82287,0.06393,0.0807,0.0325
crops/hibogi_ai_03298_png_6.jpg,hibogi_ai_03298_png,HIBOGI_AI_03298_png_jpg.rf.fcde42c53d4a59755df6abe7b91dbacf.jpg,,0,0,no_caries,no_caries,0.7393,0.73933,0.10466,0.04953,0.10648
crops/hibogi_ai_03298_png_7.jpg,hibogi_ai_03298_png,HIBOGI_AI_03298_png_jpg.rf.fcde42c53d4a59755df6abe7b91dbacf.jpg,,0,0,no_caries,no_caries,0.8846,0.88455,0.01021,0.07162,0.03363
crops/hibogi_ai_03298_png_8.jpg,hibogi_ai_03298_png,HIBOGI_AI_03298_png_jpg.rf.fcde42c53d4a59755df6abe7b91dbacf.jpg,,0,0,no_caries,no_caries,0.5697,0.56972,0.02666,0.22127,0.18236
crops/hibogi_ai_03298_png_9.jpg,hibogi_ai_03298_png,HIBOGI_AI_03298_png_jpg.rf.fcde42c53d4a59755df6abe7b91dbacf.jpg,,0,0,no_caries,no_caries,0.7798,0.77976,0.0966,0.04238,0.08125
crops/hibogi_ai_03298_png_10.jpg,hibogi_ai_03298_png,HIBOGI_AI_03298_png_jpg.rf.fcde42c53d4a59755df6abe7b91dbacf.jpg,,0,0,no_caries,no_caries,0.7269,0.72695,0.1302,0.0585,0.08435
crops/hibogi_ai_03298_png_11.jpg,hibogi_ai_03298_png,HIBOGI_AI_03298_png_jpg.rf.fcde42c53d4a59755df6abe7b91dbacf.jpg,,0,0,no_caries,no_caries,0.4404,0.44036,0.07009,0.42975,0.0598
crops/hibogi_ai_03327_png_0.jpg,hibogi_ai_03327_png,HIBOGI_AI_03327_png_jpg.rf.082978d98bba14feda8b5c6e6969c5c6.jpg,,0,0,no_caries,no_caries,0.5215,0.52154,0.34893,0.0391,0.09043
crops/hibogi_ai_03327_png_1.jpg,hibogi_ai_03327_png,HIBOGI_AI_03327_png_jpg.rf.082978d98bba14feda8b5c6e6969c5c6.jpg,,0,0,no_caries,no_caries,0.7404,0.74036,0.15628,0.04256,0.0608
crops/hibogi_ai_03327_png_2.jpg,hibogi_ai_03327_png,HIBOGI_AI_03327_png_jpg.rf.082978d98bba14feda8b5c6e6969c5c6.jpg,,0,0,no_caries,no_caries,0.647,0.64696,0.25178,0.02984,0.07142
crops/hibogi_ai_03327_png_3.jpg,hibogi_ai_03327_png,HIBOGI_AI_03327_png_jpg.rf.082978d98bba14feda8b5c6e6969c5c6.jpg,,0,0,no_caries,mild,0.4546,0.43952,0.45463,0.03843,0.06742
crops/hibogi_ai_03327_png_4.jpg,hibogi_ai_03327_png,HIBOGI_AI_03327_png_jpg.rf.082978d98bba14feda8b5c6e6969c5c6.jpg,,0,0,no_caries,no_caries,0.658,0.65802,0.218,0.03811,0.08586
crops/hibogi_ai_03327_png_5.jpg,hibogi_ai_03327_png,HIBOGI_AI_03327_png_jpg.rf.082978d98bba14feda8b5c6e6969c5c6.jpg,,0,0,no_caries,no_caries,0.6658,0.66582,0.13536,0.09208,0.10675
crops/hibogi_ai_03327_png_6.jpg,hibogi_ai_03327_png,HIBOGI_AI_03327_png_jpg.rf.082978d98bba14feda8b5c6e6969c5c6.jpg,,0,0,no_caries,no_caries,0.7601,0.76006,0.0593,0.06325,0.11739
crops/hibogi_ai_03327_png_7.jpg,hibogi_ai_03327_png,HIBOGI_AI_03327_png_jpg.rf.082978d98bba14feda8b5c6e6969c5c6.jpg,,0,0,no_caries,no_caries,0.5776,0.57756,0.26051,0.03822,0.12371
crops/hibogi_ai_03327_png_8.jpg,hibogi_ai_03327_png,HIBOGI_AI_03327_png_jpg.rf.082978d98bba14feda8b5c6e6969c5c6.jpg,,0,0,no_caries,mild,0.7021,0.24761,0.7021,0.01952,0.03077
crops/hibogi_ai_03327_png_9.jpg,hibogi_ai_03327_png,HIBOGI_AI_03327_png_jpg.rf.082978d98bba14feda8b5c6e6969c5c6.jpg,,0,0,no_caries,no_caries,0.8402,0.84025,0.07328,0.04028,0.04619
crops/hibogi_ai_03327_png_10.jpg,hibogi_ai_03327_png,HIBOGI_AI_03327_png_jpg.rf.082978d98bba14feda8b5c6e6969c5c6.jpg,,0,0,no_caries,no_caries,0.6161,0.61605,0.2638,0.08948,0.03066
crops/hibogi_ai_03327_png_11.jpg,hibogi_ai_03327_png,HIBOGI_AI_03327_png_jpg.rf.082978d98bba14feda8b5c6e6969c5c6.jpg,,5,0,advanced,advanced,0.896,0.02033,0.03149,0.05214,0.89604
crops/hibogi_ai_03327_png_12.jpg,hibogi_ai_03327_png,HIBOGI_AI_03327_png_jpg.rf.082978d98bba14feda8b5c6e6969c5c6.jpg,,0,0,no_caries,mild,0.5624,0.36194,0.56241,0.034,0.04164
crops/hibogi_ai_03327_png_13.jpg,hibogi_ai_03327_png,HIBOGI_AI_03327_png_jpg.rf.082978d98bba14feda8b5c6e6969c5c6.jpg,,0,0,no_caries,no_caries,0.6679,0.66794,0.18665,0.11437,0.03105
crops/hibogi_ai_03327_png_14.jpg,hibogi_ai_03327_png,HIBOGI_AI_03327_png_jpg.rf.082978d98bba14feda8b5c6e6969c5c6.jpg,,6,0,advanced,mild,0.501,0.09925,0.50101,0.20831,0.19144
crops/hibogi_ai_03328_png_0.jpg,hibogi_ai_03328_png,HIBOGI_AI_03328_png_jpg.rf.7c7fc28d0320cc1a10f850e97803a04f.jpg,,0,0,no_caries,no_caries,0.7677,0.76772,0.10739,0.06749,0.0574
crops/hibogi_ai_03328_png_1.jpg,hibogi_ai_03328_png,HIBOGI_AI_03328_png_jpg.rf.7c7fc28d0320cc1a10f850e97803a04f.jpg,,0,0,no_caries,no_caries,0.6316,0.6316,0.23208,0.06848,0.06783
crops/hibogi_ai_03328_png_2.jpg,hibogi_ai_03328_png,HIBOGI_AI_03328_png_jpg.rf.7c7fc28d0320cc1a10f850e97803a04f.jpg,,0,0,no_caries,no_caries,0.7037,0.70366,0.17834,0.04419,0.0738
crops/hibogi_ai_03328_png_3.jpg,hibogi_ai_03328_png,HIBOGI_AI_03328_png_jpg.rf.7c7fc28d0320cc1a10f850e97803a04f.jpg,,1,0,mild,no_caries,0.6383,0.63834,0.30798,0.03242,0.02125
crops/hibogi_ai_03328_png_4.jpg,hibogi_ai_03328_png,HIBOGI_AI_03328_png_jpg.rf.7c7fc28d0320cc1a10f850e97803a04f.jpg,,0,0,no_caries,no_caries,0.7498,0.74979,0.10508,0.08285,0.06229
crops/hibogi_ai_03328_png_5.jpg,hibogi_ai_03328_png,HIBOGI_AI_03328_png_jpg.rf.7c7fc28d0320cc1a10f850e97803a04f.jpg,,0,0,no_caries,no_caries,0.7144,0.71443,0.09781,0.08146,0.10631
crops/hibogi_ai_03328_png_6.jpg,hibogi_ai_03328_png,HIBOGI_AI_03328_png_jpg.rf.7c7fc28d0320cc1a10f850e97803a04f.jpg,,0,0,no_caries,no_caries,0.8367,0.83669,0.07069,0.03703,0.05559
crops/hibogi_ai_03328_png_7.jpg,hibogi_ai_03328_png,HIBOGI_AI_03328_png_jpg.rf.7c7fc28d0320cc1a10f850e97803a04f.jpg,,0,0,no_caries,no_caries,0.4596,0.4596,0.09446,0.35578,0.09016
crops/hibogi_ai_03328_png_8.jpg,hibogi_ai_03328_png,HIBOGI_AI_03328_png_jpg.rf.7c7fc28d0320cc1a10f850e97803a04f.jpg,,0,0,no_caries,no_caries,0.7962,0.79616,0.11943,0.03886,0.04555
crops/hibogi_ai_03328_png_9.jpg,hibogi_ai_03328_png,HIBOGI_AI_03328_png_jpg.rf.7c7fc28d0320cc1a10f850e97803a04f.jpg,,0,0,no_caries,no_caries,0.7076,0.70758,0.17624,0.05097,0.06521
crops/hibogi_ai_03328_png_10.jpg,hibogi_ai_03328_png,HIBOGI_AI_03328_png_jpg.rf.7c7fc28d0320cc1a10f850e97803a04f.jpg,,0,0,no_caries,no_caries,0.8507,0.85074,0.07192,0.04233,0.03501
crops/hibogi_ai_03328_png_11.jpg,hibogi_ai_03328_png,HIBOGI_AI_03328_png_jpg.rf.7c7fc28d0320cc1a10f850e97803a04f.jpg,,0,0,no_caries,no_caries,0.7602,0.76022,0.09585,0.03937,0.10456
crops/hibogi_ai_03328_png_12.jpg,hibogi_ai_03328_png,HIBOGI_AI_03328_png_jpg.rf.7c7fc28d0320cc1a10f850e97803a04f.jpg,,0,0,no_caries,no_caries,0.7189,0.71891,0.12018,0.06946,0.09145
crops/hibogi_ai_03328_png_13.jpg,hibogi_ai_03328_png,HIBOGI_AI_03328_png_jpg.rf.7c7fc28d0320cc1a10f850e97803a04f.jpg,,0,0,no_caries,no_caries,0.6175,0.61747,0.19412,0.08799,0.10042
crops/hibogi_ai_03345_png_0.jpg,hibogi_ai_03345_png,HIBOGI_AI_03345_png_jpg.rf.b7aa312d75d64987beee3a5d37eee2e7.jpg,,5,0,advanced,advanced,0.6709,0.11525,0.12185,0.09197,0.67093
crops/hibogi_ai_03345_png_1.jpg,hibogi_ai_03345_png,HIBOGI_AI_03345_png_jpg.rf.b7aa312d75d64987beee3a5d37eee2e7.jpg,,0,0,no_caries,no_caries,0.721,0.72099,0.13308,0.09868,0.04724
crops/hibogi_ai_03345_png_2.jpg,hibogi_ai_03345_png,HIBOGI_AI_03345_png_jpg.rf.b7aa312d75d64987beee3a5d37eee2e7.jpg,,0,0,no_caries,no_caries,0.7001,0.70007,0.17988,0.08681,0.03323
crops/hibogi_ai_03345_png_3.jpg,hibogi_ai_03345_png,HIBOGI_AI_03345_png_jpg.rf.b7aa312d75d64987beee3a5d37eee2e7.jpg,,0,0,no_caries,no_caries,0.6684,0.66841,0.19724,0.09594,0.03841
crops/hibogi_ai_03345_png_4.jpg,hibogi_ai_03345_png,HIBOGI_AI_03345_png_jpg.rf.b7aa312d75d64987beee3a5d37eee2e7.jpg,,0,0,no_caries,no_caries,0.7775,0.77747,0.0772,0.06001,0.08532
crops/hibogi_ai_03345_png_5.jpg,hibogi_ai_03345_png,HIBOGI_AI_03345_png_jpg.rf.b7aa312d75d64987beee3a5d37eee2e7.jpg,,0,0,no_caries,mild,0.5005,0.38351,0.5005,0.04333,0.07266
crops/hibogi_ai_03345_png_6.jpg,hibogi_ai_03345_png,HIBOGI_AI_03345_png_jpg.rf.b7aa312d75d64987beee3a5d37eee2e7.jpg,,0,0,no_caries,no_caries,0.4291,0.4291,0.42238,0.13203,0.01649
crops/hibogi_ai_03345_png_7.jpg,hibogi_ai_03345_png,HIBOGI_AI_03345_png_jpg.rf.b7aa312d75d64987beee3a5d37eee2e7.jpg,,0,0,no_caries,no_caries,0.5706,0.57057,0.31569,0.04829,0.06546
crops/hibogi_ai_03345_png_8.jpg,hibogi_ai_03345_png,HIBOGI_AI_03345_png_jpg.rf.b7aa312d75d64987beee3a5d37eee2e7.jpg,,6,0,advanced,advanced,0.9064,0.03313,0.01418,0.0463,0.90639
crops/hibogi_ai_03345_png_9.jpg,hibogi_ai_03345_png,HIBOGI_AI_03345_png_jpg.rf.b7aa312d75d64987beee3a5d37eee2e7.jpg,,0,0,no_caries,no_caries,0.6456,0.6456,0.18862,0.11731,0.04847
crops/hibogi_ai_03345_png_10.jpg,hibogi_ai_03345_png,HIBOGI_AI_03345_png_jpg.rf.b7aa312d75d64987beee3a5d37eee2e7.jpg,,0,0,no_caries,no_caries,0.7646,0.76458,0.14253,0.05311,0.03978
crops/hibogi_ai_03345_png_11.jpg,hibogi_ai_03345_png,HIBOGI_AI_03345_png_jpg.rf.b7aa312d75d64987beee3a5d37eee2e7.jpg,,0,0,no_caries,no_caries,0.8422,0.84223,0.03365,0.06994,0.05418
crops/hibogi_ai_03345_png_12.jpg,hibogi_ai_03345_png,HIBOGI_AI_03345_png_jpg.rf.b7aa312d75d64987beee3a5d37eee2e7.jpg,,0,0,no_caries,no_caries,0.5861,0.5861,0.18013,0.20417,0.02961
crops/hibogi_ai_03345_png_13.jpg,hibogi_ai_03345_png,HIBOGI_AI_03345_png_jpg.rf.b7aa312d75d64987beee3a5d37eee2e7.jpg,,0,0,no_caries,no_caries,0.822,0.822,0.08498,0.05886,0.03416
crops/hibogi_ai_03345_png_14.jpg,hibogi_ai_03345_png,HIBOGI_AI_03345_png_jpg.rf.b7aa312d75d64987beee3a5d37eee2e7.jpg,,0,0,no_caries,no_caries,0.6927,0.69268,0.13774,0.04807,0.12151
crops/da8c1b7e-149_0.jpg,da8c1b7e-149,da8c1b7e-149_jpg.rf.cccc33fb7ea810b50f45ae6a9207c1fb.jpg,,5,0,advanced,advanced,0.9837,0.00431,0.00606,0.0059,0.98372
crops/da8c1b7e-149_1.jpg,da8c1b7e-149,da8c1b7e-149_jpg.rf.cccc33fb7ea810b50f45ae6a9207c1fb.jpg,,3,0,moderate,no_caries,0.4684,0.46841,0.36257,0.09205,0.07698
crops/da8c1b7e-149_2.jpg,da8c1b7e-149,da8c1b7e-149_jpg.rf.cccc33fb7ea810b50f45ae6a9207c1fb.jpg,,1,0,mild,moderate,0.6153,0.02217,0.35046,0.61529,0.01208
crops/e1c4c567-202_0.jpg,e1c4c567-202,e1c4c567-202_jpg.rf.0a17ebe915fab7979acdcabfbb475495.jpg,,0,0,no_caries,mild,0.9575,0.01779,0.9575,0.01792,0.00678
crops/e1c4c567-202_1.jpg,e1c4c567-202,e1c4c567-202_jpg.rf.0a17ebe915fab7979acdcabfbb475495.jpg,,5,0,advanced,moderate,0.8529,0.00462,0.04826,0.85289,0.09422
crops/e1c4c567-202_2.jpg,e1c4c567-202,e1c4c567-202_jpg.rf.0a17ebe915fab7979acdcabfbb475495.jpg,,5,0,advanced,moderate,0.4235,0.04056,0.12874,0.42351,0.40718
crops/e1c4c567-202_3.jpg,e1c4c567-202,e1c4c567-202_jpg.rf.0a17ebe915fab7979acdcabfbb475495.jpg,,0,0,no_caries,no_caries,0.6401,0.64007,0.24587,0.04821,0.06585
crops/e1c4c567-202_4.jpg,e1c4c567-202,e1c4c567-202_jpg.rf.0a17ebe915fab7979acdcabfbb475495.jpg,,0,0,no_caries,mild,0.6073,0.33915,0.60734,0.0169,0.03661
crops/011_00512_10_a091_0.jpg,011_00512_10_a091,011_00512_10_a091_jpg.rf.00ea2fa83723d3c39dc0cd08398eaeb2.jpg,,4,0,moderate,mild,0.7894,0.02159,0.7894,0.18441,0.00459
crops/011_00512_10_a091_1.jpg,011_00512_10_a091,011_00512_10_a091_jpg.rf.00ea2fa83723d3c39dc0cd08398eaeb2.jpg,,3,0,moderate,moderate,0.5738,0.1812,0.21658,0.57379,0.02843
crops/011_00512_10_a091_2.jpg,011_00512_10_a091,011_00512_10_a091_jpg.rf.00ea2fa83723d3c39dc0cd08398eaeb2.jpg,,2,0,mild,no_caries,0.6365,0.63648,0.21605,0.08752,0.05994
crops/011_00512_10_a091_3.jpg,011_00512_10_a091,011_00512_10_a091_jpg.rf.00ea2fa83723d3c39dc0cd08398eaeb2.jpg,,0,0,no_caries,mild,0.5145,0.34252,0.5145,0.09861,0.04436
crops/011_00512_10_a091_4.jpg,011_00512_10_a091,011_00512_10_a091_jpg.rf.00ea2fa83723d3c39dc0cd08398eaeb2.jpg,,0,0,no_caries,mild,0.473,0.32432,0.47297,0.14353,0.05918
crops/011_00512_10_a091_5.jpg,011_00512_10_a091,011_00512_10_a091_jpg.rf.00ea2fa83723d3c39dc0cd08398eaeb2.jpg,,0,0,no_caries,mild,0.6003,0.26358,0.60029,0.10153,0.03461
crops/011_00512_10_a091_6.jpg,011_00512_10_a091,011_00512_10_a091_jpg.rf.00ea2fa83723d3c39dc0cd08398eaeb2.jpg,,0,0,no_caries,no_caries,0.6101,0.61008,0.27006,0.09353,0.02633
crops/011_00512_10_a091_7.jpg,011_00512_10_a091,011_00512_10_a091_jpg.rf.00ea2fa83723d3c39dc0cd08398eaeb2.jpg,,0,0,no_caries,mild,0.6848,0.25172,0.68482,0.05276,0.01071
crops/011_00512_10_a091_8.jpg,011_00512_10_a091,011_00512_10_a091_jpg.rf.00ea2fa83723d3c39dc0cd08398eaeb2.jpg,,0,0,no_caries,no_caries,0.6742,0.67417,0.23266,0.06767,0.0255
crops/011_00512_10_a091_9.jpg,011_00512_10_a091,011_00512_10_a091_jpg.rf.00ea2fa83723d3c39dc0cd08398eaeb2.jpg,,1,0,mild,mild,0.654,0.24237,0.65402,0.09692,0.00669
crops/011_00512_10_a091_10.jpg,011_00512_10_a091,011_00512_10_a091_jpg.rf.00ea2fa83723d3c39dc0cd08398eaeb2.jpg,,3,0,moderate,moderate,0.6482,0.12048,0.22766,0.6482,0.00366
crops/011_00512_10_a091_11.jpg,011_00512_10_a091,011_00512_10_a091_jpg.rf.00ea2fa83723d3c39dc0cd08398eaeb2.jpg,,0,0,no_caries,no_caries,0.7472,0.74719,0.13623,0.08128,0.0353
crops/011_00512_10_a091_12.jpg,011_00512_10_a091,011_00512_10_a091_jpg.rf.00ea2fa83723d3c39dc0cd08398eaeb2.jpg,,0,0,no_caries,no_caries,0.585,0.58499,0.16713,0.19899,0.04889
crops/1013_0.jpg,1013,1013_jpg.rf.bbe127f49e596e249b19c46ea1a87dc1.jpg,,4,0,moderate,mild,0.6695,0.00677,0.66953,0.30993,0.01377
crops/1013_1.jpg,1013,1013_jpg.rf.bbe127f49e596e249b19c46ea1a87dc1.jpg,,4,0,moderate,advanced,0.486,0.01017,0.09738,0.40647,0.48597
crops/1013_2.jpg,1013,1013_jpg.rf.bbe127f49e596e249b19c46ea1a87dc1.jpg,,1,0,mild,mild,0.9686,0.00833,0.96864,0.00982,0.01321
crops/1013_3.jpg,1013,1013_jpg.rf.bbe127f49e596e249b19c46ea1a87dc1.jpg,,1,0,mild,mild,0.6024,0.0048,0.60238,0.02265,0.37017
crops/1013_4.jpg,1013,1013_jpg.rf.bbe127f49e596e249b19c46ea1a87dc1.jpg,,4,0,moderate,advanced,0.6398,0.02173,0.17858,0.15985,0.63985
crops/1013_5.jpg,1013,1013_jpg.rf.bbe127f49e596e249b19c46ea1a87dc1.jpg,,4,0,moderate,moderate,0.6071,0.00318,0.00172,0.60714,0.38796
crops/1013_6.jpg,1013,1013_jpg.rf.bbe127f49e596e249b19c46ea1a87dc1.jpg,,2,0,mild,mild,0.8994,0.00077,0.89938,0.0965,0.00335
crops/1013_7.jpg,1013,1013_jpg.rf.bbe127f49e596e249b19c46ea1a87dc1.jpg,,5,0,advanced,mild,0.6319,0.00617,0.63188,0.29773,0.06423
crops/1013_8.jpg,1013,1013_jpg.rf.bbe127f49e596e249b19c46ea1a87dc1.jpg,,6,0,advanced,advanced,0.8969,0.00539,0.03248,0.06522,0.89692
crops/1018_0.jpg,1018,1018_jpg.rf.b1f652a937b55c84a860999c180097e8.jpg,,2,0,mild,mild,0.7993,0.09596,0.79934,0.06313,0.04156
crops/1018_1.jpg,1018,1018_jpg.rf.b1f652a937b55c84a860999c180097e8.jpg,,3,0,moderate,moderate,0.5157,0.12798,0.32785,0.51571,0.02846
crops/1018_2.jpg,1018,1018_jpg.rf.b1f652a937b55c84a860999c180097e8.jpg,,5,0,advanced,moderate,0.451,0.02142,0.095,0.451,0.43257
crops/1018_3.jpg,1018,1018_jpg.rf.b1f652a937b55c84a860999c180097e8.jpg,,6,0,advanced,advanced,0.9814,0.00378,0.00672,0.00806,0.98143
crops/1018_4.jpg,1018,1018_jpg.rf.b1f652a937b55c84a860999c180097e8.jpg,,2,0,mild,mild,0.9103,0.06198,0.91031,0.00472,0.02298
crops/1018_5.jpg,1018,1018_jpg.rf.b1f652a937b55c84a860999c180097e8.jpg,,2,0,mild,mild,0.6885,0.09327,0.68847,0.15552,0.06274
crops/1018_6.jpg,1018,1018_jpg.rf.b1f652a937b55c84a860999c180097e8.jpg,,3,0,moderate,moderate,0.6972,0.01522,0.2768,0.69724,0.01074
crops/1039_0.jpg,1039,1039_jpg.rf.ccf2b767f2426a97e6124d7eddfa8927.jpg,,5,0,advanced,mild,0.4175,0.34005,0.41751,0.16649,0.07596
crops/1039_1.jpg,1039,1039_jpg.rf.ccf2b767f2426a97e6124d7eddfa8927.jpg,,0,0,no_caries,mild,0.8614,0.10099,0.86139,0.028,0.00962
crops/1039_2.jpg,1039,1039_jpg.rf.ccf2b767f2426a97e6124d7eddfa8927.jpg,,0,0,no_caries,mild,0.7233,0.12703,0.72328,0.11515,0.03454
crops/1039_3.jpg,1039,1039_jpg.rf.ccf2b767f2426a97e6124d7eddfa8927.jpg,,0,0,no_caries,mild,0.4706,0.19264,0.47056,0.27291,0.06388
crops/1039_4.jpg,1039,1039_jpg.rf.ccf2b767f2426a97e6124d7eddfa8927.jpg,,0,0,no_caries,mild,0.5626,0.40174,0.5626,0.02239,0.01326
crops/1039_5.jpg,1039,1039_jpg.rf.ccf2b767f2426a97e6124d7eddfa8927.jpg,,1,0,mild,advanced,0.4094,0.07149,0.3367,0.18246,0.40936
crops/1039_6.jpg,1039,1039_jpg.rf.ccf2b767f2426a97e6124d7eddfa8927.jpg,,0,0,no_caries,mild,0.7955,0.10845,0.79554,0.05756,0.03845
crops/1039_7.jpg,1039,1039_jpg.rf.ccf2b767f2426a97e6124d7eddfa8927.jpg,,6,0,advanced,advanced,0.9664,0.00605,0.01215,0.01542,0.96638
crops/1039_8.jpg,1039,1039_jpg.rf.ccf2b767f2426a97e6124d7eddfa8927.jpg,,0,0,no_caries,advanced,0.8996,0.03503,0.03438,0.03096,0.89963
crops/1039_9.jpg,1039,1039_jpg.rf.ccf2b767f2426a97e6124d7eddfa8927.jpg,,0,0,no_caries,no_caries,0.655,0.65496,0.25337,0.07234,0.01933
crops/1039_10.jpg,1039,1039_jpg.rf.ccf2b767f2426a97e6124d7eddfa8927.jpg,,0,0,no_caries,mild,0.6899,0.17962,0.68991,0.10569,0.02478
crops/1039_11.jpg,1039,1039_jpg.rf.ccf2b767f2426a97e6124d7eddfa8927.jpg,,0,0,no_caries,mild,0.6736,0.18844,0.67364,0.08973,0.04819
crops/1039_12.jpg,1039,1039_jpg.rf.ccf2b767f2426a97e6124d7eddfa8927.jpg,,0,0,no_caries,moderate,0.3771,0.29916,0.29312,0.37706,0.03067
crops/1039_13.jpg,1039,1039_jpg.rf.ccf2b767f2426a97e6124d7eddfa8927.jpg,,0,0,no_caries,moderate,0.3928,0.37794,0.18298,0.39278,0.0463
crops/1039_14.jpg,1039,1039_jpg.rf.ccf2b767f2426a97e6124d7eddfa8927.jpg,,0,0,no_caries,no_caries,0.4307,0.43066,0.23375,0.2461,0.0895
crops/1039_15.jpg,1039,1039_jpg.rf.ccf2b767f2426a97e6124d7eddfa8927.jpg,,0,0,no_caries,mild,0.7543,0.20166,0.75427,0.02469,0.01938
crops/1039_16.jpg,1039,1039_jpg.rf.ccf2b767f2426a97e6124d7eddfa8927.jpg,,0,0,no_caries,mild,0.5615,0.38826,0.5615,0.01998,0.03026
crops/1039_17.jpg,1039,1039_jpg.rf.ccf2b767f2426a97e6124d7eddfa8927.jpg,,0,0,no_caries,no_caries,0.744,0.74401,0.15106,0.05687,0.04806
crops/1039_18.jpg,1039,1039_jpg.rf.ccf2b767f2426a97e6124d7eddfa8927.jpg,,0,0,no_caries,no_caries,0.8385,0.83854,0.09699,0.03493,0.02954
crops/1184_0.jpg,1184,1184_jpg.rf.9aff2bb54e3d65961d983ad7806a44cb.jpg,,0,0,no_caries,mild,0.9393,0.03697,0.93927,0.01701,0.00674
crops/1184_1.jpg,1184,1184_jpg.rf.9aff2bb54e3d65961d983ad7806a44cb.jpg,,5,0,advanced,advanced,0.8914,0.0059,0.00442,0.09823,0.89144
crops/1184_2.jpg,1184,1184_jpg.rf.9aff2bb54e3d65961d983ad7806a44cb.jpg,,0,0,no_caries,no_caries,0.4941,0.49414,0.40875,0.05447,0.04264
crops/1184_3.jpg,1184,1184_jpg.rf.9aff2bb54e3d65961d983ad7806a44cb.jpg,,0,0,no_caries,no_caries,0.8902,0.89024,0.04162,0.02509,0.04306
crops/1184_4.jpg,1184,1184_jpg.rf.9aff2bb54e3d65961d983ad7806a44cb.jpg,,0,0,no_caries,no_caries,0.8085,0.80853,0.11972,0.03118,0.04056
crops/1184_5.jpg,1184,1184_jpg.rf.9aff2bb54e3d65961d983ad7806a44cb.jpg,,0,0,no_caries,no_caries,0.7114,0.71144,0.22223,0.03345,0.03288
crops/1184_6.jpg,1184,1184_jpg.rf.9aff2bb54e3d65961d983ad7806a44cb.jpg,,0,0,no_caries,no_caries,0.8421,0.84209,0.11057,0.02681,0.02054
crops/1184_7.jpg,1184,1184_jpg.rf.9aff2bb54e3d65961d983ad7806a44cb.jpg,,0,0,no_caries,no_caries,0.7923,0.79233,0.12235,0.03153,0.05379
crops/1184_8.jpg,1184,1184_jpg.rf.9aff2bb54e3d65961d983ad7806a44cb.jpg,,0,0,no_caries,no_caries,0.7892,0.78922,0.10712,0.03268,0.07098
crops/1184_9.jpg,1184,1184_jpg.rf.9aff2bb54e3d65961d983ad7806a44cb.jpg,,0,0,no_caries,mild,0.6057,0.28739,0.60567,0.0908,0.01614
crops/1225_0.jpg,1225,1225_jpg.rf.29b60dce4fe94ed561437d55bfe78a6b.jpg,,6,0,advanced,advanced,0.9253,0.01089,0.02883,0.035,0.92529
crops/1225_1.jpg,1225,1225_jpg.rf.29b60dce4fe94ed561437d55bfe78a6b.jpg,,3,0,moderate,moderate,0.7851,0.00583,0.20727,0.7851,0.00179
crops/1225_2.jpg,1225,1225_jpg.rf.29b60dce4fe94ed561437d55bfe78a6b.jpg,,3,0,moderate,moderate,0.7177,0.00134,0.27871,0.71768,0.00227
crops/1225_3.jpg,1225,1225_jpg.rf.29b60dce4fe94ed561437d55bfe78a6b.jpg,,3,0,moderate,advanced,0.6442,0.00149,0.003,0.35134,0.64417
crops/1225_4.jpg,1225,1225_jpg.rf.29b60dce4fe94ed561437d55bfe78a6b.jpg,,1,0,mild,moderate,0.6589,0.00381,0.30201,0.65889,0.03528
crops/1225_5.jpg,1225,1225_jpg.rf.29b60dce4fe94ed561437d55bfe78a6b.jpg,,5,0,advanced,advanced,0.8951,0.01918,0.0535,0.03224,0.89508
crops/1225_6.jpg,1225,1225_jpg.rf.29b60dce4fe94ed561437d55bfe78a6b.jpg,,3,0,moderate,moderate,0.7877,0.00788,0.20222,0.78774,0.00216
crops/1225_7.jpg,1225,1225_jpg.rf.29b60dce4fe94ed561437d55bfe78a6b.jpg,,1,0,mild,mild,0.6493,0.22224,0.64926,0.1148,0.0137
crops/1304_0.jpg,1304,1304_jpg.rf.b25583c05dc3cd4b87294c551df7b525.jpg,,0,0,no_caries,no_caries,0.8431,0.84315,0.04839,0.03826,0.0702
crops/1304_1.jpg,1304,1304_jpg.rf.b25583c05dc3cd4b87294c551df7b525.jpg,,0,0,no_caries,no_caries,0.7274,0.72738,0.13817,0.05752,0.07693
crops/1304_2.jpg,1304,1304_jpg.rf.b25583c05dc3cd4b87294c551df7b525.jpg,,0,0,no_caries,mild,0.767,0.17965,0.76695,0.0171,0.0363
crops/1304_3.jpg,1304,1304_jpg.rf.b25583c05dc3cd4b87294c551df7b525.jpg,,5,0,advanced,mild,0.8342,0.04517,0.83417,0.02226,0.09839
crops/1304_4.jpg,1304,1304_jpg.rf.b25583c05dc3cd4b87294c551df7b525.jpg,,0,0,no_caries,no_caries,0.7763,0.77634,0.07657,0.07904,0.06804
crops/1304_5.jpg,1304,1304_jpg.rf.b25583c05dc3cd4b87294c551df7b525.jpg,,1,0,mild,advanced,0.3685,0.12533,0.30925,0.19692,0.36851
crops/1304_6.jpg,1304,1304_jpg.rf.b25583c05dc3cd4b87294c551df7b525.jpg,,0,0,no_caries,no_caries,0.7751,0.77511,0.08195,0.05289,0.09004
crops/1304_7.jpg,1304,1304_jpg.rf.b25583c05dc3cd4b87294c551df7b525.jpg,,0,0,no_caries,mild,0.4841,0.41217,0.48411,0.04009,0.06363
crops/1304_8.jpg,1304,1304_jpg.rf.b25583c05dc3cd4b87294c551df7b525.jpg,,0,0,no_caries,no_caries,0.6661,0.66611,0.20139,0.06522,0.06728
crops/1304_9.jpg,1304,1304_jpg.rf.b25583c05dc3cd4b87294c551df7b525.jpg,,0,0,no_caries,no_caries,0.6761,0.6761,0.09731,0.15618,0.07041
crops/1304_10.jpg,1304,1304_jpg.rf.b25583c05dc3cd4b87294c551df7b525.jpg,,0,0,no_caries,no_caries,0.6585,0.65846,0.19717,0.06458,0.07979
crops/1382_0.jpg,1382,1382_jpg.rf.e6cc0cb7fac1b3b22199fdf289bf17ca.jpg,,0,0,no_caries,no_caries,0.5999,0.5999,0.11971,0.07463,0.20576
crops/1382_1.jpg,1382,1382_jpg.rf.e6cc0cb7fac1b3b22199fdf289bf17ca.jpg,,0,0,no_caries,moderate,0.5613,0.0916,0.30029,0.56126,0.04685
crops/1382_2.jpg,1382,1382_jpg.rf.e6cc0cb7fac1b3b22199fdf289bf17ca.jpg,,2,0,mild,mild,0.4725,0.18668,0.47251,0.28433,0.05648
crops/1382_3.jpg,1382,1382_jpg.rf.e6cc0cb7fac1b3b22199fdf289bf17ca.jpg,,0,0,no_caries,no_caries,0.6694,0.6694,0.11999,0.14464,0.06597
crops/1382_4.jpg,1382,1382_jpg.rf.e6cc0cb7fac1b3b22199fdf289bf17ca.jpg,,5,0,advanced,advanced,0.9487,0.00336,0.00512,0.04278,0.94874
crops/1382_5.jpg,1382,1382_jpg.rf.e6cc0cb7fac1b3b22199fdf289bf17ca.jpg,,0,0,no_caries,moderate,0.3907,0.23501,0.31505,0.3907,0.05924
crops/1382_6.jpg,1382,1382_jpg.rf.e6cc0cb7fac1b3b22199fdf289bf17ca.jpg,,4,0,moderate,mild,0.6287,0.29964,0.62874,0.04552,0.0261
crops/1382_7.jpg,1382,1382_jpg.rf.e6cc0cb7fac1b3b22199fdf289bf17ca.jpg,,6,0,advanced,advanced,0.9357,0.02037,0.01127,0.03263,0.93573
crops/1382_8.jpg,1382,1382_jpg.rf.e6cc0cb7fac1b3b22199fdf289bf17ca.jpg,,0,0,no_caries,mild,0.4961,0.33512,0.49611,0.11504,0.05373
crops/1400_0.jpg,1400,1400_jpg.rf.77139d7bfffbacd20f87e5bd7881fcdf.jpg,,5,0,advanced,advanced,0.9742,0.00401,0.00741,0.01436,0.97423
crops/1400_1.jpg,1400,1400_jpg.rf.77139d7bfffbacd20f87e5bd7881fcdf.jpg,,5,0,advanced,advanced,0.9768,0.00158,0.00216,0.01951,0.97676
crops/1400_2.jpg,1400,1400_jpg.rf.77139d7bfffbacd20f87e5bd7881fcdf.jpg,,5,0,advanced,advanced,0.9573,0.00972,0.01486,0.01814,0.95728
crops/1400_3.jpg,1400,1400_jpg.rf.77139d7bfffbacd20f87e5bd7881fcdf.jpg,,4,0,moderate,advanced,0.6299,0.00764,0.35172,0.01076,0.62988
crops/1400_4.jpg,1400,1400_jpg.rf.77139d7bfffbacd20f87e5bd7881fcdf.jpg,,0,0,no_caries,no_caries,0.7959,0.79595,0.07945,0.05677,0.06784
crops/1400_5.jpg,1400,1400_jpg.rf.77139d7bfffbacd20f87e5bd7881fcdf.jpg,,0,0,no_caries,no_caries,0.7133,0.71329,0.02103,0.22504,0.04064
crops/1400_6.jpg,1400,1400_jpg.rf.77139d7bfffbacd20f87e5bd7881fcdf.jpg,,0,0,no_caries,no_caries,0.788,0.78799,0.0963,0.08226,0.03345
crops/1409_0.jpg,1409,1409_jpg.rf.04e78b53be3eed0bbf7910d4ee005704.jpg,,1,0,mild,no_caries,0.6057,0.60571,0.30912,0.03729,0.04788
crops/1409_1.jpg,1409,1409_jpg.rf.04e78b53be3eed0bbf7910d4ee005704.jpg,,0,0,no_caries,no_caries,0.4809,0.48088,0.17561,0.1439,0.19961
crops/1409_2.jpg,1409,1409_jpg.rf.04e78b53be3eed0bbf7910d4ee005704.jpg,,5,0,advanced,mild,0.465,0.05285,0.46503,0.44224,0.03988
crops/1409_3.jpg,1409,1409_jpg.rf.04e78b53be3eed0bbf7910d4ee005704.jpg,,2,0,mild,no_caries,0.704,0.70404,0.08995,0.12945,0.07656
crops/1409_4.jpg,1409,1409_jpg.rf.04e78b53be3eed0bbf7910d4ee005704.jpg,,2,0,mild,mild,0.8859,0.05259,0.88591,0.04347,0.01803
crops/1409_5.jpg,1409,1409_jpg.rf.04e78b53be3eed0bbf7910d4ee005704.jpg,,0,0,no_caries,no_caries,0.6313,0.63127,0.07832,0.23065,0.05976
crops/1409_6.jpg,1409,1409_jpg.rf.04e78b53be3eed0bbf7910d4ee005704.jpg,,0,0,no_caries,no_caries,0.7693,0.76929,0.12393,0.04277,0.06401
crops/1409_7.jpg,1409,1409_jpg.rf.04e78b53be3eed0bbf7910d4ee005704.jpg,,0,0,no_caries,mild,0.5382,0.40753,0.53816,0.01836,0.03595
crops/1409_8.jpg,1409,1409_jpg.rf.04e78b53be3eed0bbf7910d4ee005704.jpg,,5,0,advanced,mild,0.7725,0.12098,0.77251,0.07816,0.02834
crops/1409_9.jpg,1409,1409_jpg.rf.04e78b53be3eed0bbf7910d4ee005704.jpg,,1,0,mild,no_caries,0.5667,0.56672,0.33416,0.05925,0.03987
crops/1409_10.jpg,1409,1409_jpg.rf.04e78b53be3eed0bbf7910d4ee005704.jpg,,2,0,mild,mild,0.5919,0.0394,0.59191,0.15471,0.21397
crops/1409_11.jpg,1409,1409_jpg.rf.04e78b53be3eed0bbf7910d4ee005704.jpg,,2,0,mild,no_caries,0.6011,0.60109,0.24273,0.09153,0.06465
crops/1409_12.jpg,1409,1409_jpg.rf.04e78b53be3eed0bbf7910d4ee005704.jpg,,2,0,mild,no_caries,0.8819,0.88192,0.06318,0.02756,0.02734
crops/1409_13.jpg,1409,1409_jpg.rf.04e78b53be3eed0bbf7910d4ee005704.jpg,,0,0,no_caries,no_caries,0.516,0.516,0.31642,0.12818,0.0394
crops/1413_0.jpg,1413,1413_jpg.rf.c2f98ee659f11c0a795d5abc6f8a1010.jpg,,6,0,advanced,advanced,0.9733,0.00189,0.00445,0.02039,0.97326
crops/1413_1.jpg,1413,1413_jpg.rf.c2f98ee659f11c0a795d5abc6f8a1010.jpg,,6,0,advanced,advanced,0.9116,0.0024,0.01043,0.07559,0.91158
crops/1413_2.jpg,1413,1413_jpg.rf.c2f98ee659f11c0a795d5abc6f8a1010.jpg,,6,0,advanced,mild,0.5245,0.22593,0.52454,0.03282,0.21671
crops/1413_3.jpg,1413,1413_jpg.rf.c2f98ee659f11c0a795d5abc6f8a1010.jpg,,6,0,advanced,advanced,0.9174,0.00535,0.06211,0.01516,0.91739
crops/1413_4.jpg,1413,1413_jpg.rf.c2f98ee659f11c0a795d5abc6f8a1010.jpg,,4,0,moderate,advanced,0.4685,0.15168,0.34886,0.03099,0.46847
crops/1413_5.jpg,1413,1413_jpg.rf.c2f98ee659f11c0a795d5abc6f8a1010.jpg,,3,0,moderate,mild,0.9163,0.02499,0.91628,0.02949,0.02925
crops/1413_6.jpg,1413,1413_jpg.rf.c2f98ee659f11c0a795d5abc6f8a1010.jpg,,0,0,no_caries,no_caries,0.8769,0.87691,0.03761,0.04282,0.04266
crops/1413_7.jpg,1413,1413_jpg.rf.c2f98ee659f11c0a795d5abc6f8a1010.jpg,,2,0,mild,no_caries,0.5089,0.50887,0.41004,0.04875,0.03234
crops/1413_8.jpg,1413,1413_jpg.rf.c2f98ee659f11c0a795d5abc6f8a1010.jpg,,2,0,mild,no_caries,0.5976,0.59758,0.23968,0.0874,0.07534
crops/1413_9.jpg,1413,1413_jpg.rf.c2f98ee659f11c0a795d5abc6f8a1010.jpg,,0,0,no_caries,no_caries,0.875,0.87499,0.02813,0.02853,0.06835
crops/1413_10.jpg,1413,1413_jpg.rf.c2f98ee659f11c0a795d5abc6f8a1010.jpg,,0,0,no_caries,no_caries,0.85,0.85001,0.03361,0.06849,0.04788
crops/1413_11.jpg,1413,1413_jpg.rf.c2f98ee659f11c0a795d5abc6f8a1010.jpg,,0,0,no_caries,no_caries,0.8284,0.82844,0.03397,0.06095,0.07664
crops/1413_12.jpg,1413,1413_jpg.rf.c2f98ee659f11c0a795d5abc6f8a1010.jpg,,0,0,no_caries,no_caries,0.8928,0.89281,0.0195,0.0296,0.05809
crops/1413_13.jpg,1413,1413_jpg.rf.c2f98ee659f11c0a795d5abc6f8a1010.jpg,,4,0,moderate,no_caries,0.6401,0.64011,0.07075,0.20195,0.08719
crops/1422_0.jpg,1422,1422_jpg.rf.810d6f94f8cb98b2df7bfb00abe473e8.jpg,,5,0,advanced,advanced,0.9569,0.00634,0.01885,0.0179,0.95691
crops/1422_1.jpg,1422,1422_jpg.rf.810d6f94f8cb98b2df7bfb00abe473e8.jpg,,6,0,advanced,advanced,0.971,0.00429,0.00706,0.01766,0.97099
crops/1422_2.jpg,1422,1422_jpg.rf.810d6f94f8cb98b2df7bfb00abe473e8.jpg,,0,0,no_caries,advanced,0.8111,0.04845,0.05244,0.08798,0.81113
crops/1422_3.jpg,1422,1422_jpg.rf.810d6f94f8cb98b2df7bfb00abe473e8.jpg,,2,0,mild,moderate,0.3346,0.26808,0.24045,0.33462,0.15684
crops/1626_0.jpg,1626,1626_jpg.rf.9db3f794917533740096ccad45bd8f3c.jpg,,0,0,no_caries,mild,0.5254,0.40831,0.52539,0.01892,0.04738
crops/1626_1.jpg,1626,1626_jpg.rf.9db3f794917533740096ccad45bd8f3c.jpg,,0,0,no_caries,no_caries,0.8043,0.80434,0.13928,0.02886,0.02752
crops/1626_2.jpg,1626,1626_jpg.rf.9db3f794917533740096ccad45bd8f3c.jpg,,0,0,no_caries,no_caries,0.7832,0.78319,0.14928,0.04468,0.02284
crops/1626_3.jpg,1626,1626_jpg.rf.9db3f794917533740096ccad45bd8f3c.jpg,,0,0,no_caries,mild,0.6106,0.23986,0.61056,0.07011,0.07947
crops/1626_4.jpg,1626,1626_jpg.rf.9db3f794917533740096ccad45bd8f3c.jpg,,0,0,no_caries,no_caries,0.8154,0.81543,0.07388,0.03652,0.07417
crops/1626_5.jpg,1626,1626_jpg.rf.9db3f794917533740096ccad45bd8f3c.jpg,,0,0,no_caries,no_caries,0.7352,0.73518,0.1433,0.05107,0.07046
crops/1626_6.jpg,1626,1626_jpg.rf.9db3f794917533740096ccad45bd8f3c.jpg,,0,0,no_caries,no_caries,0.7228,0.72275,0.16799,0.0417,0.06756
crops/1626_7.jpg,1626,1626_jpg.rf.9db3f794917533740096ccad45bd8f3c.jpg,,0,0,no_caries,mild,0.739,0.09395,0.73901,0.05355,0.11348
crops/1736_0.jpg,1736,1736_jpg.rf.3f29f927f62880cd64fd8a96d743467e.jpg,,5,0,advanced,advanced,0.5767,0.01621,0.01914,0.38799,0.57665
crops/1736_1.jpg,1736,1736_jpg.rf.3f29f927f62880cd64fd8a96d743467e.jpg,,5,0,advanced,advanced,0.7881,0.00305,0.02108,0.18777,0.7881
crops/1736_2.jpg,1736,1736_jpg.rf.3f29f927f62880cd64fd8a96d743467e.jpg,,3,0,moderate,moderate,0.98,0.00173,0.00249,0.98,0.01577
crops/1736_3.jpg,1736,1736_jpg.rf.3f29f927f62880cd64fd8a96d743467e.jpg,,4,0,moderate,moderate,0.8636,0.00411,0.00396,0.86356,0.12838
crops/1736_4.jpg,1736,1736_jpg.rf.3f29f927f62880cd64fd8a96d743467e.jpg,,2,0,mild,mild,0.6127,0.1542,0.61273,0.195,0.03807
crops/1736_5.jpg,1736,1736_jpg.rf.3f29f927f62880cd64fd8a96d743467e.jpg,,2,0,mild,mild,0.6798,0.05249,0.67982,0.1972,0.07049
crops/1823_0.jpg,1823,1823_jpg.rf.ba64fa223ad2f563305a0bbb906f9411.jpg,,6,0,advanced,advanced,0.7507,0.04188,0.0113,0.19613,0.75068
crops/1823_1.jpg,1823,1823_jpg.rf.ba64fa223ad2f563305a0bbb906f9411.jpg,,2,0,mild,advanced,0.8393,0.04633,0.06026,0.05415,0.83926
crops/1823_2.jpg,1823,1823_jpg.rf.ba64fa223ad2f563305a0bbb906f9411.jpg,,1,0,mild,mild,0.6669,0.2557,0.6669,0.06632,0.01107
crops/1823_3.jpg,1823,1823_jpg.rf.ba64fa223ad2f563305a0bbb906f9411.jpg,,5,0,advanced,advanced,0.8274,0.02159,0.0556,0.09537,0.82744
crops/1823_4.jpg,1823,1823_jpg.rf.ba64fa223ad2f563305a0bbb906f9411.jpg,,1,0,mild,mild,0.9748,0.01097,0.97478,0.01049,0.00376
crops/1823_5.jpg,1823,1823_jpg.rf.ba64fa223ad2f563305a0bbb906f9411.jpg,,1,0,mild,mild,0.5472,0.37482,0.54716,0.05976,0.01825
crops/1823_6.jpg,1823,1823_jpg.rf.ba64fa223ad2f563305a0bbb906f9411.jpg,,1,0,mild,no_caries,0.5871,0.5871,0.30712,0.07727,0.02851
crops/1823_7.jpg,1823,1823_jpg.rf.ba64fa223ad2f563305a0bbb906f9411.jpg,,1,0,mild,moderate,0.5537,0.12015,0.24621,0.55366,0.07998
crops/1823_8.jpg,1823,1823_jpg.rf.ba64fa223ad2f563305a0bbb906f9411.jpg,,1,0,mild,no_caries,0.644,0.64401,0.20839,0.11282,0.03478
crops/1823_9.jpg,1823,1823_jpg.rf.ba64fa223ad2f563305a0bbb906f9411.jpg,,0,0,no_caries,no_caries,0.6634,0.66335,0.17646,0.12087,0.03932
crops/1823_10.jpg,1823,1823_jpg.rf.ba64fa223ad2f563305a0bbb906f9411.jpg,,0,0,no_caries,no_caries,0.4393,0.43932,0.34655,0.19187,0.02226
crops/1823_11.jpg,1823,1823_jpg.rf.ba64fa223ad2f563305a0bbb906f9411.jpg,,1,0,mild,moderate,0.4665,0.27393,0.19758,0.46647,0.06202
crops/1823_12.jpg,1823,1823_jpg.rf.ba64fa223ad2f563305a0bbb906f9411.jpg,,0,0,no_caries,no_caries,0.7944,0.79445,0.08833,0.06923,0.048
crops/1840_0.jpg,1840,1840_jpg.rf.bc91e365762e4b9a7f4172d6d654d0bd.jpg,,2,0,mild,mild,0.8511,0.03207,0.85113,0.06604,0.05076
crops/1840_1.jpg,1840,1840_jpg.rf.bc91e365762e4b9a7f4172d6d654d0bd.jpg,,3,0,moderate,advanced,0.856,0.00388,0.00965,0.1305,0.85597
crops/1840_2.jpg,1840,1840_jpg.rf.bc91e365762e4b9a7f4172d6d654d0bd.jpg,,3,0,moderate,advanced,0.9711,0.00108,0.00804,0.01978,0.9711
crops/1840_3.jpg,1840,1840_jpg.rf.bc91e365762e4b9a7f4172d6d654d0bd.jpg,,4,0,moderate,advanced,0.9121,0.0046,0.01796,0.06539,0.91205
crops/1840_4.jpg,1840,1840_jpg.rf.bc91e365762e4b9a7f4172d6d654d0bd.jpg,,4,0,moderate,advanced,0.9546,0.00155,0.0032,0.04067,0.95458
crops/1840_5.jpg,1840,1840_jpg.rf.bc91e365762e4b9a7f4172d6d654d0bd.jpg,,3,0,moderate,advanced,0.9666,0.00195,0.01335,0.01814,0.96657
crops/1840_6.jpg,1840,1840_jpg.rf.bc91e365762e4b9a7f4172d6d654d0bd.jpg,,2,0,mild,advanced,0.6236,0.03542,0.29732,0.04364,0.62362
crops/1840_7.jpg,1840,1840_jpg.rf.bc91e365762e4b9a7f4172d6d654d0bd.jpg,,2,0,mild,mild,0.6126,0.07212,0.61264,0.24036,0.07488
crops/1840_8.jpg,1840,1840_jpg.rf.bc91e365762e4b9a7f4172d6d654d0bd.jpg,,3,0,moderate,moderate,0.9529,0.00323,0.01625,0.9529,0.02763
crops/1845_0.jpg,1845,1845_jpg.rf.9c36c72fe02ae286ccba42be73a4a2db.jpg,,4,0,moderate,advanced,0.6879,0.01671,0.26722,0.02818,0.68789
crops/1845_1.jpg,1845,1845_jpg.rf.9c36c72fe02ae286ccba42be73a4a2db.jpg,,4,0,moderate,advanced,0.9021,0.0139,0.01762,0.06638,0.90211
crops/1845_2.jpg,1845,1845_jpg.rf.9c36c72fe02ae286ccba42be73a4a2db.jpg,,2,0,mild,mild,0.8231,0.00731,0.82308,0.15746,0.01214
crops/1845_3.jpg,1845,1845_jpg.rf.9c36c72fe02ae286ccba42be73a4a2db.jpg,,0,0,no_caries,mild,0.6352,0.12137,0.6352,0.22762,0.01582
crops/1845_4.jpg,1845,1845_jpg.rf.9c36c72fe02ae286ccba42be73a4a2db.jpg,,0,0,no_caries,mild,0.4826,0.42349,0.48263,0.06638,0.0275
crops/1845_5.jpg,1845,1845_jpg.rf.9c36c72fe02ae286ccba42be73a4a2db.jpg,,1,0,mild,mild,0.5166,0.23535,0.51664,0.17693,0.07109
crops/1845_6.jpg,1845,1845_jpg.rf.9c36c72fe02ae286ccba42be73a4a2db.jpg,,0,0,no_caries,no_caries,0.6341,0.63412,0.07381,0.25189,0.04019
crops/1845_7.jpg,1845,1845_jpg.rf.9c36c72fe02ae286ccba42be73a4a2db.jpg,,0,0,no_caries,mild,0.4357,0.16496,0.43568,0.37498,0.02438
crops/1845_8.jpg,1845,1845_jpg.rf.9c36c72fe02ae286ccba42be73a4a2db.jpg,,0,0,no_caries,moderate,0.4522,0.3688,0.17017,0.45221,0.00882
crops/1845_9.jpg,1845,1845_jpg.rf.9c36c72fe02ae286ccba42be73a4a2db.jpg,,0,0,no_caries,no_caries,0.4724,0.47243,0.18968,0.24756,0.09033
crops/1845_10.jpg,1845,1845_jpg.rf.9c36c72fe02ae286ccba42be73a4a2db.jpg,,1,0,mild,mild,0.6852,0.18814,0.68521,0.08088,0.04577
crops/1845_11.jpg,1845,1845_jpg.rf.9c36c72fe02ae286ccba42be73a4a2db.jpg,,1,0,mild,mild,0.9237,0.04926,0.92374,0.01506,0.01193
crops/1845_12.jpg,1845,1845_jpg.rf.9c36c72fe02ae286ccba42be73a4a2db.jpg,,1,0,mild,mild,0.6321,0.23476,0.63207,0.12117,0.012
crops/1845_13.jpg,1845,1845_jpg.rf.9c36c72fe02ae286ccba42be73a4a2db.jpg,,4,0,moderate,moderate,0.7122,0.02186,0.26306,0.71223,0.00285
crops/1845_14.jpg,1845,1845_jpg.rf.9c36c72fe02ae286ccba42be73a4a2db.jpg,,3,0,moderate,moderate,0.5499,0.04218,0.39642,0.54995,0.01145
crops/1845_15.jpg,1845,1845_jpg.rf.9c36c72fe02ae286ccba42be73a4a2db.jpg,,6,0,advanced,advanced,0.906,0.01384,0.02297,0.0572,0.90599
crops/1845_16.jpg,1845,1845_jpg.rf.9c36c72fe02ae286ccba42be73a4a2db.jpg,,0,0,no_caries,mild,0.5871,0.22767,0.5871,0.16293,0.0223
crops/1845_17.jpg,1845,1845_jpg.rf.9c36c72fe02ae286ccba42be73a4a2db.jpg,,0,0,no_caries,no_caries,0.3518,0.35176,0.27918,0.34027,0.02879
crops/1845_18.jpg,1845,1845_jpg.rf.9c36c72fe02ae286ccba42be73a4a2db.jpg,,0,0,no_caries,no_caries,0.4637,0.46373,0.14349,0.35878,0.034
crops/1845_19.jpg,1845,1845_jpg.rf.9c36c72fe02ae286ccba42be73a4a2db.jpg,,2,0,mild,moderate,0.4856,0.04401,0.4062,0.48556,0.06422
crops/1845_20.jpg,1845,1845_jpg.rf.9c36c72fe02ae286ccba42be73a4a2db.jpg,,2,0,mild,moderate,0.438,0.41527,0.0681,0.43796,0.07867
crops/1857_0.jpg,1857,1857_jpg.rf.b5ae23a5e068eae51e55a89dfde26fa8.jpg,,6,0,advanced,advanced,0.9166,0.01087,0.02545,0.04708,0.9166
crops/1857_1.jpg,1857,1857_jpg.rf.b5ae23a5e068eae51e55a89dfde26fa8.jpg,,6,0,advanced,advanced,0.5867,0.00479,0.35406,0.05442,0.58673
crops/1857_2.jpg,1857,1857_jpg.rf.b5ae23a5e068eae51e55a89dfde26fa8.jpg,,6,0,advanced,advanced,0.9565,0.00813,0.01613,0.01922,0.95652
crops/1857_3.jpg,1857,1857_jpg.rf.b5ae23a5e068eae51e55a89dfde26fa8.jpg,,6,0,advanced,advanced,0.9359,0.01157,0.03673,0.01585,0.93585
crops/1857_4.jpg,1857,1857_jpg.rf.b5ae23a5e068eae51e55a89dfde26fa8.jpg,,2,0,mild,mild,0.7821,0.14249,0.78211,0.01857,0.05683
crops/1857_5.jpg,1857,1857_jpg.rf.b5ae23a5e068eae51e55a89dfde26fa8.jpg,,1,0,mild,no_caries,0.5643,0.5643,0.34175,0.02081,0.07313
crops/1857_6.jpg,1857,1857_jpg.rf.b5ae23a5e068eae51e55a89dfde26fa8.jpg,,0,0,no_caries,mild,0.677,0.2359,0.67701,0.01508,0.07201
crops/1857_7.jpg,1857,1857_jpg.rf.b5ae23a5e068eae51e55a89dfde26fa8.jpg,,0,0,no_caries,no_caries,0.4785,0.47848,0.29613,0.10144,0.12394
crops/1857_8.jpg,1857,1857_jpg.rf.b5ae23a5e068eae51e55a89dfde26fa8.jpg,,0,0,no_caries,no_caries,0.5273,0.52731,0.17803,0.1743,0.12037
crops/1857_9.jpg,1857,1857_jpg.rf.b5ae23a5e068eae51e55a89dfde26fa8.jpg,,0,0,no_caries,no_caries,0.5241,0.52408,0.04354,0.40662,0.02575
crops/1857_10.jpg,1857,1857_jpg.rf.b5ae23a5e068eae51e55a89dfde26fa8.jpg,,3,0,moderate,moderate,0.5968,0.34579,0.02066,0.59675,0.0368
crops/1857_11.jpg,1857,1857_jpg.rf.b5ae23a5e068eae51e55a89dfde26fa8.jpg,,0,0,no_caries,moderate,0.6847,0.03062,0.192,0.6847,0.09269
crops/1857_12.jpg,1857,1857_jpg.rf.b5ae23a5e068eae51e55a89dfde26fa8.jpg,,0,0,no_caries,mild,0.3659,0.32324,0.3659,0.27326,0.03761
crops/1857_13.jpg,1857,1857_jpg.rf.b5ae23a5e068eae51e55a89dfde26fa8.jpg,,0,0,no_caries,moderate,0.428,0.28508,0.21648,0.42804,0.07039
crops/351_0.jpg,351,351_jpg.rf.94653fb84ad780b0cf4ae6e823db612a.jpg,,6,0,advanced,advanced,0.8988,0.0201,0.03773,0.04337,0.8988
crops/351_1.jpg,351,351_jpg.rf.94653fb84ad780b0cf4ae6e823db612a.jpg,,6,0,advanced,advanced,0.9667,0.00498,0.00779,0.02052,0.96671
crops/351_2.jpg,351,351_jpg.rf.94653fb84ad780b0cf4ae6e823db612a.jpg,,5,0,advanced,mild,0.3975,0.16423,0.39747,0.0607,0.3776
crops/351_3.jpg,351,351_jpg.rf.94653fb84ad780b0cf4ae6e823db612a.jpg,,0,0,no_caries,no_caries,0.8145,0.81445,0.05078,0.08869,0.04608
crops/351_4.jpg,351,351_jpg.rf.94653fb84ad780b0cf4ae6e823db612a.jpg,,1,0,mild,no_caries,0.5356,0.5356,0.31652,0.02793,0.11994
crops/351_5.jpg,351,351_jpg.rf.94653fb84ad780b0cf4ae6e823db612a.jpg,,1,0,mild,moderate,0.6365,0.2174,0.12965,0.63648,0.01647
crops/351_6.jpg,351,351_jpg.rf.94653fb84ad780b0cf4ae6e823db612a.jpg,,0,0,no_caries,no_caries,0.425,0.42501,0.23417,0.21509,0.12574
crops/351_7.jpg,351,351_jpg.rf.94653fb84ad780b0cf4ae6e823db612a.jpg,,0,0,no_caries,no_caries,0.7801,0.78009,0.12259,0.04122,0.0561
crops/351_8.jpg,351,351_jpg.rf.94653fb84ad780b0cf4ae6e823db612a.jpg,,0,0,no_caries,no_caries,0.5888,0.58881,0.30184,0.07181,0.03754
crops/351_9.jpg,351,351_jpg.rf.94653fb84ad780b0cf4ae6e823db612a.jpg,,0,0,no_caries,no_caries,0.6906,0.6906,0.22648,0.02897,0.05395
crops/351_10.jpg,351,351_jpg.rf.94653fb84ad780b0cf4ae6e823db612a.jpg,,0,0,no_caries,no_caries,0.4745,0.47453,0.22392,0.25934,0.04222
crops/351_11.jpg,351,351_jpg.rf.94653fb84ad780b0cf4ae6e823db612a.jpg,,0,0,no_caries,mild,0.5945,0.2611,0.59449,0.12729,0.01712
crops/352_0.jpg,352,352_jpg.rf.2d2910ff97b47dc2e193e7209e65ce2b.jpg,,4,0,moderate,mild,0.7959,0.06897,0.7959,0.10374,0.03139
crops/352_1.jpg,352,352_jpg.rf.2d2910ff97b47dc2e193e7209e65ce2b.jpg,,4,0,moderate,mild,0.9738,0.01417,0.97385,0.00785,0.00413
crops/352_2.jpg,352,352_jpg.rf.2d2910ff97b47dc2e193e7209e65ce2b.jpg,,4,0,moderate,mild,0.7068,0.03494,0.7068,0.23589,0.02237
crops/352_3.jpg,352,352_jpg.rf.2d2910ff97b47dc2e193e7209e65ce2b.jpg,,4,0,moderate,mild,0.4927,0.13357,0.49267,0.31063,0.06313
crops/352_4.jpg,352,352_jpg.rf.2d2910ff97b47dc2e193e7209e65ce2b.jpg,,4,0,moderate,mild,0.9287,0.00859,0.92871,0.05095,0.01175
crops/352_5.jpg,352,352_jpg.rf.2d2910ff97b47dc2e193e7209e65ce2b.jpg,,4,0,moderate,mild,0.6194,0.00456,0.61935,0.32883,0.04725
crops/352_6.jpg,352,352_jpg.rf.2d2910ff97b47dc2e193e7209e65ce2b.jpg,,4,0,moderate,advanced,0.8041,0.00191,0.01292,0.18106,0.8041
crops/352_7.jpg,352,352_jpg.rf.2d2910ff97b47dc2e193e7209e65ce2b.jpg,,5,0,advanced,advanced,0.9717,0.00182,0.00612,0.02037,0.9717
crops/352_8.jpg,352,352_jpg.rf.2d2910ff97b47dc2e193e7209e65ce2b.jpg,,4,0,moderate,mild,0.63,0.00385,0.63001,0.08669,0.27945
crops/352_9.jpg,352,352_jpg.rf.2d2910ff97b47dc2e193e7209e65ce2b.jpg,,6,0,advanced,advanced,0.8899,0.01263,0.01461,0.08288,0.88988
crops/352_10.jpg,352,352_jpg.rf.2d2910ff97b47dc2e193e7209e65ce2b.jpg,,2,0,mild,mild,0.683,0.18891,0.683,0.03729,0.09081
crops/352_11.jpg,352,352_jpg.rf.2d2910ff97b47dc2e193e7209e65ce2b.jpg,,3,0,moderate,moderate,0.951,0.02109,0.01502,0.95098,0.01292
crops/352_12.jpg,352,352_jpg.rf.2d2910ff97b47dc2e193e7209e65ce2b.jpg,,3,0,moderate,moderate,0.577,0.10369,0.15139,0.57703,0.16789
crops/352_13.jpg,352,352_jpg.rf.2d2910ff97b47dc2e193e7209e65ce2b.jpg,,6,0,advanced,advanced,0.8522,0.05103,0.06242,0.03432,0.85224
crops/352_14.jpg,352,352_jpg.rf.2d2910ff97b47dc2e193e7209e65ce2b.jpg,,2,0,mild,mild,0.4774,0.39391,0.47741,0.01695,0.11173
crops/404_0.jpg,404,404_jpg.rf.746473fc7ad52f47d72db5c474f2c6c5.jpg,,6,0,advanced,advanced,0.642,0.00216,0.00681,0.34898,0.64204
crops/404_1.jpg,404,404_jpg.rf.746473fc7ad52f47d72db5c474f2c6c5.jpg,,3,0,moderate,moderate,0.9855,0.00064,0.00885,0.98551,0.005
crops/404_2.jpg,404,404_jpg.rf.746473fc7ad52f47d72db5c474f2c6c5.jpg,,5,0,advanced,moderate,0.6712,0.03951,0.15738,0.67118,0.13193
crops/404_3.jpg,404,404_jpg.rf.746473fc7ad52f47d72db5c474f2c6c5.jpg,,3,0,moderate,moderate,0.8932,0.00642,0.05705,0.89322,0.04331
crops/404_4.jpg,404,404_jpg.rf.746473fc7ad52f47d72db5c474f2c6c5.jpg,,6,0,advanced,advanced,0.7442,0.03499,0.13315,0.0877,0.74417
crops/404_5.jpg,404,404_jpg.rf.746473fc7ad52f47d72db5c474f2c6c5.jpg,,5,0,advanced,mild,0.6807,0.02813,0.68073,0.05227,0.23887
crops/404_6.jpg,404,404_jpg.rf.746473fc7ad52f47d72db5c474f2c6c5.jpg,,3,0,moderate,mild,0.5933,0.1438,0.59332,0.0362,0.22668
crops/404_7.jpg,404,404_jpg.rf.746473fc7ad52f47d72db5c474f2c6c5.jpg,,0,0,no_caries,no_caries,0.8019,0.80189,0.14004,0.01934,0.03873
crops/404_8.jpg,404,404_jpg.rf.746473fc7ad52f47d72db5c474f2c6c5.jpg,,0,0,no_caries,no_caries,0.5443,0.54431,0.34329,0.09557,0.01683
crops/404_9.jpg,404,404_jpg.rf.746473fc7ad52f47d72db5c474f2c6c5.jpg,,0,0,no_caries,mild,0.4968,0.24369,0.49682,0.20667,0.05282
crops/404_10.jpg,404,404_jpg.rf.746473fc7ad52f47d72db5c474f2c6c5.jpg,,0,0,no_caries,mild,0.4569,0.41116,0.45686,0.09084,0.04115
crops/404_11.jpg,404,404_jpg.rf.746473fc7ad52f47d72db5c474f2c6c5.jpg,,3,0,moderate,mild,0.3978,0.34744,0.39784,0.22495,0.02977
crops/404_12.jpg,404,404_jpg.rf.746473fc7ad52f47d72db5c474f2c6c5.jpg,,3,0,moderate,no_caries,0.7939,0.79389,0.14275,0.03222,0.03114
crops/437_0.jpg,437,437_jpg.rf.ba49cb3f03103a00e5ac202c2a95c233.jpg,,5,0,advanced,advanced,0.7259,0.00967,0.25247,0.01195,0.72591
crops/437_1.jpg,437,437_jpg.rf.ba49cb3f03103a00e5ac202c2a95c233.jpg,,5,0,advanced,advanced,0.9549,0.01093,0.01354,0.0206,0.95492
crops/437_2.jpg,437,437_jpg.rf.ba49cb3f03103a00e5ac202c2a95c233.jpg,,5,0,advanced,advanced,0.9703,0.00525,0.00642,0.01807,0.97026
crops/437_3.jpg,437,437_jpg.rf.ba49cb3f03103a00e5ac202c2a95c233.jpg,,5,0,advanced,advanced,0.6,0.00341,0.00294,0.39362,0.60003
crops/437_4.jpg,437,437_jpg.rf.ba49cb3f03103a00e5ac202c2a95c233.jpg,,0,0,no_caries,no_caries,0.5345,0.53446,0.36993,0.05247,0.04314
crops/437_5.jpg,437,437_jpg.rf.ba49cb3f03103a00e5ac202c2a95c233.jpg,,0,0,no_caries,mild,0.8238,0.10296,0.82381,0.00249,0.07074
crops/437_6.jpg,437,437_jpg.rf.ba49cb3f03103a00e5ac202c2a95c233.jpg,,0,0,no_caries,no_caries,0.5529,0.55293,0.10414,0.29851,0.04442
crops/437_7.jpg,437,437_jpg.rf.ba49cb3f03103a00e5ac202c2a95c233.jpg,,0,0,no_caries,no_caries,0.6979,0.69787,0.16625,0.08949,0.04639
crops/437_8.jpg,437,437_jpg.rf.ba49cb3f03103a00e5ac202c2a95c233.jpg,,0,0,no_caries,no_caries,0.8534,0.85336,0.07868,0.03525,0.03272
crops/437_9.jpg,437,437_jpg.rf.ba49cb3f03103a00e5ac202c2a95c233.jpg,,0,0,no_caries,no_caries,0.8216,0.82157,0.03809,0.08922,0.05113
crops/452_0.jpg,452,452_jpg.rf.95ece85baa35089349895de3f21fb17f.jpg,,3,0,moderate,moderate,0.9715,0.00144,0.01674,0.97153,0.01029
crops/452_1.jpg,452,452_jpg.rf.95ece85baa35089349895de3f21fb17f.jpg,,0,0,no_caries,no_caries,0.3557,0.35569,0.28066,0.2809,0.08276
crops/452_2.jpg,452,452_jpg.rf.95ece85baa35089349895de3f21fb17f.jpg,,2,0,mild,advanced,0.9131,0.00865,0.03897,0.03923,0.91315
crops/452_3.jpg,452,452_jpg.rf.95ece85baa35089349895de3f21fb17f.jpg,,0,0,no_caries,no_caries,0.7581,0.75812,0.13944,0.05869,0.04375
crops/452_4.jpg,452,452_jpg.rf.95ece85baa35089349895de3f21fb17f.jpg,,0,0,no_caries,no_caries,0.5422,0.54219,0.02879,0.40265,0.02637
crops/499_0.jpg,499,499_jpg.rf.393a39eb5169425da9b34de9247788cb.jpg,,2,0,mild,no_caries,0.6693,0.6693,0.14281,0.05615,0.13174
crops/499_1.jpg,499,499_jpg.rf.393a39eb5169425da9b34de9247788cb.jpg,,2,0,mild,moderate,0.7773,0.13084,0.07889,0.77726,0.01301
crops/499_2.jpg,499,499_jpg.rf.393a39eb5169425da9b34de9247788cb.jpg,,5,0,advanced,advanced,0.6679,0.00266,0.03245,0.29701,0.66788
crops/499_3.jpg,499,499_jpg.rf.393a39eb5169425da9b34de9247788cb.jpg,,5,0,advanced,moderate,0.797,0.00261,0.01053,0.79704,0.18983
crops/499_4.jpg,499,499_jpg.rf.393a39eb5169425da9b34de9247788cb.jpg,,5,0,advanced,moderate,0.7874,0.01792,0.05287,0.78745,0.14176
crops/499_5.jpg,499,499_jpg.rf.393a39eb5169425da9b34de9247788cb.jpg,,6,0,advanced,advanced,0.9798,0.00403,0.01237,0.00381,0.97979
crops/499_6.jpg,499,499_jpg.rf.393a39eb5169425da9b34de9247788cb.jpg,,5,0,advanced,advanced,0.9648,0.00278,0.00952,0.02293,0.96478
crops/499_7.jpg,499,499_jpg.rf.393a39eb5169425da9b34de9247788cb.jpg,,0,0,no_caries,no_caries,0.675,0.67499,0.07228,0.2334,0.01933
crops/499_8.jpg,499,499_jpg.rf.393a39eb5169425da9b34de9247788cb.jpg,,0,0,no_caries,no_caries,0.7338,0.7338,0.21208,0.02203,0.03209
crops/499_9.jpg,499,499_jpg.rf.393a39eb5169425da9b34de9247788cb.jpg,,0,0,no_caries,no_caries,0.814,0.81395,0.10881,0.0477,0.02953
crops/499_10.jpg,499,499_jpg.rf.393a39eb5169425da9b34de9247788cb.jpg,,3,0,moderate,no_caries,0.8282,0.82821,0.05418,0.09675,0.02086
crops/499_11.jpg,499,499_jpg.rf.393a39eb5169425da9b34de9247788cb.jpg,,0,0,no_caries,no_caries,0.4798,0.47984,0.30395,0.18755,0.02866
crops/499_12.jpg,499,499_jpg.rf.393a39eb5169425da9b34de9247788cb.jpg,,0,0,no_caries,no_caries,0.3946,0.39462,0.38301,0.13975,0.08262
crops/512_0.jpg,512,512_jpg.rf.3611b45ae6a32edc313eb25da2bf8cb4.jpg,,5,0,advanced,moderate,0.9525,0.00023,0.0437,0.95252,0.00356
crops/512_1.jpg,512,512_jpg.rf.3611b45ae6a32edc313eb25da2bf8cb4.jpg,,4,0,moderate,mild,0.9293,0.00034,0.92928,0.00623,0.06415
crops/512_2.jpg,512,512_jpg.rf.3611b45ae6a32edc313eb25da2bf8cb4.jpg,,4,0,moderate,advanced,0.9142,0.00234,0.06843,0.01504,0.91418
crops/512_3.jpg,512,512_jpg.rf.3611b45ae6a32edc313eb25da2bf8cb4.jpg,,4,0,moderate,mild,0.6739,0.03912,0.67388,0.15968,0.12732
crops/537_0.jpg,537,537_jpg.rf.ed307f1128f5b7e286522a2b440c2e24.jpg,,4,0,moderate,moderate,0.6853,0.0074,0.01509,0.68528,0.29223
crops/541_0.jpg,541,541_jpg.rf.c3ddf94bf9f4c3115f2166c3fd807868.jpg,,0,0,no_caries,moderate,0.4428,0.31224,0.11649,0.44277,0.1285
crops/541_1.jpg,541,541_jpg.rf.c3ddf94bf9f4c3115f2166c3fd807868.jpg,,0,0,no_caries,no_caries,0.5573,0.55732,0.16836,0.11743,0.15689
crops/541_2.jpg,541,541_jpg.rf.c3ddf94bf9f4c3115f2166c3fd807868.jpg,,0,0,no_caries,no_caries,0.5011,0.50105,0.24766,0.18435,0.06694
crops/541_3.jpg,541,541_jpg.rf.c3ddf94bf9f4c3115f2166c3fd807868.jpg,,0,0,no_caries,no_caries,0.6941,0.6941,0.15038,0.05073,0.1048
crops/541_4.jpg,541,541_jpg.rf.c3ddf94bf9f4c3115f2166c3fd807868.jpg,,0,0,no_caries,no_caries,0.8544,0.85439,0.09134,0.02053,0.03374
crops/541_5.jpg,541,541_jpg.rf.c3ddf94bf9f4c3115f2166c3fd807868.jpg,,0,0,no_caries,no_caries,0.8109,0.81086,0.11152,0.03907,0.03855
crops/541_6.jpg,541,541_jpg.rf.c3ddf94bf9f4c3115f2166c3fd807868.jpg,,0,0,no_caries,no_caries,0.8797,0.87967,0.03925,0.04455,0.03653
crops/541_7.jpg,541,541_jpg.rf.c3ddf94bf9f4c3115f2166c3fd807868.jpg,,0,0,no_caries,no_caries,0.7323,0.73227,0.09199,0.09418,0.08155
crops/541_8.jpg,541,541_jpg.rf.c3ddf94bf9f4c3115f2166c3fd807868.jpg,,0,0,no_caries,no_caries,0.684,0.68403,0.12576,0.10957,0.08064
crops/541_9.jpg,541,541_jpg.rf.c3ddf94bf9f4c3115f2166c3fd807868.jpg,,0,0,no_caries,no_caries,0.7497,0.74969,0.16169,0.03813,0.05049
crops/541_10.jpg,541,541_jpg.rf.c3ddf94bf9f4c3115f2166c3fd807868.jpg,,0,0,no_caries,no_caries,0.8314,0.83135,0.10995,0.02623,0.03247
crops/541_11.jpg,541,541_jpg.rf.c3ddf94bf9f4c3115f2166c3fd807868.jpg,,0,0,no_caries,no_caries,0.6362,0.63615,0.15523,0.10426,0.10436
crops/541_12.jpg,541,541_jpg.rf.c3ddf94bf9f4c3115f2166c3fd807868.jpg,,0,0,no_caries,no_caries,0.4236,0.42357,0.32974,0.15704,0.08964
crops/541_13.jpg,541,541_jpg.rf.c3ddf94bf9f4c3115f2166c3fd807868.jpg,,3,0,moderate,mild,0.7009,0.08793,0.70085,0.14869,0.06252
crops/549_0.jpg,549,549_jpg.rf.3327794c5fa97896a1153a26abd4433a.jpg,,2,0,mild,mild,0.871,0.01644,0.87104,0.02607,0.08645
crops/549_1.jpg,549,549_jpg.rf.3327794c5fa97896a1153a26abd4433a.jpg,,0,0,no_caries,no_caries,0.4042,0.40425,0.23086,0.34457,0.02032
crops/549_2.jpg,549,549_jpg.rf.3327794c5fa97896a1153a26abd4433a.jpg,,0,0,no_caries,mild,0.5044,0.28624,0.50438,0.18791,0.02147
crops/549_3.jpg,549,549_jpg.rf.3327794c5fa97896a1153a26abd4433a.jpg,,0,0,no_caries,no_caries,0.4983,0.49827,0.41011,0.05589,0.03574
crops/549_4.jpg,549,549_jpg.rf.3327794c5fa97896a1153a26abd4433a.jpg,,0,0,no_caries,no_caries,0.6167,0.61674,0.25895,0.07992,0.04439
crops/549_5.jpg,549,549_jpg.rf.3327794c5fa97896a1153a26abd4433a.jpg,,0,0,no_caries,no_caries,0.5664,0.56637,0.2401,0.14253,0.051
crops/549_6.jpg,549,549_jpg.rf.3327794c5fa97896a1153a26abd4433a.jpg,,0,0,no_caries,no_caries,0.7451,0.74506,0.04091,0.18933,0.02471
crops/549_7.jpg,549,549_jpg.rf.3327794c5fa97896a1153a26abd4433a.jpg,,0,0,no_caries,no_caries,0.7765,0.77653,0.12243,0.07434,0.0267
crops/549_8.jpg,549,549_jpg.rf.3327794c5fa97896a1153a26abd4433a.jpg,,0,0,no_caries,no_caries,0.8271,0.82709,0.10832,0.01442,0.05017
crops/549_9.jpg,549,549_jpg.rf.3327794c5fa97896a1153a26abd4433a.jpg,,0,0,no_caries,no_caries,0.6985,0.69851,0.22078,0.0399,0.04082
crops/549_10.jpg,549,549_jpg.rf.3327794c5fa97896a1153a26abd4433a.jpg,,3,0,moderate,no_caries,0.7431,0.74312,0.08592,0.15905,0.01191
crops/549_11.jpg,549,549_jpg.rf.3327794c5fa97896a1153a26abd4433a.jpg,,3,0,moderate,no_caries,0.7658,0.76582,0.09506,0.11093,0.02819
crops/549_12.jpg,549,549_jpg.rf.3327794c5fa97896a1153a26abd4433a.jpg,,3,0,moderate,no_caries,0.8053,0.80535,0.04895,0.11189,0.03381
crops/590_0.jpg,590,590_jpg.rf.b4ae3fb5be6e5aec7fa86b4025e2cd8d.jpg,,0,0,no_caries,mild,0.7081,0.24248,0.70807,0.02212,0.02732
crops/590_1.jpg,590,590_jpg.rf.b4ae3fb5be6e5aec7fa86b4025e2cd8d.jpg,,0,0,no_caries,no_caries,0.617,0.61702,0.1722,0.04523,0.16555
crops/590_2.jpg,590,590_jpg.rf.b4ae3fb5be6e5aec7fa86b4025e2cd8d.jpg,,2,0,mild,no_caries,0.5787,0.57868,0.25812,0.14223,0.02096
crops/590_3.jpg,590,590_jpg.rf.b4ae3fb5be6e5aec7fa86b4025e2cd8d.jpg,,3,0,moderate,moderate,0.9009,0.01473,0.07848,0.90093,0.00585
crops/590_4.jpg,590,590_jpg.rf.b4ae3fb5be6e5aec7fa86b4025e2cd8d.jpg,,5,0,advanced,moderate,0.5371,0.01358,0.43407,0.53712,0.01522
crops/590_5.jpg,590,590_jpg.rf.b4ae3fb5be6e5aec7fa86b4025e2cd8d.jpg,,3,0,moderate,mild,0.7311,0.05427,0.73115,0.21149,0.0031
crops/590_6.jpg,590,590_jpg.rf.b4ae3fb5be6e5aec7fa86b4025e2cd8d.jpg,,2,0,mild,no_caries,0.7485,0.74851,0.10299,0.08687,0.06162
crops/590_7.jpg,590,590_jpg.rf.b4ae3fb5be6e5aec7fa86b4025e2cd8d.jpg,,3,0,moderate,moderate,0.8799,0.02101,0.03913,0.87985,0.06001
crops/590_8.jpg,590,590_jpg.rf.b4ae3fb5be6e5aec7fa86b4025e2cd8d.jpg,,2,0,mild,moderate,0.8997,0.00406,0.0105,0.89966,0.08577
crops/590_9.jpg,590,590_jpg.rf.b4ae3fb5be6e5aec7fa86b4025e2cd8d.jpg,,2,0,mild,mild,0.5999,0.29557,0.59988,0.07216,0.0324
crops/590_10.jpg,590,590_jpg.rf.b4ae3fb5be6e5aec7fa86b4025e2cd8d.jpg,,3,0,moderate,mild,0.7287,0.15158,0.72874,0.02599,0.09369
crops/590_11.jpg,590,590_jpg.rf.b4ae3fb5be6e5aec7fa86b4025e2cd8d.jpg,,1,0,mild,no_caries,0.7042,0.7042,0.14657,0.05783,0.0914
crops/590_12.jpg,590,590_jpg.rf.b4ae3fb5be6e5aec7fa86b4025e2cd8d.jpg,,0,0,no_caries,no_caries,0.8169,0.81689,0.09626,0.05671,0.03013
crops/593_0.jpg,593,593_jpg.rf.c2a522c6cfaa3eba94c081ea5df42fa0.jpg,,1,0,mild,no_caries,0.4763,0.47627,0.16829,0.32068,0.03477
crops/593_1.jpg,593,593_jpg.rf.c2a522c6cfaa3eba94c081ea5df42fa0.jpg,,1,0,mild,no_caries,0.7291,0.72911,0.05466,0.18299,0.03324
crops/593_2.jpg,593,593_jpg.rf.c2a522c6cfaa3eba94c081ea5df42fa0.jpg,,1,0,mild,no_caries,0.4807,0.48073,0.14161,0.34634,0.03132
crops/593_3.jpg,593,593_jpg.rf.c2a522c6cfaa3eba94c081ea5df42fa0.jpg,,1,0,mild,mild,0.6559,0.25756,0.65594,0.06832,0.01818
crops/593_4.jpg,593,593_jpg.rf.c2a522c6cfaa3eba94c081ea5df42fa0.jpg,,2,0,mild,advanced,0.4351,0.12735,0.3565,0.08102,0.43513
crops/593_5.jpg,593,593_jpg.rf.c2a522c6cfaa3eba94c081ea5df42fa0.jpg,,2,0,mild,advanced,0.5562,0.00663,0.07703,0.36013,0.55621
crops/593_6.jpg,593,593_jpg.rf.c2a522c6cfaa3eba94c081ea5df42fa0.jpg,,1,0,mild,mild,0.4484,0.44702,0.4484,0.07492,0.02967
crops/593_7.jpg,593,593_jpg.rf.c2a522c6cfaa3eba94c081ea5df42fa0.jpg,,1,0,mild,no_caries,0.6222,0.62218,0.21464,0.09439,0.06879
crops/593_8.jpg,593,593_jpg.rf.c2a522c6cfaa3eba94c081ea5df42fa0.jpg,,1,0,mild,no_caries,0.5959,0.59589,0.12706,0.2002,0.07684
crops/593_9.jpg,593,593_jpg.rf.c2a522c6cfaa3eba94c081ea5df42fa0.jpg,,1,0,mild,no_caries,0.4972,0.4972,0.12328,0.30814,0.07138
crops/593_10.jpg,593,593_jpg.rf.c2a522c6cfaa3eba94c081ea5df42fa0.jpg,,1,0,mild,no_caries,0.7457,0.74571,0.04408,0.16697,0.04324
crops/593_11.jpg,593,593_jpg.rf.c2a522c6cfaa3eba94c081ea5df42fa0.jpg,,1,0,mild,no_caries,0.5352,0.53522,0.08013,0.31702,0.06762
crops/593_12.jpg,593,593_jpg.rf.c2a522c6cfaa3eba94c081ea5df42fa0.jpg,,1,0,mild,no_caries,0.829,0.82903,0.05768,0.07076,0.04253
crops/601_0.jpg,601,601_jpg.rf.fd2d69d3c7f0304c646b8a6971f6ccb5.jpg,,6,0,advanced,advanced,0.7741,0.00786,0.10767,0.11035,0.77412
crops/601_1.jpg,601,601_jpg.rf.fd2d69d3c7f0304c646b8a6971f6ccb5.jpg,,0,0,no_caries,advanced,0.5226,0.04844,0.38762,0.04131,0.52263
crops/601_2.jpg,601,601_jpg.rf.fd2d69d3c7f0304c646b8a6971f6ccb5.jpg,,0,0,no_caries,no_caries,0.3552,0.35525,0.26489,0.0949,0.28496
crops/601_3.jpg,601,601_jpg.rf.fd2d69d3c7f0304c646b8a6971f6ccb5.jpg,,0,0,no_caries,mild,0.9651,0.0028,0.96511,0.00421,0.02787
crops/601_4.jpg,601,601_jpg.rf.fd2d69d3c7f0304c646b8a6971f6ccb5.jpg,,5,0,advanced,no_caries,0.3591,0.35911,0.26401,0.04684,0.33005
crops/601_5.jpg,601,601_jpg.rf.fd2d69d3c7f0304c646b8a6971f6ccb5.jpg,,5,0,advanced,advanced,0.6183,0.12697,0.19777,0.05694,0.61832
crops/601_6.jpg,601,601_jpg.rf.fd2d69d3c7f0304c646b8a6971f6ccb5.jpg,,5,0,advanced,no_caries,0.4583,0.45826,0.38119,0.03865,0.1219
crops/601_7.jpg,601,601_jpg.rf.fd2d69d3c7f0304c646b8a6971f6ccb5.jpg,,5,0,advanced,advanced,0.4692,0.2133,0.24393,0.07352,0.46925
crops/601_8.jpg,601,601_jpg.rf.fd2d69d3c7f0304c646b8a6971f6ccb5.jpg,,2,0,mild,mild,0.7073,0.08225,0.70727,0.09697,0.11351
crops/601_9.jpg,601,601_jpg.rf.fd2d69d3c7f0304c646b8a6971f6ccb5.jpg,,5,0,advanced,mild,0.7811,0.0642,0.78108,0.07204,0.08268
crops/601_10.jpg,601,601_jpg.rf.fd2d69d3c7f0304c646b8a6971f6ccb5.jpg,,5,0,advanced,mild,0.5037,0.17692,0.50372,0.09804,0.22131
crops/601_11.jpg,601,601_jpg.rf.fd2d69d3c7f0304c646b8a6971f6ccb5.jpg,,5,0,advanced,mild,0.5774,0.17082,0.57742,0.14364,0.10812
crops/601_12.jpg,601,601_jpg.rf.fd2d69d3c7f0304c646b8a6971f6ccb5.jpg,,5,0,advanced,moderate,0.3038,0.25306,0.19484,0.30377,0.24833
crops/601_13.jpg,601,601_jpg.rf.fd2d69d3c7f0304c646b8a6971f6ccb5.jpg,,0,0,no_caries,mild,0.4603,0.30542,0.46031,0.19875,0.03552
crops/601_14.jpg,601,601_jpg.rf.fd2d69d3c7f0304c646b8a6971f6ccb5.jpg,,0,0,no_caries,mild,0.819,0.12461,0.81896,0.04108,0.01535
crops/601_15.jpg,601,601_jpg.rf.fd2d69d3c7f0304c646b8a6971f6ccb5.jpg,,0,0,no_caries,no_caries,0.3503,0.35029,0.23598,0.26834,0.1454
crops/601_16.jpg,601,601_jpg.rf.fd2d69d3c7f0304c646b8a6971f6ccb5.jpg,,5,0,advanced,mild,0.5537,0.2122,0.55366,0.03635,0.1978
crops/605_0.jpg,605,605_jpg.rf.2b40458effbb8e9f0ee495dcf08d0134.jpg,,1,0,mild,advanced,0.3713,0.27123,0.2153,0.14213,0.37134
crops/605_1.jpg,605,605_jpg.rf.2b40458effbb8e9f0ee495dcf08d0134.jpg,,4,0,moderate,advanced,0.9687,0.0035,0.00385,0.02395,0.96869
crops/605_2.jpg,605,605_jpg.rf.2b40458effbb8e9f0ee495dcf08d0134.jpg,,4,0,moderate,mild,0.6109,0.06065,0.61093,0.11416,0.21426
crops/605_3.jpg,605,605_jpg.rf.2b40458effbb8e9f0ee495dcf08d0134.jpg,,3,0,moderate,moderate,0.7535,0.04062,0.06117,0.75347,0.14474
crops/605_4.jpg,605,605_jpg.rf.2b40458effbb8e9f0ee495dcf08d0134.jpg,,1,0,mild,no_caries,0.7527,0.75273,0.11827,0.0746,0.0544
crops/605_5.jpg,605,605_jpg.rf.2b40458effbb8e9f0ee495dcf08d0134.jpg,,4,0,moderate,advanced,0.707,0.01806,0.0085,0.26644,0.70701
crops/605_6.jpg,605,605_jpg.rf.2b40458effbb8e9f0ee495dcf08d0134.jpg,,4,0,moderate,advanced,0.9848,0.00234,0.00082,0.01199,0.98485
crops/605_7.jpg,605,605_jpg.rf.2b40458effbb8e9f0ee495dcf08d0134.jpg,,0,0,no_caries,no_caries,0.6653,0.6653,0.06847,0.07488,0.19135
crops/605_8.jpg,605,605_jpg.rf.2b40458effbb8e9f0ee495dcf08d0134.jpg,,0,0,no_caries,no_caries,0.8656,0.86559,0.01664,0.03416,0.08361
crops/605_9.jpg,605,605_jpg.rf.2b40458effbb8e9f0ee495dcf08d0134.jpg,,0,0,no_caries,no_caries,0.8296,0.82958,0.04094,0.02835,0.10113
crops/605_10.jpg,605,605_jpg.rf.2b40458effbb8e9f0ee495dcf08d0134.jpg,,0,0,no_caries,no_caries,0.7677,0.76768,0.13764,0.05555,0.03913
crops/605_11.jpg,605,605_jpg.rf.2b40458effbb8e9f0ee495dcf08d0134.jpg,,0,0,no_caries,no_caries,0.719,0.71898,0.22002,0.01318,0.04783
crops/605_12.jpg,605,605_jpg.rf.2b40458effbb8e9f0ee495dcf08d0134.jpg,,0,0,no_caries,no_caries,0.8673,0.86725,0.03515,0.02127,0.07633
crops/605_13.jpg,605,605_jpg.rf.2b40458effbb8e9f0ee495dcf08d0134.jpg,,0,0,no_caries,no_caries,0.8554,0.85544,0.05131,0.01106,0.08219
crops/605_14.jpg,605,605_jpg.rf.2b40458effbb8e9f0ee495dcf08d0134.jpg,,0,0,no_caries,no_caries,0.8681,0.86813,0.01075,0.07614,0.04499
crops/779_0.jpg,779,779_jpg.rf.7c8ec7502ae3343dc876c831ab4873b2.jpg,,3,0,moderate,mild,0.4767,0.01333,0.47673,0.47145,0.0385
crops/779_1.jpg,779,779_jpg.rf.7c8ec7502ae3343dc876c831ab4873b2.jpg,,5,0,advanced,advanced,0.9369,0.00849,0.02105,0.03358,0.93688
crops/779_2.jpg,779,779_jpg.rf.7c8ec7502ae3343dc876c831ab4873b2.jpg,,6,0,advanced,advanced,0.9612,0.00552,0.00779,0.02551,0.96118
crops/779_3.jpg,779,779_jpg.rf.7c8ec7502ae3343dc876c831ab4873b2.jpg,,0,0,no_caries,no_caries,0.6637,0.66372,0.16039,0.10313,0.07276
crops/779_4.jpg,779,779_jpg.rf.7c8ec7502ae3343dc876c831ab4873b2.jpg,,1,0,mild,no_caries,0.5767,0.57667,0.09899,0.29097,0.03336
crops/790_0.jpg,790,790_jpg.rf.18d396b1cea3077d08934977a12b06ea.jpg,,0,0,no_caries,mild,0.5678,0.334,0.56778,0.05443,0.0438
crops/790_1.jpg,790,790_jpg.rf.18d396b1cea3077d08934977a12b06ea.jpg,,0,0,no_caries,mild,0.4498,0.43618,0.44983,0.07823,0.03576
crops/790_2.jpg,790,790_jpg.rf.18d396b1cea3077d08934977a12b06ea.jpg,,0,0,no_caries,no_caries,0.7944,0.79438,0.05942,0.05327,0.09293
crops/790_3.jpg,790,790_jpg.rf.18d396b1cea3077d08934977a12b06ea.jpg,,0,0,no_caries,no_caries,0.5511,0.55109,0.17688,0.10048,0.17155
crops/790_4.jpg,790,790_jpg.rf.18d396b1cea3077d08934977a12b06ea.jpg,,0,0,no_caries,mild,0.5805,0.35551,0.58049,0.02966,0.03434
crops/790_5.jpg,790,790_jpg.rf.18d396b1cea3077d08934977a12b06ea.jpg,,0,0,no_caries,no_caries,0.545,0.54499,0.30139,0.05233,0.10128
crops/790_6.jpg,790,790_jpg.rf.18d396b1cea3077d08934977a12b06ea.jpg,,0,0,no_caries,no_caries,0.5576,0.55765,0.33121,0.05991,0.05124
crops/790_8.jpg,790,790_jpg.rf.18d396b1cea3077d08934977a12b06ea.jpg,,0,0,no_caries,no_caries,0.5427,0.54271,0.20618,0.20412,0.04699
crops/790_9.jpg,790,790_jpg.rf.18d396b1cea3077d08934977a12b06ea.jpg,,0,0,no_caries,mild,0.5459,0.37543,0.54586,0.04623,0.03248
crops/790_10.jpg,790,790_jpg.rf.18d396b1cea3077d08934977a12b06ea.jpg,,0,0,no_caries,no_caries,0.6651,0.66507,0.17957,0.10128,0.05408
crops/790_11.jpg,790,790_jpg.rf.18d396b1cea3077d08934977a12b06ea.jpg,,0,0,no_caries,no_caries,0.7685,0.76851,0.06573,0.14456,0.0212
crops/790_12.jpg,790,790_jpg.rf.18d396b1cea3077d08934977a12b06ea.jpg,,0,0,no_caries,mild,0.5508,0.36931,0.5508,0.05961,0.02028
crops/790_13.jpg,790,790_jpg.rf.18d396b1cea3077d08934977a12b06ea.jpg,,4,0,moderate,moderate,0.8741,0.00445,0.00604,0.87411,0.1154
crops/790_14.jpg,790,790_jpg.rf.18d396b1cea3077d08934977a12b06ea.jpg,,4,0,moderate,moderate,0.4551,0.34411,0.14707,0.45511,0.05371
crops/791_0.jpg,791,791_jpg.rf.46bae07392c01cb076210800bc4f8b83.jpg,,3,0,moderate,moderate,0.5237,0.02558,0.09918,0.52367,0.35157
crops/791_1.jpg,791,791_jpg.rf.46bae07392c01cb076210800bc4f8b83.jpg,,3,0,moderate,moderate,0.6724,0.08159,0.05559,0.67242,0.19039
crops/791_2.jpg,791,791_jpg.rf.46bae07392c01cb076210800bc4f8b83.jpg,,4,0,moderate,advanced,0.489,0.01849,0.06068,0.43183,0.489
crops/791_3.jpg,791,791_jpg.rf.46bae07392c01cb076210800bc4f8b83.jpg,,4,0,moderate,moderate,0.8162,0.01353,0.02183,0.81619,0.14845
crops/791_4.jpg,791,791_jpg.rf.46bae07392c01cb076210800bc4f8b83.jpg,,4,0,moderate,moderate,0.4687,0.18576,0.27901,0.46871,0.06653
crops/791_5.jpg,791,791_jpg.rf.46bae07392c01cb076210800bc4f8b83.jpg,,3,0,moderate,no_caries,0.8287,0.82869,0.0471,0.03803,0.08618
crops/791_6.jpg,791,791_jpg.rf.46bae07392c01cb076210800bc4f8b83.jpg,,0,0,no_caries,no_caries,0.8268,0.82677,0.09776,0.03914,0.03634
crops/791_7.jpg,791,791_jpg.rf.46bae07392c01cb076210800bc4f8b83.jpg,,2,0,mild,mild,0.6577,0.0279,0.65766,0.21297,0.10147
crops/791_8.jpg,791,791_jpg.rf.46bae07392c01cb076210800bc4f8b83.jpg,,0,0,no_caries,no_caries,0.7465,0.74648,0.19078,0.03946,0.02328
crops/791_9.jpg,791,791_jpg.rf.46bae07392c01cb076210800bc4f8b83.jpg,,1,0,mild,no_caries,0.6569,0.6569,0.0928,0.19597,0.05433
crops/791_10.jpg,791,791_jpg.rf.46bae07392c01cb076210800bc4f8b83.jpg,,1,0,mild,no_caries,0.7021,0.70207,0.08059,0.15514,0.0622
crops/791_11.jpg,791,791_jpg.rf.46bae07392c01cb076210800bc4f8b83.jpg,,1,0,mild,no_caries,0.7305,0.73053,0.05161,0.15444,0.06343
crops/791_12.jpg,791,791_jpg.rf.46bae07392c01cb076210800bc4f8b83.jpg,,0,0,no_caries,no_caries,0.7883,0.7883,0.01493,0.14278,0.05399
crops/791_13.jpg,791,791_jpg.rf.46bae07392c01cb076210800bc4f8b83.jpg,,0,0,no_caries,no_caries,0.7558,0.75583,0.12319,0.07868,0.04231
crops/807_0.jpg,807,807_jpg.rf.55eca21b988655d8e7f525e7eb193ef3.jpg,,2,0,mild,moderate,0.4793,0.14286,0.26125,0.47933,0.11656
crops/807_1.jpg,807,807_jpg.rf.55eca21b988655d8e7f525e7eb193ef3.jpg,,5,0,advanced,advanced,0.4938,0.00854,0.02982,0.46784,0.4938
crops/807_2.jpg,807,807_jpg.rf.55eca21b988655d8e7f525e7eb193ef3.jpg,,5,0,advanced,advanced,0.9099,0.00414,0.01007,0.07584,0.90995
crops/807_3.jpg,807,807_jpg.rf.55eca21b988655d8e7f525e7eb193ef3.jpg,,0,0,no_caries,no_caries,0.8271,0.82713,0.11526,0.04474,0.01287
crops/807_4.jpg,807,807_jpg.rf.55eca21b988655d8e7f525e7eb193ef3.jpg,,4,0,moderate,no_caries,0.4734,0.47341,0.24125,0.26085,0.0245
crops/823_0.jpg,823,823_jpg.rf.4e21938deac13f953b12c349c189d9a4.jpg,,5,0,advanced,advanced,0.9781,0.00712,0.00427,0.01054,0.97807
crops/823_1.jpg,823,823_jpg.rf.4e21938deac13f953b12c349c189d9a4.jpg,,0,0,no_caries,no_caries,0.8441,0.8441,0.02096,0.00972,0.12523
crops/823_2.jpg,823,823_jpg.rf.4e21938deac13f953b12c349c189d9a4.jpg,,0,0,no_caries,no_caries,0.563,0.56301,0.25899,0.156,0.022
crops/823_3.jpg,823,823_jpg.rf.4e21938deac13f953b12c349c189d9a4.jpg,,0,0,no_caries,no_caries,0.9123,0.91234,0.02373,0.02744,0.03648
crops/823_4.jpg,823,823_jpg.rf.4e21938deac13f953b12c349c189d9a4.jpg,,0,0,no_caries,no_caries,0.6499,0.64988,0.21343,0.07518,0.06152
crops/823_5.jpg,823,823_jpg.rf.4e21938deac13f953b12c349c189d9a4.jpg,,0,0,no_caries,no_caries,0.6335,0.63351,0.16181,0.15589,0.04879
crops/823_6.jpg,823,823_jpg.rf.4e21938deac13f953b12c349c189d9a4.jpg,,0,0,no_caries,no_caries,0.8352,0.83523,0.0708,0.07491,0.01906
crops/823_7.jpg,823,823_jpg.rf.4e21938deac13f953b12c349c189d9a4.jpg,,0,0,no_caries,no_caries,0.5717,0.5717,0.2598,0.14655,0.02195
crops/823_8.jpg,823,823_jpg.rf.4e21938deac13f953b12c349c189d9a4.jpg,,0,0,no_caries,no_caries,0.4824,0.48239,0.2732,0.12497,0.11944
crops/823_9.jpg,823,823_jpg.rf.4e21938deac13f953b12c349c189d9a4.jpg,,0,0,no_caries,no_caries,0.8132,0.81316,0.0972,0.0477,0.04195
crops/823_10.jpg,823,823_jpg.rf.4e21938deac13f953b12c349c189d9a4.jpg,,6,0,advanced,advanced,0.924,0.01585,0.01843,0.04173,0.92399
crops/823_11.jpg,823,823_jpg.rf.4e21938deac13f953b12c349c189d9a4.jpg,,6,0,advanced,advanced,0.9508,0.01035,0.01622,0.02267,0.95077
crops/823_12.jpg,823,823_jpg.rf.4e21938deac13f953b12c349c189d9a4.jpg,,0,0,no_caries,no_caries,0.6895,0.68946,0.22544,0.02199,0.06311
crops/836_0.jpg,836,836_jpg.rf.35d532918b76ab39b6d6621a99a8f6b0.jpg,,5,0,advanced,mild,0.5234,0.03134,0.52336,0.17332,0.27198
crops/836_1.jpg,836,836_jpg.rf.35d532918b76ab39b6d6621a99a8f6b0.jpg,,5,0,advanced,moderate,0.6487,0.0232,0.15406,0.64874,0.17399
crops/836_2.jpg,836,836_jpg.rf.35d532918b76ab39b6d6621a99a8f6b0.jpg,,5,0,advanced,moderate,0.4236,0.06687,0.09197,0.42361,0.41755
crops/836_3.jpg,836,836_jpg.rf.35d532918b76ab39b6d6621a99a8f6b0.jpg,,0,0,no_caries,advanced,0.5577,0.26163,0.03356,0.14713,0.55768
crops/836_4.jpg,836,836_jpg.rf.35d532918b76ab39b6d6621a99a8f6b0.jpg,,2,0,mild,advanced,0.7524,0.03469,0.09585,0.11707,0.75239
crops/836_5.jpg,836,836_jpg.rf.35d532918b76ab39b6d6621a99a8f6b0.jpg,,1,0,mild,moderate,0.9547,0.00246,0.01333,0.95472,0.02948
crops/836_6.jpg,836,836_jpg.rf.35d532918b76ab39b6d6621a99a8f6b0.jpg,,1,0,mild,moderate,0.3915,0.01307,0.24973,0.39153,0.34567
crops/836_7.jpg,836,836_jpg.rf.35d532918b76ab39b6d6621a99a8f6b0.jpg,,3,0,moderate,advanced,0.6907,0.00319,0.06071,0.24543,0.69067
crops/836_8.jpg,836,836_jpg.rf.35d532918b76ab39b6d6621a99a8f6b0.jpg,,6,0,advanced,advanced,0.94,0.00213,0.0116,0.04623,0.94003
crops/836_9.jpg,836,836_jpg.rf.35d532918b76ab39b6d6621a99a8f6b0.jpg,,5,0,advanced,advanced,0.8569,0.0032,0.01717,0.12277,0.85687
crops/836_10.jpg,836,836_jpg.rf.35d532918b76ab39b6d6621a99a8f6b0.jpg,,6,0,advanced,advanced,0.9768,0.00304,0.0042,0.01593,0.97683
crops/836_11.jpg,836,836_jpg.rf.35d532918b76ab39b6d6621a99a8f6b0.jpg,,5,0,advanced,advanced,0.9907,0.00287,0.00412,0.00227,0.99074
crops/836_12.jpg,836,836_jpg.rf.35d532918b76ab39b6d6621a99a8f6b0.jpg,,0,0,no_caries,moderate,0.3382,0.11519,0.23139,0.33816,0.31526
crops/836_13.jpg,836,836_jpg.rf.35d532918b76ab39b6d6621a99a8f6b0.jpg,,5,0,advanced,advanced,0.4374,0.03192,0.19848,0.33222,0.43737
crops/836_14.jpg,836,836_jpg.rf.35d532918b76ab39b6d6621a99a8f6b0.jpg,,3,0,moderate,moderate,0.6252,0.00358,0.01162,0.62524,0.35956
crops/836_15.jpg,836,836_jpg.rf.35d532918b76ab39b6d6621a99a8f6b0.jpg,,4,0,moderate,advanced,0.8184,0.00813,0.08178,0.09174,0.81836
crops/843_0.jpg,843,843_jpg.rf.3bc39b12bee88f46444acded02949e2c.jpg,,1,0,mild,no_caries,0.5325,0.53253,0.03803,0.41107,0.01837
crops/843_1.jpg,843,843_jpg.rf.3bc39b12bee88f46444acded02949e2c.jpg,,1,0,mild,no_caries,0.5494,0.54936,0.18506,0.22419,0.04138
crops/843_2.jpg,843,843_jpg.rf.3bc39b12bee88f46444acded02949e2c.jpg,,3,0,moderate,advanced,0.7672,0.0204,0.13767,0.0747,0.76723
crops/843_3.jpg,843,843_jpg.rf.3bc39b12bee88f46444acded02949e2c.jpg,,3,0,moderate,moderate,0.9152,0.00238,0.05207,0.91524,0.03031
crops/843_4.jpg,843,843_jpg.rf.3bc39b12bee88f46444acded02949e2c.jpg,,3,0,moderate,advanced,0.8911,0.00627,0.00729,0.09533,0.89111
crops/843_5.jpg,843,843_jpg.rf.3bc39b12bee88f46444acded02949e2c.jpg,,1,0,mild,no_caries,0.443,0.44298,0.37769,0.0863,0.09302
crops/843_6.jpg,843,843_jpg.rf.3bc39b12bee88f46444acded02949e2c.jpg,,0,0,no_caries,no_caries,0.5769,0.5769,0.1252,0.26713,0.03077
crops/843_7.jpg,843,843_jpg.rf.3bc39b12bee88f46444acded02949e2c.jpg,,1,0,mild,no_caries,0.5569,0.55688,0.30389,0.09535,0.04388
crops/843_8.jpg,843,843_jpg.rf.3bc39b12bee88f46444acded02949e2c.jpg,,1,0,mild,no_caries,0.6924,0.69236,0.19277,0.07765,0.03721
crops/843_9.jpg,843,843_jpg.rf.3bc39b12bee88f46444acded02949e2c.jpg,,0,0,no_caries,no_caries,0.7386,0.73855,0.12389,0.07799,0.05956
crops/843_10.jpg,843,843_jpg.rf.3bc39b12bee88f46444acded02949e2c.jpg,,3,0,moderate,advanced,0.9463,0.00891,0.01037,0.03443,0.94628
crops/843_11.jpg,843,843_jpg.rf.3bc39b12bee88f46444acded02949e2c.jpg,,3,0,moderate,moderate,0.8223,0.05967,0.10498,0.82234,0.01301
crops/843_12.jpg,843,843_jpg.rf.3bc39b12bee88f46444acded02949e2c.jpg,,2,0,mild,moderate,0.911,0.04691,0.0269,0.91103,0.01516
crops/884_0.jpg,884,884_jpg.rf.97cfa7df8fc658919509e74afdfc2c8b.jpg,,5,0,advanced,moderate,0.6714,0.01682,0.03131,0.67136,0.28052
crops/884_1.jpg,884,884_jpg.rf.97cfa7df8fc658919509e74afdfc2c8b.jpg,,3,0,moderate,moderate,0.987,0.00443,0.00742,0.98702,0.00113
crops/884_2.jpg,884,884_jpg.rf.97cfa7df8fc658919509e74afdfc2c8b.jpg,,3,0,moderate,moderate,0.968,0.00108,0.00937,0.96799,0.02156
crops/884_3.jpg,884,884_jpg.rf.97cfa7df8fc658919509e74afdfc2c8b.jpg,,4,0,moderate,advanced,0.675,0.00544,0.12514,0.19446,0.67496
crops/884_4.jpg,884,884_jpg.rf.97cfa7df8fc658919509e74afdfc2c8b.jpg,,3,0,moderate,advanced,0.5007,0.01813,0.43984,0.04129,0.50074
crops/884_5.jpg,884,884_jpg.rf.97cfa7df8fc658919509e74afdfc2c8b.jpg,,3,0,moderate,advanced,0.4499,0.00376,0.1516,0.39474,0.4499
crops/884_6.jpg,884,884_jpg.rf.97cfa7df8fc658919509e74afdfc2c8b.jpg,,3,0,moderate,mild,0.9774,0.00094,0.97745,0.01669,0.00492
crops/884_7.jpg,884,884_jpg.rf.97cfa7df8fc658919509e74afdfc2c8b.jpg,,2,0,mild,mild,0.8963,0.01979,0.89627,0.01947,0.06446
crops/884_8.jpg,884,884_jpg.rf.97cfa7df8fc658919509e74afdfc2c8b.jpg,,2,0,mild,mild,0.5105,0.00048,0.51048,0.47579,0.01325
crops/884_9.jpg,884,884_jpg.rf.97cfa7df8fc658919509e74afdfc2c8b.jpg,,2,0,mild,mild,0.8681,0.01186,0.86807,0.08038,0.03969
crops/884_10.jpg,884,884_jpg.rf.97cfa7df8fc658919509e74afdfc2c8b.jpg,,2,0,mild,mild,0.8413,0.0406,0.8413,0.10809,0.01
crops/965_0.jpg,965,965_jpg.rf.b3f046529d625affd5f6ca1a068ff420.jpg,,0,0,no_caries,mild,0.9205,0.04126,0.92051,0.02565,0.01258
crops/965_1.jpg,965,965_jpg.rf.b3f046529d625affd5f6ca1a068ff420.jpg,,0,0,no_caries,mild,0.8244,0.04887,0.82438,0.08172,0.04502
crops/965_2.jpg,965,965_jpg.rf.b3f046529d625affd5f6ca1a068ff420.jpg,,3,0,moderate,mild,0.8527,0.07025,0.85273,0.01257,0.06446
crops/965_3.jpg,965,965_jpg.rf.b3f046529d625affd5f6ca1a068ff420.jpg,,5,0,advanced,advanced,0.6546,0.01462,0.21122,0.11961,0.65456
crops/965_4.jpg,965,965_jpg.rf.b3f046529d625affd5f6ca1a068ff420.jpg,,0,0,no_caries,mild,0.7796,0.06011,0.77965,0.08533,0.07491
crops/965_5.jpg,965,965_jpg.rf.b3f046529d625affd5f6ca1a068ff420.jpg,,5,0,advanced,advanced,0.9636,0.00792,0.0108,0.01766,0.96362
crops/965_6.jpg,965,965_jpg.rf.b3f046529d625affd5f6ca1a068ff420.jpg,,5,0,advanced,advanced,0.9431,0.0104,0.01269,0.0338,0.94311
crops/965_7.jpg,965,965_jpg.rf.b3f046529d625affd5f6ca1a068ff420.jpg,,5,0,advanced,advanced,0.9085,0.01855,0.04451,0.02841,0.90852
crops/965_8.jpg,965,965_jpg.rf.b3f046529d625affd5f6ca1a068ff420.jpg,,5,0,advanced,advanced,0.9717,0.00639,0.01345,0.00846,0.9717
crops/965_9.jpg,965,965_jpg.rf.b3f046529d625affd5f6ca1a068ff420.jpg,,1,0,mild,no_caries,0.4372,0.43718,0.43126,0.09913,0.03242
crops/965_10.jpg,965,965_jpg.rf.b3f046529d625affd5f6ca1a068ff420.jpg,,5,0,advanced,advanced,0.9523,0.00861,0.01204,0.027,0.95234
crops/967_0.jpg,967,967_jpg.rf.384a00b2ea5c10d5ce386e3830e2c327.jpg,,5,0,advanced,no_caries,0.4209,0.42087,0.13394,0.36937,0.07583
crops/967_1.jpg,967,967_jpg.rf.384a00b2ea5c10d5ce386e3830e2c327.jpg,,5,0,advanced,no_caries,0.4467,0.44674,0.3078,0.13933,0.10613
crops/967_2.jpg,967,967_jpg.rf.384a00b2ea5c10d5ce386e3830e2c327.jpg,,0,0,no_caries,no_caries,0.5685,0.56847,0.17868,0.18101,0.07184
crops/967_3.jpg,967,967_jpg.rf.384a00b2ea5c10d5ce386e3830e2c327.jpg,,0,0,no_caries,no_caries,0.4952,0.4952,0.39582,0.03108,0.0779
crops/967_4.jpg,967,967_jpg.rf.384a00b2ea5c10d5ce386e3830e2c327.jpg,,0,0,no_caries,no_caries,0.8787,0.87874,0.08912,0.01243,0.01971
crops/967_5.jpg,967,967_jpg.rf.384a00b2ea5c10d5ce386e3830e2c327.jpg,,0,0,no_caries,no_caries,0.8266,0.82663,0.11613,0.02203,0.0352
crops/967_6.jpg,967,967_jpg.rf.384a00b2ea5c10d5ce386e3830e2c327.jpg,,0,0,no_caries,no_caries,0.8176,0.81764,0.06037,0.06849,0.0535
crops/967_7.jpg,967,967_jpg.rf.384a00b2ea5c10d5ce386e3830e2c327.jpg,,0,0,no_caries,no_caries,0.7875,0.78748,0.10692,0.0406,0.06499
crops/967_8.jpg,967,967_jpg.rf.384a00b2ea5c10d5ce386e3830e2c327.jpg,,0,0,no_caries,no_caries,0.9241,0.92413,0.03772,0.01935,0.0188
crops/967_9.jpg,967,967_jpg.rf.384a00b2ea5c10d5ce386e3830e2c327.jpg,,0,0,no_caries,no_caries,0.8988,0.89875,0.06401,0.01199,0.02525
crops/967_10.jpg,967,967_jpg.rf.384a00b2ea5c10d5ce386e3830e2c327.jpg,,3,0,moderate,no_caries,0.4656,0.46558,0.40214,0.10657,0.02572
crops/967_11.jpg,967,967_jpg.rf.384a00b2ea5c10d5ce386e3830e2c327.jpg,,2,0,mild,mild,0.4467,0.21601,0.44666,0.28437,0.05296
crops/967_12.jpg,967,967_jpg.rf.384a00b2ea5c10d5ce386e3830e2c327.jpg,,1,0,mild,mild,0.4495,0.16174,0.44948,0.29845,0.09033
crops/967_13.jpg,967,967_jpg.rf.384a00b2ea5c10d5ce386e3830e2c327.jpg,,3,0,moderate,mild,0.4305,0.20763,0.43047,0.31876,0.04314
crops/971_0.jpg,971,971_jpg.rf.0af43d8d3db51f862059d0c024618e1d.jpg,,3,0,moderate,moderate,0.3683,0.01497,0.26017,0.36831,0.35656
crops/971_1.jpg,971,971_jpg.rf.0af43d8d3db51f862059d0c024618e1d.jpg,,3,0,moderate,mild,0.526,0.01714,0.52596,0.38582,0.07108
crops/971_2.jpg,971,971_jpg.rf.0af43d8d3db51f862059d0c024618e1d.jpg,,5,0,advanced,advanced,0.4535,0.12205,0.40072,0.0237,0.45353
crops/971_3.jpg,971,971_jpg.rf.0af43d8d3db51f862059d0c024618e1d.jpg,,5,0,advanced,advanced,0.7078,0.01668,0.27096,0.00461,0.70776
crops/971_4.jpg,971,971_jpg.rf.0af43d8d3db51f862059d0c024618e1d.jpg,,0,0,no_caries,no_caries,0.8424,0.84245,0.07544,0.02447,0.05764
crops/971_5.jpg,971,971_jpg.rf.0af43d8d3db51f862059d0c024618e1d.jpg,,0,0,no_caries,no_caries,0.8761,0.87613,0.0454,0.03065,0.04782
crops/971_6.jpg,971,971_jpg.rf.0af43d8d3db51f862059d0c024618e1d.jpg,,0,0,no_caries,no_caries,0.8156,0.81563,0.0648,0.05632,0.06325
crops/971_7.jpg,971,971_jpg.rf.0af43d8d3db51f862059d0c024618e1d.jpg,,0,0,no_caries,no_caries,0.5731,0.57308,0.13264,0.2116,0.08268
crops/971_8.jpg,971,971_jpg.rf.0af43d8d3db51f862059d0c024618e1d.jpg,,0,0,no_caries,no_caries,0.8496,0.84957,0.11817,0.00713,0.02512
crops/971_9.jpg,971,971_jpg.rf.0af43d8d3db51f862059d0c024618e1d.jpg,,0,0,no_caries,no_caries,0.7189,0.7189,0.15606,0.03615,0.08889
crops/971_10.jpg,971,971_jpg.rf.0af43d8d3db51f862059d0c024618e1d.jpg,,0,0,no_caries,no_caries,0.6482,0.64821,0.08541,0.13001,0.13638
crops/971_11.jpg,971,971_jpg.rf.0af43d8d3db51f862059d0c024618e1d.jpg,,0,0,no_caries,no_caries,0.6956,0.6956,0.13132,0.07744,0.09563
crops/971_12.jpg,971,971_jpg.rf.0af43d8d3db51f862059d0c024618e1d.jpg,,1,0,mild,no_caries,0.7459,0.74586,0.18338,0.02363,0.04713
crops/987_0.jpg,987,987_jpg.rf.ac6e59819041831c65d09d816d1fcf9d.jpg,,5,0,advanced,moderate,0.5925,0.0055,0.01423,0.59255,0.38772
crops/987_1.jpg,987,987_jpg.rf.ac6e59819041831c65d09d816d1fcf9d.jpg,,4,0,moderate,moderate,0.7539,0.01504,0.22204,0.75385,0.00907
crops/987_2.jpg,987,987_jpg.rf.ac6e59819041831c65d09d816d1fcf9d.jpg,,3,0,moderate,moderate,0.9021,0.00549,0.08821,0.90211,0.00419
crops/987_3.jpg,987,987_jpg.rf.ac6e59819041831c65d09d816d1fcf9d.jpg,,3,0,moderate,moderate,0.9283,0.00531,0.05859,0.92831,0.00778
crops/987_4.jpg,987,987_jpg.rf.ac6e59819041831c65d09d816d1fcf9d.jpg,,2,0,mild,no_caries,0.3759,0.37593,0.35527,0.13017,0.13862
crops/987_5.jpg,987,987_jpg.rf.ac6e59819041831c65d09d816d1fcf9d.jpg,,4,0,moderate,moderate,0.8738,0.00695,0.09406,0.87382,0.02518
crops/987_6.jpg,987,987_jpg.rf.ac6e59819041831c65d09d816d1fcf9d.jpg,,0,0,no_caries,no_caries,0.5607,0.56074,0.26504,0.05542,0.1188
crops/987_7.jpg,987,987_jpg.rf.ac6e59819041831c65d09d816d1fcf9d.jpg,,0,0,no_caries,no_caries,0.7345,0.73453,0.07993,0.13568,0.04987
crops/hibogi_ai_00914_png_0.jpg,hibogi_ai_00914_png,HIBOGI_AI_00914_png_jpg.rf.fa2516ee7f6bd6e563a576e3158f875b.jpg,,0,0,no_caries,no_caries,0.7996,0.79955,0.07013,0.05362,0.0767
crops/hibogi_ai_00914_png_1.jpg,hibogi_ai_00914_png,HIBOGI_AI_00914_png_jpg.rf.fa2516ee7f6bd6e563a576e3158f875b.jpg,,0,0,no_caries,no_caries,0.7825,0.78245,0.02111,0.06764,0.1288
crops/hibogi_ai_00914_png_2.jpg,hibogi_ai_00914_png,HIBOGI_AI_00914_png_jpg.rf.fa2516ee7f6bd6e563a576e3158f875b.jpg,,0,0,no_caries,no_caries,0.8139,0.81388,0.03886,0.05741,0.08985
crops/hibogi_ai_00914_png_3.jpg,hibogi_ai_00914_png,HIBOGI_AI_00914_png_jpg.rf.fa2516ee7f6bd6e563a576e3158f875b.jpg,,0,0,no_caries,no_caries,0.8084,0.80841,0.08645,0.06936,0.03578
crops/hibogi_ai_00914_png_4.jpg,hibogi_ai_00914_png,HIBOGI_AI_00914_png_jpg.rf.fa2516ee7f6bd6e563a576e3158f875b.jpg,,0,0,no_caries,no_caries,0.7681,0.76806,0.13192,0.04359,0.05644
crops/hibogi_ai_00914_png_5.jpg,hibogi_ai_00914_png,HIBOGI_AI_00914_png_jpg.rf.fa2516ee7f6bd6e563a576e3158f875b.jpg,,3,0,moderate,moderate,0.9972,0.0012,0.00037,0.99723,0.0012
crops/hibogi_ai_00914_png_6.jpg,hibogi_ai_00914_png,HIBOGI_AI_00914_png_jpg.rf.fa2516ee7f6bd6e563a576e3158f875b.jpg,,3,0,moderate,advanced,0.3824,0.34108,0.11446,0.16208,0.38237
crops/hibogi_ai_00914_png_7.jpg,hibogi_ai_00914_png,HIBOGI_AI_00914_png_jpg.rf.fa2516ee7f6bd6e563a576e3158f875b.jpg,,0,0,no_caries,no_caries,0.8299,0.82988,0.01373,0.09422,0.06217
crops/hibogi_ai_00930_png_0.jpg,hibogi_ai_00930_png,HIBOGI_AI_00930_png_jpg.rf.5411e35f49098ef62ab8249eff88479e.jpg,,0,0,no_caries,no_caries,0.7618,0.76184,0.05614,0.11964,0.06239
crops/hibogi_ai_00930_png_1.jpg,hibogi_ai_00930_png,HIBOGI_AI_00930_png_jpg.rf.5411e35f49098ef62ab8249eff88479e.jpg,,0,0,no_caries,no_caries,0.6372,0.63721,0.17524,0.1219,0.06565
crops/hibogi_ai_00930_png_2.jpg,hibogi_ai_00930_png,HIBOGI_AI_00930_png_jpg.rf.5411e35f49098ef62ab8249eff88479e.jpg,,6,0,advanced,mild,0.5425,0.06392,0.54253,0.02757,0.36598
crops/hibogi_ai_00930_png_3.jpg,hibogi_ai_00930_png,HIBOGI_AI_00930_png_jpg.rf.5411e35f49098ef62ab8249eff88479e.jpg,,6,0,advanced,no_caries,0.7229,0.72289,0.04417,0.13393,0.09902
crops/hibogi_ai_00930_png_4.jpg,hibogi_ai_00930_png,HIBOGI_AI_00930_png_jpg.rf.5411e35f49098ef62ab8249eff88479e.jpg,,2,0,mild,no_caries,0.4698,0.46981,0.10943,0.37025,0.05052
crops/hibogi_ai_00930_png_5.jpg,hibogi_ai_00930_png,HIBOGI_AI_00930_png_jpg.rf.5411e35f49098ef62ab8249eff88479e.jpg,,0,0,no_caries,no_caries,0.8294,0.8294,0.02422,0.11621,0.03017
crops/hibogi_ai_00930_png_6.jpg,hibogi_ai_00930_png,HIBOGI_AI_00930_png_jpg.rf.5411e35f49098ef62ab8249eff88479e.jpg,,0,0,no_caries,no_caries,0.6834,0.68339,0.16607,0.09613,0.05441
crops/hibogi_ai_00930_png_7.jpg,hibogi_ai_00930_png,HIBOGI_AI_00930_png_jpg.rf.5411e35f49098ef62ab8249eff88479e.jpg,,0,0,no_caries,mild,0.5366,0.38878,0.53658,0.04067,0.03396
crops/hibogi_ai_00930_png_8.jpg,hibogi_ai_00930_png,HIBOGI_AI_00930_png_jpg.rf.5411e35f49098ef62ab8249eff88479e.jpg,,0,0,no_caries,no_caries,0.7748,0.77477,0.04967,0.16247,0.01309
crops/hibogi_ai_00930_png_9.jpg,hibogi_ai_00930_png,HIBOGI_AI_00930_png_jpg.rf.5411e35f49098ef62ab8249eff88479e.jpg,,6,0,advanced,no_caries,0.5324,0.53243,0.04909,0.18208,0.2364
crops/hibogi_ai_00948_png_0.jpg,hibogi_ai_00948_png,HIBOGI_AI_00948_png_jpg.rf.f91001f033007530be1ad1b1bb6da66f.jpg,,5,0,advanced,mild,0.4067,0.18226,0.40668,0.3532,0.05787
crops/hibogi_ai_00948_png_1.jpg,hibogi_ai_00948_png,HIBOGI_AI_00948_png_jpg.rf.f91001f033007530be1ad1b1bb6da66f.jpg,,0,0,no_caries,no_caries,0.7898,0.78981,0.06945,0.06526,0.07549
crops/hibogi_ai_00948_png_2.jpg,hibogi_ai_00948_png,HIBOGI_AI_00948_png_jpg.rf.f91001f033007530be1ad1b1bb6da66f.jpg,,0,0,no_caries,no_caries,0.8402,0.84015,0.05941,0.04382,0.05662
crops/hibogi_ai_00948_png_3.jpg,hibogi_ai_00948_png,HIBOGI_AI_00948_png_jpg.rf.f91001f033007530be1ad1b1bb6da66f.jpg,,0,0,no_caries,no_caries,0.8161,0.81608,0.04942,0.0515,0.08299
crops/hibogi_ai_00948_png_4.jpg,hibogi_ai_00948_png,HIBOGI_AI_00948_png_jpg.rf.f91001f033007530be1ad1b1bb6da66f.jpg,,0,0,no_caries,no_caries,0.8546,0.85459,0.0283,0.064,0.0531
crops/hibogi_ai_00948_png_5.jpg,hibogi_ai_00948_png,HIBOGI_AI_00948_png_jpg.rf.f91001f033007530be1ad1b1bb6da66f.jpg,,0,0,no_caries,no_caries,0.907,0.907,0.05812,0.0159,0.01898
crops/hibogi_ai_00948_png_6.jpg,hibogi_ai_00948_png,HIBOGI_AI_00948_png_jpg.rf.f91001f033007530be1ad1b1bb6da66f.jpg,,0,0,no_caries,no_caries,0.7611,0.76115,0.06578,0.1035,0.06957
crops/hibogi_ai_00948_png_7.jpg,hibogi_ai_00948_png,HIBOGI_AI_00948_png_jpg.rf.f91001f033007530be1ad1b1bb6da66f.jpg,,0,0,no_caries,no_caries,0.7889,0.78892,0.13851,0.04084,0.03173
crops/hibogi_ai_00948_png_8.jpg,hibogi_ai_00948_png,HIBOGI_AI_00948_png_jpg.rf.f91001f033007530be1ad1b1bb6da66f.jpg,,0,0,no_caries,no_caries,0.8578,0.85778,0.07228,0.03352,0.03642
crops/hibogi_ai_00948_png_9.jpg,hibogi_ai_00948_png,HIBOGI_AI_00948_png_jpg.rf.f91001f033007530be1ad1b1bb6da66f.jpg,,0,0,no_caries,no_caries,0.7148,0.71479,0.19574,0.03788,0.05159
crops/hibogi_ai_00948_png_10.jpg,hibogi_ai_00948_png,HIBOGI_AI_00948_png_jpg.rf.f91001f033007530be1ad1b1bb6da66f.jpg,,0,0,no_caries,no_caries,0.7684,0.76837,0.09456,0.07884,0.05823
crops/hibogi_ai_00948_png_11.jpg,hibogi_ai_00948_png,HIBOGI_AI_00948_png_jpg.rf.f91001f033007530be1ad1b1bb6da66f.jpg,,0,0,no_caries,no_caries,0.6793,0.67928,0.23474,0.0319,0.05408
crops/hibogi_ai_01071_png_0.jpg,hibogi_ai_01071_png,HIBOGI_AI_01071_png_jpg.rf.f3521fa143d740d27c0a1565c73edf4b.jpg,,0,0,no_caries,no_caries,0.8983,0.89832,0.0345,0.03356,0.03362
crops/hibogi_ai_01071_png_1.jpg,hibogi_ai_01071_png,HIBOGI_AI_01071_png_jpg.rf.f3521fa143d740d27c0a1565c73edf4b.jpg,,0,0,no_caries,no_caries,0.9287,0.92874,0.01653,0.03211,0.02262
crops/hibogi_ai_01071_png_2.jpg,hibogi_ai_01071_png,HIBOGI_AI_01071_png_jpg.rf.f3521fa143d740d27c0a1565c73edf4b.jpg,,0,0,no_caries,no_caries,0.8718,0.87184,0.0473,0.04362,0.03725
crops/hibogi_ai_01071_png_3.jpg,hibogi_ai_01071_png,HIBOGI_AI_01071_png_jpg.rf.f3521fa143d740d27c0a1565c73edf4b.jpg,,0,0,no_caries,no_caries,0.8308,0.83076,0.05865,0.07125,0.03934
crops/hibogi_ai_01071_png_4.jpg,hibogi_ai_01071_png,HIBOGI_AI_01071_png_jpg.rf.f3521fa143d740d27c0a1565c73edf4b.jpg,,0,0,no_caries,no_caries,0.6857,0.68565,0.15012,0.08743,0.0768
crops/hibogi_ai_01071_png_5.jpg,hibogi_ai_01071_png,HIBOGI_AI_01071_png_jpg.rf.f3521fa143d740d27c0a1565c73edf4b.jpg,,0,0,no_caries,no_caries,0.8618,0.86183,0.02879,0.06117,0.04821
crops/hibogi_ai_01071_png_6.jpg,hibogi_ai_01071_png,HIBOGI_AI_01071_png_jpg.rf.f3521fa143d740d27c0a1565c73edf4b.jpg,,0,0,no_caries,no_caries,0.8684,0.86842,0.02499,0.0446,0.06199
crops/hibogi_ai_01071_png_7.jpg,hibogi_ai_01071_png,HIBOGI_AI_01071_png_jpg.rf.f3521fa143d740d27c0a1565c73edf4b.jpg,,0,0,no_caries,advanced,0.2783,0.21545,0.252,0.25426,0.27828
crops/hibogi_ai_01071_png_8.jpg,hibogi_ai_01071_png,HIBOGI_AI_01071_png_jpg.rf.f3521fa143d740d27c0a1565c73edf4b.jpg,,0,0,no_caries,no_caries,0.7958,0.79583,0.02618,0.12381,0.05418
crops/hibogi_ai_01071_png_9.jpg,hibogi_ai_01071_png,HIBOGI_AI_01071_png_jpg.rf.f3521fa143d740d27c0a1565c73edf4b.jpg,,0,0,no_caries,no_caries,0.7155,0.71553,0.08363,0.15357,0.04728
crops/hibogi_ai_01077_png_0.jpg,hibogi_ai_01077_png,HIBOGI_AI_01077_png_jpg.rf.43ce54577d952edf53dc5eda3535132a.jpg,,0,0,no_caries,no_caries,0.6659,0.66589,0.20903,0.06071,0.06437
crops/hibogi_ai_01077_png_1.jpg,hibogi_ai_01077_png,HIBOGI_AI_01077_png_jpg.rf.43ce54577d952edf53dc5eda3535132a.jpg,,0,0,no_caries,no_caries,0.7283,0.72829,0.1448,0.08816,0.03875
crops/hibogi_ai_01077_png_2.jpg,hibogi_ai_01077_png,HIBOGI_AI_01077_png_jpg.rf.43ce54577d952edf53dc5eda3535132a.jpg,,0,0,no_caries,mild,0.5598,0.32386,0.55976,0.10328,0.0131
crops/hibogi_ai_01077_png_3.jpg,hibogi_ai_01077_png,HIBOGI_AI_01077_png_jpg.rf.43ce54577d952edf53dc5eda3535132a.jpg,,5,0,advanced,advanced,0.8886,0.00508,0.00572,0.10063,0.88857
crops/hibogi_ai_01077_png_4.jpg,hibogi_ai_01077_png,HIBOGI_AI_01077_png_jpg.rf.43ce54577d952edf53dc5eda3535132a.jpg,,0,0,no_caries,no_caries,0.6618,0.66183,0.16154,0.09691,0.07972
crops/hibogi_ai_01077_png_5.jpg,hibogi_ai_01077_png,HIBOGI_AI_01077_png_jpg.rf.43ce54577d952edf53dc5eda3535132a.jpg,,0,0,no_caries,moderate,0.832,0.03762,0.06458,0.832,0.06579
crops/hibogi_ai_01077_png_6.jpg,hibogi_ai_01077_png,HIBOGI_AI_01077_png_jpg.rf.43ce54577d952edf53dc5eda3535132a.jpg,,0,0,no_caries,no_caries,0.7356,0.73558,0.08824,0.08965,0.08652
crops/hibogi_ai_01077_png_7.jpg,hibogi_ai_01077_png,HIBOGI_AI_01077_png_jpg.rf.43ce54577d952edf53dc5eda3535132a.jpg,,0,0,no_caries,no_caries,0.7178,0.71784,0.14419,0.10052,0.03744
crops/hibogi_ai_01077_png_8.jpg,hibogi_ai_01077_png,HIBOGI_AI_01077_png_jpg.rf.43ce54577d952edf53dc5eda3535132a.jpg,,0,0,no_caries,no_caries,0.5435,0.54348,0.23876,0.15451,0.06325
crops/hibogi_ai_01077_png_9.jpg,hibogi_ai_01077_png,HIBOGI_AI_01077_png_jpg.rf.43ce54577d952edf53dc5eda3535132a.jpg,,0,0,no_caries,no_caries,0.6951,0.69511,0.19367,0.06034,0.05087
crops/hibogi_ai_01077_png_10.jpg,hibogi_ai_01077_png,HIBOGI_AI_01077_png_jpg.rf.43ce54577d952edf53dc5eda3535132a.jpg,,0,0,no_caries,no_caries,0.781,0.78098,0.11295,0.0729,0.03317
crops/hibogi_ai_01077_png_11.jpg,hibogi_ai_01077_png,HIBOGI_AI_01077_png_jpg.rf.43ce54577d952edf53dc5eda3535132a.jpg,,0,0,no_caries,no_caries,0.8296,0.82962,0.07066,0.06651,0.03322
crops/hibogi_ai_01077_png_12.jpg,hibogi_ai_01077_png,HIBOGI_AI_01077_png_jpg.rf.43ce54577d952edf53dc5eda3535132a.jpg,,0,0,no_caries,no_caries,0.8857,0.88566,0.053,0.03248,0.02887
crops/hibogi_ai_01077_png_13.jpg,hibogi_ai_01077_png,HIBOGI_AI_01077_png_jpg.rf.43ce54577d952edf53dc5eda3535132a.jpg,,0,0,no_caries,no_caries,0.6532,0.65322,0.18037,0.12235,0.04406
crops/hibogi_ai_01077_png_14.jpg,hibogi_ai_01077_png,HIBOGI_AI_01077_png_jpg.rf.43ce54577d952edf53dc5eda3535132a.jpg,,0,0,no_caries,no_caries,0.7381,0.73815,0.10903,0.12087,0.03196
crops/hibogi_ai_01077_png_15.jpg,hibogi_ai_01077_png,HIBOGI_AI_01077_png_jpg.rf.43ce54577d952edf53dc5eda3535132a.jpg,,1,0,mild,no_caries,0.5766,0.57658,0.18799,0.19494,0.04049
crops/hibogi_ai_01097_0.jpg,hibogi_ai_01097,HIBOGI_AI_01097_jpg.rf.1cbb4ed30fd1b5ef931e4b48e1d066c1.jpg,,6,0,advanced,advanced,0.9526,0.01144,0.01649,0.01947,0.9526
crops/hibogi_ai_01097_1.jpg,hibogi_ai_01097,HIBOGI_AI_01097_jpg.rf.1cbb4ed30fd1b5ef931e4b48e1d066c1.jpg,,5,0,advanced,mild,0.5915,0.23401,0.59148,0.13007,0.04444
crops/hibogi_ai_01097_2.jpg,hibogi_ai_01097,HIBOGI_AI_01097_jpg.rf.1cbb4ed30fd1b5ef931e4b48e1d066c1.jpg,,0,0,no_caries,no_caries,0.7493,0.74933,0.15691,0.04347,0.0503
crops/hibogi_ai_01097_3.jpg,hibogi_ai_01097,HIBOGI_AI_01097_jpg.rf.1cbb4ed30fd1b5ef931e4b48e1d066c1.jpg,,0,0,no_caries,no_caries,0.8158,0.81576,0.06452,0.07711,0.04261
crops/hibogi_ai_01097_4.jpg,hibogi_ai_01097,HIBOGI_AI_01097_jpg.rf.1cbb4ed30fd1b5ef931e4b48e1d066c1.jpg,,0,0,no_caries,no_caries,0.8034,0.80343,0.07454,0.07469,0.04734
crops/hibogi_ai_01097_5.jpg,hibogi_ai_01097,HIBOGI_AI_01097_jpg.rf.1cbb4ed30fd1b5ef931e4b48e1d066c1.jpg,,0,0,no_caries,no_caries,0.6496,0.64958,0.22797,0.04563,0.07683
crops/hibogi_ai_01097_6.jpg,hibogi_ai_01097,HIBOGI_AI_01097_jpg.rf.1cbb4ed30fd1b5ef931e4b48e1d066c1.jpg,,0,0,no_caries,mild,0.7856,0.15988,0.78564,0.02989,0.02459
crops/hibogi_ai_01097_7.jpg,hibogi_ai_01097,HIBOGI_AI_01097_jpg.rf.1cbb4ed30fd1b5ef931e4b48e1d066c1.jpg,,0,0,no_caries,mild,0.4534,0.41614,0.45339,0.06155,0.06892
crops/hibogi_ai_01097_8.jpg,hibogi_ai_01097,HIBOGI_AI_01097_jpg.rf.1cbb4ed30fd1b5ef931e4b48e1d066c1.jpg,,0,0,no_caries,no_caries,0.7726,0.77256,0.0724,0.10474,0.0503
crops/hibogi_ai_01097_9.jpg,hibogi_ai_01097,HIBOGI_AI_01097_jpg.rf.1cbb4ed30fd1b5ef931e4b48e1d066c1.jpg,,0,0,no_caries,no_caries,0.8,0.80002,0.0925,0.05127,0.05622
crops/hibogi_ai_01097_10.jpg,hibogi_ai_01097,HIBOGI_AI_01097_jpg.rf.1cbb4ed30fd1b5ef931e4b48e1d066c1.jpg,,0,0,no_caries,no_caries,0.6574,0.65742,0.19609,0.08144,0.06505
crops/hibogi_ai_01097_11.jpg,hibogi_ai_01097,HIBOGI_AI_01097_jpg.rf.1cbb4ed30fd1b5ef931e4b48e1d066c1.jpg,,0,0,no_caries,no_caries,0.4838,0.48375,0.38398,0.05295,0.07931
crops/hibogi_ai_01097_12.jpg,hibogi_ai_01097,HIBOGI_AI_01097_jpg.rf.1cbb4ed30fd1b5ef931e4b48e1d066c1.jpg,,0,0,no_caries,mild,0.8428,0.1156,0.84282,0.01945,0.02212
crops/hibogi_ai_01097_13.jpg,hibogi_ai_01097,HIBOGI_AI_01097_jpg.rf.1cbb4ed30fd1b5ef931e4b48e1d066c1.jpg,,0,0,no_caries,no_caries,0.5318,0.53177,0.26745,0.1273,0.07348
crops/hibogi_ai_01145_png_0.jpg,hibogi_ai_01145_png,HIBOGI_AI_01145_png_jpg.rf.132c6d6fc197a559691aa8d8ec683f1e.jpg,,0,0,no_caries,no_caries,0.6736,0.67362,0.15452,0.13736,0.03451
crops/hibogi_ai_01145_png_1.jpg,hibogi_ai_01145_png,HIBOGI_AI_01145_png_jpg.rf.132c6d6fc197a559691aa8d8ec683f1e.jpg,,0,0,no_caries,no_caries,0.7435,0.74348,0.11267,0.1038,0.04006
crops/hibogi_ai_01145_png_2.jpg,hibogi_ai_01145_png,HIBOGI_AI_01145_png_jpg.rf.132c6d6fc197a559691aa8d8ec683f1e.jpg,,3,0,moderate,moderate,0.6613,0.02093,0.25628,0.66129,0.0615
crops/hibogi_ai_01145_png_3.jpg,hibogi_ai_01145_png,HIBOGI_AI_01145_png_jpg.rf.132c6d6fc197a559691aa8d8ec683f1e.jpg,,0,0,no_caries,no_caries,0.6845,0.68454,0.20267,0.09105,0.02174
crops/hibogi_ai_01145_png_4.jpg,hibogi_ai_01145_png,HIBOGI_AI_01145_png_jpg.rf.132c6d6fc197a559691aa8d8ec683f1e.jpg,,3,0,moderate,moderate,0.5981,0.11558,0.26303,0.59811,0.02327
crops/hibogi_ai_01145_png_5.jpg,hibogi_ai_01145_png,HIBOGI_AI_01145_png_jpg.rf.132c6d6fc197a559691aa8d8ec683f1e.jpg,,6,0,advanced,advanced,0.884,0.01605,0.02682,0.07316,0.88396
crops/hibogi_ai_01369_png_0.jpg,hibogi_ai_01369_png,HIBOGI_AI_01369_png_jpg.rf.a16e7b7b3af35c3b66498a61bd9d1edb.jpg,,0,0,no_caries,mild,0.5577,0.31878,0.55774,0.06393,0.05955
crops/hibogi_ai_01369_png_1.jpg,hibogi_ai_01369_png,HIBOGI_AI_01369_png_jpg.rf.a16e7b7b3af35c3b66498a61bd9d1edb.jpg,,0,0,no_caries,no_caries,0.5786,0.57859,0.26846,0.0994,0.05355
crops/hibogi_ai_01369_png_2.jpg,hibogi_ai_01369_png,HIBOGI_AI_01369_png_jpg.rf.a16e7b7b3af35c3b66498a61bd9d1edb.jpg,,0,0,no_caries,no_caries,0.6924,0.69237,0.17505,0.04514,0.08744
crops/hibogi_ai_01369_png_3.jpg,hibogi_ai_01369_png,HIBOGI_AI_01369_png_jpg.rf.a16e7b7b3af35c3b66498a61bd9d1edb.jpg,,0,0,no_caries,no_caries,0.8324,0.8324,0.07252,0.03351,0.06157
crops/hibogi_ai_01369_png_4.jpg,hibogi_ai_01369_png,HIBOGI_AI_01369_png_jpg.rf.a16e7b7b3af35c3b66498a61bd9d1edb.jpg,,0,0,no_caries,no_caries,0.8945,0.89451,0.04614,0.02852,0.03083
crops/hibogi_ai_01369_png_5.jpg,hibogi_ai_01369_png,HIBOGI_AI_01369_png_jpg.rf.a16e7b7b3af35c3b66498a61bd9d1edb.jpg,,0,0,no_caries,no_caries,0.3311,0.33112,0.12122,0.30476,0.24291
crops/hibogi_ai_01369_png_6.jpg,hibogi_ai_01369_png,HIBOGI_AI_01369_png_jpg.rf.a16e7b7b3af35c3b66498a61bd9d1edb.jpg,,6,0,advanced,advanced,0.958,0.01058,0.00876,0.02267,0.95799
crops/hibogi_ai_01369_png_7.jpg,hibogi_ai_01369_png,HIBOGI_AI_01369_png_jpg.rf.a16e7b7b3af35c3b66498a61bd9d1edb.jpg,,0,0,no_caries,no_caries,0.4274,0.42736,0.33205,0.16952,0.07107
crops/hibogi_ai_01369_png_8.jpg,hibogi_ai_01369_png,HIBOGI_AI_01369_png_jpg.rf.a16e7b7b3af35c3b66498a61bd9d1edb.jpg,,6,0,advanced,mild,0.5068,0.01158,0.5068,0.11195,0.36967
crops/hibogi_ai_01384_png_0.jpg,hibogi_ai_01384_png,HIBOGI_AI_01384_png_jpg.rf.96b8d9516b46df47892b5277f245886e.jpg,,3,0,moderate,moderate,0.6682,0.05844,0.20475,0.66816,0.06865
crops/hibogi_ai_01384_png_1.jpg,hibogi_ai_01384_png,HIBOGI_AI_01384_png_jpg.rf.96b8d9516b46df47892b5277f245886e.jpg,,2,0,mild,no_caries,0.4822,0.48224,0.42021,0.06352,0.03403
crops/hibogi_ai_01384_png_2.jpg,hibogi_ai_01384_png,HIBOGI_AI_01384_png_jpg.rf.96b8d9516b46df47892b5277f245886e.jpg,,3,0,moderate,moderate,0.9477,0.00443,0.03185,0.94768,0.01604
crops/hibogi_ai_01384_png_3.jpg,hibogi_ai_01384_png,HIBOGI_AI_01384_png_jpg.rf.96b8d9516b46df47892b5277f245886e.jpg,,0,0,no_caries,no_caries,0.8658,0.86581,0.04161,0.03057,0.062
crops/hibogi_ai_01384_png_4.jpg,hibogi_ai_01384_png,HIBOGI_AI_01384_png_jpg.rf.96b8d9516b46df47892b5277f245886e.jpg,,0,0,no_caries,no_caries,0.9169,0.91694,0.02115,0.03055,0.03136
crops/hibogi_ai_01384_png_5.jpg,hibogi_ai_01384_png,HIBOGI_AI_01384_png_jpg.rf.96b8d9516b46df47892b5277f245886e.jpg,,2,0,mild,mild,0.6685,0.27753,0.66855,0.03411,0.01981
crops/hibogi_ai_01384_png_6.jpg,hibogi_ai_01384_png,HIBOGI_AI_01384_png_jpg.rf.96b8d9516b46df47892b5277f245886e.jpg,,3,0,moderate,no_caries,0.8374,0.8374,0.08263,0.04218,0.0378
crops/hibogi_ai_01384_png_7.jpg,hibogi_ai_01384_png,HIBOGI_AI_01384_png_jpg.rf.96b8d9516b46df47892b5277f245886e.jpg,,2,0,mild,no_caries,0.558,0.558,0.37743,0.03202,0.03256
crops/hibogi_ai_01515_png_0.jpg,hibogi_ai_01515_png,HIBOGI_AI_01515_png_jpg.rf.39fb49856f42dff413e00baca095ee48.jpg,,0,0,no_caries,no_caries,0.787,0.787,0.08322,0.10092,0.02886
crops/hibogi_ai_01515_png_1.jpg,hibogi_ai_01515_png,HIBOGI_AI_01515_png_jpg.rf.39fb49856f42dff413e00baca095ee48.jpg,,6,0,advanced,advanced,0.9534,0.00837,0.01045,0.02782,0.95337
crops/hibogi_ai_01515_png_2.jpg,hibogi_ai_01515_png,HIBOGI_AI_01515_png_jpg.rf.39fb49856f42dff413e00baca095ee48.jpg,,0,0,no_caries,mild,0.4847,0.31111,0.48471,0.03395,0.17024
crops/hibogi_ai_01515_png_3.jpg,hibogi_ai_01515_png,HIBOGI_AI_01515_png_jpg.rf.39fb49856f42dff413e00baca095ee48.jpg,,0,0,no_caries,no_caries,0.8101,0.81013,0.08283,0.05751,0.04954
crops/hibogi_ai_01515_png_4.jpg,hibogi_ai_01515_png,HIBOGI_AI_01515_png_jpg.rf.39fb49856f42dff413e00baca095ee48.jpg,,0,0,no_caries,no_caries,0.843,0.84299,0.07397,0.04615,0.03689
crops/hibogi_ai_01515_png_5.jpg,hibogi_ai_01515_png,HIBOGI_AI_01515_png_jpg.rf.39fb49856f42dff413e00baca095ee48.jpg,,0,0,no_caries,no_caries,0.9102,0.91022,0.02057,0.03753,0.03168
crops/hibogi_ai_01515_png_6.jpg,hibogi_ai_01515_png,HIBOGI_AI_01515_png_jpg.rf.39fb49856f42dff413e00baca095ee48.jpg,,0,0,no_caries,no_caries,0.8408,0.84083,0.03844,0.0696,0.05112
crops/hibogi_ai_01515_png_7.jpg,hibogi_ai_01515_png,HIBOGI_AI_01515_png_jpg.rf.39fb49856f42dff413e00baca095ee48.jpg,,0,0,no_caries,mild,0.4234,0.22498,0.42335,0.32146,0.03021
crops/hibogi_ai_01515_png_8.jpg,hibogi_ai_01515_png,HIBOGI_AI_01515_png_jpg.rf.39fb49856f42dff413e00baca095ee48.jpg,,0,0,no_caries,no_caries,0.7917,0.79171,0.04854,0.10078,0.05896
crops/hibogi_ai_01515_png_9.jpg,hibogi_ai_01515_png,HIBOGI_AI_01515_png_jpg.rf.39fb49856f42dff413e00baca095ee48.jpg,,0,0,no_caries,no_caries,0.7866,0.78658,0.06024,0.07198,0.0812
crops/hibogi_ai_01515_png_10.jpg,hibogi_ai_01515_png,HIBOGI_AI_01515_png_jpg.rf.39fb49856f42dff413e00baca095ee48.jpg,,0,0,no_caries,no_caries,0.7535,0.75352,0.05024,0.1383,0.05794
crops/hibogi_ai_01515_png_11.jpg,hibogi_ai_01515_png,HIBOGI_AI_01515_png_jpg.rf.39fb49856f42dff413e00baca095ee48.jpg,,0,0,no_caries,no_caries,0.8436,0.8436,0.02759,0.09384,0.03497
crops/hibogi_ai_01515_png_12.jpg,hibogi_ai_01515_png,HIBOGI_AI_01515_png_jpg.rf.39fb49856f42dff413e00baca095ee48.jpg,,0,0,no_caries,no_caries,0.7462,0.74621,0.07069,0.11766,0.06544
crops/hibogi_ai_01515_png_13.jpg,hibogi_ai_01515_png,HIBOGI_AI_01515_png_jpg.rf.39fb49856f42dff413e00baca095ee48.jpg,,0,0,no_caries,no_caries,0.7375,0.73746,0.06759,0.11224,0.08271
crops/hibogi_ai_01515_png_14.jpg,hibogi_ai_01515_png,HIBOGI_AI_01515_png_jpg.rf.39fb49856f42dff413e00baca095ee48.jpg,,0,0,no_caries,no_caries,0.6284,0.62843,0.19144,0.13487,0.04526
crops/hibogi_ai_01680_png_0.jpg,hibogi_ai_01680_png,HIBOGI_AI_01680_png_jpg.rf.8e87697fe96cc04ba0f18e60560129fd.jpg,,1,0,mild,no_caries,0.6761,0.67608,0.15372,0.11376,0.05643
crops/hibogi_ai_01680_png_1.jpg,hibogi_ai_01680_png,HIBOGI_AI_01680_png_jpg.rf.8e87697fe96cc04ba0f18e60560129fd.jpg,,1,0,mild,moderate,0.4393,0.27408,0.20218,0.43926,0.08448
crops/hibogi_ai_01680_png_2.jpg,hibogi_ai_01680_png,HIBOGI_AI_01680_png_jpg.rf.8e87697fe96cc04ba0f18e60560129fd.jpg,,6,0,advanced,moderate,0.8835,0.0024,0.02245,0.88348,0.09167
crops/hibogi_ai_01680_png_3.jpg,hibogi_ai_01680_png,HIBOGI_AI_01680_png_jpg.rf.8e87697fe96cc04ba0f18e60560129fd.jpg,,0,0,no_caries,no_caries,0.5569,0.55694,0.33826,0.07245,0.03235
crops/hibogi_ai_01680_png_4.jpg,hibogi_ai_01680_png,HIBOGI_AI_01680_png_jpg.rf.8e87697fe96cc04ba0f18e60560129fd.jpg,,0,0,no_caries,no_caries,0.8228,0.82275,0.06513,0.05893,0.05319
crops/hibogi_ai_01680_png_5.jpg,hibogi_ai_01680_png,HIBOGI_AI_01680_png_jpg.rf.8e87697fe96cc04ba0f18e60560129fd.jpg,,0,0,no_caries,no_caries,0.8448,0.84475,0.04539,0.05777,0.05208
crops/hibogi_ai_01680_png_6.jpg,hibogi_ai_01680_png,HIBOGI_AI_01680_png_jpg.rf.8e87697fe96cc04ba0f18e60560129fd.jpg,,0,0,no_caries,no_caries,0.8731,0.87307,0.03347,0.05186,0.04159
crops/hibogi_ai_01680_png_7.jpg,hibogi_ai_01680_png,HIBOGI_AI_01680_png_jpg.rf.8e87697fe96cc04ba0f18e60560129fd.jpg,,0,0,no_caries,no_caries,0.867,0.86702,0.0328,0.05701,0.04317
crops/hibogi_ai_01680_png_8.jpg,hibogi_ai_01680_png,HIBOGI_AI_01680_png_jpg.rf.8e87697fe96cc04ba0f18e60560129fd.jpg,,0,0,no_caries,no_caries,0.8167,0.81665,0.04227,0.09295,0.04813
crops/hibogi_ai_01680_png_9.jpg,hibogi_ai_01680_png,HIBOGI_AI_01680_png_jpg.rf.8e87697fe96cc04ba0f18e60560129fd.jpg,,0,0,no_caries,no_caries,0.7414,0.74136,0.12577,0.07766,0.05522
crops/hibogi_ai_01680_png_10.jpg,hibogi_ai_01680_png,HIBOGI_AI_01680_png_jpg.rf.8e87697fe96cc04ba0f18e60560129fd.jpg,,2,0,mild,mild,0.7678,0.14411,0.76782,0.05133,0.03674
crops/hibogi_ai_01680_png_11.jpg,hibogi_ai_01680_png,HIBOGI_AI_01680_png_jpg.rf.8e87697fe96cc04ba0f18e60560129fd.jpg,,5,0,advanced,moderate,0.5026,0.00097,0.03662,0.50258,0.45983
crops/hibogi_ai_01680_png_12.jpg,hibogi_ai_01680_png,HIBOGI_AI_01680_png_jpg.rf.8e87697fe96cc04ba0f18e60560129fd.jpg,,3,0,moderate,mild,0.6126,0.01295,0.61259,0.36832,0.00614
crops/hibogi_ai_01680_png_13.jpg,hibogi_ai_01680_png,HIBOGI_AI_01680_png_jpg.rf.8e87697fe96cc04ba0f18e60560129fd.jpg,,2,0,mild,mild,0.755,0.09903,0.75503,0.10071,0.04523
crops/hibogi_ai_01771_png_0.jpg,hibogi_ai_01771_png,HIBOGI_AI_01771_png_jpg.rf.d6ee2e8a26d439f52d83862b5454bd0f.jpg,,0,0,no_caries,no_caries,0.7069,0.70692,0.07465,0.07634,0.14209
crops/hibogi_ai_01771_png_1.jpg,hibogi_ai_01771_png,HIBOGI_AI_01771_png_jpg.rf.d6ee2e8a26d439f52d83862b5454bd0f.jpg,,3,0,moderate,no_caries,0.8298,0.82984,0.07678,0.03712,0.05626
crops/hibogi_ai_01771_png_2.jpg,hibogi_ai_01771_png,HIBOGI_AI_01771_png_jpg.rf.d6ee2e8a26d439f52d83862b5454bd0f.jpg,,0,0,no_caries,no_caries,0.7874,0.78739,0.11845,0.05228,0.04189
crops/hibogi_ai_01771_png_3.jpg,hibogi_ai_01771_png,HIBOGI_AI_01771_png_jpg.rf.d6ee2e8a26d439f52d83862b5454bd0f.jpg,,3,0,moderate,moderate,0.468,0.19759,0.28674,0.46802,0.04766
crops/hibogi_ai_01771_png_4.jpg,hibogi_ai_01771_png,HIBOGI_AI_01771_png_jpg.rf.d6ee2e8a26d439f52d83862b5454bd0f.jpg,,0,0,no_caries,no_caries,0.7396,0.73956,0.04893,0.13617,0.07534
crops/hibogi_ai_01771_png_5.jpg,hibogi_ai_01771_png,HIBOGI_AI_01771_png_jpg.rf.d6ee2e8a26d439f52d83862b5454bd0f.jpg,,0,0,no_caries,no_caries,0.7737,0.77373,0.07485,0.06476,0.08666
crops/hibogi_ai_01771_png_6.jpg,hibogi_ai_01771_png,HIBOGI_AI_01771_png_jpg.rf.d6ee2e8a26d439f52d83862b5454bd0f.jpg,,5,0,advanced,moderate,0.8807,0.00439,0.00449,0.88071,0.11041
crops/hibogi_ai_01771_png_7.jpg,hibogi_ai_01771_png,HIBOGI_AI_01771_png_jpg.rf.d6ee2e8a26d439f52d83862b5454bd0f.jpg,,0,0,no_caries,no_caries,0.7761,0.77607,0.02002,0.09836,0.10555
crops/hibogi_ai_01771_png_8.jpg,hibogi_ai_01771_png,HIBOGI_AI_01771_png_jpg.rf.d6ee2e8a26d439f52d83862b5454bd0f.jpg,,0,0,no_caries,no_caries,0.7682,0.76825,0.12695,0.06568,0.03913
crops/hibogi_ai_01771_png_9.jpg,hibogi_ai_01771_png,HIBOGI_AI_01771_png_jpg.rf.d6ee2e8a26d439f52d83862b5454bd0f.jpg,,0,0,no_caries,no_caries,0.7621,0.76211,0.15377,0.04672,0.0374
crops/hibogi_ai_01771_png_10.jpg,hibogi_ai_01771_png,HIBOGI_AI_01771_png_jpg.rf.d6ee2e8a26d439f52d83862b5454bd0f.jpg,,0,0,no_caries,no_caries,0.8084,0.80835,0.11504,0.04564,0.03097
crops/hibogi_ai_01771_png_11.jpg,hibogi_ai_01771_png,HIBOGI_AI_01771_png_jpg.rf.d6ee2e8a26d439f52d83862b5454bd0f.jpg,,0,0,no_caries,no_caries,0.8441,0.84411,0.06535,0.04446,0.04608
crops/hibogi_ai_01771_png_12.jpg,hibogi_ai_01771_png,HIBOGI_AI_01771_png_jpg.rf.d6ee2e8a26d439f52d83862b5454bd0f.jpg,,0,0,no_caries,no_caries,0.7206,0.72059,0.10802,0.08806,0.08333
crops/hibogi_ai_01771_png_13.jpg,hibogi_ai_01771_png,HIBOGI_AI_01771_png_jpg.rf.d6ee2e8a26d439f52d83862b5454bd0f.jpg,,0,0,no_caries,no_caries,0.7754,0.77536,0.07295,0.10556,0.04614
crops/hibogi_ai_01771_png_14.jpg,hibogi_ai_01771_png,HIBOGI_AI_01771_png_jpg.rf.d6ee2e8a26d439f52d83862b5454bd0f.jpg,,0,0,no_caries,no_caries,0.7858,0.78584,0.06432,0.0983,0.05154
crops/hibogi_ai_01771_png_15.jpg,hibogi_ai_01771_png,HIBOGI_AI_01771_png_jpg.rf.d6ee2e8a26d439f52d83862b5454bd0f.jpg,,0,0,no_caries,no_caries,0.6947,0.69468,0.17485,0.07523,0.05524
crops/hibogi_ai_01771_png_16.jpg,hibogi_ai_01771_png,HIBOGI_AI_01771_png_jpg.rf.d6ee2e8a26d439f52d83862b5454bd0f.jpg,,0,0,no_caries,no_caries,0.841,0.84098,0.04157,0.04444,0.07302
crops/hibogi_ai_01771_png_17.jpg,hibogi_ai_01771_png,HIBOGI_AI_01771_png_jpg.rf.d6ee2e8a26d439f52d83862b5454bd0f.jpg,,0,0,no_caries,no_caries,0.7643,0.76431,0.13174,0.04232,0.06164
crops/hibogi_ai_01889_png_0.jpg,hibogi_ai_01889_png,HIBOGI_AI_01889_png_jpg.rf.be9161cba90689ccfc9137b8c1b4cfd0.jpg,,6,0,advanced,mild,0.4359,0.11446,0.43589,0.38623,0.06342
crops/hibogi_ai_01889_png_1.jpg,hibogi_ai_01889_png,HIBOGI_AI_01889_png_jpg.rf.be9161cba90689ccfc9137b8c1b4cfd0.jpg,,4,0,moderate,moderate,0.6904,0.13549,0.1488,0.6904,0.02531
crops/hibogi_ai_01889_png_2.jpg,hibogi_ai_01889_png,HIBOGI_AI_01889_png_jpg.rf.be9161cba90689ccfc9137b8c1b4cfd0.jpg,,1,0,mild,mild,0.797,0.09402,0.797,0.07973,0.02925
crops/hibogi_ai_01889_png_3.jpg,hibogi_ai_01889_png,HIBOGI_AI_01889_png_jpg.rf.be9161cba90689ccfc9137b8c1b4cfd0.jpg,,0,0,no_caries,no_caries,0.6139,0.61394,0.24735,0.07026,0.06845
crops/hibogi_ai_01889_png_4.jpg,hibogi_ai_01889_png,HIBOGI_AI_01889_png_jpg.rf.be9161cba90689ccfc9137b8c1b4cfd0.jpg,,0,0,no_caries,mild,0.5677,0.25229,0.56768,0.14477,0.03526
crops/hibogi_ai_01889_png_5.jpg,hibogi_ai_01889_png,HIBOGI_AI_01889_png_jpg.rf.be9161cba90689ccfc9137b8c1b4cfd0.jpg,,0,0,no_caries,no_caries,0.6417,0.64172,0.24912,0.0549,0.05426
crops/hibogi_ai_01889_png_6.jpg,hibogi_ai_01889_png,HIBOGI_AI_01889_png_jpg.rf.be9161cba90689ccfc9137b8c1b4cfd0.jpg,,0,0,no_caries,mild,0.582,0.34529,0.58204,0.05451,0.01815
crops/hibogi_ai_01889_png_7.jpg,hibogi_ai_01889_png,HIBOGI_AI_01889_png_jpg.rf.be9161cba90689ccfc9137b8c1b4cfd0.jpg,,0,0,no_caries,no_caries,0.5957,0.59572,0.18937,0.19059,0.02432
crops/hibogi_ai_01889_png_8.jpg,hibogi_ai_01889_png,HIBOGI_AI_01889_png_jpg.rf.be9161cba90689ccfc9137b8c1b4cfd0.jpg,,0,0,no_caries,no_caries,0.7096,0.70964,0.11196,0.08487,0.09353
crops/hibogi_ai_01889_png_9.jpg,hibogi_ai_01889_png,HIBOGI_AI_01889_png_jpg.rf.be9161cba90689ccfc9137b8c1b4cfd0.jpg,,0,0,no_caries,no_caries,0.6597,0.65972,0.09198,0.19814,0.05016
crops/hibogi_ai_01889_png_10.jpg,hibogi_ai_01889_png,HIBOGI_AI_01889_png_jpg.rf.be9161cba90689ccfc9137b8c1b4cfd0.jpg,,0,0,no_caries,no_caries,0.7786,0.77855,0.08633,0.05211,0.08301
crops/hibogi_ai_01889_png_11.jpg,hibogi_ai_01889_png,HIBOGI_AI_01889_png_jpg.rf.be9161cba90689ccfc9137b8c1b4cfd0.jpg,,5,0,advanced,advanced,0.805,0.07691,0.01759,0.10048,0.80502
crops/hibogi_ai_01889_png_12.jpg,hibogi_ai_01889_png,HIBOGI_AI_01889_png_jpg.rf.be9161cba90689ccfc9137b8c1b4cfd0.jpg,,5,0,advanced,advanced,0.8781,0.0214,0.05226,0.04825,0.87809
crops/hibogi_ai_01909_png_0.jpg,hibogi_ai_01909_png,HIBOGI_AI_01909_png_jpg.rf.7ae45c781971df002090d3ef58c89e48.jpg,,0,0,no_caries,no_caries,0.8549,0.85485,0.07709,0.02333,0.04472
crops/hibogi_ai_01909_png_1.jpg,hibogi_ai_01909_png,HIBOGI_AI_01909_png_jpg.rf.7ae45c781971df002090d3ef58c89e48.jpg,,0,0,no_caries,no_caries,0.781,0.78104,0.12541,0.04951,0.04404
crops/hibogi_ai_01909_png_2.jpg,hibogi_ai_01909_png,HIBOGI_AI_01909_png_jpg.rf.7ae45c781971df002090d3ef58c89e48.jpg,,2,0,mild,mild,0.5598,0.30481,0.55981,0.07422,0.06116
crops/hibogi_ai_01909_png_3.jpg,hibogi_ai_01909_png,HIBOGI_AI_01909_png_jpg.rf.7ae45c781971df002090d3ef58c89e48.jpg,,2,0,mild,no_caries,0.7705,0.77055,0.14898,0.03865,0.04183
crops/hibogi_ai_01909_png_4.jpg,hibogi_ai_01909_png,HIBOGI_AI_01909_png_jpg.rf.7ae45c781971df002090d3ef58c89e48.jpg,,0,0,no_caries,no_caries,0.6567,0.65672,0.20635,0.0882,0.04873
crops/hibogi_ai_01913_png_0.jpg,hibogi_ai_01913_png,HIBOGI_AI_01913_png_jpg.rf.390d4ec51dcef9b0ef092c88cf42c56c.jpg,,2,0,mild,mild,0.8899,0.04152,0.88991,0.06213,0.00643
crops/hibogi_ai_01913_png_1.jpg,hibogi_ai_01913_png,HIBOGI_AI_01913_png_jpg.rf.390d4ec51dcef9b0ef092c88cf42c56c.jpg,,2,0,mild,mild,0.9557,0.03614,0.95572,0.00669,0.00145
crops/hibogi_ai_01913_png_2.jpg,hibogi_ai_01913_png,HIBOGI_AI_01913_png_jpg.rf.390d4ec51dcef9b0ef092c88cf42c56c.jpg,,2,0,mild,mild,0.9518,0.03433,0.95177,0.00663,0.00727
crops/hibogi_ai_01913_png_3.jpg,hibogi_ai_01913_png,HIBOGI_AI_01913_png_jpg.rf.390d4ec51dcef9b0ef092c88cf42c56c.jpg,,2,0,mild,mild,0.4935,0.10278,0.49353,0.24998,0.1537
crops/hibogi_ai_01913_png_4.jpg,hibogi_ai_01913_png,HIBOGI_AI_01913_png_jpg.rf.390d4ec51dcef9b0ef092c88cf42c56c.jpg,,0,0,no_caries,mild,0.9146,0.04573,0.91458,0.03096,0.00873
crops/hibogi_ai_01913_png_5.jpg,hibogi_ai_01913_png,HIBOGI_AI_01913_png_jpg.rf.390d4ec51dcef9b0ef092c88cf42c56c.jpg,,3,0,moderate,moderate,0.9358,0.00314,0.00702,0.93583,0.05401
crops/hibogi_ai_01913_png_6.jpg,hibogi_ai_01913_png,HIBOGI_AI_01913_png_jpg.rf.390d4ec51dcef9b0ef092c88cf42c56c.jpg,,6,0,advanced,advanced,0.3843,0.29683,0.16928,0.14963,0.38426
crops/hibogi_ai_01913_png_7.jpg,hibogi_ai_01913_png,HIBOGI_AI_01913_png_jpg.rf.390d4ec51dcef9b0ef092c88cf42c56c.jpg,,2,0,mild,no_caries,0.5738,0.57376,0.21908,0.0452,0.16196
crops/hibogi_ai_01913_png_8.jpg,hibogi_ai_01913_png,HIBOGI_AI_01913_png_jpg.rf.390d4ec51dcef9b0ef092c88cf42c56c.jpg,,5,0,advanced,moderate,0.555,0.10498,0.11422,0.55497,0.22583
crops/hibogi_ai_01913_png_9.jpg,hibogi_ai_01913_png,HIBOGI_AI_01913_png_jpg.rf.390d4ec51dcef9b0ef092c88cf42c56c.jpg,,6,0,advanced,advanced,0.5049,0.00459,0.23207,0.25842,0.50492
crops/hibogi_ai_01913_png_10.jpg,hibogi_ai_01913_png,HIBOGI_AI_01913_png_jpg.rf.390d4ec51dcef9b0ef092c88cf42c56c.jpg,,0,0,no_caries,no_caries,0.6191,0.61909,0.1193,0.06573,0.19587
crops/hibogi_ai_01913_png_11.jpg,hibogi_ai_01913_png,HIBOGI_AI_01913_png_jpg.rf.390d4ec51dcef9b0ef092c88cf42c56c.jpg,,0,0,no_caries,no_caries,0.4509,0.45085,0.23267,0.27598,0.04049
crops/hibogi_ai_01913_png_12.jpg,hibogi_ai_01913_png,HIBOGI_AI_01913_png_jpg.rf.390d4ec51dcef9b0ef092c88cf42c56c.jpg,,0,0,no_caries,no_caries,0.6152,0.6152,0.30388,0.05701,0.02391
crops/hibogi_ai_01913_png_13.jpg,hibogi_ai_01913_png,HIBOGI_AI_01913_png_jpg.rf.390d4ec51dcef9b0ef092c88cf42c56c.jpg,,0,0,no_caries,no_caries,0.6054,0.60538,0.26116,0.08733,0.04613
crops/hibogi_ai_01913_png_14.jpg,hibogi_ai_01913_png,HIBOGI_AI_01913_png_jpg.rf.390d4ec51dcef9b0ef092c88cf42c56c.jpg,,0,0,no_caries,no_caries,0.8022,0.80216,0.07709,0.08555,0.03521
crops/hibogi_ai_01913_png_15.jpg,hibogi_ai_01913_png,HIBOGI_AI_01913_png_jpg.rf.390d4ec51dcef9b0ef092c88cf42c56c.jpg,,0,0,no_caries,mild,0.4519,0.44901,0.45194,0.05652,0.04252
crops/hibogi_ai_01913_png_16.jpg,hibogi_ai_01913_png,HIBOGI_AI_01913_png_jpg.rf.390d4ec51dcef9b0ef092c88cf42c56c.jpg,,0,0,no_caries,mild,0.5168,0.04755,0.5168,0.35356,0.08209
crops/hibogi_ai_01913_png_17.jpg,hibogi_ai_01913_png,HIBOGI_AI_01913_png_jpg.rf.390d4ec51dcef9b0ef092c88cf42c56c.jpg,,0,0,no_caries,no_caries,0.7233,0.72329,0.19441,0.02263,0.05967
crops/hibogi_ai_01913_png_18.jpg,hibogi_ai_01913_png,HIBOGI_AI_01913_png_jpg.rf.390d4ec51dcef9b0ef092c88cf42c56c.jpg,,6,0,advanced,moderate,0.4203,0.13538,0.0911,0.42027,0.35325
crops/hibogi_ai_01920_png_0.jpg,hibogi_ai_01920_png,HIBOGI_AI_01920_png_jpg.rf.f9a983f236d4502adeb553b453ff8e2d.jpg,,0,0,no_caries,no_caries,0.9065,0.90648,0.03425,0.03182,0.02745
crops/hibogi_ai_01920_png_1.jpg,hibogi_ai_01920_png,HIBOGI_AI_01920_png_jpg.rf.f9a983f236d4502adeb553b453ff8e2d.jpg,,6,0,advanced,advanced,0.9772,0.00688,0.00942,0.00652,0.97717
crops/hibogi_ai_01920_png_2.jpg,hibogi_ai_01920_png,HIBOGI_AI_01920_png_jpg.rf.f9a983f236d4502adeb553b453ff8e2d.jpg,,5,0,advanced,advanced,0.9133,0.02773,0.03015,0.02879,0.91333
crops/hibogi_ai_01920_png_3.jpg,hibogi_ai_01920_png,HIBOGI_AI_01920_png_jpg.rf.f9a983f236d4502adeb553b453ff8e2d.jpg,,5,0,advanced,advanced,0.9086,0.02724,0.0244,0.03976,0.9086
crops/hibogi_ai_01920_png_4.jpg,hibogi_ai_01920_png,HIBOGI_AI_01920_png_jpg.rf.f9a983f236d4502adeb553b453ff8e2d.jpg,,1,0,mild,no_caries,0.3446,0.3446,0.22625,0.11447,0.31468
crops/hibogi_ai_01920_png_5.jpg,hibogi_ai_01920_png,HIBOGI_AI_01920_png_jpg.rf.f9a983f236d4502adeb553b453ff8e2d.jpg,,1,0,mild,no_caries,0.7137,0.71371,0.12575,0.08679,0.07375
crops/hibogi_ai_01920_png_6.jpg,hibogi_ai_01920_png,HIBOGI_AI_01920_png_jpg.rf.f9a983f236d4502adeb553b453ff8e2d.jpg,,1,0,mild,no_caries,0.7029,0.70286,0.12603,0.10378,0.06732
crops/hibogi_ai_01920_png_7.jpg,hibogi_ai_01920_png,HIBOGI_AI_01920_png_jpg.rf.f9a983f236d4502adeb553b453ff8e2d.jpg,,1,0,mild,no_caries,0.8137,0.81374,0.04747,0.07956,0.05923
crops/hibogi_ai_01920_png_8.jpg,hibogi_ai_01920_png,HIBOGI_AI_01920_png_jpg.rf.f9a983f236d4502adeb553b453ff8e2d.jpg,,1,0,mild,no_caries,0.8476,0.8476,0.04338,0.03118,0.07784
crops/hibogi_ai_01920_png_9.jpg,hibogi_ai_01920_png,HIBOGI_AI_01920_png_jpg.rf.f9a983f236d4502adeb553b453ff8e2d.jpg,,1,0,mild,no_caries,0.6543,0.65429,0.20418,0.07492,0.06661
crops/hibogi_ai_01920_png_10.jpg,hibogi_ai_01920_png,HIBOGI_AI_01920_png_jpg.rf.f9a983f236d4502adeb553b453ff8e2d.jpg,,0,0,no_caries,no_caries,0.6809,0.68088,0.05949,0.20983,0.0498
crops/hibogi_ai_01920_png_11.jpg,hibogi_ai_01920_png,HIBOGI_AI_01920_png_jpg.rf.f9a983f236d4502adeb553b453ff8e2d.jpg,,0,0,no_caries,no_caries,0.7099,0.70985,0.0239,0.24178,0.02446
crops/hibogi_ai_01920_png_12.jpg,hibogi_ai_01920_png,HIBOGI_AI_01920_png_jpg.rf.f9a983f236d4502adeb553b453ff8e2d.jpg,,0,0,no_caries,no_caries,0.6577,0.6577,0.21847,0.05759,0.06625
crops/hibogi_ai_01920_png_13.jpg,hibogi_ai_01920_png,HIBOGI_AI_01920_png_jpg.rf.f9a983f236d4502adeb553b453ff8e2d.jpg,,6,0,advanced,advanced,0.9627,0.02252,0.00755,0.00723,0.96269
crops/hibogi_ai_02350_png_0.jpg,hibogi_ai_02350_png,HIBOGI_AI_02350_png_jpg.rf.27bf67ee37a6c2d6732e90eb9a296d63.jpg,,0,0,no_caries,no_caries,0.847,0.84699,0.03373,0.04676,0.07252
crops/hibogi_ai_02350_png_1.jpg,hibogi_ai_02350_png,HIBOGI_AI_02350_png_jpg.rf.27bf67ee37a6c2d6732e90eb9a296d63.jpg,,0,0,no_caries,no_caries,0.8575,0.85748,0.0321,0.06291,0.04752
crops/hibogi_ai_02350_png_2.jpg,hibogi_ai_02350_png,HIBOGI_AI_02350_png_jpg.rf.27bf67ee37a6c2d6732e90eb9a296d63.jpg,,0,0,no_caries,no_caries,0.8402,0.84023,0.05596,0.06691,0.0369
crops/hibogi_ai_02350_png_3.jpg,hibogi_ai_02350_png,HIBOGI_AI_02350_png_jpg.rf.27bf67ee37a6c2d6732e90eb9a296d63.jpg,,0,0,no_caries,no_caries,0.7332,0.73319,0.03294,0.17689,0.05699
crops/hibogi_ai_02350_png_4.jpg,hibogi_ai_02350_png,HIBOGI_AI_02350_png_jpg.rf.27bf67ee37a6c2d6732e90eb9a296d63.jpg,,0,0,no_caries,advanced,0.4876,0.43574,0.0286,0.04809,0.48756
crops/hibogi_ai_02350_png_5.jpg,hibogi_ai_02350_png,HIBOGI_AI_02350_png_jpg.rf.27bf67ee37a6c2d6732e90eb9a296d63.jpg,,0,0,no_caries,no_caries,0.844,0.844,0.06033,0.05108,0.04459
crops/hibogi_ai_02350_png_6.jpg,hibogi_ai_02350_png,HIBOGI_AI_02350_png_jpg.rf.27bf67ee37a6c2d6732e90eb9a296d63.jpg,,0,0,no_caries,no_caries,0.75,0.74996,0.0524,0.10825,0.08939
crops/hibogi_ai_02350_png_7.jpg,hibogi_ai_02350_png,HIBOGI_AI_02350_png_jpg.rf.27bf67ee37a6c2d6732e90eb9a296d63.jpg,,0,0,no_caries,no_caries,0.8057,0.80574,0.06078,0.06292,0.07056
crops/hibogi_ai_02350_png_8.jpg,hibogi_ai_02350_png,HIBOGI_AI_02350_png_jpg.rf.27bf67ee37a6c2d6732e90eb9a296d63.jpg,,0,0,no_caries,no_caries,0.7227,0.72273,0.01801,0.17733,0.08193
crops/hibogi_ai_02350_png_9.jpg,hibogi_ai_02350_png,HIBOGI_AI_02350_png_jpg.rf.27bf67ee37a6c2d6732e90eb9a296d63.jpg,,0,0,no_caries,no_caries,0.8264,0.82637,0.02861,0.06401,0.08101
crops/hibogi_ai_02402_png_0.jpg,hibogi_ai_02402_png,HIBOGI_AI_02402_png_jpg.rf.3561cb19b579ceee2438c7e69ec7b138.jpg,,6,0,advanced,advanced,0.9525,0.00766,0.00748,0.03239,0.95246
crops/hibogi_ai_02402_png_1.jpg,hibogi_ai_02402_png,HIBOGI_AI_02402_png_jpg.rf.3561cb19b579ceee2438c7e69ec7b138.jpg,,6,0,advanced,advanced,0.9359,0.00595,0.00947,0.04867,0.93591
crops/hibogi_ai_02402_png_2.jpg,hibogi_ai_02402_png,HIBOGI_AI_02402_png_jpg.rf.3561cb19b579ceee2438c7e69ec7b138.jpg,,6,0,advanced,advanced,0.95,0.01013,0.01188,0.02796,0.95004
crops/hibogi_ai_02402_png_3.jpg,hibogi_ai_02402_png,HIBOGI_AI_02402_png_jpg.rf.3561cb19b579ceee2438c7e69ec7b138.jpg,,6,0,advanced,advanced,0.961,0.00628,0.00781,0.02492,0.96098
crops/hibogi_ai_02402_png_4.jpg,hibogi_ai_02402_png,HIBOGI_AI_02402_png_jpg.rf.3561cb19b579ceee2438c7e69ec7b138.jpg,,0,0,no_caries,mild,0.5477,0.35207,0.54772,0.03475,0.06545
crops/hibogi_ai_02402_png_5.jpg,hibogi_ai_02402_png,HIBOGI_AI_02402_png_jpg.rf.3561cb19b579ceee2438c7e69ec7b138.jpg,,0,0,no_caries,mild,0.325,0.279,0.32502,0.19312,0.20286
crops/hibogi_ai_02402_png_6.jpg,hibogi_ai_02402_png,HIBOGI_AI_02402_png_jpg.rf.3561cb19b579ceee2438c7e69ec7b138.jpg,,0,0,no_caries,no_caries,0.7405,0.7405,0.12521,0.0756,0.05869
crops/hibogi_ai_02402_png_7.jpg,hibogi_ai_02402_png,HIBOGI_AI_02402_png_jpg.rf.3561cb19b579ceee2438c7e69ec7b138.jpg,,0,0,no_caries,no_caries,0.707,0.70703,0.03717,0.21988,0.03592
crops/hibogi_ai_02402_png_8.jpg,hibogi_ai_02402_png,HIBOGI_AI_02402_png_jpg.rf.3561cb19b579ceee2438c7e69ec7b138.jpg,,0,0,no_caries,no_caries,0.8315,0.83147,0.02716,0.0785,0.06287
crops/hibogi_ai_02402_png_9.jpg,hibogi_ai_02402_png,HIBOGI_AI_02402_png_jpg.rf.3561cb19b579ceee2438c7e69ec7b138.jpg,,0,0,no_caries,no_caries,0.6409,0.64092,0.16965,0.11783,0.0716
crops/hibogi_ai_02402_png_10.jpg,hibogi_ai_02402_png,HIBOGI_AI_02402_png_jpg.rf.3561cb19b579ceee2438c7e69ec7b138.jpg,,0,0,no_caries,no_caries,0.7149,0.71493,0.17445,0.06434,0.04628
crops/hibogi_ai_02402_png_11.jpg,hibogi_ai_02402_png,HIBOGI_AI_02402_png_jpg.rf.3561cb19b579ceee2438c7e69ec7b138.jpg,,0,0,no_caries,mild,0.9613,0.02396,0.96129,0.00895,0.0058
crops/hibogi_ai_02402_png_12.jpg,hibogi_ai_02402_png,HIBOGI_AI_02402_png_jpg.rf.3561cb19b579ceee2438c7e69ec7b138.jpg,,1,0,mild,mild,0.5325,0.05395,0.53252,0.04991,0.36361
crops/hibogi_ai_02440_png_0.jpg,hibogi_ai_02440_png,HIBOGI_AI_02440_png_jpg.rf.926ec9b0711863859767c6c9a3a10d86.jpg,,3,0,moderate,moderate,0.8302,0.06402,0.03303,0.83018,0.07277
crops/hibogi_ai_02440_png_1.jpg,hibogi_ai_02440_png,HIBOGI_AI_02440_png_jpg.rf.926ec9b0711863859767c6c9a3a10d86.jpg,,0,0,no_caries,no_caries,0.5517,0.55173,0.28634,0.08874,0.07319
crops/hibogi_ai_02440_png_2.jpg,hibogi_ai_02440_png,HIBOGI_AI_02440_png_jpg.rf.926ec9b0711863859767c6c9a3a10d86.jpg,,6,0,advanced,advanced,0.9815,0.00218,0.00769,0.00866,0.98146
crops/hibogi_ai_02440_png_3.jpg,hibogi_ai_02440_png,HIBOGI_AI_02440_png_jpg.rf.926ec9b0711863859767c6c9a3a10d86.jpg,,6,0,advanced,advanced,0.9773,0.00218,0.01197,0.00854,0.97731
crops/hibogi_ai_02440_png_4.jpg,hibogi_ai_02440_png,HIBOGI_AI_02440_png_jpg.rf.926ec9b0711863859767c6c9a3a10d86.jpg,,6,0,advanced,advanced,0.9635,0.0103,0.01528,0.01097,0.96346
crops/hibogi_ai_02440_png_5.jpg,hibogi_ai_02440_png,HIBOGI_AI_02440_png_jpg.rf.926ec9b0711863859767c6c9a3a10d86.jpg,,6,0,advanced,advanced,0.9498,0.01142,0.02536,0.01343,0.94978
crops/hibogi_ai_02440_png_6.jpg,hibogi_ai_02440_png,HIBOGI_AI_02440_png_jpg.rf.926ec9b0711863859767c6c9a3a10d86.jpg,,0,0,no_caries,no_caries,0.6562,0.65624,0.21988,0.04297,0.0809
crops/hibogi_ai_02440_png_7.jpg,hibogi_ai_02440_png,HIBOGI_AI_02440_png_jpg.rf.926ec9b0711863859767c6c9a3a10d86.jpg,,1,0,mild,mild,0.6684,0.17356,0.66842,0.14289,0.01513
crops/hibogi_ai_02440_png_8.jpg,hibogi_ai_02440_png,HIBOGI_AI_02440_png_jpg.rf.926ec9b0711863859767c6c9a3a10d86.jpg,,0,0,no_caries,no_caries,0.6511,0.65109,0.17048,0.08454,0.09389
crops/hibogi_ai_02702_png_0.jpg,hibogi_ai_02702_png,HIBOGI_AI_02702_png_jpg.rf.cbba75d26fc554c7a5af93aac995eee4.jpg,,0,0,no_caries,no_caries,0.638,0.63802,0.09986,0.0564,0.20572
crops/hibogi_ai_02702_png_1.jpg,hibogi_ai_02702_png,HIBOGI_AI_02702_png_jpg.rf.cbba75d26fc554c7a5af93aac995eee4.jpg,,2,0,mild,moderate,0.3604,0.32455,0.27142,0.36037,0.04366
crops/hibogi_ai_02702_png_2.jpg,hibogi_ai_02702_png,HIBOGI_AI_02702_png_jpg.rf.cbba75d26fc554c7a5af93aac995eee4.jpg,,5,0,advanced,advanced,0.9831,0.00349,0.00757,0.0058,0.98315
crops/hibogi_ai_02702_png_3.jpg,hibogi_ai_02702_png,HIBOGI_AI_02702_png_jpg.rf.cbba75d26fc554c7a5af93aac995eee4.jpg,,3,0,moderate,advanced,0.9374,0.00364,0.00521,0.05375,0.9374
crops/hibogi_ai_02702_png_4.jpg,hibogi_ai_02702_png,HIBOGI_AI_02702_png_jpg.rf.cbba75d26fc554c7a5af93aac995eee4.jpg,,1,0,mild,mild,0.6046,0.34492,0.60464,0.01216,0.03827
crops/hibogi_ai_02702_png_5.jpg,hibogi_ai_02702_png,HIBOGI_AI_02702_png_jpg.rf.cbba75d26fc554c7a5af93aac995eee4.jpg,,0,0,no_caries,no_caries,0.4595,0.45946,0.42514,0.07345,0.04196
crops/hibogi_ai_02702_png_6.jpg,hibogi_ai_02702_png,HIBOGI_AI_02702_png_jpg.rf.cbba75d26fc554c7a5af93aac995eee4.jpg,,0,0,no_caries,no_caries,0.7804,0.7804,0.09361,0.04,0.086
crops/hibogi_ai_02702_png_7.jpg,hibogi_ai_02702_png,HIBOGI_AI_02702_png_jpg.rf.cbba75d26fc554c7a5af93aac995eee4.jpg,,0,0,no_caries,no_caries,0.741,0.741,0.08092,0.12407,0.05401
crops/hibogi_ai_02702_png_8.jpg,hibogi_ai_02702_png,HIBOGI_AI_02702_png_jpg.rf.cbba75d26fc554c7a5af93aac995eee4.jpg,,0,0,no_caries,no_caries,0.8466,0.84658,0.05872,0.04271,0.052
crops/hibogi_ai_02702_png_9.jpg,hibogi_ai_02702_png,HIBOGI_AI_02702_png_jpg.rf.cbba75d26fc554c7a5af93aac995eee4.jpg,,0,0,no_caries,no_caries,0.8307,0.83072,0.04489,0.05518,0.06921
crops/hibogi_ai_02702_png_10.jpg,hibogi_ai_02702_png,HIBOGI_AI_02702_png_jpg.rf.cbba75d26fc554c7a5af93aac995eee4.jpg,,0,0,no_caries,no_caries,0.8584,0.85837,0.05126,0.04114,0.04923
crops/hibogi_ai_02702_png_11.jpg,hibogi_ai_02702_png,HIBOGI_AI_02702_png_jpg.rf.cbba75d26fc554c7a5af93aac995eee4.jpg,,0,0,no_caries,no_caries,0.781,0.78096,0.11131,0.02167,0.08606
crops/hibogi_ai_02702_png_12.jpg,hibogi_ai_02702_png,HIBOGI_AI_02702_png_jpg.rf.cbba75d26fc554c7a5af93aac995eee4.jpg,,0,0,no_caries,no_caries,0.5872,0.58721,0.3084,0.02384,0.08055
crops/hibogi_ai_02712_png_0.jpg,hibogi_ai_02712_png,HIBOGI_AI_02712_png_jpg.rf.f1f57dd3364f52046ca483dc2d7808a5.jpg,,4,0,moderate,mild,0.6035,0.25096,0.60347,0.06047,0.08511
crops/hibogi_ai_02712_png_1.jpg,hibogi_ai_02712_png,HIBOGI_AI_02712_png_jpg.rf.f1f57dd3364f52046ca483dc2d7808a5.jpg,,3,0,moderate,moderate,0.6628,0.03299,0.22168,0.66284,0.08249
crops/hibogi_ai_02712_png_2.jpg,hibogi_ai_02712_png,HIBOGI_AI_02712_png_jpg.rf.f1f57dd3364f52046ca483dc2d7808a5.jpg,,3,0,moderate,mild,0.4482,0.44114,0.44816,0.07595,0.03474
crops/hibogi_ai_02712_png_3.jpg,hibogi_ai_02712_png,HIBOGI_AI_02712_png_jpg.rf.f1f57dd3364f52046ca483dc2d7808a5.jpg,,1,0,mild,no_caries,0.5579,0.55789,0.40015,0.0126,0.02936
crops/hibogi_ai_02712_png_4.jpg,hibogi_ai_02712_png,HIBOGI_AI_02712_png_jpg.rf.f1f57dd3364f52046ca483dc2d7808a5.jpg,,1,0,mild,moderate,0.3752,0.37149,0.17577,0.37521,0.07753
crops/hibogi_ai_02712_png_5.jpg,hibogi_ai_02712_png,HIBOGI_AI_02712_png_jpg.rf.f1f57dd3364f52046ca483dc2d7808a5.jpg,,1,0,mild,no_caries,0.5321,0.53213,0.41546,0.03201,0.0204
crops/hibogi_ai_02712_png_6.jpg,hibogi_ai_02712_png,HIBOGI_AI_02712_png_jpg.rf.f1f57dd3364f52046ca483dc2d7808a5.jpg,,1,0,mild,no_caries,0.8216,0.82156,0.09068,0.04278,0.04498
crops/hibogi_ai_02712_png_7.jpg,hibogi_ai_02712_png,HIBOGI_AI_02712_png_jpg.rf.f1f57dd3364f52046ca483dc2d7808a5.jpg,,1,0,mild,no_caries,0.6253,0.62526,0.29632,0.04697,0.03145
crops/hibogi_ai_02820_png_0.jpg,hibogi_ai_02820_png,HIBOGI_AI_02820_png_jpg.rf.06fb546feee12e2c604073dd4a0b5432.jpg,,0,0,no_caries,no_caries,0.5396,0.53964,0.00646,0.39791,0.05599
crops/hibogi_ai_02820_png_1.jpg,hibogi_ai_02820_png,HIBOGI_AI_02820_png_jpg.rf.06fb546feee12e2c604073dd4a0b5432.jpg,,0,0,no_caries,advanced,0.7131,0.01862,0.07741,0.19091,0.71306
crops/hibogi_ai_02820_png_2.jpg,hibogi_ai_02820_png,HIBOGI_AI_02820_png_jpg.rf.06fb546feee12e2c604073dd4a0b5432.jpg,,2,0,mild,advanced,0.4839,0.06949,0.40847,0.03816,0.48389
crops/hibogi_ai_02820_png_3.jpg,hibogi_ai_02820_png,HIBOGI_AI_02820_png_jpg.rf.06fb546feee12e2c604073dd4a0b5432.jpg,,2,0,mild,moderate,0.4424,0.14021,0.30545,0.44239,0.11195
crops/hibogi_ai_02820_png_4.jpg,hibogi_ai_02820_png,HIBOGI_AI_02820_png_jpg.rf.06fb546feee12e2c604073dd4a0b5432.jpg,,1,0,mild,no_caries,0.5283,0.52831,0.04543,0.22576,0.2005
crops/hibogi_ai_02820_png_5.jpg,hibogi_ai_02820_png,HIBOGI_AI_02820_png_jpg.rf.06fb546feee12e2c604073dd4a0b5432.jpg,,0,0,no_caries,no_caries,0.876,0.87605,0.02268,0.06967,0.0316
crops/hibogi_ai_02820_png_6.jpg,hibogi_ai_02820_png,HIBOGI_AI_02820_png_jpg.rf.06fb546feee12e2c604073dd4a0b5432.jpg,,0,0,no_caries,advanced,0.8337,0.07889,0.0457,0.04173,0.83368
crops/hibogi_ai_02820_png_7.jpg,hibogi_ai_02820_png,HIBOGI_AI_02820_png_jpg.rf.06fb546feee12e2c604073dd4a0b5432.jpg,,3,0,moderate,no_caries,0.5927,0.59273,0.10133,0.24845,0.05749
crops/hibogi_ai_02820_png_8.jpg,hibogi_ai_02820_png,HIBOGI_AI_02820_png_jpg.rf.06fb546feee12e2c604073dd4a0b5432.jpg,,3,0,moderate,no_caries,0.69,0.68997,0.06967,0.19121,0.04915
crops/hibogi_ai_02820_png_9.jpg,hibogi_ai_02820_png,HIBOGI_AI_02820_png_jpg.rf.06fb546feee12e2c604073dd4a0b5432.jpg,,3,0,moderate,no_caries,0.541,0.54098,0.02653,0.34791,0.08459
crops/hibogi_ai_02820_png_10.jpg,hibogi_ai_02820_png,HIBOGI_AI_02820_png_jpg.rf.06fb546feee12e2c604073dd4a0b5432.jpg,,3,0,moderate,no_caries,0.4647,0.46469,0.12665,0.26207,0.1466
crops/hibogi_ai_02820_png_11.jpg,hibogi_ai_02820_png,HIBOGI_AI_02820_png_jpg.rf.06fb546feee12e2c604073dd4a0b5432.jpg,,0,0,no_caries,moderate,0.6218,0.15001,0.14085,0.62182,0.08731
crops/hibogi_ai_02878_png_0.jpg,hibogi_ai_02878_png,HIBOGI_AI_02878_png_jpg.rf.a81a1f68cd1ff52bcb687f0257563775.jpg,,1,0,mild,no_caries,0.5279,0.52791,0.27343,0.10334,0.09532
crops/hibogi_ai_02878_png_1.jpg,hibogi_ai_02878_png,HIBOGI_AI_02878_png_jpg.rf.a81a1f68cd1ff52bcb687f0257563775.jpg,,1,0,mild,mild,0.5077,0.43987,0.50774,0.02356,0.02883
crops/hibogi_ai_02878_png_2.jpg,hibogi_ai_02878_png,HIBOGI_AI_02878_png_jpg.rf.a81a1f68cd1ff52bcb687f0257563775.jpg,,1,0,mild,mild,0.717,0.21879,0.71705,0.01608,0.04809
crops/hibogi_ai_02878_png_3.jpg,hibogi_ai_02878_png,HIBOGI_AI_02878_png_jpg.rf.a81a1f68cd1ff52bcb687f0257563775.jpg,,0,0,no_caries,no_caries,0.7553,0.75527,0.13574,0.04833,0.06066
crops/hibogi_ai_02878_png_4.jpg,hibogi_ai_02878_png,HIBOGI_AI_02878_png_jpg.rf.a81a1f68cd1ff52bcb687f0257563775.jpg,,0,0,no_caries,mild,0.4737,0.43281,0.47371,0.03017,0.06331
crops/hibogi_ai_02878_png_5.jpg,hibogi_ai_02878_png,HIBOGI_AI_02878_png_jpg.rf.a81a1f68cd1ff52bcb687f0257563775.jpg,,0,0,no_caries,mild,0.5515,0.33333,0.55145,0.04156,0.07366
crops/hibogi_ai_02878_png_6.jpg,hibogi_ai_02878_png,HIBOGI_AI_02878_png_jpg.rf.a81a1f68cd1ff52bcb687f0257563775.jpg,,2,0,mild,moderate,0.5526,0.29054,0.03945,0.55258,0.11744
crops/hibogi_ai_02878_png_7.jpg,hibogi_ai_02878_png,HIBOGI_AI_02878_png_jpg.rf.a81a1f68cd1ff52bcb687f0257563775.jpg,,1,0,mild,no_caries,0.7613,0.76132,0.05123,0.10515,0.0823
crops/hibogi_ai_02878_png_8.jpg,hibogi_ai_02878_png,HIBOGI_AI_02878_png_jpg.rf.a81a1f68cd1ff52bcb687f0257563775.jpg,,0,0,no_caries,no_caries,0.7424,0.74238,0.19043,0.03034,0.03685
crops/hibogi_ai_02878_png_9.jpg,hibogi_ai_02878_png,HIBOGI_AI_02878_png_jpg.rf.a81a1f68cd1ff52bcb687f0257563775.jpg,,0,0,no_caries,no_caries,0.4744,0.47442,0.43592,0.04187,0.04779
crops/hibogi_ai_02878_png_10.jpg,hibogi_ai_02878_png,HIBOGI_AI_02878_png_jpg.rf.a81a1f68cd1ff52bcb687f0257563775.jpg,,0,0,no_caries,mild,0.6189,0.29386,0.61893,0.03735,0.04986
crops/hibogi_ai_02878_png_11.jpg,hibogi_ai_02878_png,HIBOGI_AI_02878_png_jpg.rf.a81a1f68cd1ff52bcb687f0257563775.jpg,,0,0,no_caries,no_caries,0.5506,0.55058,0.29576,0.09834,0.05532
crops/hibogi_ai_02878_png_12.jpg,hibogi_ai_02878_png,HIBOGI_AI_02878_png_jpg.rf.a81a1f68cd1ff52bcb687f0257563775.jpg,,1,0,mild,mild,0.5139,0.31448,0.51388,0.10046,0.07118
crops/hibogi_ai_02878_png_13.jpg,hibogi_ai_02878_png,HIBOGI_AI_02878_png_jpg.rf.a81a1f68cd1ff52bcb687f0257563775.jpg,,1,0,mild,mild,0.7833,0.14085,0.78334,0.06656,0.00925
crops/hibogi_ai_02878_png_14.jpg,hibogi_ai_02878_png,HIBOGI_AI_02878_png_jpg.rf.a81a1f68cd1ff52bcb687f0257563775.jpg,,0,0,no_caries,no_caries,0.4425,0.4425,0.34755,0.07201,0.13794
crops/hibogi_ai_02928_png_0.jpg,hibogi_ai_02928_png,HIBOGI_AI_02928_png_jpg.rf.75f5f4f04557d7d1454c7f37a2064ab4.jpg,,3,0,moderate,moderate,0.5832,0.07234,0.23071,0.58317,0.11379
crops/hibogi_ai_02928_png_1.jpg,hibogi_ai_02928_png,HIBOGI_AI_02928_png_jpg.rf.75f5f4f04557d7d1454c7f37a2064ab4.jpg,,3,0,moderate,mild,0.7382,0.07119,0.73819,0.10993,0.08069
crops/hibogi_ai_02928_png_2.jpg,hibogi_ai_02928_png,HIBOGI_AI_02928_png_jpg.rf.75f5f4f04557d7d1454c7f37a2064ab4.jpg,,5,0,advanced,advanced,0.5735,0.00804,0.09744,0.32103,0.5735
crops/hibogi_ai_02928_png_3.jpg,hibogi_ai_02928_png,HIBOGI_AI_02928_png_jpg.rf.75f5f4f04557d7d1454c7f37a2064ab4.jpg,,3,0,moderate,moderate,0.93,0.00373,0.05142,0.93,0.01485
crops/hibogi_ai_02928_png_4.jpg,hibogi_ai_02928_png,HIBOGI_AI_02928_png_jpg.rf.75f5f4f04557d7d1454c7f37a2064ab4.jpg,,3,0,moderate,mild,0.6017,0.03233,0.60173,0.32599,0.03996
crops/hibogi_ai_02928_png_5.jpg,hibogi_ai_02928_png,HIBOGI_AI_02928_png_jpg.rf.75f5f4f04557d7d1454c7f37a2064ab4.jpg,,2,0,mild,advanced,0.4663,0.0623,0.27764,0.19372,0.46634
crops/hibogi_ai_02928_png_6.jpg,hibogi_ai_02928_png,HIBOGI_AI_02928_png_jpg.rf.75f5f4f04557d7d1454c7f37a2064ab4.jpg,,2,0,mild,advanced,0.8425,0.0017,0.01277,0.14305,0.84248
crops/hibogi_ai_02928_png_7.jpg,hibogi_ai_02928_png,HIBOGI_AI_02928_png_jpg.rf.75f5f4f04557d7d1454c7f37a2064ab4.jpg,,2,0,mild,advanced,0.8209,0.05595,0.04463,0.07849,0.82093
crops/hibogi_ai_02928_png_8.jpg,hibogi_ai_02928_png,HIBOGI_AI_02928_png_jpg.rf.75f5f4f04557d7d1454c7f37a2064ab4.jpg,,2,0,mild,mild,0.5176,0.21424,0.51758,0.11103,0.15715
crops/hibogi_ai_02928_png_9.jpg,hibogi_ai_02928_png,HIBOGI_AI_02928_png_jpg.rf.75f5f4f04557d7d1454c7f37a2064ab4.jpg,,2,0,mild,mild,0.4758,0.46783,0.47576,0.01988,0.03654
crops/hibogi_ai_02928_png_10.jpg,hibogi_ai_02928_png,HIBOGI_AI_02928_png_jpg.rf.75f5f4f04557d7d1454c7f37a2064ab4.jpg,,3,0,moderate,moderate,0.9155,0.01231,0.0545,0.91553,0.01766
crops/hibogi_ai_02928_png_11.jpg,hibogi_ai_02928_png,HIBOGI_AI_02928_png_jpg.rf.75f5f4f04557d7d1454c7f37a2064ab4.jpg,,3,0,moderate,moderate,0.872,0.00538,0.107,0.87201,0.01561
crops/hibogi_ai_02928_png_12.jpg,hibogi_ai_02928_png,HIBOGI_AI_02928_png_jpg.rf.75f5f4f04557d7d1454c7f37a2064ab4.jpg,,5,0,advanced,advanced,0.482,0.0685,0.27981,0.16974,0.48195
crops/hibogi_ai_02991_png_0.jpg,hibogi_ai_02991_png,HIBOGI_AI_02991_png_jpg.rf.be86b8dd9f1f9163efac72a7f29da4c9.jpg,,1,0,mild,mild,0.8624,0.05224,0.86242,0.05573,0.02961
crops/hibogi_ai_02991_png_1.jpg,hibogi_ai_02991_png,HIBOGI_AI_02991_png_jpg.rf.be86b8dd9f1f9163efac72a7f29da4c9.jpg,,3,0,moderate,mild,0.6016,0.00696,0.60158,0.38485,0.00661
crops/hibogi_ai_02991_png_2.jpg,hibogi_ai_02991_png,HIBOGI_AI_02991_png_jpg.rf.be86b8dd9f1f9163efac72a7f29da4c9.jpg,,3,0,moderate,mild,0.3995,0.09737,0.39949,0.2921,0.21104
crops/hibogi_ai_02991_png_3.jpg,hibogi_ai_02991_png,HIBOGI_AI_02991_png_jpg.rf.be86b8dd9f1f9163efac72a7f29da4c9.jpg,,2,0,mild,mild,0.5088,0.10301,0.50875,0.26357,0.12467
crops/hibogi_ai_02991_png_4.jpg,hibogi_ai_02991_png,HIBOGI_AI_02991_png_jpg.rf.be86b8dd9f1f9163efac72a7f29da4c9.jpg,,0,0,no_caries,mild,0.7565,0.16105,0.75646,0.02339,0.05909
crops/hibogi_ai_02991_png_5.jpg,hibogi_ai_02991_png,HIBOGI_AI_02991_png_jpg.rf.be86b8dd9f1f9163efac72a7f29da4c9.jpg,,0,0,no_caries,no_caries,0.4982,0.4982,0.20963,0.2288,0.06337
crops/hibogi_ai_02991_png_6.jpg,hibogi_ai_02991_png,HIBOGI_AI_02991_png_jpg.rf.be86b8dd9f1f9163efac72a7f29da4c9.jpg,,0,0,no_caries,no_caries,0.7946,0.79462,0.09559,0.05136,0.05844
crops/hibogi_ai_02991_png_7.jpg,hibogi_ai_02991_png,HIBOGI_AI_02991_png_jpg.rf.be86b8dd9f1f9163efac72a7f29da4c9.jpg,,0,0,no_caries,no_caries,0.7379,0.73789,0.07514,0.07657,0.1104
crops/hibogi_ai_02991_png_8.jpg,hibogi_ai_02991_png,HIBOGI_AI_02991_png_jpg.rf.be86b8dd9f1f9163efac72a7f29da4c9.jpg,,0,0,no_caries,no_caries,0.716,0.71603,0.13522,0.06751,0.08124
crops/hibogi_ai_02991_png_9.jpg,hibogi_ai_02991_png,HIBOGI_AI_02991_png_jpg.rf.be86b8dd9f1f9163efac72a7f29da4c9.jpg,,0,0,no_caries,mild,0.3729,0.37283,0.3729,0.12537,0.12891
crops/hibogi_ai_02991_png_10.jpg,hibogi_ai_02991_png,HIBOGI_AI_02991_png_jpg.rf.be86b8dd9f1f9163efac72a7f29da4c9.jpg,,0,0,no_caries,moderate,0.7234,0.07186,0.12798,0.72343,0.07672
crops/hibogi_ai_02991_png_11.jpg,hibogi_ai_02991_png,HIBOGI_AI_02991_png_jpg.rf.be86b8dd9f1f9163efac72a7f29da4c9.jpg,,0,0,no_caries,mild,0.8971,0.06206,0.89709,0.02419,0.01666
crops/hibogi_ai_02991_png_12.jpg,hibogi_ai_02991_png,HIBOGI_AI_02991_png_jpg.rf.be86b8dd9f1f9163efac72a7f29da4c9.jpg,,4,0,moderate,moderate,0.8864,0.00271,0.08963,0.88641,0.02125
crops/hibogi_ai_03021_png_0.jpg,hibogi_ai_03021_png,HIBOGI_AI_03021_png_jpg.rf.2fefa5efeaccff6978eadf3f80f56931.jpg,,2,0,mild,moderate,0.4527,0.27542,0.21139,0.45267,0.06051
crops/hibogi_ai_03021_png_1.jpg,hibogi_ai_03021_png,HIBOGI_AI_03021_png_jpg.rf.2fefa5efeaccff6978eadf3f80f56931.jpg,,6,0,advanced,advanced,0.96,0.00651,0.01538,0.0181,0.96001
crops/hibogi_ai_03021_png_2.jpg,hibogi_ai_03021_png,HIBOGI_AI_03021_png_jpg.rf.2fefa5efeaccff6978eadf3f80f56931.jpg,,3,0,moderate,mild,0.5222,0.07757,0.52222,0.36471,0.0355
crops/hibogi_ai_03021_png_3.jpg,hibogi_ai_03021_png,HIBOGI_AI_03021_png_jpg.rf.2fefa5efeaccff6978eadf3f80f56931.jpg,,2,0,mild,moderate,0.5912,0.12712,0.14338,0.59119,0.13831
crops/hibogi_ai_03021_png_4.jpg,hibogi_ai_03021_png,HIBOGI_AI_03021_png_jpg.rf.2fefa5efeaccff6978eadf3f80f56931.jpg,,1,0,mild,mild,0.5426,0.31111,0.5426,0.05791,0.08838
crops/hibogi_ai_03021_png_5.jpg,hibogi_ai_03021_png,HIBOGI_AI_03021_png_jpg.rf.2fefa5efeaccff6978eadf3f80f56931.jpg,,2,0,mild,mild,0.6732,0.25893,0.67316,0.00938,0.05853
crops/hibogi_ai_03021_png_6.jpg,hibogi_ai_03021_png,HIBOGI_AI_03021_png_jpg.rf.2fefa5efeaccff6978eadf3f80f56931.jpg,,2,0,mild,mild,0.4475,0.41449,0.44746,0.03644,0.10161
crops/hibogi_ai_03021_png_7.jpg,hibogi_ai_03021_png,HIBOGI_AI_03021_png_jpg.rf.2fefa5efeaccff6978eadf3f80f56931.jpg,,2,0,mild,no_caries,0.713,0.71295,0.21008,0.02486,0.05211
crops/hibogi_ai_03021_png_8.jpg,hibogi_ai_03021_png,HIBOGI_AI_03021_png_jpg.rf.2fefa5efeaccff6978eadf3f80f56931.jpg,,2,0,mild,mild,0.8773,0.05913,0.87727,0.04663,0.01697
crops/hibogi_ai_03021_png_9.jpg,hibogi_ai_03021_png,HIBOGI_AI_03021_png_jpg.rf.2fefa5efeaccff6978eadf3f80f56931.jpg,,2,0,mild,mild,0.5447,0.31953,0.54471,0.07557,0.06019
crops/hibogi_ai_03021_png_10.jpg,hibogi_ai_03021_png,HIBOGI_AI_03021_png_jpg.rf.2fefa5efeaccff6978eadf3f80f56931.jpg,,2,0,mild,moderate,0.493,0.02743,0.29886,0.49303,0.18068
crops/hibogi_ai_03021_png_11.jpg,hibogi_ai_03021_png,HIBOGI_AI_03021_png_jpg.rf.2fefa5efeaccff6978eadf3f80f56931.jpg,,3,0,moderate,mild,0.469,0.04103,0.46903,0.18998,0.29995
crops/hibogi_ai_03021_png_12.jpg,hibogi_ai_03021_png,HIBOGI_AI_03021_png_jpg.rf.2fefa5efeaccff6978eadf3f80f56931.jpg,,5,0,advanced,moderate,0.8159,0.0101,0.00937,0.81586,0.16466
crops/hibogi_ai_03058_png_0.jpg,hibogi_ai_03058_png,HIBOGI_AI_03058_png_jpg.rf.7ffeddff62109c7ffbe44d80585a04a9.jpg,,0,0,no_caries,no_caries,0.748,0.74801,0.10075,0.05387,0.09737
crops/hibogi_ai_03058_png_1.jpg,hibogi_ai_03058_png,HIBOGI_AI_03058_png_jpg.rf.7ffeddff62109c7ffbe44d80585a04a9.jpg,,0,0,no_caries,no_caries,0.6212,0.62125,0.2721,0.01664,0.09001
crops/hibogi_ai_03058_png_2.jpg,hibogi_ai_03058_png,HIBOGI_AI_03058_png_jpg.rf.7ffeddff62109c7ffbe44d80585a04a9.jpg,,1,0,mild,no_caries,0.5593,0.55935,0.31585,0.07611,0.0487
crops/hibogi_ai_03058_png_3.jpg,hibogi_ai_03058_png,HIBOGI_AI_03058_png_jpg.rf.7ffeddff62109c7ffbe44d80585a04a9.jpg,,2,0,mild,advanced,0.5343,0.00695,0.43663,0.02211,0.53431
crops/hibogi_ai_03058_png_4.jpg,hibogi_ai_03058_png,HIBOGI_AI_03058_png_jpg.rf.7ffeddff62109c7ffbe44d80585a04a9.jpg,,2,0,mild,mild,0.6636,0.0433,0.66358,0.11765,0.17547
crops/hibogi_ai_03058_png_5.jpg,hibogi_ai_03058_png,HIBOGI_AI_03058_png_jpg.rf.7ffeddff62109c7ffbe44d80585a04a9.jpg,,2,0,mild,moderate,0.5585,0.00118,0.024,0.55854,0.41628
crops/hibogi_ai_03058_png_6.jpg,hibogi_ai_03058_png,HIBOGI_AI_03058_png_jpg.rf.7ffeddff62109c7ffbe44d80585a04a9.jpg,,5,0,advanced,advanced,0.9284,0.01179,0.02861,0.03119,0.92841
crops/hibogi_ai_03058_png_7.jpg,hibogi_ai_03058_png,HIBOGI_AI_03058_png_jpg.rf.7ffeddff62109c7ffbe44d80585a04a9.jpg,,2,0,mild,mild,0.7234,0.16358,0.72337,0.06966,0.0434
crops/hibogi_ai_03058_png_8.jpg,hibogi_ai_03058_png,HIBOGI_AI_03058_png_jpg.rf.7ffeddff62109c7ffbe44d80585a04a9.jpg,,5,0,advanced,mild,0.799,0.01019,0.79901,0.14502,0.04578
crops/hibogi_ai_03137_png_0.jpg,hibogi_ai_03137_png,HIBOGI_AI_03137_png_jpg.rf.19c88bbe066a1ea611a8d9dc416bd2cc.jpg,,3,0,moderate,mild,0.4375,0.16766,0.43746,0.18455,0.21033
crops/hibogi_ai_03137_png_1.jpg,hibogi_ai_03137_png,HIBOGI_AI_03137_png_jpg.rf.19c88bbe066a1ea611a8d9dc416bd2cc.jpg,,2,0,mild,no_caries,0.8076,0.80756,0.02789,0.13969,0.02486
crops/hibogi_ai_03137_png_2.jpg,hibogi_ai_03137_png,HIBOGI_AI_03137_png_jpg.rf.19c88bbe066a1ea611a8d9dc416bd2cc.jpg,,1,0,mild,mild,0.7966,0.03426,0.79662,0.12871,0.04041
crops/hibogi_ai_03137_png_3.jpg,hibogi_ai_03137_png,HIBOGI_AI_03137_png_jpg.rf.19c88bbe066a1ea611a8d9dc416bd2cc.jpg,,0,0,no_caries,no_caries,0.8372,0.83724,0.05912,0.04815,0.05549
crops/hibogi_ai_03137_png_4.jpg,hibogi_ai_03137_png,HIBOGI_AI_03137_png_jpg.rf.19c88bbe066a1ea611a8d9dc416bd2cc.jpg,,0,0,no_caries,no_caries,0.7175,0.71748,0.10815,0.10217,0.0722
crops/hibogi_ai_03137_png_5.jpg,hibogi_ai_03137_png,HIBOGI_AI_03137_png_jpg.rf.19c88bbe066a1ea611a8d9dc416bd2cc.jpg,,0,0,no_caries,no_caries,0.7515,0.75152,0.07184,0.07016,0.10649
crops/hibogi_ai_03137_png_6.jpg,hibogi_ai_03137_png,HIBOGI_AI_03137_png_jpg.rf.19c88bbe066a1ea611a8d9dc416bd2cc.jpg,,0,0,no_caries,no_caries,0.7771,0.77707,0.05924,0.13262,0.03108
crops/hibogi_ai_03180_png_0.jpg,hibogi_ai_03180_png,HIBOGI_AI_03180_png_jpg.rf.9d023e2366186ed7e79361a03a9a8bfc.jpg,,3,0,moderate,mild,0.4633,0.44277,0.46328,0.04525,0.0487
crops/hibogi_ai_03180_png_1.jpg,hibogi_ai_03180_png,HIBOGI_AI_03180_png_jpg.rf.9d023e2366186ed7e79361a03a9a8bfc.jpg,,1,0,mild,mild,0.6309,0.23821,0.6309,0.05547,0.07543
crops/hibogi_ai_03180_png_2.jpg,hibogi_ai_03180_png,HIBOGI_AI_03180_png_jpg.rf.9d023e2366186ed7e79361a03a9a8bfc.jpg,,0,0,no_caries,no_caries,0.7818,0.78181,0.10968,0.0441,0.0644
crops/hibogi_ai_03180_png_3.jpg,hibogi_ai_03180_png,HIBOGI_AI_03180_png_jpg.rf.9d023e2366186ed7e79361a03a9a8bfc.jpg,,0,0,no_caries,no_caries,0.7245,0.7245,0.12319,0.08958,0.06273
crops/hibogi_ai_03180_png_4.jpg,hibogi_ai_03180_png,HIBOGI_AI_03180_png_jpg.rf.9d023e2366186ed7e79361a03a9a8bfc.jpg,,0,0,no_caries,no_caries,0.7738,0.77377,0.04338,0.11244,0.0704
crops/hibogi_ai_03180_png_5.jpg,hibogi_ai_03180_png,HIBOGI_AI_03180_png_jpg.rf.9d023e2366186ed7e79361a03a9a8bfc.jpg,,0,0,no_caries,no_caries,0.8277,0.82773,0.05428,0.05749,0.06051
crops/hibogi_ai_03180_png_6.jpg,hibogi_ai_03180_png,HIBOGI_AI_03180_png_jpg.rf.9d023e2366186ed7e79361a03a9a8bfc.jpg,,0,0,no_caries,no_caries,0.7433,0.7433,0.09186,0.0362,0.12864
crops/hibogi_ai_03180_png_7.jpg,hibogi_ai_03180_png,HIBOGI_AI_03180_png_jpg.rf.9d023e2366186ed7e79361a03a9a8bfc.jpg,,0,0,no_caries,no_caries,0.8367,0.83672,0.04458,0.05751,0.06119
crops/hibogi_ai_03180_png_8.jpg,hibogi_ai_03180_png,HIBOGI_AI_03180_png_jpg.rf.9d023e2366186ed7e79361a03a9a8bfc.jpg,,0,0,no_caries,no_caries,0.8112,0.81117,0.08882,0.03877,0.06124
crops/hibogi_ai_03180_png_9.jpg,hibogi_ai_03180_png,HIBOGI_AI_03180_png_jpg.rf.9d023e2366186ed7e79361a03a9a8bfc.jpg,,0,0,no_caries,no_caries,0.8589,0.85888,0.04289,0.04825,0.04997
crops/hibogi_ai_03180_png_10.jpg,hibogi_ai_03180_png,HIBOGI_AI_03180_png_jpg.rf.9d023e2366186ed7e79361a03a9a8bfc.jpg,,0,0,no_caries,no_caries,0.8258,0.82584,0.06611,0.04602,0.06203
crops/hibogi_ai_03180_png_11.jpg,hibogi_ai_03180_png,HIBOGI_AI_03180_png_jpg.rf.9d023e2366186ed7e79361a03a9a8bfc.jpg,,0,0,no_caries,no_caries,0.9201,0.92007,0.02265,0.0363,0.02098
crops/hibogi_ai_03180_png_12.jpg,hibogi_ai_03180_png,HIBOGI_AI_03180_png_jpg.rf.9d023e2366186ed7e79361a03a9a8bfc.jpg,,0,0,no_caries,no_caries,0.9365,0.93648,0.00973,0.03025,0.02355
crops/hibogi_ai_03180_png_13.jpg,hibogi_ai_03180_png,HIBOGI_AI_03180_png_jpg.rf.9d023e2366186ed7e79361a03a9a8bfc.jpg,,0,0,no_caries,no_caries,0.92,0.92004,0.01692,0.02715,0.03588
crops/hibogi_ai_03194_png_0.jpg,hibogi_ai_03194_png,HIBOGI_AI_03194_png_jpg.rf.86670fe349fb0079f7d4683a818eeb9e.jpg,,0,0,no_caries,no_caries,0.8508,0.85085,0.01802,0.07255,0.05858
crops/hibogi_ai_03194_png_1.jpg,hibogi_ai_03194_png,HIBOGI_AI_03194_png_jpg.rf.86670fe349fb0079f7d4683a818eeb9e.jpg,,0,0,no_caries,no_caries,0.8021,0.80214,0.05916,0.05546,0.08324
crops/hibogi_ai_03194_png_2.jpg,hibogi_ai_03194_png,HIBOGI_AI_03194_png_jpg.rf.86670fe349fb0079f7d4683a818eeb9e.jpg,,0,0,no_caries,no_caries,0.8188,0.81878,0.04585,0.04801,0.08737
crops/hibogi_ai_03194_png_3.jpg,hibogi_ai_03194_png,HIBOGI_AI_03194_png_jpg.rf.86670fe349fb0079f7d4683a818eeb9e.jpg,,0,0,no_caries,no_caries,0.771,0.77098,0.1285,0.03441,0.06612
crops/hibogi_ai_03194_png_4.jpg,hibogi_ai_03194_png,HIBOGI_AI_03194_png_jpg.rf.86670fe349fb0079f7d4683a818eeb9e.jpg,,0,0,no_caries,no_caries,0.7516,0.75164,0.02945,0.13078,0.08813
crops/hibogi_ai_03194_png_5.jpg,hibogi_ai_03194_png,HIBOGI_AI_03194_png_jpg.rf.86670fe349fb0079f7d4683a818eeb9e.jpg,,0,0,no_caries,no_caries,0.7684,0.76845,0.09007,0.0422,0.09928
crops/hibogi_ai_03194_png_6.jpg,hibogi_ai_03194_png,HIBOGI_AI_03194_png_jpg.rf.86670fe349fb0079f7d4683a818eeb9e.jpg,,0,0,no_caries,no_caries,0.728,0.728,0.18329,0.04904,0.03967
crops/hibogi_ai_03194_png_7.jpg,hibogi_ai_03194_png,HIBOGI_AI_03194_png_jpg.rf.86670fe349fb0079f7d4683a818eeb9e.jpg,,0,0,no_caries,no_caries,0.819,0.81896,0.09096,0.02171,0.06837
crops/hibogi_ai_03333_png_0.jpg,hibogi_ai_03333_png,HIBOGI_AI_03333_png_jpg.rf.47643e6b931d62469b61dec4d869532a.jpg,,0,0,no_caries,no_caries,0.717,0.71703,0.05536,0.05255,0.17506
crops/hibogi_ai_03333_png_1.jpg,hibogi_ai_03333_png,HIBOGI_AI_03333_png_jpg.rf.47643e6b931d62469b61dec4d869532a.jpg,,2,0,mild,no_caries,0.549,0.54901,0.38066,0.03114,0.03918
crops/hibogi_ai_03333_png_2.jpg,hibogi_ai_03333_png,HIBOGI_AI_03333_png_jpg.rf.47643e6b931d62469b61dec4d869532a.jpg,,0,0,no_caries,no_caries,0.8179,0.81792,0.10875,0.03351,0.03981
crops/hibogi_ai_03333_png_3.jpg,hibogi_ai_03333_png,HIBOGI_AI_03333_png_jpg.rf.47643e6b931d62469b61dec4d869532a.jpg,,0,0,no_caries,no_caries,0.7578,0.75778,0.11083,0.06091,0.07048
crops/hibogi_ai_03333_png_4.jpg,hibogi_ai_03333_png,HIBOGI_AI_03333_png_jpg.rf.47643e6b931d62469b61dec4d869532a.jpg,,0,0,no_caries,no_caries,0.8154,0.81536,0.07951,0.05671,0.04843
crops/hibogi_ai_03333_png_5.jpg,hibogi_ai_03333_png,HIBOGI_AI_03333_png_jpg.rf.47643e6b931d62469b61dec4d869532a.jpg,,0,0,no_caries,no_caries,0.7894,0.78943,0.04874,0.08375,0.07808
crops/hibogi_ai_03333_png_6.jpg,hibogi_ai_03333_png,HIBOGI_AI_03333_png_jpg.rf.47643e6b931d62469b61dec4d869532a.jpg,,0,0,no_caries,no_caries,0.7821,0.78208,0.06652,0.05751,0.09389
crops/hibogi_ai_03333_png_7.jpg,hibogi_ai_03333_png,HIBOGI_AI_03333_png_jpg.rf.47643e6b931d62469b61dec4d869532a.jpg,,0,0,no_caries,no_caries,0.7366,0.7366,0.18376,0.05708,0.02256
crops/hibogi_ai_03333_png_8.jpg,hibogi_ai_03333_png,HIBOGI_AI_03333_png_jpg.rf.47643e6b931d62469b61dec4d869532a.jpg,,0,0,no_caries,no_caries,0.3905,0.39051,0.35904,0.19646,0.05399
crops/hibogi_ai_03333_png_9.jpg,hibogi_ai_03333_png,HIBOGI_AI_03333_png_jpg.rf.47643e6b931d62469b61dec4d869532a.jpg,,3,0,moderate,no_caries,0.4073,0.40732,0.20686,0.37564,0.01018
crops/hibogi_ai_03336_png_0.jpg,hibogi_ai_03336_png,HIBOGI_AI_03336_png_jpg.rf.9d2ea201f12f33f7124eca9d4f01324e.jpg,,5,0,advanced,moderate,0.8702,0.00349,0.11239,0.87023,0.01389
crops/hibogi_ai_03336_png_1.jpg,hibogi_ai_03336_png,HIBOGI_AI_03336_png_jpg.rf.9d2ea201f12f33f7124eca9d4f01324e.jpg,,5,0,advanced,moderate,0.8724,0.00231,0.07851,0.87244,0.04674
crops/hibogi_ai_03336_png_2.jpg,hibogi_ai_03336_png,HIBOGI_AI_03336_png_jpg.rf.9d2ea201f12f33f7124eca9d4f01324e.jpg,,5,0,advanced,advanced,0.6476,0.00081,0.00243,0.34918,0.64758
crops/hibogi_ai_03336_png_3.jpg,hibogi_ai_03336_png,HIBOGI_AI_03336_png_jpg.rf.9d2ea201f12f33f7124eca9d4f01324e.jpg,,0,0,no_caries,no_caries,0.8442,0.84422,0.07659,0.02443,0.05476
crops/hibogi_ai_03336_png_4.jpg,hibogi_ai_03336_png,HIBOGI_AI_03336_png_jpg.rf.9d2ea201f12f33f7124eca9d4f01324e.jpg,,0,0,no_caries,no_caries,0.884,0.88398,0.03106,0.04525,0.03971
crops/hibogi_ai_03336_png_5.jpg,hibogi_ai_03336_png,HIBOGI_AI_03336_png_jpg.rf.9d2ea201f12f33f7124eca9d4f01324e.jpg,,0,0,no_caries,no_caries,0.8039,0.80395,0.06578,0.05396,0.0763
crops/hibogi_ai_03336_png_6.jpg,hibogi_ai_03336_png,HIBOGI_AI_03336_png_jpg.rf.9d2ea201f12f33f7124eca9d4f01324e.jpg,,0,0,no_caries,no_caries,0.881,0.88102,0.0342,0.04551,0.03927
crops/hibogi_ai_03336_png_7.jpg,hibogi_ai_03336_png,HIBOGI_AI_03336_png_jpg.rf.9d2ea201f12f33f7124eca9d4f01324e.jpg,,0,0,no_caries,no_caries,0.9222,0.92221,0.0117,0.02797,0.03812
crops/hibogi_ai_03336_png_8.jpg,hibogi_ai_03336_png,HIBOGI_AI_03336_png_jpg.rf.9d2ea201f12f33f7124eca9d4f01324e.jpg,,0,0,no_caries,no_caries,0.6929,0.69292,0.16493,0.04854,0.09361
crops/hibogi_ai_03336_png_9.jpg,hibogi_ai_03336_png,HIBOGI_AI_03336_png_jpg.rf.9d2ea201f12f33f7124eca9d4f01324e.jpg,,0,0,no_caries,mild,0.51,0.02101,0.51,0.46306,0.00593
crops/hibogi_ai_03336_png_10.jpg,hibogi_ai_03336_png,HIBOGI_AI_03336_png_jpg.rf.9d2ea201f12f33f7124eca9d4f01324e.jpg,,4,0,moderate,mild,0.5325,0.00437,0.53251,0.4531,0.01002
crops/hibogi_ai_03336_png_11.jpg,hibogi_ai_03336_png,HIBOGI_AI_03336_png_jpg.rf.9d2ea201f12f33f7124eca9d4f01324e.jpg,,5,0,advanced,advanced,0.7711,0.00811,0.01886,0.20191,0.77112
