crop,patient_id,image,fdi,icdas,fold,true,pred,confidence,p_no_caries,p_mild,p_moderate,p_advanced
crops/-10-_0.jpg,-10-,-10-_jpg.rf.85806b3c3d7496428912c8a14731318b.jpg,,0,0,no_caries,mild,0.4617,0.32951,0.46173,0.09822,0.11055
crops/-10-_1.jpg,-10-,-10-_jpg.rf.85806b3c3d7496428912c8a14731318b.jpg,,0,0,no_caries,no_caries,0.5234,0.52341,0.29524,0.15178,0.02957
crops/-10-_2.jpg,-10-,-10-_jpg.rf.85806b3c3d7496428912c8a14731318b.jpg,,0,0,no_caries,no_caries,0.4978,0.49777,0.34975,0.11494,0.03753
crops/-10-_3.jpg,-10-,-10-_jpg.rf.85806b3c3d7496428912c8a14731318b.jpg,,0,0,no_caries,no_caries,0.4741,0.47412,0.36966,0.11544,0.04078
crops/-10-_4.jpg,-10-,-10-_jpg.rf.85806b3c3d7496428912c8a14731318b.jpg,,2,0,mild,mild,0.4959,0.2777,0.49591,0.19131,0.03507
crops/-10-_5.jpg,-10-,-10-_jpg.rf.85806b3c3d7496428912c8a14731318b.jpg,,0,0,no_caries,mild,0.504,0.29904,0.50399,0.14726,0.0497
crops/-10-_6.jpg,-10-,-10-_jpg.rf.85806b3c3d7496428912c8a14731318b.jpg,,0,0,no_caries,no_caries,0.4212,0.42124,0.41977,0.11444,0.04454
crops/-10-_7.jpg,-10-,-10-_jpg.rf.85806b3c3d7496428912c8a14731318b.jpg,,0,0,no_caries,mild,0.4346,0.3963,0.43462,0.11912,0.04996
crops/-10-_8.jpg,-10-,-10-_jpg.rf.85806b3c3d7496428912c8a14731318b.jpg,,0,0,no_caries,mild,0.5179,0.32708,0.51789,0.10194,0.05309
crops/-10-_9.jpg,-10-,-10-_jpg.rf.85806b3c3d7496428912c8a14731318b.jpg,,2,0,mild,mild,0.5641,0.20568,0.56408,0.16673,0.06351
crops/-10-_10.jpg,-10-,-10-_jpg.rf.85806b3c3d7496428912c8a14731318b.jpg,,5,0,advanced,advanced,0.7116,0.02989,0.14143,0.11703,0.71165
crops/-10-_11.jpg,-10-,-10-_jpg.rf.85806b3c3d7496428912c8a14731318b.jpg,,0,0,no_caries,mild,0.4968,0.26179,0.49677,0.14901,0.09243
crops/-10-_12.jpg,-10-,-10-_jpg.rf.85806b3c3d7496428912c8a14731318b.jpg,,0,0,no_caries,mild,0.5042,0.37938,0.5042,0.08031,0.0361
crops/-10-_13.jpg,-10-,-10-_jpg.rf.85806b3c3d7496428912c8a14731318b.jpg,,0,0,no_caries,no_caries,0.5513,0.5513,0.31365,0.10218,0.03287
crops/-10-_14.jpg,-10-,-10-_jpg.rf.85806b3c3d7496428912c8a14731318b.jpg,,0,0,no_caries,no_caries,0.57,0.57,0.28177,0.11059,0.03764
crops/-10-_15.jpg,-10-,-10-_jpg.rf.85806b3c3d7496428912c8a14731318b.jpg,,0,0,no_caries,no_caries,0.5636,0.56357,0.25563,0.14755,0.03326
crops/-10-_16.jpg,-10-,-10-_jpg.rf.85806b3c3d7496428912c8a14731318b.jpg,,0,0,no_caries,no_caries,0.4419,0.44194,0.36628,0.15431,0.03747
crops/-10-_17.jpg,-10-,-10-_jpg.rf.85806b3c3d7496428912c8a14731318b.jpg,,2,0,mild,mild,0.5509,0.30845,0.55095,0.11185,0.02876
crops/-10-_18.jpg,-10-,-10-_jpg.rf.85806b3c3d7496428912c8a14731318b.jpg,,0,0,no_caries,mild,0.55,0.26344,0.54998,0.13336,0.05323
crops/-10-_19.jpg,-10-,-10-_jpg.rf.85806b3c3d7496428912c8a14731318b.jpg,,5,0,advanced,advanced,0.6867,0.00474,0.09414,0.21441,0.68671
crops/-10-_20.jpg,-10-,-10-_jpg.rf.85806b3c3d7496428912c8a14731318b.jpg,,2,0,mild,mild,0.6962,0.05057,0.69621,0.20705,0.04617
crops/-10-_21.jpg,-10-,-10-_jpg.rf.85806b3c3d7496428912c8a14731318b.jpg,,2,0,mild,mild,0.559,0.33614,0.55898,0.07901,0.02587
crops/-10-_22.jpg,-10-,-10-_jpg.rf.85806b3c3d7496428912c8a14731318b.jpg,,0,0,no_caries,mild,0.5121,0.3578,0.5121,0.10657,0.02352
crops/-10-_23.jpg,-10-,-10-_jpg.rf.85806b3c3d7496428912c8a14731318b.jpg,,0,0,no_caries,no_caries,0.5221,0.52214,0.34925,0.10271,0.02591
crops/-10-_24.jpg,-10-,-10-_jpg.rf.85806b3c3d7496428912c8a14731318b.jpg,,0,0,no_caries,no_caries,0.674,0.67404,0.258,0.05918,0.00878
crops/-10-_25.jpg,-10-,-10-_jpg.rf.85806b3c3d7496428912c8a14731318b.jpg,,0,0,no_caries,no_caries,0.4677,0.46769,0.31911,0.13702,0.07618
crops/005_00259_03_a091_0.jpg,005_00259_03_a091,005_00259_03_a091_jpg.rf.1c375e438ab34508efd1738845150cd0.jpg,,1,0,mild,mild,0.4645,0.3762,0.46453,0.10685,0.05242
crops/005_00259_03_a091_1.jpg,005_00259_03_a091,005_00259_03_a091_jpg.rf.1c375e438ab34508efd1738845150cd0.jpg,,1,0,mild,no_caries,0.5107,0.51073,0.23113,0.17987,0.07826
crops/005_00259_03_a091_2.jpg,005_00259_03_a091,005_00259_03_a091_jpg.rf.1c375e438ab34508efd1738845150cd0.jpg,,0,0,no_caries,no_caries,0.6651,0.66507,0.19466,0.09485,0.04542
crops/005_00259_03_a091_3.jpg,005_00259_03_a091,005_00259_03_a091_jpg.rf.1c375e438ab34508efd1738845150cd0.jpg,,5,0,advanced,advanced,0.5606,0.03115,0.08835,0.31995,0.56056
crops/005_00259_03_a091_4.jpg,005_00259_03_a091,005_00259_03_a091_jpg.rf.1c375e438ab34508efd1738845150cd0.jpg,,0,0,no_caries,no_caries,0.3328,0.33279,0.32385,0.2143,0.12906
crops/005_00259_03_a091_5.jpg,005_00259_03_a091,005_00259_03_a091_jpg.rf.1c375e438ab34508efd1738845150cd0.jpg,,0,0,no_caries,no_caries,0.3958,0.39581,0.36627,0.18488,0.05304
crops/005_00259_03_a091_6.jpg,005_00259_03_a091,005_00259_03_a091_jpg.rf.1c375e438ab34508efd1738845150cd0.jpg,,0,0,no_caries,no_caries,0.6974,0.69736,0.1588,0.11092,0.03293
crops/005_00259_03_a091_7.jpg,005_00259_03_a091,005_00259_03_a091_jpg.rf.1c375e438ab34508efd1738845150cd0.jpg,,0,0,no_caries,no_caries,0.6627,0.66273,0.1961,0.10137,0.0398
crops/005_00259_03_a091_8.jpg,005_00259_03_a091,005_00259_03_a091_jpg.rf.1c375e438ab34508efd1738845150cd0.jpg,,0,0,no_caries,no_caries,0.562,0.562,0.25012,0.14742,0.04045
crops/005_00259_03_a091_9.jpg,005_00259_03_a091,005_00259_03_a091_jpg.rf.1c375e438ab34508efd1738845150cd0.jpg,,0,0,no_caries,no_caries,0.6848,0.68475,0.14178,0.14679,0.02668
crops/005_00259_03_a091_10.jpg,005_00259_03_a091,005_00259_03_a091_jpg.rf.1c375e438ab34508efd1738845150cd0.jpg,,0,0,no_caries,no_caries,0.7696,0.76959,0.06214,0.10963,0.05863
crops/010_00506_10_a091_0.jpg,010_00506_10_a091,010_00506_10_a091_jpg.rf.c57782fddd7535d7e2b351508322fb8e.jpg,,2,0,mild,moderate,0.5406,0.09111,0.28109,0.54061,0.08719
crops/010_00506_10_a091_1.jpg,010_00506_10_a091,010_00506_10_a091_jpg.rf.c57782fddd7535d7e2b351508322fb8e.jpg,,4,0,moderate,mild,0.4169,0.11518,0.41689,0.41409,0.05383
crops/010_00506_10_a091_2.jpg,010_00506_10_a091,010_00506_10_a091_jpg.rf.c57782fddd7535d7e2b351508322fb8e.jpg,,2,0,mild,no_caries,0.7072,0.70718,0.17587,0.07458,0.04236
crops/010_00506_10_a091_3.jpg,010_00506_10_a091,010_00506_10_a091_jpg.rf.c57782fddd7535d7e2b351508322fb8e.jpg,,4,0,moderate,no_caries,0.8089,0.8089,0.11836,0.0545,0.01824
crops/010_00506_10_a091_4.jpg,010_00506_10_a091,010_00506_10_a091_jpg.rf.c57782fddd7535d7e2b351508322fb8e.jpg,,3,0,moderate,no_caries,0.4196,0.41963,0.40279,0.09454,0.08304
crops/010_00506_10_a091_5.jpg,010_00506_10_a091,010_00506_10_a091_jpg.rf.c57782fddd7535d7e2b351508322fb8e.jpg,,0,0,no_caries,no_caries,0.7405,0.74053,0.07636,0.14321,0.0399
crops/010_00506_10_a091_6.jpg,010_00506_10_a091,010_00506_10_a091_jpg.rf.c57782fddd7535d7e2b351508322fb8e.jpg,,0,0,no_caries,no_caries,0.8238,0.82378,0.03586,0.11428,0.02608
crops/010_00550_12_a091_0.jpg,010_00550_12_a091,010_00550_12_a091_jpg.rf.1c3993d9b87000928c818765215902ac.jpg,,3,0,moderate,no_caries,0.5034,0.50337,0.29345,0.191,0.01219
crops/010_00550_12_a091_1.jpg,010_00550_12_a091,010_00550_12_a091_jpg.rf.1c3993d9b87000928c818765215902ac.jpg,,0,0,no_caries,mild,0.4798,0.38823,0.47983,0.10742,0.02452
crops/010_00550_12_a091_2.jpg,010_00550_12_a091,010_00550_12_a091_jpg.rf.1c3993d9b87000928c818765215902ac.jpg,,0,0,no_caries,no_caries,0.8262,0.82618,0.1109,0.05405,0.00887
crops/010_00550_12_a091_3.jpg,010_00550_12_a091,010_00550_12_a091_jpg.rf.1c3993d9b87000928c818765215902ac.jpg,,0,0,no_caries,no_caries,0.5234,0.52337,0.35235,0.1059,0.01837
crops/010_00550_12_a091_4.jpg,010_00550_12_a091,010_00550_12_a091_jpg.rf.1c3993d9b87000928c818765215902ac.jpg,,2,0,mild,no_caries,0.4227,0.42274,0.38081,0.14039,0.05606
crops/010_00550_12_a091_5.jpg,010_00550_12_a091,010_00550_12_a091_jpg.rf.1c3993d9b87000928c818765215902ac.jpg,,2,0,mild,no_caries,0.4914,0.49137,0.27883,0.17541,0.05439
crops/010_00550_12_a091_6.jpg,010_00550_12_a091,010_00550_12_a091_jpg.rf.1c3993d9b87000928c818765215902ac.jpg,,0,0,no_caries,mild,0.7373,0.13577,0.73727,0.07498,0.05197
crops/010_00550_12_a091_7.jpg,010_00550_12_a091,010_00550_12_a091_jpg.rf.1c3993d9b87000928c818765215902ac.jpg,,1,0,mild,mild,0.4724,0.3026,0.47241,0.18481,0.04018
crops/010_00550_12_a091_8.jpg,010_00550_12_a091,010_00550_12_a091_jpg.rf.1c3993d9b87000928c818765215902ac.jpg,,3,0,moderate,moderate,0.5933,0.03652,0.35271,0.59328,0.01749
crops/010_00550_12_a091_9.jpg,010_00550_12_a091,010_00550_12_a091_jpg.rf.1c3993d9b87000928c818765215902ac.jpg,,3,0,moderate,moderate,0.5577,0.06546,0.31738,0.5577,0.05945
crops/011_00510_05_a091_0.jpg,011_00510_05_a091,011_00510_05_a091_jpg.rf.7e1bf798d94c1cc8027e98105193c7fc.jpg,,0,0,no_caries,no_caries,0.4404,0.44043,0.14448,0.17715,0.23794
crops/011_00510_05_a091_1.jpg,011_00510_05_a091,011_00510_05_a091_jpg.rf.7e1bf798d94c1cc8027e98105193c7fc.jpg,,0,0,no_caries,no_caries,0.5265,0.5265,0.36348,0.08328,0.02674
crops/011_00510_05_a091_2.jpg,011_00510_05_a091,011_00510_05_a091_jpg.rf.7e1bf798d94c1cc8027e98105193c7fc.jpg,,0,0,no_caries,no_caries,0.4584,0.45836,0.43013,0.08231,0.0292
crops/011_00510_05_a091_3.jpg,011_00510_05_a091,011_00510_05_a091_jpg.rf.7e1bf798d94c1cc8027e98105193c7fc.jpg,,1,0,mild,moderate,0.4911,0.19305,0.19635,0.4911,0.1195
crops/011_00510_05_a091_4.jpg,011_00510_05_a091,011_00510_05_a091_jpg.rf.7e1bf798d94c1cc8027e98105193c7fc.jpg,,1,0,mild,mild,0.5466,0.31203,0.54655,0.12423,0.01718
crops/011_00510_05_a091_5.jpg,011_00510_05_a091,011_00510_05_a091_jpg.rf.7e1bf798d94c1cc8027e98105193c7fc.jpg,,0,0,no_caries,no_caries,0.524,0.52402,0.35027,0.10226,0.02345
crops/011_00510_05_a091_6.jpg,011_00510_05_a091,011_00510_05_a091_jpg.rf.7e1bf798d94c1cc8027e98105193c7fc.jpg,,0,0,no_caries,no_caries,0.4154,0.41539,0.25268,0.25189,0.08004
crops/011_00510_05_a091_7.jpg,011_00510_05_a091,011_00510_05_a091_jpg.rf.7e1bf798d94c1cc8027e98105193c7fc.jpg,,0,0,no_caries,no_caries,0.6513,0.65132,0.23016,0.07404,0.04448
crops/012_00399_07_a091_0.jpg,012_00399_07_a091,012_00399_07_a091_jpg.rf.d006f8edf3351c3cf1b06aaddb42c194.jpg,,5,0,advanced,advanced,0.8428,0.01446,0.11107,0.03164,0.84283
crops/012_00399_07_a091_1.jpg,012_00399_07_a091,012_00399_07_a091_jpg.rf.d006f8edf3351c3cf1b06aaddb42c194.jpg,,5,0,advanced,advanced,0.8109,0.02079,0.08606,0.08228,0.81087
crops/012_00399_07_a091_2.jpg,012_00399_07_a091,012_00399_07_a091_jpg.rf.d006f8edf3351c3cf1b06aaddb42c194.jpg,,2,0,mild,mild,0.4254,0.15477,0.42541,0.29521,0.12461
crops/012_00399_07_a091_3.jpg,012_00399_07_a091,012_00399_07_a091_jpg.rf.d006f8edf3351c3cf1b06aaddb42c194.jpg,,1,0,mild,no_caries,0.5683,0.56825,0.32354,0.0636,0.04461
crops/012_00399_07_a091_4.jpg,012_00399_07_a091,012_00399_07_a091_jpg.rf.d006f8edf3351c3cf1b06aaddb42c194.jpg,,0,0,no_caries,no_caries,0.6711,0.67114,0.25967,0.04246,0.02673
crops/012_00399_07_a091_5.jpg,012_00399_07_a091,012_00399_07_a091_jpg.rf.d006f8edf3351c3cf1b06aaddb42c194.jpg,,0,0,no_caries,no_caries,0.8278,0.8278,0.11458,0.03171,0.02591
crops/012_00399_07_a091_6.jpg,012_00399_07_a091,012_00399_07_a091_jpg.rf.d006f8edf3351c3cf1b06aaddb42c194.jpg,,0,0,no_caries,moderate,0.3676,0.20254,0.2988,0.36758,0.13108
crops/1072_0.jpg,1072,1072_jpg.rf.3e4e844152f26b9de1845e90170c2635.jpg,,2,0,mild,mild,0.3567,0.15353,0.35675,0.3239,0.16582
crops/1072_1.jpg,1072,1072_jpg.rf.3e4e844152f26b9de1845e90170c2635.jpg,,4,0,moderate,advanced,0.484,0.03145,0.08152,0.40302,0.484
crops/1072_2.jpg,1072,1072_jpg.rf.3e4e844152f26b9de1845e90170c2635.jpg,,0,0,no_caries,no_caries,0.5406,0.54063,0.26235,0.1341,0.06293
crops/1072_3.jpg,1072,1072_jpg.rf.3e4e844152f26b9de1845e90170c2635.jpg,,6,0,advanced,advanced,0.956,0.00167,0.02217,0.02015,0.95602
crops/1072_4.jpg,1072,1072_jpg.rf.3e4e844152f26b9de1845e90170c2635.jpg,,0,0,no_caries,no_caries,0.6888,0.68882,0.11899,0.09908,0.0931
crops/1072_5.jpg,1072,1072_jpg.rf.3e4e844152f26b9de1845e90170c2635.jpg,,0,0,no_caries,no_caries,0.7729,0.77294,0.13835,0.06012,0.02859
crops/1072_6.jpg,1072,1072_jpg.rf.3e4e844152f26b9de1845e90170c2635.jpg,,5,0,advanced,advanced,0.9274,0.00424,0.02697,0.04135,0.92744
crops/1072_7.jpg,1072,1072_jpg.rf.3e4e844152f26b9de1845e90170c2635.jpg,,5,0,advanced,moderate,0.7244,0.00908,0.07644,0.72443,0.19005
crops/1072_8.jpg,1072,1072_jpg.rf.3e4e844152f26b9de1845e90170c2635.jpg,,6,0,advanced,advanced,0.9904,0.00045,0.00373,0.00545,0.99038
crops/1072_9.jpg,1072,1072_jpg.rf.3e4e844152f26b9de1845e90170c2635.jpg,,2,0,mild,mild,0.3563,0.24552,0.35632,0.35265,0.04552
crops/1075_0.jpg,1075,1075_jpg.rf.66052dcff065fd43fa2f791130671ffa.jpg,,0,0,no_caries,no_caries,0.6303,0.6303,0.21479,0.09314,0.06177
crops/1075_1.jpg,1075,1075_jpg.rf.66052dcff065fd43fa2f791130671ffa.jpg,,0,0,no_caries,no_caries,0.5501,0.55012,0.1919,0.19767,0.0603
crops/1075_2.jpg,1075,1075_jpg.rf.66052dcff065fd43fa2f791130671ffa.jpg,,5,0,advanced,advanced,0.4548,0.06202,0.07977,0.40339,0.45481
crops/1075_3.jpg,1075,1075_jpg.rf.66052dcff065fd43fa2f791130671ffa.jpg,,2,0,mild,no_caries,0.3682,0.36823,0.35717,0.13944,0.13516
crops/1075_4.jpg,1075,1075_jpg.rf.66052dcff065fd43fa2f791130671ffa.jpg,,2,0,mild,mild,0.4363,0.19541,0.43627,0.17436,0.19396
crops/1075_5.jpg,1075,1075_jpg.rf.66052dcff065fd43fa2f791130671ffa.jpg,,3,0,moderate,moderate,0.5447,0.10702,0.08367,0.54473,0.26458
crops/1075_6.jpg,1075,1075_jpg.rf.66052dcff065fd43fa2f791130671ffa.jpg,,3,0,moderate,mild,0.6041,0.05365,0.60407,0.22812,0.11415
crops/1075_7.jpg,1075,1075_jpg.rf.66052dcff065fd43fa2f791130671ffa.jpg,,0,0,no_caries,moderate,0.5387,0.03461,0.34219,0.53866,0.08454
crops/1075_8.jpg,1075,1075_jpg.rf.66052dcff065fd43fa2f791130671ffa.jpg,,0,0,no_caries,mild,0.4788,0.24886,0.47875,0.18076,0.09163
crops/1075_9.jpg,1075,1075_jpg.rf.66052dcff065fd43fa2f791130671ffa.jpg,,0,0,no_caries,mild,0.4098,0.18632,0.40978,0.22343,0.18047
crops/1075_10.jpg,1075,1075_jpg.rf.66052dcff065fd43fa2f791130671ffa.jpg,,2,0,mild,mild,0.5471,0.1974,0.54706,0.17242,0.08312
crops/1075_11.jpg,1075,1075_jpg.rf.66052dcff065fd43fa2f791130671ffa.jpg,,2,0,mild,no_caries,0.5745,0.57445,0.32128,0.08839,0.01588
crops/1075_12.jpg,1075,1075_jpg.rf.66052dcff065fd43fa2f791130671ffa.jpg,,2,0,mild,mild,0.6848,0.07164,0.68476,0.13872,0.10489
crops/1075_13.jpg,1075,1075_jpg.rf.66052dcff065fd43fa2f791130671ffa.jpg,,2,0,mild,mild,0.4025,0.36743,0.40251,0.14397,0.08609
crops/1075_14.jpg,1075,1075_jpg.rf.66052dcff065fd43fa2f791130671ffa.jpg,,2,0,mild,no_caries,0.6248,0.62485,0.23205,0.1088,0.0343
crops/1075_15.jpg,1075,1075_jpg.rf.66052dcff065fd43fa2f791130671ffa.jpg,,0,0,no_caries,mild,0.6688,0.05468,0.66881,0.12313,0.15338
crops/1098_0.jpg,1098,1098_jpg.rf.545738cfad6445d62ee517152cad615f.jpg,,0,0,no_caries,no_caries,0.7979,0.79786,0.05071,0.08365,0.06778
crops/1098_1.jpg,1098,1098_jpg.rf.545738cfad6445d62ee517152cad615f.jpg,,0,0,no_caries,no_caries,0.6239,0.62387,0.19703,0.10024,0.07886
crops/1098_2.jpg,1098,1098_jpg.rf.545738cfad6445d62ee517152cad615f.jpg,,0,0,no_caries,no_caries,0.5356,0.53561,0.16562,0.20651,0.09226
crops/1098_3.jpg,1098,1098_jpg.rf.545738cfad6445d62ee517152cad615f.jpg,,0,0,no_caries,no_caries,0.7288,0.7288,0.10884,0.10527,0.05709
crops/1098_4.jpg,1098,1098_jpg.rf.545738cfad6445d62ee517152cad615f.jpg,,0,0,no_caries,no_caries,0.6737,0.67366,0.22783,0.06087,0.03764
crops/1098_5.jpg,1098,1098_jpg.rf.545738cfad6445d62ee517152cad615f.jpg,,0,0,no_caries,no_caries,0.8014,0.8014,0.07709,0.0888,0.03271
crops/1098_6.jpg,1098,1098_jpg.rf.545738cfad6445d62ee517152cad615f.jpg,,0,0,no_caries,no_caries,0.8161,0.81605,0.06962,0.0701,0.04423
crops/1098_7.jpg,1098,1098_jpg.rf.545738cfad6445d62ee517152cad615f.jpg,,0,0,no_caries,no_caries,0.8506,0.85058,0.04948,0.06105,0.0389
crops/1098_8.jpg,1098,1098_jpg.rf.545738cfad6445d62ee517152cad615f.jpg,,0,0,no_caries,no_caries,0.8193,0.81933,0.05145,0.08661,0.04262
crops/1098_9.jpg,1098,1098_jpg.rf.545738cfad6445d62ee517152cad615f.jpg,,0,0,no_caries,no_caries,0.7587,0.75874,0.14871,0.05616,0.03639
crops/1098_10.jpg,1098,1098_jpg.rf.545738cfad6445d62ee517152cad615f.jpg,,0,0,no_caries,no_caries,0.7396,0.73964,0.11483,0.09696,0.04857
crops/1098_11.jpg,1098,1098_jpg.rf.545738cfad6445d62ee517152cad615f.jpg,,0,0,no_caries,no_caries,0.5336,0.53362,0.28082,0.09092,0.09465
crops/1098_12.jpg,1098,1098_jpg.rf.545738cfad6445d62ee517152cad615f.jpg,,0,0,no_caries,no_caries,0.5161,0.51607,0.27961,0.14898,0.05533
crops/1098_13.jpg,1098,1098_jpg.rf.545738cfad6445d62ee517152cad615f.jpg,,0,0,no_caries,no_caries,0.6219,0.62192,0.27557,0.06098,0.04153
crops/1098_14.jpg,1098,1098_jpg.rf.545738cfad6445d62ee517152cad615f.jpg,,2,0,mild,no_caries,0.489,0.48902,0.38542,0.08896,0.0366
crops/1098_15.jpg,1098,1098_jpg.rf.545738cfad6445d62ee517152cad615f.jpg,,0,0,no_caries,no_caries,0.5632,0.56325,0.28011,0.09836,0.05828
crops/1098_16.jpg,1098,1098_jpg.rf.545738cfad6445d62ee517152cad615f.jpg,,0,0,no_caries,no_caries,0.6096,0.60956,0.23799,0.07917,0.07328
crops/1098_17.jpg,1098,1098_jpg.rf.545738cfad6445d62ee517152cad615f.jpg,,0,0,no_caries,no_caries,0.6341,0.63415,0.15168,0.15093,0.06324
crops/1098_18.jpg,1098,1098_jpg.rf.545738cfad6445d62ee517152cad615f.jpg,,0,0,no_caries,no_caries,0.814,0.81403,0.06058,0.08924,0.03616
crops/1098_19.jpg,1098,1098_jpg.rf.545738cfad6445d62ee517152cad615f.jpg,,0,0,no_caries,no_caries,0.8523,0.85229,0.03353,0.07564,0.03854
crops/1098_20.jpg,1098,1098_jpg.rf.545738cfad6445d62ee517152cad615f.jpg,,0,0,no_caries,no_caries,0.8426,0.84259,0.05991,0.05193,0.04557
crops/1098_21.jpg,1098,1098_jpg.rf.545738cfad6445d62ee517152cad615f.jpg,,0,0,no_caries,no_caries,0.5683,0.56833,0.31144,0.06467,0.05556
crops/1098_22.jpg,1098,1098_jpg.rf.545738cfad6445d62ee517152cad615f.jpg,,0,0,no_caries,no_caries,0.6082,0.6082,0.18164,0.12923,0.08093
crops/1196_0.jpg,1196,1196_jpg.rf.d4ab9650b2b381e81c1ba7847380b18f.jpg,,0,0,no_caries,no_caries,0.6294,0.6294,0.2262,0.09853,0.04587
crops/1196_1.jpg,1196,1196_jpg.rf.d4ab9650b2b381e81c1ba7847380b18f.jpg,,5,0,advanced,advanced,0.8577,0.0145,0.09482,0.03301,0.85767
crops/1196_2.jpg,1196,1196_jpg.rf.d4ab9650b2b381e81c1ba7847380b18f.jpg,,5,0,advanced,advanced,0.8599,0.00393,0.08713,0.04904,0.8599
crops/1196_3.jpg,1196,1196_jpg.rf.d4ab9650b2b381e81c1ba7847380b18f.jpg,,5,0,advanced,mild,0.4989,0.03281,0.49888,0.06602,0.40228
crops/1196_4.jpg,1196,1196_jpg.rf.d4ab9650b2b381e81c1ba7847380b18f.jpg,,5,0,advanced,advanced,0.9833,0.00222,0.00826,0.0062,0.98331
crops/1196_5.jpg,1196,1196_jpg.rf.d4ab9650b2b381e81c1ba7847380b18f.jpg,,0,0,no_caries,no_caries,0.505,0.50504,0.16784,0.25414,0.07298
crops/1196_6.jpg,1196,1196_jpg.rf.d4ab9650b2b381e81c1ba7847380b18f.jpg,,0,0,no_caries,no_caries,0.5674,0.56738,0.33178,0.07988,0.02096
crops/1196_7.jpg,1196,1196_jpg.rf.d4ab9650b2b381e81c1ba7847380b18f.jpg,,0,0,no_caries,no_caries,0.6514,0.65144,0.25179,0.07956,0.01721
crops/1196_8.jpg,1196,1196_jpg.rf.d4ab9650b2b381e81c1ba7847380b18f.jpg,,0,0,no_caries,no_caries,0.6095,0.60946,0.20093,0.15306,0.03655
crops/1196_9.jpg,1196,1196_jpg.rf.d4ab9650b2b381e81c1ba7847380b18f.jpg,,0,0,no_caries,no_caries,0.5373,0.53728,0.23557,0.19542,0.03173
crops/1196_10.jpg,1196,1196_jpg.rf.d4ab9650b2b381e81c1ba7847380b18f.jpg,,0,0,no_caries,no_caries,0.4996,0.49956,0.2805,0.17038,0.04956
crops/1196_11.jpg,1196,1196_jpg.rf.d4ab9650b2b381e81c1ba7847380b18f.jpg,,0,0,no_caries,no_caries,0.6223,0.62229,0.19612,0.10769,0.0739
crops/1196_12.jpg,1196,1196_jpg.rf.d4ab9650b2b381e81c1ba7847380b18f.jpg,,0,0,no_caries,no_caries,0.6093,0.60927,0.22428,0.11466,0.0518
crops/1196_13.jpg,1196,1196_jpg.rf.d4ab9650b2b381e81c1ba7847380b18f.jpg,,0,0,no_caries,moderate,0.3634,0.27207,0.30295,0.36338,0.0616
crops/1254_0.jpg,1254,1254_jpg.rf.cc9b5365254dd173e476dfe053387d0c.jpg,,0,0,no_caries,no_caries,0.7243,0.7243,0.1178,0.10475,0.05315
crops/1254_1.jpg,1254,1254_jpg.rf.cc9b5365254dd173e476dfe053387d0c.jpg,,0,0,no_caries,no_caries,0.8114,0.81138,0.10147,0.06445,0.02269
crops/1254_2.jpg,1254,1254_jpg.rf.cc9b5365254dd173e476dfe053387d0c.jpg,,0,0,no_caries,no_caries,0.6873,0.68729,0.15581,0.12225,0.03465
crops/1254_3.jpg,1254,1254_jpg.rf.cc9b5365254dd173e476dfe053387d0c.jpg,,0,0,no_caries,no_caries,0.6551,0.65508,0.24136,0.0836,0.01997
crops/1254_4.jpg,1254,1254_jpg.rf.cc9b5365254dd173e476dfe053387d0c.jpg,,0,0,no_caries,no_caries,0.7709,0.77094,0.12073,0.07213,0.03619
crops/1254_5.jpg,1254,1254_jpg.rf.cc9b5365254dd173e476dfe053387d0c.jpg,,0,0,no_caries,mild,0.417,0.19747,0.41698,0.34855,0.037
crops/1254_6.jpg,1254,1254_jpg.rf.cc9b5365254dd173e476dfe053387d0c.jpg,,0,0,no_caries,no_caries,0.442,0.44199,0.33417,0.18998,0.03386
crops/1254_7.jpg,1254,1254_jpg.rf.cc9b5365254dd173e476dfe053387d0c.jpg,,0,0,no_caries,no_caries,0.5995,0.59946,0.29884,0.07445,0.02725
crops/1254_8.jpg,1254,1254_jpg.rf.cc9b5365254dd173e476dfe053387d0c.jpg,,0,0,no_caries,no_caries,0.4546,0.4546,0.39805,0.10996,0.0374
crops/1258_0.jpg,1258,1258_jpg.rf.69751d47803d4ac3761186be51de6ca7.jpg,,0,0,no_caries,mild,0.642,0.24045,0.64196,0.08705,0.03054
crops/1258_1.jpg,1258,1258_jpg.rf.69751d47803d4ac3761186be51de6ca7.jpg,,0,0,no_caries,no_caries,0.7137,0.71374,0.16248,0.07498,0.04879
crops/1258_2.jpg,1258,1258_jpg.rf.69751d47803d4ac3761186be51de6ca7.jpg,,0,0,no_caries,no_caries,0.489,0.48901,0.29022,0.14082,0.07994
crops/1258_3.jpg,1258,1258_jpg.rf.69751d47803d4ac3761186be51de6ca7.jpg,,0,0,no_caries,no_caries,0.5295,0.52952,0.25645,0.15394,0.06009
crops/1258_4.jpg,1258,1258_jpg.rf.69751d47803d4ac3761186be51de6ca7.jpg,,0,0,no_caries,no_caries,0.5409,0.54086,0.26966,0.13303,0.05645
crops/1258_5.jpg,1258,1258_jpg.rf.69751d47803d4ac3761186be51de6ca7.jpg,,0,0,no_caries,mild,0.4896,0.42439,0.48963,0.05031,0.03568
crops/1258_6.jpg,1258,1258_jpg.rf.69751d47803d4ac3761186be51de6ca7.jpg,,5,0,advanced,mild,0.574,0.21929,0.57403,0.11174,0.09494
crops/1258_7.jpg,1258,1258_jpg.rf.69751d47803d4ac3761186be51de6ca7.jpg,,5,0,advanced,no_caries,0.5118,0.51181,0.32078,0.12836,0.03905
crops/1258_8.jpg,1258,1258_jpg.rf.69751d47803d4ac3761186be51de6ca7.jpg,,1,0,mild,no_caries,0.6665,0.6665,0.17021,0.13375,0.02954
crops/1258_9.jpg,1258,1258_jpg.rf.69751d47803d4ac3761186be51de6ca7.jpg,,0,0,no_caries,no_caries,0.637,0.63696,0.20633,0.10978,0.04693
crops/1258_10.jpg,1258,1258_jpg.rf.69751d47803d4ac3761186be51de6ca7.jpg,,0,0,no_caries,no_caries,0.4281,0.42813,0.35079,0.15912,0.06195
crops/1258_11.jpg,1258,1258_jpg.rf.69751d47803d4ac3761186be51de6ca7.jpg,,0,0,no_caries,mild,0.5532,0.27676,0.55317,0.13106,0.03901
crops/1258_12.jpg,1258,1258_jpg.rf.69751d47803d4ac3761186be51de6ca7.jpg,,0,0,no_caries,no_caries,0.4627,0.46269,0.39114,0.07878,0.06738
crops/1258_13.jpg,1258,1258_jpg.rf.69751d47803d4ac3761186be51de6ca7.jpg,,0,0,no_caries,mild,0.5756,0.20326,0.57556,0.18854,0.03264
crops/1258_14.jpg,1258,1258_jpg.rf.69751d47803d4ac3761186be51de6ca7.jpg,,0,0,no_caries,mild,0.4919,0.3595,0.4919,0.10712,0.04147
crops/1258_15.jpg,1258,1258_jpg.rf.69751d47803d4ac3761186be51de6ca7.jpg,,0,0,no_caries,no_caries,0.7669,0.76691,0.12377,0.05838,0.05094
crops/1258_16.jpg,1258,1258_jpg.rf.69751d47803d4ac3761186be51de6ca7.jpg,,5,0,advanced,no_caries,0.4701,0.47008,0.40853,0.05944,0.06195
crops/1267_0.jpg,1267,1267_jpg.rf.5e476baeeb2f2f19876f26304f3ad4be.jpg,,1,0,mild,mild,0.5949,0.23811,0.59488,0.10953,0.05749
crops/1267_1.jpg,1267,1267_jpg.rf.5e476baeeb2f2f19876f26304f3ad4be.jpg,,3,0,moderate,moderate,0.4707,0.0154,0.10452,0.47073,0.40935
crops/1267_2.jpg,1267,1267_jpg.rf.5e476baeeb2f2f19876f26304f3ad4be.jpg,,6,0,advanced,advanced,0.5408,0.02423,0.18422,0.25071,0.54084
crops/1267_3.jpg,1267,1267_jpg.rf.5e476baeeb2f2f19876f26304f3ad4be.jpg,,3,0,moderate,mild,0.6728,0.08162,0.67277,0.1009,0.14471
crops/1267_4.jpg,1267,1267_jpg.rf.5e476baeeb2f2f19876f26304f3ad4be.jpg,,0,0,no_caries,no_caries,0.4323,0.43229,0.35619,0.16005,0.05146
crops/1267_5.jpg,1267,1267_jpg.rf.5e476baeeb2f2f19876f26304f3ad4be.jpg,,0,0,no_caries,mild,0.3584,0.31734,0.35841,0.25008,0.07417
crops/1267_6.jpg,1267,1267_jpg.rf.5e476baeeb2f2f19876f26304f3ad4be.jpg,,2,0,mild,mild,0.4437,0.02034,0.44368,0.09504,0.44094
crops/1267_7.jpg,1267,1267_jpg.rf.5e476baeeb2f2f19876f26304f3ad4be.jpg,,5,0,advanced,advanced,0.5557,0.03213,0.3236,0.08854,0.55574
crops/1267_8.jpg,1267,1267_jpg.rf.5e476baeeb2f2f19876f26304f3ad4be.jpg,,0,0,no_caries,mild,0.5865,0.28976,0.58647,0.06298,0.0608
crops/1267_9.jpg,1267,1267_jpg.rf.5e476baeeb2f2f19876f26304f3ad4be.jpg,,0,0,no_caries,no_caries,0.3816,0.38159,0.32846,0.19753,0.09242
crops/1267_10.jpg,1267,1267_jpg.rf.5e476baeeb2f2f19876f26304f3ad4be.jpg,,6,0,advanced,advanced,0.6953,0.02712,0.16792,0.10962,0.69534
crops/1267_11.jpg,1267,1267_jpg.rf.5e476baeeb2f2f19876f26304f3ad4be.jpg,,6,0,advanced,advanced,0.4576,0.14869,0.2946,0.09909,0.45762
crops/1267_12.jpg,1267,1267_jpg.rf.5e476baeeb2f2f19876f26304f3ad4be.jpg,,3,0,moderate,mild,0.4585,0.08416,0.45846,0.43387,0.0235
crops/1267_13.jpg,1267,1267_jpg.rf.5e476baeeb2f2f19876f26304f3ad4be.jpg,,2,0,mild,mild,0.4165,0.2447,0.41649,0.29652,0.04229
crops/1267_14.jpg,1267,1267_jpg.rf.5e476baeeb2f2f19876f26304f3ad4be.jpg,,3,0,moderate,moderate,0.8494,0.00377,0.12559,0.84941,0.02122
crops/1267_15.jpg,1267,1267_jpg.rf.5e476baeeb2f2f19876f26304f3ad4be.jpg,,2,0,mild,moderate,0.5745,0.02484,0.32165,0.57448,0.07903
crops/1267_16.jpg,1267,1267_jpg.rf.5e476baeeb2f2f19876f26304f3ad4be.jpg,,2,0,mild,moderate,0.622,0.04379,0.2052,0.62201,0.129
crops/1267_17.jpg,1267,1267_jpg.rf.5e476baeeb2f2f19876f26304f3ad4be.jpg,,2,0,mild,moderate,0.4411,0.1112,0.42894,0.44113,0.01872
crops/1267_18.jpg,1267,1267_jpg.rf.5e476baeeb2f2f19876f26304f3ad4be.jpg,,0,0,no_caries,mild,0.7484,0.09046,0.74836,0.12276,0.03842
crops/1267_19.jpg,1267,1267_jpg.rf.5e476baeeb2f2f19876f26304f3ad4be.jpg,,0,0,no_caries,no_caries,0.4778,0.47784,0.40577,0.08818,0.02821
crops/1267_20.jpg,1267,1267_jpg.rf.5e476baeeb2f2f19876f26304f3ad4be.jpg,,0,0,no_caries,no_caries,0.5999,0.59987,0.2694,0.10348,0.02726
crops/127_0.jpg,127,127_jpg.rf.aa57fa6ee4bacb3df04ad82673c8fcb0.jpg,,6,0,advanced,advanced,0.9828,0.00292,0.00852,0.00579,0.98278
crops/127_1.jpg,127,127_jpg.rf.aa57fa6ee4bacb3df04ad82673c8fcb0.jpg,,5,0,advanced,moderate,0.6724,0.0034,0.03375,0.67236,0.29049
crops/127_2.jpg,127,127_jpg.rf.aa57fa6ee4bacb3df04ad82673c8fcb0.jpg,,0,0,no_caries,mild,0.468,0.11746,0.46796,0.25791,0.15667
crops/127_3.jpg,127,127_jpg.rf.aa57fa6ee4bacb3df04ad82673c8fcb0.jpg,,0,0,no_caries,mild,0.4383,0.37944,0.43831,0.12351,0.05874
crops/127_4.jpg,127,127_jpg.rf.aa57fa6ee4bacb3df04ad82673c8fcb0.jpg,,0,0,no_caries,no_caries,0.5345,0.53452,0.23426,0.16626,0.06496
crops/1291_0.jpg,1291,1291_jpg.rf.3cdc5f511add5873f00a946cfd7e7431.jpg,,0,0,no_caries,mild,0.3719,0.26263,0.3719,0.32378,0.0417
crops/1291_1.jpg,1291,1291_jpg.rf.3cdc5f511add5873f00a946cfd7e7431.jpg,,0,0,no_caries,mild,0.4392,0.33397,0.43918,0.17536,0.05149
crops/1291_2.jpg,1291,1291_jpg.rf.3cdc5f511add5873f00a946cfd7e7431.jpg,,2,0,mild,mild,0.4785,0.06747,0.47848,0.19719,0.25685
crops/1291_3.jpg,1291,1291_jpg.rf.3cdc5f511add5873f00a946cfd7e7431.jpg,,3,0,moderate,no_caries,0.3621,0.36211,0.31371,0.23168,0.0925
crops/1291_4.jpg,1291,1291_jpg.rf.3cdc5f511add5873f00a946cfd7e7431.jpg,,1,0,mild,mild,0.4331,0.19023,0.43315,0.30657,0.07006
crops/1291_5.jpg,1291,1291_jpg.rf.3cdc5f511add5873f00a946cfd7e7431.jpg,,3,0,moderate,moderate,0.8652,0.00516,0.08501,0.86517,0.04466
crops/1291_6.jpg,1291,1291_jpg.rf.3cdc5f511add5873f00a946cfd7e7431.jpg,,3,0,moderate,moderate,0.5988,0.01171,0.12918,0.59882,0.26029
crops/1291_7.jpg,1291,1291_jpg.rf.3cdc5f511add5873f00a946cfd7e7431.jpg,,2,0,mild,mild,0.4959,0.1325,0.49589,0.21627,0.15534
crops/1291_8.jpg,1291,1291_jpg.rf.3cdc5f511add5873f00a946cfd7e7431.jpg,,0,0,no_caries,no_caries,0.5488,0.54881,0.31157,0.08886,0.05076
crops/1291_9.jpg,1291,1291_jpg.rf.3cdc5f511add5873f00a946cfd7e7431.jpg,,0,0,no_caries,no_caries,0.5271,0.52709,0.34864,0.07076,0.05352
crops/1291_10.jpg,1291,1291_jpg.rf.3cdc5f511add5873f00a946cfd7e7431.jpg,,0,0,no_caries,no_caries,0.4984,0.49842,0.3309,0.10732,0.06336
crops/1291_11.jpg,1291,1291_jpg.rf.3cdc5f511add5873f00a946cfd7e7431.jpg,,1,0,mild,no_caries,0.4158,0.4158,0.40056,0.0975,0.08614
crops/1291_12.jpg,1291,1291_jpg.rf.3cdc5f511add5873f00a946cfd7e7431.jpg,,1,0,mild,no_caries,0.7053,0.70529,0.16227,0.10618,0.02626
crops/1291_13.jpg,1291,1291_jpg.rf.3cdc5f511add5873f00a946cfd7e7431.jpg,,1,0,mild,no_caries,0.517,0.51696,0.30921,0.13546,0.03838
crops/1291_14.jpg,1291,1291_jpg.rf.3cdc5f511add5873f00a946cfd7e7431.jpg,,0,0,no_caries,no_caries,0.5591,0.55908,0.20679,0.19824,0.03589
crops/1291_15.jpg,1291,1291_jpg.rf.3cdc5f511add5873f00a946cfd7e7431.jpg,,0,0,no_caries,no_caries,0.5264,0.52641,0.2339,0.20419,0.0355
crops/1291_16.jpg,1291,1291_jpg.rf.3cdc5f511add5873f00a946cfd7e7431.jpg,,0,0,no_caries,no_caries,0.4872,0.48718,0.32526,0.12765,0.05991
crops/1291_17.jpg,1291,1291_jpg.rf.3cdc5f511add5873f00a946cfd7e7431.jpg,,0,0,no_caries,no_caries,0.4987,0.49868,0.32722,0.13975,0.03435
crops/1291_18.jpg,1291,1291_jpg.rf.3cdc5f511add5873f00a946cfd7e7431.jpg,,0,0,no_caries,no_caries,0.6494,0.6494,0.18123,0.10002,0.06935
crops/1291_19.jpg,1291,1291_jpg.rf.3cdc5f511add5873f00a946cfd7e7431.jpg,,0,0,no_caries,no_caries,0.6436,0.64357,0.18829,0.12687,0.04127
crops/1297_0.jpg,1297,1297_jpg.rf.719936eaba637f61e55179ad5dbdb77d.jpg,,0,0,no_caries,no_caries,0.5594,0.55942,0.2848,0.10216,0.05363
crops/1297_1.jpg,1297,1297_jpg.rf.719936eaba637f61e55179ad5dbdb77d.jpg,,0,0,no_caries,no_caries,0.5327,0.53271,0.33548,0.07771,0.0541
crops/1297_2.jpg,1297,1297_jpg.rf.719936eaba637f61e55179ad5dbdb77d.jpg,,0,0,no_caries,no_caries,0.6042,0.60415,0.25627,0.08918,0.05039
crops/1297_3.jpg,1297,1297_jpg.rf.719936eaba637f61e55179ad5dbdb77d.jpg,,0,0,no_caries,no_caries,0.7092,0.70921,0.13915,0.09069,0.06095
crops/1297_4.jpg,1297,1297_jpg.rf.719936eaba637f61e55179ad5dbdb77d.jpg,,0,0,no_caries,no_caries,0.6621,0.66213,0.2449,0.04193,0.05104
crops/1297_5.jpg,1297,1297_jpg.rf.719936eaba637f61e55179ad5dbdb77d.jpg,,0,0,no_caries,no_caries,0.5997,0.59973,0.22033,0.08628,0.09366
crops/1297_6.jpg,1297,1297_jpg.rf.719936eaba637f61e55179ad5dbdb77d.jpg,,0,0,no_caries,mild,0.4816,0.37992,0.48159,0.10759,0.0309
crops/1297_7.jpg,1297,1297_jpg.rf.719936eaba637f61e55179ad5dbdb77d.jpg,,0,0,no_caries,mild,0.4784,0.46319,0.47837,0.03039,0.02805
crops/1297_8.jpg,1297,1297_jpg.rf.719936eaba637f61e55179ad5dbdb77d.jpg,,0,0,no_caries,mild,0.5694,0.1613,0.56936,0.05279,0.21654
crops/1297_9.jpg,1297,1297_jpg.rf.719936eaba637f61e55179ad5dbdb77d.jpg,,0,0,no_caries,mild,0.6872,0.21441,0.68721,0.01472,0.08366
crops/1313_0.jpg,1313,1313_jpg.rf.62e798b6b6758ef324af1da64d86160d.jpg,,0,0,no_caries,no_caries,0.5258,0.52579,0.29229,0.12808,0.05384
crops/1313_1.jpg,1313,1313_jpg.rf.62e798b6b6758ef324af1da64d86160d.jpg,,0,0,no_caries,no_caries,0.7034,0.70343,0.15486,0.10517,0.03654
crops/1313_2.jpg,1313,1313_jpg.rf.62e798b6b6758ef324af1da64d86160d.jpg,,0,0,no_caries,no_caries,0.4394,0.43943,0.36277,0.14815,0.04965
crops/1313_3.jpg,1313,1313_jpg.rf.62e798b6b6758ef324af1da64d86160d.jpg,,0,0,no_caries,no_caries,0.5473,0.5473,0.33031,0.08981,0.03258
crops/1313_4.jpg,1313,1313_jpg.rf.62e798b6b6758ef324af1da64d86160d.jpg,,0,0,no_caries,mild,0.3849,0.37437,0.38486,0.17856,0.06221
crops/1313_5.jpg,1313,1313_jpg.rf.62e798b6b6758ef324af1da64d86160d.jpg,,0,0,no_caries,no_caries,0.5153,0.5153,0.28286,0.15692,0.04493
crops/1313_6.jpg,1313,1313_jpg.rf.62e798b6b6758ef324af1da64d86160d.jpg,,0,0,no_caries,no_caries,0.3322,0.33216,0.3135,0.29507,0.05928
crops/1313_7.jpg,1313,1313_jpg.rf.62e798b6b6758ef324af1da64d86160d.jpg,,0,0,no_caries,mild,0.55,0.27938,0.54996,0.1513,0.01937
crops/1313_8.jpg,1313,1313_jpg.rf.62e798b6b6758ef324af1da64d86160d.jpg,,4,0,moderate,mild,0.792,0.0465,0.79202,0.13072,0.03075
crops/1313_9.jpg,1313,1313_jpg.rf.62e798b6b6758ef324af1da64d86160d.jpg,,4,0,moderate,mild,0.6814,0.04586,0.68138,0.11409,0.15867
crops/1313_10.jpg,1313,1313_jpg.rf.62e798b6b6758ef324af1da64d86160d.jpg,,5,0,advanced,advanced,0.7816,0.03365,0.10874,0.07599,0.78162
crops/1313_11.jpg,1313,1313_jpg.rf.62e798b6b6758ef324af1da64d86160d.jpg,,1,0,mild,mild,0.625,0.23744,0.62502,0.1113,0.02625
crops/1313_12.jpg,1313,1313_jpg.rf.62e798b6b6758ef324af1da64d86160d.jpg,,0,0,no_caries,mild,0.668,0.18124,0.66803,0.12584,0.0249
crops/1313_13.jpg,1313,1313_jpg.rf.62e798b6b6758ef324af1da64d86160d.jpg,,0,0,no_caries,mild,0.3999,0.31852,0.39993,0.26324,0.01831
crops/1313_14.jpg,1313,1313_jpg.rf.62e798b6b6758ef324af1da64d86160d.jpg,,0,0,no_caries,no_caries,0.6697,0.66972,0.26186,0.05508,0.01335
crops/1313_15.jpg,1313,1313_jpg.rf.62e798b6b6758ef324af1da64d86160d.jpg,,0,0,no_caries,mild,0.575,0.31509,0.57495,0.08917,0.02079
crops/1313_16.jpg,1313,1313_jpg.rf.62e798b6b6758ef324af1da64d86160d.jpg,,0,0,no_caries,no_caries,0.4944,0.49439,0.38826,0.10001,0.01734
crops/1313_17.jpg,1313,1313_jpg.rf.62e798b6b6758ef324af1da64d86160d.jpg,,0,0,no_caries,mild,0.4097,0.36353,0.40971,0.19129,0.03547
crops/1313_18.jpg,1313,1313_jpg.rf.62e798b6b6758ef324af1da64d86160d.jpg,,0,0,no_caries,no_caries,0.4986,0.49859,0.31364,0.16115,0.02661
crops/1578_0.jpg,1578,1578_jpg.rf.00112fa761a7e7386604ac33d405a20c.jpg,,6,0,advanced,advanced,0.938,0.00607,0.02478,0.03118,0.93797
crops/1578_1.jpg,1578,1578_jpg.rf.00112fa761a7e7386604ac33d405a20c.jpg,,5,0,advanced,advanced,0.9876,0.00094,0.00796,0.00353,0.98756
crops/1578_2.jpg,1578,1578_jpg.rf.00112fa761a7e7386604ac33d405a20c.jpg,,5,0,advanced,advanced,0.7474,0.03524,0.13085,0.08653,0.74738
crops/1578_3.jpg,1578,1578_jpg.rf.00112fa761a7e7386604ac33d405a20c.jpg,,5,0,advanced,mild,0.5205,0.04876,0.52046,0.37346,0.05731
crops/1578_4.jpg,1578,1578_jpg.rf.00112fa761a7e7386604ac33d405a20c.jpg,,5,0,advanced,mild,0.6037,0.06108,0.60374,0.31755,0.01763
crops/1578_5.jpg,1578,1578_jpg.rf.00112fa761a7e7386604ac33d405a20c.jpg,,5,0,advanced,mild,0.5432,0.03878,0.54317,0.33898,0.07907
crops/1578_6.jpg,1578,1578_jpg.rf.00112fa761a7e7386604ac33d405a20c.jpg,,0,0,no_caries,no_caries,0.4811,0.48105,0.28643,0.16585,0.06667
crops/1578_7.jpg,1578,1578_jpg.rf.00112fa761a7e7386604ac33d405a20c.jpg,,0,0,no_caries,mild,0.4863,0.17247,0.48633,0.23147,0.10973
crops/1578_8.jpg,1578,1578_jpg.rf.00112fa761a7e7386604ac33d405a20c.jpg,,0,0,no_caries,mild,0.373,0.28858,0.37299,0.28198,0.05645
crops/1578_9.jpg,1578,1578_jpg.rf.00112fa761a7e7386604ac33d405a20c.jpg,,5,0,advanced,advanced,0.4436,0.01772,0.25093,0.28771,0.44364
crops/1578_10.jpg,1578,1578_jpg.rf.00112fa761a7e7386604ac33d405a20c.jpg,,5,0,advanced,advanced,0.9043,0.00756,0.03423,0.05395,0.90426
crops/1578_11.jpg,1578,1578_jpg.rf.00112fa761a7e7386604ac33d405a20c.jpg,,0,0,no_caries,no_caries,0.4274,0.42743,0.38163,0.13223,0.05871
crops/1578_12.jpg,1578,1578_jpg.rf.00112fa761a7e7386604ac33d405a20c.jpg,,5,0,advanced,advanced,0.9181,0.00641,0.03228,0.04321,0.91809
crops/1578_13.jpg,1578,1578_jpg.rf.00112fa761a7e7386604ac33d405a20c.jpg,,6,0,advanced,advanced,0.9893,0.0009,0.00655,0.00321,0.98933
crops/1578_14.jpg,1578,1578_jpg.rf.00112fa761a7e7386604ac33d405a20c.jpg,,5,0,advanced,advanced,0.6345,0.03615,0.19571,0.13367,0.63447
crops/158_0.jpg,158,158_jpg.rf.03c9f089c7eb7a3d524fe098f03962e8.jpg,,1,0,mild,no_caries,0.7047,0.70468,0.15181,0.10385,0.03966
crops/158_1.jpg,158,158_jpg.rf.03c9f089c7eb7a3d524fe098f03962e8.jpg,,2,0,mild,advanced,0.5641,0.08046,0.17319,0.18228,0.56406
crops/158_2.jpg,158,158_jpg.rf.03c9f089c7eb7a3d524fe098f03962e8.jpg,,2,0,mild,mild,0.6021,0.13612,0.60214,0.17184,0.08989
crops/158_3.jpg,158,158_jpg.rf.03c9f089c7eb7a3d524fe098f03962e8.jpg,,6,0,advanced,advanced,0.9628,0.00714,0.01133,0.01867,0.96285
crops/158_4.jpg,158,158_jpg.rf.03c9f089c7eb7a3d524fe098f03962e8.jpg,,6,0,advanced,advanced,0.9678,0.00584,0.01493,0.01139,0.96784
crops/158_5.jpg,158,158_jpg.rf.03c9f089c7eb7a3d524fe098f03962e8.jpg,,5,0,advanced,advanced,0.949,0.00393,0.03349,0.01358,0.949
crops/158_6.jpg,158,158_jpg.rf.03c9f089c7eb7a3d524fe098f03962e8.jpg,,6,0,advanced,advanced,0.9695,0.00134,0.01422,0.01494,0.9695
crops/158_7.jpg,158,158_jpg.rf.03c9f089c7eb7a3d524fe098f03962e8.jpg,,5,0,advanced,advanced,0.8516,0.03228,0.0598,0.05633,0.85159
crops/158_8.jpg,158,158_jpg.rf.03c9f089c7eb7a3d524fe098f03962e8.jpg,,5,0,advanced,advanced,0.9855,0.00092,0.00821,0.00539,0.98549
crops/158_9.jpg,158,158_jpg.rf.03c9f089c7eb7a3d524fe098f03962e8.jpg,,0,0,no_caries,no_caries,0.5249,0.52491,0.3634,0.08052,0.03118
crops/158_10.jpg,158,158_jpg.rf.03c9f089c7eb7a3d524fe098f03962e8.jpg,,0,0,no_caries,no_caries,0.505,0.50495,0.27129,0.17742,0.04634
crops/158_11.jpg,158,158_jpg.rf.03c9f089c7eb7a3d524fe098f03962e8.jpg,,1,0,mild,mild,0.3747,0.12135,0.37467,0.34906,0.15492
crops/158_12.jpg,158,158_jpg.rf.03c9f089c7eb7a3d524fe098f03962e8.jpg,,0,0,no_caries,moderate,0.4519,0.06981,0.39966,0.45186,0.07868
crops/158_13.jpg,158,158_jpg.rf.03c9f089c7eb7a3d524fe098f03962e8.jpg,,0,0,no_caries,no_caries,0.3897,0.38971,0.34123,0.18322,0.08584
crops/158_14.jpg,158,158_jpg.rf.03c9f089c7eb7a3d524fe098f03962e8.jpg,,0,0,no_caries,no_caries,0.5889,0.58893,0.32495,0.06055,0.02557
crops/1654_0.jpg,1654,1654_jpg.rf.2e896eda41ea5e90f02e1bb02d6abe4f.jpg,,5,0,advanced,advanced,0.8812,0.04893,0.03515,0.03471,0.88121
crops/1654_1.jpg,1654,1654_jpg.rf.2e896eda41ea5e90f02e1bb02d6abe4f.jpg,,0,0,no_caries,no_caries,0.7389,0.73894,0.11027,0.1084,0.04238
crops/1654_2.jpg,1654,1654_jpg.rf.2e896eda41ea5e90f02e1bb02d6abe4f.jpg,,0,0,no_caries,no_caries,0.5263,0.52631,0.2987,0.1184,0.05659
crops/1811_0.jpg,1811,1811_jpg.rf.5fcd82d5998ca4934ff1e6a2f68986fc.jpg,,2,0,mild,moderate,0.4473,0.25346,0.17715,0.44728,0.12211
crops/1811_1.jpg,1811,1811_jpg.rf.5fcd82d5998ca4934ff1e6a2f68986fc.jpg,,0,0,no_caries,no_caries,0.7903,0.79026,0.0864,0.08284,0.0405
crops/1811_2.jpg,1811,1811_jpg.rf.5fcd82d5998ca4934ff1e6a2f68986fc.jpg,,6,0,advanced,advanced,0.6686,0.07571,0.15691,0.09882,0.66856
crops/1811_3.jpg,1811,1811_jpg.rf.5fcd82d5998ca4934ff1e6a2f68986fc.jpg,,3,0,moderate,mild,0.5143,0.14553,0.51427,0.20848,0.13172
crops/1811_4.jpg,1811,1811_jpg.rf.5fcd82d5998ca4934ff1e6a2f68986fc.jpg,,1,0,mild,no_caries,0.5159,0.51591,0.2116,0.22275,0.04974
crops/1811_5.jpg,1811,1811_jpg.rf.5fcd82d5998ca4934ff1e6a2f68986fc.jpg,,0,0,no_caries,no_caries,0.7488,0.74877,0.11843,0.08109,0.05172
crops/1811_6.jpg,1811,1811_jpg.rf.5fcd82d5998ca4934ff1e6a2f68986fc.jpg,,0,0,no_caries,no_caries,0.8612,0.86118,0.03747,0.08539,0.01596
crops/1811_7.jpg,1811,1811_jpg.rf.5fcd82d5998ca4934ff1e6a2f68986fc.jpg,,0,0,no_caries,no_caries,0.5629,0.56286,0.04387,0.22578,0.16749
crops/1811_8.jpg,1811,1811_jpg.rf.5fcd82d5998ca4934ff1e6a2f68986fc.jpg,,0,0,no_caries,no_caries,0.4254,0.42538,0.40337,0.12011,0.05114
crops/1811_9.jpg,1811,1811_jpg.rf.5fcd82d5998ca4934ff1e6a2f68986fc.jpg,,6,0,advanced,advanced,0.9868,0.00107,0.00478,0.00732,0.98683
crops/1811_10.jpg,1811,1811_jpg.rf.5fcd82d5998ca4934ff1e6a2f68986fc.jpg,,2,0,mild,mild,0.395,0.29696,0.39498,0.16907,0.139
crops/1_0.jpg,1,1_jpg.rf.15636baee6e7688effa2cd6f6ae3d828.jpg,,0,0,no_caries,mild,0.403,0.20802,0.40305,0.11997,0.26896
crops/1_1.jpg,1,1_jpg.rf.15636baee6e7688effa2cd6f6ae3d828.jpg,,0,0,no_caries,no_caries,0.3923,0.39234,0.29722,0.22147,0.08898
crops/1_2.jpg,1,1_jpg.rf.15636baee6e7688effa2cd6f6ae3d828.jpg,,0,0,no_caries,moderate,0.4342,0.28508,0.21097,0.43419,0.06976
crops/1_3.jpg,1,1_jpg.rf.15636baee6e7688effa2cd6f6ae3d828.jpg,,0,0,no_caries,no_caries,0.3808,0.38075,0.23804,0.29225,0.08896
crops/1_4.jpg,1,1_jpg.rf.15636baee6e7688effa2cd6f6ae3d828.jpg,,0,0,no_caries,no_caries,0.3413,0.34131,0.25882,0.28367,0.11619
crops/1_5.jpg,1,1_jpg.rf.15636baee6e7688effa2cd6f6ae3d828.jpg,,0,0,no_caries,no_caries,0.5604,0.56035,0.27024,0.11345,0.05595
crops/1_6.jpg,1,1_jpg.rf.15636baee6e7688effa2cd6f6ae3d828.jpg,,0,0,no_caries,moderate,0.4697,0.17981,0.32204,0.46968,0.02847
crops/1_7.jpg,1,1_jpg.rf.15636baee6e7688effa2cd6f6ae3d828.jpg,,0,0,no_caries,no_caries,0.4483,0.44835,0.30203,0.22026,0.02936
crops/1_8.jpg,1,1_jpg.rf.15636baee6e7688effa2cd6f6ae3d828.jpg,,0,0,no_caries,moderate,0.5421,0.23266,0.17175,0.54209,0.0535
crops/1_9.jpg,1,1_jpg.rf.15636baee6e7688effa2cd6f6ae3d828.jpg,,0,0,no_caries,no_caries,0.5318,0.53177,0.15666,0.26927,0.0423
crops/1_10.jpg,1,1_jpg.rf.15636baee6e7688effa2cd6f6ae3d828.jpg,,0,0,no_caries,no_caries,0.692,0.69198,0.11171,0.15906,0.03725
crops/1_11.jpg,1,1_jpg.rf.15636baee6e7688effa2cd6f6ae3d828.jpg,,0,0,no_caries,no_caries,0.7285,0.72849,0.13368,0.11336,0.02447
crops/1_12.jpg,1,1_jpg.rf.15636baee6e7688effa2cd6f6ae3d828.jpg,,2,0,mild,no_caries,0.723,0.72301,0.1455,0.10725,0.02425
crops/1_13.jpg,1,1_jpg.rf.15636baee6e7688effa2cd6f6ae3d828.jpg,,0,0,no_caries,no_caries,0.6958,0.69583,0.1865,0.09229,0.02537
crops/204_0.jpg,204,204_jpg.rf.a995df396b81b7c0a39440386ab2be1d.jpg,,2,0,mild,no_caries,0.4848,0.48478,0.33195,0.13769,0.04558
crops/204_1.jpg,204,204_jpg.rf.a995df396b81b7c0a39440386ab2be1d.jpg,,2,0,mild,mild,0.4518,0.40987,0.45185,0.11646,0.02182
crops/204_2.jpg,204,204_jpg.rf.a995df396b81b7c0a39440386ab2be1d.jpg,,2,0,mild,moderate,0.4276,0.05483,0.42589,0.42755,0.09172
crops/204_3.jpg,204,204_jpg.rf.a995df396b81b7c0a39440386ab2be1d.jpg,,2,0,mild,moderate,0.4509,0.07222,0.42718,0.45093,0.04967
crops/204_4.jpg,204,204_jpg.rf.a995df396b81b7c0a39440386ab2be1d.jpg,,3,0,moderate,moderate,0.5993,0.00918,0.33239,0.59927,0.05915
crops/204_5.jpg,204,204_jpg.rf.a995df396b81b7c0a39440386ab2be1d.jpg,,3,0,moderate,advanced,0.4975,0.00573,0.29205,0.20475,0.49746
crops/204_6.jpg,204,204_jpg.rf.a995df396b81b7c0a39440386ab2be1d.jpg,,6,0,advanced,advanced,0.9616,0.00138,0.02128,0.01576,0.96158
crops/204_7.jpg,204,204_jpg.rf.a995df396b81b7c0a39440386ab2be1d.jpg,,2,0,mild,advanced,0.3588,0.01139,0.33091,0.29887,0.35883
crops/204_8.jpg,204,204_jpg.rf.a995df396b81b7c0a39440386ab2be1d.jpg,,2,0,mild,mild,0.5499,0.18648,0.54994,0.20382,0.05976
crops/204_9.jpg,204,204_jpg.rf.a995df396b81b7c0a39440386ab2be1d.jpg,,2,0,mild,no_caries,0.5659,0.56586,0.25946,0.15213,0.02255
crops/204_10.jpg,204,204_jpg.rf.a995df396b81b7c0a39440386ab2be1d.jpg,,2,0,mild,no_caries,0.4948,0.49478,0.34718,0.14297,0.01507
crops/204_11.jpg,204,204_jpg.rf.a995df396b81b7c0a39440386ab2be1d.jpg,,2,0,mild,no_caries,0.4168,0.41681,0.33591,0.22672,0.02056
crops/204_12.jpg,204,204_jpg.rf.a995df396b81b7c0a39440386ab2be1d.jpg,,2,0,mild,no_caries,0.494,0.494,0.27785,0.20307,0.02508
crops/204_13.jpg,204,204_jpg.rf.a995df396b81b7c0a39440386ab2be1d.jpg,,3,0,moderate,moderate,0.4272,0.25979,0.2798,0.42716,0.03325
crops/204_14.jpg,204,204_jpg.rf.a995df396b81b7c0a39440386ab2be1d.jpg,,0,0,no_caries,moderate,0.688,0.19512,0.09731,0.68804,0.01953
crops/204_15.jpg,204,204_jpg.rf.a995df396b81b7c0a39440386ab2be1d.jpg,,0,0,no_caries,no_caries,0.4164,0.41641,0.26926,0.29239,0.02194
crops/204_16.jpg,204,204_jpg.rf.a995df396b81b7c0a39440386ab2be1d.jpg,,0,0,no_caries,mild,0.4507,0.35083,0.45065,0.17728,0.02124
crops/204_17.jpg,204,204_jpg.rf.a995df396b81b7c0a39440386ab2be1d.jpg,,0,0,no_caries,mild,0.506,0.33893,0.50596,0.102,0.05312
crops/204_18.jpg,204,204_jpg.rf.a995df396b81b7c0a39440386ab2be1d.jpg,,1,0,mild,mild,0.3934,0.2864,0.39343,0.12208,0.1981
crops/210_0.jpg,210,210_jpg.rf.72379546f04e8758fa9ecc839c63b11f.jpg,,0,0,no_caries,no_caries,0.4135,0.4135,0.23067,0.21938,0.13645
crops/210_1.jpg,210,210_jpg.rf.72379546f04e8758fa9ecc839c63b11f.jpg,,0,0,no_caries,no_caries,0.6063,0.60629,0.24943,0.10258,0.0417
crops/210_2.jpg,210,210_jpg.rf.72379546f04e8758fa9ecc839c63b11f.jpg,,5,0,advanced,mild,0.6614,0.13999,0.66143,0.16475,0.03383
crops/210_3.jpg,210,210_jpg.rf.72379546f04e8758fa9ecc839c63b11f.jpg,,5,0,advanced,mild,0.7467,0.06428,0.7467,0.12126,0.06777
crops/210_4.jpg,210,210_jpg.rf.72379546f04e8758fa9ecc839c63b11f.jpg,,5,0,advanced,mild,0.3864,0.33349,0.38643,0.15451,0.12557
crops/210_5.jpg,210,210_jpg.rf.72379546f04e8758fa9ecc839c63b11f.jpg,,0,0,no_caries,no_caries,0.6295,0.6295,0.21082,0.12858,0.0311
crops/210_6.jpg,210,210_jpg.rf.72379546f04e8758fa9ecc839c63b11f.jpg,,0,0,no_caries,no_caries,0.6713,0.67134,0.17246,0.11416,0.04204
crops/210_7.jpg,210,210_jpg.rf.72379546f04e8758fa9ecc839c63b11f.jpg,,0,0,no_caries,no_caries,0.49,0.49001,0.33361,0.1111,0.06528
crops/210_8.jpg,210,210_jpg.rf.72379546f04e8758fa9ecc839c63b11f.jpg,,0,0,no_caries,no_caries,0.6126,0.6126,0.13054,0.23645,0.02041
crops/210_9.jpg,210,210_jpg.rf.72379546f04e8758fa9ecc839c63b11f.jpg,,0,0,no_caries,no_caries,0.7114,0.71142,0.12829,0.12503,0.03526
crops/210_10.jpg,210,210_jpg.rf.72379546f04e8758fa9ecc839c63b11f.jpg,,0,0,no_caries,no_caries,0.5175,0.5175,0.3319,0.11441,0.0362
crops/2897_0.jpg,2897,2897_jpg.rf.f9e9e37528ca11a89368bfee570392e2.jpg,,5,0,advanced,advanced,0.9223,0.00192,0.00596,0.0698,0.92232
crops/2897_1.jpg,2897,2897_jpg.rf.f9e9e37528ca11a89368bfee570392e2.jpg,,3,0,moderate,no_caries,0.4696,0.46963,0.30309,0.08328,0.14399
crops/297_0.jpg,297,297_jpg.rf.012a2f13cc7052d05662c55c126cefd4.jpg,,0,0,no_caries,mild,0.44,0.22991,0.44005,0.21348,0.11657
crops/297_1.jpg,297,297_jpg.rf.012a2f13cc7052d05662c55c126cefd4.jpg,,0,0,no_caries,no_caries,0.5444,0.54436,0.21815,0.13692,0.10058
crops/297_2.jpg,297,297_jpg.rf.012a2f13cc7052d05662c55c126cefd4.jpg,,0,0,no_caries,no_caries,0.3781,0.37809,0.26175,0.26115,0.09901
crops/297_3.jpg,297,297_jpg.rf.012a2f13cc7052d05662c55c126cefd4.jpg,,2,0,mild,moderate,0.6561,0.0221,0.2685,0.65613,0.05327
crops/297_4.jpg,297,297_jpg.rf.012a2f13cc7052d05662c55c126cefd4.jpg,,2,0,mild,mild,0.5163,0.10299,0.51633,0.27722,0.10346
crops/297_5.jpg,297,297_jpg.rf.012a2f13cc7052d05662c55c126cefd4.jpg,,2,0,mild,mild,0.4497,0.25134,0.44974,0.23833,0.06058
crops/297_6.jpg,297,297_jpg.rf.012a2f13cc7052d05662c55c126cefd4.jpg,,2,0,mild,mild,0.4142,0.31879,0.41423,0.21148,0.0555
crops/297_7.jpg,297,297_jpg.rf.012a2f13cc7052d05662c55c126cefd4.jpg,,2,0,mild,mild,0.5211,0.30982,0.52111,0.1293,0.03977
crops/297_8.jpg,297,297_jpg.rf.012a2f13cc7052d05662c55c126cefd4.jpg,,2,0,mild,moderate,0.3101,0.29229,0.30155,0.31005,0.09611
crops/297_9.jpg,297,297_jpg.rf.012a2f13cc7052d05662c55c126cefd4.jpg,,0,0,no_caries,no_caries,0.6297,0.62974,0.19935,0.11704,0.05387
crops/297_10.jpg,297,297_jpg.rf.012a2f13cc7052d05662c55c126cefd4.jpg,,0,0,no_caries,no_caries,0.7299,0.72994,0.12554,0.09601,0.04851
crops/297_11.jpg,297,297_jpg.rf.012a2f13cc7052d05662c55c126cefd4.jpg,,0,0,no_caries,no_caries,0.7081,0.70806,0.11178,0.1089,0.07126
crops/297_12.jpg,297,297_jpg.rf.012a2f13cc7052d05662c55c126cefd4.jpg,,0,0,no_caries,no_caries,0.6846,0.68463,0.13731,0.11599,0.06207
crops/297_13.jpg,297,297_jpg.rf.012a2f13cc7052d05662c55c126cefd4.jpg,,0,0,no_caries,no_caries,0.6046,0.60458,0.13554,0.19219,0.06769
crops/297_14.jpg,297,297_jpg.rf.012a2f13cc7052d05662c55c126cefd4.jpg,,0,0,no_caries,no_caries,0.5017,0.50165,0.25073,0.17495,0.07267
crops/297_15.jpg,297,297_jpg.rf.012a2f13cc7052d05662c55c126cefd4.jpg,,0,0,no_caries,no_caries,0.5008,0.50076,0.34019,0.10551,0.05353
crops/297_16.jpg,297,297_jpg.rf.012a2f13cc7052d05662c55c126cefd4.jpg,,0,0,no_caries,no_caries,0.5138,0.51382,0.3063,0.13884,0.04104
crops/30_0.jpg,30,30_jpg.rf.a0d9ea3a890a0799840d924e8a71d91b.jpg,,0,0,no_caries,no_caries,0.4979,0.49794,0.39546,0.05163,0.05497
crops/30_1.jpg,30,30_jpg.rf.a0d9ea3a890a0799840d924e8a71d91b.jpg,,0,0,no_caries,no_caries,0.4973,0.49732,0.33135,0.11105,0.06028
crops/30_2.jpg,30,30_jpg.rf.a0d9ea3a890a0799840d924e8a71d91b.jpg,,5,0,advanced,mild,0.4809,0.08619,0.48093,0.36612,0.06676
crops/30_3.jpg,30,30_jpg.rf.a0d9ea3a890a0799840d924e8a71d91b.jpg,,2,0,mild,moderate,0.3427,0.24242,0.33562,0.34269,0.07926
crops/30_4.jpg,30,30_jpg.rf.a0d9ea3a890a0799840d924e8a71d91b.jpg,,5,0,advanced,mild,0.4301,0.12786,0.43014,0.34221,0.09979
crops/30_5.jpg,30,30_jpg.rf.a0d9ea3a890a0799840d924e8a71d91b.jpg,,0,0,no_caries,no_caries,0.4789,0.47892,0.19058,0.24247,0.08803
crops/30_6.jpg,30,30_jpg.rf.a0d9ea3a890a0799840d924e8a71d91b.jpg,,0,0,no_caries,no_caries,0.6579,0.65787,0.15042,0.12661,0.0651
crops/30_7.jpg,30,30_jpg.rf.a0d9ea3a890a0799840d924e8a71d91b.jpg,,0,0,no_caries,mild,0.5098,0.34128,0.50978,0.0679,0.08104
crops/3209_0.jpg,3209,3209_jpg.rf.44a5052b3b41f423c8351cc549767593.jpg,,2,0,mild,mild,0.5175,0.07028,0.51753,0.39527,0.01692
crops/3209_1.jpg,3209,3209_jpg.rf.44a5052b3b41f423c8351cc549767593.jpg,,0,0,no_caries,mild,0.4643,0.45124,0.46426,0.06327,0.02124
crops/3209_2.jpg,3209,3209_jpg.rf.44a5052b3b41f423c8351cc549767593.jpg,,2,0,mild,mild,0.3973,0.3571,0.39731,0.22602,0.01957
crops/3209_3.jpg,3209,3209_jpg.rf.44a5052b3b41f423c8351cc549767593.jpg,,0,0,no_caries,mild,0.4864,0.35291,0.48639,0.11439,0.04632
crops/3209_4.jpg,3209,3209_jpg.rf.44a5052b3b41f423c8351cc549767593.jpg,,0,0,no_caries,mild,0.4549,0.3844,0.45487,0.13616,0.02457
crops/3209_5.jpg,3209,3209_jpg.rf.44a5052b3b41f423c8351cc549767593.jpg,,0,0,no_caries,mild,0.544,0.38253,0.54395,0.06231,0.01121
crops/3209_6.jpg,3209,3209_jpg.rf.44a5052b3b41f423c8351cc549767593.jpg,,0,0,no_caries,mild,0.5253,0.37217,0.52533,0.07986,0.02264
crops/3209_7.jpg,3209,3209_jpg.rf.44a5052b3b41f423c8351cc549767593.jpg,,1,0,mild,mild,0.4946,0.36386,0.49459,0.12006,0.02149
crops/3209_8.jpg,3209,3209_jpg.rf.44a5052b3b41f423c8351cc549767593.jpg,,0,0,no_caries,no_caries,0.5109,0.51086,0.41527,0.05255,0.02132
crops/3209_9.jpg,3209,3209_jpg.rf.44a5052b3b41f423c8351cc549767593.jpg,,3,0,moderate,moderate,0.6139,0.07517,0.27395,0.61389,0.03699
crops/3209_10.jpg,3209,3209_jpg.rf.44a5052b3b41f423c8351cc549767593.jpg,,3,0,moderate,moderate,0.7985,0.02406,0.16415,0.79851,0.01328
crops/3209_11.jpg,3209,3209_jpg.rf.44a5052b3b41f423c8351cc549767593.jpg,,5,0,advanced,mild,0.5538,0.01528,0.55383,0.41333,0.01756
crops/hibogi_ai_01201_0.jpg,hibogi_ai_01201,HIBOGI_AI_01201_jpg.rf.8da1514a1e0ae6213005ed1c81b39dcf.jpg,,2,0,mild,mild,0.47,0.25543,0.46996,0.20462,0.06999
crops/hibogi_ai_01201_1.jpg,hibogi_ai_01201,HIBOGI_AI_01201_jpg.rf.8da1514a1e0ae6213005ed1c81b39dcf.jpg,,0,0,no_caries,no_caries,0.6289,0.62889,0.26481,0.06845,0.03784
crops/hibogi_ai_01201_2.jpg,hibogi_ai_01201,HIBOGI_AI_01201_jpg.rf.8da1514a1e0ae6213005ed1c81b39dcf.jpg,,0,0,no_caries,no_caries,0.4424,0.44239,0.34,0.14432,0.07329
crops/hibogi_ai_01201_3.jpg,hibogi_ai_01201,HIBOGI_AI_01201_jpg.rf.8da1514a1e0ae6213005ed1c81b39dcf.jpg,,0,0,no_caries,no_caries,0.6402,0.64022,0.28175,0.03781,0.04022
crops/hibogi_ai_01201_4.jpg,hibogi_ai_01201,HIBOGI_AI_01201_jpg.rf.8da1514a1e0ae6213005ed1c81b39dcf.jpg,,0,0,no_caries,no_caries,0.815,0.81498,0.12591,0.02983,0.02927
crops/hibogi_ai_01201_5.jpg,hibogi_ai_01201,HIBOGI_AI_01201_jpg.rf.8da1514a1e0ae6213005ed1c81b39dcf.jpg,,0,0,no_caries,no_caries,0.6856,0.68565,0.16978,0.07549,0.06908
crops/hibogi_ai_01201_6.jpg,hibogi_ai_01201,HIBOGI_AI_01201_jpg.rf.8da1514a1e0ae6213005ed1c81b39dcf.jpg,,0,0,no_caries,no_caries,0.4944,0.49439,0.33945,0.1035,0.06267
crops/hibogi_ai_01201_7.jpg,hibogi_ai_01201,HIBOGI_AI_01201_jpg.rf.8da1514a1e0ae6213005ed1c81b39dcf.jpg,,0,0,no_caries,mild,0.6391,0.08713,0.63913,0.06924,0.20449
crops/hibogi_ai_01201_8.jpg,hibogi_ai_01201,HIBOGI_AI_01201_jpg.rf.8da1514a1e0ae6213005ed1c81b39dcf.jpg,,0,0,no_caries,moderate,0.411,0.0706,0.35391,0.41103,0.16446
crops/hibogi_ai_01328_png_0.jpg,hibogi_ai_01328_png,HIBOGI_AI_01328_png_jpg.rf.6fd70aa853d98f74240df3386d37c1fe.jpg,,1,0,mild,advanced,0.6299,0.02123,0.02586,0.32299,0.62992
crops/hibogi_ai_01328_png_1.jpg,hibogi_ai_01328_png,HIBOGI_AI_01328_png_jpg.rf.6fd70aa853d98f74240df3386d37c1fe.jpg,,1,0,mild,mild,0.4693,0.35079,0.46926,0.12783,0.05212
crops/hibogi_ai_01328_png_2.jpg,hibogi_ai_01328_png,HIBOGI_AI_01328_png_jpg.rf.6fd70aa853d98f74240df3386d37c1fe.jpg,,5,0,advanced,advanced,0.9759,0.00598,0.00404,0.01404,0.97595
crops/hibogi_ai_01328_png_3.jpg,hibogi_ai_01328_png,HIBOGI_AI_01328_png_jpg.rf.6fd70aa853d98f74240df3386d37c1fe.jpg,,0,0,no_caries,no_caries,0.7113,0.71133,0.19618,0.05256,0.03993
crops/hibogi_ai_01328_png_4.jpg,hibogi_ai_01328_png,HIBOGI_AI_01328_png_jpg.rf.6fd70aa853d98f74240df3386d37c1fe.jpg,,0,0,no_caries,no_caries,0.7902,0.79016,0.07217,0.07617,0.0615
crops/hibogi_ai_01328_png_5.jpg,hibogi_ai_01328_png,HIBOGI_AI_01328_png_jpg.rf.6fd70aa853d98f74240df3386d37c1fe.jpg,,0,0,no_caries,no_caries,0.6785,0.67852,0.24459,0.02844,0.04845
crops/hibogi_ai_01328_png_6.jpg,hibogi_ai_01328_png,HIBOGI_AI_01328_png_jpg.rf.6fd70aa853d98f74240df3386d37c1fe.jpg,,5,0,advanced,advanced,0.979,0.0059,0.00931,0.00578,0.979
crops/hibogi_ai_01328_png_7.jpg,hibogi_ai_01328_png,HIBOGI_AI_01328_png_jpg.rf.6fd70aa853d98f74240df3386d37c1fe.jpg,,2,0,mild,mild,0.287,0.16598,0.28696,0.28104,0.26602
crops/hibogi_ai_01328_png_8.jpg,hibogi_ai_01328_png,HIBOGI_AI_01328_png_jpg.rf.6fd70aa853d98f74240df3386d37c1fe.jpg,,0,0,no_caries,no_caries,0.658,0.65803,0.064,0.19249,0.08548
crops/hibogi_ai_01328_png_9.jpg,hibogi_ai_01328_png,HIBOGI_AI_01328_png_jpg.rf.6fd70aa853d98f74240df3386d37c1fe.jpg,,0,0,no_caries,no_caries,0.7236,0.72356,0.04427,0.18711,0.04506
crops/hibogi_ai_01328_png_10.jpg,hibogi_ai_01328_png,HIBOGI_AI_01328_png_jpg.rf.6fd70aa853d98f74240df3386d37c1fe.jpg,,0,0,no_caries,no_caries,0.7215,0.72151,0.07585,0.16867,0.03396
crops/hibogi_ai_01328_png_11.jpg,hibogi_ai_01328_png,HIBOGI_AI_01328_png_jpg.rf.6fd70aa853d98f74240df3386d37c1fe.jpg,,0,0,no_caries,no_caries,0.691,0.69105,0.0283,0.22227,0.05838
crops/hibogi_ai_01777_png_0.jpg,hibogi_ai_01777_png,HIBOGI_AI_01777_png_jpg.rf.9918a8c89e4835106a254405ba25bc97.jpg,,0,0,no_caries,no_caries,0.4653,0.46534,0.42913,0.05762,0.04791
crops/hibogi_ai_01777_png_1.jpg,hibogi_ai_01777_png,HIBOGI_AI_01777_png_jpg.rf.9918a8c89e4835106a254405ba25bc97.jpg,,0,0,no_caries,no_caries,0.618,0.61795,0.27266,0.05617,0.05321
crops/hibogi_ai_01777_png_2.jpg,hibogi_ai_01777_png,HIBOGI_AI_01777_png_jpg.rf.9918a8c89e4835106a254405ba25bc97.jpg,,0,0,no_caries,no_caries,0.8621,0.86206,0.07021,0.04705,0.02068
crops/hibogi_ai_01777_png_3.jpg,hibogi_ai_01777_png,HIBOGI_AI_01777_png_jpg.rf.9918a8c89e4835106a254405ba25bc97.jpg,,0,0,no_caries,no_caries,0.6499,0.64994,0.21316,0.09997,0.03694
crops/hibogi_ai_01777_png_4.jpg,hibogi_ai_01777_png,HIBOGI_AI_01777_png_jpg.rf.9918a8c89e4835106a254405ba25bc97.jpg,,0,0,no_caries,no_caries,0.5735,0.57349,0.2195,0.15727,0.04975
crops/hibogi_ai_01777_png_5.jpg,hibogi_ai_01777_png,HIBOGI_AI_01777_png_jpg.rf.9918a8c89e4835106a254405ba25bc97.jpg,,0,0,no_caries,no_caries,0.7677,0.76774,0.14993,0.05131,0.03101
crops/hibogi_ai_01777_png_6.jpg,hibogi_ai_01777_png,HIBOGI_AI_01777_png_jpg.rf.9918a8c89e4835106a254405ba25bc97.jpg,,0,0,no_caries,no_caries,0.739,0.73897,0.10568,0.11918,0.03617
crops/hibogi_ai_01777_png_7.jpg,hibogi_ai_01777_png,HIBOGI_AI_01777_png_jpg.rf.9918a8c89e4835106a254405ba25bc97.jpg,,0,0,no_caries,no_caries,0.583,0.58302,0.24306,0.10753,0.0664
crops/hibogi_ai_01777_png_8.jpg,hibogi_ai_01777_png,HIBOGI_AI_01777_png_jpg.rf.9918a8c89e4835106a254405ba25bc97.jpg,,0,0,no_caries,no_caries,0.8685,0.86852,0.06901,0.04733,0.01514
crops/hibogi_ai_01777_png_9.jpg,hibogi_ai_01777_png,HIBOGI_AI_01777_png_jpg.rf.9918a8c89e4835106a254405ba25bc97.jpg,,0,0,no_caries,no_caries,0.7617,0.76167,0.10103,0.11411,0.0232
crops/hibogi_ai_01777_png_10.jpg,hibogi_ai_01777_png,HIBOGI_AI_01777_png_jpg.rf.9918a8c89e4835106a254405ba25bc97.jpg,,0,0,no_caries,no_caries,0.7936,0.79365,0.13628,0.05027,0.01981
crops/hibogi_ai_01777_png_11.jpg,hibogi_ai_01777_png,HIBOGI_AI_01777_png_jpg.rf.9918a8c89e4835106a254405ba25bc97.jpg,,0,0,no_caries,no_caries,0.6171,0.6171,0.23858,0.12706,0.01726
crops/hibogi_ai_01777_png_12.jpg,hibogi_ai_01777_png,HIBOGI_AI_01777_png_jpg.rf.9918a8c89e4835106a254405ba25bc97.jpg,,0,0,no_caries,no_caries,0.873,0.87296,0.04846,0.06463,0.01395
crops/hibogi_ai_01777_png_13.jpg,hibogi_ai_01777_png,HIBOGI_AI_01777_png_jpg.rf.9918a8c89e4835106a254405ba25bc97.jpg,,0,0,no_caries,no_caries,0.8381,0.83813,0.05428,0.08815,0.01944
crops/hibogi_ai_02752_png_0.jpg,hibogi_ai_02752_png,HIBOGI_AI_02752_png_jpg.rf.7e5e443bc7478778a48ea5014aa11da8.jpg,,0,0,no_caries,no_caries,0.7848,0.78483,0.09276,0.10095,0.02145
crops/hibogi_ai_02752_png_1.jpg,hibogi_ai_02752_png,HIBOGI_AI_02752_png_jpg.rf.7e5e443bc7478778a48ea5014aa11da8.jpg,,0,0,no_caries,no_caries,0.6666,0.66663,0.11007,0.19846,0.02483
crops/hibogi_ai_02752_png_2.jpg,hibogi_ai_02752_png,HIBOGI_AI_02752_png_jpg.rf.7e5e443bc7478778a48ea5014aa11da8.jpg,,0,0,no_caries,mild,0.375,0.32731,0.37499,0.17539,0.12232
crops/hibogi_ai_02752_png_3.jpg,hibogi_ai_02752_png,HIBOGI_AI_02752_png_jpg.rf.7e5e443bc7478778a48ea5014aa11da8.jpg,,0,0,no_caries,no_caries,0.5248,0.52481,0.32219,0.0767,0.07631
crops/hibogi_ai_02752_png_4.jpg,hibogi_ai_02752_png,HIBOGI_AI_02752_png_jpg.rf.7e5e443bc7478778a48ea5014aa11da8.jpg,,0,0,no_caries,mild,0.4005,0.27528,0.40047,0.17217,0.15208
crops/hibogi_ai_02752_png_5.jpg,hibogi_ai_02752_png,HIBOGI_AI_02752_png_jpg.rf.7e5e443bc7478778a48ea5014aa11da8.jpg,,0,0,no_caries,mild,0.5519,0.23401,0.55192,0.08122,0.13285
crops/hibogi_ai_02752_png_6.jpg,hibogi_ai_02752_png,HIBOGI_AI_02752_png_jpg.rf.7e5e443bc7478778a48ea5014aa11da8.jpg,,0,0,no_caries,no_caries,0.8081,0.80808,0.077,0.07364,0.04128
crops/hibogi_ai_02752_png_7.jpg,hibogi_ai_02752_png,HIBOGI_AI_02752_png_jpg.rf.7e5e443bc7478778a48ea5014aa11da8.jpg,,0,0,no_caries,no_caries,0.5562,0.55621,0.23285,0.12479,0.08615
crops/hibogi_ai_02752_png_8.jpg,hibogi_ai_02752_png,HIBOGI_AI_02752_png_jpg.rf.7e5e443bc7478778a48ea5014aa11da8.jpg,,0,0,no_caries,no_caries,0.7332,0.73316,0.16681,0.04308,0.05695
crops/hibogi_ai_02752_png_9.jpg,hibogi_ai_02752_png,HIBOGI_AI_02752_png_jpg.rf.7e5e443bc7478778a48ea5014aa11da8.jpg,,0,0,no_caries,no_caries,0.8107,0.81067,0.10628,0.03394,0.04912
crops/hibogi_ai_02752_png_10.jpg,hibogi_ai_02752_png,HIBOGI_AI_02752_png_jpg.rf.7e5e443bc7478778a48ea5014aa11da8.jpg,,0,0,no_caries,no_caries,0.7764,0.77636,0.05622,0.15422,0.0132
crops/hibogi_ai_02752_png_11.jpg,hibogi_ai_02752_png,HIBOGI_AI_02752_png_jpg.rf.7e5e443bc7478778a48ea5014aa11da8.jpg,,0,0,no_caries,no_caries,0.6987,0.69874,0.21384,0.05536,0.03206
crops/hibogi_ai_02752_png_12.jpg,hibogi_ai_02752_png,HIBOGI_AI_02752_png_jpg.rf.7e5e443bc7478778a48ea5014aa11da8.jpg,,0,0,no_caries,no_caries,0.5749,0.57487,0.25628,0.11343,0.05542
crops/hibogi_ai_02752_png_13.jpg,hibogi_ai_02752_png,HIBOGI_AI_02752_png_jpg.rf.7e5e443bc7478778a48ea5014aa11da8.jpg,,5,0,advanced,advanced,0.9693,0.00715,0.01187,0.01165,0.96932
crops/hibogi_ai_02757_png_0.jpg,hibogi_ai_02757_png,HIBOGI_AI_02757_png_jpg.rf.c6558b756c04410e4fa005c9b7851da8.jpg,,2,0,mild,moderate,0.5106,0.03684,0.26035,0.51063,0.19218
crops/hibogi_ai_02757_png_1.jpg,hibogi_ai_02757_png,HIBOGI_AI_02757_png_jpg.rf.c6558b756c04410e4fa005c9b7851da8.jpg,,5,0,advanced,advanced,0.9234,0.01959,0.02196,0.03503,0.92341
crops/hibogi_ai_02757_png_2.jpg,hibogi_ai_02757_png,HIBOGI_AI_02757_png_jpg.rf.c6558b756c04410e4fa005c9b7851da8.jpg,,0,0,no_caries,no_caries,0.4613,0.46129,0.41597,0.09183,0.03091
crops/hibogi_ai_02757_png_3.jpg,hibogi_ai_02757_png,HIBOGI_AI_02757_png_jpg.rf.c6558b756c04410e4fa005c9b7851da8.jpg,,0,0,no_caries,no_caries,0.8794,0.87942,0.02637,0.0767,0.01751
crops/hibogi_ai_02757_png_4.jpg,hibogi_ai_02757_png,HIBOGI_AI_02757_png_jpg.rf.c6558b756c04410e4fa005c9b7851da8.jpg,,0,0,no_caries,no_caries,0.8143,0.81425,0.07422,0.081,0.03053
crops/hibogi_ai_02757_png_5.jpg,hibogi_ai_02757_png,HIBOGI_AI_02757_png_jpg.rf.c6558b756c04410e4fa005c9b7851da8.jpg,,0,0,no_caries,no_caries,0.8241,0.82414,0.06502,0.08191,0.02893
crops/hibogi_ai_02757_png_6.jpg,hibogi_ai_02757_png,HIBOGI_AI_02757_png_jpg.rf.c6558b756c04410e4fa005c9b7851da8.jpg,,0,0,no_caries,no_caries,0.8662,0.86622,0.03602,0.07066,0.0271
crops/hibogi_ai_02757_png_7.jpg,hibogi_ai_02757_png,HIBOGI_AI_02757_png_jpg.rf.c6558b756c04410e4fa005c9b7851da8.jpg,,0,0,no_caries,no_caries,0.523,0.52296,0.34841,0.09051,0.03812
crops/hibogi_ai_02757_png_8.jpg,hibogi_ai_02757_png,HIBOGI_AI_02757_png_jpg.rf.c6558b756c04410e4fa005c9b7851da8.jpg,,6,0,advanced,advanced,0.7829,0.01243,0.03442,0.17023,0.78292
crops/hibogi_ai_02757_png_9.jpg,hibogi_ai_02757_png,HIBOGI_AI_02757_png_jpg.rf.c6558b756c04410e4fa005c9b7851da8.jpg,,5,0,advanced,advanced,0.4862,0.02589,0.25493,0.23303,0.48615
crops/hibogi_ai_03083_png_0.jpg,hibogi_ai_03083_png,HIBOGI_AI_03083_png_jpg.rf.8643aa00d05f449e04a74fa561b14342.jpg,,4,0,moderate,no_caries,0.4851,0.48507,0.40785,0.08645,0.02063
crops/hibogi_ai_03083_png_1.jpg,hibogi_ai_03083_png,HIBOGI_AI_03083_png_jpg.rf.8643aa00d05f449e04a74fa561b14342.jpg,,0,0,no_caries,no_caries,0.5956,0.59563,0.31303,0.07346,0.01788
crops/hibogi_ai_03083_png_2.jpg,hibogi_ai_03083_png,HIBOGI_AI_03083_png_jpg.rf.8643aa00d05f449e04a74fa561b14342.jpg,,0,0,no_caries,no_caries,0.6585,0.65845,0.21235,0.09469,0.03451
crops/hibogi_ai_03083_png_3.jpg,hibogi_ai_03083_png,HIBOGI_AI_03083_png_jpg.rf.8643aa00d05f449e04a74fa561b14342.jpg,,0,0,no_caries,mild,0.488,0.36439,0.48801,0.11491,0.0327
crops/hibogi_ai_03083_png_4.jpg,hibogi_ai_03083_png,HIBOGI_AI_03083_png_jpg.rf.8643aa00d05f449e04a74fa561b14342.jpg,,0,0,no_caries,mild,0.5387,0.30222,0.53865,0.11825,0.04087
crops/hibogi_ai_03083_png_5.jpg,hibogi_ai_03083_png,HIBOGI_AI_03083_png_jpg.rf.8643aa00d05f449e04a74fa561b14342.jpg,,0,0,no_caries,no_caries,0.4732,0.47322,0.30529,0.17185,0.04965
crops/hibogi_ai_03083_png_6.jpg,hibogi_ai_03083_png,HIBOGI_AI_03083_png_jpg.rf.8643aa00d05f449e04a74fa561b14342.jpg,,6,0,advanced,advanced,0.9497,0.00393,0.03347,0.01292,0.94968
crops/hibogi_ai_03083_png_7.jpg,hibogi_ai_03083_png,HIBOGI_AI_03083_png_jpg.rf.8643aa00d05f449e04a74fa561b14342.jpg,,2,0,mild,mild,0.5329,0.33365,0.53292,0.08775,0.04568
crops/hibogi_ai_03083_png_8.jpg,hibogi_ai_03083_png,HIBOGI_AI_03083_png_jpg.rf.8643aa00d05f449e04a74fa561b14342.jpg,,1,0,mild,no_caries,0.5613,0.5613,0.33595,0.08703,0.01572
crops/hibogi_ai_03083_png_9.jpg,hibogi_ai_03083_png,HIBOGI_AI_03083_png_jpg.rf.8643aa00d05f449e04a74fa561b14342.jpg,,0,0,no_caries,no_caries,0.4723,0.47231,0.4106,0.09859,0.01849
crops/hibogi_ai_03083_png_10.jpg,hibogi_ai_03083_png,HIBOGI_AI_03083_png_jpg.rf.8643aa00d05f449e04a74fa561b14342.jpg,,0,0,no_caries,no_caries,0.5115,0.51152,0.37507,0.09157,0.02185
crops/hibogi_ai_03083_png_11.jpg,hibogi_ai_03083_png,HIBOGI_AI_03083_png_jpg.rf.8643aa00d05f449e04a74fa561b14342.jpg,,6,0,advanced,mild,0.4596,0.24386,0.45956,0.10739,0.18919
crops/001_00114_05_a091_0.jpg,001_00114_05_a091,001_00114_05_a091_jpg.rf.b0b7c7f0f3dcbf8c3b433f2c99d3f220.jpg,,0,0,no_caries,no_caries,0.3423,0.34229,0.32835,0.19189,0.13747
crops/001_00114_05_a091_1.jpg,001_00114_05_a091,001_00114_05_a091_jpg.rf.b0b7c7f0f3dcbf8c3b433f2c99d3f220.jpg,,0,0,no_caries,no_caries,0.406,0.40598,0.31992,0.22868,0.04543
crops/001_00114_05_a091_2.jpg,001_00114_05_a091,001_00114_05_a091_jpg.rf.b0b7c7f0f3dcbf8c3b433f2c99d3f220.jpg,,0,0,no_caries,no_caries,0.6775,0.6775,0.17799,0.10244,0.04207
crops/001_00114_05_a091_3.jpg,001_00114_05_a091,001_00114_05_a091_jpg.rf.b0b7c7f0f3dcbf8c3b433f2c99d3f220.jpg,,1,0,mild,no_caries,0.6111,0.61108,0.29045,0.0612,0.03727
crops/001_00114_05_a091_4.jpg,001_00114_05_a091,001_00114_05_a091_jpg.rf.b0b7c7f0f3dcbf8c3b433f2c99d3f220.jpg,,0,0,no_caries,no_caries,0.6516,0.65163,0.19379,0.11738,0.03719
crops/001_00114_05_a091_5.jpg,001_00114_05_a091,001_00114_05_a091_jpg.rf.b0b7c7f0f3dcbf8c3b433f2c99d3f220.jpg,,0,0,no_caries,no_caries,0.5427,0.54273,0.27654,0.12703,0.05371
crops/001_00114_05_a091_6.jpg,001_00114_05_a091,001_00114_05_a091_jpg.rf.b0b7c7f0f3dcbf8c3b433f2c99d3f220.jpg,,0,0,no_caries,mild,0.4511,0.34022,0.45112,0.1417,0.06696
crops/001_00114_05_a091_7.jpg,001_00114_05_a091,001_00114_05_a091_jpg.rf.b0b7c7f0f3dcbf8c3b433f2c99d3f220.jpg,,2,0,mild,mild,0.5854,0.23418,0.58545,0.12318,0.0572
crops/001_00114_05_a091_8.jpg,001_00114_05_a091,001_00114_05_a091_jpg.rf.b0b7c7f0f3dcbf8c3b433f2c99d3f220.jpg,,0,0,no_caries,mild,0.8112,0.06111,0.81123,0.08086,0.0468
crops/001_00114_05_a091_9.jpg,001_00114_05_a091,001_00114_05_a091_jpg.rf.b0b7c7f0f3dcbf8c3b433f2c99d3f220.jpg,,0,0,no_caries,mild,0.7674,0.10521,0.76744,0.09205,0.03531
crops/001_00114_05_a091_10.jpg,001_00114_05_a091,001_00114_05_a091_jpg.rf.b0b7c7f0f3dcbf8c3b433f2c99d3f220.jpg,,0,0,no_caries,mild,0.712,0.1649,0.71197,0.09042,0.03271
crops/001_00114_05_a091_11.jpg,001_00114_05_a091,001_00114_05_a091_jpg.rf.b0b7c7f0f3dcbf8c3b433f2c99d3f220.jpg,,2,0,mild,mild,0.6429,0.13093,0.6429,0.11059,0.11558
crops/001_00114_05_a091_12.jpg,001_00114_05_a091,001_00114_05_a091_jpg.rf.b0b7c7f0f3dcbf8c3b433f2c99d3f220.jpg,,0,0,no_caries,mild,0.6251,0.26221,0.62509,0.07557,0.03713
crops/001_00114_05_a091_13.jpg,001_00114_05_a091,001_00114_05_a091_jpg.rf.b0b7c7f0f3dcbf8c3b433f2c99d3f220.jpg,,2,0,mild,no_caries,0.5572,0.55716,0.35168,0.06316,0.028
crops/001_00114_05_a091_14.jpg,001_00114_05_a091,001_00114_05_a091_jpg.rf.b0b7c7f0f3dcbf8c3b433f2c99d3f220.jpg,,2,0,mild,mild,0.554,0.31857,0.55403,0.09664,0.03076
crops/003_00048_11_a091_0.jpg,003_00048_11_a091,003_00048_11_a091_jpg.rf.adf11a6f3184af172ec1caac3905eb4b.jpg,,0,0,no_caries,moderate,0.3541,0.21018,0.34143,0.35408,0.09431
crops/003_00048_11_a091_1.jpg,003_00048_11_a091,003_00048_11_a091_jpg.rf.adf11a6f3184af172ec1caac3905eb4b.jpg,,0,0,no_caries,no_caries,0.5107,0.51073,0.27134,0.17827,0.03966
crops/003_00048_11_a091_2.jpg,003_00048_11_a091,003_00048_11_a091_jpg.rf.adf11a6f3184af172ec1caac3905eb4b.jpg,,0,0,no_caries,mild,0.4049,0.36533,0.40486,0.10052,0.12929
crops/003_00048_11_a091_3.jpg,003_00048_11_a091,003_00048_11_a091_jpg.rf.adf11a6f3184af172ec1caac3905eb4b.jpg,,0,0,no_caries,mild,0.5122,0.25899,0.51218,0.10193,0.1269
crops/003_00048_11_a091_4.jpg,003_00048_11_a091,003_00048_11_a091_jpg.rf.adf11a6f3184af172ec1caac3905eb4b.jpg,,0,0,no_caries,mild,0.5055,0.39818,0.50553,0.04693,0.04936
crops/003_00048_11_a091_5.jpg,003_00048_11_a091,003_00048_11_a091_jpg.rf.adf11a6f3184af172ec1caac3905eb4b.jpg,,0,0,no_caries,no_caries,0.7344,0.73439,0.18226,0.05533,0.02801
crops/003_00048_11_a091_6.jpg,003_00048_11_a091,003_00048_11_a091_jpg.rf.adf11a6f3184af172ec1caac3905eb4b.jpg,,0,0,no_caries,no_caries,0.7156,0.71556,0.17114,0.06986,0.04344
crops/003_00048_11_a091_7.jpg,003_00048_11_a091,003_00048_11_a091_jpg.rf.adf11a6f3184af172ec1caac3905eb4b.jpg,,0,0,no_caries,no_caries,0.6878,0.68778,0.21694,0.04718,0.0481
crops/003_00048_11_a091_8.jpg,003_00048_11_a091,003_00048_11_a091_jpg.rf.adf11a6f3184af172ec1caac3905eb4b.jpg,,0,0,no_caries,no_caries,0.5522,0.5522,0.30151,0.09807,0.04822
crops/003_00048_11_a091_9.jpg,003_00048_11_a091,003_00048_11_a091_jpg.rf.adf11a6f3184af172ec1caac3905eb4b.jpg,,0,0,no_caries,mild,0.399,0.37991,0.39897,0.17808,0.04304
crops/003_00048_11_a091_10.jpg,003_00048_11_a091,003_00048_11_a091_jpg.rf.adf11a6f3184af172ec1caac3905eb4b.jpg,,0,0,no_caries,no_caries,0.317,0.317,0.2091,0.20655,0.26735
crops/003_00048_11_a091_11.jpg,003_00048_11_a091,003_00048_11_a091_jpg.rf.adf11a6f3184af172ec1caac3905eb4b.jpg,,0,0,no_caries,no_caries,0.4565,0.45654,0.29715,0.1587,0.08761
crops/005_00240_03_a091_0.jpg,005_00240_03_a091,005_00240_03_a091_jpg.rf.c6a3b7ea561e492901a53e99a26fa35c.jpg,,0,0,no_caries,no_caries,0.7303,0.73025,0.14482,0.09554,0.02939
crops/005_00240_03_a091_1.jpg,005_00240_03_a091,005_00240_03_a091_jpg.rf.c6a3b7ea561e492901a53e99a26fa35c.jpg,,4,0,moderate,mild,0.5025,0.10402,0.50248,0.3711,0.0224
crops/005_00240_03_a091_2.jpg,005_00240_03_a091,005_00240_03_a091_jpg.rf.c6a3b7ea561e492901a53e99a26fa35c.jpg,,4,0,moderate,no_caries,0.3738,0.37381,0.32678,0.244,0.05541
crops/005_00240_03_a091_3.jpg,005_00240_03_a091,005_00240_03_a091_jpg.rf.c6a3b7ea561e492901a53e99a26fa35c.jpg,,0,0,no_caries,no_caries,0.6307,0.63075,0.16854,0.16967,0.03104
crops/005_00240_03_a091_4.jpg,005_00240_03_a091,005_00240_03_a091_jpg.rf.c6a3b7ea561e492901a53e99a26fa35c.jpg,,0,0,no_caries,no_caries,0.6878,0.68781,0.13013,0.13901,0.04305
crops/005_00240_03_a091_5.jpg,005_00240_03_a091,005_00240_03_a091_jpg.rf.c6a3b7ea561e492901a53e99a26fa35c.jpg,,1,0,mild,no_caries,0.5055,0.50548,0.32007,0.11736,0.05709
crops/005_00276_04_a091_0.jpg,005_00276_04_a091,005_00276_04_a091_jpg.rf.1b272ee84fd5fb1ed9f99296df269ff9.jpg,,3,0,moderate,no_caries,0.4432,0.44324,0.38776,0.08759,0.08141
crops/005_00276_04_a091_1.jpg,005_00276_04_a091,005_00276_04_a091_jpg.rf.1b272ee84fd5fb1ed9f99296df269ff9.jpg,,5,0,advanced,moderate,0.4855,0.12352,0.35129,0.48552,0.03967
crops/005_00276_04_a091_2.jpg,005_00276_04_a091,005_00276_04_a091_jpg.rf.1b272ee84fd5fb1ed9f99296df269ff9.jpg,,5,0,advanced,advanced,0.9486,0.00086,0.01008,0.04051,0.94855
crops/005_00276_04_a091_3.jpg,005_00276_04_a091,005_00276_04_a091_jpg.rf.1b272ee84fd5fb1ed9f99296df269ff9.jpg,,0,0,no_caries,mild,0.5482,0.30184,0.54819,0.09551,0.05446
crops/005_00276_04_a091_4.jpg,005_00276_04_a091,005_00276_04_a091_jpg.rf.1b272ee84fd5fb1ed9f99296df269ff9.jpg,,0,0,no_caries,mild,0.461,0.34009,0.46096,0.16287,0.03607
crops/005_00276_04_a091_5.jpg,005_00276_04_a091,005_00276_04_a091_jpg.rf.1b272ee84fd5fb1ed9f99296df269ff9.jpg,,0,0,no_caries,mild,0.4167,0.41343,0.41668,0.15228,0.01761
crops/005_00276_04_a091_6.jpg,005_00276_04_a091,005_00276_04_a091_jpg.rf.1b272ee84fd5fb1ed9f99296df269ff9.jpg,,0,0,no_caries,mild,0.4871,0.36051,0.48706,0.11382,0.03861
crops/005_00276_04_a091_7.jpg,005_00276_04_a091,005_00276_04_a091_jpg.rf.1b272ee84fd5fb1ed9f99296df269ff9.jpg,,0,0,no_caries,no_caries,0.4635,0.46353,0.37507,0.13462,0.02678
crops/005_00276_04_a091_8.jpg,005_00276_04_a091,005_00276_04_a091_jpg.rf.1b272ee84fd5fb1ed9f99296df269ff9.jpg,,0,0,no_caries,no_caries,0.6934,0.6934,0.22265,0.05473,0.02922
crops/005_00276_04_a091_9.jpg,005_00276_04_a091,005_00276_04_a091_jpg.rf.1b272ee84fd5fb1ed9f99296df269ff9.jpg,,0,0,no_caries,no_caries,0.6863,0.68633,0.11867,0.15552,0.03948
crops/005_00276_04_a091_10.jpg,005_00276_04_a091,005_00276_04_a091_jpg.rf.1b272ee84fd5fb1ed9f99296df269ff9.jpg,,0,0,no_caries,no_caries,0.5498,0.54983,0.33782,0.07279,0.03956
crops/005_00276_04_a091_11.jpg,005_00276_04_a091,005_00276_04_a091_jpg.rf.1b272ee84fd5fb1ed9f99296df269ff9.jpg,,0,0,no_caries,no_caries,0.7394,0.73935,0.13481,0.09985,0.02599
crops/005_00276_07_a091_0.jpg,005_00276_07_a091,005_00276_07_a091_jpg.rf.565eaf0ed1eebe46f2e807160f0a94c1.jpg,,0,0,no_caries,mild,0.4795,0.26718,0.47946,0.21502,0.03834
crops/005_00276_07_a091_1.jpg,005_00276_07_a091,005_00276_07_a091_jpg.rf.565eaf0ed1eebe46f2e807160f0a94c1.jpg,,3,0,moderate,moderate,0.5726,0.0596,0.34056,0.57264,0.0272
crops/005_00276_07_a091_2.jpg,005_00276_07_a091,005_00276_07_a091_jpg.rf.565eaf0ed1eebe46f2e807160f0a94c1.jpg,,1,0,mild,mild,0.7237,0.16241,0.72367,0.10211,0.01181
crops/005_00276_07_a091_3.jpg,005_00276_07_a091,005_00276_07_a091_jpg.rf.565eaf0ed1eebe46f2e807160f0a94c1.jpg,,3,0,moderate,mild,0.5853,0.1986,0.58528,0.19048,0.02563
crops/005_00276_07_a091_4.jpg,005_00276_07_a091,005_00276_07_a091_jpg.rf.565eaf0ed1eebe46f2e807160f0a94c1.jpg,,6,0,advanced,advanced,0.9811,0.00099,0.00909,0.00885,0.98107
crops/005_00276_07_a091_5.jpg,005_00276_07_a091,005_00276_07_a091_jpg.rf.565eaf0ed1eebe46f2e807160f0a94c1.jpg,,6,0,advanced,advanced,0.9926,0.00062,0.00269,0.00405,0.99265
crops/010_00496_10_a091_0.jpg,010_00496_10_a091,010_00496_10_a091_jpg.rf.85b003fb7f05a275ecce262593a71b94.jpg,,1,0,mild,no_caries,0.5892,0.58923,0.32778,0.05959,0.0234
crops/010_00496_10_a091_1.jpg,010_00496_10_a091,010_00496_10_a091_jpg.rf.85b003fb7f05a275ecce262593a71b94.jpg,,1,0,mild,mild,0.4093,0.30055,0.40933,0.21218,0.07794
crops/010_00496_10_a091_2.jpg,010_00496_10_a091,010_00496_10_a091_jpg.rf.85b003fb7f05a275ecce262593a71b94.jpg,,2,0,mild,mild,0.6428,0.12859,0.64282,0.21151,0.01708
crops/010_00496_10_a091_3.jpg,010_00496_10_a091,010_00496_10_a091_jpg.rf.85b003fb7f05a275ecce262593a71b94.jpg,,2,0,mild,mild,0.6096,0.26023,0.60961,0.07886,0.05129
crops/010_00496_10_a091_4.jpg,010_00496_10_a091,010_00496_10_a091_jpg.rf.85b003fb7f05a275ecce262593a71b94.jpg,,1,0,mild,mild,0.6317,0.27775,0.63166,0.06526,0.02532
crops/010_00496_10_a091_5.jpg,010_00496_10_a091,010_00496_10_a091_jpg.rf.85b003fb7f05a275ecce262593a71b94.jpg,,1,0,mild,no_caries,0.6606,0.66065,0.23254,0.05444,0.05237
crops/010_00496_10_a091_6.jpg,010_00496_10_a091,010_00496_10_a091_jpg.rf.85b003fb7f05a275ecce262593a71b94.jpg,,0,0,no_caries,mild,0.3593,0.17964,0.35926,0.3416,0.11949
crops/010_00551_12_a091_0.jpg,010_00551_12_a091,010_00551_12_a091_jpg.rf.cbe4aced8da04ea766b80a46fd4d9b9e.jpg,,1,0,mild,mild,0.5518,0.0603,0.55181,0.10368,0.28421
crops/010_00551_12_a091_1.jpg,010_00551_12_a091,010_00551_12_a091_jpg.rf.cbe4aced8da04ea766b80a46fd4d9b9e.jpg,,3,0,moderate,moderate,0.7412,0.01649,0.16034,0.7412,0.08198
crops/010_00551_12_a091_2.jpg,010_00551_12_a091,010_00551_12_a091_jpg.rf.cbe4aced8da04ea766b80a46fd4d9b9e.jpg,,3,0,moderate,moderate,0.7025,0.07769,0.14794,0.70254,0.07183
crops/010_00551_12_a091_3.jpg,010_00551_12_a091,010_00551_12_a091_jpg.rf.cbe4aced8da04ea766b80a46fd4d9b9e.jpg,,3,0,moderate,no_caries,0.528,0.52801,0.30469,0.13292,0.03439
crops/010_00551_12_a091_4.jpg,010_00551_12_a091,010_00551_12_a091_jpg.rf.cbe4aced8da04ea766b80a46fd4d9b9e.jpg,,1,0,mild,mild,0.5299,0.16044,0.52986,0.18674,0.12296
crops/010_00551_12_a091_5.jpg,010_00551_12_a091,010_00551_12_a091_jpg.rf.cbe4aced8da04ea766b80a46fd4d9b9e.jpg,,1,0,mild,mild,0.4804,0.05178,0.48038,0.28766,0.18019
crops/010_00551_12_a091_6.jpg,010_00551_12_a091,010_00551_12_a091_jpg.rf.cbe4aced8da04ea766b80a46fd4d9b9e.jpg,,5,0,advanced,mild,0.4482,0.10696,0.44822,0.32126,0.12357
crops/010_00551_12_a091_7.jpg,010_00551_12_a091,010_00551_12_a091_jpg.rf.cbe4aced8da04ea766b80a46fd4d9b9e.jpg,,5,0,advanced,no_caries,0.5326,0.53258,0.33234,0.10311,0.03197
crops/010_00551_12_a091_8.jpg,010_00551_12_a091,010_00551_12_a091_jpg.rf.cbe4aced8da04ea766b80a46fd4d9b9e.jpg,,5,0,advanced,no_caries,0.6906,0.69064,0.12999,0.12577,0.05361
crops/022_00070_04_a091_0.jpg,022_00070_04_a091,022_00070_04_a091_jpg.rf.0e283bb8db38a4001619bd1ae462c9b5.jpg,,0,0,no_caries,mild,0.511,0.38375,0.51101,0.07373,0.03151
crops/022_00070_04_a091_1.jpg,022_00070_04_a091,022_00070_04_a091_jpg.rf.0e283bb8db38a4001619bd1ae462c9b5.jpg,,0,0,no_caries,mild,0.6607,0.25959,0.66068,0.05771,0.02202
crops/022_00070_04_a091_2.jpg,022_00070_04_a091,022_00070_04_a091_jpg.rf.0e283bb8db38a4001619bd1ae462c9b5.jpg,,0,0,no_caries,mild,0.7788,0.02038,0.77879,0.1864,0.01443
crops/022_00070_04_a091_3.jpg,022_00070_04_a091,022_00070_04_a091_jpg.rf.0e283bb8db38a4001619bd1ae462c9b5.jpg,,0,0,no_caries,mild,0.5585,0.08884,0.55854,0.33047,0.02215
crops/022_00070_04_a091_4.jpg,022_00070_04_a091,022_00070_04_a091_jpg.rf.0e283bb8db38a4001619bd1ae462c9b5.jpg,,1,0,mild,moderate,0.5207,0.00298,0.15104,0.52072,0.32526
crops/022_00070_04_a091_5.jpg,022_00070_04_a091,022_00070_04_a091_jpg.rf.0e283bb8db38a4001619bd1ae462c9b5.jpg,,1,0,mild,moderate,0.6775,0.03285,0.25201,0.67748,0.03767
crops/022_00070_04_a091_6.jpg,022_00070_04_a091,022_00070_04_a091_jpg.rf.0e283bb8db38a4001619bd1ae462c9b5.jpg,,0,0,no_caries,no_caries,0.6365,0.63645,0.23279,0.10405,0.02671
crops/022_00070_05_a091_0.jpg,022_00070_05_a091,022_00070_05_a091_jpg.rf.9ccffd156c5e8d4dec63dabfc48c388b.jpg,,0,0,no_caries,mild,0.4808,0.40014,0.48077,0.09087,0.02821
crops/022_00070_05_a091_1.jpg,022_00070_05_a091,022_00070_05_a091_jpg.rf.9ccffd156c5e8d4dec63dabfc48c388b.jpg,,0,0,no_caries,mild,0.6033,0.21008,0.60328,0.15023,0.03642
crops/022_00070_05_a091_2.jpg,022_00070_05_a091,022_00070_05_a091_jpg.rf.9ccffd156c5e8d4dec63dabfc48c388b.jpg,,2,0,mild,mild,0.695,0.02767,0.69499,0.22878,0.04856
crops/022_00070_05_a091_3.jpg,022_00070_05_a091,022_00070_05_a091_jpg.rf.9ccffd156c5e8d4dec63dabfc48c388b.jpg,,0,0,no_caries,mild,0.6324,0.16595,0.63243,0.16937,0.03225
crops/022_00070_05_a091_4.jpg,022_00070_05_a091,022_00070_05_a091_jpg.rf.9ccffd156c5e8d4dec63dabfc48c388b.jpg,,2,0,mild,mild,0.5254,0.13773,0.52541,0.17918,0.15767
crops/022_00070_05_a091_5.jpg,022_00070_05_a091,022_00070_05_a091_jpg.rf.9ccffd156c5e8d4dec63dabfc48c388b.jpg,,2,0,mild,mild,0.5628,0.05757,0.56283,0.27037,0.10923
crops/022_00070_05_a091_6.jpg,022_00070_05_a091,022_00070_05_a091_jpg.rf.9ccffd156c5e8d4dec63dabfc48c388b.jpg,,0,0,no_caries,mild,0.506,0.06271,0.50599,0.42121,0.01009
crops/022_00070_05_a091_7.jpg,022_00070_05_a091,022_00070_05_a091_jpg.rf.9ccffd156c5e8d4dec63dabfc48c388b.jpg,,0,0,no_caries,mild,0.6549,0.16145,0.6549,0.15256,0.03109
crops/022_00070_05_a091_8.jpg,022_00070_05_a091,022_00070_05_a091_jpg.rf.9ccffd156c5e8d4dec63dabfc48c388b.jpg,,0,0,no_caries,no_caries,0.5277,0.52767,0.37387,0.07574,0.02272
crops/022_00070_05_a091_9.jpg,022_00070_05_a091,022_00070_05_a091_jpg.rf.9ccffd156c5e8d4dec63dabfc48c388b.jpg,,0,0,no_caries,no_caries,0.4792,0.47923,0.33758,0.145,0.03819
crops/031_00120_08_a091_0.jpg,031_00120_08_a091,031_00120_08_a091_jpg.rf.3a88f771f258089cfa237729566067b9.jpg,,5,0,advanced,moderate,0.4038,0.02368,0.17651,0.4038,0.396
crops/031_00120_08_a091_1.jpg,031_00120_08_a091,031_00120_08_a091_jpg.rf.3a88f771f258089cfa237729566067b9.jpg,,0,0,no_caries,mild,0.5381,0.33534,0.53812,0.08897,0.03757
crops/031_00120_08_a091_2.jpg,031_00120_08_a091,031_00120_08_a091_jpg.rf.3a88f771f258089cfa237729566067b9.jpg,,0,0,no_caries,mild,0.5261,0.36399,0.52612,0.07156,0.03833
crops/031_00120_08_a091_3.jpg,031_00120_08_a091,031_00120_08_a091_jpg.rf.3a88f771f258089cfa237729566067b9.jpg,,0,0,no_caries,mild,0.4879,0.37384,0.48788,0.10509,0.03319
crops/031_00120_08_a091_4.jpg,031_00120_08_a091,031_00120_08_a091_jpg.rf.3a88f771f258089cfa237729566067b9.jpg,,0,0,no_caries,no_caries,0.682,0.68198,0.2283,0.05645,0.03328
crops/031_00120_08_a091_5.jpg,031_00120_08_a091,031_00120_08_a091_jpg.rf.3a88f771f258089cfa237729566067b9.jpg,,0,0,no_caries,no_caries,0.4452,0.44521,0.40028,0.08054,0.07398
crops/031_00120_08_a091_6.jpg,031_00120_08_a091,031_00120_08_a091_jpg.rf.3a88f771f258089cfa237729566067b9.jpg,,0,0,no_caries,mild,0.7294,0.16265,0.72942,0.07394,0.03398
crops/031_00120_08_a091_7.jpg,031_00120_08_a091,031_00120_08_a091_jpg.rf.3a88f771f258089cfa237729566067b9.jpg,,0,0,no_caries,mild,0.596,0.25202,0.59597,0.10347,0.04854
crops/031_00120_08_a091_8.jpg,031_00120_08_a091,031_00120_08_a091_jpg.rf.3a88f771f258089cfa237729566067b9.jpg,,2,0,mild,mild,0.5143,0.16418,0.51428,0.28598,0.03555
crops/031_00120_08_a091_9.jpg,031_00120_08_a091,031_00120_08_a091_jpg.rf.3a88f771f258089cfa237729566067b9.jpg,,0,0,no_caries,mild,0.4343,0.28783,0.43429,0.24179,0.03609
crops/031_00120_08_a091_10.jpg,031_00120_08_a091,031_00120_08_a091_jpg.rf.3a88f771f258089cfa237729566067b9.jpg,,0,0,no_caries,mild,0.3847,0.25043,0.38473,0.28994,0.0749
crops/031_00321_07_a091_0.jpg,031_00321_07_a091,031_00321_07_a091_jpg.rf.becdf23cec28b42b065e19076b546a5e.jpg,,5,0,advanced,advanced,0.8164,0.00245,0.02967,0.15147,0.81641
crops/031_00321_07_a091_1.jpg,031_00321_07_a091,031_00321_07_a091_jpg.rf.becdf23cec28b42b065e19076b546a5e.jpg,,5,0,advanced,mild,0.5145,0.18711,0.51453,0.20159,0.09678
crops/031_00321_07_a091_2.jpg,031_00321_07_a091,031_00321_07_a091_jpg.rf.becdf23cec28b42b065e19076b546a5e.jpg,,5,0,advanced,moderate,0.3851,0.09346,0.35209,0.38505,0.16939
crops/031_00321_07_a091_3.jpg,031_00321_07_a091,031_00321_07_a091_jpg.rf.becdf23cec28b42b065e19076b546a5e.jpg,,5,0,advanced,moderate,0.3792,0.09809,0.35989,0.37923,0.16279
crops/031_00321_07_a091_4.jpg,031_00321_07_a091,031_00321_07_a091_jpg.rf.becdf23cec28b42b065e19076b546a5e.jpg,,5,0,advanced,advanced,0.5357,0.10473,0.10846,0.25113,0.53568
crops/031_00321_07_a091_5.jpg,031_00321_07_a091,031_00321_07_a091_jpg.rf.becdf23cec28b42b065e19076b546a5e.jpg,,2,0,mild,mild,0.5742,0.35684,0.57423,0.04295,0.02599
crops/031_00321_07_a091_6.jpg,031_00321_07_a091,031_00321_07_a091_jpg.rf.becdf23cec28b42b065e19076b546a5e.jpg,,2,0,mild,mild,0.3168,0.29046,0.31683,0.08585,0.30685
crops/031_00321_07_a091_7.jpg,031_00321_07_a091,031_00321_07_a091_jpg.rf.becdf23cec28b42b065e19076b546a5e.jpg,,0,0,no_caries,no_caries,0.6689,0.66887,0.07789,0.19398,0.05926
crops/031_00321_07_a091_8.jpg,031_00321_07_a091,031_00321_07_a091_jpg.rf.becdf23cec28b42b065e19076b546a5e.jpg,,0,0,no_caries,no_caries,0.8078,0.8078,0.07122,0.10405,0.01693
crops/031_00321_07_a091_9.jpg,031_00321_07_a091,031_00321_07_a091_jpg.rf.becdf23cec28b42b065e19076b546a5e.jpg,,0,0,no_caries,no_caries,0.8037,0.80374,0.06807,0.10752,0.02067
crops/031_00321_07_a091_10.jpg,031_00321_07_a091,031_00321_07_a091_jpg.rf.becdf23cec28b42b065e19076b546a5e.jpg,,0,0,no_caries,no_caries,0.7992,0.79917,0.09503,0.08227,0.02352
crops/031_00321_07_a091_11.jpg,031_00321_07_a091,031_00321_07_a091_jpg.rf.becdf23cec28b42b065e19076b546a5e.jpg,,0,0,no_caries,no_caries,0.6551,0.65509,0.18176,0.11289,0.05025
crops/031_00502_08_a091_0.jpg,031_00502_08_a091,031_00502_08_a091_jpg.rf.11f5e5e9bf2db75a6748e79f976b18e4.jpg,,0,0,no_caries,no_caries,0.3863,0.38627,0.3826,0.18713,0.04399
crops/031_00502_08_a091_1.jpg,031_00502_08_a091,031_00502_08_a091_jpg.rf.11f5e5e9bf2db75a6748e79f976b18e4.jpg,,0,0,no_caries,no_caries,0.5361,0.53615,0.27517,0.13324,0.05544
crops/031_00502_08_a091_2.jpg,031_00502_08_a091,031_00502_08_a091_jpg.rf.11f5e5e9bf2db75a6748e79f976b18e4.jpg,,0,0,no_caries,no_caries,0.5853,0.58533,0.24001,0.13053,0.04413
crops/031_00502_08_a091_3.jpg,031_00502_08_a091,031_00502_08_a091_jpg.rf.11f5e5e9bf2db75a6748e79f976b18e4.jpg,,0,0,no_caries,no_caries,0.5671,0.56714,0.26331,0.14197,0.02758
crops/031_00502_08_a091_4.jpg,031_00502_08_a091,031_00502_08_a091_jpg.rf.11f5e5e9bf2db75a6748e79f976b18e4.jpg,,0,0,no_caries,no_caries,0.7796,0.77957,0.12968,0.07454,0.01621
crops/031_00502_08_a091_5.jpg,031_00502_08_a091,031_00502_08_a091_jpg.rf.11f5e5e9bf2db75a6748e79f976b18e4.jpg,,0,0,no_caries,no_caries,0.8171,0.81707,0.10803,0.05846,0.01644
crops/031_00502_08_a091_6.jpg,031_00502_08_a091,031_00502_08_a091_jpg.rf.11f5e5e9bf2db75a6748e79f976b18e4.jpg,,0,0,no_caries,no_caries,0.7728,0.7728,0.11007,0.07822,0.03892
crops/031_00502_08_a091_7.jpg,031_00502_08_a091,031_00502_08_a091_jpg.rf.11f5e5e9bf2db75a6748e79f976b18e4.jpg,,0,0,no_caries,no_caries,0.8201,0.82013,0.05774,0.09698,0.02514
crops/031_00502_08_a091_8.jpg,031_00502_08_a091,031_00502_08_a091_jpg.rf.11f5e5e9bf2db75a6748e79f976b18e4.jpg,,0,0,no_caries,no_caries,0.8486,0.84859,0.05688,0.06926,0.02527
crops/031_00502_08_a091_9.jpg,031_00502_08_a091,031_00502_08_a091_jpg.rf.11f5e5e9bf2db75a6748e79f976b18e4.jpg,,0,0,no_caries,no_caries,0.8421,0.84212,0.08027,0.06295,0.01466
crops/031_00502_08_a091_10.jpg,031_00502_08_a091,031_00502_08_a091_jpg.rf.11f5e5e9bf2db75a6748e79f976b18e4.jpg,,0,0,no_caries,no_caries,0.587,0.58703,0.30066,0.08138,0.03093
crops/031_00502_08_a091_11.jpg,031_00502_08_a091,031_00502_08_a091_jpg.rf.11f5e5e9bf2db75a6748e79f976b18e4.jpg,,0,0,no_caries,no_caries,0.6584,0.65841,0.21589,0.09847,0.02723
crops/031_00502_08_a091_12.jpg,031_00502_08_a091,031_00502_08_a091_jpg.rf.11f5e5e9bf2db75a6748e79f976b18e4.jpg,,0,0,no_caries,mild,0.4373,0.20413,0.43728,0.31687,0.04172
crops/031_00502_08_a091_13.jpg,031_00502_08_a091,031_00502_08_a091_jpg.rf.11f5e5e9bf2db75a6748e79f976b18e4.jpg,,0,0,no_caries,no_caries,0.5783,0.57831,0.29336,0.09007,0.03826
crops/034_00139_09_a091_0.jpg,034_00139_09_a091,034_00139_09_a091_jpg.rf.36b123eab702afbcf7648aa4c87024d1.jpg,,0,0,no_caries,mild,0.4038,0.40024,0.4038,0.12109,0.07487
crops/034_00139_09_a091_1.jpg,034_00139_09_a091,034_00139_09_a091_jpg.rf.36b123eab702afbcf7648aa4c87024d1.jpg,,0,0,no_caries,no_caries,0.5456,0.54559,0.21246,0.15843,0.08352
crops/034_00139_09_a091_2.jpg,034_00139_09_a091,034_00139_09_a091_jpg.rf.36b123eab702afbcf7648aa4c87024d1.jpg,,0,0,no_caries,no_caries,0.7675,0.76748,0.14239,0.06536,0.02477
crops/034_00139_09_a091_3.jpg,034_00139_09_a091,034_00139_09_a091_jpg.rf.36b123eab702afbcf7648aa4c87024d1.jpg,,0,0,no_caries,moderate,0.3978,0.07909,0.19543,0.39781,0.32766
crops/034_00139_09_a091_4.jpg,034_00139_09_a091,034_00139_09_a091_jpg.rf.36b123eab702afbcf7648aa4c87024d1.jpg,,0,0,no_caries,mild,0.6581,0.07689,0.65807,0.23968,0.02536
crops/034_00139_09_a091_5.jpg,034_00139_09_a091,034_00139_09_a091_jpg.rf.36b123eab702afbcf7648aa4c87024d1.jpg,,3,0,moderate,moderate,0.5065,0.10624,0.3533,0.50653,0.03393
crops/034_00139_09_a091_6.jpg,034_00139_09_a091,034_00139_09_a091_jpg.rf.36b123eab702afbcf7648aa4c87024d1.jpg,,3,0,moderate,mild,0.4453,0.2525,0.44526,0.24666,0.05558
crops/034_00139_09_a091_7.jpg,034_00139_09_a091,034_00139_09_a091_jpg.rf.36b123eab702afbcf7648aa4c87024d1.jpg,,3,0,moderate,mild,0.4263,0.13432,0.42634,0.16906,0.27028
crops/034_00139_09_a091_8.jpg,034_00139_09_a091,034_00139_09_a091_jpg.rf.36b123eab702afbcf7648aa4c87024d1.jpg,,0,0,no_caries,moderate,0.8888,0.00798,0.02886,0.88881,0.07436
crops/034_00139_09_a091_9.jpg,034_00139_09_a091,034_00139_09_a091_jpg.rf.36b123eab702afbcf7648aa4c87024d1.jpg,,5,0,advanced,mild,0.6744,0.10694,0.67438,0.07769,0.14099
crops/042_00545_11_a091_0.jpg,042_00545_11_a091,042_00545_11_a091_jpg.rf.34c095e222ea90a0952f8c9768c045ae.jpg,,0,0,no_caries,mild,0.4745,0.16988,0.47446,0.27286,0.0828
crops/042_00545_11_a091_1.jpg,042_00545_11_a091,042_00545_11_a091_jpg.rf.34c095e222ea90a0952f8c9768c045ae.jpg,,0,0,no_caries,mild,0.38,0.22121,0.37998,0.31238,0.08643
crops/042_00545_11_a091_2.jpg,042_00545_11_a091,042_00545_11_a091_jpg.rf.34c095e222ea90a0952f8c9768c045ae.jpg,,0,0,no_caries,no_caries,0.5107,0.51066,0.28545,0.14988,0.054
crops/042_00545_11_a091_3.jpg,042_00545_11_a091,042_00545_11_a091_jpg.rf.34c095e222ea90a0952f8c9768c045ae.jpg,,1,0,mild,mild,0.5212,0.20322,0.5212,0.11528,0.1603
crops/042_00545_11_a091_4.jpg,042_00545_11_a091,042_00545_11_a091_jpg.rf.34c095e222ea90a0952f8c9768c045ae.jpg,,0,0,no_caries,mild,0.6287,0.2689,0.62873,0.06372,0.03865
crops/042_00545_11_a091_5.jpg,042_00545_11_a091,042_00545_11_a091_jpg.rf.34c095e222ea90a0952f8c9768c045ae.jpg,,0,0,no_caries,mild,0.5488,0.28761,0.54878,0.10615,0.05746
crops/042_00545_11_a091_6.jpg,042_00545_11_a091,042_00545_11_a091_jpg.rf.34c095e222ea90a0952f8c9768c045ae.jpg,,0,0,no_caries,no_caries,0.5884,0.58842,0.28591,0.1006,0.02507
crops/042_00545_11_a091_7.jpg,042_00545_11_a091,042_00545_11_a091_jpg.rf.34c095e222ea90a0952f8c9768c045ae.jpg,,0,0,no_caries,moderate,0.3444,0.26719,0.28679,0.34445,0.10157
crops/042_00545_11_a091_8.jpg,042_00545_11_a091,042_00545_11_a091_jpg.rf.34c095e222ea90a0952f8c9768c045ae.jpg,,0,0,no_caries,mild,0.6,0.19773,0.60004,0.10517,0.09706
crops/042_00545_11_a091_9.jpg,042_00545_11_a091,042_00545_11_a091_jpg.rf.34c095e222ea90a0952f8c9768c045ae.jpg,,0,0,no_caries,no_caries,0.559,0.55898,0.26536,0.12568,0.04998
crops/042_00545_11_a091_10.jpg,042_00545_11_a091,042_00545_11_a091_jpg.rf.34c095e222ea90a0952f8c9768c045ae.jpg,,0,0,no_caries,no_caries,0.6825,0.68253,0.18739,0.09565,0.03443
crops/042_00545_11_a091_11.jpg,042_00545_11_a091,042_00545_11_a091_jpg.rf.34c095e222ea90a0952f8c9768c045ae.jpg,,0,0,no_caries,moderate,0.3426,0.24754,0.34136,0.34259,0.06851
crops/042_00545_11_a091_12.jpg,042_00545_11_a091,042_00545_11_a091_jpg.rf.34c095e222ea90a0952f8c9768c045ae.jpg,,3,0,moderate,moderate,0.9432,0.00342,0.02824,0.94325,0.02509
crops/1046_0.jpg,1046,1046_jpg.rf.84c4860f24bcdb67f1705c6715ade09b.jpg,,0,0,no_caries,no_caries,0.6881,0.68807,0.26238,0.03483,0.01471
crops/1046_1.jpg,1046,1046_jpg.rf.84c4860f24bcdb67f1705c6715ade09b.jpg,,0,0,no_caries,no_caries,0.5049,0.50487,0.39322,0.07307,0.02884
crops/1046_2.jpg,1046,1046_jpg.rf.84c4860f24bcdb67f1705c6715ade09b.jpg,,0,0,no_caries,no_caries,0.5715,0.5715,0.34789,0.0663,0.0143
crops/1046_3.jpg,1046,1046_jpg.rf.84c4860f24bcdb67f1705c6715ade09b.jpg,,0,0,no_caries,no_caries,0.6111,0.61114,0.27314,0.08239,0.03333
crops/1046_4.jpg,1046,1046_jpg.rf.84c4860f24bcdb67f1705c6715ade09b.jpg,,4,0,moderate,mild,0.4877,0.29835,0.48772,0.17166,0.04227
crops/1046_5.jpg,1046,1046_jpg.rf.84c4860f24bcdb67f1705c6715ade09b.jpg,,3,0,moderate,mild,0.4228,0.26774,0.42283,0.11847,0.19096
crops/1046_6.jpg,1046,1046_jpg.rf.84c4860f24bcdb67f1705c6715ade09b.jpg,,5,0,advanced,advanced,0.7612,0.00979,0.05838,0.17059,0.76124
crops/1046_7.jpg,1046,1046_jpg.rf.84c4860f24bcdb67f1705c6715ade09b.jpg,,3,0,moderate,mild,0.4242,0.01563,0.42425,0.14676,0.41336
crops/1046_8.jpg,1046,1046_jpg.rf.84c4860f24bcdb67f1705c6715ade09b.jpg,,5,0,advanced,advanced,0.391,0.01828,0.37304,0.21772,0.39096
crops/1051_0.jpg,1051,1051_jpg.rf.dbf197656d3bfbbdcc0a02e54a8fbd86.jpg,,3,0,moderate,mild,0.7054,0.11542,0.7054,0.1718,0.00738
crops/1051_1.jpg,1051,1051_jpg.rf.dbf197656d3bfbbdcc0a02e54a8fbd86.jpg,,3,0,moderate,moderate,0.4635,0.0764,0.39043,0.46355,0.06963
crops/1051_2.jpg,1051,1051_jpg.rf.dbf197656d3bfbbdcc0a02e54a8fbd86.jpg,,5,0,advanced,mild,0.4655,0.1858,0.46549,0.11753,0.23117
crops/1051_3.jpg,1051,1051_jpg.rf.dbf197656d3bfbbdcc0a02e54a8fbd86.jpg,,2,0,mild,mild,0.4606,0.3354,0.46058,0.12447,0.07955
crops/1051_4.jpg,1051,1051_jpg.rf.dbf197656d3bfbbdcc0a02e54a8fbd86.jpg,,0,0,no_caries,no_caries,0.6248,0.62476,0.28397,0.06026,0.03102
crops/1051_5.jpg,1051,1051_jpg.rf.dbf197656d3bfbbdcc0a02e54a8fbd86.jpg,,0,0,no_caries,no_caries,0.5468,0.54682,0.32385,0.10203,0.02729
crops/1051_6.jpg,1051,1051_jpg.rf.dbf197656d3bfbbdcc0a02e54a8fbd86.jpg,,0,0,no_caries,no_caries,0.5479,0.54785,0.25996,0.14389,0.0483
crops/1051_7.jpg,1051,1051_jpg.rf.dbf197656d3bfbbdcc0a02e54a8fbd86.jpg,,0,0,no_caries,no_caries,0.7288,0.72876,0.11484,0.11746,0.03893
crops/1051_8.jpg,1051,1051_jpg.rf.dbf197656d3bfbbdcc0a02e54a8fbd86.jpg,,0,0,no_caries,mild,0.4931,0.26164,0.49312,0.20926,0.03598
crops/1051_9.jpg,1051,1051_jpg.rf.dbf197656d3bfbbdcc0a02e54a8fbd86.jpg,,0,0,no_caries,no_caries,0.5002,0.50019,0.39127,0.08441,0.02414
crops/1051_10.jpg,1051,1051_jpg.rf.dbf197656d3bfbbdcc0a02e54a8fbd86.jpg,,3,0,moderate,moderate,0.5038,0.0785,0.39875,0.50382,0.01893
crops/1051_11.jpg,1051,1051_jpg.rf.dbf197656d3bfbbdcc0a02e54a8fbd86.jpg,,0,0,no_caries,no_caries,0.5357,0.53567,0.27219,0.14226,0.04988
crops/1051_12.jpg,1051,1051_jpg.rf.dbf197656d3bfbbdcc0a02e54a8fbd86.jpg,,3,0,moderate,moderate,0.5385,0.06325,0.35771,0.53846,0.04059
crops/1051_13.jpg,1051,1051_jpg.rf.dbf197656d3bfbbdcc0a02e54a8fbd86.jpg,,3,0,moderate,moderate,0.7174,0.06261,0.17832,0.71742,0.04165
crops/1076_0.jpg,1076,1076_jpg.rf.a6d7e933ffa9b6039c34b096a609c0e4.jpg,,6,0,advanced,advanced,0.9675,0.00451,0.01436,0.01363,0.9675
crops/1076_1.jpg,1076,1076_jpg.rf.a6d7e933ffa9b6039c34b096a609c0e4.jpg,,5,0,advanced,mild,0.4128,0.04099,0.41282,0.24463,0.30156
crops/1076_2.jpg,1076,1076_jpg.rf.a6d7e933ffa9b6039c34b096a609c0e4.jpg,,5,0,advanced,advanced,0.5862,0.02618,0.16221,0.22541,0.5862
crops/1076_3.jpg,1076,1076_jpg.rf.a6d7e933ffa9b6039c34b096a609c0e4.jpg,,5,0,advanced,advanced,0.8592,0.01368,0.04382,0.08328,0.85922
crops/1076_4.jpg,1076,1076_jpg.rf.a6d7e933ffa9b6039c34b096a609c0e4.jpg,,2,0,mild,mild,0.4509,0.04265,0.45091,0.28961,0.21683
crops/1076_5.jpg,1076,1076_jpg.rf.a6d7e933ffa9b6039c34b096a609c0e4.jpg,,2,0,mild,mild,0.4709,0.06609,0.47091,0.32402,0.13898
crops/1076_6.jpg,1076,1076_jpg.rf.a6d7e933ffa9b6039c34b096a609c0e4.jpg,,2,0,mild,mild,0.3357,0.20041,0.33572,0.2006,0.26326
crops/1076_7.jpg,1076,1076_jpg.rf.a6d7e933ffa9b6039c34b096a609c0e4.jpg,,5,0,advanced,advanced,0.9894,0.00049,0.00393,0.00615,0.98942
crops/1076_8.jpg,1076,1076_jpg.rf.a6d7e933ffa9b6039c34b096a609c0e4.jpg,,6,0,advanced,advanced,0.976,0.00106,0.01363,0.00933,0.97597
crops/1093_0.jpg,1093,1093_jpg.rf.7134138cd3e680a9e87983da0da8709f.jpg,,3,0,moderate,mild,0.3587,0.2531,0.35867,0.34848,0.03974
crops/1093_1.jpg,1093,1093_jpg.rf.7134138cd3e680a9e87983da0da8709f.jpg,,3,0,moderate,mild,0.3714,0.35212,0.37143,0.24515,0.0313
crops/1093_2.jpg,1093,1093_jpg.rf.7134138cd3e680a9e87983da0da8709f.jpg,,5,0,advanced,moderate,0.4656,0.16385,0.31357,0.46561,0.05698
crops/1093_3.jpg,1093,1093_jpg.rf.7134138cd3e680a9e87983da0da8709f.jpg,,5,0,advanced,mild,0.4717,0.06549,0.47173,0.34171,0.12106
crops/1093_4.jpg,1093,1093_jpg.rf.7134138cd3e680a9e87983da0da8709f.jpg,,2,0,mild,mild,0.6063,0.01192,0.60634,0.2396,0.14213
crops/1093_5.jpg,1093,1093_jpg.rf.7134138cd3e680a9e87983da0da8709f.jpg,,2,0,mild,mild,0.4156,0.14147,0.41558,0.36428,0.07867
crops/1093_6.jpg,1093,1093_jpg.rf.7134138cd3e680a9e87983da0da8709f.jpg,,2,0,mild,mild,0.4394,0.16538,0.43937,0.32826,0.067
crops/1093_7.jpg,1093,1093_jpg.rf.7134138cd3e680a9e87983da0da8709f.jpg,,2,0,mild,mild,0.5557,0.0709,0.55566,0.27853,0.0949
crops/1093_8.jpg,1093,1093_jpg.rf.7134138cd3e680a9e87983da0da8709f.jpg,,2,0,mild,moderate,0.6398,0.00439,0.1975,0.63985,0.15827
crops/1093_9.jpg,1093,1093_jpg.rf.7134138cd3e680a9e87983da0da8709f.jpg,,3,0,moderate,moderate,0.6679,0.01469,0.11679,0.66786,0.20066
crops/1093_10.jpg,1093,1093_jpg.rf.7134138cd3e680a9e87983da0da8709f.jpg,,0,0,no_caries,mild,0.3758,0.27747,0.37583,0.30574,0.04095
crops/1093_11.jpg,1093,1093_jpg.rf.7134138cd3e680a9e87983da0da8709f.jpg,,3,0,moderate,no_caries,0.3666,0.36664,0.29854,0.25051,0.08431
crops/1093_12.jpg,1093,1093_jpg.rf.7134138cd3e680a9e87983da0da8709f.jpg,,0,0,no_caries,mild,0.4251,0.14837,0.42506,0.36326,0.06331
crops/1093_13.jpg,1093,1093_jpg.rf.7134138cd3e680a9e87983da0da8709f.jpg,,2,0,mild,no_caries,0.329,0.32895,0.32477,0.29369,0.05259
crops/1093_14.jpg,1093,1093_jpg.rf.7134138cd3e680a9e87983da0da8709f.jpg,,0,0,no_caries,moderate,0.4248,0.35431,0.17427,0.42482,0.0466
crops/1093_15.jpg,1093,1093_jpg.rf.7134138cd3e680a9e87983da0da8709f.jpg,,2,0,mild,moderate,0.4695,0.18093,0.28871,0.46955,0.06082
crops/1093_16.jpg,1093,1093_jpg.rf.7134138cd3e680a9e87983da0da8709f.jpg,,2,0,mild,mild,0.462,0.10419,0.46204,0.35341,0.08037
crops/1093_17.jpg,1093,1093_jpg.rf.7134138cd3e680a9e87983da0da8709f.jpg,,2,0,mild,mild,0.5054,0.02008,0.50537,0.41376,0.06079
crops/1093_18.jpg,1093,1093_jpg.rf.7134138cd3e680a9e87983da0da8709f.jpg,,3,0,moderate,advanced,0.8004,0.00119,0.02816,0.17029,0.80037
crops/1093_19.jpg,1093,1093_jpg.rf.7134138cd3e680a9e87983da0da8709f.jpg,,3,0,moderate,moderate,0.4528,0.01299,0.22997,0.45284,0.30419
crops/1093_20.jpg,1093,1093_jpg.rf.7134138cd3e680a9e87983da0da8709f.jpg,,3,0,moderate,moderate,0.4358,0.01233,0.31115,0.43578,0.24075
crops/1093_21.jpg,1093,1093_jpg.rf.7134138cd3e680a9e87983da0da8709f.jpg,,3,0,moderate,advanced,0.5812,0.00277,0.09068,0.32537,0.58118
crops/1093_22.jpg,1093,1093_jpg.rf.7134138cd3e680a9e87983da0da8709f.jpg,,2,0,mild,mild,0.5133,0.156,0.51333,0.27543,0.05524
crops/1093_23.jpg,1093,1093_jpg.rf.7134138cd3e680a9e87983da0da8709f.jpg,,2,0,mild,moderate,0.6001,0.06361,0.3088,0.60014,0.02745
crops/1093_24.jpg,1093,1093_jpg.rf.7134138cd3e680a9e87983da0da8709f.jpg,,5,0,advanced,advanced,0.5212,0.03743,0.24757,0.19381,0.52119
crops/1112_0.jpg,1112,1112_jpg.rf.cfb931fa0b6ba2f5435f21364c9de1f2.jpg,,0,0,no_caries,no_caries,0.635,0.63499,0.26781,0.0795,0.01771
crops/1112_1.jpg,1112,1112_jpg.rf.cfb931fa0b6ba2f5435f21364c9de1f2.jpg,,0,0,no_caries,no_caries,0.7448,0.74483,0.21597,0.03284,0.00636
crops/1112_2.jpg,1112,1112_jpg.rf.cfb931fa0b6ba2f5435f21364c9de1f2.jpg,,0,0,no_caries,no_caries,0.7358,0.73581,0.15933,0.0881,0.01676
crops/1112_3.jpg,1112,1112_jpg.rf.cfb931fa0b6ba2f5435f21364c9de1f2.jpg,,0,0,no_caries,no_caries,0.7496,0.74964,0.14871,0.07424,0.02741
crops/1112_4.jpg,1112,1112_jpg.rf.cfb931fa0b6ba2f5435f21364c9de1f2.jpg,,0,0,no_caries,no_caries,0.7255,0.72548,0.18357,0.07131,0.01964
crops/1112_5.jpg,1112,1112_jpg.rf.cfb931fa0b6ba2f5435f21364c9de1f2.jpg,,0,0,no_caries,no_caries,0.8316,0.83162,0.09016,0.05565,0.02258
crops/1112_6.jpg,1112,1112_jpg.rf.cfb931fa0b6ba2f5435f21364c9de1f2.jpg,,0,0,no_caries,no_caries,0.8119,0.81188,0.10465,0.06431,0.01916
crops/1112_7.jpg,1112,1112_jpg.rf.cfb931fa0b6ba2f5435f21364c9de1f2.jpg,,0,0,no_caries,no_caries,0.8401,0.84007,0.07,0.07253,0.0174
crops/1112_8.jpg,1112,1112_jpg.rf.cfb931fa0b6ba2f5435f21364c9de1f2.jpg,,0,0,no_caries,no_caries,0.8379,0.83789,0.07056,0.07106,0.02048
crops/1112_9.jpg,1112,1112_jpg.rf.cfb931fa0b6ba2f5435f21364c9de1f2.jpg,,0,0,no_caries,no_caries,0.7349,0.73489,0.14939,0.07808,0.03764
crops/1112_10.jpg,1112,1112_jpg.rf.cfb931fa0b6ba2f5435f21364c9de1f2.jpg,,0,0,no_caries,no_caries,0.7513,0.75131,0.15381,0.08137,0.0135
crops/1112_11.jpg,1112,1112_jpg.rf.cfb931fa0b6ba2f5435f21364c9de1f2.jpg,,0,0,no_caries,no_caries,0.7488,0.7488,0.16448,0.0747,0.01202
crops/1112_12.jpg,1112,1112_jpg.rf.cfb931fa0b6ba2f5435f21364c9de1f2.jpg,,0,0,no_caries,no_caries,0.7163,0.71626,0.22738,0.04525,0.0111
crops/1112_13.jpg,1112,1112_jpg.rf.cfb931fa0b6ba2f5435f21364c9de1f2.jpg,,3,0,moderate,moderate,0.5685,0.14188,0.26721,0.56852,0.02238
crops/1114_0.jpg,1114,1114_jpg.rf.f0da38cabb6eb391543cb7eaf21da7ef.jpg,,5,0,advanced,moderate,0.4493,0.10098,0.23576,0.44926,0.214
crops/1114_1.jpg,1114,1114_jpg.rf.f0da38cabb6eb391543cb7eaf21da7ef.jpg,,6,0,advanced,moderate,0.3619,0.10535,0.18963,0.36193,0.34309
crops/1114_2.jpg,1114,1114_jpg.rf.f0da38cabb6eb391543cb7eaf21da7ef.jpg,,0,0,no_caries,mild,0.4106,0.20001,0.41055,0.28574,0.1037
crops/1114_3.jpg,1114,1114_jpg.rf.f0da38cabb6eb391543cb7eaf21da7ef.jpg,,0,0,no_caries,advanced,0.4415,0.10321,0.23856,0.21677,0.44146
crops/1114_4.jpg,1114,1114_jpg.rf.f0da38cabb6eb391543cb7eaf21da7ef.jpg,,0,0,no_caries,mild,0.4671,0.06061,0.46714,0.1853,0.28695
crops/1114_5.jpg,1114,1114_jpg.rf.f0da38cabb6eb391543cb7eaf21da7ef.jpg,,0,0,no_caries,no_caries,0.6729,0.67288,0.19445,0.09894,0.03373
crops/1114_6.jpg,1114,1114_jpg.rf.f0da38cabb6eb391543cb7eaf21da7ef.jpg,,0,0,no_caries,mild,0.4125,0.20209,0.41254,0.28503,0.10033
crops/1114_7.jpg,1114,1114_jpg.rf.f0da38cabb6eb391543cb7eaf21da7ef.jpg,,0,0,no_caries,no_caries,0.6747,0.67469,0.17611,0.1224,0.0268
crops/1114_8.jpg,1114,1114_jpg.rf.f0da38cabb6eb391543cb7eaf21da7ef.jpg,,5,0,advanced,no_caries,0.4767,0.47667,0.3593,0.11196,0.05207
crops/1114_9.jpg,1114,1114_jpg.rf.f0da38cabb6eb391543cb7eaf21da7ef.jpg,,0,0,no_caries,no_caries,0.4115,0.41152,0.38779,0.11585,0.08484
crops/1114_10.jpg,1114,1114_jpg.rf.f0da38cabb6eb391543cb7eaf21da7ef.jpg,,0,0,no_caries,no_caries,0.5676,0.56764,0.27722,0.10733,0.04781
crops/1123_0.jpg,1123,1123_jpg.rf.c2497110730816b44722ddb0393c1ae3.jpg,,3,0,moderate,mild,0.5243,0.27561,0.52434,0.10119,0.09887
crops/1123_1.jpg,1123,1123_jpg.rf.c2497110730816b44722ddb0393c1ae3.jpg,,0,0,no_caries,no_caries,0.4985,0.49851,0.39393,0.05438,0.05317
crops/1123_2.jpg,1123,1123_jpg.rf.c2497110730816b44722ddb0393c1ae3.jpg,,0,0,no_caries,mild,0.534,0.23431,0.53404,0.17214,0.05951
crops/1123_3.jpg,1123,1123_jpg.rf.c2497110730816b44722ddb0393c1ae3.jpg,,5,0,advanced,mild,0.4313,0.10087,0.43131,0.31902,0.1488
crops/1123_4.jpg,1123,1123_jpg.rf.c2497110730816b44722ddb0393c1ae3.jpg,,0,0,no_caries,mild,0.5498,0.2081,0.54981,0.16163,0.08047
crops/1123_5.jpg,1123,1123_jpg.rf.c2497110730816b44722ddb0393c1ae3.jpg,,2,0,mild,mild,0.5175,0.22302,0.51749,0.22597,0.03352
crops/1123_6.jpg,1123,1123_jpg.rf.c2497110730816b44722ddb0393c1ae3.jpg,,2,0,mild,mild,0.6572,0.25344,0.65723,0.05975,0.02958
crops/125_0.jpg,125,125_jpg.rf.a0864735a082ed356ed4924f04e8f2de.jpg,,6,0,advanced,advanced,0.7238,0.06072,0.15827,0.05718,0.72384
crops/125_1.jpg,125,125_jpg.rf.a0864735a082ed356ed4924f04e8f2de.jpg,,3,0,moderate,advanced,0.7132,0.00594,0.0686,0.21228,0.71317
crops/125_2.jpg,125,125_jpg.rf.a0864735a082ed356ed4924f04e8f2de.jpg,,3,0,moderate,mild,0.3822,0.01955,0.38221,0.38152,0.21672
crops/125_3.jpg,125,125_jpg.rf.a0864735a082ed356ed4924f04e8f2de.jpg,,5,0,advanced,advanced,0.9823,0.00092,0.01123,0.00556,0.98228
crops/125_4.jpg,125,125_jpg.rf.a0864735a082ed356ed4924f04e8f2de.jpg,,5,0,advanced,advanced,0.9624,0.00287,0.02655,0.00821,0.96237
crops/125_5.jpg,125,125_jpg.rf.a0864735a082ed356ed4924f04e8f2de.jpg,,5,0,advanced,advanced,0.8323,0.00608,0.02962,0.132,0.8323
crops/125_6.jpg,125,125_jpg.rf.a0864735a082ed356ed4924f04e8f2de.jpg,,2,0,mild,moderate,0.3942,0.03684,0.34466,0.39422,0.22429
crops/125_7.jpg,125,125_jpg.rf.a0864735a082ed356ed4924f04e8f2de.jpg,,4,0,moderate,mild,0.3718,0.23304,0.37176,0.21449,0.1807
crops/1485_0.jpg,1485,1485_jpg.rf.8307e960af99b44fd7b1692c6b662ab0.jpg,,5,0,advanced,advanced,0.7227,0.00553,0.0593,0.21249,0.72268
crops/1485_1.jpg,1485,1485_jpg.rf.8307e960af99b44fd7b1692c6b662ab0.jpg,,5,0,advanced,advanced,0.2845,0.27519,0.2149,0.22544,0.28446
crops/1485_2.jpg,1485,1485_jpg.rf.8307e960af99b44fd7b1692c6b662ab0.jpg,,5,0,advanced,mild,0.7819,0.03623,0.78193,0.13546,0.04638
crops/1485_3.jpg,1485,1485_jpg.rf.8307e960af99b44fd7b1692c6b662ab0.jpg,,4,0,moderate,no_caries,0.4617,0.4617,0.27738,0.22037,0.04055
crops/1485_4.jpg,1485,1485_jpg.rf.8307e960af99b44fd7b1692c6b662ab0.jpg,,0,0,no_caries,no_caries,0.7783,0.77825,0.09976,0.09155,0.03044
crops/1485_5.jpg,1485,1485_jpg.rf.8307e960af99b44fd7b1692c6b662ab0.jpg,,0,0,no_caries,no_caries,0.6515,0.65154,0.19267,0.11297,0.04282
crops/1485_6.jpg,1485,1485_jpg.rf.8307e960af99b44fd7b1692c6b662ab0.jpg,,0,0,no_caries,no_caries,0.6604,0.66037,0.22215,0.07837,0.03911
crops/1485_7.jpg,1485,1485_jpg.rf.8307e960af99b44fd7b1692c6b662ab0.jpg,,0,0,no_caries,no_caries,0.7844,0.78438,0.10813,0.06774,0.03975
crops/1485_8.jpg,1485,1485_jpg.rf.8307e960af99b44fd7b1692c6b662ab0.jpg,,0,0,no_caries,no_caries,0.7458,0.74579,0.11243,0.10104,0.04075
crops/1485_9.jpg,1485,1485_jpg.rf.8307e960af99b44fd7b1692c6b662ab0.jpg,,0,0,no_caries,no_caries,0.6539,0.65394,0.17158,0.13364,0.04084
crops/1485_10.jpg,1485,1485_jpg.rf.8307e960af99b44fd7b1692c6b662ab0.jpg,,5,0,advanced,advanced,0.6143,0.0568,0.10263,0.22631,0.61426
crops/1485_11.jpg,1485,1485_jpg.rf.8307e960af99b44fd7b1692c6b662ab0.jpg,,1,0,mild,advanced,0.8731,0.00752,0.06786,0.05153,0.87308
crops/1485_12.jpg,1485,1485_jpg.rf.8307e960af99b44fd7b1692c6b662ab0.jpg,,0,0,no_caries,no_caries,0.4831,0.48307,0.25989,0.21351,0.04353
crops/1485_13.jpg,1485,1485_jpg.rf.8307e960af99b44fd7b1692c6b662ab0.jpg,,1,0,mild,moderate,0.6657,0.11446,0.19392,0.66572,0.0259
crops/1485_14.jpg,1485,1485_jpg.rf.8307e960af99b44fd7b1692c6b662ab0.jpg,,0,0,no_caries,no_caries,0.4384,0.43838,0.23807,0.28219,0.04136
crops/1485_15.jpg,1485,1485_jpg.rf.8307e960af99b44fd7b1692c6b662ab0.jpg,,0,0,no_caries,no_caries,0.5706,0.57062,0.21193,0.1608,0.05664
crops/1485_16.jpg,1485,1485_jpg.rf.8307e960af99b44fd7b1692c6b662ab0.jpg,,0,0,no_caries,no_caries,0.6588,0.65877,0.18581,0.11828,0.03714
crops/1485_17.jpg,1485,1485_jpg.rf.8307e960af99b44fd7b1692c6b662ab0.jpg,,0,0,no_caries,no_caries,0.3674,0.36738,0.32162,0.25567,0.05534
crops/1485_18.jpg,1485,1485_jpg.rf.8307e960af99b44fd7b1692c6b662ab0.jpg,,1,0,mild,no_caries,0.3451,0.34512,0.26276,0.33537,0.05675
crops/1485_19.jpg,1485,1485_jpg.rf.8307e960af99b44fd7b1692c6b662ab0.jpg,,1,0,mild,mild,0.6028,0.21728,0.60282,0.11812,0.06179
crops/1487_0.jpg,1487,1487_jpg.rf.c9382117d66aa65742026d2c2914ecb8.jpg,,5,0,advanced,advanced,0.9661,0.00238,0.01406,0.01745,0.96612
crops/1487_1.jpg,1487,1487_jpg.rf.c9382117d66aa65742026d2c2914ecb8.jpg,,6,0,advanced,advanced,0.6931,0.01225,0.19897,0.09566,0.69312
crops/1487_2.jpg,1487,1487_jpg.rf.c9382117d66aa65742026d2c2914ecb8.jpg,,6,0,advanced,advanced,0.3928,0.21114,0.2339,0.16218,0.39278
crops/1487_3.jpg,1487,1487_jpg.rf.c9382117d66aa65742026d2c2914ecb8.jpg,,6,0,advanced,advanced,0.7082,0.01353,0.11743,0.16081,0.70823
crops/1487_4.jpg,1487,1487_jpg.rf.c9382117d66aa65742026d2c2914ecb8.jpg,,6,0,advanced,advanced,0.8562,0.0053,0.04239,0.09612,0.85619
crops/1487_5.jpg,1487,1487_jpg.rf.c9382117d66aa65742026d2c2914ecb8.jpg,,6,0,advanced,advanced,0.9703,0.00226,0.01463,0.01279,0.97033
crops/1487_6.jpg,1487,1487_jpg.rf.c9382117d66aa65742026d2c2914ecb8.jpg,,6,0,advanced,mild,0.4183,0.12941,0.41835,0.28605,0.16619
crops/1487_7.jpg,1487,1487_jpg.rf.c9382117d66aa65742026d2c2914ecb8.jpg,,5,0,advanced,advanced,0.962,0.00329,0.01362,0.0211,0.96199
crops/1487_8.jpg,1487,1487_jpg.rf.c9382117d66aa65742026d2c2914ecb8.jpg,,5,0,advanced,advanced,0.9403,0.00557,0.02745,0.02666,0.94031
crops/1487_9.jpg,1487,1487_jpg.rf.c9382117d66aa65742026d2c2914ecb8.jpg,,6,0,advanced,no_caries,0.618,0.61796,0.17603,0.132,0.07401
crops/1487_10.jpg,1487,1487_jpg.rf.c9382117d66aa65742026d2c2914ecb8.jpg,,6,0,advanced,advanced,0.9915,0.00057,0.00429,0.00362,0.99152
crops/1487_11.jpg,1487,1487_jpg.rf.c9382117d66aa65742026d2c2914ecb8.jpg,,6,0,advanced,no_caries,0.4134,0.41339,0.10809,0.19844,0.28008
crops/1487_12.jpg,1487,1487_jpg.rf.c9382117d66aa65742026d2c2914ecb8.jpg,,6,0,advanced,advanced,0.9677,0.00164,0.00976,0.02087,0.96773
crops/1487_13.jpg,1487,1487_jpg.rf.c9382117d66aa65742026d2c2914ecb8.jpg,,6,0,advanced,advanced,0.9174,0.00716,0.02267,0.0528,0.91737
crops/1487_14.jpg,1487,1487_jpg.rf.c9382117d66aa65742026d2c2914ecb8.jpg,,6,0,advanced,advanced,0.9889,0.00114,0.00434,0.00563,0.98888
crops/1487_15.jpg,1487,1487_jpg.rf.c9382117d66aa65742026d2c2914ecb8.jpg,,5,0,advanced,advanced,0.8296,0.00948,0.12261,0.03834,0.82957
crops/1487_16.jpg,1487,1487_jpg.rf.c9382117d66aa65742026d2c2914ecb8.jpg,,5,0,advanced,advanced,0.9056,0.00465,0.04419,0.04554,0.90562
crops/1487_17.jpg,1487,1487_jpg.rf.c9382117d66aa65742026d2c2914ecb8.jpg,,5,0,advanced,advanced,0.9561,0.00152,0.02013,0.02229,0.95606
crops/1491_0.jpg,1491,1491_jpg.rf.51eeeb3589f7e1bd76f391e3055eb4ae.jpg,,0,0,no_caries,no_caries,0.4555,0.4555,0.32648,0.19201,0.02601
crops/1491_1.jpg,1491,1491_jpg.rf.51eeeb3589f7e1bd76f391e3055eb4ae.jpg,,0,0,no_caries,no_caries,0.5796,0.57961,0.1904,0.16388,0.06611
crops/1491_2.jpg,1491,1491_jpg.rf.51eeeb3589f7e1bd76f391e3055eb4ae.jpg,,5,0,advanced,advanced,0.7282,0.02838,0.1698,0.07366,0.72815
crops/1491_3.jpg,1491,1491_jpg.rf.51eeeb3589f7e1bd76f391e3055eb4ae.jpg,,5,0,advanced,advanced,0.8988,0.00172,0.02696,0.07252,0.8988
crops/1491_4.jpg,1491,1491_jpg.rf.51eeeb3589f7e1bd76f391e3055eb4ae.jpg,,0,0,no_caries,no_caries,0.3937,0.39367,0.33565,0.19016,0.08052
crops/1491_5.jpg,1491,1491_jpg.rf.51eeeb3589f7e1bd76f391e3055eb4ae.jpg,,0,0,no_caries,no_caries,0.4486,0.44856,0.3613,0.14612,0.04402
crops/1491_6.jpg,1491,1491_jpg.rf.51eeeb3589f7e1bd76f391e3055eb4ae.jpg,,0,0,no_caries,no_caries,0.4321,0.43209,0.2754,0.26565,0.02687
crops/1491_7.jpg,1491,1491_jpg.rf.51eeeb3589f7e1bd76f391e3055eb4ae.jpg,,0,0,no_caries,no_caries,0.6484,0.6484,0.2075,0.12189,0.02221
crops/1491_8.jpg,1491,1491_jpg.rf.51eeeb3589f7e1bd76f391e3055eb4ae.jpg,,1,0,mild,moderate,0.5907,0.03131,0.34713,0.59074,0.03083
crops/1491_9.jpg,1491,1491_jpg.rf.51eeeb3589f7e1bd76f391e3055eb4ae.jpg,,1,0,mild,moderate,0.4166,0.04141,0.27353,0.41664,0.26843
crops/1491_10.jpg,1491,1491_jpg.rf.51eeeb3589f7e1bd76f391e3055eb4ae.jpg,,0,0,no_caries,no_caries,0.558,0.55803,0.27139,0.12892,0.04167
crops/1491_11.jpg,1491,1491_jpg.rf.51eeeb3589f7e1bd76f391e3055eb4ae.jpg,,0,0,no_caries,no_caries,0.5076,0.50756,0.43306,0.04855,0.01083
crops/1492_0.jpg,1492,1492_jpg.rf.142bbbdc7fcc9466ed0c85071af92716.jpg,,0,0,no_caries,no_caries,0.49,0.48998,0.30745,0.14256,0.06001
crops/1492_1.jpg,1492,1492_jpg.rf.142bbbdc7fcc9466ed0c85071af92716.jpg,,0,0,no_caries,no_caries,0.7349,0.73491,0.19357,0.05322,0.0183
crops/1492_2.jpg,1492,1492_jpg.rf.142bbbdc7fcc9466ed0c85071af92716.jpg,,0,0,no_caries,no_caries,0.8589,0.85892,0.07504,0.05043,0.01561
crops/1492_3.jpg,1492,1492_jpg.rf.142bbbdc7fcc9466ed0c85071af92716.jpg,,0,0,no_caries,no_caries,0.7933,0.79334,0.12407,0.05433,0.02827
crops/1492_4.jpg,1492,1492_jpg.rf.142bbbdc7fcc9466ed0c85071af92716.jpg,,0,0,no_caries,no_caries,0.7834,0.78337,0.15487,0.04664,0.01512
crops/1492_5.jpg,1492,1492_jpg.rf.142bbbdc7fcc9466ed0c85071af92716.jpg,,0,0,no_caries,no_caries,0.8608,0.86078,0.05694,0.06755,0.01472
crops/1492_6.jpg,1492,1492_jpg.rf.142bbbdc7fcc9466ed0c85071af92716.jpg,,0,0,no_caries,no_caries,0.8631,0.86312,0.05715,0.06307,0.01667
crops/1492_7.jpg,1492,1492_jpg.rf.142bbbdc7fcc9466ed0c85071af92716.jpg,,0,0,no_caries,no_caries,0.883,0.88301,0.06698,0.03395,0.01606
crops/1492_8.jpg,1492,1492_jpg.rf.142bbbdc7fcc9466ed0c85071af92716.jpg,,0,0,no_caries,no_caries,0.7659,0.76589,0.11818,0.08439,0.03154
crops/1492_9.jpg,1492,1492_jpg.rf.142bbbdc7fcc9466ed0c85071af92716.jpg,,0,0,no_caries,no_caries,0.8876,0.8876,0.05891,0.0415,0.01199
crops/1492_10.jpg,1492,1492_jpg.rf.142bbbdc7fcc9466ed0c85071af92716.jpg,,0,0,no_caries,no_caries,0.7965,0.79652,0.13902,0.04537,0.0191
crops/1492_11.jpg,1492,1492_jpg.rf.142bbbdc7fcc9466ed0c85071af92716.jpg,,0,0,no_caries,no_caries,0.7195,0.71953,0.17164,0.08259,0.02625
crops/1492_12.jpg,1492,1492_jpg.rf.142bbbdc7fcc9466ed0c85071af92716.jpg,,0,0,no_caries,no_caries,0.6147,0.61469,0.26495,0.07824,0.04212
crops/1492_13.jpg,1492,1492_jpg.rf.142bbbdc7fcc9466ed0c85071af92716.jpg,,3,0,moderate,moderate,0.4496,0.14729,0.34973,0.44955,0.05343
crops/1505_0.jpg,1505,1505_jpg.rf.dc2334f0de8510a7d0d96ac8238ff8ff.jpg,,5,0,advanced,moderate,0.73,0.02902,0.18656,0.72996,0.05446
crops/1505_1.jpg,1505,1505_jpg.rf.dc2334f0de8510a7d0d96ac8238ff8ff.jpg,,5,0,advanced,moderate,0.5468,0.11603,0.25113,0.54683,0.08601
crops/1505_2.jpg,1505,1505_jpg.rf.dc2334f0de8510a7d0d96ac8238ff8ff.jpg,,0,0,no_caries,no_caries,0.6005,0.60046,0.32342,0.05653,0.01959
crops/1505_3.jpg,1505,1505_jpg.rf.dc2334f0de8510a7d0d96ac8238ff8ff.jpg,,0,0,no_caries,no_caries,0.5424,0.54237,0.27325,0.14407,0.04031
crops/1512_0.jpg,1512,1512_jpg.rf.38361a83cb0204c345b45f50a5e8e2b1.jpg,,3,0,moderate,moderate,0.3623,0.01054,0.345,0.36229,0.28216
crops/1512_1.jpg,1512,1512_jpg.rf.38361a83cb0204c345b45f50a5e8e2b1.jpg,,3,0,moderate,moderate,0.5194,0.03417,0.37042,0.51942,0.07599
crops/1512_2.jpg,1512,1512_jpg.rf.38361a83cb0204c345b45f50a5e8e2b1.jpg,,3,0,moderate,moderate,0.463,0.06264,0.42743,0.46305,0.04688
crops/1512_3.jpg,1512,1512_jpg.rf.38361a83cb0204c345b45f50a5e8e2b1.jpg,,5,0,advanced,moderate,0.5994,0.01131,0.27041,0.59935,0.11892
crops/1512_4.jpg,1512,1512_jpg.rf.38361a83cb0204c345b45f50a5e8e2b1.jpg,,3,0,moderate,moderate,0.7202,0.00448,0.23142,0.7202,0.0439
crops/1512_5.jpg,1512,1512_jpg.rf.38361a83cb0204c345b45f50a5e8e2b1.jpg,,3,0,moderate,mild,0.616,0.06379,0.61598,0.23681,0.08342
crops/1512_6.jpg,1512,1512_jpg.rf.38361a83cb0204c345b45f50a5e8e2b1.jpg,,3,0,moderate,moderate,0.8335,0.03629,0.11868,0.83347,0.01156
crops/1512_7.jpg,1512,1512_jpg.rf.38361a83cb0204c345b45f50a5e8e2b1.jpg,,0,0,no_caries,no_caries,0.4271,0.42706,0.24506,0.24717,0.08071
crops/1512_8.jpg,1512,1512_jpg.rf.38361a83cb0204c345b45f50a5e8e2b1.jpg,,0,0,no_caries,mild,0.6499,0.08162,0.64989,0.13957,0.12891
crops/1512_9.jpg,1512,1512_jpg.rf.38361a83cb0204c345b45f50a5e8e2b1.jpg,,0,0,no_caries,mild,0.4338,0.30156,0.43381,0.12954,0.13509
crops/1512_10.jpg,1512,1512_jpg.rf.38361a83cb0204c345b45f50a5e8e2b1.jpg,,0,0,no_caries,mild,0.3931,0.23027,0.3931,0.24853,0.1281
crops/1512_11.jpg,1512,1512_jpg.rf.38361a83cb0204c345b45f50a5e8e2b1.jpg,,3,0,moderate,mild,0.4264,0.17333,0.42637,0.30553,0.09477
crops/1512_12.jpg,1512,1512_jpg.rf.38361a83cb0204c345b45f50a5e8e2b1.jpg,,3,0,moderate,advanced,0.7677,0.00292,0.06749,0.16194,0.76765
crops/1512_13.jpg,1512,1512_jpg.rf.38361a83cb0204c345b45f50a5e8e2b1.jpg,,3,0,moderate,advanced,0.7043,0.00107,0.01355,0.28113,0.70425
crops/1512_14.jpg,1512,1512_jpg.rf.38361a83cb0204c345b45f50a5e8e2b1.jpg,,0,0,no_caries,moderate,0.4273,0.14039,0.2568,0.4273,0.17551
crops/1512_15.jpg,1512,1512_jpg.rf.38361a83cb0204c345b45f50a5e8e2b1.jpg,,0,0,no_caries,no_caries,0.4297,0.42974,0.27898,0.25237,0.03891
crops/1519_0.jpg,1519,1519_jpg.rf.047c1c55f964fd1889ccb80e3574fbac.jpg,,6,0,advanced,advanced,0.9834,0.00327,0.00951,0.0038,0.98343
crops/1519_1.jpg,1519,1519_jpg.rf.047c1c55f964fd1889ccb80e3574fbac.jpg,,6,0,advanced,advanced,0.9911,0.00113,0.00412,0.00365,0.9911
crops/1519_2.jpg,1519,1519_jpg.rf.047c1c55f964fd1889ccb80e3574fbac.jpg,,5,0,advanced,advanced,0.8147,0.00384,0.03272,0.14872,0.81472
crops/1519_3.jpg,1519,1519_jpg.rf.047c1c55f964fd1889ccb80e3574fbac.jpg,,5,0,advanced,advanced,0.442,0.01425,0.14332,0.4004,0.44203
crops/1519_4.jpg,1519,1519_jpg.rf.047c1c55f964fd1889ccb80e3574fbac.jpg,,5,0,advanced,advanced,0.9058,0.01546,0.04258,0.03618,0.90577
crops/1519_5.jpg,1519,1519_jpg.rf.047c1c55f964fd1889ccb80e3574fbac.jpg,,6,0,advanced,advanced,0.9753,0.00329,0.01497,0.00646,0.97529
crops/1519_6.jpg,1519,1519_jpg.rf.047c1c55f964fd1889ccb80e3574fbac.jpg,,5,0,advanced,advanced,0.8718,0.00938,0.04594,0.07289,0.87179
crops/1521_0.jpg,1521,1521_jpg.rf.10bd25fc5bf8e9b14c7db7a3f1bedcfe.jpg,,0,0,no_caries,mild,0.5049,0.34865,0.50489,0.09202,0.05443
crops/1521_1.jpg,1521,1521_jpg.rf.10bd25fc5bf8e9b14c7db7a3f1bedcfe.jpg,,5,0,advanced,advanced,0.9751,0.00276,0.01217,0.00997,0.97509
crops/1521_2.jpg,1521,1521_jpg.rf.10bd25fc5bf8e9b14c7db7a3f1bedcfe.jpg,,4,0,moderate,no_caries,0.331,0.33098,0.30799,0.24569,0.11534
crops/1521_3.jpg,1521,1521_jpg.rf.10bd25fc5bf8e9b14c7db7a3f1bedcfe.jpg,,5,0,advanced,advanced,0.9176,0.00742,0.02562,0.04933,0.91763
crops/1521_4.jpg,1521,1521_jpg.rf.10bd25fc5bf8e9b14c7db7a3f1bedcfe.jpg,,0,0,no_caries,no_caries,0.4368,0.43676,0.38884,0.1086,0.0658
crops/1521_5.jpg,1521,1521_jpg.rf.10bd25fc5bf8e9b14c7db7a3f1bedcfe.jpg,,0,0,no_caries,mild,0.5564,0.24097,0.55642,0.13205,0.07056
crops/1521_6.jpg,1521,1521_jpg.rf.10bd25fc5bf8e9b14c7db7a3f1bedcfe.jpg,,0,0,no_caries,mild,0.3792,0.35433,0.37918,0.22825,0.03824
crops/1521_7.jpg,1521,1521_jpg.rf.10bd25fc5bf8e9b14c7db7a3f1bedcfe.jpg,,0,0,no_caries,no_caries,0.3567,0.35672,0.3483,0.27191,0.02307
crops/1521_8.jpg,1521,1521_jpg.rf.10bd25fc5bf8e9b14c7db7a3f1bedcfe.jpg,,0,0,no_caries,mild,0.5387,0.2786,0.53873,0.17309,0.00957
crops/1521_9.jpg,1521,1521_jpg.rf.10bd25fc5bf8e9b14c7db7a3f1bedcfe.jpg,,3,0,moderate,moderate,0.5262,0.12128,0.32385,0.52625,0.02863
crops/1521_10.jpg,1521,1521_jpg.rf.10bd25fc5bf8e9b14c7db7a3f1bedcfe.jpg,,2,0,mild,moderate,0.4868,0.15845,0.2865,0.4868,0.06825
crops/1521_11.jpg,1521,1521_jpg.rf.10bd25fc5bf8e9b14c7db7a3f1bedcfe.jpg,,0,0,no_caries,moderate,0.6267,0.07175,0.25584,0.62666,0.04575
crops/1521_12.jpg,1521,1521_jpg.rf.10bd25fc5bf8e9b14c7db7a3f1bedcfe.jpg,,0,0,no_caries,mild,0.4961,0.25306,0.49612,0.23041,0.02041
crops/1521_13.jpg,1521,1521_jpg.rf.10bd25fc5bf8e9b14c7db7a3f1bedcfe.jpg,,5,0,advanced,advanced,0.5395,0.07308,0.18504,0.20239,0.53949
crops/1521_14.jpg,1521,1521_jpg.rf.10bd25fc5bf8e9b14c7db7a3f1bedcfe.jpg,,5,0,advanced,advanced,0.7248,0.01645,0.11759,0.14111,0.72485
crops/1525_0.jpg,1525,1525_jpg.rf.94057a976b3a85308ab816faad1d88ba.jpg,,5,0,advanced,advanced,0.4974,0.01291,0.2661,0.22357,0.49742
crops/1525_1.jpg,1525,1525_jpg.rf.94057a976b3a85308ab816faad1d88ba.jpg,,2,0,mild,mild,0.7561,0.03019,0.75609,0.13245,0.08127
crops/1525_2.jpg,1525,1525_jpg.rf.94057a976b3a85308ab816faad1d88ba.jpg,,6,0,advanced,advanced,0.969,0.00121,0.00978,0.02005,0.96896
crops/1525_3.jpg,1525,1525_jpg.rf.94057a976b3a85308ab816faad1d88ba.jpg,,6,0,advanced,advanced,0.7774,0.00265,0.06041,0.15953,0.77741
crops/1525_4.jpg,1525,1525_jpg.rf.94057a976b3a85308ab816faad1d88ba.jpg,,2,0,mild,moderate,0.4315,0.07538,0.32275,0.43154,0.17033
crops/1525_5.jpg,1525,1525_jpg.rf.94057a976b3a85308ab816faad1d88ba.jpg,,2,0,mild,mild,0.4386,0.18003,0.43862,0.29034,0.09101
crops/1525_6.jpg,1525,1525_jpg.rf.94057a976b3a85308ab816faad1d88ba.jpg,,1,0,mild,no_caries,0.3782,0.37816,0.36516,0.19743,0.05926
crops/1528_0.jpg,1528,1528_jpg.rf.1bc6cacf0a49722691b11bdee966b0eb.jpg,,0,0,no_caries,no_caries,0.6004,0.60037,0.27064,0.07676,0.05223
crops/1528_1.jpg,1528,1528_jpg.rf.1bc6cacf0a49722691b11bdee966b0eb.jpg,,3,0,moderate,mild,0.7268,0.01578,0.72676,0.17888,0.07858
crops/1528_2.jpg,1528,1528_jpg.rf.1bc6cacf0a49722691b11bdee966b0eb.jpg,,0,0,no_caries,mild,0.4368,0.4079,0.4368,0.07972,0.07558
crops/1528_3.jpg,1528,1528_jpg.rf.1bc6cacf0a49722691b11bdee966b0eb.jpg,,0,0,no_caries,no_caries,0.6697,0.66969,0.17674,0.10862,0.04495
crops/1528_4.jpg,1528,1528_jpg.rf.1bc6cacf0a49722691b11bdee966b0eb.jpg,,0,0,no_caries,no_caries,0.4086,0.40857,0.30658,0.24589,0.03896
crops/1528_5.jpg,1528,1528_jpg.rf.1bc6cacf0a49722691b11bdee966b0eb.jpg,,0,0,no_caries,no_caries,0.6973,0.69731,0.13928,0.10569,0.05772
crops/1528_6.jpg,1528,1528_jpg.rf.1bc6cacf0a49722691b11bdee966b0eb.jpg,,3,0,moderate,moderate,0.6852,0.01488,0.2477,0.68525,0.05218
crops/1528_7.jpg,1528,1528_jpg.rf.1bc6cacf0a49722691b11bdee966b0eb.jpg,,3,0,moderate,moderate,0.7923,0.0023,0.14798,0.79228,0.05744
crops/1528_8.jpg,1528,1528_jpg.rf.1bc6cacf0a49722691b11bdee966b0eb.jpg,,3,0,moderate,moderate,0.6231,0.00392,0.06048,0.62309,0.3125
crops/1528_9.jpg,1528,1528_jpg.rf.1bc6cacf0a49722691b11bdee966b0eb.jpg,,3,0,moderate,moderate,0.8856,0.01209,0.06738,0.88564,0.03489
crops/1528_10.jpg,1528,1528_jpg.rf.1bc6cacf0a49722691b11bdee966b0eb.jpg,,0,0,no_caries,moderate,0.4421,0.22205,0.24125,0.44212,0.09458
crops/1532_0.jpg,1532,1532_jpg.rf.597e464fd6a9d5d7947c94cf9e680f51.jpg,,0,0,no_caries,mild,0.3821,0.14165,0.3821,0.25781,0.21845
crops/1532_1.jpg,1532,1532_jpg.rf.597e464fd6a9d5d7947c94cf9e680f51.jpg,,5,0,advanced,advanced,0.9888,0.00124,0.00568,0.00433,0.98875
crops/1532_2.jpg,1532,1532_jpg.rf.597e464fd6a9d5d7947c94cf9e680f51.jpg,,4,0,moderate,no_caries,0.4547,0.45474,0.11781,0.34107,0.08638
crops/1532_3.jpg,1532,1532_jpg.rf.597e464fd6a9d5d7947c94cf9e680f51.jpg,,5,0,advanced,advanced,0.9398,0.00251,0.00294,0.05475,0.9398
crops/1532_4.jpg,1532,1532_jpg.rf.597e464fd6a9d5d7947c94cf9e680f51.jpg,,0,0,no_caries,no_caries,0.3218,0.32183,0.27633,0.25695,0.1449
crops/1532_5.jpg,1532,1532_jpg.rf.597e464fd6a9d5d7947c94cf9e680f51.jpg,,3,0,moderate,no_caries,0.4189,0.41887,0.34242,0.16996,0.06875
crops/1532_6.jpg,1532,1532_jpg.rf.597e464fd6a9d5d7947c94cf9e680f51.jpg,,3,0,moderate,mild,0.4256,0.3156,0.42558,0.22452,0.0343
crops/1532_7.jpg,1532,1532_jpg.rf.597e464fd6a9d5d7947c94cf9e680f51.jpg,,0,0,no_caries,no_caries,0.4001,0.40007,0.19781,0.37654,0.02557
crops/1532_8.jpg,1532,1532_jpg.rf.597e464fd6a9d5d7947c94cf9e680f51.jpg,,0,0,no_caries,moderate,0.7114,0.04868,0.21854,0.71136,0.02142
crops/1532_9.jpg,1532,1532_jpg.rf.597e464fd6a9d5d7947c94cf9e680f51.jpg,,3,0,moderate,mild,0.5439,0.12158,0.54393,0.26548,0.06902
crops/1532_10.jpg,1532,1532_jpg.rf.597e464fd6a9d5d7947c94cf9e680f51.jpg,,3,0,moderate,moderate,0.3548,0.3231,0.27764,0.35484,0.04442
crops/1532_11.jpg,1532,1532_jpg.rf.597e464fd6a9d5d7947c94cf9e680f51.jpg,,0,0,no_caries,moderate,0.4551,0.37729,0.14851,0.45505,0.01915
crops/1532_12.jpg,1532,1532_jpg.rf.597e464fd6a9d5d7947c94cf9e680f51.jpg,,0,0,no_caries,no_caries,0.6883,0.68825,0.18243,0.09368,0.03564
crops/1532_13.jpg,1532,1532_jpg.rf.597e464fd6a9d5d7947c94cf9e680f51.jpg,,0,0,no_caries,no_caries,0.724,0.72395,0.11187,0.11721,0.04696
crops/1550_0.jpg,1550,1550_jpg.rf.f2adeef1da35cd3fa594e1235489329b.jpg,,5,0,advanced,moderate,0.7882,0.00792,0.10164,0.78823,0.10221
crops/1550_1.jpg,1550,1550_jpg.rf.f2adeef1da35cd3fa594e1235489329b.jpg,,5,0,advanced,mild,0.6165,0.22386,0.61645,0.14535,0.01434
crops/1550_2.jpg,1550,1550_jpg.rf.f2adeef1da35cd3fa594e1235489329b.jpg,,0,0,no_caries,no_caries,0.6443,0.6443,0.28996,0.05454,0.0112
crops/1550_3.jpg,1550,1550_jpg.rf.f2adeef1da35cd3fa594e1235489329b.jpg,,0,0,no_caries,no_caries,0.6447,0.64469,0.2605,0.07737,0.01745
crops/1550_4.jpg,1550,1550_jpg.rf.f2adeef1da35cd3fa594e1235489329b.jpg,,0,0,no_caries,no_caries,0.7779,0.77791,0.1054,0.09403,0.02266
crops/1550_5.jpg,1550,1550_jpg.rf.f2adeef1da35cd3fa594e1235489329b.jpg,,0,0,no_caries,no_caries,0.6378,0.63778,0.18478,0.13149,0.04595
crops/1550_6.jpg,1550,1550_jpg.rf.f2adeef1da35cd3fa594e1235489329b.jpg,,0,0,no_caries,no_caries,0.6962,0.69621,0.05969,0.17945,0.06464
crops/1558_0.jpg,1558,1558_jpg.rf.5e5e3a144d18589a30d370116bf1bf05.jpg,,2,0,mild,moderate,0.6109,0.05165,0.32831,0.61088,0.00915
crops/1558_1.jpg,1558,1558_jpg.rf.5e5e3a144d18589a30d370116bf1bf05.jpg,,2,0,mild,no_caries,0.6785,0.6785,0.18226,0.10594,0.0333
crops/1558_2.jpg,1558,1558_jpg.rf.5e5e3a144d18589a30d370116bf1bf05.jpg,,0,0,no_caries,no_caries,0.5233,0.52326,0.24126,0.18508,0.05039
crops/1558_3.jpg,1558,1558_jpg.rf.5e5e3a144d18589a30d370116bf1bf05.jpg,,0,0,no_caries,no_caries,0.8078,0.80783,0.11044,0.07124,0.01048
crops/1558_4.jpg,1558,1558_jpg.rf.5e5e3a144d18589a30d370116bf1bf05.jpg,,0,0,no_caries,moderate,0.4143,0.33288,0.23393,0.41433,0.01886
crops/1558_5.jpg,1558,1558_jpg.rf.5e5e3a144d18589a30d370116bf1bf05.jpg,,0,0,no_caries,no_caries,0.3483,0.3483,0.29113,0.32742,0.03316
crops/1558_6.jpg,1558,1558_jpg.rf.5e5e3a144d18589a30d370116bf1bf05.jpg,,0,0,no_caries,no_caries,0.773,0.77299,0.10938,0.09707,0.02056
crops/1558_7.jpg,1558,1558_jpg.rf.5e5e3a144d18589a30d370116bf1bf05.jpg,,0,0,no_caries,no_caries,0.7114,0.71144,0.20278,0.06717,0.01861
crops/1558_8.jpg,1558,1558_jpg.rf.5e5e3a144d18589a30d370116bf1bf05.jpg,,0,0,no_caries,no_caries,0.5645,0.56453,0.26677,0.13599,0.03271
crops/1558_9.jpg,1558,1558_jpg.rf.5e5e3a144d18589a30d370116bf1bf05.jpg,,2,0,mild,moderate,0.9268,0.00226,0.06948,0.9268,0.00146
crops/1571_0.jpg,1571,1571_jpg.rf.54e05e5a0483b5859a58cd88c1bb1abd.jpg,,5,0,advanced,advanced,0.8035,0.008,0.11309,0.07541,0.80351
crops/1571_1.jpg,1571,1571_jpg.rf.54e05e5a0483b5859a58cd88c1bb1abd.jpg,,5,0,advanced,mild,0.4878,0.0615,0.4878,0.16652,0.28418
crops/1571_2.jpg,1571,1571_jpg.rf.54e05e5a0483b5859a58cd88c1bb1abd.jpg,,6,0,advanced,advanced,0.9395,0.00267,0.02616,0.03171,0.93946
crops/1571_3.jpg,1571,1571_jpg.rf.54e05e5a0483b5859a58cd88c1bb1abd.jpg,,6,0,advanced,advanced,0.9872,0.00073,0.00569,0.00638,0.9872
crops/1571_4.jpg,1571,1571_jpg.rf.54e05e5a0483b5859a58cd88c1bb1abd.jpg,,5,0,advanced,moderate,0.4306,0.00754,0.37604,0.43059,0.18583
crops/1571_5.jpg,1571,1571_jpg.rf.54e05e5a0483b5859a58cd88c1bb1abd.jpg,,6,0,advanced,advanced,0.9653,0.00325,0.02735,0.00415,0.96525
crops/1571_6.jpg,1571,1571_jpg.rf.54e05e5a0483b5859a58cd88c1bb1abd.jpg,,5,0,advanced,advanced,0.9786,0.00101,0.00731,0.01312,0.97856
crops/1571_7.jpg,1571,1571_jpg.rf.54e05e5a0483b5859a58cd88c1bb1abd.jpg,,5,0,advanced,advanced,0.5023,0.10803,0.26351,0.12616,0.50231
crops/1571_8.jpg,1571,1571_jpg.rf.54e05e5a0483b5859a58cd88c1bb1abd.jpg,,6,0,advanced,advanced,0.9681,0.00078,0.01317,0.01799,0.96806
crops/1571_9.jpg,1571,1571_jpg.rf.54e05e5a0483b5859a58cd88c1bb1abd.jpg,,5,0,advanced,mild,0.4434,0.09161,0.44336,0.06341,0.40161
crops/1571_10.jpg,1571,1571_jpg.rf.54e05e5a0483b5859a58cd88c1bb1abd.jpg,,6,0,advanced,mild,0.6177,0.11675,0.61771,0.15302,0.11252
crops/1571_11.jpg,1571,1571_jpg.rf.54e05e5a0483b5859a58cd88c1bb1abd.jpg,,5,0,advanced,advanced,0.9001,0.00258,0.04748,0.04981,0.90012
crops/1604_0.jpg,1604,1604_jpg.rf.41fe9412b2f111a99efda8ea094867c8.jpg,,3,0,moderate,moderate,0.9299,0.00199,0.06709,0.92991,0.00101
crops/1604_1.jpg,1604,1604_jpg.rf.41fe9412b2f111a99efda8ea094867c8.jpg,,3,0,moderate,moderate,0.9809,0.00052,0.01651,0.9809,0.00207
crops/1604_2.jpg,1604,1604_jpg.rf.41fe9412b2f111a99efda8ea094867c8.jpg,,3,0,moderate,moderate,0.9699,0.00074,0.02725,0.96991,0.0021
crops/1616_0.jpg,1616,1616_jpg.rf.4f731585b3e743f5235f175d32b89ecb.jpg,,5,0,advanced,no_caries,0.3851,0.38507,0.34789,0.18663,0.0804
crops/1616_1.jpg,1616,1616_jpg.rf.4f731585b3e743f5235f175d32b89ecb.jpg,,0,0,no_caries,moderate,0.3347,0.06556,0.2877,0.33469,0.31205
crops/1616_2.jpg,1616,1616_jpg.rf.4f731585b3e743f5235f175d32b89ecb.jpg,,5,0,advanced,advanced,0.9853,0.00134,0.00614,0.00726,0.98526
crops/1616_3.jpg,1616,1616_jpg.rf.4f731585b3e743f5235f175d32b89ecb.jpg,,2,0,mild,mild,0.4859,0.28371,0.48587,0.16676,0.06367
crops/1616_4.jpg,1616,1616_jpg.rf.4f731585b3e743f5235f175d32b89ecb.jpg,,0,0,no_caries,moderate,0.4641,0.19856,0.25589,0.46406,0.0815
crops/1616_5.jpg,1616,1616_jpg.rf.4f731585b3e743f5235f175d32b89ecb.jpg,,0,0,no_caries,no_caries,0.5338,0.5338,0.24845,0.18111,0.03664
crops/1616_6.jpg,1616,1616_jpg.rf.4f731585b3e743f5235f175d32b89ecb.jpg,,0,0,no_caries,no_caries,0.5498,0.54981,0.26477,0.09549,0.08993
crops/1616_7.jpg,1616,1616_jpg.rf.4f731585b3e743f5235f175d32b89ecb.jpg,,3,0,moderate,mild,0.4658,0.0549,0.46581,0.17984,0.29945
crops/1616_8.jpg,1616,1616_jpg.rf.4f731585b3e743f5235f175d32b89ecb.jpg,,5,0,advanced,advanced,0.972,0.00341,0.01205,0.01256,0.97198
crops/1616_9.jpg,1616,1616_jpg.rf.4f731585b3e743f5235f175d32b89ecb.jpg,,5,0,advanced,advanced,0.6464,0.03675,0.08703,0.22983,0.64639
crops/1616_10.jpg,1616,1616_jpg.rf.4f731585b3e743f5235f175d32b89ecb.jpg,,5,0,advanced,mild,0.3503,0.34921,0.35033,0.18303,0.11742
crops/1629_0.jpg,1629,1629_jpg.rf.50a78e722f2e9aa191da6b5495006685.jpg,,3,0,moderate,mild,0.7196,0.12021,0.71961,0.10618,0.05401
crops/1629_1.jpg,1629,1629_jpg.rf.50a78e722f2e9aa191da6b5495006685.jpg,,6,0,advanced,advanced,0.924,0.00189,0.04203,0.03211,0.92397
crops/1629_2.jpg,1629,1629_jpg.rf.50a78e722f2e9aa191da6b5495006685.jpg,,5,0,advanced,advanced,0.9093,0.00556,0.0544,0.03072,0.90931
crops/1629_3.jpg,1629,1629_jpg.rf.50a78e722f2e9aa191da6b5495006685.jpg,,5,0,advanced,advanced,0.9758,0.00213,0.00634,0.01573,0.97579
crops/1629_4.jpg,1629,1629_jpg.rf.50a78e722f2e9aa191da6b5495006685.jpg,,0,0,no_caries,advanced,0.6253,0.10943,0.21105,0.05424,0.62527
crops/1629_5.jpg,1629,1629_jpg.rf.50a78e722f2e9aa191da6b5495006685.jpg,,6,0,advanced,advanced,0.9871,0.00047,0.00693,0.00548,0.98711
crops/1629_6.jpg,1629,1629_jpg.rf.50a78e722f2e9aa191da6b5495006685.jpg,,6,0,advanced,advanced,0.9785,0.00277,0.00786,0.01086,0.97851
crops/1629_7.jpg,1629,1629_jpg.rf.50a78e722f2e9aa191da6b5495006685.jpg,,6,0,advanced,advanced,0.5519,0.04508,0.29708,0.10594,0.5519
crops/1629_8.jpg,1629,1629_jpg.rf.50a78e722f2e9aa191da6b5495006685.jpg,,6,0,advanced,mild,0.6201,0.14414,0.62013,0.12088,0.11486
crops/1629_9.jpg,1629,1629_jpg.rf.50a78e722f2e9aa191da6b5495006685.jpg,,3,0,moderate,mild,0.3823,0.15725,0.38228,0.25408,0.20639
crops/1629_10.jpg,1629,1629_jpg.rf.50a78e722f2e9aa191da6b5495006685.jpg,,0,0,no_caries,advanced,0.3879,0.29298,0.20283,0.11629,0.3879
crops/1629_11.jpg,1629,1629_jpg.rf.50a78e722f2e9aa191da6b5495006685.jpg,,0,0,no_caries,no_caries,0.6389,0.63894,0.10529,0.16852,0.08725
crops/1629_12.jpg,1629,1629_jpg.rf.50a78e722f2e9aa191da6b5495006685.jpg,,0,0,no_caries,no_caries,0.4998,0.49981,0.42606,0.04472,0.02942
crops/1629_13.jpg,1629,1629_jpg.rf.50a78e722f2e9aa191da6b5495006685.jpg,,0,0,no_caries,mild,0.4935,0.32952,0.49352,0.10399,0.07297
crops/1629_14.jpg,1629,1629_jpg.rf.50a78e722f2e9aa191da6b5495006685.jpg,,0,0,no_caries,no_caries,0.3629,0.36288,0.31549,0.15947,0.16216
crops/1629_15.jpg,1629,1629_jpg.rf.50a78e722f2e9aa191da6b5495006685.jpg,,0,0,no_caries,no_caries,0.5864,0.58642,0.27899,0.10225,0.03234
crops/1629_16.jpg,1629,1629_jpg.rf.50a78e722f2e9aa191da6b5495006685.jpg,,0,0,no_caries,no_caries,0.6962,0.69621,0.11425,0.15783,0.03171
crops/1629_17.jpg,1629,1629_jpg.rf.50a78e722f2e9aa191da6b5495006685.jpg,,5,0,advanced,advanced,0.6941,0.02529,0.08067,0.19996,0.69408
crops/1629_18.jpg,1629,1629_jpg.rf.50a78e722f2e9aa191da6b5495006685.jpg,,0,0,no_caries,moderate,0.3131,0.14396,0.25131,0.31308,0.29165
crops/1631_0.jpg,1631,1631_jpg.rf.3d742d1f11862b8e7e80b20bdef0715b.jpg,,0,0,no_caries,mild,0.527,0.16212,0.527,0.19802,0.11286
crops/1631_1.jpg,1631,1631_jpg.rf.3d742d1f11862b8e7e80b20bdef0715b.jpg,,0,0,no_caries,no_caries,0.5081,0.50807,0.23795,0.22274,0.03125
crops/1631_2.jpg,1631,1631_jpg.rf.3d742d1f11862b8e7e80b20bdef0715b.jpg,,3,0,moderate,mild,0.4672,0.02187,0.46723,0.22706,0.28383
crops/1631_3.jpg,1631,1631_jpg.rf.3d742d1f11862b8e7e80b20bdef0715b.jpg,,3,0,moderate,mild,0.3688,0.0075,0.36878,0.31936,0.30436
crops/1631_4.jpg,1631,1631_jpg.rf.3d742d1f11862b8e7e80b20bdef0715b.jpg,,3,0,moderate,moderate,0.6002,0.00725,0.28876,0.60016,0.10383
crops/1631_5.jpg,1631,1631_jpg.rf.3d742d1f11862b8e7e80b20bdef0715b.jpg,,3,0,moderate,moderate,0.6792,0.00407,0.30566,0.67923,0.01104
crops/1631_6.jpg,1631,1631_jpg.rf.3d742d1f11862b8e7e80b20bdef0715b.jpg,,3,0,moderate,moderate,0.5393,0.02505,0.33031,0.53927,0.10537
crops/1631_7.jpg,1631,1631_jpg.rf.3d742d1f11862b8e7e80b20bdef0715b.jpg,,2,0,mild,advanced,0.4731,0.08021,0.28973,0.15697,0.47309
crops/1631_8.jpg,1631,1631_jpg.rf.3d742d1f11862b8e7e80b20bdef0715b.jpg,,0,0,no_caries,moderate,0.3661,0.29053,0.31774,0.36612,0.02561
crops/1631_9.jpg,1631,1631_jpg.rf.3d742d1f11862b8e7e80b20bdef0715b.jpg,,0,0,no_caries,mild,0.5436,0.23467,0.54363,0.18477,0.03693
crops/1631_10.jpg,1631,1631_jpg.rf.3d742d1f11862b8e7e80b20bdef0715b.jpg,,0,0,no_caries,no_caries,0.528,0.52805,0.40484,0.04535,0.02176
crops/1631_11.jpg,1631,1631_jpg.rf.3d742d1f11862b8e7e80b20bdef0715b.jpg,,0,0,no_caries,mild,0.6158,0.34835,0.61575,0.01758,0.01831
crops/1631_12.jpg,1631,1631_jpg.rf.3d742d1f11862b8e7e80b20bdef0715b.jpg,,0,0,no_caries,mild,0.5651,0.23796,0.56505,0.0701,0.12689
crops/1631_13.jpg,1631,1631_jpg.rf.3d742d1f11862b8e7e80b20bdef0715b.jpg,,2,0,mild,mild,0.7425,0.03564,0.74246,0.1428,0.07909
crops/1631_14.jpg,1631,1631_jpg.rf.3d742d1f11862b8e7e80b20bdef0715b.jpg,,2,0,mild,mild,0.804,0.04362,0.80403,0.10556,0.04678
crops/1631_15.jpg,1631,1631_jpg.rf.3d742d1f11862b8e7e80b20bdef0715b.jpg,,2,0,mild,mild,0.5277,0.12696,0.52768,0.25788,0.08749
crops/1637_0.jpg,1637,1637_jpg.rf.e6fe2344fc307062d2afd645173ddf14.jpg,,5,0,advanced,advanced,0.8211,0.00877,0.07736,0.09275,0.82112
crops/1637_1.jpg,1637,1637_jpg.rf.e6fe2344fc307062d2afd645173ddf14.jpg,,5,0,advanced,advanced,0.7907,0.00516,0.0846,0.11951,0.79073
crops/1637_2.jpg,1637,1637_jpg.rf.e6fe2344fc307062d2afd645173ddf14.jpg,,5,0,advanced,advanced,0.4993,0.0089,0.24624,0.2456,0.49926
crops/1637_3.jpg,1637,1637_jpg.rf.e6fe2344fc307062d2afd645173ddf14.jpg,,5,0,advanced,advanced,0.8851,0.0043,0.07409,0.03652,0.88509
crops/1637_4.jpg,1637,1637_jpg.rf.e6fe2344fc307062d2afd645173ddf14.jpg,,6,0,advanced,advanced,0.96,0.00223,0.02322,0.01452,0.96003
crops/1637_5.jpg,1637,1637_jpg.rf.e6fe2344fc307062d2afd645173ddf14.jpg,,5,0,advanced,advanced,0.8724,0.00427,0.03332,0.09002,0.87239
crops/1637_6.jpg,1637,1637_jpg.rf.e6fe2344fc307062d2afd645173ddf14.jpg,,5,0,advanced,advanced,0.5544,0.00751,0.23385,0.20426,0.55439
crops/1637_7.jpg,1637,1637_jpg.rf.e6fe2344fc307062d2afd645173ddf14.jpg,,2,0,mild,mild,0.5591,0.13689,0.55913,0.13969,0.16429
crops/1637_8.jpg,1637,1637_jpg.rf.e6fe2344fc307062d2afd645173ddf14.jpg,,5,0,advanced,advanced,0.4405,0.04595,0.32182,0.19175,0.44048
crops/1637_9.jpg,1637,1637_jpg.rf.e6fe2344fc307062d2afd645173ddf14.jpg,,6,0,advanced,advanced,0.9554,0.01166,0.02667,0.00625,0.95542
crops/1637_10.jpg,1637,1637_jpg.rf.e6fe2344fc307062d2afd645173ddf14.jpg,,5,0,advanced,mild,0.6743,0.06586,0.67426,0.09897,0.16091
crops/1637_11.jpg,1637,1637_jpg.rf.e6fe2344fc307062d2afd645173ddf14.jpg,,5,0,advanced,mild,0.5337,0.22434,0.53374,0.12803,0.11389
crops/1637_12.jpg,1637,1637_jpg.rf.e6fe2344fc307062d2afd645173ddf14.jpg,,3,0,moderate,advanced,0.5588,0.01818,0.31847,0.10456,0.55879
crops/1637_13.jpg,1637,1637_jpg.rf.e6fe2344fc307062d2afd645173ddf14.jpg,,1,0,mild,mild,0.5451,0.15163,0.54512,0.26107,0.04218
crops/1637_14.jpg,1637,1637_jpg.rf.e6fe2344fc307062d2afd645173ddf14.jpg,,0,0,no_caries,mild,0.6135,0.21604,0.61346,0.14099,0.02951
crops/1637_15.jpg,1637,1637_jpg.rf.e6fe2344fc307062d2afd645173ddf14.jpg,,0,0,no_caries,mild,0.5558,0.29648,0.55583,0.12103,0.02666
crops/1637_16.jpg,1637,1637_jpg.rf.e6fe2344fc307062d2afd645173ddf14.jpg,,0,0,no_caries,no_caries,0.5889,0.58888,0.32786,0.06221,0.02104
crops/1637_17.jpg,1637,1637_jpg.rf.e6fe2344fc307062d2afd645173ddf14.jpg,,0,0,no_caries,mild,0.4613,0.01916,0.4613,0.18245,0.33709
crops/1637_18.jpg,1637,1637_jpg.rf.e6fe2344fc307062d2afd645173ddf14.jpg,,6,0,advanced,mild,0.6089,0.02691,0.60892,0.05301,0.31115
crops/1644_0.jpg,1644,1644_jpg.rf.d6400c5f2a79c5e2ce091d3de59617da.jpg,,0,0,no_caries,no_caries,0.5892,0.58921,0.26721,0.07777,0.06581
crops/1644_1.jpg,1644,1644_jpg.rf.d6400c5f2a79c5e2ce091d3de59617da.jpg,,6,0,advanced,advanced,0.9736,0.00932,0.0117,0.00537,0.97361
crops/1644_2.jpg,1644,1644_jpg.rf.d6400c5f2a79c5e2ce091d3de59617da.jpg,,6,0,advanced,advanced,0.9917,0.00128,0.00559,0.00145,0.99169
crops/1644_3.jpg,1644,1644_jpg.rf.d6400c5f2a79c5e2ce091d3de59617da.jpg,,6,0,advanced,advanced,0.993,0.00045,0.00369,0.00281,0.99304
crops/1644_4.jpg,1644,1644_jpg.rf.d6400c5f2a79c5e2ce091d3de59617da.jpg,,5,0,advanced,advanced,0.8987,0.02074,0.06689,0.01366,0.8987
crops/1644_5.jpg,1644,1644_jpg.rf.d6400c5f2a79c5e2ce091d3de59617da.jpg,,0,0,no_caries,no_caries,0.6645,0.66448,0.19934,0.08805,0.04813
crops/1644_6.jpg,1644,1644_jpg.rf.d6400c5f2a79c5e2ce091d3de59617da.jpg,,0,0,no_caries,no_caries,0.7094,0.70939,0.14408,0.08397,0.06256
crops/1644_7.jpg,1644,1644_jpg.rf.d6400c5f2a79c5e2ce091d3de59617da.jpg,,0,0,no_caries,no_caries,0.5109,0.51085,0.40353,0.04265,0.04297
crops/1644_8.jpg,1644,1644_jpg.rf.d6400c5f2a79c5e2ce091d3de59617da.jpg,,0,0,no_caries,no_caries,0.6865,0.68653,0.15974,0.10982,0.04391
crops/1644_9.jpg,1644,1644_jpg.rf.d6400c5f2a79c5e2ce091d3de59617da.jpg,,0,0,no_caries,no_caries,0.4575,0.45751,0.35998,0.1478,0.03471
crops/1644_10.jpg,1644,1644_jpg.rf.d6400c5f2a79c5e2ce091d3de59617da.jpg,,0,0,no_caries,no_caries,0.564,0.56398,0.35084,0.05991,0.02527
crops/1644_11.jpg,1644,1644_jpg.rf.d6400c5f2a79c5e2ce091d3de59617da.jpg,,0,0,no_caries,no_caries,0.5834,0.5834,0.10517,0.21919,0.09223
crops/1644_12.jpg,1644,1644_jpg.rf.d6400c5f2a79c5e2ce091d3de59617da.jpg,,0,0,no_caries,no_caries,0.6706,0.67064,0.11965,0.14368,0.06603
crops/1646_0.jpg,1646,1646_jpg.rf.08bb105a04bd0c67ee2484ca12201aaf.jpg,,5,0,advanced,advanced,0.5577,0.03693,0.18454,0.22086,0.55767
crops/1646_1.jpg,1646,1646_jpg.rf.08bb105a04bd0c67ee2484ca12201aaf.jpg,,5,0,advanced,advanced,0.4161,0.03958,0.41332,0.13098,0.41612
crops/1646_2.jpg,1646,1646_jpg.rf.08bb105a04bd0c67ee2484ca12201aaf.jpg,,5,0,advanced,mild,0.6606,0.09414,0.6606,0.19276,0.0525
crops/1646_3.jpg,1646,1646_jpg.rf.08bb105a04bd0c67ee2484ca12201aaf.jpg,,5,0,advanced,mild,0.4949,0.0636,0.49485,0.32204,0.11951
crops/1646_4.jpg,1646,1646_jpg.rf.08bb105a04bd0c67ee2484ca12201aaf.jpg,,5,0,advanced,advanced,0.6228,0.02152,0.19814,0.15753,0.62281
crops/1646_5.jpg,1646,1646_jpg.rf.08bb105a04bd0c67ee2484ca12201aaf.jpg,,3,0,moderate,mild,0.5526,0.13183,0.55263,0.19768,0.11785
crops/1646_6.jpg,1646,1646_jpg.rf.08bb105a04bd0c67ee2484ca12201aaf.jpg,,0,0,no_caries,no_caries,0.487,0.48696,0.36552,0.08464,0.06288
crops/1646_7.jpg,1646,1646_jpg.rf.08bb105a04bd0c67ee2484ca12201aaf.jpg,,1,0,mild,mild,0.6074,0.12507,0.60736,0.14855,0.11902
crops/1646_8.jpg,1646,1646_jpg.rf.08bb105a04bd0c67ee2484ca12201aaf.jpg,,1,0,mild,mild,0.6604,0.19558,0.66038,0.06913,0.07491
crops/1646_9.jpg,1646,1646_jpg.rf.08bb105a04bd0c67ee2484ca12201aaf.jpg,,0,0,no_caries,no_caries,0.452,0.45204,0.34971,0.17567,0.02257
crops/1680_0.jpg,1680,1680_jpg.rf.42e226803c9e4cf700464e0537f38407.jpg,,3,0,moderate,moderate,0.5933,0.01559,0.05695,0.5933,0.33416
crops/1680_1.jpg,1680,1680_jpg.rf.42e226803c9e4cf700464e0537f38407.jpg,,0,0,no_caries,mild,0.4311,0.13993,0.43107,0.38255,0.04645
crops/1680_2.jpg,1680,1680_jpg.rf.42e226803c9e4cf700464e0537f38407.jpg,,3,0,moderate,moderate,0.8798,0.00427,0.04817,0.87983,0.06773
crops/1680_3.jpg,1680,1680_jpg.rf.42e226803c9e4cf700464e0537f38407.jpg,,3,0,moderate,moderate,0.7088,0.03408,0.0881,0.70879,0.16903
crops/1871_0.jpg,1871,1871_jpg.rf.0d40f9162f391c2d8b3dcd1a7f07fb84.jpg,,0,0,no_caries,advanced,0.5726,0.11783,0.11955,0.19002,0.57259
crops/1871_1.jpg,1871,1871_jpg.rf.0d40f9162f391c2d8b3dcd1a7f07fb84.jpg,,0,0,no_caries,no_caries,0.5399,0.53988,0.26866,0.15857,0.0329
crops/1871_2.jpg,1871,1871_jpg.rf.0d40f9162f391c2d8b3dcd1a7f07fb84.jpg,,0,0,no_caries,no_caries,0.6808,0.68076,0.09517,0.18625,0.03782
crops/1871_3.jpg,1871,1871_jpg.rf.0d40f9162f391c2d8b3dcd1a7f07fb84.jpg,,0,0,no_caries,no_caries,0.4926,0.49257,0.15613,0.28342,0.06787
crops/1871_4.jpg,1871,1871_jpg.rf.0d40f9162f391c2d8b3dcd1a7f07fb84.jpg,,5,0,advanced,advanced,0.6244,0.07058,0.08098,0.22407,0.62437
crops/1871_5.jpg,1871,1871_jpg.rf.0d40f9162f391c2d8b3dcd1a7f07fb84.jpg,,0,0,no_caries,no_caries,0.5708,0.57079,0.21563,0.16571,0.04787
crops/1871_6.jpg,1871,1871_jpg.rf.0d40f9162f391c2d8b3dcd1a7f07fb84.jpg,,0,0,no_caries,no_caries,0.4577,0.45769,0.26293,0.21423,0.06515
crops/1871_7.jpg,1871,1871_jpg.rf.0d40f9162f391c2d8b3dcd1a7f07fb84.jpg,,0,0,no_caries,no_caries,0.576,0.57604,0.2593,0.12775,0.03692
crops/1871_8.jpg,1871,1871_jpg.rf.0d40f9162f391c2d8b3dcd1a7f07fb84.jpg,,5,0,advanced,moderate,0.5032,0.10181,0.20756,0.50319,0.18744
crops/1871_9.jpg,1871,1871_jpg.rf.0d40f9162f391c2d8b3dcd1a7f07fb84.jpg,,5,0,advanced,no_caries,0.4917,0.49171,0.19516,0.27105,0.04208
crops/1871_10.jpg,1871,1871_jpg.rf.0d40f9162f391c2d8b3dcd1a7f07fb84.jpg,,0,0,no_caries,no_caries,0.4803,0.48029,0.32799,0.15515,0.03657
crops/1871_11.jpg,1871,1871_jpg.rf.0d40f9162f391c2d8b3dcd1a7f07fb84.jpg,,0,0,no_caries,no_caries,0.6893,0.68932,0.2108,0.08383,0.01605
crops/1871_12.jpg,1871,1871_jpg.rf.0d40f9162f391c2d8b3dcd1a7f07fb84.jpg,,0,0,no_caries,no_caries,0.7795,0.77947,0.15067,0.0531,0.01676
crops/1871_13.jpg,1871,1871_jpg.rf.0d40f9162f391c2d8b3dcd1a7f07fb84.jpg,,0,0,no_caries,no_caries,0.7614,0.76139,0.12129,0.09025,0.02707
crops/1871_14.jpg,1871,1871_jpg.rf.0d40f9162f391c2d8b3dcd1a7f07fb84.jpg,,0,0,no_caries,no_caries,0.8375,0.83752,0.04674,0.09071,0.02502
crops/1871_15.jpg,1871,1871_jpg.rf.0d40f9162f391c2d8b3dcd1a7f07fb84.jpg,,0,0,no_caries,no_caries,0.7487,0.7487,0.1113,0.12061,0.01939
crops/1871_16.jpg,1871,1871_jpg.rf.0d40f9162f391c2d8b3dcd1a7f07fb84.jpg,,0,0,no_caries,no_caries,0.8038,0.80382,0.11583,0.05987,0.02047
crops/1871_17.jpg,1871,1871_jpg.rf.0d40f9162f391c2d8b3dcd1a7f07fb84.jpg,,5,0,advanced,advanced,0.6646,0.03662,0.05836,0.24041,0.66461
crops/194_0.jpg,194,194_jpg.rf.7ea705db47a6824dd892de178d5e614e.jpg,,3,0,moderate,advanced,0.4624,0.01667,0.24275,0.27819,0.46239
crops/194_1.jpg,194,194_jpg.rf.7ea705db47a6824dd892de178d5e614e.jpg,,5,0,advanced,advanced,0.9925,0.00074,0.00297,0.00377,0.99252
crops/194_2.jpg,194,194_jpg.rf.7ea705db47a6824dd892de178d5e614e.jpg,,5,0,advanced,mild,0.3807,0.11583,0.38074,0.28639,0.21704
crops/194_3.jpg,194,194_jpg.rf.7ea705db47a6824dd892de178d5e614e.jpg,,5,0,advanced,advanced,0.7777,0.01798,0.08167,0.12265,0.77769
crops/194_4.jpg,194,194_jpg.rf.7ea705db47a6824dd892de178d5e614e.jpg,,0,0,no_caries,mild,0.4994,0.31148,0.49936,0.11902,0.07014
crops/194_5.jpg,194,194_jpg.rf.7ea705db47a6824dd892de178d5e614e.jpg,,4,0,moderate,mild,0.4024,0.05085,0.40236,0.3129,0.23389
crops/194_6.jpg,194,194_jpg.rf.7ea705db47a6824dd892de178d5e614e.jpg,,4,0,moderate,mild,0.6171,0.11609,0.61709,0.22031,0.04651
crops/194_7.jpg,194,194_jpg.rf.7ea705db47a6824dd892de178d5e614e.jpg,,0,0,no_caries,no_caries,0.6806,0.68062,0.15829,0.13415,0.02694
crops/194_8.jpg,194,194_jpg.rf.7ea705db47a6824dd892de178d5e614e.jpg,,0,0,no_caries,no_caries,0.7637,0.76372,0.13716,0.0835,0.01562
crops/194_9.jpg,194,194_jpg.rf.7ea705db47a6824dd892de178d5e614e.jpg,,2,0,mild,no_caries,0.6708,0.67082,0.20925,0.09785,0.02209
crops/194_10.jpg,194,194_jpg.rf.7ea705db47a6824dd892de178d5e614e.jpg,,0,0,no_caries,no_caries,0.629,0.62904,0.16043,0.17184,0.0387
crops/194_11.jpg,194,194_jpg.rf.7ea705db47a6824dd892de178d5e614e.jpg,,0,0,no_caries,no_caries,0.5775,0.57752,0.24332,0.11696,0.06219
crops/194_12.jpg,194,194_jpg.rf.7ea705db47a6824dd892de178d5e614e.jpg,,3,0,moderate,advanced,0.5889,0.0407,0.18015,0.19023,0.58892
crops/195_0.jpg,195,195_jpg.rf.0fb3ed7d5e69f85e55e1ccffc118826c.jpg,,0,0,no_caries,mild,0.3978,0.38729,0.39779,0.18213,0.03279
crops/195_1.jpg,195,195_jpg.rf.0fb3ed7d5e69f85e55e1ccffc118826c.jpg,,2,0,mild,moderate,0.492,0.04289,0.45634,0.49201,0.00876
crops/195_2.jpg,195,195_jpg.rf.0fb3ed7d5e69f85e55e1ccffc118826c.jpg,,5,0,advanced,moderate,0.7747,0.0421,0.13618,0.77467,0.04705
crops/195_3.jpg,195,195_jpg.rf.0fb3ed7d5e69f85e55e1ccffc118826c.jpg,,5,0,advanced,no_caries,0.6858,0.68579,0.21666,0.08143,0.01613
crops/195_4.jpg,195,195_jpg.rf.0fb3ed7d5e69f85e55e1ccffc118826c.jpg,,3,0,moderate,no_caries,0.5557,0.5557,0.28654,0.12248,0.03528
crops/195_5.jpg,195,195_jpg.rf.0fb3ed7d5e69f85e55e1ccffc118826c.jpg,,0,0,no_caries,no_caries,0.6388,0.63884,0.23855,0.09692,0.02569
crops/195_6.jpg,195,195_jpg.rf.0fb3ed7d5e69f85e55e1ccffc118826c.jpg,,0,0,no_caries,no_caries,0.5159,0.51587,0.37089,0.08209,0.03115
crops/195_7.jpg,195,195_jpg.rf.0fb3ed7d5e69f85e55e1ccffc118826c.jpg,,0,0,no_caries,mild,0.5464,0.30553,0.54641,0.11819,0.02987
crops/195_8.jpg,195,195_jpg.rf.0fb3ed7d5e69f85e55e1ccffc118826c.jpg,,3,0,moderate,mild,0.3809,0.24501,0.38087,0.30134,0.07279
crops/195_9.jpg,195,195_jpg.rf.0fb3ed7d5e69f85e55e1ccffc118826c.jpg,,0,0,no_caries,no_caries,0.4843,0.48426,0.35626,0.13023,0.02925
crops/195_10.jpg,195,195_jpg.rf.0fb3ed7d5e69f85e55e1ccffc118826c.jpg,,3,0,moderate,no_caries,0.5711,0.57111,0.31385,0.10101,0.01403
crops/195_11.jpg,195,195_jpg.rf.0fb3ed7d5e69f85e55e1ccffc118826c.jpg,,3,0,moderate,moderate,0.3718,0.23249,0.23572,0.37181,0.15998
crops/195_12.jpg,195,195_jpg.rf.0fb3ed7d5e69f85e55e1ccffc118826c.jpg,,5,0,advanced,moderate,0.6574,0.06749,0.12197,0.65744,0.15311
crops/195_13.jpg,195,195_jpg.rf.0fb3ed7d5e69f85e55e1ccffc118826c.jpg,,2,0,mild,moderate,0.9776,0.00153,0.01694,0.97756,0.00397
crops/195_14.jpg,195,195_jpg.rf.0fb3ed7d5e69f85e55e1ccffc118826c.jpg,,1,0,mild,mild,0.5265,0.13402,0.52651,0.24921,0.09026
crops/1_jpeg_0.jpg,1_jpeg,1_jpeg_jpg.rf.32d2c13a697b316c80491ec167452c5c.jpg,,3,0,moderate,mild,0.5773,0.0546,0.57734,0.34466,0.0234
crops/1_jpeg_1.jpg,1_jpeg,1_jpeg_jpg.rf.32d2c13a697b316c80491ec167452c5c.jpg,,3,0,moderate,moderate,0.937,0.00201,0.05388,0.93703,0.00708
crops/1_jpeg_2.jpg,1_jpeg,1_jpeg_jpg.rf.32d2c13a697b316c80491ec167452c5c.jpg,,0,0,no_caries,mild,0.4981,0.03909,0.49812,0.45511,0.00768
crops/1_jpeg_3.jpg,1_jpeg,1_jpeg_jpg.rf.32d2c13a697b316c80491ec167452c5c.jpg,,1,0,mild,mild,0.537,0.01957,0.53698,0.43716,0.00628
crops/1_jpeg_4.jpg,1_jpeg,1_jpeg_jpg.rf.32d2c13a697b316c80491ec167452c5c.jpg,,0,0,no_caries,no_caries,0.6554,0.65542,0.24868,0.07517,0.02073
crops/1_jpeg_5.jpg,1_jpeg,1_jpeg_jpg.rf.32d2c13a697b316c80491ec167452c5c.jpg,,0,0,no_caries,no_caries,0.4751,0.47506,0.38694,0.10297,0.03502
crops/1_jpeg_6.jpg,1_jpeg,1_jpeg_jpg.rf.32d2c13a697b316c80491ec167452c5c.jpg,,0,0,no_caries,no_caries,0.4754,0.4754,0.3069,0.1814,0.0363
crops/1_jpeg_7.jpg,1_jpeg,1_jpeg_jpg.rf.32d2c13a697b316c80491ec167452c5c.jpg,,0,0,no_caries,mild,0.401,0.17003,0.40097,0.37789,0.05111
crops/1_jpeg_8.jpg,1_jpeg,1_jpeg_jpg.rf.32d2c13a697b316c80491ec167452c5c.jpg,,0,0,no_caries,no_caries,0.6562,0.65621,0.29033,0.03991,0.01355
crops/1_jpeg_9.jpg,1_jpeg,1_jpeg_jpg.rf.32d2c13a697b316c80491ec167452c5c.jpg,,0,0,no_caries,no_caries,0.8023,0.80226,0.14425,0.03805,0.01544
crops/1_jpeg_10.jpg,1_jpeg,1_jpeg_jpg.rf.32d2c13a697b316c80491ec167452c5c.jpg,,3,0,moderate,moderate,0.9496,0.00109,0.04739,0.94955,0.00197
crops/1_jpeg_11.jpg,1_jpeg,1_jpeg_jpg.rf.32d2c13a697b316c80491ec167452c5c.jpg,,3,0,moderate,moderate,0.925,0.00183,0.04822,0.92502,0.02492
crops/1_jpeg_12.jpg,1_jpeg,1_jpeg_jpg.rf.32d2c13a697b316c80491ec167452c5c.jpg,,3,0,moderate,moderate,0.8971,0.00189,0.09581,0.89715,0.00515
crops/1_jpeg_13.jpg,1_jpeg,1_jpeg_jpg.rf.32d2c13a697b316c80491ec167452c5c.jpg,,3,0,moderate,moderate,0.7778,0.0011,0.22018,0.77785,0.00088
crops/226_0.jpg,226,226_jpg.rf.39e029ae94932cc8ee58675380547d19.jpg,,6,0,advanced,advanced,0.9951,0.0007,0.00165,0.00258,0.99508
crops/226_1.jpg,226,226_jpg.rf.39e029ae94932cc8ee58675380547d19.jpg,,6,0,advanced,advanced,0.9852,0.0025,0.00462,0.00766,0.98522
crops/226_2.jpg,226,226_jpg.rf.39e029ae94932cc8ee58675380547d19.jpg,,5,0,advanced,advanced,0.6683,0.0068,0.09177,0.23317,0.66826
crops/226_3.jpg,226,226_jpg.rf.39e029ae94932cc8ee58675380547d19.jpg,,5,0,advanced,advanced,0.9735,0.00498,0.00736,0.01414,0.97352
crops/226_4.jpg,226,226_jpg.rf.39e029ae94932cc8ee58675380547d19.jpg,,6,0,advanced,advanced,0.9888,0.00333,0.00417,0.00371,0.98879
crops/226_5.jpg,226,226_jpg.rf.39e029ae94932cc8ee58675380547d19.jpg,,6,0,advanced,advanced,0.9138,0.02128,0.00978,0.05517,0.91377
crops/226_6.jpg,226,226_jpg.rf.39e029ae94932cc8ee58675380547d19.jpg,,6,0,advanced,advanced,0.9207,0.02897,0.01827,0.03203,0.92073
crops/226_7.jpg,226,226_jpg.rf.39e029ae94932cc8ee58675380547d19.jpg,,0,0,no_caries,advanced,0.8202,0.10177,0.05432,0.02367,0.82024
crops/226_8.jpg,226,226_jpg.rf.39e029ae94932cc8ee58675380547d19.jpg,,0,0,no_caries,no_caries,0.7508,0.75083,0.03325,0.16295,0.05297
crops/226_9.jpg,226,226_jpg.rf.39e029ae94932cc8ee58675380547d19.jpg,,0,0,no_caries,no_caries,0.8749,0.87493,0.07416,0.03099,0.01993
crops/229_0.jpg,229,229_jpg.rf.4db27c14be6b8c04089709ce1178cda8.jpg,,0,0,no_caries,no_caries,0.4968,0.49677,0.36138,0.11258,0.02927
crops/229_1.jpg,229,229_jpg.rf.4db27c14be6b8c04089709ce1178cda8.jpg,,0,0,no_caries,mild,0.4931,0.39673,0.49312,0.08337,0.02678
crops/229_2.jpg,229,229_jpg.rf.4db27c14be6b8c04089709ce1178cda8.jpg,,0,0,no_caries,mild,0.4312,0.27798,0.43122,0.23509,0.05571
crops/229_3.jpg,229,229_jpg.rf.4db27c14be6b8c04089709ce1178cda8.jpg,,0,0,no_caries,mild,0.4468,0.08386,0.44681,0.42226,0.04706
crops/229_4.jpg,229,229_jpg.rf.4db27c14be6b8c04089709ce1178cda8.jpg,,0,0,no_caries,mild,0.4063,0.38815,0.40629,0.16128,0.04428
crops/229_5.jpg,229,229_jpg.rf.4db27c14be6b8c04089709ce1178cda8.jpg,,0,0,no_caries,no_caries,0.54,0.53997,0.31747,0.09045,0.05212
crops/229_6.jpg,229,229_jpg.rf.4db27c14be6b8c04089709ce1178cda8.jpg,,0,0,no_caries,no_caries,0.4223,0.42233,0.4151,0.11015,0.05242
crops/229_7.jpg,229,229_jpg.rf.4db27c14be6b8c04089709ce1178cda8.jpg,,0,0,no_caries,mild,0.5693,0.27715,0.56934,0.11685,0.03667
crops/229_8.jpg,229,229_jpg.rf.4db27c14be6b8c04089709ce1178cda8.jpg,,0,0,no_caries,mild,0.4446,0.36464,0.44457,0.13344,0.05735
crops/229_9.jpg,229,229_jpg.rf.4db27c14be6b8c04089709ce1178cda8.jpg,,0,0,no_caries,no_caries,0.5061,0.50615,0.38137,0.07994,0.03255
crops/229_10.jpg,229,229_jpg.rf.4db27c14be6b8c04089709ce1178cda8.jpg,,0,0,no_caries,no_caries,0.476,0.47604,0.3918,0.09436,0.0378
crops/229_11.jpg,229,229_jpg.rf.4db27c14be6b8c04089709ce1178cda8.jpg,,0,0,no_caries,no_caries,0.5336,0.53357,0.35608,0.08727,0.02307
crops/229_12.jpg,229,229_jpg.rf.4db27c14be6b8c04089709ce1178cda8.jpg,,0,0,no_caries,no_caries,0.58,0.58003,0.33381,0.06063,0.02553
crops/229_13.jpg,229,229_jpg.rf.4db27c14be6b8c04089709ce1178cda8.jpg,,0,0,no_caries,mild,0.5348,0.39647,0.53477,0.03659,0.03217
crops/229_14.jpg,229,229_jpg.rf.4db27c14be6b8c04089709ce1178cda8.jpg,,0,0,no_caries,mild,0.474,0.46599,0.47397,0.02428,0.03576
crops/229_15.jpg,229,229_jpg.rf.4db27c14be6b8c04089709ce1178cda8.jpg,,0,0,no_caries,no_caries,0.5416,0.54158,0.38013,0.04661,0.03168
crops/229_16.jpg,229,229_jpg.rf.4db27c14be6b8c04089709ce1178cda8.jpg,,0,0,no_caries,mild,0.4672,0.45106,0.46724,0.04418,0.03752
crops/229_17.jpg,229,229_jpg.rf.4db27c14be6b8c04089709ce1178cda8.jpg,,0,0,no_caries,no_caries,0.548,0.548,0.39723,0.03455,0.02022
crops/229_18.jpg,229,229_jpg.rf.4db27c14be6b8c04089709ce1178cda8.jpg,,0,0,no_caries,no_caries,0.7396,0.73958,0.12056,0.09947,0.04039
crops/229_19.jpg,229,229_jpg.rf.4db27c14be6b8c04089709ce1178cda8.jpg,,0,0,no_caries,no_caries,0.6675,0.66755,0.22762,0.06925,0.03558
crops/262_0.jpg,262,262_jpg.rf.85589da786d6cdb1ecc255cc02a6fad9.jpg,,0,0,no_caries,mild,0.4515,0.35469,0.4515,0.12731,0.0665
crops/262_1.jpg,262,262_jpg.rf.85589da786d6cdb1ecc255cc02a6fad9.jpg,,0,0,no_caries,no_caries,0.6041,0.60409,0.26579,0.06656,0.06356
crops/262_2.jpg,262,262_jpg.rf.85589da786d6cdb1ecc255cc02a6fad9.jpg,,0,0,no_caries,no_caries,0.769,0.76895,0.10246,0.08186,0.04673
crops/262_3.jpg,262,262_jpg.rf.85589da786d6cdb1ecc255cc02a6fad9.jpg,,0,0,no_caries,no_caries,0.7246,0.72457,0.15163,0.06962,0.05419
crops/262_4.jpg,262,262_jpg.rf.85589da786d6cdb1ecc255cc02a6fad9.jpg,,6,0,advanced,advanced,0.7225,0.0088,0.16839,0.10029,0.72252
crops/262_5.jpg,262,262_jpg.rf.85589da786d6cdb1ecc255cc02a6fad9.jpg,,6,0,advanced,moderate,0.3967,0.04133,0.33876,0.39673,0.22317
crops/262_6.jpg,262,262_jpg.rf.85589da786d6cdb1ecc255cc02a6fad9.jpg,,5,0,advanced,mild,0.3171,0.10699,0.31715,0.27462,0.30124
crops/262_7.jpg,262,262_jpg.rf.85589da786d6cdb1ecc255cc02a6fad9.jpg,,0,0,no_caries,no_caries,0.7173,0.71728,0.19401,0.04441,0.0443
crops/262_8.jpg,262,262_jpg.rf.85589da786d6cdb1ecc255cc02a6fad9.jpg,,0,0,no_caries,mild,0.5,0.25218,0.5,0.03806,0.20976
crops/262_9.jpg,262,262_jpg.rf.85589da786d6cdb1ecc255cc02a6fad9.jpg,,0,0,no_caries,no_caries,0.5479,0.54792,0.32763,0.06794,0.05651
crops/262_10.jpg,262,262_jpg.rf.85589da786d6cdb1ecc255cc02a6fad9.jpg,,0,0,no_caries,no_caries,0.5569,0.55688,0.18589,0.21935,0.03788
crops/262_11.jpg,262,262_jpg.rf.85589da786d6cdb1ecc255cc02a6fad9.jpg,,0,0,no_caries,no_caries,0.6819,0.6819,0.19251,0.08329,0.0423
crops/2855_0.jpg,2855,2855_jpg.rf.e3223eede90161e62aa8d0abbef0fb7c.jpg,,2,0,mild,moderate,0.5766,0.00618,0.40985,0.5766,0.00738
crops/2855_1.jpg,2855,2855_jpg.rf.e3223eede90161e62aa8d0abbef0fb7c.jpg,,2,0,mild,mild,0.6615,0.00922,0.66145,0.29783,0.0315
crops/2855_2.jpg,2855,2855_jpg.rf.e3223eede90161e62aa8d0abbef0fb7c.jpg,,2,0,mild,advanced,0.4947,0.01481,0.26784,0.22265,0.4947
crops/2922_0.jpg,2922,2922_jpg.rf.c3d47b36813308e3fb5f72e3f1cc255e.jpg,,4,0,moderate,advanced,0.9853,0.00083,0.00373,0.01017,0.98528
crops/2922_1.jpg,2922,2922_jpg.rf.c3d47b36813308e3fb5f72e3f1cc255e.jpg,,3,0,moderate,moderate,0.4916,0.03354,0.44658,0.49157,0.0283
crops/2922_2.jpg,2922,2922_jpg.rf.c3d47b36813308e3fb5f72e3f1cc255e.jpg,,3,0,moderate,moderate,0.7615,0.01549,0.21434,0.76153,0.00864
crops/3000_0.jpg,3000,3000_jpg.rf.15714bf510c4af5a5bb359c5b3a5dc5a.jpg,,5,0,advanced,advanced,0.9178,0.00377,0.0213,0.05709,0.91784
crops/3000_1.jpg,3000,3000_jpg.rf.15714bf510c4af5a5bb359c5b3a5dc5a.jpg,,5,0,advanced,mild,0.4892,0.2062,0.48916,0.1284,0.17624
crops/3000_2.jpg,3000,3000_jpg.rf.15714bf510c4af5a5bb359c5b3a5dc5a.jpg,,5,0,advanced,no_caries,0.5555,0.55554,0.30744,0.07302,0.064
crops/3001_0.jpg,3001,3001_jpg.rf.5448424c212cd1593858bc2eeb524850.jpg,,0,0,no_caries,mild,0.4556,0.30884,0.45564,0.19146,0.04406
crops/3001_1.jpg,3001,3001_jpg.rf.5448424c212cd1593858bc2eeb524850.jpg,,3,0,moderate,mild,0.4503,0.15056,0.45035,0.39228,0.00681
crops/3001_2.jpg,3001,3001_jpg.rf.5448424c212cd1593858bc2eeb524850.jpg,,0,0,no_caries,no_caries,0.5184,0.51838,0.37221,0.07894,0.03047
crops/3001_3.jpg,3001,3001_jpg.rf.5448424c212cd1593858bc2eeb524850.jpg,,3,0,moderate,moderate,0.7913,0.01323,0.17227,0.79131,0.02318
crops/3001_4.jpg,3001,3001_jpg.rf.5448424c212cd1593858bc2eeb524850.jpg,,3,0,moderate,mild,0.6068,0.18573,0.60679,0.15238,0.0551
crops/3001_5.jpg,3001,3001_jpg.rf.5448424c212cd1593858bc2eeb524850.jpg,,3,0,moderate,mild,0.6399,0.15425,0.63988,0.15005,0.05583
crops/3001_6.jpg,3001,3001_jpg.rf.5448424c212cd1593858bc2eeb524850.jpg,,3,0,moderate,moderate,0.6564,0.079,0.23072,0.65643,0.03386
crops/3001_7.jpg,3001,3001_jpg.rf.5448424c212cd1593858bc2eeb524850.jpg,,0,0,no_caries,no_caries,0.7095,0.70954,0.22114,0.03993,0.02939
crops/3001_8.jpg,3001,3001_jpg.rf.5448424c212cd1593858bc2eeb524850.jpg,,0,0,no_caries,no_caries,0.5952,0.59524,0.28561,0.10042,0.01873
crops/303_0.jpg,303,303_jpg.rf.6f8251e2895290c0594ba8c6c4a604bf.jpg,,4,0,moderate,mild,0.3751,0.36347,0.37513,0.20611,0.0553
crops/303_1.jpg,303,303_jpg.rf.6f8251e2895290c0594ba8c6c4a604bf.jpg,,5,0,advanced,mild,0.5621,0.2043,0.56211,0.17265,0.06094
crops/303_2.jpg,303,303_jpg.rf.6f8251e2895290c0594ba8c6c4a604bf.jpg,,6,0,advanced,advanced,0.9669,0.00425,0.01715,0.01169,0.96691
crops/303_3.jpg,303,303_jpg.rf.6f8251e2895290c0594ba8c6c4a604bf.jpg,,0,0,no_caries,mild,0.433,0.40669,0.43303,0.10713,0.05316
crops/303_4.jpg,303,303_jpg.rf.6f8251e2895290c0594ba8c6c4a604bf.jpg,,0,0,no_caries,no_caries,0.4663,0.46635,0.34509,0.15674,0.03182
crops/303_5.jpg,303,303_jpg.rf.6f8251e2895290c0594ba8c6c4a604bf.jpg,,2,0,mild,mild,0.6244,0.06339,0.62439,0.24907,0.06315
crops/303_6.jpg,303,303_jpg.rf.6f8251e2895290c0594ba8c6c4a604bf.jpg,,2,0,mild,mild,0.4553,0.28488,0.45532,0.20674,0.05306
crops/303_7.jpg,303,303_jpg.rf.6f8251e2895290c0594ba8c6c4a604bf.jpg,,3,0,moderate,moderate,0.4851,0.11637,0.33107,0.4851,0.06747
crops/303_8.jpg,303,303_jpg.rf.6f8251e2895290c0594ba8c6c4a604bf.jpg,,0,0,no_caries,no_caries,0.4367,0.43671,0.24809,0.24795,0.06725
crops/303_9.jpg,303,303_jpg.rf.6f8251e2895290c0594ba8c6c4a604bf.jpg,,0,0,no_caries,no_caries,0.4378,0.43779,0.3948,0.13884,0.02857
crops/303_10.jpg,303,303_jpg.rf.6f8251e2895290c0594ba8c6c4a604bf.jpg,,2,0,mild,mild,0.7408,0.05154,0.74083,0.15655,0.05108
crops/303_11.jpg,303,303_jpg.rf.6f8251e2895290c0594ba8c6c4a604bf.jpg,,2,0,mild,mild,0.6937,0.12319,0.69372,0.13886,0.04424
crops/303_12.jpg,303,303_jpg.rf.6f8251e2895290c0594ba8c6c4a604bf.jpg,,2,0,mild,mild,0.7072,0.16936,0.70723,0.11213,0.01128
crops/303_13.jpg,303,303_jpg.rf.6f8251e2895290c0594ba8c6c4a604bf.jpg,,2,0,mild,mild,0.6419,0.14854,0.64193,0.17593,0.0336
crops/303_14.jpg,303,303_jpg.rf.6f8251e2895290c0594ba8c6c4a604bf.jpg,,2,0,mild,mild,0.57,0.13886,0.56996,0.17167,0.11951
crops/303_15.jpg,303,303_jpg.rf.6f8251e2895290c0594ba8c6c4a604bf.jpg,,5,0,advanced,mild,0.4927,0.04568,0.49272,0.28711,0.17449
crops/313_0.jpg,313,313_jpg.rf.5a2a1d0b4f42105962e04643de024611.jpg,,0,0,no_caries,no_caries,0.4609,0.4609,0.42943,0.06781,0.04186
crops/313_1.jpg,313,313_jpg.rf.5a2a1d0b4f42105962e04643de024611.jpg,,0,0,no_caries,mild,0.7086,0.16564,0.70864,0.08598,0.03975
crops/313_2.jpg,313,313_jpg.rf.5a2a1d0b4f42105962e04643de024611.jpg,,2,0,mild,mild,0.6181,0.08047,0.61806,0.25232,0.04915
crops/313_3.jpg,313,313_jpg.rf.5a2a1d0b4f42105962e04643de024611.jpg,,3,0,moderate,moderate,0.6739,0.01567,0.23202,0.67387,0.07844
crops/313_4.jpg,313,313_jpg.rf.5a2a1d0b4f42105962e04643de024611.jpg,,3,0,moderate,moderate,0.8289,0.00696,0.15338,0.82889,0.01077
crops/313_5.jpg,313,313_jpg.rf.5a2a1d0b4f42105962e04643de024611.jpg,,3,0,moderate,moderate,0.5385,0.00851,0.40518,0.53847,0.04783
crops/313_6.jpg,313,313_jpg.rf.5a2a1d0b4f42105962e04643de024611.jpg,,3,0,moderate,moderate,0.7962,0.01013,0.16688,0.79625,0.02674
crops/313_7.jpg,313,313_jpg.rf.5a2a1d0b4f42105962e04643de024611.jpg,,3,0,moderate,mild,0.6158,0.07879,0.61579,0.25043,0.05499
crops/313_8.jpg,313,313_jpg.rf.5a2a1d0b4f42105962e04643de024611.jpg,,3,0,moderate,mild,0.413,0.21467,0.41305,0.33395,0.03833
crops/313_9.jpg,313,313_jpg.rf.5a2a1d0b4f42105962e04643de024611.jpg,,1,0,mild,mild,0.5332,0.16067,0.53321,0.28143,0.02469
crops/313_10.jpg,313,313_jpg.rf.5a2a1d0b4f42105962e04643de024611.jpg,,3,0,moderate,moderate,0.5116,0.19445,0.22416,0.51162,0.06977
crops/313_11.jpg,313,313_jpg.rf.5a2a1d0b4f42105962e04643de024611.jpg,,0,0,no_caries,moderate,0.4208,0.24762,0.25795,0.42079,0.07364
crops/313_12.jpg,313,313_jpg.rf.5a2a1d0b4f42105962e04643de024611.jpg,,2,0,mild,moderate,0.6021,0.12332,0.18435,0.6021,0.09023
crops/313_13.jpg,313,313_jpg.rf.5a2a1d0b4f42105962e04643de024611.jpg,,2,0,mild,no_caries,0.5603,0.56027,0.17858,0.22246,0.03869
crops/313_14.jpg,313,313_jpg.rf.5a2a1d0b4f42105962e04643de024611.jpg,,1,0,mild,moderate,0.3647,0.21537,0.36126,0.36475,0.05862
crops/313_15.jpg,313,313_jpg.rf.5a2a1d0b4f42105962e04643de024611.jpg,,1,0,mild,mild,0.5985,0.20668,0.59847,0.17135,0.0235
crops/323_0.jpg,323,323_jpg.rf.5f18ba8e52a27d0332b01e107ebb0b9d.jpg,,5,0,advanced,advanced,0.914,0.01146,0.03529,0.03921,0.91404
crops/323_1.jpg,323,323_jpg.rf.5f18ba8e52a27d0332b01e107ebb0b9d.jpg,,5,0,advanced,advanced,0.4109,0.03276,0.15141,0.40496,0.41087
crops/323_2.jpg,323,323_jpg.rf.5f18ba8e52a27d0332b01e107ebb0b9d.jpg,,5,0,advanced,advanced,0.4117,0.02715,0.16499,0.39614,0.41172
crops/323_3.jpg,323,323_jpg.rf.5f18ba8e52a27d0332b01e107ebb0b9d.jpg,,5,0,advanced,moderate,0.431,0.02816,0.37842,0.43098,0.16244
crops/323_4.jpg,323,323_jpg.rf.5f18ba8e52a27d0332b01e107ebb0b9d.jpg,,3,0,moderate,mild,0.391,0.02592,0.39096,0.26314,0.31998
crops/323_5.jpg,323,323_jpg.rf.5f18ba8e52a27d0332b01e107ebb0b9d.jpg,,2,0,mild,mild,0.605,0.12695,0.60502,0.2169,0.05113
crops/323_6.jpg,323,323_jpg.rf.5f18ba8e52a27d0332b01e107ebb0b9d.jpg,,3,0,moderate,moderate,0.6471,0.00807,0.33251,0.6471,0.01232
crops/323_7.jpg,323,323_jpg.rf.5f18ba8e52a27d0332b01e107ebb0b9d.jpg,,3,0,moderate,moderate,0.3927,0.0262,0.3854,0.39271,0.19568
crops/323_8.jpg,323,323_jpg.rf.5f18ba8e52a27d0332b01e107ebb0b9d.jpg,,2,0,mild,mild,0.5679,0.18237,0.56794,0.18745,0.06224
crops/323_9.jpg,323,323_jpg.rf.5f18ba8e52a27d0332b01e107ebb0b9d.jpg,,5,0,advanced,advanced,0.9848,0.00275,0.00606,0.00637,0.98483
crops/323_10.jpg,323,323_jpg.rf.5f18ba8e52a27d0332b01e107ebb0b9d.jpg,,6,0,advanced,advanced,0.984,0.00133,0.00916,0.00555,0.98397
crops/323_11.jpg,323,323_jpg.rf.5f18ba8e52a27d0332b01e107ebb0b9d.jpg,,5,0,advanced,moderate,0.4795,0.0322,0.37161,0.47949,0.1167
crops/323_12.jpg,323,323_jpg.rf.5f18ba8e52a27d0332b01e107ebb0b9d.jpg,,0,0,no_caries,no_caries,0.4574,0.45742,0.30139,0.18217,0.05902
crops/3284_0.jpg,3284,3284_jpg.rf.233da5b6d14e54d8cfd8fc860eca7ca3.jpg,,0,0,no_caries,mild,0.5358,0.32853,0.53582,0.09616,0.03948
crops/3284_1.jpg,3284,3284_jpg.rf.233da5b6d14e54d8cfd8fc860eca7ca3.jpg,,5,0,advanced,advanced,0.9556,0.00222,0.0099,0.03227,0.95561
crops/3284_2.jpg,3284,3284_jpg.rf.233da5b6d14e54d8cfd8fc860eca7ca3.jpg,,3,0,moderate,moderate,0.8565,0.00223,0.13977,0.85649,0.0015
crops/3326_0.jpg,3326,3326_jpg.rf.1394719dd45048440644abe49474bbea.jpg,,2,0,mild,mild,0.6996,0.14566,0.69957,0.11914,0.03564
crops/3326_1.jpg,3326,3326_jpg.rf.1394719dd45048440644abe49474bbea.jpg,,5,0,advanced,moderate,0.6483,0.00585,0.25293,0.64828,0.09294
crops/3326_2.jpg,3326,3326_jpg.rf.1394719dd45048440644abe49474bbea.jpg,,0,0,no_caries,mild,0.4937,0.25473,0.49368,0.18782,0.06376
crops/3326_3.jpg,3326,3326_jpg.rf.1394719dd45048440644abe49474bbea.jpg,,6,0,advanced,moderate,0.5841,0.00507,0.0715,0.5841,0.33933
crops/3326_4.jpg,3326,3326_jpg.rf.1394719dd45048440644abe49474bbea.jpg,,3,0,moderate,mild,0.626,0.01605,0.62602,0.32961,0.02832
crops/3326_5.jpg,3326,3326_jpg.rf.1394719dd45048440644abe49474bbea.jpg,,3,0,moderate,moderate,0.6508,0.00597,0.27941,0.6508,0.06382
crops/3326_6.jpg,3326,3326_jpg.rf.1394719dd45048440644abe49474bbea.jpg,,0,0,no_caries,mild,0.496,0.36004,0.49603,0.07268,0.07125
crops/3326_7.jpg,3326,3326_jpg.rf.1394719dd45048440644abe49474bbea.jpg,,6,0,advanced,mild,0.5129,0.2175,0.51287,0.18726,0.08237
crops/3326_8.jpg,3326,3326_jpg.rf.1394719dd45048440644abe49474bbea.jpg,,5,0,advanced,moderate,0.463,0.06095,0.33743,0.46304,0.13859
crops/3326_9.jpg,3326,3326_jpg.rf.1394719dd45048440644abe49474bbea.jpg,,0,0,no_caries,mild,0.7311,0.12711,0.73115,0.09991,0.04183
crops/3326_10.jpg,3326,3326_jpg.rf.1394719dd45048440644abe49474bbea.jpg,,0,0,no_caries,no_caries,0.5404,0.54036,0.26506,0.13958,0.055
crops/3326_11.jpg,3326,3326_jpg.rf.1394719dd45048440644abe49474bbea.jpg,,0,0,no_caries,mild,0.405,0.31938,0.405,0.20468,0.07094
crops/3326_12.jpg,3326,3326_jpg.rf.1394719dd45048440644abe49474bbea.jpg,,0,0,no_caries,no_caries,0.3522,0.35222,0.28622,0.29183,0.06974
crops/3326_13.jpg,3326,3326_jpg.rf.1394719dd45048440644abe49474bbea.jpg,,0,0,no_caries,no_caries,0.5178,0.51775,0.34016,0.10939,0.0327
crops/3326_14.jpg,3326,3326_jpg.rf.1394719dd45048440644abe49474bbea.jpg,,0,0,no_caries,mild,0.5659,0.16089,0.56589,0.22573,0.04749
crops/3326_15.jpg,3326,3326_jpg.rf.1394719dd45048440644abe49474bbea.jpg,,5,0,advanced,mild,0.3473,0.0866,0.3473,0.30428,0.26182
crops/334_0.jpg,334,334_jpg.rf.43e6e7605d265e4f42e04933dfa0b289.jpg,,5,0,advanced,advanced,0.4793,0.01451,0.0561,0.45013,0.47926
crops/334_1.jpg,334,334_jpg.rf.43e6e7605d265e4f42e04933dfa0b289.jpg,,0,0,no_caries,no_caries,0.7219,0.72191,0.09083,0.09155,0.09571
crops/334_2.jpg,334,334_jpg.rf.43e6e7605d265e4f42e04933dfa0b289.jpg,,0,0,no_caries,no_caries,0.7973,0.79728,0.11475,0.06166,0.02631
crops/334_3.jpg,334,334_jpg.rf.43e6e7605d265e4f42e04933dfa0b289.jpg,,0,0,no_caries,no_caries,0.8765,0.8765,0.03594,0.06054,0.02701
crops/334_4.jpg,334,334_jpg.rf.43e6e7605d265e4f42e04933dfa0b289.jpg,,0,0,no_caries,no_caries,0.6021,0.60209,0.27068,0.10684,0.02039
crops/334_5.jpg,334,334_jpg.rf.43e6e7605d265e4f42e04933dfa0b289.jpg,,0,0,no_caries,no_caries,0.8966,0.8966,0.03925,0.04684,0.01731
crops/334_6.jpg,334,334_jpg.rf.43e6e7605d265e4f42e04933dfa0b289.jpg,,0,0,no_caries,no_caries,0.8753,0.87532,0.03406,0.06931,0.0213
crops/334_7.jpg,334,334_jpg.rf.43e6e7605d265e4f42e04933dfa0b289.jpg,,0,0,no_caries,no_caries,0.8852,0.8852,0.01045,0.05964,0.04471
crops/334_8.jpg,334,334_jpg.rf.43e6e7605d265e4f42e04933dfa0b289.jpg,,0,0,no_caries,no_caries,0.8605,0.86055,0.02484,0.08848,0.02614
crops/334_9.jpg,334,334_jpg.rf.43e6e7605d265e4f42e04933dfa0b289.jpg,,0,0,no_caries,no_caries,0.8199,0.81986,0.07664,0.09053,0.01297
crops/334_10.jpg,334,334_jpg.rf.43e6e7605d265e4f42e04933dfa0b289.jpg,,4,0,moderate,no_caries,0.3925,0.39251,0.1175,0.11115,0.37884
crops/334_11.jpg,334,334_jpg.rf.43e6e7605d265e4f42e04933dfa0b289.jpg,,3,0,moderate,moderate,0.4845,0.13008,0.29365,0.48452,0.09174
crops/3396_0.jpg,3396,3396_jpg.rf.6d65f42674b7612a35b112514ed7a889.jpg,,0,0,no_caries,mild,0.5028,0.30129,0.50279,0.16626,0.02966
crops/3396_1.jpg,3396,3396_jpg.rf.6d65f42674b7612a35b112514ed7a889.jpg,,0,0,no_caries,mild,0.659,0.15995,0.65905,0.15047,0.03054
crops/3396_2.jpg,3396,3396_jpg.rf.6d65f42674b7612a35b112514ed7a889.jpg,,5,0,advanced,advanced,0.5304,0.01686,0.15185,0.30091,0.53038
crops/3396_3.jpg,3396,3396_jpg.rf.6d65f42674b7612a35b112514ed7a889.jpg,,0,0,no_caries,mild,0.4531,0.20029,0.45312,0.31414,0.03244
crops/344_0.jpg,344,344_jpg.rf.2070bedec09018511fe45381677070df.jpg,,0,0,no_caries,mild,0.5691,0.30356,0.56906,0.10508,0.02229
crops/344_1.jpg,344,344_jpg.rf.2070bedec09018511fe45381677070df.jpg,,0,0,no_caries,no_caries,0.6191,0.6191,0.29197,0.06274,0.02619
crops/344_2.jpg,344,344_jpg.rf.2070bedec09018511fe45381677070df.jpg,,0,0,no_caries,no_caries,0.5927,0.59265,0.30277,0.07999,0.02459
crops/344_3.jpg,344,344_jpg.rf.2070bedec09018511fe45381677070df.jpg,,3,0,moderate,mild,0.6336,0.10588,0.63356,0.23628,0.02428
crops/344_4.jpg,344,344_jpg.rf.2070bedec09018511fe45381677070df.jpg,,0,0,no_caries,no_caries,0.471,0.47097,0.40341,0.09335,0.03227
crops/373_0.jpg,373,373_jpg.rf.ecb2690e942fba231678577efd459c0c.jpg,,0,0,no_caries,no_caries,0.7162,0.71625,0.14211,0.10483,0.03681
crops/373_1.jpg,373,373_jpg.rf.ecb2690e942fba231678577efd459c0c.jpg,,0,0,no_caries,no_caries,0.5961,0.59614,0.21082,0.11849,0.07455
crops/373_2.jpg,373,373_jpg.rf.ecb2690e942fba231678577efd459c0c.jpg,,0,0,no_caries,no_caries,0.5341,0.53409,0.31818,0.09708,0.05066
crops/373_3.jpg,373,373_jpg.rf.ecb2690e942fba231678577efd459c0c.jpg,,0,0,no_caries,mild,0.6194,0.30497,0.61942,0.05454,0.02107
crops/373_4.jpg,373,373_jpg.rf.ecb2690e942fba231678577efd459c0c.jpg,,0,0,no_caries,no_caries,0.4864,0.48643,0.31061,0.14083,0.06212
crops/373_5.jpg,373,373_jpg.rf.ecb2690e942fba231678577efd459c0c.jpg,,0,0,no_caries,no_caries,0.5674,0.56745,0.23564,0.15938,0.03753
crops/373_6.jpg,373,373_jpg.rf.ecb2690e942fba231678577efd459c0c.jpg,,0,0,no_caries,no_caries,0.7692,0.76923,0.08585,0.09724,0.04769
crops/373_7.jpg,373,373_jpg.rf.ecb2690e942fba231678577efd459c0c.jpg,,0,0,no_caries,no_caries,0.6499,0.64986,0.16227,0.14076,0.04711
crops/373_8.jpg,373,373_jpg.rf.ecb2690e942fba231678577efd459c0c.jpg,,0,0,no_caries,no_caries,0.7939,0.79391,0.09874,0.05984,0.04752
crops/373_9.jpg,373,373_jpg.rf.ecb2690e942fba231678577efd459c0c.jpg,,0,0,no_caries,no_caries,0.7651,0.76512,0.09803,0.09021,0.04664
crops/373_10.jpg,373,373_jpg.rf.ecb2690e942fba231678577efd459c0c.jpg,,0,0,no_caries,no_caries,0.7523,0.75235,0.06345,0.14165,0.04255
crops/373_11.jpg,373,373_jpg.rf.ecb2690e942fba231678577efd459c0c.jpg,,0,0,no_caries,no_caries,0.6597,0.65974,0.15738,0.13594,0.04694
crops/396_0.jpg,396,396_jpg.rf.67544317dd92222bcd40217e451caba6.jpg,,0,0,no_caries,mild,0.3773,0.3611,0.37729,0.16841,0.09321
crops/396_1.jpg,396,396_jpg.rf.67544317dd92222bcd40217e451caba6.jpg,,5,0,advanced,advanced,0.8885,0.00386,0.0123,0.09537,0.88847
crops/396_2.jpg,396,396_jpg.rf.67544317dd92222bcd40217e451caba6.jpg,,0,0,no_caries,advanced,0.3511,0.13854,0.19,0.32035,0.35112
crops/396_3.jpg,396,396_jpg.rf.67544317dd92222bcd40217e451caba6.jpg,,0,0,no_caries,no_caries,0.7722,0.7722,0.07678,0.10666,0.04436
crops/396_4.jpg,396,396_jpg.rf.67544317dd92222bcd40217e451caba6.jpg,,0,0,no_caries,no_caries,0.6127,0.6127,0.25511,0.10268,0.02951
crops/417_0.jpg,417,417_jpg.rf.7346c8993d4640b26867ea539545f366.jpg,,0,0,no_caries,advanced,0.4734,0.07883,0.3458,0.10196,0.47341
crops/417_1.jpg,417,417_jpg.rf.7346c8993d4640b26867ea539545f366.jpg,,0,0,no_caries,mild,0.4617,0.17311,0.4617,0.14749,0.2177
crops/417_2.jpg,417,417_jpg.rf.7346c8993d4640b26867ea539545f366.jpg,,0,0,no_caries,mild,0.5428,0.10835,0.54283,0.19446,0.15435
crops/417_3.jpg,417,417_jpg.rf.7346c8993d4640b26867ea539545f366.jpg,,0,0,no_caries,no_caries,0.448,0.448,0.36838,0.13209,0.05153
crops/417_4.jpg,417,417_jpg.rf.7346c8993d4640b26867ea539545f366.jpg,,0,0,no_caries,no_caries,0.5382,0.53817,0.36792,0.07487,0.01905
crops/417_5.jpg,417,417_jpg.rf.7346c8993d4640b26867ea539545f366.jpg,,0,0,no_caries,mild,0.6006,0.21384,0.60064,0.16967,0.01585
crops/417_6.jpg,417,417_jpg.rf.7346c8993d4640b26867ea539545f366.jpg,,5,0,advanced,advanced,0.9644,0.00856,0.01173,0.0153,0.96441
crops/417_7.jpg,417,417_jpg.rf.7346c8993d4640b26867ea539545f366.jpg,,0,0,no_caries,mild,0.4294,0.31883,0.42942,0.17476,0.07699
crops/417_8.jpg,417,417_jpg.rf.7346c8993d4640b26867ea539545f366.jpg,,6,0,advanced,advanced,0.9789,0.00175,0.00597,0.01333,0.97894
crops/417_9.jpg,417,417_jpg.rf.7346c8993d4640b26867ea539545f366.jpg,,5,0,advanced,advanced,0.9649,0.00462,0.02055,0.00989,0.96493
crops/417_10.jpg,417,417_jpg.rf.7346c8993d4640b26867ea539545f366.jpg,,3,0,moderate,moderate,0.8349,0.00349,0.1596,0.83487,0.00204
crops/417_11.jpg,417,417_jpg.rf.7346c8993d4640b26867ea539545f366.jpg,,5,0,advanced,advanced,0.9806,0.00224,0.0067,0.01049,0.98056
crops/417_12.jpg,417,417_jpg.rf.7346c8993d4640b26867ea539545f366.jpg,,3,0,moderate,moderate,0.617,0.07184,0.26466,0.61703,0.04647
crops/417_13.jpg,417,417_jpg.rf.7346c8993d4640b26867ea539545f366.jpg,,0,0,no_caries,no_caries,0.7009,0.70092,0.21019,0.06678,0.02211
crops/417_14.jpg,417,417_jpg.rf.7346c8993d4640b26867ea539545f366.jpg,,0,0,no_caries,mild,0.4561,0.2007,0.45612,0.23516,0.10802
crops/41_jpeg_0.jpg,41_jpeg,41_jpeg_jpg.rf.1f93dd3a580ded6636734415cbe23a09.jpg,,2,0,mild,moderate,0.3302,0.29631,0.2624,0.3302,0.1111
crops/41_jpeg_1.jpg,41_jpeg,41_jpeg_jpg.rf.1f93dd3a580ded6636734415cbe23a09.jpg,,0,0,no_caries,no_caries,0.4159,0.4159,0.39436,0.12525,0.0645
crops/41_jpeg_2.jpg,41_jpeg,41_jpeg_jpg.rf.1f93dd3a580ded6636734415cbe23a09.jpg,,0,0,no_caries,no_caries,0.4317,0.4317,0.41026,0.11745,0.04059
crops/41_jpeg_3.jpg,41_jpeg,41_jpeg_jpg.rf.1f93dd3a580ded6636734415cbe23a09.jpg,,2,0,mild,mild,0.462,0.32559,0.46195,0.17434,0.03811
crops/41_jpeg_4.jpg,41_jpeg,41_jpeg_jpg.rf.1f93dd3a580ded6636734415cbe23a09.jpg,,2,0,mild,mild,0.6085,0.0328,0.60851,0.27816,0.08053
crops/41_jpeg_5.jpg,41_jpeg,41_jpeg_jpg.rf.1f93dd3a580ded6636734415cbe23a09.jpg,,2,0,mild,mild,0.4523,0.12648,0.4523,0.30628,0.11494
crops/41_jpeg_6.jpg,41_jpeg,41_jpeg_jpg.rf.1f93dd3a580ded6636734415cbe23a09.jpg,,2,0,mild,mild,0.6569,0.1115,0.65689,0.17086,0.06076
crops/41_jpeg_7.jpg,41_jpeg,41_jpeg_jpg.rf.1f93dd3a580ded6636734415cbe23a09.jpg,,0,0,no_caries,no_caries,0.6158,0.61581,0.19491,0.14084,0.04843
crops/41_jpeg_8.jpg,41_jpeg,41_jpeg_jpg.rf.1f93dd3a580ded6636734415cbe23a09.jpg,,0,0,no_caries,no_caries,0.568,0.56798,0.25832,0.12517,0.04853
crops/41_jpeg_9.jpg,41_jpeg,41_jpeg_jpg.rf.1f93dd3a580ded6636734415cbe23a09.jpg,,0,0,no_caries,no_caries,0.7907,0.79074,0.10862,0.06983,0.03082
crops/41_jpeg_10.jpg,41_jpeg,41_jpeg_jpg.rf.1f93dd3a580ded6636734415cbe23a09.jpg,,0,0,no_caries,no_caries,0.7159,0.71585,0.14802,0.09482,0.04131
crops/41_jpeg_11.jpg,41_jpeg,41_jpeg_jpg.rf.1f93dd3a580ded6636734415cbe23a09.jpg,,0,0,no_caries,mild,0.381,0.30936,0.381,0.18475,0.12489
crops/41_jpeg_12.jpg,41_jpeg,41_jpeg_jpg.rf.1f93dd3a580ded6636734415cbe23a09.jpg,,0,0,no_caries,mild,0.4874,0.32275,0.48735,0.15442,0.03548
crops/41_jpeg_13.jpg,41_jpeg,41_jpeg_jpg.rf.1f93dd3a580ded6636734415cbe23a09.jpg,,2,0,mild,mild,0.4268,0.10432,0.42679,0.25879,0.2101
crops/41_jpeg_14.jpg,41_jpeg,41_jpeg_jpg.rf.1f93dd3a580ded6636734415cbe23a09.jpg,,2,0,mild,mild,0.329,0.32335,0.32904,0.25584,0.09177
crops/451_0.jpg,451,451_jpg.rf.444c8e819be140160baa8471fc51f7c7.jpg,,5,0,advanced,advanced,0.5339,0.01513,0.11229,0.33867,0.53391
crops/451_1.jpg,451,451_jpg.rf.444c8e819be140160baa8471fc51f7c7.jpg,,0,0,no_caries,mild,0.4099,0.22408,0.40986,0.27307,0.09298
crops/451_2.jpg,451,451_jpg.rf.444c8e819be140160baa8471fc51f7c7.jpg,,0,0,no_caries,no_caries,0.5609,0.56085,0.28262,0.13517,0.02136
crops/451_3.jpg,451,451_jpg.rf.444c8e819be140160baa8471fc51f7c7.jpg,,0,0,no_caries,mild,0.4162,0.21205,0.41618,0.26047,0.1113
crops/45_jpeg_0.jpg,45_jpeg,45_jpeg_jpg.rf.bdacc78320cba8a90ba72e9b63655ace.jpg,,2,0,mild,mild,0.7966,0.07623,0.79658,0.08002,0.04717
crops/45_jpeg_1.jpg,45_jpeg,45_jpeg_jpg.rf.bdacc78320cba8a90ba72e9b63655ace.jpg,,0,0,no_caries,mild,0.6899,0.12111,0.68989,0.16363,0.02537
crops/45_jpeg_2.jpg,45_jpeg,45_jpeg_jpg.rf.bdacc78320cba8a90ba72e9b63655ace.jpg,,1,0,mild,mild,0.6261,0.09795,0.62611,0.24151,0.03443
crops/45_jpeg_3.jpg,45_jpeg,45_jpeg_jpg.rf.bdacc78320cba8a90ba72e9b63655ace.jpg,,5,0,advanced,advanced,0.437,0.06577,0.11151,0.38575,0.43697
crops/45_jpeg_4.jpg,45_jpeg,45_jpeg_jpg.rf.bdacc78320cba8a90ba72e9b63655ace.jpg,,0,0,no_caries,mild,0.5912,0.15754,0.59116,0.21274,0.03856
crops/45_jpeg_5.jpg,45_jpeg,45_jpeg_jpg.rf.bdacc78320cba8a90ba72e9b63655ace.jpg,,0,0,no_caries,no_caries,0.5601,0.56009,0.31599,0.09934,0.02459
crops/45_jpeg_6.jpg,45_jpeg,45_jpeg_jpg.rf.bdacc78320cba8a90ba72e9b63655ace.jpg,,0,0,no_caries,no_caries,0.5897,0.58974,0.28956,0.08844,0.03226
crops/45_jpeg_7.jpg,45_jpeg,45_jpeg_jpg.rf.bdacc78320cba8a90ba72e9b63655ace.jpg,,0,0,no_caries,mild,0.5717,0.2216,0.57168,0.14602,0.0607
crops/45_jpeg_8.jpg,45_jpeg,45_jpeg_jpg.rf.bdacc78320cba8a90ba72e9b63655ace.jpg,,0,0,no_caries,advanced,0.3722,0.02462,0.31188,0.29133,0.37217
crops/45_jpeg_9.jpg,45_jpeg,45_jpeg_jpg.rf.bdacc78320cba8a90ba72e9b63655ace.jpg,,0,0,no_caries,mild,0.6003,0.29256,0.60031,0.07958,0.02755
crops/45_jpeg_10.jpg,45_jpeg,45_jpeg_jpg.rf.bdacc78320cba8a90ba72e9b63655ace.jpg,,0,0,no_caries,no_caries,0.6767,0.67666,0.2807,0.03344,0.0092
crops/45_jpeg_11.jpg,45_jpeg,45_jpeg_jpg.rf.bdacc78320cba8a90ba72e9b63655ace.jpg,,0,0,no_caries,mild,0.5504,0.08169,0.5504,0.35792,0.00999
crops/45_jpeg_12.jpg,45_jpeg,45_jpeg_jpg.rf.bdacc78320cba8a90ba72e9b63655ace.jpg,,1,0,mild,moderate,0.5444,0.03231,0.41462,0.54437,0.00869
crops/45_jpeg_13.jpg,45_jpeg,45_jpeg_jpg.rf.bdacc78320cba8a90ba72e9b63655ace.jpg,,2,0,mild,mild,0.663,0.02834,0.66302,0.29403,0.01461
crops/45_jpeg_14.jpg,45_jpeg,45_jpeg_jpg.rf.bdacc78320cba8a90ba72e9b63655ace.jpg,,3,0,moderate,moderate,0.5785,0.03947,0.36722,0.5785,0.01481
crops/45_jpeg_15.jpg,45_jpeg,45_jpeg_jpg.rf.bdacc78320cba8a90ba72e9b63655ace.jpg,,4,0,moderate,moderate,0.693,0.01758,0.19467,0.69305,0.09471
crops/480_0.jpg,480,480_jpg.rf.823251054be2d66e91160c1d6a94bde9.jpg,,0,0,no_caries,no_caries,0.7402,0.74023,0.15521,0.08156,0.023
crops/480_1.jpg,480,480_jpg.rf.823251054be2d66e91160c1d6a94bde9.jpg,,0,0,no_caries,no_caries,0.6014,0.60144,0.20671,0.11878,0.07308
crops/480_2.jpg,480,480_jpg.rf.823251054be2d66e91160c1d6a94bde9.jpg,,0,0,no_caries,no_caries,0.5636,0.56357,0.27276,0.07424,0.08943
crops/480_3.jpg,480,480_jpg.rf.823251054be2d66e91160c1d6a94bde9.jpg,,0,0,no_caries,no_caries,0.5755,0.57555,0.27541,0.0876,0.06145
crops/480_4.jpg,480,480_jpg.rf.823251054be2d66e91160c1d6a94bde9.jpg,,0,0,no_caries,mild,0.3955,0.33134,0.3955,0.19897,0.07419
crops/480_5.jpg,480,480_jpg.rf.823251054be2d66e91160c1d6a94bde9.jpg,,0,0,no_caries,mild,0.5617,0.29852,0.56175,0.08149,0.05824
crops/480_6.jpg,480,480_jpg.rf.823251054be2d66e91160c1d6a94bde9.jpg,,0,0,no_caries,mild,0.4264,0.37532,0.42637,0.13836,0.05995
crops/480_7.jpg,480,480_jpg.rf.823251054be2d66e91160c1d6a94bde9.jpg,,0,0,no_caries,mild,0.46,0.26673,0.45996,0.17441,0.0989
crops/480_8.jpg,480,480_jpg.rf.823251054be2d66e91160c1d6a94bde9.jpg,,0,0,no_caries,no_caries,0.5297,0.52971,0.29394,0.11035,0.066
crops/480_9.jpg,480,480_jpg.rf.823251054be2d66e91160c1d6a94bde9.jpg,,0,0,no_caries,no_caries,0.4967,0.49669,0.3366,0.09541,0.07131
crops/480_10.jpg,480,480_jpg.rf.823251054be2d66e91160c1d6a94bde9.jpg,,0,0,no_caries,no_caries,0.5577,0.55772,0.35417,0.0462,0.04191
crops/480_11.jpg,480,480_jpg.rf.823251054be2d66e91160c1d6a94bde9.jpg,,0,0,no_caries,mild,0.4984,0.3714,0.49843,0.0681,0.06208
crops/480_12.jpg,480,480_jpg.rf.823251054be2d66e91160c1d6a94bde9.jpg,,0,0,no_caries,mild,0.5008,0.37446,0.50084,0.06487,0.05983
crops/480_13.jpg,480,480_jpg.rf.823251054be2d66e91160c1d6a94bde9.jpg,,0,0,no_caries,no_caries,0.7083,0.7083,0.1895,0.0556,0.04659
crops/480_14.jpg,480,480_jpg.rf.823251054be2d66e91160c1d6a94bde9.jpg,,0,0,no_caries,no_caries,0.5502,0.55018,0.28129,0.10588,0.06264
crops/480_15.jpg,480,480_jpg.rf.823251054be2d66e91160c1d6a94bde9.jpg,,0,0,no_caries,no_caries,0.4414,0.44144,0.35931,0.12908,0.07017
crops/480_16.jpg,480,480_jpg.rf.823251054be2d66e91160c1d6a94bde9.jpg,,0,0,no_caries,no_caries,0.6218,0.62175,0.21068,0.09026,0.07731
crops/480_17.jpg,480,480_jpg.rf.823251054be2d66e91160c1d6a94bde9.jpg,,0,0,no_caries,no_caries,0.4536,0.45358,0.3929,0.07854,0.07497
crops/480_18.jpg,480,480_jpg.rf.823251054be2d66e91160c1d6a94bde9.jpg,,0,0,no_caries,no_caries,0.57,0.57004,0.30973,0.07113,0.0491
crops/480_19.jpg,480,480_jpg.rf.823251054be2d66e91160c1d6a94bde9.jpg,,0,0,no_caries,no_caries,0.5369,0.53693,0.3174,0.08434,0.06133
crops/480_20.jpg,480,480_jpg.rf.823251054be2d66e91160c1d6a94bde9.jpg,,5,0,advanced,no_caries,0.5778,0.5778,0.24032,0.10179,0.08009
crops/50_jpeg_0.jpg,50_jpeg,50_jpeg_jpg.rf.94875a204aaf5299238e26edaa029721.jpg,,0,0,no_caries,no_caries,0.502,0.50204,0.30626,0.14399,0.04771
crops/50_jpeg_1.jpg,50_jpeg,50_jpeg_jpg.rf.94875a204aaf5299238e26edaa029721.jpg,,0,0,no_caries,mild,0.4554,0.31265,0.45541,0.19124,0.04069
crops/50_jpeg_2.jpg,50_jpeg,50_jpeg_jpg.rf.94875a204aaf5299238e26edaa029721.jpg,,0,0,no_caries,no_caries,0.3879,0.38788,0.2692,0.22039,0.12254
crops/50_jpeg_3.jpg,50_jpeg,50_jpeg_jpg.rf.94875a204aaf5299238e26edaa029721.jpg,,5,0,advanced,advanced,0.5123,0.00516,0.08664,0.39588,0.51231
crops/50_jpeg_4.jpg,50_jpeg,50_jpeg_jpg.rf.94875a204aaf5299238e26edaa029721.jpg,,4,0,moderate,advanced,0.4162,0.0465,0.144,0.3933,0.41621
crops/50_jpeg_5.jpg,50_jpeg,50_jpeg_jpg.rf.94875a204aaf5299238e26edaa029721.jpg,,4,0,moderate,moderate,0.499,0.17696,0.16991,0.49901,0.15412
crops/50_jpeg_6.jpg,50_jpeg,50_jpeg_jpg.rf.94875a204aaf5299238e26edaa029721.jpg,,1,0,mild,mild,0.3772,0.23223,0.3772,0.33702,0.05355
crops/50_jpeg_7.jpg,50_jpeg,50_jpeg_jpg.rf.94875a204aaf5299238e26edaa029721.jpg,,1,0,mild,no_caries,0.5415,0.54152,0.24969,0.1552,0.05359
crops/50_jpeg_8.jpg,50_jpeg,50_jpeg_jpg.rf.94875a204aaf5299238e26edaa029721.jpg,,1,0,mild,no_caries,0.5144,0.5144,0.24028,0.19573,0.04958
crops/50_jpeg_9.jpg,50_jpeg,50_jpeg_jpg.rf.94875a204aaf5299238e26edaa029721.jpg,,0,0,no_caries,no_caries,0.5922,0.59224,0.18318,0.15935,0.06523
crops/50_jpeg_10.jpg,50_jpeg,50_jpeg_jpg.rf.94875a204aaf5299238e26edaa029721.jpg,,1,0,mild,no_caries,0.6699,0.6699,0.16213,0.12218,0.04579
crops/50_jpeg_11.jpg,50_jpeg,50_jpeg_jpg.rf.94875a204aaf5299238e26edaa029721.jpg,,0,0,no_caries,no_caries,0.711,0.71102,0.12682,0.11333,0.04883
crops/50_jpeg_12.jpg,50_jpeg,50_jpeg_jpg.rf.94875a204aaf5299238e26edaa029721.jpg,,2,0,mild,no_caries,0.3716,0.37158,0.31886,0.14013,0.16944
crops/50_jpeg_13.jpg,50_jpeg,50_jpeg_jpg.rf.94875a204aaf5299238e26edaa029721.jpg,,0,0,no_caries,no_caries,0.5607,0.56074,0.19373,0.19309,0.05245
crops/50_jpeg_14.jpg,50_jpeg,50_jpeg_jpg.rf.94875a204aaf5299238e26edaa029721.jpg,,0,0,no_caries,no_caries,0.595,0.59501,0.16594,0.17531,0.06374
crops/50_jpeg_15.jpg,50_jpeg,50_jpeg_jpg.rf.94875a204aaf5299238e26edaa029721.jpg,,0,0,no_caries,no_caries,0.7607,0.76067,0.12381,0.08539,0.03013
crops/50_jpeg_16.jpg,50_jpeg,50_jpeg_jpg.rf.94875a204aaf5299238e26edaa029721.jpg,,0,0,no_caries,no_caries,0.6677,0.66768,0.21201,0.08589,0.03441
crops/55_jpeg_0.jpg,55_jpeg,55_jpeg_jpg.rf.df7add5b1f8b44d886b5dbc636439d00.jpg,,3,0,moderate,moderate,0.8473,0.0072,0.14058,0.84727,0.00495
crops/55_jpeg_1.jpg,55_jpeg,55_jpeg_jpg.rf.df7add5b1f8b44d886b5dbc636439d00.jpg,,0,0,no_caries,mild,0.3859,0.38318,0.3859,0.16825,0.06267
crops/55_jpeg_2.jpg,55_jpeg,55_jpeg_jpg.rf.df7add5b1f8b44d886b5dbc636439d00.jpg,,0,0,no_caries,no_caries,0.6444,0.64441,0.18976,0.11827,0.04756
crops/55_jpeg_3.jpg,55_jpeg,55_jpeg_jpg.rf.df7add5b1f8b44d886b5dbc636439d00.jpg,,0,0,no_caries,no_caries,0.523,0.52296,0.1965,0.21507,0.06547
crops/55_jpeg_4.jpg,55_jpeg,55_jpeg_jpg.rf.df7add5b1f8b44d886b5dbc636439d00.jpg,,0,0,no_caries,no_caries,0.6282,0.62817,0.15876,0.16981,0.04325
crops/55_jpeg_5.jpg,55_jpeg,55_jpeg_jpg.rf.df7add5b1f8b44d886b5dbc636439d00.jpg,,0,0,no_caries,no_caries,0.4884,0.48838,0.18272,0.26616,0.06275
crops/55_jpeg_6.jpg,55_jpeg,55_jpeg_jpg.rf.df7add5b1f8b44d886b5dbc636439d00.jpg,,0,0,no_caries,no_caries,0.4611,0.46105,0.23917,0.24223,0.05754
crops/55_jpeg_7.jpg,55_jpeg,55_jpeg_jpg.rf.df7add5b1f8b44d886b5dbc636439d00.jpg,,0,0,no_caries,no_caries,0.6107,0.61069,0.24933,0.10374,0.03624
crops/55_jpeg_8.jpg,55_jpeg,55_jpeg_jpg.rf.df7add5b1f8b44d886b5dbc636439d00.jpg,,0,0,no_caries,moderate,0.4983,0.06834,0.37528,0.49832,0.05806
crops/55_jpeg_9.jpg,55_jpeg,55_jpeg_jpg.rf.df7add5b1f8b44d886b5dbc636439d00.jpg,,3,0,moderate,moderate,0.8977,0.00257,0.09715,0.89773,0.00255
crops/56_jpeg_0.jpg,56_jpeg,56_jpeg_jpg.rf.78127d18ef6454b0e05182694c86304c.jpg,,0,0,no_caries,no_caries,0.656,0.656,0.24556,0.05952,0.03892
crops/56_jpeg_1.jpg,56_jpeg,56_jpeg_jpg.rf.78127d18ef6454b0e05182694c86304c.jpg,,0,0,no_caries,no_caries,0.506,0.506,0.27493,0.17592,0.04316
crops/56_jpeg_2.jpg,56_jpeg,56_jpeg_jpg.rf.78127d18ef6454b0e05182694c86304c.jpg,,0,0,no_caries,no_caries,0.6681,0.6681,0.20175,0.10267,0.02748
crops/56_jpeg_3.jpg,56_jpeg,56_jpeg_jpg.rf.78127d18ef6454b0e05182694c86304c.jpg,,0,0,no_caries,no_caries,0.315,0.315,0.29145,0.2516,0.14195
crops/56_jpeg_4.jpg,56_jpeg,56_jpeg_jpg.rf.78127d18ef6454b0e05182694c86304c.jpg,,0,0,no_caries,no_caries,0.6579,0.65788,0.15582,0.12169,0.06462
crops/56_jpeg_5.jpg,56_jpeg,56_jpeg_jpg.rf.78127d18ef6454b0e05182694c86304c.jpg,,0,0,no_caries,no_caries,0.6311,0.63106,0.24333,0.07444,0.05116
crops/56_jpeg_6.jpg,56_jpeg,56_jpeg_jpg.rf.78127d18ef6454b0e05182694c86304c.jpg,,3,0,moderate,advanced,0.8555,0.01775,0.03786,0.08887,0.85552
crops/56_jpeg_7.jpg,56_jpeg,56_jpeg_jpg.rf.78127d18ef6454b0e05182694c86304c.jpg,,3,0,moderate,moderate,0.9472,0.00802,0.01552,0.94718,0.02928
crops/56_jpeg_8.jpg,56_jpeg,56_jpeg_jpg.rf.78127d18ef6454b0e05182694c86304c.jpg,,3,0,moderate,advanced,0.5553,0.17799,0.07642,0.19027,0.55532
crops/56_jpeg_9.jpg,56_jpeg,56_jpeg_jpg.rf.78127d18ef6454b0e05182694c86304c.jpg,,3,0,moderate,no_caries,0.6908,0.69076,0.21508,0.05775,0.03642
crops/56_jpeg_10.jpg,56_jpeg,56_jpeg_jpg.rf.78127d18ef6454b0e05182694c86304c.jpg,,0,0,no_caries,no_caries,0.64,0.64004,0.27513,0.06575,0.01908
crops/56_jpeg_11.jpg,56_jpeg,56_jpeg_jpg.rf.78127d18ef6454b0e05182694c86304c.jpg,,0,0,no_caries,no_caries,0.6137,0.61373,0.24364,0.10962,0.033
crops/56_jpeg_12.jpg,56_jpeg,56_jpeg_jpg.rf.78127d18ef6454b0e05182694c86304c.jpg,,3,0,moderate,moderate,0.8689,0.00832,0.11006,0.86885,0.01277
crops/56_jpeg_13.jpg,56_jpeg,56_jpeg_jpg.rf.78127d18ef6454b0e05182694c86304c.jpg,,4,0,moderate,mild,0.3794,0.16178,0.37937,0.24655,0.2123
crops/56_0.jpg,56,56_jpg.rf.f8ad5d0ada60de22ff389d8743f6e233.jpg,,0,0,no_caries,mild,0.3489,0.25506,0.34892,0.33229,0.06373
crops/56_1.jpg,56,56_jpg.rf.f8ad5d0ada60de22ff389d8743f6e233.jpg,,0,0,no_caries,mild,0.5725,0.11181,0.57252,0.28196,0.03371
crops/56_2.jpg,56,56_jpg.rf.f8ad5d0ada60de22ff389d8743f6e233.jpg,,5,0,advanced,advanced,0.9868,0.00168,0.00444,0.0071,0.98678
crops/56_3.jpg,56,56_jpg.rf.f8ad5d0ada60de22ff389d8743f6e233.jpg,,5,0,advanced,advanced,0.8225,0.01261,0.07948,0.08542,0.82249
crops/56_4.jpg,56,56_jpg.rf.f8ad5d0ada60de22ff389d8743f6e233.jpg,,0,0,no_caries,mild,0.4773,0.36356,0.47731,0.11973,0.0394
crops/56_5.jpg,56,56_jpg.rf.f8ad5d0ada60de22ff389d8743f6e233.jpg,,0,0,no_caries,mild,0.5792,0.23191,0.57918,0.1303,0.0586
crops/5_jpeg_0.jpg,5_jpeg,5_jpeg_jpg.rf.34a447c27d87576a0f11a538575c2ae7.jpg,,3,0,moderate,moderate,0.8345,0.00637,0.15605,0.83448,0.0031
crops/5_jpeg_1.jpg,5_jpeg,5_jpeg_jpg.rf.34a447c27d87576a0f11a538575c2ae7.jpg,,0,0,no_caries,mild,0.5736,0.16005,0.57365,0.22107,0.04523
crops/5_jpeg_2.jpg,5_jpeg,5_jpeg_jpg.rf.34a447c27d87576a0f11a538575c2ae7.jpg,,0,0,no_caries,no_caries,0.5185,0.51852,0.31553,0.1122,0.05375
crops/5_jpeg_3.jpg,5_jpeg,5_jpeg_jpg.rf.34a447c27d87576a0f11a538575c2ae7.jpg,,0,0,no_caries,mild,0.5676,0.34917,0.56763,0.05522,0.02798
crops/5_jpeg_4.jpg,5_jpeg,5_jpeg_jpg.rf.34a447c27d87576a0f11a538575c2ae7.jpg,,0,0,no_caries,mild,0.4456,0.38998,0.44565,0.1365,0.02787
crops/5_jpeg_5.jpg,5_jpeg,5_jpeg_jpg.rf.34a447c27d87576a0f11a538575c2ae7.jpg,,0,0,no_caries,no_caries,0.4897,0.48973,0.39036,0.09194,0.02797
crops/5_jpeg_6.jpg,5_jpeg,5_jpeg_jpg.rf.34a447c27d87576a0f11a538575c2ae7.jpg,,0,0,no_caries,no_caries,0.529,0.52904,0.35624,0.0779,0.03683
crops/5_jpeg_7.jpg,5_jpeg,5_jpeg_jpg.rf.34a447c27d87576a0f11a538575c2ae7.jpg,,0,0,no_caries,no_caries,0.5398,0.53979,0.33538,0.09417,0.03066
crops/5_jpeg_8.jpg,5_jpeg,5_jpeg_jpg.rf.34a447c27d87576a0f11a538575c2ae7.jpg,,0,0,no_caries,mild,0.7063,0.24686,0.70631,0.02965,0.01719
crops/5_jpeg_9.jpg,5_jpeg,5_jpeg_jpg.rf.34a447c27d87576a0f11a538575c2ae7.jpg,,0,0,no_caries,mild,0.4419,0.32745,0.44192,0.20473,0.0259
crops/5_jpeg_10.jpg,5_jpeg,5_jpeg_jpg.rf.34a447c27d87576a0f11a538575c2ae7.jpg,,3,0,moderate,moderate,0.9299,0.00129,0.02955,0.92989,0.03927
crops/5_jpeg_11.jpg,5_jpeg,5_jpeg_jpg.rf.34a447c27d87576a0f11a538575c2ae7.jpg,,3,0,moderate,moderate,0.7667,0.00385,0.22747,0.7667,0.00199
crops/648_0.jpg,648,648_jpg.rf.36a275594a62d1a908b81338937f95ce.jpg,,0,0,no_caries,no_caries,0.5525,0.5525,0.20668,0.13782,0.10301
crops/648_1.jpg,648,648_jpg.rf.36a275594a62d1a908b81338937f95ce.jpg,,0,0,no_caries,no_caries,0.6331,0.63309,0.21956,0.11424,0.03311
crops/648_2.jpg,648,648_jpg.rf.36a275594a62d1a908b81338937f95ce.jpg,,2,0,mild,no_caries,0.627,0.62696,0.16342,0.17169,0.03792
crops/648_3.jpg,648,648_jpg.rf.36a275594a62d1a908b81338937f95ce.jpg,,6,0,advanced,advanced,0.9528,0.00295,0.01055,0.03371,0.95279
crops/648_4.jpg,648,648_jpg.rf.36a275594a62d1a908b81338937f95ce.jpg,,2,0,mild,no_caries,0.5983,0.59829,0.18426,0.16711,0.05034
crops/648_5.jpg,648,648_jpg.rf.36a275594a62d1a908b81338937f95ce.jpg,,0,0,no_caries,no_caries,0.7199,0.71994,0.14107,0.11179,0.0272
crops/648_6.jpg,648,648_jpg.rf.36a275594a62d1a908b81338937f95ce.jpg,,0,0,no_caries,no_caries,0.4606,0.46062,0.37538,0.09783,0.06618
crops/648_7.jpg,648,648_jpg.rf.36a275594a62d1a908b81338937f95ce.jpg,,0,0,no_caries,no_caries,0.6724,0.67239,0.16699,0.13753,0.02308
crops/648_8.jpg,648,648_jpg.rf.36a275594a62d1a908b81338937f95ce.jpg,,0,0,no_caries,no_caries,0.5867,0.58671,0.20877,0.18438,0.02015
crops/648_9.jpg,648,648_jpg.rf.36a275594a62d1a908b81338937f95ce.jpg,,0,0,no_caries,no_caries,0.627,0.62695,0.30843,0.0402,0.02442
crops/648_10.jpg,648,648_jpg.rf.36a275594a62d1a908b81338937f95ce.jpg,,0,0,no_caries,no_caries,0.7743,0.77427,0.0536,0.13715,0.03498
crops/648_11.jpg,648,648_jpg.rf.36a275594a62d1a908b81338937f95ce.jpg,,4,0,moderate,no_caries,0.637,0.63703,0.25743,0.07723,0.02831
crops/648_12.jpg,648,648_jpg.rf.36a275594a62d1a908b81338937f95ce.jpg,,0,0,no_caries,no_caries,0.6831,0.68314,0.15137,0.13819,0.02729
crops/648_13.jpg,648,648_jpg.rf.36a275594a62d1a908b81338937f95ce.jpg,,0,0,no_caries,no_caries,0.7321,0.73209,0.17057,0.08208,0.01526
crops/648_14.jpg,648,648_jpg.rf.36a275594a62d1a908b81338937f95ce.jpg,,0,0,no_caries,mild,0.4598,0.45073,0.45975,0.07423,0.01529
crops/64_jpeg_0.jpg,64_jpeg,64_jpeg_jpg.rf.34364578814529446f5457bd72849ebc.jpg,,0,0,no_caries,mild,0.7621,0.02167,0.7621,0.20648,0.00976
crops/64_jpeg_1.jpg,64_jpeg,64_jpeg_jpg.rf.34364578814529446f5457bd72849ebc.jpg,,0,0,no_caries,mild,0.5421,0.17917,0.54212,0.24739,0.03132
crops/64_jpeg_2.jpg,64_jpeg,64_jpeg_jpg.rf.34364578814529446f5457bd72849ebc.jpg,,0,0,no_caries,mild,0.4042,0.32134,0.40415,0.21621,0.0583
crops/64_jpeg_3.jpg,64_jpeg,64_jpeg_jpg.rf.34364578814529446f5457bd72849ebc.jpg,,0,0,no_caries,no_caries,0.4312,0.43116,0.37083,0.15854,0.03947
crops/64_jpeg_4.jpg,64_jpeg,64_jpeg_jpg.rf.34364578814529446f5457bd72849ebc.jpg,,0,0,no_caries,no_caries,0.4979,0.49787,0.38788,0.09037,0.02387
crops/64_jpeg_5.jpg,64_jpeg,64_jpeg_jpg.rf.34364578814529446f5457bd72849ebc.jpg,,0,0,no_caries,mild,0.5597,0.37586,0.55971,0.05079,0.01365
crops/64_jpeg_6.jpg,64_jpeg,64_jpeg_jpg.rf.34364578814529446f5457bd72849ebc.jpg,,2,0,mild,mild,0.5203,0.35735,0.52032,0.06131,0.06102
crops/64_jpeg_7.jpg,64_jpeg,64_jpeg_jpg.rf.34364578814529446f5457bd72849ebc.jpg,,2,0,mild,mild,0.4614,0.37814,0.46141,0.11014,0.05031
crops/64_jpeg_8.jpg,64_jpeg,64_jpeg_jpg.rf.34364578814529446f5457bd72849ebc.jpg,,2,0,mild,mild,0.7672,0.15286,0.76718,0.03601,0.04395
crops/64_jpeg_9.jpg,64_jpeg,64_jpeg_jpg.rf.34364578814529446f5457bd72849ebc.jpg,,0,0,no_caries,mild,0.5543,0.34895,0.55426,0.06979,0.027
crops/64_jpeg_10.jpg,64_jpeg,64_jpeg_jpg.rf.34364578814529446f5457bd72849ebc.jpg,,0,0,no_caries,no_caries,0.4963,0.49634,0.35412,0.11182,0.03772
crops/64_jpeg_11.jpg,64_jpeg,64_jpeg_jpg.rf.34364578814529446f5457bd72849ebc.jpg,,0,0,no_caries,mild,0.598,0.17223,0.59798,0.16251,0.06728
crops/64_jpeg_12.jpg,64_jpeg,64_jpeg_jpg.rf.34364578814529446f5457bd72849ebc.jpg,,0,0,no_caries,mild,0.6713,0.15125,0.6713,0.16747,0.00998
crops/64_jpeg_13.jpg,64_jpeg,64_jpeg_jpg.rf.34364578814529446f5457bd72849ebc.jpg,,0,0,no_caries,mild,0.8782,0.01511,0.87821,0.10415,0.00253
crops/664_0.jpg,664,664_jpg.rf.0fd9cdeea2b370e303b8b6b51a7e62de.jpg,,5,0,advanced,advanced,0.5081,0.01626,0.26827,0.20733,0.50814
crops/664_1.jpg,664,664_jpg.rf.0fd9cdeea2b370e303b8b6b51a7e62de.jpg,,3,0,moderate,mild,0.5291,0.00539,0.52914,0.44973,0.01574
crops/664_2.jpg,664,664_jpg.rf.0fd9cdeea2b370e303b8b6b51a7e62de.jpg,,0,0,no_caries,no_caries,0.545,0.54497,0.25073,0.12519,0.07911
crops/664_3.jpg,664,664_jpg.rf.0fd9cdeea2b370e303b8b6b51a7e62de.jpg,,0,0,no_caries,mild,0.3536,0.34062,0.35361,0.24263,0.06315
crops/677_0.jpg,677,677_jpg.rf.eb6f952e365ad08ec1b8d6710ab9a049.jpg,,0,0,no_caries,no_caries,0.4474,0.44737,0.40696,0.05747,0.0882
crops/677_1.jpg,677,677_jpg.rf.eb6f952e365ad08ec1b8d6710ab9a049.jpg,,0,0,no_caries,no_caries,0.4893,0.48927,0.28555,0.16792,0.05726
crops/677_2.jpg,677,677_jpg.rf.eb6f952e365ad08ec1b8d6710ab9a049.jpg,,0,0,no_caries,no_caries,0.8131,0.81313,0.07523,0.07449,0.03715
crops/677_3.jpg,677,677_jpg.rf.eb6f952e365ad08ec1b8d6710ab9a049.jpg,,3,0,moderate,moderate,0.5476,0.08062,0.3438,0.54763,0.02795
crops/677_4.jpg,677,677_jpg.rf.eb6f952e365ad08ec1b8d6710ab9a049.jpg,,0,0,no_caries,no_caries,0.7964,0.79635,0.08643,0.07406,0.04315
crops/677_5.jpg,677,677_jpg.rf.eb6f952e365ad08ec1b8d6710ab9a049.jpg,,0,0,no_caries,no_caries,0.6577,0.65774,0.15939,0.08072,0.10215
crops/677_6.jpg,677,677_jpg.rf.eb6f952e365ad08ec1b8d6710ab9a049.jpg,,0,0,no_caries,no_caries,0.7223,0.72228,0.13081,0.0827,0.06421
crops/677_7.jpg,677,677_jpg.rf.eb6f952e365ad08ec1b8d6710ab9a049.jpg,,0,0,no_caries,no_caries,0.7293,0.72929,0.12877,0.06079,0.08115
crops/677_8.jpg,677,677_jpg.rf.eb6f952e365ad08ec1b8d6710ab9a049.jpg,,0,0,no_caries,no_caries,0.7462,0.74618,0.14344,0.02959,0.08078
crops/677_9.jpg,677,677_jpg.rf.eb6f952e365ad08ec1b8d6710ab9a049.jpg,,0,0,no_caries,no_caries,0.7645,0.76449,0.15182,0.03698,0.04671
crops/677_10.jpg,677,677_jpg.rf.eb6f952e365ad08ec1b8d6710ab9a049.jpg,,0,0,no_caries,no_caries,0.5626,0.56259,0.19836,0.10884,0.13021
crops/677_11.jpg,677,677_jpg.rf.eb6f952e365ad08ec1b8d6710ab9a049.jpg,,0,0,no_caries,no_caries,0.8577,0.85774,0.07709,0.03011,0.03507
crops/677_12.jpg,677,677_jpg.rf.eb6f952e365ad08ec1b8d6710ab9a049.jpg,,0,0,no_caries,no_caries,0.6812,0.68123,0.22712,0.03233,0.05933
crops/677_13.jpg,677,677_jpg.rf.eb6f952e365ad08ec1b8d6710ab9a049.jpg,,0,0,no_caries,no_caries,0.7134,0.71343,0.19956,0.04401,0.04299
crops/694_0.jpg,694,694_jpg.rf.8b6abb2c61082014f5f101407dc0aa24.jpg,,5,0,advanced,advanced,0.9459,0.00139,0.02719,0.02556,0.94585
crops/694_1.jpg,694,694_jpg.rf.8b6abb2c61082014f5f101407dc0aa24.jpg,,5,0,advanced,advanced,0.9885,0.00061,0.00544,0.00549,0.98846
crops/694_2.jpg,694,694_jpg.rf.8b6abb2c61082014f5f101407dc0aa24.jpg,,5,0,advanced,advanced,0.5235,0.05299,0.32262,0.10086,0.52352
crops/694_3.jpg,694,694_jpg.rf.8b6abb2c61082014f5f101407dc0aa24.jpg,,0,0,no_caries,no_caries,0.6326,0.63264,0.24644,0.09407,0.02686
crops/710_0.jpg,710,710_jpg.rf.96a93988bb7b5016f47cfce2a64cbb13.jpg,,0,0,no_caries,no_caries,0.7721,0.77213,0.09306,0.08117,0.05364
crops/710_1.jpg,710,710_jpg.rf.96a93988bb7b5016f47cfce2a64cbb13.jpg,,5,0,advanced,moderate,0.6684,0.02224,0.06388,0.66841,0.24548
crops/710_2.jpg,710,710_jpg.rf.96a93988bb7b5016f47cfce2a64cbb13.jpg,,1,0,mild,mild,0.477,0.22234,0.47695,0.23328,0.06742
crops/710_3.jpg,710,710_jpg.rf.96a93988bb7b5016f47cfce2a64cbb13.jpg,,6,0,advanced,advanced,0.9697,0.00589,0.01149,0.0129,0.96973
crops/710_4.jpg,710,710_jpg.rf.96a93988bb7b5016f47cfce2a64cbb13.jpg,,2,0,mild,mild,0.3711,0.1589,0.3711,0.13232,0.33768
crops/710_5.jpg,710,710_jpg.rf.96a93988bb7b5016f47cfce2a64cbb13.jpg,,1,0,mild,no_caries,0.489,0.48896,0.3318,0.09798,0.08126
crops/710_6.jpg,710,710_jpg.rf.96a93988bb7b5016f47cfce2a64cbb13.jpg,,0,0,no_caries,mild,0.4646,0.46021,0.46457,0.04415,0.03108
crops/710_7.jpg,710,710_jpg.rf.96a93988bb7b5016f47cfce2a64cbb13.jpg,,0,0,no_caries,mild,0.5594,0.28913,0.55945,0.10291,0.04851
crops/710_8.jpg,710,710_jpg.rf.96a93988bb7b5016f47cfce2a64cbb13.jpg,,0,0,no_caries,moderate,0.5535,0.28847,0.13141,0.55352,0.02659
crops/710_9.jpg,710,710_jpg.rf.96a93988bb7b5016f47cfce2a64cbb13.jpg,,0,0,no_caries,no_caries,0.6963,0.69631,0.11065,0.15956,0.03348
crops/710_10.jpg,710,710_jpg.rf.96a93988bb7b5016f47cfce2a64cbb13.jpg,,6,0,advanced,advanced,0.9836,0.00299,0.00999,0.00344,0.98358
crops/710_11.jpg,710,710_jpg.rf.96a93988bb7b5016f47cfce2a64cbb13.jpg,,5,0,advanced,advanced,0.9575,0.00877,0.02241,0.01135,0.95747
crops/714_0.jpg,714,714_jpg.rf.50b33f85f286317ead0fff46c6351f8e.jpg,,2,0,mild,mild,0.6139,0.25978,0.61392,0.10448,0.02182
crops/714_1.jpg,714,714_jpg.rf.50b33f85f286317ead0fff46c6351f8e.jpg,,0,0,no_caries,no_caries,0.6019,0.6019,0.28371,0.08289,0.0315
crops/714_2.jpg,714,714_jpg.rf.50b33f85f286317ead0fff46c6351f8e.jpg,,5,0,advanced,mild,0.7329,0.05503,0.73293,0.12925,0.08279
crops/714_3.jpg,714,714_jpg.rf.50b33f85f286317ead0fff46c6351f8e.jpg,,5,0,advanced,mild,0.6474,0.09196,0.64743,0.16303,0.09759
crops/714_4.jpg,714,714_jpg.rf.50b33f85f286317ead0fff46c6351f8e.jpg,,5,0,advanced,advanced,0.8678,0.00397,0.04139,0.08688,0.86776
crops/714_5.jpg,714,714_jpg.rf.50b33f85f286317ead0fff46c6351f8e.jpg,,5,0,advanced,advanced,0.6022,0.00763,0.27812,0.11205,0.6022
crops/714_6.jpg,714,714_jpg.rf.50b33f85f286317ead0fff46c6351f8e.jpg,,5,0,advanced,advanced,0.5168,0.01856,0.24094,0.22374,0.51675
crops/714_7.jpg,714,714_jpg.rf.50b33f85f286317ead0fff46c6351f8e.jpg,,3,0,moderate,advanced,0.4916,0.01559,0.32763,0.16514,0.49164
crops/714_8.jpg,714,714_jpg.rf.50b33f85f286317ead0fff46c6351f8e.jpg,,3,0,moderate,no_caries,0.7614,0.76141,0.16512,0.05597,0.0175
crops/714_9.jpg,714,714_jpg.rf.50b33f85f286317ead0fff46c6351f8e.jpg,,3,0,moderate,mild,0.5365,0.28439,0.53655,0.14995,0.02911
crops/722_0.jpg,722,722_jpg.rf.1aa162defbaa7fb7c5ece6bafcbfcf24.jpg,,3,0,moderate,mild,0.4607,0.2123,0.46074,0.23751,0.08945
crops/722_1.jpg,722,722_jpg.rf.1aa162defbaa7fb7c5ece6bafcbfcf24.jpg,,5,0,advanced,advanced,0.7037,0.00663,0.06162,0.22803,0.70372
crops/722_2.jpg,722,722_jpg.rf.1aa162defbaa7fb7c5ece6bafcbfcf24.jpg,,2,0,mild,mild,0.4564,0.08861,0.45642,0.2556,0.19938
crops/722_3.jpg,722,722_jpg.rf.1aa162defbaa7fb7c5ece6bafcbfcf24.jpg,,6,0,advanced,advanced,0.9815,0.00144,0.01034,0.00674,0.98148
crops/722_4.jpg,722,722_jpg.rf.1aa162defbaa7fb7c5ece6bafcbfcf24.jpg,,2,0,mild,advanced,0.5789,0.02286,0.31258,0.08568,0.57887
crops/722_5.jpg,722,722_jpg.rf.1aa162defbaa7fb7c5ece6bafcbfcf24.jpg,,1,0,mild,mild,0.4922,0.29356,0.49219,0.15077,0.06348
crops/722_6.jpg,722,722_jpg.rf.1aa162defbaa7fb7c5ece6bafcbfcf24.jpg,,1,0,mild,mild,0.3681,0.34072,0.36815,0.24522,0.04592
crops/722_7.jpg,722,722_jpg.rf.1aa162defbaa7fb7c5ece6bafcbfcf24.jpg,,3,0,moderate,moderate,0.4885,0.02319,0.38808,0.48854,0.10019
crops/722_8.jpg,722,722_jpg.rf.1aa162defbaa7fb7c5ece6bafcbfcf24.jpg,,2,0,mild,moderate,0.4749,0.10645,0.37323,0.47488,0.04544
crops/722_9.jpg,722,722_jpg.rf.1aa162defbaa7fb7c5ece6bafcbfcf24.jpg,,2,0,mild,moderate,0.5043,0.00303,0.08614,0.50425,0.40658
crops/722_10.jpg,722,722_jpg.rf.1aa162defbaa7fb7c5ece6bafcbfcf24.jpg,,3,0,moderate,advanced,0.9899,0.00081,0.00547,0.00384,0.98987
crops/722_11.jpg,722,722_jpg.rf.1aa162defbaa7fb7c5ece6bafcbfcf24.jpg,,3,0,moderate,advanced,0.9492,0.00219,0.02843,0.02014,0.94923
crops/722_12.jpg,722,722_jpg.rf.1aa162defbaa7fb7c5ece6bafcbfcf24.jpg,,2,0,mild,advanced,0.799,0.00389,0.11838,0.07869,0.79904
crops/722_13.jpg,722,722_jpg.rf.1aa162defbaa7fb7c5ece6bafcbfcf24.jpg,,2,0,mild,moderate,0.7502,0.0048,0.19489,0.75017,0.05014
crops/722_14.jpg,722,722_jpg.rf.1aa162defbaa7fb7c5ece6bafcbfcf24.jpg,,1,0,mild,mild,0.4056,0.18969,0.40561,0.376,0.0287
crops/722_15.jpg,722,722_jpg.rf.1aa162defbaa7fb7c5ece6bafcbfcf24.jpg,,1,0,mild,mild,0.3763,0.26271,0.37627,0.292,0.06903
crops/724_0.jpg,724,724_jpg.rf.e2761266e45bbab4a0a78751a3a37562.jpg,,5,0,advanced,advanced,0.9768,0.00114,0.00736,0.01467,0.97683
crops/724_1.jpg,724,724_jpg.rf.e2761266e45bbab4a0a78751a3a37562.jpg,,3,0,moderate,mild,0.3696,0.32848,0.36963,0.27176,0.03013
crops/724_2.jpg,724,724_jpg.rf.e2761266e45bbab4a0a78751a3a37562.jpg,,1,0,mild,no_caries,0.6644,0.66436,0.23929,0.07941,0.01694
crops/724_3.jpg,724,724_jpg.rf.e2761266e45bbab4a0a78751a3a37562.jpg,,0,0,no_caries,no_caries,0.8071,0.80709,0.13026,0.0517,0.01096
crops/724_4.jpg,724,724_jpg.rf.e2761266e45bbab4a0a78751a3a37562.jpg,,0,0,no_caries,no_caries,0.7791,0.77906,0.13252,0.06923,0.0192
crops/724_5.jpg,724,724_jpg.rf.e2761266e45bbab4a0a78751a3a37562.jpg,,0,0,no_caries,no_caries,0.5578,0.5578,0.27126,0.13366,0.03728
crops/731_0.jpg,731,731_jpg.rf.42f6eab16aecf7bbce289d6e1bdb205f.jpg,,5,0,advanced,advanced,0.9788,0.00511,0.00507,0.01107,0.97876
crops/731_1.jpg,731,731_jpg.rf.42f6eab16aecf7bbce289d6e1bdb205f.jpg,,5,0,advanced,advanced,0.9497,0.00304,0.00562,0.04166,0.94967
crops/731_2.jpg,731,731_jpg.rf.42f6eab16aecf7bbce289d6e1bdb205f.jpg,,0,0,no_caries,no_caries,0.588,0.588,0.24532,0.124,0.04268
crops/731_3.jpg,731,731_jpg.rf.42f6eab16aecf7bbce289d6e1bdb205f.jpg,,0,0,no_caries,no_caries,0.7767,0.77674,0.13409,0.07045,0.01873
crops/731_4.jpg,731,731_jpg.rf.42f6eab16aecf7bbce289d6e1bdb205f.jpg,,0,0,no_caries,no_caries,0.7323,0.73232,0.1657,0.07826,0.02372
crops/731_5.jpg,731,731_jpg.rf.42f6eab16aecf7bbce289d6e1bdb205f.jpg,,0,0,no_caries,no_caries,0.5902,0.5902,0.30808,0.07204,0.02968
crops/73_jpeg_0.jpg,73_jpeg,73_jpeg_jpg.rf.0b0c2aa546f30adf87ebe5ab53651b81.jpg,,5,0,advanced,mild,0.4929,0.03286,0.49288,0.25228,0.22198
crops/73_jpeg_1.jpg,73_jpeg,73_jpeg_jpg.rf.0b0c2aa546f30adf87ebe5ab53651b81.jpg,,5,0,advanced,advanced,0.9828,0.00477,0.00809,0.00432,0.98282
crops/73_jpeg_2.jpg,73_jpeg,73_jpeg_jpg.rf.0b0c2aa546f30adf87ebe5ab53651b81.jpg,,5,0,advanced,advanced,0.5319,0.02079,0.08743,0.35988,0.5319
crops/73_jpeg_3.jpg,73_jpeg,73_jpeg_jpg.rf.0b0c2aa546f30adf87ebe5ab53651b81.jpg,,0,0,no_caries,mild,0.3901,0.38099,0.39007,0.12827,0.10066
crops/73_jpeg_4.jpg,73_jpeg,73_jpeg_jpg.rf.0b0c2aa546f30adf87ebe5ab53651b81.jpg,,0,0,no_caries,no_caries,0.443,0.44299,0.31115,0.17821,0.06766
crops/73_jpeg_5.jpg,73_jpeg,73_jpeg_jpg.rf.0b0c2aa546f30adf87ebe5ab53651b81.jpg,,0,0,no_caries,no_caries,0.7139,0.71391,0.20443,0.06018,0.02148
crops/73_jpeg_6.jpg,73_jpeg,73_jpeg_jpg.rf.0b0c2aa546f30adf87ebe5ab53651b81.jpg,,0,0,no_caries,no_caries,0.4768,0.47676,0.39745,0.07012,0.05567
crops/73_jpeg_7.jpg,73_jpeg,73_jpeg_jpg.rf.0b0c2aa546f30adf87ebe5ab53651b81.jpg,,0,0,no_caries,no_caries,0.5307,0.53069,0.27331,0.16605,0.02995
crops/73_jpeg_8.jpg,73_jpeg,73_jpeg_jpg.rf.0b0c2aa546f30adf87ebe5ab53651b81.jpg,,0,0,no_caries,no_caries,0.6897,0.68973,0.16398,0.10658,0.03971
crops/73_jpeg_9.jpg,73_jpeg,73_jpeg_jpg.rf.0b0c2aa546f30adf87ebe5ab53651b81.jpg,,0,0,no_caries,no_caries,0.4446,0.44464,0.37352,0.11947,0.06237
crops/73_jpeg_10.jpg,73_jpeg,73_jpeg_jpg.rf.0b0c2aa546f30adf87ebe5ab53651b81.jpg,,0,0,no_caries,mild,0.4773,0.36387,0.47732,0.12539,0.03342
crops/73_jpeg_11.jpg,73_jpeg,73_jpeg_jpg.rf.0b0c2aa546f30adf87ebe5ab53651b81.jpg,,3,0,moderate,no_caries,0.3809,0.38087,0.34331,0.2276,0.04822
crops/73_jpeg_12.jpg,73_jpeg,73_jpeg_jpg.rf.0b0c2aa546f30adf87ebe5ab53651b81.jpg,,3,0,moderate,moderate,0.824,0.00571,0.13333,0.82403,0.03693
crops/73_jpeg_13.jpg,73_jpeg,73_jpeg_jpg.rf.0b0c2aa546f30adf87ebe5ab53651b81.jpg,,6,0,advanced,advanced,0.9902,0.00083,0.00567,0.00333,0.99018
crops/73_jpeg_14.jpg,73_jpeg,73_jpeg_jpg.rf.0b0c2aa546f30adf87ebe5ab53651b81.jpg,,5,0,advanced,advanced,0.9709,0.00091,0.00842,0.01982,0.97085
crops/7f23bc3a-112_0.jpg,7f23bc3a-112,7f23bc3a-112_jpg.rf.c6cad2688d16e69dc37b1d2c1d6814f6.jpg,,0,0,no_caries,no_caries,0.5751,0.57509,0.20038,0.18605,0.03847
crops/7f23bc3a-112_1.jpg,7f23bc3a-112,7f23bc3a-112_jpg.rf.c6cad2688d16e69dc37b1d2c1d6814f6.jpg,,0,0,no_caries,no_caries,0.6109,0.61091,0.20994,0.09599,0.08316
crops/7f23bc3a-112_2.jpg,7f23bc3a-112,7f23bc3a-112_jpg.rf.c6cad2688d16e69dc37b1d2c1d6814f6.jpg,,0,0,no_caries,no_caries,0.5255,0.52553,0.28084,0.09932,0.0943
crops/7f23bc3a-112_3.jpg,7f23bc3a-112,7f23bc3a-112_jpg.rf.c6cad2688d16e69dc37b1d2c1d6814f6.jpg,,0,0,no_caries,mild,0.5483,0.13342,0.54829,0.19564,0.12266
crops/7f23bc3a-112_4.jpg,7f23bc3a-112,7f23bc3a-112_jpg.rf.c6cad2688d16e69dc37b1d2c1d6814f6.jpg,,2,0,mild,mild,0.6965,0.02491,0.69655,0.18759,0.09095
crops/7f23bc3a-112_5.jpg,7f23bc3a-112,7f23bc3a-112_jpg.rf.c6cad2688d16e69dc37b1d2c1d6814f6.jpg,,2,0,mild,mild,0.7269,0.10901,0.72695,0.11837,0.04567
crops/7f23bc3a-112_6.jpg,7f23bc3a-112,7f23bc3a-112_jpg.rf.c6cad2688d16e69dc37b1d2c1d6814f6.jpg,,2,0,mild,no_caries,0.42,0.41999,0.34118,0.16223,0.0766
crops/7f23bc3a-112_7.jpg,7f23bc3a-112,7f23bc3a-112_jpg.rf.c6cad2688d16e69dc37b1d2c1d6814f6.jpg,,5,0,advanced,advanced,0.7544,0.01172,0.10873,0.12517,0.75438
crops/7f23bc3a-112_8.jpg,7f23bc3a-112,7f23bc3a-112_jpg.rf.c6cad2688d16e69dc37b1d2c1d6814f6.jpg,,0,0,no_caries,mild,0.6616,0.15991,0.66157,0.09896,0.07956
crops/7f23bc3a-112_9.jpg,7f23bc3a-112,7f23bc3a-112_jpg.rf.c6cad2688d16e69dc37b1d2c1d6814f6.jpg,,0,0,no_caries,no_caries,0.6641,0.66406,0.21129,0.07775,0.0469
crops/7f23bc3a-112_10.jpg,7f23bc3a-112,7f23bc3a-112_jpg.rf.c6cad2688d16e69dc37b1d2c1d6814f6.jpg,,0,0,no_caries,no_caries,0.5122,0.51216,0.36124,0.07923,0.04737
crops/7f23bc3a-112_11.jpg,7f23bc3a-112,7f23bc3a-112_jpg.rf.c6cad2688d16e69dc37b1d2c1d6814f6.jpg,,0,0,no_caries,no_caries,0.5901,0.59009,0.27326,0.11707,0.01958
crops/7f23bc3a-112_12.jpg,7f23bc3a-112,7f23bc3a-112_jpg.rf.c6cad2688d16e69dc37b1d2c1d6814f6.jpg,,0,0,no_caries,no_caries,0.6176,0.61764,0.19324,0.13294,0.05619
crops/7f23bc3a-112_13.jpg,7f23bc3a-112,7f23bc3a-112_jpg.rf.c6cad2688d16e69dc37b1d2c1d6814f6.jpg,,0,0,no_caries,no_caries,0.4968,0.4968,0.36639,0.10899,0.02782
crops/7f23bc3a-112_14.jpg,7f23bc3a-112,7f23bc3a-112_jpg.rf.c6cad2688d16e69dc37b1d2c1d6814f6.jpg,,0,0,no_caries,mild,0.5465,0.3034,0.54654,0.11623,0.03382
crops/7f23bc3a-112_15.jpg,7f23bc3a-112,7f23bc3a-112_jpg.rf.c6cad2688d16e69dc37b1d2c1d6814f6.jpg,,0,0,no_caries,mild,0.4343,0.39478,0.43429,0.11193,0.059
crops/7f23bc3a-112_16.jpg,7f23bc3a-112,7f23bc3a-112_jpg.rf.c6cad2688d16e69dc37b1d2c1d6814f6.jpg,,0,0,no_caries,no_caries,0.549,0.54898,0.32329,0.09955,0.02818
crops/7f23bc3a-112_17.jpg,7f23bc3a-112,7f23bc3a-112_jpg.rf.c6cad2688d16e69dc37b1d2c1d6814f6.jpg,,0,0,no_caries,no_caries,0.6316,0.63163,0.22623,0.08907,0.05307
crops/7f23bc3a-112_18.jpg,7f23bc3a-112,7f23bc3a-112_jpg.rf.c6cad2688d16e69dc37b1d2c1d6814f6.jpg,,0,0,no_caries,no_caries,0.6358,0.63575,0.24358,0.08865,0.03201
crops/7f23bc3a-112_19.jpg,7f23bc3a-112,7f23bc3a-112_jpg.rf.c6cad2688d16e69dc37b1d2c1d6814f6.jpg,,0,0,no_caries,no_caries,0.6153,0.61532,0.25838,0.07243,0.05388
crops/7f23bc3a-112_20.jpg,7f23bc3a-112,7f23bc3a-112_jpg.rf.c6cad2688d16e69dc37b1d2c1d6814f6.jpg,,0,0,no_caries,no_caries,0.5474,0.54736,0.34681,0.07162,0.03421
crops/7f23bc3a-112_21.jpg,7f23bc3a-112,7f23bc3a-112_jpg.rf.c6cad2688d16e69dc37b1d2c1d6814f6.jpg,,0,0,no_caries,mild,0.4974,0.32446,0.49739,0.09892,0.07923
crops/7f23bc3a-112_22.jpg,7f23bc3a-112,7f23bc3a-112_jpg.rf.c6cad2688d16e69dc37b1d2c1d6814f6.jpg,,0,0,no_caries,no_caries,0.5778,0.57776,0.21165,0.11923,0.09136
crops/7f23bc3a-112_23.jpg,7f23bc3a-112,7f23bc3a-112_jpg.rf.c6cad2688d16e69dc37b1d2c1d6814f6.jpg,,0,0,no_caries,no_caries,0.5278,0.52785,0.24433,0.16571,0.06211
crops/7f23bc3a-112_24.jpg,7f23bc3a-112,7f23bc3a-112_jpg.rf.c6cad2688d16e69dc37b1d2c1d6814f6.jpg,,0,0,no_caries,moderate,0.3293,0.269,0.20342,0.32932,0.19826
crops/837_0.jpg,837,837_jpg.rf.b190cc90d831f2b35d9f8a1d974f5d40.jpg,,0,0,no_caries,mild,0.3718,0.33956,0.37176,0.15239,0.1363
crops/837_1.jpg,837,837_jpg.rf.b190cc90d831f2b35d9f8a1d974f5d40.jpg,,5,0,advanced,advanced,0.962,0.00148,0.00477,0.03175,0.962
crops/837_2.jpg,837,837_jpg.rf.b190cc90d831f2b35d9f8a1d974f5d40.jpg,,0,0,no_caries,advanced,0.5328,0.08008,0.20398,0.18318,0.53277
crops/837_3.jpg,837,837_jpg.rf.b190cc90d831f2b35d9f8a1d974f5d40.jpg,,0,0,no_caries,no_caries,0.6114,0.61144,0.19456,0.14941,0.04459
crops/837_4.jpg,837,837_jpg.rf.b190cc90d831f2b35d9f8a1d974f5d40.jpg,,0,0,no_caries,no_caries,0.6154,0.61536,0.2514,0.09574,0.03751
crops/847_0.jpg,847,847_jpg.rf.db4d005aab6c1c3ec9cb486b41451848.jpg,,3,0,moderate,mild,0.4107,0.11745,0.41073,0.24215,0.22968
crops/847_1.jpg,847,847_jpg.rf.db4d005aab6c1c3ec9cb486b41451848.jpg,,5,0,advanced,advanced,0.9686,0.00421,0.01145,0.01574,0.9686
crops/847_2.jpg,847,847_jpg.rf.db4d005aab6c1c3ec9cb486b41451848.jpg,,0,0,no_caries,no_caries,0.6134,0.61336,0.24934,0.09539,0.04191
crops/847_3.jpg,847,847_jpg.rf.db4d005aab6c1c3ec9cb486b41451848.jpg,,0,0,no_caries,no_caries,0.4004,0.40044,0.29591,0.15044,0.15322
crops/847_4.jpg,847,847_jpg.rf.db4d005aab6c1c3ec9cb486b41451848.jpg,,0,0,no_caries,advanced,0.5256,0.21822,0.18623,0.06995,0.52559
crops/847_5.jpg,847,847_jpg.rf.db4d005aab6c1c3ec9cb486b41451848.jpg,,0,0,no_caries,no_caries,0.7461,0.7461,0.10807,0.07447,0.07136
crops/847_6.jpg,847,847_jpg.rf.db4d005aab6c1c3ec9cb486b41451848.jpg,,0,0,no_caries,no_caries,0.6216,0.62155,0.22316,0.10208,0.05321
crops/847_7.jpg,847,847_jpg.rf.db4d005aab6c1c3ec9cb486b41451848.jpg,,0,0,no_caries,no_caries,0.5531,0.55309,0.19967,0.17735,0.06989
crops/847_8.jpg,847,847_jpg.rf.db4d005aab6c1c3ec9cb486b41451848.jpg,,0,0,no_caries,no_caries,0.7639,0.7639,0.12394,0.08302,0.02913
crops/847_9.jpg,847,847_jpg.rf.db4d005aab6c1c3ec9cb486b41451848.jpg,,0,0,no_caries,no_caries,0.7897,0.78973,0.06221,0.10301,0.04504
crops/847_10.jpg,847,847_jpg.rf.db4d005aab6c1c3ec9cb486b41451848.jpg,,0,0,no_caries,no_caries,0.757,0.75703,0.08489,0.08823,0.06984
crops/847_11.jpg,847,847_jpg.rf.db4d005aab6c1c3ec9cb486b41451848.jpg,,0,0,no_caries,no_caries,0.5985,0.59853,0.16719,0.1901,0.04419
crops/847_12.jpg,847,847_jpg.rf.db4d005aab6c1c3ec9cb486b41451848.jpg,,0,0,no_caries,no_caries,0.4641,0.4641,0.14147,0.21977,0.17466
crops/895_0.jpg,895,895_jpg.rf.3e22e2cb2cbd8104240f6f86cdd880a9.jpg,,0,0,no_caries,no_caries,0.54,0.54005,0.3232,0.10478,0.03198
crops/895_1.jpg,895,895_jpg.rf.3e22e2cb2cbd8104240f6f86cdd880a9.jpg,,0,0,no_caries,no_caries,0.4684,0.4684,0.34569,0.12431,0.0616
crops/895_2.jpg,895,895_jpg.rf.3e22e2cb2cbd8104240f6f86cdd880a9.jpg,,5,0,advanced,advanced,0.969,0.0046,0.01074,0.01564,0.96902
crops/895_3.jpg,895,895_jpg.rf.3e22e2cb2cbd8104240f6f86cdd880a9.jpg,,5,0,advanced,advanced,0.9513,0.00073,0.02058,0.0274,0.95129
crops/895_4.jpg,895,895_jpg.rf.3e22e2cb2cbd8104240f6f86cdd880a9.jpg,,0,0,no_caries,no_caries,0.5629,0.56295,0.25993,0.12213,0.05499
crops/895_5.jpg,895,895_jpg.rf.3e22e2cb2cbd8104240f6f86cdd880a9.jpg,,0,0,no_caries,no_caries,0.7083,0.70831,0.1817,0.0559,0.05409
crops/895_6.jpg,895,895_jpg.rf.3e22e2cb2cbd8104240f6f86cdd880a9.jpg,,0,0,no_caries,no_caries,0.7634,0.76343,0.14355,0.06134,0.03169
crops/895_7.jpg,895,895_jpg.rf.3e22e2cb2cbd8104240f6f86cdd880a9.jpg,,0,0,no_caries,no_caries,0.6577,0.65773,0.21989,0.07456,0.04783
crops/895_8.jpg,895,895_jpg.rf.3e22e2cb2cbd8104240f6f86cdd880a9.jpg,,0,0,no_caries,mild,0.5678,0.12597,0.56777,0.14446,0.1618
crops/895_9.jpg,895,895_jpg.rf.3e22e2cb2cbd8104240f6f86cdd880a9.jpg,,0,0,no_caries,no_caries,0.6892,0.68918,0.24204,0.05054,0.01825
crops/895_10.jpg,895,895_jpg.rf.3e22e2cb2cbd8104240f6f86cdd880a9.jpg,,0,0,no_caries,no_caries,0.7688,0.76876,0.10725,0.09338,0.03061
crops/895_11.jpg,895,895_jpg.rf.3e22e2cb2cbd8104240f6f86cdd880a9.jpg,,0,0,no_caries,no_caries,0.7649,0.76488,0.16449,0.05612,0.01451
crops/895_12.jpg,895,895_jpg.rf.3e22e2cb2cbd8104240f6f86cdd880a9.jpg,,0,0,no_caries,no_caries,0.6651,0.66507,0.2139,0.10844,0.01259
crops/906_0.jpg,906,906_jpg.rf.3a902d8d2df6f0f300a9b70ec7f68a14.jpg,,0,0,no_caries,no_caries,0.7686,0.76857,0.11597,0.07367,0.04179
crops/906_1.jpg,906,906_jpg.rf.3a902d8d2df6f0f300a9b70ec7f68a14.jpg,,0,0,no_caries,no_caries,0.738,0.73805,0.10112,0.10745,0.05338
crops/906_2.jpg,906,906_jpg.rf.3a902d8d2df6f0f300a9b70ec7f68a14.jpg,,0,0,no_caries,no_caries,0.6976,0.69755,0.14131,0.10875,0.05239
crops/906_3.jpg,906,906_jpg.rf.3a902d8d2df6f0f300a9b70ec7f68a14.jpg,,0,0,no_caries,no_caries,0.6592,0.6592,0.14421,0.15112,0.04547
crops/906_4.jpg,906,906_jpg.rf.3a902d8d2df6f0f300a9b70ec7f68a14.jpg,,0,0,no_caries,no_caries,0.5936,0.59356,0.22032,0.1285,0.05763
crops/906_5.jpg,906,906_jpg.rf.3a902d8d2df6f0f300a9b70ec7f68a14.jpg,,0,0,no_caries,no_caries,0.529,0.52903,0.26299,0.12031,0.08767
crops/906_6.jpg,906,906_jpg.rf.3a902d8d2df6f0f300a9b70ec7f68a14.jpg,,3,0,moderate,moderate,0.9248,0.00586,0.02934,0.92477,0.04003
crops/906_7.jpg,906,906_jpg.rf.3a902d8d2df6f0f300a9b70ec7f68a14.jpg,,0,0,no_caries,no_caries,0.7593,0.7593,0.10921,0.09609,0.0354
crops/906_8.jpg,906,906_jpg.rf.3a902d8d2df6f0f300a9b70ec7f68a14.jpg,,0,0,no_caries,no_caries,0.7592,0.75915,0.09648,0.10626,0.03811
crops/906_9.jpg,906,906_jpg.rf.3a902d8d2df6f0f300a9b70ec7f68a14.jpg,,0,0,no_caries,no_caries,0.5441,0.54413,0.25237,0.09395,0.10954
crops/906_10.jpg,906,906_jpg.rf.3a902d8d2df6f0f300a9b70ec7f68a14.jpg,,0,0,no_caries,no_caries,0.7742,0.77415,0.12739,0.05239,0.04607
crops/91_0.jpg,91,91_jpg.rf.3ddd286f399b6d5b06a7824873c87841.jpg,,4,0,moderate,no_caries,0.3806,0.38059,0.34598,0.2397,0.03373
crops/91_1.jpg,91,91_jpg.rf.3ddd286f399b6d5b06a7824873c87841.jpg,,1,0,mild,moderate,0.4186,0.1582,0.34054,0.41859,0.08268
crops/91_2.jpg,91,91_jpg.rf.3ddd286f399b6d5b06a7824873c87841.jpg,,2,0,mild,mild,0.4928,0.23528,0.4928,0.1986,0.07332
crops/91_3.jpg,91,91_jpg.rf.3ddd286f399b6d5b06a7824873c87841.jpg,,0,0,no_caries,no_caries,0.423,0.42302,0.37421,0.17051,0.03225
crops/91_4.jpg,91,91_jpg.rf.3ddd286f399b6d5b06a7824873c87841.jpg,,2,0,mild,mild,0.7098,0.03124,0.70978,0.23671,0.02227
crops/91_5.jpg,91,91_jpg.rf.3ddd286f399b6d5b06a7824873c87841.jpg,,2,0,mild,mild,0.6003,0.15723,0.60028,0.20153,0.04095
crops/91_6.jpg,91,91_jpg.rf.3ddd286f399b6d5b06a7824873c87841.jpg,,0,0,no_caries,no_caries,0.5023,0.50232,0.27013,0.19057,0.03697
crops/91_7.jpg,91,91_jpg.rf.3ddd286f399b6d5b06a7824873c87841.jpg,,0,0,no_caries,mild,0.5253,0.27212,0.52529,0.15465,0.04795
crops/91_8.jpg,91,91_jpg.rf.3ddd286f399b6d5b06a7824873c87841.jpg,,0,0,no_caries,no_caries,0.4857,0.48574,0.26355,0.20842,0.0423
crops/91_9.jpg,91,91_jpg.rf.3ddd286f399b6d5b06a7824873c87841.jpg,,2,0,mild,mild,0.5501,0.19083,0.55008,0.22939,0.02971
crops/91_10.jpg,91,91_jpg.rf.3ddd286f399b6d5b06a7824873c87841.jpg,,1,0,mild,no_caries,0.3889,0.38893,0.24608,0.28503,0.07996
crops/91_11.jpg,91,91_jpg.rf.3ddd286f399b6d5b06a7824873c87841.jpg,,1,0,mild,mild,0.4384,0.23968,0.43843,0.24319,0.07869
crops/91_12.jpg,91,91_jpg.rf.3ddd286f399b6d5b06a7824873c87841.jpg,,1,0,mild,no_caries,0.4321,0.43213,0.42783,0.11767,0.02237
crops/91_13.jpg,91,91_jpg.rf.3ddd286f399b6d5b06a7824873c87841.jpg,,1,0,mild,mild,0.5692,0.29338,0.56923,0.10776,0.02963
crops/91_14.jpg,91,91_jpg.rf.3ddd286f399b6d5b06a7824873c87841.jpg,,0,0,no_caries,mild,0.3491,0.3275,0.34915,0.26257,0.06079
crops/91_15.jpg,91,91_jpg.rf.3ddd286f399b6d5b06a7824873c87841.jpg,,0,0,no_caries,no_caries,0.4351,0.43509,0.35146,0.16502,0.04843
crops/91_16.jpg,91,91_jpg.rf.3ddd286f399b6d5b06a7824873c87841.jpg,,0,0,no_caries,no_caries,0.4529,0.4529,0.4328,0.08784,0.02645
crops/91_17.jpg,91,91_jpg.rf.3ddd286f399b6d5b06a7824873c87841.jpg,,0,0,no_caries,no_caries,0.5727,0.5727,0.2785,0.12371,0.02509
crops/91_18.jpg,91,91_jpg.rf.3ddd286f399b6d5b06a7824873c87841.jpg,,0,0,no_caries,no_caries,0.6284,0.62838,0.24182,0.1062,0.0236
crops/91_19.jpg,91,91_jpg.rf.3ddd286f399b6d5b06a7824873c87841.jpg,,0,0,no_caries,mild,0.5232,0.2814,0.52318,0.15726,0.03816
crops/91_20.jpg,91,91_jpg.rf.3ddd286f399b6d5b06a7824873c87841.jpg,,0,0,no_caries,mild,0.6198,0.16975,0.61981,0.14686,0.06359
crops/91_21.jpg,91,91_jpg.rf.3ddd286f399b6d5b06a7824873c87841.jpg,,5,0,advanced,moderate,0.734,0.03269,0.09188,0.73404,0.14138
crops/91_22.jpg,91,91_jpg.rf.3ddd286f399b6d5b06a7824873c87841.jpg,,0,0,no_caries,mild,0.3461,0.30734,0.3461,0.25834,0.08822
crops/hibogi_ai_00040_0.jpg,hibogi_ai_00040,HIBOGI_AI_00040_jpg.rf.0f9cc16f8b98a98d0f01ce9a8009c409.jpg,,0,0,no_caries,mild,0.4399,0.2024,0.43988,0.11563,0.24209
crops/hibogi_ai_00040_1.jpg,hibogi_ai_00040,HIBOGI_AI_00040_jpg.rf.0f9cc16f8b98a98d0f01ce9a8009c409.jpg,,5,0,advanced,advanced,0.855,0.03295,0.05078,0.0613,0.85498
crops/hibogi_ai_00040_2.jpg,hibogi_ai_00040,HIBOGI_AI_00040_jpg.rf.0f9cc16f8b98a98d0f01ce9a8009c409.jpg,,0,0,no_caries,no_caries,0.6734,0.67336,0.22616,0.06537,0.0351
crops/hibogi_ai_00040_3.jpg,hibogi_ai_00040,HIBOGI_AI_00040_jpg.rf.0f9cc16f8b98a98d0f01ce9a8009c409.jpg,,0,0,no_caries,no_caries,0.7335,0.73355,0.15474,0.06557,0.04614
crops/hibogi_ai_00040_4.jpg,hibogi_ai_00040,HIBOGI_AI_00040_jpg.rf.0f9cc16f8b98a98d0f01ce9a8009c409.jpg,,0,0,no_caries,no_caries,0.483,0.48301,0.34513,0.12724,0.04462
crops/hibogi_ai_00040_5.jpg,hibogi_ai_00040,HIBOGI_AI_00040_jpg.rf.0f9cc16f8b98a98d0f01ce9a8009c409.jpg,,6,0,advanced,advanced,0.9498,0.0027,0.01191,0.03558,0.94981
crops/hibogi_ai_00040_6.jpg,hibogi_ai_00040,HIBOGI_AI_00040_jpg.rf.0f9cc16f8b98a98d0f01ce9a8009c409.jpg,,0,0,no_caries,no_caries,0.4989,0.4989,0.39697,0.04989,0.05423
crops/hibogi_ai_00040_7.jpg,hibogi_ai_00040,HIBOGI_AI_00040_jpg.rf.0f9cc16f8b98a98d0f01ce9a8009c409.jpg,,0,0,no_caries,no_caries,0.6095,0.60947,0.2714,0.06679,0.05234
crops/hibogi_ai_00040_8.jpg,hibogi_ai_00040,HIBOGI_AI_00040_jpg.rf.0f9cc16f8b98a98d0f01ce9a8009c409.jpg,,0,0,no_caries,no_caries,0.4529,0.45292,0.45058,0.05195,0.04455
crops/hibogi_ai_00040_9.jpg,hibogi_ai_00040,HIBOGI_AI_00040_jpg.rf.0f9cc16f8b98a98d0f01ce9a8009c409.jpg,,0,0,no_caries,no_caries,0.5577,0.5577,0.34706,0.04639,0.04885
crops/hibogi_ai_00040_10.jpg,hibogi_ai_00040,HIBOGI_AI_00040_jpg.rf.0f9cc16f8b98a98d0f01ce9a8009c409.jpg,,5,0,advanced,advanced,0.9195,0.0202,0.01277,0.04755,0.91948
crops/hibogi_ai_00040_11.jpg,hibogi_ai_00040,HIBOGI_AI_00040_jpg.rf.0f9cc16f8b98a98d0f01ce9a8009c409.jpg,,6,0,advanced,advanced,0.9805,0.00311,0.01387,0.0025,0.98052
crops/hibogi_ai_00040_12.jpg,hibogi_ai_00040,HIBOGI_AI_00040_jpg.rf.0f9cc16f8b98a98d0f01ce9a8009c409.jpg,,5,0,advanced,mild,0.4451,0.41553,0.44505,0.05812,0.0813
crops/hibogi_ai_00040_13.jpg,hibogi_ai_00040,HIBOGI_AI_00040_jpg.rf.0f9cc16f8b98a98d0f01ce9a8009c409.jpg,,0,0,no_caries,no_caries,0.384,0.38402,0.289,0.19349,0.13349
crops/hibogi_ai_00040_14.jpg,hibogi_ai_00040,HIBOGI_AI_00040_jpg.rf.0f9cc16f8b98a98d0f01ce9a8009c409.jpg,,5,0,advanced,advanced,0.5507,0.07375,0.28285,0.09268,0.55072
crops/hibogi_ai_00040_15.jpg,hibogi_ai_00040,HIBOGI_AI_00040_jpg.rf.0f9cc16f8b98a98d0f01ce9a8009c409.jpg,,0,0,no_caries,no_caries,0.6815,0.68147,0.22105,0.0547,0.04278
crops/hibogi_ai_00082_0.jpg,hibogi_ai_00082,HIBOGI_AI_00082_jpg.rf.d974bcf6b8add81cec002c6f6ee6e72c.jpg,,0,0,no_caries,mild,0.6264,0.2243,0.62645,0.09658,0.05268
crops/hibogi_ai_00082_1.jpg,hibogi_ai_00082,HIBOGI_AI_00082_jpg.rf.d974bcf6b8add81cec002c6f6ee6e72c.jpg,,0,0,no_caries,no_caries,0.4827,0.48269,0.30516,0.16005,0.05209
crops/hibogi_ai_00082_2.jpg,hibogi_ai_00082,HIBOGI_AI_00082_jpg.rf.d974bcf6b8add81cec002c6f6ee6e72c.jpg,,0,0,no_caries,no_caries,0.4867,0.48674,0.27084,0.21592,0.0265
crops/hibogi_ai_00082_3.jpg,hibogi_ai_00082,HIBOGI_AI_00082_jpg.rf.d974bcf6b8add81cec002c6f6ee6e72c.jpg,,0,0,no_caries,mild,0.4667,0.41042,0.46671,0.08795,0.03491
crops/hibogi_ai_00082_4.jpg,hibogi_ai_00082,HIBOGI_AI_00082_jpg.rf.d974bcf6b8add81cec002c6f6ee6e72c.jpg,,0,0,no_caries,mild,0.485,0.32411,0.48502,0.12313,0.06774
crops/hibogi_ai_00082_5.jpg,hibogi_ai_00082,HIBOGI_AI_00082_jpg.rf.d974bcf6b8add81cec002c6f6ee6e72c.jpg,,0,0,no_caries,no_caries,0.7064,0.70643,0.18278,0.07707,0.03372
crops/hibogi_ai_00082_6.jpg,hibogi_ai_00082,HIBOGI_AI_00082_jpg.rf.d974bcf6b8add81cec002c6f6ee6e72c.jpg,,5,0,advanced,advanced,0.975,0.00262,0.01598,0.00637,0.97503
crops/hibogi_ai_00082_7.jpg,hibogi_ai_00082,HIBOGI_AI_00082_jpg.rf.d974bcf6b8add81cec002c6f6ee6e72c.jpg,,0,0,no_caries,no_caries,0.6638,0.66378,0.21525,0.09825,0.02273
crops/hibogi_ai_00082_8.jpg,hibogi_ai_00082,HIBOGI_AI_00082_jpg.rf.d974bcf6b8add81cec002c6f6ee6e72c.jpg,,0,0,no_caries,no_caries,0.6625,0.66253,0.23792,0.07675,0.0228
crops/hibogi_ai_00082_9.jpg,hibogi_ai_00082,HIBOGI_AI_00082_jpg.rf.d974bcf6b8add81cec002c6f6ee6e72c.jpg,,0,0,no_caries,no_caries,0.7559,0.75589,0.1329,0.06511,0.0461
crops/hibogi_ai_00082_10.jpg,hibogi_ai_00082,HIBOGI_AI_00082_jpg.rf.d974bcf6b8add81cec002c6f6ee6e72c.jpg,,0,0,no_caries,no_caries,0.7431,0.74305,0.14088,0.07764,0.03842
crops/hibogi_ai_00109_png_0.jpg,hibogi_ai_00109_png,HIBOGI_AI_00109_png_jpg.rf.f05e19486e830463c919b55b7a16e1fa.jpg,,0,0,no_caries,mild,0.4246,0.26361,0.42456,0.11349,0.19834
crops/hibogi_ai_00109_png_1.jpg,hibogi_ai_00109_png,HIBOGI_AI_00109_png_jpg.rf.f05e19486e830463c919b55b7a16e1fa.jpg,,0,0,no_caries,no_caries,0.5087,0.50873,0.42366,0.03543,0.03219
crops/hibogi_ai_00109_png_2.jpg,hibogi_ai_00109_png,HIBOGI_AI_00109_png_jpg.rf.f05e19486e830463c919b55b7a16e1fa.jpg,,0,0,no_caries,no_caries,0.773,0.77296,0.16878,0.04121,0.01705
crops/hibogi_ai_00109_png_3.jpg,hibogi_ai_00109_png,HIBOGI_AI_00109_png_jpg.rf.f05e19486e830463c919b55b7a16e1fa.jpg,,0,0,no_caries,no_caries,0.5986,0.59855,0.2247,0.12045,0.0563
crops/hibogi_ai_00109_png_4.jpg,hibogi_ai_00109_png,HIBOGI_AI_00109_png_jpg.rf.f05e19486e830463c919b55b7a16e1fa.jpg,,0,0,no_caries,no_caries,0.6579,0.65787,0.15106,0.13748,0.05359
crops/hibogi_ai_00109_png_5.jpg,hibogi_ai_00109_png,HIBOGI_AI_00109_png_jpg.rf.f05e19486e830463c919b55b7a16e1fa.jpg,,0,0,no_caries,no_caries,0.7714,0.77136,0.08969,0.10023,0.03872
crops/hibogi_ai_00109_png_6.jpg,hibogi_ai_00109_png,HIBOGI_AI_00109_png_jpg.rf.f05e19486e830463c919b55b7a16e1fa.jpg,,0,0,no_caries,no_caries,0.8385,0.83849,0.05439,0.08305,0.02408
crops/hibogi_ai_00109_png_7.jpg,hibogi_ai_00109_png,HIBOGI_AI_00109_png_jpg.rf.f05e19486e830463c919b55b7a16e1fa.jpg,,0,0,no_caries,no_caries,0.7159,0.71592,0.10261,0.13862,0.04284
crops/hibogi_ai_00109_png_8.jpg,hibogi_ai_00109_png,HIBOGI_AI_00109_png_jpg.rf.f05e19486e830463c919b55b7a16e1fa.jpg,,0,0,no_caries,no_caries,0.8115,0.8115,0.09524,0.05866,0.03461
crops/hibogi_ai_00109_png_9.jpg,hibogi_ai_00109_png,HIBOGI_AI_00109_png_jpg.rf.f05e19486e830463c919b55b7a16e1fa.jpg,,0,0,no_caries,no_caries,0.578,0.578,0.35569,0.02788,0.03843
crops/hibogi_ai_00120_0.jpg,hibogi_ai_00120,HIBOGI_AI_00120_jpg.rf.e5f317ccce6d5ec039e70a20ae089bb6.jpg,,5,0,advanced,advanced,0.9827,0.00324,0.01123,0.00284,0.98269
crops/hibogi_ai_00120_1.jpg,hibogi_ai_00120,HIBOGI_AI_00120_jpg.rf.e5f317ccce6d5ec039e70a20ae089bb6.jpg,,5,0,advanced,advanced,0.9717,0.00259,0.01527,0.01045,0.97168
crops/hibogi_ai_00120_2.jpg,hibogi_ai_00120,HIBOGI_AI_00120_jpg.rf.e5f317ccce6d5ec039e70a20ae089bb6.jpg,,0,0,no_caries,no_caries,0.7071,0.70713,0.21995,0.04358,0.02934
crops/hibogi_ai_00120_3.jpg,hibogi_ai_00120,HIBOGI_AI_00120_jpg.rf.e5f317ccce6d5ec039e70a20ae089bb6.jpg,,0,0,no_caries,no_caries,0.7942,0.79422,0.11406,0.04766,0.04406
crops/hibogi_ai_00120_4.jpg,hibogi_ai_00120,HIBOGI_AI_00120_jpg.rf.e5f317ccce6d5ec039e70a20ae089bb6.jpg,,0,0,no_caries,no_caries,0.6753,0.67531,0.21722,0.06282,0.04464
crops/hibogi_ai_00120_5.jpg,hibogi_ai_00120,HIBOGI_AI_00120_jpg.rf.e5f317ccce6d5ec039e70a20ae089bb6.jpg,,0,0,no_caries,mild,0.7238,0.1474,0.72376,0.05743,0.0714
crops/hibogi_ai_00120_6.jpg,hibogi_ai_00120,HIBOGI_AI_00120_jpg.rf.e5f317ccce6d5ec039e70a20ae089bb6.jpg,,5,0,advanced,mild,0.4935,0.15136,0.49347,0.21689,0.13828
crops/hibogi_ai_00120_7.jpg,hibogi_ai_00120,HIBOGI_AI_00120_jpg.rf.e5f317ccce6d5ec039e70a20ae089bb6.jpg,,1,0,mild,mild,0.5146,0.37655,0.51464,0.05829,0.05052
crops/hibogi_ai_00152_0.jpg,hibogi_ai_00152,HIBOGI_AI_00152_jpg.rf.0fc5aaa92b3e68e780721883db1d904e.jpg,,0,0,no_caries,no_caries,0.6427,0.64265,0.11476,0.14013,0.10245
crops/hibogi_ai_00152_1.jpg,hibogi_ai_00152,HIBOGI_AI_00152_jpg.rf.0fc5aaa92b3e68e780721883db1d904e.jpg,,0,0,no_caries,no_caries,0.6237,0.62374,0.22253,0.10839,0.04535
crops/hibogi_ai_00152_2.jpg,hibogi_ai_00152,HIBOGI_AI_00152_jpg.rf.0fc5aaa92b3e68e780721883db1d904e.jpg,,0,0,no_caries,no_caries,0.7982,0.79819,0.09599,0.06472,0.0411
crops/hibogi_ai_00152_3.jpg,hibogi_ai_00152,HIBOGI_AI_00152_jpg.rf.0fc5aaa92b3e68e780721883db1d904e.jpg,,0,0,no_caries,no_caries,0.7314,0.73142,0.16731,0.05156,0.04971
crops/hibogi_ai_00152_4.jpg,hibogi_ai_00152,HIBOGI_AI_00152_jpg.rf.0fc5aaa92b3e68e780721883db1d904e.jpg,,0,0,no_caries,no_caries,0.7842,0.78424,0.10734,0.05249,0.05594
crops/hibogi_ai_00152_5.jpg,hibogi_ai_00152,HIBOGI_AI_00152_jpg.rf.0fc5aaa92b3e68e780721883db1d904e.jpg,,0,0,no_caries,no_caries,0.4523,0.45228,0.41787,0.06365,0.06619
crops/hibogi_ai_00152_6.jpg,hibogi_ai_00152,HIBOGI_AI_00152_jpg.rf.0fc5aaa92b3e68e780721883db1d904e.jpg,,0,0,no_caries,no_caries,0.7218,0.72184,0.04451,0.14118,0.09248
crops/hibogi_ai_00152_7.jpg,hibogi_ai_00152,HIBOGI_AI_00152_jpg.rf.0fc5aaa92b3e68e780721883db1d904e.jpg,,0,0,no_caries,no_caries,0.6254,0.6254,0.1117,0.19418,0.06872
crops/hibogi_ai_00152_8.jpg,hibogi_ai_00152,HIBOGI_AI_00152_jpg.rf.0fc5aaa92b3e68e780721883db1d904e.jpg,,0,0,no_caries,no_caries,0.4355,0.4355,0.33811,0.17734,0.04905
crops/hibogi_ai_00152_9.jpg,hibogi_ai_00152,HIBOGI_AI_00152_jpg.rf.0fc5aaa92b3e68e780721883db1d904e.jpg,,0,0,no_caries,no_caries,0.7524,0.75235,0.13723,0.08714,0.02328
crops/hibogi_ai_00152_10.jpg,hibogi_ai_00152,HIBOGI_AI_00152_jpg.rf.0fc5aaa92b3e68e780721883db1d904e.jpg,,0,0,no_caries,no_caries,0.7554,0.7554,0.17185,0.04235,0.0304
crops/hibogi_ai_00152_11.jpg,hibogi_ai_00152,HIBOGI_AI_00152_jpg.rf.0fc5aaa92b3e68e780721883db1d904e.jpg,,0,0,no_caries,no_caries,0.79,0.78998,0.13889,0.05069,0.02043
crops/hibogi_ai_00152_12.jpg,hibogi_ai_00152,HIBOGI_AI_00152_jpg.rf.0fc5aaa92b3e68e780721883db1d904e.jpg,,0,0,no_caries,no_caries,0.7059,0.70592,0.19051,0.06445,0.03913
crops/hibogi_ai_00152_13.jpg,hibogi_ai_00152,HIBOGI_AI_00152_jpg.rf.0fc5aaa92b3e68e780721883db1d904e.jpg,,0,0,no_caries,no_caries,0.7418,0.74184,0.16095,0.06723,0.02999
crops/hibogi_ai_00152_14.jpg,hibogi_ai_00152,HIBOGI_AI_00152_jpg.rf.0fc5aaa92b3e68e780721883db1d904e.jpg,,0,0,no_caries,no_caries,0.5828,0.5828,0.34308,0.04355,0.03057
crops/hibogi_ai_00152_15.jpg,hibogi_ai_00152,HIBOGI_AI_00152_jpg.rf.0fc5aaa92b3e68e780721883db1d904e.jpg,,0,0,no_caries,no_caries,0.8561,0.8561,0.07394,0.0371,0.03285
crops/hibogi_ai_00152_16.jpg,hibogi_ai_00152,HIBOGI_AI_00152_jpg.rf.0fc5aaa92b3e68e780721883db1d904e.jpg,,0,0,no_caries,no_caries,0.7197,0.71973,0.20142,0.04705,0.0318
crops/hibogi_ai_00227_0.jpg,hibogi_ai_00227,HIBOGI_AI_00227_jpg.rf.150cb6d00f7d59bf1d55a46bbcc3dbe2.jpg,,3,0,moderate,moderate,0.7894,0.01589,0.13001,0.78942,0.06467
crops/hibogi_ai_00227_1.jpg,hibogi_ai_00227,HIBOGI_AI_00227_jpg.rf.150cb6d00f7d59bf1d55a46bbcc3dbe2.jpg,,3,0,moderate,moderate,0.5254,0.10513,0.22572,0.52536,0.14379
crops/hibogi_ai_00227_2.jpg,hibogi_ai_00227,HIBOGI_AI_00227_jpg.rf.150cb6d00f7d59bf1d55a46bbcc3dbe2.jpg,,0,0,no_caries,mild,0.46,0.22395,0.45995,0.23815,0.07795
crops/hibogi_ai_00227_3.jpg,hibogi_ai_00227,HIBOGI_AI_00227_jpg.rf.150cb6d00f7d59bf1d55a46bbcc3dbe2.jpg,,0,0,no_caries,no_caries,0.3623,0.36232,0.34242,0.23645,0.05881
crops/hibogi_ai_00227_4.jpg,hibogi_ai_00227,HIBOGI_AI_00227_jpg.rf.150cb6d00f7d59bf1d55a46bbcc3dbe2.jpg,,0,0,no_caries,no_caries,0.4542,0.45425,0.38928,0.12367,0.0328
crops/hibogi_ai_00227_5.jpg,hibogi_ai_00227,HIBOGI_AI_00227_jpg.rf.150cb6d00f7d59bf1d55a46bbcc3dbe2.jpg,,0,0,no_caries,no_caries,0.3717,0.37173,0.34662,0.22357,0.05808
crops/hibogi_ai_00227_6.jpg,hibogi_ai_00227,HIBOGI_AI_00227_jpg.rf.150cb6d00f7d59bf1d55a46bbcc3dbe2.jpg,,0,0,no_caries,no_caries,0.5953,0.59526,0.17619,0.15041,0.07815
crops/hibogi_ai_00227_7.jpg,hibogi_ai_00227,HIBOGI_AI_00227_jpg.rf.150cb6d00f7d59bf1d55a46bbcc3dbe2.jpg,,0,0,no_caries,mild,0.4267,0.32228,0.42665,0.14426,0.10681
crops/hibogi_ai_00227_8.jpg,hibogi_ai_00227,HIBOGI_AI_00227_jpg.rf.150cb6d00f7d59bf1d55a46bbcc3dbe2.jpg,,5,0,advanced,advanced,0.9347,0.00484,0.01214,0.04828,0.93475
crops/hibogi_ai_00227_9.jpg,hibogi_ai_00227,HIBOGI_AI_00227_jpg.rf.150cb6d00f7d59bf1d55a46bbcc3dbe2.jpg,,0,0,no_caries,advanced,0.6463,0.05679,0.14543,0.15147,0.64631
crops/hibogi_ai_00423_0.jpg,hibogi_ai_00423,HIBOGI_AI_00423_jpg.rf.83d3a61761524089c63a3a3cd0cbfb63.jpg,,0,0,no_caries,no_caries,0.8039,0.80386,0.05841,0.10913,0.0286
crops/hibogi_ai_00423_1.jpg,hibogi_ai_00423,HIBOGI_AI_00423_jpg.rf.83d3a61761524089c63a3a3cd0cbfb63.jpg,,0,0,no_caries,no_caries,0.8403,0.8403,0.02819,0.08699,0.04452
crops/hibogi_ai_00423_2.jpg,hibogi_ai_00423,HIBOGI_AI_00423_jpg.rf.83d3a61761524089c63a3a3cd0cbfb63.jpg,,0,0,no_caries,no_caries,0.8179,0.81785,0.03723,0.12459,0.02032
crops/hibogi_ai_00423_3.jpg,hibogi_ai_00423,HIBOGI_AI_00423_jpg.rf.83d3a61761524089c63a3a3cd0cbfb63.jpg,,5,0,advanced,no_caries,0.6691,0.66909,0.12804,0.14414,0.05872
crops/hibogi_ai_00423_4.jpg,hibogi_ai_00423,HIBOGI_AI_00423_jpg.rf.83d3a61761524089c63a3a3cd0cbfb63.jpg,,6,0,advanced,advanced,0.6418,0.05624,0.02306,0.27894,0.64176
crops/hibogi_ai_00423_5.jpg,hibogi_ai_00423,HIBOGI_AI_00423_jpg.rf.83d3a61761524089c63a3a3cd0cbfb63.jpg,,6,0,advanced,advanced,0.8411,0.05869,0.01614,0.08411,0.84106
crops/hibogi_ai_00423_6.jpg,hibogi_ai_00423,HIBOGI_AI_00423_jpg.rf.83d3a61761524089c63a3a3cd0cbfb63.jpg,,6,0,advanced,advanced,0.7131,0.02582,0.02633,0.23474,0.71311
crops/hibogi_ai_00423_7.jpg,hibogi_ai_00423,HIBOGI_AI_00423_jpg.rf.83d3a61761524089c63a3a3cd0cbfb63.jpg,,5,0,advanced,advanced,0.9806,0.0048,0.00768,0.00688,0.98064
crops/hibogi_ai_00423_8.jpg,hibogi_ai_00423,HIBOGI_AI_00423_jpg.rf.83d3a61761524089c63a3a3cd0cbfb63.jpg,,5,0,advanced,mild,0.5054,0.19797,0.50545,0.1964,0.10017
crops/hibogi_ai_00423_9.jpg,hibogi_ai_00423,HIBOGI_AI_00423_jpg.rf.83d3a61761524089c63a3a3cd0cbfb63.jpg,,0,0,no_caries,no_caries,0.8297,0.82974,0.02515,0.11317,0.03194
crops/hibogi_ai_00423_10.jpg,hibogi_ai_00423,HIBOGI_AI_00423_jpg.rf.83d3a61761524089c63a3a3cd0cbfb63.jpg,,0,0,no_caries,no_caries,0.8535,0.85347,0.02371,0.09999,0.02283
crops/hibogi_ai_00423_12.jpg,hibogi_ai_00423,HIBOGI_AI_00423_jpg.rf.83d3a61761524089c63a3a3cd0cbfb63.jpg,,6,0,advanced,moderate,0.339,0.1591,0.18541,0.33897,0.31652
crops/hibogi_ai_00745_png_0.jpg,hibogi_ai_00745_png,HIBOGI_AI_00745_png_jpg.rf.26cf5bbf3f2be8a6b48ded192145ef0d.jpg,,0,0,no_caries,moderate,0.4486,0.30394,0.2213,0.44859,0.02617
crops/hibogi_ai_00745_png_1.jpg,hibogi_ai_00745_png,HIBOGI_AI_00745_png_jpg.rf.26cf5bbf3f2be8a6b48ded192145ef0d.jpg,,0,0,no_caries,no_caries,0.4399,0.43989,0.29834,0.21653,0.04524
crops/hibogi_ai_00745_png_2.jpg,hibogi_ai_00745_png,HIBOGI_AI_00745_png_jpg.rf.26cf5bbf3f2be8a6b48ded192145ef0d.jpg,,0,0,no_caries,no_caries,0.5851,0.5851,0.19167,0.15995,0.06328
crops/hibogi_ai_00745_png_3.jpg,hibogi_ai_00745_png,HIBOGI_AI_00745_png_jpg.rf.26cf5bbf3f2be8a6b48ded192145ef0d.jpg,,0,0,no_caries,no_caries,0.7616,0.76156,0.06616,0.13939,0.03289
crops/hibogi_ai_00745_png_4.jpg,hibogi_ai_00745_png,HIBOGI_AI_00745_png_jpg.rf.26cf5bbf3f2be8a6b48ded192145ef0d.jpg,,0,0,no_caries,no_caries,0.8088,0.80885,0.0386,0.10681,0.04575
crops/hibogi_ai_00745_png_5.jpg,hibogi_ai_00745_png,HIBOGI_AI_00745_png_jpg.rf.26cf5bbf3f2be8a6b48ded192145ef0d.jpg,,0,0,no_caries,mild,0.6117,0.13351,0.61174,0.15215,0.10259
crops/hibogi_ai_00745_png_6.jpg,hibogi_ai_00745_png,HIBOGI_AI_00745_png_jpg.rf.26cf5bbf3f2be8a6b48ded192145ef0d.jpg,,0,0,no_caries,mild,0.399,0.39347,0.39905,0.10484,0.10264
crops/hibogi_ai_00745_png_7.jpg,hibogi_ai_00745_png,HIBOGI_AI_00745_png_jpg.rf.26cf5bbf3f2be8a6b48ded192145ef0d.jpg,,0,0,no_caries,advanced,0.8768,0.0158,0.05808,0.04927,0.87685
crops/hibogi_ai_00951_png_0.jpg,hibogi_ai_00951_png,HIBOGI_AI_00951_png_jpg.rf.3e7f5622b1ec2728a3c158af22b7465b.jpg,,3,0,moderate,moderate,0.4629,0.10134,0.38645,0.46292,0.04929
crops/hibogi_ai_00951_png_1.jpg,hibogi_ai_00951_png,HIBOGI_AI_00951_png_jpg.rf.3e7f5622b1ec2728a3c158af22b7465b.jpg,,0,0,no_caries,no_caries,0.7707,0.77075,0.13713,0.07331,0.01881
crops/hibogi_ai_00951_png_2.jpg,hibogi_ai_00951_png,HIBOGI_AI_00951_png_jpg.rf.3e7f5622b1ec2728a3c158af22b7465b.jpg,,0,0,no_caries,no_caries,0.7609,0.76094,0.19339,0.02833,0.01734
crops/hibogi_ai_00951_png_3.jpg,hibogi_ai_00951_png,HIBOGI_AI_00951_png_jpg.rf.3e7f5622b1ec2728a3c158af22b7465b.jpg,,0,0,no_caries,no_caries,0.9004,0.90038,0.06895,0.01882,0.01186
crops/hibogi_ai_00951_png_4.jpg,hibogi_ai_00951_png,HIBOGI_AI_00951_png_jpg.rf.3e7f5622b1ec2728a3c158af22b7465b.jpg,,0,0,no_caries,no_caries,0.9006,0.90056,0.05543,0.0341,0.00991
crops/hibogi_ai_00951_png_5.jpg,hibogi_ai_00951_png,HIBOGI_AI_00951_png_jpg.rf.3e7f5622b1ec2728a3c158af22b7465b.jpg,,0,0,no_caries,no_caries,0.9139,0.91387,0.02102,0.05026,0.01486
crops/hibogi_ai_00951_png_6.jpg,hibogi_ai_00951_png,HIBOGI_AI_00951_png_jpg.rf.3e7f5622b1ec2728a3c158af22b7465b.jpg,,0,0,no_caries,no_caries,0.9315,0.93151,0.01886,0.03782,0.0118
crops/hibogi_ai_00951_png_7.jpg,hibogi_ai_00951_png,HIBOGI_AI_00951_png_jpg.rf.3e7f5622b1ec2728a3c158af22b7465b.jpg,,0,0,no_caries,no_caries,0.5746,0.57457,0.23241,0.14611,0.0469
crops/hibogi_ai_00951_png_8.jpg,hibogi_ai_00951_png,HIBOGI_AI_00951_png_jpg.rf.3e7f5622b1ec2728a3c158af22b7465b.jpg,,3,0,moderate,mild,0.407,0.31314,0.407,0.24302,0.03684
crops/hibogi_ai_00951_png_9.jpg,hibogi_ai_00951_png,HIBOGI_AI_00951_png_jpg.rf.3e7f5622b1ec2728a3c158af22b7465b.jpg,,0,0,no_caries,no_caries,0.5056,0.50555,0.3866,0.07019,0.03765
crops/hibogi_ai_00951_png_10.jpg,hibogi_ai_00951_png,HIBOGI_AI_00951_png_jpg.rf.3e7f5622b1ec2728a3c158af22b7465b.jpg,,3,0,moderate,mild,0.4431,0.07237,0.44311,0.43622,0.04831
crops/hibogi_ai_00951_png_11.jpg,hibogi_ai_00951_png,HIBOGI_AI_00951_png_jpg.rf.3e7f5622b1ec2728a3c158af22b7465b.jpg,,0,0,no_caries,no_caries,0.6501,0.65011,0.26327,0.05344,0.03318
crops/hibogi_ai_00951_png_12.jpg,hibogi_ai_00951_png,HIBOGI_AI_00951_png_jpg.rf.3e7f5622b1ec2728a3c158af22b7465b.jpg,,0,0,no_caries,no_caries,0.8782,0.87816,0.04009,0.06535,0.0164
crops/hibogi_ai_00951_png_13.jpg,hibogi_ai_00951_png,HIBOGI_AI_00951_png_jpg.rf.3e7f5622b1ec2728a3c158af22b7465b.jpg,,0,0,no_caries,no_caries,0.8875,0.88749,0.03062,0.06765,0.01424
crops/hibogi_ai_00951_png_14.jpg,hibogi_ai_00951_png,HIBOGI_AI_00951_png_jpg.rf.3e7f5622b1ec2728a3c158af22b7465b.jpg,,0,0,no_caries,no_caries,0.8233,0.82333,0.09117,0.05404,0.03146
crops/hibogi_ai_00951_png_15.jpg,hibogi_ai_00951_png,HIBOGI_AI_00951_png_jpg.rf.3e7f5622b1ec2728a3c158af22b7465b.jpg,,0,0,no_caries,no_caries,0.7645,0.76448,0.1514,0.07306,0.01106
crops/hibogi_ai_00979_0.jpg,hibogi_ai_00979,HIBOGI_AI_00979_jpg.rf.46f6d549e3a3d4fabfa546185ea56bca.jpg,,0,0,no_caries,mild,0.7635,0.16252,0.76349,0.04006,0.03393
crops/hibogi_ai_00979_1.jpg,hibogi_ai_00979,HIBOGI_AI_00979_jpg.rf.46f6d549e3a3d4fabfa546185ea56bca.jpg,,0,0,no_caries,no_caries,0.5888,0.58883,0.2396,0.1203,0.05127
crops/hibogi_ai_00979_2.jpg,hibogi_ai_00979,HIBOGI_AI_00979_jpg.rf.46f6d549e3a3d4fabfa546185ea56bca.jpg,,0,0,no_caries,no_caries,0.7551,0.7551,0.14079,0.06203,0.04209
crops/hibogi_ai_00979_3.jpg,hibogi_ai_00979,HIBOGI_AI_00979_jpg.rf.46f6d549e3a3d4fabfa546185ea56bca.jpg,,0,0,no_caries,no_caries,0.722,0.72201,0.1001,0.12797,0.04992
crops/hibogi_ai_00979_4.jpg,hibogi_ai_00979,HIBOGI_AI_00979_jpg.rf.46f6d549e3a3d4fabfa546185ea56bca.jpg,,0,0,no_caries,no_caries,0.7717,0.77166,0.10179,0.08002,0.04653
crops/hibogi_ai_00979_5.jpg,hibogi_ai_00979,HIBOGI_AI_00979_jpg.rf.46f6d549e3a3d4fabfa546185ea56bca.jpg,,0,0,no_caries,no_caries,0.7665,0.76647,0.14886,0.05802,0.02666
crops/hibogi_ai_00979_6.jpg,hibogi_ai_00979,HIBOGI_AI_00979_jpg.rf.46f6d549e3a3d4fabfa546185ea56bca.jpg,,0,0,no_caries,no_caries,0.7738,0.77382,0.15822,0.03781,0.03016
crops/hibogi_ai_00979_7.jpg,hibogi_ai_00979,HIBOGI_AI_00979_jpg.rf.46f6d549e3a3d4fabfa546185ea56bca.jpg,,0,0,no_caries,no_caries,0.759,0.75897,0.16991,0.04328,0.02784
crops/hibogi_ai_00979_8.jpg,hibogi_ai_00979,HIBOGI_AI_00979_jpg.rf.46f6d549e3a3d4fabfa546185ea56bca.jpg,,0,0,no_caries,no_caries,0.7811,0.78114,0.12579,0.06226,0.03081
crops/hibogi_ai_00979_9.jpg,hibogi_ai_00979,HIBOGI_AI_00979_jpg.rf.46f6d549e3a3d4fabfa546185ea56bca.jpg,,0,0,no_caries,no_caries,0.8229,0.82286,0.10247,0.04619,0.02847
crops/hibogi_ai_00979_10.jpg,hibogi_ai_00979,HIBOGI_AI_00979_jpg.rf.46f6d549e3a3d4fabfa546185ea56bca.jpg,,0,0,no_caries,no_caries,0.7021,0.70211,0.19552,0.06979,0.03258
crops/hibogi_ai_00995_0.jpg,hibogi_ai_00995,HIBOGI_AI_00995_jpg.rf.4dec89ca463927b6f030a1e1c732517a.jpg,,0,0,no_caries,no_caries,0.7256,0.72562,0.12897,0.11409,0.03131
crops/hibogi_ai_00995_1.jpg,hibogi_ai_00995,HIBOGI_AI_00995_jpg.rf.4dec89ca463927b6f030a1e1c732517a.jpg,,0,0,no_caries,no_caries,0.7784,0.77839,0.08716,0.09215,0.04229
crops/hibogi_ai_00995_2.jpg,hibogi_ai_00995,HIBOGI_AI_00995_jpg.rf.4dec89ca463927b6f030a1e1c732517a.jpg,,3,0,moderate,moderate,0.6413,0.12991,0.08587,0.64133,0.14288
crops/hibogi_ai_00995_3.jpg,hibogi_ai_00995,HIBOGI_AI_00995_jpg.rf.4dec89ca463927b6f030a1e1c732517a.jpg,,0,0,no_caries,no_caries,0.8167,0.81667,0.07516,0.0625,0.04568
crops/hibogi_ai_00995_4.jpg,hibogi_ai_00995,HIBOGI_AI_00995_jpg.rf.4dec89ca463927b6f030a1e1c732517a.jpg,,0,0,no_caries,no_caries,0.851,0.85099,0.05162,0.05851,0.03889
crops/hibogi_ai_00995_5.jpg,hibogi_ai_00995,HIBOGI_AI_00995_jpg.rf.4dec89ca463927b6f030a1e1c732517a.jpg,,0,0,no_caries,no_caries,0.6588,0.65876,0.1662,0.13911,0.03592
crops/hibogi_ai_00995_6.jpg,hibogi_ai_00995,HIBOGI_AI_00995_jpg.rf.4dec89ca463927b6f030a1e1c732517a.jpg,,0,0,no_caries,no_caries,0.7895,0.78948,0.10128,0.08945,0.01979
crops/hibogi_ai_00995_7.jpg,hibogi_ai_00995,HIBOGI_AI_00995_jpg.rf.4dec89ca463927b6f030a1e1c732517a.jpg,,0,0,no_caries,no_caries,0.6777,0.67769,0.18058,0.10613,0.03559
crops/hibogi_ai_00995_8.jpg,hibogi_ai_00995,HIBOGI_AI_00995_jpg.rf.4dec89ca463927b6f030a1e1c732517a.jpg,,0,0,no_caries,mild,0.4569,0.28803,0.45693,0.23104,0.024
crops/hibogi_ai_00995_9.jpg,hibogi_ai_00995,HIBOGI_AI_00995_jpg.rf.4dec89ca463927b6f030a1e1c732517a.jpg,,0,0,no_caries,no_caries,0.7207,0.7207,0.16267,0.08764,0.02899
crops/hibogi_ai_00995_10.jpg,hibogi_ai_00995,HIBOGI_AI_00995_jpg.rf.4dec89ca463927b6f030a1e1c732517a.jpg,,0,0,no_caries,no_caries,0.7918,0.79178,0.11358,0.06882,0.02581
crops/hibogi_ai_00995_11.jpg,hibogi_ai_00995,HIBOGI_AI_00995_jpg.rf.4dec89ca463927b6f030a1e1c732517a.jpg,,0,0,no_caries,no_caries,0.7663,0.76632,0.11745,0.08154,0.03469
crops/hibogi_ai_00995_12.jpg,hibogi_ai_00995,HIBOGI_AI_00995_jpg.rf.4dec89ca463927b6f030a1e1c732517a.jpg,,0,0,no_caries,no_caries,0.8123,0.8123,0.09653,0.06475,0.02641
crops/hibogi_ai_00995_13.jpg,hibogi_ai_00995,HIBOGI_AI_00995_jpg.rf.4dec89ca463927b6f030a1e1c732517a.jpg,,0,0,no_caries,no_caries,0.752,0.75205,0.15408,0.06553,0.02834
crops/hibogi_ai_00995_14.jpg,hibogi_ai_00995,HIBOGI_AI_00995_jpg.rf.4dec89ca463927b6f030a1e1c732517a.jpg,,3,0,moderate,no_caries,0.3444,0.34444,0.06323,0.29297,0.29936
crops/hibogi_ai_00997_0.jpg,hibogi_ai_00997,HIBOGI_AI_00997_jpg.rf.fe6cc58e1139bd955850ef6221d5afd5.jpg,,0,0,no_caries,no_caries,0.4754,0.47537,0.29149,0.15552,0.07761
crops/hibogi_ai_00997_1.jpg,hibogi_ai_00997,HIBOGI_AI_00997_jpg.rf.fe6cc58e1139bd955850ef6221d5afd5.jpg,,0,0,no_caries,no_caries,0.7647,0.76469,0.14123,0.07321,0.02086
crops/hibogi_ai_00997_2.jpg,hibogi_ai_00997,HIBOGI_AI_00997_jpg.rf.fe6cc58e1139bd955850ef6221d5afd5.jpg,,0,0,no_caries,no_caries,0.6025,0.60252,0.27963,0.0798,0.03804
crops/hibogi_ai_00997_3.jpg,hibogi_ai_00997,HIBOGI_AI_00997_jpg.rf.fe6cc58e1139bd955850ef6221d5afd5.jpg,,0,0,no_caries,no_caries,0.7875,0.78748,0.0922,0.0823,0.03803
crops/hibogi_ai_00997_4.jpg,hibogi_ai_00997,HIBOGI_AI_00997_jpg.rf.fe6cc58e1139bd955850ef6221d5afd5.jpg,,3,0,moderate,moderate,0.5337,0.18077,0.08414,0.53374,0.20135
crops/hibogi_ai_00997_5.jpg,hibogi_ai_00997,HIBOGI_AI_00997_jpg.rf.fe6cc58e1139bd955850ef6221d5afd5.jpg,,0,0,no_caries,no_caries,0.8306,0.83058,0.07352,0.05589,0.04001
crops/hibogi_ai_00997_6.jpg,hibogi_ai_00997,HIBOGI_AI_00997_jpg.rf.fe6cc58e1139bd955850ef6221d5afd5.jpg,,0,0,no_caries,no_caries,0.8322,0.83222,0.08524,0.0574,0.02514
crops/hibogi_ai_00997_7.jpg,hibogi_ai_00997,HIBOGI_AI_00997_jpg.rf.fe6cc58e1139bd955850ef6221d5afd5.jpg,,0,0,no_caries,no_caries,0.762,0.76199,0.17047,0.03937,0.02816
crops/hibogi_ai_00997_8.jpg,hibogi_ai_00997,HIBOGI_AI_00997_jpg.rf.fe6cc58e1139bd955850ef6221d5afd5.jpg,,0,0,no_caries,no_caries,0.7039,0.70389,0.16551,0.08556,0.04504
crops/hibogi_ai_00997_9.jpg,hibogi_ai_00997,HIBOGI_AI_00997_jpg.rf.fe6cc58e1139bd955850ef6221d5afd5.jpg,,0,0,no_caries,no_caries,0.7537,0.75365,0.16414,0.06073,0.02148
crops/hibogi_ai_00997_10.jpg,hibogi_ai_00997,HIBOGI_AI_00997_jpg.rf.fe6cc58e1139bd955850ef6221d5afd5.jpg,,0,0,no_caries,no_caries,0.822,0.822,0.05969,0.09029,0.02802
crops/hibogi_ai_00997_11.jpg,hibogi_ai_00997,HIBOGI_AI_00997_jpg.rf.fe6cc58e1139bd955850ef6221d5afd5.jpg,,0,0,no_caries,no_caries,0.8145,0.81449,0.06698,0.08163,0.0369
crops/hibogi_ai_00997_12.jpg,hibogi_ai_00997,HIBOGI_AI_00997_jpg.rf.fe6cc58e1139bd955850ef6221d5afd5.jpg,,0,0,no_caries,no_caries,0.7593,0.75925,0.06712,0.10349,0.07013
crops/hibogi_ai_00997_14.jpg,hibogi_ai_00997,HIBOGI_AI_00997_jpg.rf.fe6cc58e1139bd955850ef6221d5afd5.jpg,,0,0,no_caries,moderate,0.5653,0.22825,0.02,0.56534,0.18641
crops/hibogi_ai_01082_0.jpg,hibogi_ai_01082,HIBOGI_AI_01082_jpg.rf.fd5c09cceaaa3e934d3e09515c0becef.jpg,,6,0,advanced,advanced,0.7089,0.05763,0.15185,0.08163,0.70889
crops/hibogi_ai_01082_1.jpg,hibogi_ai_01082,HIBOGI_AI_01082_jpg.rf.fd5c09cceaaa3e934d3e09515c0becef.jpg,,0,0,no_caries,no_caries,0.5684,0.56839,0.12091,0.10492,0.20578
crops/hibogi_ai_01082_2.jpg,hibogi_ai_01082,HIBOGI_AI_01082_jpg.rf.fd5c09cceaaa3e934d3e09515c0becef.jpg,,0,0,no_caries,no_caries,0.4414,0.44142,0.34799,0.17285,0.03774
crops/hibogi_ai_01082_3.jpg,hibogi_ai_01082,HIBOGI_AI_01082_jpg.rf.fd5c09cceaaa3e934d3e09515c0becef.jpg,,0,0,no_caries,no_caries,0.5482,0.54817,0.31965,0.0931,0.03908
crops/hibogi_ai_01082_4.jpg,hibogi_ai_01082,HIBOGI_AI_01082_jpg.rf.fd5c09cceaaa3e934d3e09515c0becef.jpg,,0,0,no_caries,no_caries,0.8614,0.8614,0.05214,0.05323,0.03322
crops/hibogi_ai_01082_5.jpg,hibogi_ai_01082,HIBOGI_AI_01082_jpg.rf.fd5c09cceaaa3e934d3e09515c0becef.jpg,,0,0,no_caries,no_caries,0.7264,0.72641,0.18494,0.06359,0.02506
crops/hibogi_ai_01082_6.jpg,hibogi_ai_01082,HIBOGI_AI_01082_jpg.rf.fd5c09cceaaa3e934d3e09515c0becef.jpg,,0,0,no_caries,no_caries,0.8043,0.80432,0.12505,0.04073,0.0299
crops/hibogi_ai_01082_7.jpg,hibogi_ai_01082,HIBOGI_AI_01082_jpg.rf.fd5c09cceaaa3e934d3e09515c0becef.jpg,,0,0,no_caries,no_caries,0.8231,0.82306,0.09096,0.04454,0.04145
crops/hibogi_ai_01082_8.jpg,hibogi_ai_01082,HIBOGI_AI_01082_jpg.rf.fd5c09cceaaa3e934d3e09515c0becef.jpg,,0,0,no_caries,no_caries,0.8675,0.86749,0.06649,0.0393,0.02673
crops/hibogi_ai_01082_9.jpg,hibogi_ai_01082,HIBOGI_AI_01082_jpg.rf.fd5c09cceaaa3e934d3e09515c0becef.jpg,,0,0,no_caries,no_caries,0.4269,0.42691,0.41534,0.13504,0.02271
crops/hibogi_ai_01082_10.jpg,hibogi_ai_01082,HIBOGI_AI_01082_jpg.rf.fd5c09cceaaa3e934d3e09515c0becef.jpg,,0,0,no_caries,advanced,0.3681,0.33912,0.19633,0.09649,0.36805
crops/hibogi_ai_01082_11.jpg,hibogi_ai_01082,HIBOGI_AI_01082_jpg.rf.fd5c09cceaaa3e934d3e09515c0becef.jpg,,6,0,advanced,advanced,0.575,0.02939,0.25046,0.14516,0.57498
crops/hibogi_ai_01101_0.jpg,hibogi_ai_01101,HIBOGI_AI_01101_jpg.rf.1843f7cb8479cde15e295803b7284f3e.jpg,,0,0,no_caries,no_caries,0.6616,0.66162,0.22878,0.06683,0.04276
crops/hibogi_ai_01101_1.jpg,hibogi_ai_01101,HIBOGI_AI_01101_jpg.rf.1843f7cb8479cde15e295803b7284f3e.jpg,,0,0,no_caries,no_caries,0.8582,0.85825,0.05521,0.0592,0.02734
crops/hibogi_ai_01101_2.jpg,hibogi_ai_01101,HIBOGI_AI_01101_jpg.rf.1843f7cb8479cde15e295803b7284f3e.jpg,,0,0,no_caries,no_caries,0.8396,0.83964,0.07258,0.06112,0.02666
crops/hibogi_ai_01101_3.jpg,hibogi_ai_01101,HIBOGI_AI_01101_jpg.rf.1843f7cb8479cde15e295803b7284f3e.jpg,,0,0,no_caries,no_caries,0.8354,0.83543,0.09601,0.04501,0.02355
crops/hibogi_ai_01101_4.jpg,hibogi_ai_01101,HIBOGI_AI_01101_jpg.rf.1843f7cb8479cde15e295803b7284f3e.jpg,,0,0,no_caries,no_caries,0.7946,0.79456,0.10888,0.06671,0.02985
crops/hibogi_ai_01101_5.jpg,hibogi_ai_01101,HIBOGI_AI_01101_jpg.rf.1843f7cb8479cde15e295803b7284f3e.jpg,,0,0,no_caries,no_caries,0.6387,0.63873,0.24992,0.07822,0.03313
crops/hibogi_ai_01101_6.jpg,hibogi_ai_01101,HIBOGI_AI_01101_jpg.rf.1843f7cb8479cde15e295803b7284f3e.jpg,,0,0,no_caries,no_caries,0.4571,0.45705,0.24272,0.18791,0.11232
crops/hibogi_ai_01101_7.jpg,hibogi_ai_01101,HIBOGI_AI_01101_jpg.rf.1843f7cb8479cde15e295803b7284f3e.jpg,,0,0,no_caries,no_caries,0.7279,0.72787,0.14427,0.09883,0.02903
crops/hibogi_ai_01101_8.jpg,hibogi_ai_01101,HIBOGI_AI_01101_jpg.rf.1843f7cb8479cde15e295803b7284f3e.jpg,,0,0,no_caries,no_caries,0.7743,0.7743,0.13633,0.05425,0.03512
crops/hibogi_ai_01101_9.jpg,hibogi_ai_01101,HIBOGI_AI_01101_jpg.rf.1843f7cb8479cde15e295803b7284f3e.jpg,,0,0,no_caries,no_caries,0.798,0.79799,0.12278,0.04962,0.02961
crops/hibogi_ai_01101_10.jpg,hibogi_ai_01101,HIBOGI_AI_01101_jpg.rf.1843f7cb8479cde15e295803b7284f3e.jpg,,0,0,no_caries,no_caries,0.8105,0.81047,0.08907,0.06444,0.03602
crops/hibogi_ai_01101_11.jpg,hibogi_ai_01101,HIBOGI_AI_01101_jpg.rf.1843f7cb8479cde15e295803b7284f3e.jpg,,0,0,no_caries,no_caries,0.8387,0.83872,0.06911,0.05471,0.03747
crops/hibogi_ai_01101_12.jpg,hibogi_ai_01101,HIBOGI_AI_01101_jpg.rf.1843f7cb8479cde15e295803b7284f3e.jpg,,0,0,no_caries,no_caries,0.8797,0.87969,0.0542,0.04303,0.02308
crops/hibogi_ai_01101_13.jpg,hibogi_ai_01101,HIBOGI_AI_01101_jpg.rf.1843f7cb8479cde15e295803b7284f3e.jpg,,0,0,no_caries,no_caries,0.4375,0.43746,0.0794,0.32506,0.15807
crops/hibogi_ai_01126_png_0.jpg,hibogi_ai_01126_png,HIBOGI_AI_01126_png_jpg.rf.dd093672a894c069792035565b6b7212.jpg,,3,0,moderate,mild,0.4061,0.28157,0.40612,0.23921,0.0731
crops/hibogi_ai_01126_png_1.jpg,hibogi_ai_01126_png,HIBOGI_AI_01126_png_jpg.rf.dd093672a894c069792035565b6b7212.jpg,,2,0,mild,no_caries,0.5037,0.5037,0.28065,0.16416,0.05149
crops/hibogi_ai_01126_png_2.jpg,hibogi_ai_01126_png,HIBOGI_AI_01126_png_jpg.rf.dd093672a894c069792035565b6b7212.jpg,,2,0,mild,no_caries,0.5595,0.55946,0.28093,0.10504,0.05458
crops/hibogi_ai_01126_png_3.jpg,hibogi_ai_01126_png,HIBOGI_AI_01126_png_jpg.rf.dd093672a894c069792035565b6b7212.jpg,,0,0,no_caries,no_caries,0.8008,0.80076,0.07812,0.0884,0.03273
crops/hibogi_ai_01126_png_4.jpg,hibogi_ai_01126_png,HIBOGI_AI_01126_png_jpg.rf.dd093672a894c069792035565b6b7212.jpg,,0,0,no_caries,no_caries,0.7962,0.79621,0.06316,0.10612,0.03451
crops/hibogi_ai_01126_png_5.jpg,hibogi_ai_01126_png,HIBOGI_AI_01126_png_jpg.rf.dd093672a894c069792035565b6b7212.jpg,,0,0,no_caries,no_caries,0.4777,0.4777,0.07823,0.38157,0.06251
crops/hibogi_ai_01126_png_6.jpg,hibogi_ai_01126_png,HIBOGI_AI_01126_png_jpg.rf.dd093672a894c069792035565b6b7212.jpg,,5,0,advanced,mild,0.4199,0.11988,0.41992,0.10984,0.35036
crops/hibogi_ai_01126_png_7.jpg,hibogi_ai_01126_png,HIBOGI_AI_01126_png_jpg.rf.dd093672a894c069792035565b6b7212.jpg,,3,0,moderate,mild,0.5415,0.24406,0.54153,0.12734,0.08707
crops/hibogi_ai_01126_png_8.jpg,hibogi_ai_01126_png,HIBOGI_AI_01126_png_jpg.rf.dd093672a894c069792035565b6b7212.jpg,,5,0,advanced,advanced,0.692,0.09232,0.06113,0.15454,0.69201
crops/hibogi_ai_01126_png_9.jpg,hibogi_ai_01126_png,HIBOGI_AI_01126_png_jpg.rf.dd093672a894c069792035565b6b7212.jpg,,0,0,no_caries,moderate,0.336,0.30004,0.1633,0.33604,0.20061
crops/hibogi_ai_01126_png_10.jpg,hibogi_ai_01126_png,HIBOGI_AI_01126_png_jpg.rf.dd093672a894c069792035565b6b7212.jpg,,0,0,no_caries,no_caries,0.6111,0.6111,0.26128,0.07207,0.05555
crops/hibogi_ai_01126_png_11.jpg,hibogi_ai_01126_png,HIBOGI_AI_01126_png_jpg.rf.dd093672a894c069792035565b6b7212.jpg,,0,0,no_caries,no_caries,0.7689,0.76885,0.15786,0.04697,0.02632
crops/hibogi_ai_01126_png_12.jpg,hibogi_ai_01126_png,HIBOGI_AI_01126_png_jpg.rf.dd093672a894c069792035565b6b7212.jpg,,0,0,no_caries,no_caries,0.7004,0.70036,0.18153,0.06597,0.05215
crops/hibogi_ai_01126_png_13.jpg,hibogi_ai_01126_png,HIBOGI_AI_01126_png_jpg.rf.dd093672a894c069792035565b6b7212.jpg,,0,0,no_caries,no_caries,0.8547,0.85467,0.05669,0.06253,0.02611
crops/hibogi_ai_01126_png_14.jpg,hibogi_ai_01126_png,HIBOGI_AI_01126_png_jpg.rf.dd093672a894c069792035565b6b7212.jpg,,0,0,no_caries,no_caries,0.7231,0.72313,0.16234,0.05795,0.05659
crops/hibogi_ai_01126_png_15.jpg,hibogi_ai_01126_png,HIBOGI_AI_01126_png_jpg.rf.dd093672a894c069792035565b6b7212.jpg,,0,0,no_caries,no_caries,0.5359,0.53588,0.34097,0.10242,0.02074
crops/hibogi_ai_01126_png_16.jpg,hibogi_ai_01126_png,HIBOGI_AI_01126_png_jpg.rf.dd093672a894c069792035565b6b7212.jpg,,0,0,no_caries,no_caries,0.5181,0.51807,0.26814,0.1777,0.03609
crops/hibogi_ai_01126_png_17.jpg,hibogi_ai_01126_png,HIBOGI_AI_01126_png_jpg.rf.dd093672a894c069792035565b6b7212.jpg,,0,0,no_caries,moderate,0.405,0.26864,0.25484,0.40501,0.07151
crops/hibogi_ai_01166_0.jpg,hibogi_ai_01166,HIBOGI_AI_01166_jpg.rf.8e40ba600225b66804591f54793da23e.jpg,,1,0,mild,mild,0.4368,0.05182,0.43684,0.11134,0.40001
crops/hibogi_ai_01166_1.jpg,hibogi_ai_01166,HIBOGI_AI_01166_jpg.rf.8e40ba600225b66804591f54793da23e.jpg,,1,0,mild,moderate,0.4477,0.20152,0.30076,0.4477,0.05002
crops/hibogi_ai_01166_2.jpg,hibogi_ai_01166,HIBOGI_AI_01166_jpg.rf.8e40ba600225b66804591f54793da23e.jpg,,0,0,no_caries,no_caries,0.6962,0.69623,0.11316,0.1385,0.0521
crops/hibogi_ai_01166_3.jpg,hibogi_ai_01166,HIBOGI_AI_01166_jpg.rf.8e40ba600225b66804591f54793da23e.jpg,,0,0,no_caries,no_caries,0.9241,0.92414,0.01453,0.03799,0.02334
crops/hibogi_ai_01166_4.jpg,hibogi_ai_01166,HIBOGI_AI_01166_jpg.rf.8e40ba600225b66804591f54793da23e.jpg,,0,0,no_caries,no_caries,0.8647,0.86466,0.03287,0.07388,0.02858
crops/hibogi_ai_01166_5.jpg,hibogi_ai_01166,HIBOGI_AI_01166_jpg.rf.8e40ba600225b66804591f54793da23e.jpg,,0,0,no_caries,no_caries,0.7756,0.77556,0.07625,0.11845,0.02973
crops/hibogi_ai_01166_6.jpg,hibogi_ai_01166,HIBOGI_AI_01166_jpg.rf.8e40ba600225b66804591f54793da23e.jpg,,0,0,no_caries,advanced,0.4211,0.16724,0.07386,0.33784,0.42107
crops/hibogi_ai_01166_7.jpg,hibogi_ai_01166,HIBOGI_AI_01166_jpg.rf.8e40ba600225b66804591f54793da23e.jpg,,0,0,no_caries,mild,0.5202,0.22769,0.52023,0.22919,0.02289
crops/hibogi_ai_01166_8.jpg,hibogi_ai_01166,HIBOGI_AI_01166_jpg.rf.8e40ba600225b66804591f54793da23e.jpg,,0,0,no_caries,no_caries,0.8216,0.82162,0.07069,0.08642,0.02126
crops/hibogi_ai_01166_9.jpg,hibogi_ai_01166,HIBOGI_AI_01166_jpg.rf.8e40ba600225b66804591f54793da23e.jpg,,5,0,advanced,advanced,0.7207,0.00835,0.01818,0.25274,0.72073
crops/hibogi_ai_01219_0.jpg,hibogi_ai_01219,HIBOGI_AI_01219_jpg.rf.a2cf3face43d6e0e01095a11d8122690.jpg,,1,0,mild,no_caries,0.6687,0.66868,0.20878,0.08208,0.04046
crops/hibogi_ai_01219_1.jpg,hibogi_ai_01219,HIBOGI_AI_01219_jpg.rf.a2cf3face43d6e0e01095a11d8122690.jpg,,5,0,advanced,moderate,0.3528,0.3284,0.10629,0.35279,0.21252
crops/hibogi_ai_01219_2.jpg,hibogi_ai_01219,HIBOGI_AI_01219_jpg.rf.a2cf3face43d6e0e01095a11d8122690.jpg,,5,0,advanced,advanced,0.8888,0.00734,0.05529,0.04852,0.88884
crops/hibogi_ai_01219_3.jpg,hibogi_ai_01219,HIBOGI_AI_01219_jpg.rf.a2cf3face43d6e0e01095a11d8122690.jpg,,0,0,no_caries,no_caries,0.8084,0.80836,0.12795,0.04102,0.02268
crops/hibogi_ai_01219_4.jpg,hibogi_ai_01219,HIBOGI_AI_01219_jpg.rf.a2cf3face43d6e0e01095a11d8122690.jpg,,0,0,no_caries,no_caries,0.6003,0.60033,0.0694,0.08658,0.24369
crops/hibogi_ai_01271_png_0.jpg,hibogi_ai_01271_png,HIBOGI_AI_01271_png_jpg.rf.0093373fed8b1656a4d8ce6da2a80291.jpg,,0,0,no_caries,no_caries,0.6736,0.67356,0.13084,0.14151,0.05409
crops/hibogi_ai_01271_png_1.jpg,hibogi_ai_01271_png,HIBOGI_AI_01271_png_jpg.rf.0093373fed8b1656a4d8ce6da2a80291.jpg,,0,0,no_caries,no_caries,0.81,0.80998,0.0916,0.0714,0.02702
crops/hibogi_ai_01271_png_2.jpg,hibogi_ai_01271_png,HIBOGI_AI_01271_png_jpg.rf.0093373fed8b1656a4d8ce6da2a80291.jpg,,0,0,no_caries,no_caries,0.7641,0.76405,0.15842,0.05251,0.02502
crops/hibogi_ai_01271_png_3.jpg,hibogi_ai_01271_png,HIBOGI_AI_01271_png_jpg.rf.0093373fed8b1656a4d8ce6da2a80291.jpg,,0,0,no_caries,no_caries,0.8427,0.84266,0.07284,0.04815,0.03636
crops/hibogi_ai_01271_png_4.jpg,hibogi_ai_01271_png,HIBOGI_AI_01271_png_jpg.rf.0093373fed8b1656a4d8ce6da2a80291.jpg,,0,0,no_caries,no_caries,0.8304,0.83037,0.0835,0.05762,0.02851
crops/hibogi_ai_01271_png_5.jpg,hibogi_ai_01271_png,HIBOGI_AI_01271_png_jpg.rf.0093373fed8b1656a4d8ce6da2a80291.jpg,,0,0,no_caries,no_caries,0.872,0.87195,0.03728,0.0636,0.02716
crops/hibogi_ai_01271_png_6.jpg,hibogi_ai_01271_png,HIBOGI_AI_01271_png_jpg.rf.0093373fed8b1656a4d8ce6da2a80291.jpg,,0,0,no_caries,no_caries,0.8949,0.89486,0.02593,0.05697,0.02224
crops/hibogi_ai_01271_png_7.jpg,hibogi_ai_01271_png,HIBOGI_AI_01271_png_jpg.rf.0093373fed8b1656a4d8ce6da2a80291.jpg,,0,0,no_caries,moderate,0.4553,0.11312,0.41179,0.45533,0.01976
crops/hibogi_ai_01271_png_8.jpg,hibogi_ai_01271_png,HIBOGI_AI_01271_png_jpg.rf.0093373fed8b1656a4d8ce6da2a80291.jpg,,0,0,no_caries,mild,0.4985,0.34485,0.49849,0.11001,0.04665
crops/hibogi_ai_01271_png_9.jpg,hibogi_ai_01271_png,HIBOGI_AI_01271_png_jpg.rf.0093373fed8b1656a4d8ce6da2a80291.jpg,,0,0,no_caries,no_caries,0.7515,0.75146,0.18139,0.04616,0.02099
crops/hibogi_ai_01271_png_10.jpg,hibogi_ai_01271_png,HIBOGI_AI_01271_png_jpg.rf.0093373fed8b1656a4d8ce6da2a80291.jpg,,0,0,no_caries,no_caries,0.8857,0.88571,0.05803,0.03758,0.01868
crops/hibogi_ai_01271_png_11.jpg,hibogi_ai_01271_png,HIBOGI_AI_01271_png_jpg.rf.0093373fed8b1656a4d8ce6da2a80291.jpg,,0,0,no_caries,no_caries,0.7757,0.77568,0.13287,0.06453,0.02692
crops/hibogi_ai_01271_png_12.jpg,hibogi_ai_01271_png,HIBOGI_AI_01271_png_jpg.rf.0093373fed8b1656a4d8ce6da2a80291.jpg,,0,0,no_caries,no_caries,0.8252,0.82515,0.04668,0.09804,0.03012
crops/hibogi_ai_01271_png_13.jpg,hibogi_ai_01271_png,HIBOGI_AI_01271_png_jpg.rf.0093373fed8b1656a4d8ce6da2a80291.jpg,,0,0,no_caries,no_caries,0.8863,0.88632,0.03289,0.056,0.02479
crops/hibogi_ai_01271_png_14.jpg,hibogi_ai_01271_png,HIBOGI_AI_01271_png_jpg.rf.0093373fed8b1656a4d8ce6da2a80291.jpg,,0,0,no_caries,no_caries,0.7882,0.78819,0.05223,0.11613,0.04345
crops/hibogi_ai_01282_png_0.jpg,hibogi_ai_01282_png,HIBOGI_AI_01282_png_jpg.rf.67ae374fcf39f6a428e6d06e620927a9.jpg,,5,0,advanced,no_caries,0.326,0.32596,0.21341,0.27464,0.18599
crops/hibogi_ai_01282_png_1.jpg,hibogi_ai_01282_png,HIBOGI_AI_01282_png_jpg.rf.67ae374fcf39f6a428e6d06e620927a9.jpg,,0,0,no_caries,no_caries,0.7235,0.7235,0.11027,0.14025,0.02597
crops/hibogi_ai_01282_png_2.jpg,hibogi_ai_01282_png,HIBOGI_AI_01282_png_jpg.rf.67ae374fcf39f6a428e6d06e620927a9.jpg,,0,0,no_caries,no_caries,0.7361,0.73609,0.15937,0.06946,0.03508
crops/hibogi_ai_01282_png_3.jpg,hibogi_ai_01282_png,HIBOGI_AI_01282_png_jpg.rf.67ae374fcf39f6a428e6d06e620927a9.jpg,,0,0,no_caries,no_caries,0.7687,0.76869,0.13081,0.06721,0.03329
crops/hibogi_ai_01282_png_4.jpg,hibogi_ai_01282_png,HIBOGI_AI_01282_png_jpg.rf.67ae374fcf39f6a428e6d06e620927a9.jpg,,0,0,no_caries,no_caries,0.8286,0.82858,0.08941,0.0589,0.02311
crops/hibogi_ai_01282_png_5.jpg,hibogi_ai_01282_png,HIBOGI_AI_01282_png_jpg.rf.67ae374fcf39f6a428e6d06e620927a9.jpg,,4,0,moderate,moderate,0.412,0.10694,0.32217,0.41202,0.15887
crops/hibogi_ai_01282_png_6.jpg,hibogi_ai_01282_png,HIBOGI_AI_01282_png_jpg.rf.67ae374fcf39f6a428e6d06e620927a9.jpg,,0,0,no_caries,moderate,0.6118,0.13382,0.16422,0.6118,0.09016
crops/hibogi_ai_01282_png_7.jpg,hibogi_ai_01282_png,HIBOGI_AI_01282_png_jpg.rf.67ae374fcf39f6a428e6d06e620927a9.jpg,,4,0,moderate,moderate,0.7906,0.08496,0.02021,0.79065,0.10418
crops/hibogi_ai_01282_png_8.jpg,hibogi_ai_01282_png,HIBOGI_AI_01282_png_jpg.rf.67ae374fcf39f6a428e6d06e620927a9.jpg,,0,0,no_caries,moderate,0.4409,0.14501,0.22689,0.44092,0.18718
crops/hibogi_ai_01282_png_9.jpg,hibogi_ai_01282_png,HIBOGI_AI_01282_png_jpg.rf.67ae374fcf39f6a428e6d06e620927a9.jpg,,0,0,no_caries,no_caries,0.7067,0.70672,0.19403,0.07295,0.0263
crops/hibogi_ai_01282_png_10.jpg,hibogi_ai_01282_png,HIBOGI_AI_01282_png_jpg.rf.67ae374fcf39f6a428e6d06e620927a9.jpg,,0,0,no_caries,mild,0.3938,0.37546,0.39383,0.16143,0.06929
crops/hibogi_ai_01282_png_11.jpg,hibogi_ai_01282_png,HIBOGI_AI_01282_png_jpg.rf.67ae374fcf39f6a428e6d06e620927a9.jpg,,0,0,no_caries,no_caries,0.4479,0.44793,0.33275,0.16916,0.05017
crops/hibogi_ai_01282_png_12.jpg,hibogi_ai_01282_png,HIBOGI_AI_01282_png_jpg.rf.67ae374fcf39f6a428e6d06e620927a9.jpg,,0,0,no_caries,no_caries,0.7906,0.79062,0.14404,0.03941,0.02592
crops/hibogi_ai_01282_png_13.jpg,hibogi_ai_01282_png,HIBOGI_AI_01282_png_jpg.rf.67ae374fcf39f6a428e6d06e620927a9.jpg,,0,0,no_caries,no_caries,0.8375,0.83752,0.06704,0.05382,0.04161
crops/hibogi_ai_01282_png_14.jpg,hibogi_ai_01282_png,HIBOGI_AI_01282_png_jpg.rf.67ae374fcf39f6a428e6d06e620927a9.jpg,,0,0,no_caries,no_caries,0.8505,0.85047,0.06849,0.05216,0.02888
crops/hibogi_ai_01282_png_15.jpg,hibogi_ai_01282_png,HIBOGI_AI_01282_png_jpg.rf.67ae374fcf39f6a428e6d06e620927a9.jpg,,0,0,no_caries,no_caries,0.7685,0.76846,0.12285,0.08611,0.02258
crops/hibogi_ai_01282_png_16.jpg,hibogi_ai_01282_png,HIBOGI_AI_01282_png_jpg.rf.67ae374fcf39f6a428e6d06e620927a9.jpg,,2,0,mild,no_caries,0.4494,0.44938,0.15441,0.32939,0.06683
crops/hibogi_ai_01282_png_17.jpg,hibogi_ai_01282_png,HIBOGI_AI_01282_png_jpg.rf.67ae374fcf39f6a428e6d06e620927a9.jpg,,0,0,no_caries,no_caries,0.4383,0.43832,0.2317,0.29106,0.03892
crops/hibogi_ai_01289_png_0.jpg,hibogi_ai_01289_png,HIBOGI_AI_01289_png_jpg.rf.f2f6702881ec05f36195ab088fe48652.jpg,,5,0,advanced,moderate,0.4592,0.08894,0.1506,0.45917,0.30129
crops/hibogi_ai_01289_png_1.jpg,hibogi_ai_01289_png,HIBOGI_AI_01289_png_jpg.rf.f2f6702881ec05f36195ab088fe48652.jpg,,0,0,no_caries,no_caries,0.3063,0.30626,0.24328,0.30125,0.14921
crops/hibogi_ai_01289_png_2.jpg,hibogi_ai_01289_png,HIBOGI_AI_01289_png_jpg.rf.f2f6702881ec05f36195ab088fe48652.jpg,,0,0,no_caries,moderate,0.3354,0.1978,0.2944,0.33543,0.17237
crops/hibogi_ai_01289_png_3.jpg,hibogi_ai_01289_png,HIBOGI_AI_01289_png_jpg.rf.f2f6702881ec05f36195ab088fe48652.jpg,,0,0,no_caries,no_caries,0.8376,0.83763,0.07941,0.04661,0.03635
crops/hibogi_ai_01289_png_4.jpg,hibogi_ai_01289_png,HIBOGI_AI_01289_png_jpg.rf.f2f6702881ec05f36195ab088fe48652.jpg,,0,0,no_caries,no_caries,0.8944,0.89443,0.03156,0.04318,0.03083
crops/hibogi_ai_01289_png_5.jpg,hibogi_ai_01289_png,HIBOGI_AI_01289_png_jpg.rf.f2f6702881ec05f36195ab088fe48652.jpg,,0,0,no_caries,no_caries,0.793,0.79303,0.03433,0.11808,0.05456
crops/hibogi_ai_01289_png_6.jpg,hibogi_ai_01289_png,HIBOGI_AI_01289_png_jpg.rf.f2f6702881ec05f36195ab088fe48652.jpg,,0,0,no_caries,no_caries,0.8674,0.86735,0.01645,0.0796,0.0366
crops/hibogi_ai_01289_png_7.jpg,hibogi_ai_01289_png,HIBOGI_AI_01289_png_jpg.rf.f2f6702881ec05f36195ab088fe48652.jpg,,1,0,mild,no_caries,0.86,0.85998,0.06015,0.05781,0.02206
crops/hibogi_ai_01289_png_8.jpg,hibogi_ai_01289_png,HIBOGI_AI_01289_png_jpg.rf.f2f6702881ec05f36195ab088fe48652.jpg,,0,0,no_caries,no_caries,0.8396,0.83962,0.05146,0.0767,0.03223
crops/hibogi_ai_01289_png_9.jpg,hibogi_ai_01289_png,HIBOGI_AI_01289_png_jpg.rf.f2f6702881ec05f36195ab088fe48652.jpg,,0,0,no_caries,advanced,0.6856,0.05619,0.07962,0.17855,0.68565
crops/hibogi_ai_01289_png_10.jpg,hibogi_ai_01289_png,HIBOGI_AI_01289_png_jpg.rf.f2f6702881ec05f36195ab088fe48652.jpg,,6,0,advanced,advanced,0.9635,0.00535,0.01115,0.02004,0.96346
crops/hibogi_ai_01289_png_11.jpg,hibogi_ai_01289_png,HIBOGI_AI_01289_png_jpg.rf.f2f6702881ec05f36195ab088fe48652.jpg,,2,0,mild,moderate,0.6059,0.0437,0.08152,0.60586,0.26892
crops/hibogi_ai_01299_png_0.jpg,hibogi_ai_01299_png,HIBOGI_AI_01299_png_jpg.rf.7967cfe1afadf217bd46bc6164bd975a.jpg,,0,0,no_caries,no_caries,0.548,0.54797,0.13776,0.2447,0.06957
crops/hibogi_ai_01299_png_1.jpg,hibogi_ai_01299_png,HIBOGI_AI_01299_png_jpg.rf.7967cfe1afadf217bd46bc6164bd975a.jpg,,0,0,no_caries,no_caries,0.7481,0.74814,0.03927,0.14268,0.06991
crops/hibogi_ai_01299_png_2.jpg,hibogi_ai_01299_png,HIBOGI_AI_01299_png_jpg.rf.7967cfe1afadf217bd46bc6164bd975a.jpg,,0,0,no_caries,mild,0.5278,0.30114,0.52778,0.11457,0.05651
crops/hibogi_ai_01299_png_3.jpg,hibogi_ai_01299_png,HIBOGI_AI_01299_png_jpg.rf.7967cfe1afadf217bd46bc6164bd975a.jpg,,1,0,mild,moderate,0.5883,0.05461,0.32057,0.58834,0.03649
crops/hibogi_ai_01299_png_4.jpg,hibogi_ai_01299_png,HIBOGI_AI_01299_png_jpg.rf.7967cfe1afadf217bd46bc6164bd975a.jpg,,0,0,no_caries,no_caries,0.462,0.46197,0.28986,0.21453,0.03364
crops/hibogi_ai_01299_png_5.jpg,hibogi_ai_01299_png,HIBOGI_AI_01299_png_jpg.rf.7967cfe1afadf217bd46bc6164bd975a.jpg,,0,0,no_caries,no_caries,0.418,0.41799,0.20147,0.33034,0.0502
crops/hibogi_ai_01299_png_6.jpg,hibogi_ai_01299_png,HIBOGI_AI_01299_png_jpg.rf.7967cfe1afadf217bd46bc6164bd975a.jpg,,0,0,no_caries,no_caries,0.7347,0.73473,0.07941,0.14599,0.03987
crops/hibogi_ai_01299_png_7.jpg,hibogi_ai_01299_png,HIBOGI_AI_01299_png_jpg.rf.7967cfe1afadf217bd46bc6164bd975a.jpg,,0,0,no_caries,no_caries,0.8755,0.87554,0.02951,0.0685,0.02644
crops/hibogi_ai_01299_png_8.jpg,hibogi_ai_01299_png,HIBOGI_AI_01299_png_jpg.rf.7967cfe1afadf217bd46bc6164bd975a.jpg,,0,0,no_caries,no_caries,0.7216,0.72163,0.04083,0.17646,0.06107
crops/hibogi_ai_01299_png_9.jpg,hibogi_ai_01299_png,HIBOGI_AI_01299_png_jpg.rf.7967cfe1afadf217bd46bc6164bd975a.jpg,,0,0,no_caries,no_caries,0.842,0.84196,0.03507,0.07025,0.05272
crops/hibogi_ai_01299_png_10.jpg,hibogi_ai_01299_png,HIBOGI_AI_01299_png_jpg.rf.7967cfe1afadf217bd46bc6164bd975a.jpg,,0,0,no_caries,no_caries,0.8919,0.89192,0.03077,0.04882,0.02849
crops/hibogi_ai_01299_png_11.jpg,hibogi_ai_01299_png,HIBOGI_AI_01299_png_jpg.rf.7967cfe1afadf217bd46bc6164bd975a.jpg,,0,0,no_caries,no_caries,0.892,0.89198,0.03018,0.04596,0.03188
crops/hibogi_ai_01299_png_12.jpg,hibogi_ai_01299_png,HIBOGI_AI_01299_png_jpg.rf.7967cfe1afadf217bd46bc6164bd975a.jpg,,0,0,no_caries,no_caries,0.4223,0.42228,0.3351,0.20228,0.04034
crops/hibogi_ai_01299_png_13.jpg,hibogi_ai_01299_png,HIBOGI_AI_01299_png_jpg.rf.7967cfe1afadf217bd46bc6164bd975a.jpg,,0,0,no_caries,mild,0.4041,0.39028,0.40413,0.14013,0.06546
crops/hibogi_ai_01299_png_14.jpg,hibogi_ai_01299_png,HIBOGI_AI_01299_png_jpg.rf.7967cfe1afadf217bd46bc6164bd975a.jpg,,2,0,mild,moderate,0.4818,0.08117,0.14455,0.48177,0.29252
crops/hibogi_ai_01299_png_15.jpg,hibogi_ai_01299_png,HIBOGI_AI_01299_png_jpg.rf.7967cfe1afadf217bd46bc6164bd975a.jpg,,2,0,mild,mild,0.4298,0.10476,0.42978,0.29797,0.16749
crops/hibogi_ai_01334_png_0.jpg,hibogi_ai_01334_png,HIBOGI_AI_01334_png_jpg.rf.ef30a986397a8fd2ff72e645ed2b487b.jpg,,3,0,moderate,moderate,0.8895,0.01208,0.05177,0.88955,0.0466
crops/hibogi_ai_01334_png_1.jpg,hibogi_ai_01334_png,HIBOGI_AI_01334_png_jpg.rf.ef30a986397a8fd2ff72e645ed2b487b.jpg,,0,0,no_caries,moderate,0.4135,0.09459,0.18953,0.41349,0.30239
crops/hibogi_ai_01334_png_2.jpg,hibogi_ai_01334_png,HIBOGI_AI_01334_png_jpg.rf.ef30a986397a8fd2ff72e645ed2b487b.jpg,,1,0,mild,mild,0.3797,0.35224,0.37971,0.21832,0.04973
crops/hibogi_ai_01334_png_3.jpg,hibogi_ai_01334_png,HIBOGI_AI_01334_png_jpg.rf.ef30a986397a8fd2ff72e645ed2b487b.jpg,,0,0,no_caries,no_caries,0.8121,0.81213,0.10574,0.04866,0.03347
crops/hibogi_ai_01334_png_4.jpg,hibogi_ai_01334_png,HIBOGI_AI_01334_png_jpg.rf.ef30a986397a8fd2ff72e645ed2b487b.jpg,,0,0,no_caries,no_caries,0.7556,0.75563,0.05675,0.10953,0.07809
crops/hibogi_ai_01334_png_5.jpg,hibogi_ai_01334_png,HIBOGI_AI_01334_png_jpg.rf.ef30a986397a8fd2ff72e645ed2b487b.jpg,,0,0,no_caries,no_caries,0.7722,0.77219,0.04654,0.1131,0.06817
crops/hibogi_ai_01334_png_6.jpg,hibogi_ai_01334_png,HIBOGI_AI_01334_png_jpg.rf.ef30a986397a8fd2ff72e645ed2b487b.jpg,,0,0,no_caries,no_caries,0.8138,0.81377,0.03758,0.08859,0.06005
crops/hibogi_ai_01334_png_7.jpg,hibogi_ai_01334_png,HIBOGI_AI_01334_png_jpg.rf.ef30a986397a8fd2ff72e645ed2b487b.jpg,,0,0,no_caries,no_caries,0.8255,0.82554,0.05144,0.07053,0.05249
crops/hibogi_ai_01334_png_8.jpg,hibogi_ai_01334_png,HIBOGI_AI_01334_png_jpg.rf.ef30a986397a8fd2ff72e645ed2b487b.jpg,,0,0,no_caries,no_caries,0.8007,0.80075,0.09286,0.06438,0.04202
crops/hibogi_ai_01334_png_9.jpg,hibogi_ai_01334_png,HIBOGI_AI_01334_png_jpg.rf.ef30a986397a8fd2ff72e645ed2b487b.jpg,,0,0,no_caries,no_caries,0.5964,0.59641,0.24094,0.11491,0.04775
crops/hibogi_ai_01334_png_10.jpg,hibogi_ai_01334_png,HIBOGI_AI_01334_png_jpg.rf.ef30a986397a8fd2ff72e645ed2b487b.jpg,,0,0,no_caries,moderate,0.4026,0.17224,0.37255,0.40264,0.05257
crops/hibogi_ai_01334_png_11.jpg,hibogi_ai_01334_png,HIBOGI_AI_01334_png_jpg.rf.ef30a986397a8fd2ff72e645ed2b487b.jpg,,3,0,moderate,moderate,0.7394,0.01014,0.04999,0.73936,0.20051
crops/hibogi_ai_01344_png_0.jpg,hibogi_ai_01344_png,HIBOGI_AI_01344_png_jpg.rf.ded7521b564ad41e25324f181f192c8c.jpg,,0,0,no_caries,mild,0.4543,0.12316,0.45426,0.31318,0.1094
crops/hibogi_ai_01344_png_1.jpg,hibogi_ai_01344_png,HIBOGI_AI_01344_png_jpg.rf.ded7521b564ad41e25324f181f192c8c.jpg,,4,0,moderate,mild,0.5333,0.11511,0.53334,0.22987,0.12169
crops/hibogi_ai_01344_png_2.jpg,hibogi_ai_01344_png,HIBOGI_AI_01344_png_jpg.rf.ded7521b564ad41e25324f181f192c8c.jpg,,0,0,no_caries,mild,0.5135,0.23929,0.51348,0.21707,0.03017
crops/hibogi_ai_01344_png_3.jpg,hibogi_ai_01344_png,HIBOGI_AI_01344_png_jpg.rf.ded7521b564ad41e25324f181f192c8c.jpg,,0,0,no_caries,no_caries,0.8557,0.8557,0.06431,0.04986,0.03013
crops/hibogi_ai_01344_png_4.jpg,hibogi_ai_01344_png,HIBOGI_AI_01344_png_jpg.rf.ded7521b564ad41e25324f181f192c8c.jpg,,2,0,mild,no_caries,0.5103,0.51032,0.32967,0.07201,0.088
crops/hibogi_ai_01344_png_5.jpg,hibogi_ai_01344_png,HIBOGI_AI_01344_png_jpg.rf.ded7521b564ad41e25324f181f192c8c.jpg,,2,0,mild,no_caries,0.5743,0.57428,0.27013,0.07797,0.07762
crops/hibogi_ai_01344_png_6.jpg,hibogi_ai_01344_png,HIBOGI_AI_01344_png_jpg.rf.ded7521b564ad41e25324f181f192c8c.jpg,,2,0,mild,no_caries,0.7244,0.72439,0.16943,0.04975,0.05642
crops/hibogi_ai_01344_png_7.jpg,hibogi_ai_01344_png,HIBOGI_AI_01344_png_jpg.rf.ded7521b564ad41e25324f181f192c8c.jpg,,1,0,mild,no_caries,0.5775,0.57745,0.29215,0.07441,0.05598
crops/hibogi_ai_01344_png_8.jpg,hibogi_ai_01344_png,HIBOGI_AI_01344_png_jpg.rf.ded7521b564ad41e25324f181f192c8c.jpg,,1,0,mild,no_caries,0.7782,0.7782,0.12293,0.06292,0.03595
crops/hibogi_ai_01344_png_9.jpg,hibogi_ai_01344_png,HIBOGI_AI_01344_png_jpg.rf.ded7521b564ad41e25324f181f192c8c.jpg,,4,0,moderate,moderate,0.609,0.05271,0.23205,0.60904,0.1062
crops/hibogi_ai_01344_png_10.jpg,hibogi_ai_01344_png,HIBOGI_AI_01344_png_jpg.rf.ded7521b564ad41e25324f181f192c8c.jpg,,5,0,advanced,moderate,0.5095,0.08776,0.30692,0.50947,0.09584
crops/hibogi_ai_01346_png_0.jpg,hibogi_ai_01346_png,HIBOGI_AI_01346_png_jpg.rf.c567700f6ea1b9441569c637808efae2.jpg,,0,0,no_caries,no_caries,0.7533,0.75332,0.13358,0.08019,0.0329
crops/hibogi_ai_01346_png_1.jpg,hibogi_ai_01346_png,HIBOGI_AI_01346_png_jpg.rf.c567700f6ea1b9441569c637808efae2.jpg,,0,0,no_caries,no_caries,0.7648,0.76483,0.09823,0.07293,0.06401
crops/hibogi_ai_01346_png_2.jpg,hibogi_ai_01346_png,HIBOGI_AI_01346_png_jpg.rf.c567700f6ea1b9441569c637808efae2.jpg,,0,0,no_caries,no_caries,0.7454,0.74545,0.0715,0.13885,0.0442
crops/hibogi_ai_01346_png_3.jpg,hibogi_ai_01346_png,HIBOGI_AI_01346_png_jpg.rf.c567700f6ea1b9441569c637808efae2.jpg,,0,0,no_caries,no_caries,0.8782,0.87818,0.02895,0.05672,0.03616
crops/hibogi_ai_01346_png_4.jpg,hibogi_ai_01346_png,HIBOGI_AI_01346_png_jpg.rf.c567700f6ea1b9441569c637808efae2.jpg,,0,0,no_caries,no_caries,0.8292,0.82916,0.05452,0.07398,0.04235
crops/hibogi_ai_01346_png_5.jpg,hibogi_ai_01346_png,HIBOGI_AI_01346_png_jpg.rf.c567700f6ea1b9441569c637808efae2.jpg,,0,0,no_caries,no_caries,0.818,0.81802,0.06156,0.08128,0.03914
crops/hibogi_ai_01346_png_6.jpg,hibogi_ai_01346_png,HIBOGI_AI_01346_png_jpg.rf.c567700f6ea1b9441569c637808efae2.jpg,,0,0,no_caries,no_caries,0.7537,0.75372,0.0905,0.10856,0.04722
crops/hibogi_ai_01346_png_7.jpg,hibogi_ai_01346_png,HIBOGI_AI_01346_png_jpg.rf.c567700f6ea1b9441569c637808efae2.jpg,,0,0,no_caries,no_caries,0.6209,0.62093,0.11843,0.17829,0.08236
crops/hibogi_ai_01346_png_8.jpg,hibogi_ai_01346_png,HIBOGI_AI_01346_png_jpg.rf.c567700f6ea1b9441569c637808efae2.jpg,,0,0,no_caries,no_caries,0.5772,0.57724,0.15985,0.18011,0.0828
crops/hibogi_ai_01346_png_9.jpg,hibogi_ai_01346_png,HIBOGI_AI_01346_png_jpg.rf.c567700f6ea1b9441569c637808efae2.jpg,,0,0,no_caries,no_caries,0.3998,0.39984,0.33208,0.21979,0.0483
crops/hibogi_ai_01346_png_10.jpg,hibogi_ai_01346_png,HIBOGI_AI_01346_png_jpg.rf.c567700f6ea1b9441569c637808efae2.jpg,,0,0,no_caries,no_caries,0.732,0.73201,0.16954,0.06055,0.0379
crops/hibogi_ai_01346_png_11.jpg,hibogi_ai_01346_png,HIBOGI_AI_01346_png_jpg.rf.c567700f6ea1b9441569c637808efae2.jpg,,0,0,no_caries,no_caries,0.8137,0.81368,0.07221,0.07091,0.04319
crops/hibogi_ai_01346_png_12.jpg,hibogi_ai_01346_png,HIBOGI_AI_01346_png_jpg.rf.c567700f6ea1b9441569c637808efae2.jpg,,0,0,no_caries,no_caries,0.6432,0.64315,0.0976,0.14701,0.11224
crops/hibogi_ai_01346_png_13.jpg,hibogi_ai_01346_png,HIBOGI_AI_01346_png_jpg.rf.c567700f6ea1b9441569c637808efae2.jpg,,0,0,no_caries,no_caries,0.6036,0.60357,0.13216,0.15884,0.10543
crops/hibogi_ai_01346_png_14.jpg,hibogi_ai_01346_png,HIBOGI_AI_01346_png_jpg.rf.c567700f6ea1b9441569c637808efae2.jpg,,0,0,no_caries,no_caries,0.7351,0.73514,0.07907,0.1132,0.07259
crops/hibogi_ai_01346_png_15.jpg,hibogi_ai_01346_png,HIBOGI_AI_01346_png_jpg.rf.c567700f6ea1b9441569c637808efae2.jpg,,0,0,no_caries,no_caries,0.7385,0.73846,0.12191,0.09857,0.04106
crops/hibogi_ai_01346_png_16.jpg,hibogi_ai_01346_png,HIBOGI_AI_01346_png_jpg.rf.c567700f6ea1b9441569c637808efae2.jpg,,0,0,no_caries,no_caries,0.4635,0.46349,0.02812,0.42503,0.08335
crops/hibogi_ai_01359_png_0.jpg,hibogi_ai_01359_png,HIBOGI_AI_01359_png_jpg.rf.44255e633409cf56f41932449944916d.jpg,,4,0,moderate,advanced,0.3485,0.13817,0.20972,0.30365,0.34846
crops/hibogi_ai_01359_png_1.jpg,hibogi_ai_01359_png,HIBOGI_AI_01359_png_jpg.rf.44255e633409cf56f41932449944916d.jpg,,2,0,mild,mild,0.4609,0.33237,0.46087,0.08909,0.11768
crops/hibogi_ai_01359_png_2.jpg,hibogi_ai_01359_png,HIBOGI_AI_01359_png_jpg.rf.44255e633409cf56f41932449944916d.jpg,,3,0,moderate,mild,0.4168,0.05479,0.41682,0.24094,0.28745
crops/hibogi_ai_01359_png_3.jpg,hibogi_ai_01359_png,HIBOGI_AI_01359_png_jpg.rf.44255e633409cf56f41932449944916d.jpg,,3,0,moderate,moderate,0.6737,0.02994,0.14924,0.67368,0.14714
crops/hibogi_ai_01359_png_4.jpg,hibogi_ai_01359_png,HIBOGI_AI_01359_png_jpg.rf.44255e633409cf56f41932449944916d.jpg,,3,0,moderate,no_caries,0.8122,0.81224,0.10139,0.0381,0.04826
crops/hibogi_ai_01359_png_5.jpg,hibogi_ai_01359_png,HIBOGI_AI_01359_png_jpg.rf.44255e633409cf56f41932449944916d.jpg,,1,0,mild,no_caries,0.6948,0.69476,0.23299,0.03571,0.03653
crops/hibogi_ai_01359_png_6.jpg,hibogi_ai_01359_png,HIBOGI_AI_01359_png_jpg.rf.44255e633409cf56f41932449944916d.jpg,,0,0,no_caries,no_caries,0.5076,0.50762,0.31914,0.09019,0.08306
crops/hibogi_ai_01359_png_7.jpg,hibogi_ai_01359_png,HIBOGI_AI_01359_png_jpg.rf.44255e633409cf56f41932449944916d.jpg,,0,0,no_caries,no_caries,0.5967,0.59675,0.19509,0.09971,0.10846
crops/hibogi_ai_01359_png_8.jpg,hibogi_ai_01359_png,HIBOGI_AI_01359_png_jpg.rf.44255e633409cf56f41932449944916d.jpg,,0,0,no_caries,no_caries,0.806,0.80598,0.12523,0.03661,0.03218
crops/hibogi_ai_01359_png_9.jpg,hibogi_ai_01359_png,HIBOGI_AI_01359_png_jpg.rf.44255e633409cf56f41932449944916d.jpg,,0,0,no_caries,no_caries,0.7415,0.74149,0.14274,0.06506,0.0507
crops/hibogi_ai_01359_png_10.jpg,hibogi_ai_01359_png,HIBOGI_AI_01359_png_jpg.rf.44255e633409cf56f41932449944916d.jpg,,3,0,moderate,moderate,0.7309,0.01934,0.09845,0.73089,0.15132
crops/hibogi_ai_01359_png_11.jpg,hibogi_ai_01359_png,HIBOGI_AI_01359_png_jpg.rf.44255e633409cf56f41932449944916d.jpg,,5,0,advanced,advanced,0.574,0.05535,0.23527,0.13542,0.57396
crops/hibogi_ai_01376_png_0.jpg,hibogi_ai_01376_png,HIBOGI_AI_01376_png_jpg.rf.1db4c4edb7bb0c3ce1cf542b34de2b62.jpg,,0,0,no_caries,no_caries,0.5932,0.59318,0.24189,0.11027,0.05466
crops/hibogi_ai_01376_png_1.jpg,hibogi_ai_01376_png,HIBOGI_AI_01376_png_jpg.rf.1db4c4edb7bb0c3ce1cf542b34de2b62.jpg,,0,0,no_caries,no_caries,0.7897,0.78971,0.11659,0.06043,0.03327
crops/hibogi_ai_01376_png_2.jpg,hibogi_ai_01376_png,HIBOGI_AI_01376_png_jpg.rf.1db4c4edb7bb0c3ce1cf542b34de2b62.jpg,,0,0,no_caries,moderate,0.4223,0.22292,0.31014,0.42226,0.04468
crops/hibogi_ai_01376_png_3.jpg,hibogi_ai_01376_png,HIBOGI_AI_01376_png_jpg.rf.1db4c4edb7bb0c3ce1cf542b34de2b62.jpg,,0,0,no_caries,no_caries,0.7643,0.76426,0.04878,0.13303,0.05393
crops/hibogi_ai_01376_png_4.jpg,hibogi_ai_01376_png,HIBOGI_AI_01376_png_jpg.rf.1db4c4edb7bb0c3ce1cf542b34de2b62.jpg,,0,0,no_caries,no_caries,0.7051,0.70507,0.20346,0.07026,0.02121
crops/hibogi_ai_01376_png_5.jpg,hibogi_ai_01376_png,HIBOGI_AI_01376_png_jpg.rf.1db4c4edb7bb0c3ce1cf542b34de2b62.jpg,,0,0,no_caries,no_caries,0.4987,0.4987,0.27329,0.11629,0.11172
crops/hibogi_ai_01376_png_7.jpg,hibogi_ai_01376_png,HIBOGI_AI_01376_png_jpg.rf.1db4c4edb7bb0c3ce1cf542b34de2b62.jpg,,0,0,no_caries,mild,0.4649,0.23741,0.46488,0.14803,0.14968
crops/hibogi_ai_01376_png_8.jpg,hibogi_ai_01376_png,HIBOGI_AI_01376_png_jpg.rf.1db4c4edb7bb0c3ce1cf542b34de2b62.jpg,,0,0,no_caries,mild,0.4415,0.42791,0.44149,0.08098,0.04962
crops/hibogi_ai_01376_png_9.jpg,hibogi_ai_01376_png,HIBOGI_AI_01376_png_jpg.rf.1db4c4edb7bb0c3ce1cf542b34de2b62.jpg,,0,0,no_caries,no_caries,0.7422,0.74219,0.16771,0.06487,0.02523
crops/hibogi_ai_01376_png_10.jpg,hibogi_ai_01376_png,HIBOGI_AI_01376_png_jpg.rf.1db4c4edb7bb0c3ce1cf542b34de2b62.jpg,,0,0,no_caries,no_caries,0.6691,0.66911,0.21753,0.06673,0.04663
crops/hibogi_ai_01376_png_11.jpg,hibogi_ai_01376_png,HIBOGI_AI_01376_png_jpg.rf.1db4c4edb7bb0c3ce1cf542b34de2b62.jpg,,0,0,no_caries,mild,0.4784,0.43708,0.47843,0.05311,0.03138
crops/hibogi_ai_01376_png_12.jpg,hibogi_ai_01376_png,HIBOGI_AI_01376_png_jpg.rf.1db4c4edb7bb0c3ce1cf542b34de2b62.jpg,,0,0,no_caries,no_caries,0.4765,0.47645,0.45166,0.04814,0.02375
crops/hibogi_ai_01376_png_13.jpg,hibogi_ai_01376_png,HIBOGI_AI_01376_png_jpg.rf.1db4c4edb7bb0c3ce1cf542b34de2b62.jpg,,0,0,no_caries,no_caries,0.7295,0.72953,0.16788,0.06578,0.03681
crops/hibogi_ai_01376_png_14.jpg,hibogi_ai_01376_png,HIBOGI_AI_01376_png_jpg.rf.1db4c4edb7bb0c3ce1cf542b34de2b62.jpg,,0,0,no_caries,mild,0.5288,0.35669,0.52885,0.07839,0.03607
crops/hibogi_ai_01376_png_15.jpg,hibogi_ai_01376_png,HIBOGI_AI_01376_png_jpg.rf.1db4c4edb7bb0c3ce1cf542b34de2b62.jpg,,0,0,no_caries,no_caries,0.5618,0.56176,0.33339,0.07915,0.02571
crops/hibogi_ai_01376_png_16.jpg,hibogi_ai_01376_png,HIBOGI_AI_01376_png_jpg.rf.1db4c4edb7bb0c3ce1cf542b34de2b62.jpg,,0,0,no_caries,mild,0.5238,0.2718,0.52383,0.17471,0.02966
crops/hibogi_ai_01376_png_17.jpg,hibogi_ai_01376_png,HIBOGI_AI_01376_png_jpg.rf.1db4c4edb7bb0c3ce1cf542b34de2b62.jpg,,0,0,no_caries,no_caries,0.4082,0.4082,0.19444,0.29961,0.09775
crops/hibogi_ai_01408_png_0.jpg,hibogi_ai_01408_png,HIBOGI_AI_01408_png_jpg.rf.673f26331bfd4b38a1117f91207b4b3e.jpg,,0,0,no_caries,no_caries,0.852,0.85201,0.0393,0.08117,0.02752
crops/hibogi_ai_01408_png_1.jpg,hibogi_ai_01408_png,HIBOGI_AI_01408_png_jpg.rf.673f26331bfd4b38a1117f91207b4b3e.jpg,,0,0,no_caries,no_caries,0.7677,0.76774,0.12467,0.05388,0.05371
crops/hibogi_ai_01408_png_2.jpg,hibogi_ai_01408_png,HIBOGI_AI_01408_png_jpg.rf.673f26331bfd4b38a1117f91207b4b3e.jpg,,0,0,no_caries,no_caries,0.7736,0.77362,0.11895,0.07686,0.03057
crops/hibogi_ai_01408_png_3.jpg,hibogi_ai_01408_png,HIBOGI_AI_01408_png_jpg.rf.673f26331bfd4b38a1117f91207b4b3e.jpg,,0,0,no_caries,no_caries,0.721,0.72102,0.08009,0.14969,0.04919
crops/hibogi_ai_01408_png_4.jpg,hibogi_ai_01408_png,HIBOGI_AI_01408_png_jpg.rf.673f26331bfd4b38a1117f91207b4b3e.jpg,,0,0,no_caries,no_caries,0.7811,0.78111,0.12232,0.06265,0.03392
crops/hibogi_ai_01408_png_5.jpg,hibogi_ai_01408_png,HIBOGI_AI_01408_png_jpg.rf.673f26331bfd4b38a1117f91207b4b3e.jpg,,0,0,no_caries,mild,0.4697,0.23813,0.46967,0.09494,0.19726
crops/hibogi_ai_01408_png_6.jpg,hibogi_ai_01408_png,HIBOGI_AI_01408_png_jpg.rf.673f26331bfd4b38a1117f91207b4b3e.jpg,,0,0,no_caries,mild,0.6653,0.27004,0.66527,0.02723,0.03746
crops/hibogi_ai_01408_png_7.jpg,hibogi_ai_01408_png,HIBOGI_AI_01408_png_jpg.rf.673f26331bfd4b38a1117f91207b4b3e.jpg,,0,0,no_caries,no_caries,0.7563,0.75634,0.1362,0.05384,0.05362
crops/hibogi_ai_01408_png_8.jpg,hibogi_ai_01408_png,HIBOGI_AI_01408_png_jpg.rf.673f26331bfd4b38a1117f91207b4b3e.jpg,,0,0,no_caries,no_caries,0.8287,0.82866,0.08934,0.0624,0.0196
crops/hibogi_ai_01408_png_9.jpg,hibogi_ai_01408_png,HIBOGI_AI_01408_png_jpg.rf.673f26331bfd4b38a1117f91207b4b3e.jpg,,0,0,no_caries,no_caries,0.8198,0.81979,0.09943,0.05154,0.02924
crops/hibogi_ai_01408_png_10.jpg,hibogi_ai_01408_png,HIBOGI_AI_01408_png_jpg.rf.673f26331bfd4b38a1117f91207b4b3e.jpg,,0,0,no_caries,no_caries,0.7897,0.7897,0.09802,0.06798,0.0443
crops/hibogi_ai_01408_png_11.jpg,hibogi_ai_01408_png,HIBOGI_AI_01408_png_jpg.rf.673f26331bfd4b38a1117f91207b4b3e.jpg,,0,0,no_caries,no_caries,0.774,0.774,0.09037,0.09718,0.03844
crops/hibogi_ai_01408_png_12.jpg,hibogi_ai_01408_png,HIBOGI_AI_01408_png_jpg.rf.673f26331bfd4b38a1117f91207b4b3e.jpg,,0,0,no_caries,no_caries,0.7882,0.78825,0.07473,0.09527,0.04175
crops/hibogi_ai_01425_png_0.jpg,hibogi_ai_01425_png,HIBOGI_AI_01425_png_jpg.rf.621d19ec582fad0d5758758f525b3f78.jpg,,0,0,no_caries,no_caries,0.7499,0.74985,0.08067,0.12104,0.04844
crops/hibogi_ai_01425_png_1.jpg,hibogi_ai_01425_png,HIBOGI_AI_01425_png_jpg.rf.621d19ec582fad0d5758758f525b3f78.jpg,,0,0,no_caries,no_caries,0.8386,0.83862,0.06074,0.05596,0.04467
crops/hibogi_ai_01425_png_2.jpg,hibogi_ai_01425_png,HIBOGI_AI_01425_png_jpg.rf.621d19ec582fad0d5758758f525b3f78.jpg,,0,0,no_caries,no_caries,0.8289,0.82892,0.06903,0.06791,0.03413
crops/hibogi_ai_01425_png_3.jpg,hibogi_ai_01425_png,HIBOGI_AI_01425_png_jpg.rf.621d19ec582fad0d5758758f525b3f78.jpg,,0,0,no_caries,no_caries,0.8478,0.84781,0.06193,0.06117,0.02909
crops/hibogi_ai_01425_png_4.jpg,hibogi_ai_01425_png,HIBOGI_AI_01425_png_jpg.rf.621d19ec582fad0d5758758f525b3f78.jpg,,5,0,advanced,advanced,0.9841,0.004,0.0084,0.00355,0.98405
crops/hibogi_ai_01425_png_5.jpg,hibogi_ai_01425_png,HIBOGI_AI_01425_png_jpg.rf.621d19ec582fad0d5758758f525b3f78.jpg,,0,0,no_caries,no_caries,0.8059,0.80589,0.0943,0.06874,0.03108
crops/hibogi_ai_01425_png_6.jpg,hibogi_ai_01425_png,HIBOGI_AI_01425_png_jpg.rf.621d19ec582fad0d5758758f525b3f78.jpg,,0,0,no_caries,mild,0.3867,0.26895,0.38671,0.14624,0.1981
crops/hibogi_ai_01425_png_7.jpg,hibogi_ai_01425_png,HIBOGI_AI_01425_png_jpg.rf.621d19ec582fad0d5758758f525b3f78.jpg,,0,0,no_caries,no_caries,0.7301,0.73014,0.1,0.12723,0.04263
crops/hibogi_ai_01425_png_8.jpg,hibogi_ai_01425_png,HIBOGI_AI_01425_png_jpg.rf.621d19ec582fad0d5758758f525b3f78.jpg,,0,0,no_caries,no_caries,0.754,0.75395,0.11898,0.07898,0.04809
crops/hibogi_ai_01425_png_9.jpg,hibogi_ai_01425_png,HIBOGI_AI_01425_png_jpg.rf.621d19ec582fad0d5758758f525b3f78.jpg,,0,0,no_caries,no_caries,0.7332,0.73324,0.10395,0.09629,0.06652
crops/hibogi_ai_01425_png_10.jpg,hibogi_ai_01425_png,HIBOGI_AI_01425_png_jpg.rf.621d19ec582fad0d5758758f525b3f78.jpg,,0,0,no_caries,no_caries,0.7764,0.77635,0.09036,0.07486,0.05843
crops/hibogi_ai_01425_png_11.jpg,hibogi_ai_01425_png,HIBOGI_AI_01425_png_jpg.rf.621d19ec582fad0d5758758f525b3f78.jpg,,0,0,no_caries,no_caries,0.7892,0.78921,0.09246,0.07074,0.04759
crops/hibogi_ai_01425_png_12.jpg,hibogi_ai_01425_png,HIBOGI_AI_01425_png_jpg.rf.621d19ec582fad0d5758758f525b3f78.jpg,,0,0,no_caries,no_caries,0.762,0.76197,0.09726,0.08845,0.05232
crops/hibogi_ai_01425_png_13.jpg,hibogi_ai_01425_png,HIBOGI_AI_01425_png_jpg.rf.621d19ec582fad0d5758758f525b3f78.jpg,,0,0,no_caries,no_caries,0.8357,0.83569,0.08198,0.05362,0.0287
crops/hibogi_ai_01425_png_14.jpg,hibogi_ai_01425_png,HIBOGI_AI_01425_png_jpg.rf.621d19ec582fad0d5758758f525b3f78.jpg,,0,0,no_caries,no_caries,0.7762,0.77619,0.13624,0.05689,0.03067
crops/hibogi_ai_01425_png_15.jpg,hibogi_ai_01425_png,HIBOGI_AI_01425_png_jpg.rf.621d19ec582fad0d5758758f525b3f78.jpg,,0,0,no_caries,moderate,0.5415,0.19628,0.17048,0.54151,0.09173
crops/hibogi_ai_01426_png_0.jpg,hibogi_ai_01426_png,HIBOGI_AI_01426_png_jpg.rf.dcecd38dd044b1c223f2ee47bb84eee3.jpg,,3,0,moderate,moderate,0.4259,0.14341,0.38759,0.42592,0.04308
crops/hibogi_ai_01426_png_1.jpg,hibogi_ai_01426_png,HIBOGI_AI_01426_png_jpg.rf.dcecd38dd044b1c223f2ee47bb84eee3.jpg,,3,0,moderate,moderate,0.3327,0.21198,0.27283,0.33272,0.18247
crops/hibogi_ai_01426_png_2.jpg,hibogi_ai_01426_png,HIBOGI_AI_01426_png_jpg.rf.dcecd38dd044b1c223f2ee47bb84eee3.jpg,,6,0,advanced,advanced,0.9677,0.00301,0.00709,0.02215,0.96775
crops/hibogi_ai_01426_png_3.jpg,hibogi_ai_01426_png,HIBOGI_AI_01426_png_jpg.rf.dcecd38dd044b1c223f2ee47bb84eee3.jpg,,3,0,moderate,moderate,0.7901,0.02034,0.08964,0.79008,0.09994
crops/hibogi_ai_01426_png_4.jpg,hibogi_ai_01426_png,HIBOGI_AI_01426_png_jpg.rf.dcecd38dd044b1c223f2ee47bb84eee3.jpg,,2,0,mild,no_caries,0.5219,0.52187,0.24759,0.15262,0.07792
crops/hibogi_ai_01426_png_5.jpg,hibogi_ai_01426_png,HIBOGI_AI_01426_png_jpg.rf.dcecd38dd044b1c223f2ee47bb84eee3.jpg,,0,0,no_caries,no_caries,0.815,0.81504,0.09551,0.05806,0.03139
crops/hibogi_ai_01426_png_6.jpg,hibogi_ai_01426_png,HIBOGI_AI_01426_png_jpg.rf.dcecd38dd044b1c223f2ee47bb84eee3.jpg,,0,0,no_caries,no_caries,0.8254,0.82538,0.09308,0.05889,0.02266
crops/hibogi_ai_01426_png_7.jpg,hibogi_ai_01426_png,HIBOGI_AI_01426_png_jpg.rf.dcecd38dd044b1c223f2ee47bb84eee3.jpg,,0,0,no_caries,no_caries,0.7869,0.78694,0.12142,0.07124,0.0204
crops/hibogi_ai_01426_png_8.jpg,hibogi_ai_01426_png,HIBOGI_AI_01426_png_jpg.rf.dcecd38dd044b1c223f2ee47bb84eee3.jpg,,5,0,advanced,advanced,0.9238,0.022,0.02107,0.03318,0.92376
crops/hibogi_ai_01426_png_9.jpg,hibogi_ai_01426_png,HIBOGI_AI_01426_png_jpg.rf.dcecd38dd044b1c223f2ee47bb84eee3.jpg,,5,0,advanced,advanced,0.9809,0.00341,0.00736,0.00829,0.98094
crops/hibogi_ai_01426_png_10.jpg,hibogi_ai_01426_png,HIBOGI_AI_01426_png_jpg.rf.dcecd38dd044b1c223f2ee47bb84eee3.jpg,,1,0,mild,no_caries,0.7112,0.71118,0.1656,0.0691,0.05412
crops/hibogi_ai_01426_png_11.jpg,hibogi_ai_01426_png,HIBOGI_AI_01426_png_jpg.rf.dcecd38dd044b1c223f2ee47bb84eee3.jpg,,0,0,no_caries,mild,0.3396,0.33899,0.33957,0.17664,0.1448
crops/hibogi_ai_01426_png_12.jpg,hibogi_ai_01426_png,HIBOGI_AI_01426_png_jpg.rf.dcecd38dd044b1c223f2ee47bb84eee3.jpg,,4,0,moderate,no_caries,0.5734,0.57341,0.25502,0.13816,0.03341
crops/hibogi_ai_01429_png_0.jpg,hibogi_ai_01429_png,HIBOGI_AI_01429_png_jpg.rf.36fb1172234d4d61a90754d029acc289.jpg,,0,0,no_caries,no_caries,0.7643,0.7643,0.1834,0.02496,0.02734
crops/hibogi_ai_01429_png_1.jpg,hibogi_ai_01429_png,HIBOGI_AI_01429_png_jpg.rf.36fb1172234d4d61a90754d029acc289.jpg,,0,0,no_caries,no_caries,0.6114,0.61139,0.26556,0.08634,0.0367
crops/hibogi_ai_01429_png_2.jpg,hibogi_ai_01429_png,HIBOGI_AI_01429_png_jpg.rf.36fb1172234d4d61a90754d029acc289.jpg,,0,0,no_caries,no_caries,0.5792,0.5792,0.31199,0.08137,0.02744
crops/hibogi_ai_01429_png_3.jpg,hibogi_ai_01429_png,HIBOGI_AI_01429_png_jpg.rf.36fb1172234d4d61a90754d029acc289.jpg,,0,0,no_caries,no_caries,0.6678,0.66783,0.21267,0.09149,0.02801
crops/hibogi_ai_01429_png_4.jpg,hibogi_ai_01429_png,HIBOGI_AI_01429_png_jpg.rf.36fb1172234d4d61a90754d029acc289.jpg,,6,0,advanced,advanced,0.8363,0.01329,0.1005,0.04988,0.83633
crops/hibogi_ai_01429_png_5.jpg,hibogi_ai_01429_png,HIBOGI_AI_01429_png_jpg.rf.36fb1172234d4d61a90754d029acc289.jpg,,6,0,advanced,advanced,0.9713,0.00281,0.01359,0.01233,0.97126
crops/hibogi_ai_01429_png_6.jpg,hibogi_ai_01429_png,HIBOGI_AI_01429_png_jpg.rf.36fb1172234d4d61a90754d029acc289.jpg,,0,0,no_caries,no_caries,0.7248,0.72479,0.11254,0.13151,0.03116
crops/hibogi_ai_01429_png_7.jpg,hibogi_ai_01429_png,HIBOGI_AI_01429_png_jpg.rf.36fb1172234d4d61a90754d029acc289.jpg,,0,0,no_caries,no_caries,0.8312,0.83123,0.02361,0.1252,0.01996
crops/hibogi_ai_01429_png_8.jpg,hibogi_ai_01429_png,HIBOGI_AI_01429_png_jpg.rf.36fb1172234d4d61a90754d029acc289.jpg,,0,0,no_caries,no_caries,0.8578,0.85783,0.04384,0.08353,0.0148
crops/hibogi_ai_01429_png_9.jpg,hibogi_ai_01429_png,HIBOGI_AI_01429_png_jpg.rf.36fb1172234d4d61a90754d029acc289.jpg,,0,0,no_caries,no_caries,0.7674,0.76741,0.14121,0.05519,0.03619
crops/hibogi_ai_01429_png_10.jpg,hibogi_ai_01429_png,HIBOGI_AI_01429_png_jpg.rf.36fb1172234d4d61a90754d029acc289.jpg,,3,0,moderate,no_caries,0.3816,0.38155,0.14122,0.27104,0.20619
crops/hibogi_ai_01429_png_11.jpg,hibogi_ai_01429_png,HIBOGI_AI_01429_png_jpg.rf.36fb1172234d4d61a90754d029acc289.jpg,,6,0,advanced,advanced,0.9557,0.00646,0.00689,0.03098,0.95568
crops/hibogi_ai_01432_png_0.jpg,hibogi_ai_01432_png,HIBOGI_AI_01432_png_jpg.rf.baf0224fa60e01b44a3a250926f39a82.jpg,,5,0,advanced,advanced,0.7195,0.06831,0.1604,0.05179,0.7195
crops/hibogi_ai_01432_png_1.jpg,hibogi_ai_01432_png,HIBOGI_AI_01432_png_jpg.rf.baf0224fa60e01b44a3a250926f39a82.jpg,,0,0,no_caries,no_caries,0.4846,0.48462,0.36627,0.11149,0.03761
crops/hibogi_ai_01432_png_2.jpg,hibogi_ai_01432_png,HIBOGI_AI_01432_png_jpg.rf.baf0224fa60e01b44a3a250926f39a82.jpg,,0,0,no_caries,no_caries,0.7203,0.72035,0.14228,0.08375,0.05362
crops/hibogi_ai_01432_png_3.jpg,hibogi_ai_01432_png,HIBOGI_AI_01432_png_jpg.rf.baf0224fa60e01b44a3a250926f39a82.jpg,,0,0,no_caries,no_caries,0.7571,0.75707,0.0837,0.10304,0.0562
crops/hibogi_ai_01432_png_4.jpg,hibogi_ai_01432_png,HIBOGI_AI_01432_png_jpg.rf.baf0224fa60e01b44a3a250926f39a82.jpg,,0,0,no_caries,no_caries,0.5816,0.58163,0.30684,0.06489,0.04664
crops/hibogi_ai_01432_png_5.jpg,hibogi_ai_01432_png,HIBOGI_AI_01432_png_jpg.rf.baf0224fa60e01b44a3a250926f39a82.jpg,,0,0,no_caries,no_caries,0.8405,0.84053,0.09627,0.02779,0.03541
crops/hibogi_ai_01432_png_6.jpg,hibogi_ai_01432_png,HIBOGI_AI_01432_png_jpg.rf.baf0224fa60e01b44a3a250926f39a82.jpg,,0,0,no_caries,no_caries,0.7419,0.7419,0.15303,0.05897,0.04609
crops/hibogi_ai_01432_png_7.jpg,hibogi_ai_01432_png,HIBOGI_AI_01432_png_jpg.rf.baf0224fa60e01b44a3a250926f39a82.jpg,,0,0,no_caries,mild,0.514,0.16333,0.51397,0.10632,0.21638
crops/hibogi_ai_01432_png_8.jpg,hibogi_ai_01432_png,HIBOGI_AI_01432_png_jpg.rf.baf0224fa60e01b44a3a250926f39a82.jpg,,5,0,advanced,advanced,0.7623,0.00414,0.19115,0.04242,0.76229
crops/hibogi_ai_01435_png_0.jpg,hibogi_ai_01435_png,HIBOGI_AI_01435_png_jpg.rf.2957e93d992cdc461e5fcde3b9ddebfd.jpg,,0,0,no_caries,no_caries,0.7945,0.79453,0.04928,0.12795,0.02823
crops/hibogi_ai_01435_png_1.jpg,hibogi_ai_01435_png,HIBOGI_AI_01435_png_jpg.rf.2957e93d992cdc461e5fcde3b9ddebfd.jpg,,0,0,no_caries,no_caries,0.8271,0.82707,0.03831,0.09553,0.03909
crops/hibogi_ai_01435_png_2.jpg,hibogi_ai_01435_png,HIBOGI_AI_01435_png_jpg.rf.2957e93d992cdc461e5fcde3b9ddebfd.jpg,,0,0,no_caries,no_caries,0.6051,0.60513,0.07506,0.28967,0.03014
crops/hibogi_ai_01435_png_3.jpg,hibogi_ai_01435_png,HIBOGI_AI_01435_png_jpg.rf.2957e93d992cdc461e5fcde3b9ddebfd.jpg,,0,0,no_caries,no_caries,0.8418,0.84177,0.08555,0.03769,0.03499
crops/hibogi_ai_01435_png_4.jpg,hibogi_ai_01435_png,HIBOGI_AI_01435_png_jpg.rf.2957e93d992cdc461e5fcde3b9ddebfd.jpg,,0,0,no_caries,no_caries,0.7366,0.73656,0.09118,0.11628,0.05598
crops/hibogi_ai_01435_png_5.jpg,hibogi_ai_01435_png,HIBOGI_AI_01435_png_jpg.rf.2957e93d992cdc461e5fcde3b9ddebfd.jpg,,0,0,no_caries,no_caries,0.7112,0.7112,0.08899,0.14544,0.05437
crops/hibogi_ai_01435_png_6.jpg,hibogi_ai_01435_png,HIBOGI_AI_01435_png_jpg.rf.2957e93d992cdc461e5fcde3b9ddebfd.jpg,,0,0,no_caries,no_caries,0.7374,0.73737,0.15753,0.06654,0.03856
crops/hibogi_ai_01435_png_7.jpg,hibogi_ai_01435_png,HIBOGI_AI_01435_png_jpg.rf.2957e93d992cdc461e5fcde3b9ddebfd.jpg,,0,0,no_caries,no_caries,0.7986,0.79863,0.11892,0.04651,0.03594
crops/hibogi_ai_01435_png_8.jpg,hibogi_ai_01435_png,HIBOGI_AI_01435_png_jpg.rf.2957e93d992cdc461e5fcde3b9ddebfd.jpg,,0,0,no_caries,no_caries,0.8541,0.85406,0.07632,0.03996,0.02965
crops/hibogi_ai_01435_png_9.jpg,hibogi_ai_01435_png,HIBOGI_AI_01435_png_jpg.rf.2957e93d992cdc461e5fcde3b9ddebfd.jpg,,0,0,no_caries,no_caries,0.8482,0.84824,0.04155,0.08324,0.02698
crops/hibogi_ai_01435_png_10.jpg,hibogi_ai_01435_png,HIBOGI_AI_01435_png_jpg.rf.2957e93d992cdc461e5fcde3b9ddebfd.jpg,,0,0,no_caries,no_caries,0.7108,0.71082,0.14763,0.07967,0.06187
crops/hibogi_ai_01435_png_11.jpg,hibogi_ai_01435_png,HIBOGI_AI_01435_png_jpg.rf.2957e93d992cdc461e5fcde3b9ddebfd.jpg,,0,0,no_caries,no_caries,0.7633,0.76333,0.11619,0.08061,0.03988
crops/hibogi_ai_01435_png_12.jpg,hibogi_ai_01435_png,HIBOGI_AI_01435_png_jpg.rf.2957e93d992cdc461e5fcde3b9ddebfd.jpg,,0,0,no_caries,no_caries,0.6397,0.63969,0.07822,0.2049,0.07719
crops/hibogi_ai_01435_png_13.jpg,hibogi_ai_01435_png,HIBOGI_AI_01435_png_jpg.rf.2957e93d992cdc461e5fcde3b9ddebfd.jpg,,0,0,no_caries,no_caries,0.7201,0.72011,0.15902,0.08166,0.03921
crops/hibogi_ai_01435_png_14.jpg,hibogi_ai_01435_png,HIBOGI_AI_01435_png_jpg.rf.2957e93d992cdc461e5fcde3b9ddebfd.jpg,,4,0,moderate,no_caries,0.7905,0.79053,0.10031,0.06326,0.0459
crops/hibogi_ai_01441_png_0.jpg,hibogi_ai_01441_png,HIBOGI_AI_01441_png_jpg.rf.f3cc09793cb8e1d50a5d1ce70e08dde9.jpg,,0,0,no_caries,no_caries,0.8149,0.81487,0.07083,0.07134,0.04296
crops/hibogi_ai_01441_png_1.jpg,hibogi_ai_01441_png,HIBOGI_AI_01441_png_jpg.rf.f3cc09793cb8e1d50a5d1ce70e08dde9.jpg,,0,0,no_caries,no_caries,0.7029,0.70289,0.20289,0.06204,0.03218
crops/hibogi_ai_01441_png_2.jpg,hibogi_ai_01441_png,HIBOGI_AI_01441_png_jpg.rf.f3cc09793cb8e1d50a5d1ce70e08dde9.jpg,,0,0,no_caries,no_caries,0.782,0.78202,0.10171,0.06862,0.04765
crops/hibogi_ai_01441_png_3.jpg,hibogi_ai_01441_png,HIBOGI_AI_01441_png_jpg.rf.f3cc09793cb8e1d50a5d1ce70e08dde9.jpg,,0,0,no_caries,no_caries,0.8129,0.81291,0.09852,0.05723,0.03134
crops/hibogi_ai_01441_png_4.jpg,hibogi_ai_01441_png,HIBOGI_AI_01441_png_jpg.rf.f3cc09793cb8e1d50a5d1ce70e08dde9.jpg,,0,0,no_caries,no_caries,0.4494,0.44941,0.43865,0.07706,0.03489
crops/hibogi_ai_01441_png_5.jpg,hibogi_ai_01441_png,HIBOGI_AI_01441_png_jpg.rf.f3cc09793cb8e1d50a5d1ce70e08dde9.jpg,,0,0,no_caries,no_caries,0.6965,0.6965,0.1974,0.08601,0.02009
crops/hibogi_ai_01441_png_6.jpg,hibogi_ai_01441_png,HIBOGI_AI_01441_png_jpg.rf.f3cc09793cb8e1d50a5d1ce70e08dde9.jpg,,0,0,no_caries,no_caries,0.5353,0.53528,0.08561,0.36026,0.01885
crops/hibogi_ai_01441_png_7.jpg,hibogi_ai_01441_png,HIBOGI_AI_01441_png_jpg.rf.f3cc09793cb8e1d50a5d1ce70e08dde9.jpg,,0,0,no_caries,no_caries,0.6463,0.64629,0.14953,0.1346,0.06958
crops/hibogi_ai_01441_png_8.jpg,hibogi_ai_01441_png,HIBOGI_AI_01441_png_jpg.rf.f3cc09793cb8e1d50a5d1ce70e08dde9.jpg,,0,0,no_caries,no_caries,0.8369,0.83685,0.087,0.05019,0.02596
crops/hibogi_ai_01441_png_9.jpg,hibogi_ai_01441_png,HIBOGI_AI_01441_png_jpg.rf.f3cc09793cb8e1d50a5d1ce70e08dde9.jpg,,0,0,no_caries,no_caries,0.7853,0.78525,0.16026,0.02424,0.03025
crops/hibogi_ai_01441_png_10.jpg,hibogi_ai_01441_png,HIBOGI_AI_01441_png_jpg.rf.f3cc09793cb8e1d50a5d1ce70e08dde9.jpg,,0,0,no_caries,no_caries,0.8137,0.8137,0.10955,0.0334,0.04335
crops/hibogi_ai_01441_png_11.jpg,hibogi_ai_01441_png,HIBOGI_AI_01441_png_jpg.rf.f3cc09793cb8e1d50a5d1ce70e08dde9.jpg,,0,0,no_caries,no_caries,0.8275,0.82745,0.06068,0.07689,0.03498
crops/hibogi_ai_01441_png_12.jpg,hibogi_ai_01441_png,HIBOGI_AI_01441_png_jpg.rf.f3cc09793cb8e1d50a5d1ce70e08dde9.jpg,,0,0,no_caries,no_caries,0.8457,0.84568,0.05763,0.06348,0.03321
crops/hibogi_ai_01442_png_0.jpg,hibogi_ai_01442_png,HIBOGI_AI_01442_png_jpg.rf.f6ca90bb1dc02d9d713be5178156b2ac.jpg,,0,0,no_caries,no_caries,0.8664,0.86639,0.05237,0.04884,0.0324
crops/hibogi_ai_01442_png_1.jpg,hibogi_ai_01442_png,HIBOGI_AI_01442_png_jpg.rf.f6ca90bb1dc02d9d713be5178156b2ac.jpg,,0,0,no_caries,no_caries,0.7242,0.72417,0.11187,0.12995,0.03402
crops/hibogi_ai_01442_png_2.jpg,hibogi_ai_01442_png,HIBOGI_AI_01442_png_jpg.rf.f6ca90bb1dc02d9d713be5178156b2ac.jpg,,0,0,no_caries,no_caries,0.7261,0.72611,0.19438,0.05132,0.02818
crops/hibogi_ai_01442_png_3.jpg,hibogi_ai_01442_png,HIBOGI_AI_01442_png_jpg.rf.f6ca90bb1dc02d9d713be5178156b2ac.jpg,,0,0,no_caries,no_caries,0.7134,0.71345,0.21013,0.04911,0.02732
crops/hibogi_ai_01442_png_4.jpg,hibogi_ai_01442_png,HIBOGI_AI_01442_png_jpg.rf.f6ca90bb1dc02d9d713be5178156b2ac.jpg,,0,0,no_caries,no_caries,0.8762,0.87615,0.02748,0.07143,0.02494
crops/hibogi_ai_01442_png_5.jpg,hibogi_ai_01442_png,HIBOGI_AI_01442_png_jpg.rf.f6ca90bb1dc02d9d713be5178156b2ac.jpg,,0,0,no_caries,no_caries,0.6958,0.69579,0.18161,0.07493,0.04766
crops/hibogi_ai_01442_png_6.jpg,hibogi_ai_01442_png,HIBOGI_AI_01442_png_jpg.rf.f6ca90bb1dc02d9d713be5178156b2ac.jpg,,0,0,no_caries,mild,0.4663,0.46362,0.46631,0.04045,0.02962
crops/hibogi_ai_01442_png_7.jpg,hibogi_ai_01442_png,HIBOGI_AI_01442_png_jpg.rf.f6ca90bb1dc02d9d713be5178156b2ac.jpg,,0,0,no_caries,no_caries,0.6035,0.60349,0.30029,0.04823,0.04799
crops/hibogi_ai_01442_png_8.jpg,hibogi_ai_01442_png,HIBOGI_AI_01442_png_jpg.rf.f6ca90bb1dc02d9d713be5178156b2ac.jpg,,0,0,no_caries,no_caries,0.7737,0.77373,0.0821,0.11296,0.03121
crops/hibogi_ai_01442_png_9.jpg,hibogi_ai_01442_png,HIBOGI_AI_01442_png_jpg.rf.f6ca90bb1dc02d9d713be5178156b2ac.jpg,,0,0,no_caries,no_caries,0.5353,0.53525,0.2753,0.13151,0.05793
crops/hibogi_ai_01444_png_0.jpg,hibogi_ai_01444_png,HIBOGI_AI_01444_png_jpg.rf.9e537b01e692f3aad6afcadcb434e76f.jpg,,2,0,mild,mild,0.6629,0.08663,0.66286,0.09667,0.15384
crops/hibogi_ai_01444_png_1.jpg,hibogi_ai_01444_png,HIBOGI_AI_01444_png_jpg.rf.9e537b01e692f3aad6afcadcb434e76f.jpg,,0,0,no_caries,no_caries,0.6757,0.67569,0.22217,0.05918,0.04296
crops/hibogi_ai_01444_png_2.jpg,hibogi_ai_01444_png,HIBOGI_AI_01444_png_jpg.rf.9e537b01e692f3aad6afcadcb434e76f.jpg,,0,0,no_caries,no_caries,0.6116,0.61156,0.29611,0.04777,0.04457
crops/hibogi_ai_01444_png_3.jpg,hibogi_ai_01444_png,HIBOGI_AI_01444_png_jpg.rf.9e537b01e692f3aad6afcadcb434e76f.jpg,,0,0,no_caries,no_caries,0.7322,0.73216,0.16405,0.06511,0.03868
crops/hibogi_ai_01444_png_4.jpg,hibogi_ai_01444_png,HIBOGI_AI_01444_png_jpg.rf.9e537b01e692f3aad6afcadcb434e76f.jpg,,6,0,advanced,advanced,0.4548,0.20533,0.24673,0.09312,0.45482
crops/hibogi_ai_01444_png_5.jpg,hibogi_ai_01444_png,HIBOGI_AI_01444_png_jpg.rf.9e537b01e692f3aad6afcadcb434e76f.jpg,,0,0,no_caries,no_caries,0.5659,0.56592,0.33565,0.05655,0.04187
crops/hibogi_ai_01444_png_6.jpg,hibogi_ai_01444_png,HIBOGI_AI_01444_png_jpg.rf.9e537b01e692f3aad6afcadcb434e76f.jpg,,0,0,no_caries,mild,0.4569,0.39453,0.45686,0.08552,0.06309
crops/hibogi_ai_01444_png_7.jpg,hibogi_ai_01444_png,HIBOGI_AI_01444_png_jpg.rf.9e537b01e692f3aad6afcadcb434e76f.jpg,,0,0,no_caries,no_caries,0.614,0.61403,0.28998,0.06669,0.0293
crops/hibogi_ai_01444_png_8.jpg,hibogi_ai_01444_png,HIBOGI_AI_01444_png_jpg.rf.9e537b01e692f3aad6afcadcb434e76f.jpg,,0,0,no_caries,no_caries,0.5478,0.54777,0.39291,0.03368,0.02564
crops/hibogi_ai_01444_png_9.jpg,hibogi_ai_01444_png,HIBOGI_AI_01444_png_jpg.rf.9e537b01e692f3aad6afcadcb434e76f.jpg,,0,0,no_caries,no_caries,0.7533,0.75325,0.18097,0.04695,0.01883
crops/hibogi_ai_01444_png_10.jpg,hibogi_ai_01444_png,HIBOGI_AI_01444_png_jpg.rf.9e537b01e692f3aad6afcadcb434e76f.jpg,,0,0,no_caries,mild,0.5058,0.40253,0.50579,0.0446,0.04708
crops/hibogi_ai_01444_png_11.jpg,hibogi_ai_01444_png,HIBOGI_AI_01444_png_jpg.rf.9e537b01e692f3aad6afcadcb434e76f.jpg,,0,0,no_caries,no_caries,0.5371,0.53711,0.40153,0.03836,0.023
crops/hibogi_ai_01444_png_12.jpg,hibogi_ai_01444_png,HIBOGI_AI_01444_png_jpg.rf.9e537b01e692f3aad6afcadcb434e76f.jpg,,2,0,mild,mild,0.617,0.29296,0.61696,0.04163,0.04845
crops/hibogi_ai_01446_png_0.jpg,hibogi_ai_01446_png,HIBOGI_AI_01446_png_jpg.rf.8df15d2d33a76574af9c9c7cccfd5537.jpg,,0,0,no_caries,no_caries,0.6516,0.65162,0.15661,0.14358,0.04818
crops/hibogi_ai_01446_png_1.jpg,hibogi_ai_01446_png,HIBOGI_AI_01446_png_jpg.rf.8df15d2d33a76574af9c9c7cccfd5537.jpg,,0,0,no_caries,no_caries,0.742,0.74201,0.13971,0.07586,0.04242
crops/hibogi_ai_01446_png_2.jpg,hibogi_ai_01446_png,HIBOGI_AI_01446_png_jpg.rf.8df15d2d33a76574af9c9c7cccfd5537.jpg,,0,0,no_caries,no_caries,0.7092,0.70918,0.16541,0.0877,0.03771
crops/hibogi_ai_01446_png_3.jpg,hibogi_ai_01446_png,HIBOGI_AI_01446_png_jpg.rf.8df15d2d33a76574af9c9c7cccfd5537.jpg,,6,0,advanced,advanced,0.5071,0.086,0.33721,0.06969,0.5071
crops/hibogi_ai_01446_png_4.jpg,hibogi_ai_01446_png,HIBOGI_AI_01446_png_jpg.rf.8df15d2d33a76574af9c9c7cccfd5537.jpg,,0,0,no_caries,mild,0.7427,0.08908,0.74266,0.06201,0.10625
crops/hibogi_ai_01446_png_5.jpg,hibogi_ai_01446_png,HIBOGI_AI_01446_png_jpg.rf.8df15d2d33a76574af9c9c7cccfd5537.jpg,,0,0,no_caries,no_caries,0.7942,0.79423,0.06941,0.08738,0.04897
crops/hibogi_ai_01446_png_6.jpg,hibogi_ai_01446_png,HIBOGI_AI_01446_png_jpg.rf.8df15d2d33a76574af9c9c7cccfd5537.jpg,,0,0,no_caries,no_caries,0.7651,0.76513,0.13015,0.06746,0.03726
crops/hibogi_ai_01446_png_7.jpg,hibogi_ai_01446_png,HIBOGI_AI_01446_png_jpg.rf.8df15d2d33a76574af9c9c7cccfd5537.jpg,,0,0,no_caries,no_caries,0.8798,0.87976,0.04195,0.04695,0.03134
crops/hibogi_ai_01446_png_8.jpg,hibogi_ai_01446_png,HIBOGI_AI_01446_png_jpg.rf.8df15d2d33a76574af9c9c7cccfd5537.jpg,,0,0,no_caries,no_caries,0.8525,0.85249,0.0394,0.06306,0.04505
crops/hibogi_ai_01446_png_9.jpg,hibogi_ai_01446_png,HIBOGI_AI_01446_png_jpg.rf.8df15d2d33a76574af9c9c7cccfd5537.jpg,,0,0,no_caries,no_caries,0.8151,0.81511,0.04996,0.0994,0.03553
crops/hibogi_ai_01455_png_0.jpg,hibogi_ai_01455_png,HIBOGI_AI_01455_png_jpg.rf.e65d5d86e1a90280ecd240ed47d0a20b.jpg,,0,0,no_caries,no_caries,0.5697,0.5697,0.32636,0.07915,0.02479
crops/hibogi_ai_01455_png_1.jpg,hibogi_ai_01455_png,HIBOGI_AI_01455_png_jpg.rf.e65d5d86e1a90280ecd240ed47d0a20b.jpg,,0,0,no_caries,no_caries,0.6181,0.61806,0.09394,0.19329,0.09472
crops/hibogi_ai_01455_png_2.jpg,hibogi_ai_01455_png,HIBOGI_AI_01455_png_jpg.rf.e65d5d86e1a90280ecd240ed47d0a20b.jpg,,0,0,no_caries,no_caries,0.8388,0.8388,0.05474,0.07145,0.03501
crops/hibogi_ai_01455_png_3.jpg,hibogi_ai_01455_png,HIBOGI_AI_01455_png_jpg.rf.e65d5d86e1a90280ecd240ed47d0a20b.jpg,,0,0,no_caries,no_caries,0.8512,0.8512,0.05458,0.05646,0.03776
crops/hibogi_ai_01455_png_4.jpg,hibogi_ai_01455_png,HIBOGI_AI_01455_png_jpg.rf.e65d5d86e1a90280ecd240ed47d0a20b.jpg,,0,0,no_caries,no_caries,0.8843,0.88425,0.01872,0.07451,0.02251
crops/hibogi_ai_01455_png_5.jpg,hibogi_ai_01455_png,HIBOGI_AI_01455_png_jpg.rf.e65d5d86e1a90280ecd240ed47d0a20b.jpg,,0,0,no_caries,no_caries,0.8222,0.82224,0.05118,0.09828,0.0283
crops/hibogi_ai_01455_png_6.jpg,hibogi_ai_01455_png,HIBOGI_AI_01455_png_jpg.rf.e65d5d86e1a90280ecd240ed47d0a20b.jpg,,0,0,no_caries,no_caries,0.6475,0.64751,0.22082,0.08848,0.04318
crops/hibogi_ai_01455_png_7.jpg,hibogi_ai_01455_png,HIBOGI_AI_01455_png_jpg.rf.e65d5d86e1a90280ecd240ed47d0a20b.jpg,,0,0,no_caries,no_caries,0.7718,0.77178,0.1438,0.055,0.02942
crops/hibogi_ai_01459_png_0.jpg,hibogi_ai_01459_png,HIBOGI_AI_01459_png_jpg.rf.ef2b086c019b75287924db590698ce57.jpg,,2,0,mild,no_caries,0.5242,0.52419,0.32159,0.08722,0.06699
crops/hibogi_ai_01459_png_1.jpg,hibogi_ai_01459_png,HIBOGI_AI_01459_png_jpg.rf.ef2b086c019b75287924db590698ce57.jpg,,0,0,no_caries,no_caries,0.5995,0.5995,0.29198,0.06771,0.04081
crops/hibogi_ai_01459_png_2.jpg,hibogi_ai_01459_png,HIBOGI_AI_01459_png_jpg.rf.ef2b086c019b75287924db590698ce57.jpg,,2,0,mild,no_caries,0.5376,0.53762,0.31049,0.11412,0.03777
crops/hibogi_ai_01459_png_3.jpg,hibogi_ai_01459_png,HIBOGI_AI_01459_png_jpg.rf.ef2b086c019b75287924db590698ce57.jpg,,0,0,no_caries,no_caries,0.5449,0.54485,0.30745,0.09683,0.05087
crops/hibogi_ai_01459_png_4.jpg,hibogi_ai_01459_png,HIBOGI_AI_01459_png_jpg.rf.ef2b086c019b75287924db590698ce57.jpg,,0,0,no_caries,no_caries,0.4588,0.45884,0.42676,0.0733,0.0411
crops/hibogi_ai_01459_png_5.jpg,hibogi_ai_01459_png,HIBOGI_AI_01459_png_jpg.rf.ef2b086c019b75287924db590698ce57.jpg,,1,0,mild,mild,0.6083,0.21275,0.60835,0.09682,0.08208
crops/hibogi_ai_01459_png_6.jpg,hibogi_ai_01459_png,HIBOGI_AI_01459_png_jpg.rf.ef2b086c019b75287924db590698ce57.jpg,,0,0,no_caries,no_caries,0.8494,0.8494,0.09149,0.02926,0.02985
crops/hibogi_ai_01459_png_7.jpg,hibogi_ai_01459_png,HIBOGI_AI_01459_png_jpg.rf.ef2b086c019b75287924db590698ce57.jpg,,0,0,no_caries,no_caries,0.5843,0.58428,0.2462,0.06453,0.10499
crops/hibogi_ai_01459_png_8.jpg,hibogi_ai_01459_png,HIBOGI_AI_01459_png_jpg.rf.ef2b086c019b75287924db590698ce57.jpg,,0,0,no_caries,no_caries,0.6953,0.69527,0.22108,0.05687,0.02678
crops/hibogi_ai_01459_png_9.jpg,hibogi_ai_01459_png,HIBOGI_AI_01459_png_jpg.rf.ef2b086c019b75287924db590698ce57.jpg,,0,0,no_caries,no_caries,0.7499,0.74986,0.15193,0.05147,0.04674
crops/hibogi_ai_01459_png_10.jpg,hibogi_ai_01459_png,HIBOGI_AI_01459_png_jpg.rf.ef2b086c019b75287924db590698ce57.jpg,,0,0,no_caries,no_caries,0.712,0.71197,0.19558,0.05996,0.03249
crops/hibogi_ai_01459_png_11.jpg,hibogi_ai_01459_png,HIBOGI_AI_01459_png_jpg.rf.ef2b086c019b75287924db590698ce57.jpg,,0,0,no_caries,no_caries,0.8252,0.82518,0.07703,0.04607,0.05171
crops/hibogi_ai_01459_png_12.jpg,hibogi_ai_01459_png,HIBOGI_AI_01459_png_jpg.rf.ef2b086c019b75287924db590698ce57.jpg,,0,0,no_caries,no_caries,0.6887,0.68873,0.213,0.06285,0.03542
crops/hibogi_ai_01459_png_13.jpg,hibogi_ai_01459_png,HIBOGI_AI_01459_png_jpg.rf.ef2b086c019b75287924db590698ce57.jpg,,0,0,no_caries,no_caries,0.6995,0.69955,0.19587,0.07196,0.03262
crops/hibogi_ai_01459_png_14.jpg,hibogi_ai_01459_png,HIBOGI_AI_01459_png_jpg.rf.ef2b086c019b75287924db590698ce57.jpg,,0,0,no_caries,no_caries,0.6987,0.69869,0.24444,0.03634,0.02053
crops/hibogi_ai_01459_png_15.jpg,hibogi_ai_01459_png,HIBOGI_AI_01459_png_jpg.rf.ef2b086c019b75287924db590698ce57.jpg,,0,0,no_caries,no_caries,0.8608,0.8608,0.0878,0.03637,0.01503
crops/hibogi_ai_01460_png_0.jpg,hibogi_ai_01460_png,HIBOGI_AI_01460_png_jpg.rf.63f6048b1e652e32a1d45eeddc005b29.jpg,,0,0,no_caries,advanced,0.5473,0.04075,0.13371,0.27826,0.54729
crops/hibogi_ai_01460_png_1.jpg,hibogi_ai_01460_png,HIBOGI_AI_01460_png_jpg.rf.63f6048b1e652e32a1d45eeddc005b29.jpg,,0,0,no_caries,mild,0.4107,0.34171,0.41071,0.20464,0.04295
crops/hibogi_ai_01460_png_2.jpg,hibogi_ai_01460_png,HIBOGI_AI_01460_png_jpg.rf.63f6048b1e652e32a1d45eeddc005b29.jpg,,0,0,no_caries,mild,0.4091,0.3911,0.40908,0.12915,0.07067
crops/hibogi_ai_01460_png_3.jpg,hibogi_ai_01460_png,HIBOGI_AI_01460_png_jpg.rf.63f6048b1e652e32a1d45eeddc005b29.jpg,,0,0,no_caries,no_caries,0.8337,0.83374,0.04394,0.08264,0.03968
crops/hibogi_ai_01460_png_4.jpg,hibogi_ai_01460_png,HIBOGI_AI_01460_png_jpg.rf.63f6048b1e652e32a1d45eeddc005b29.jpg,,0,0,no_caries,no_caries,0.8141,0.81412,0.08509,0.06156,0.03924
crops/hibogi_ai_01460_png_5.jpg,hibogi_ai_01460_png,HIBOGI_AI_01460_png_jpg.rf.63f6048b1e652e32a1d45eeddc005b29.jpg,,0,0,no_caries,no_caries,0.5967,0.59665,0.28434,0.08127,0.03773
crops/hibogi_ai_01460_png_7.jpg,hibogi_ai_01460_png,HIBOGI_AI_01460_png_jpg.rf.63f6048b1e652e32a1d45eeddc005b29.jpg,,0,0,no_caries,no_caries,0.7358,0.73578,0.13929,0.07361,0.05133
crops/hibogi_ai_01460_png_9.jpg,hibogi_ai_01460_png,HIBOGI_AI_01460_png_jpg.rf.63f6048b1e652e32a1d45eeddc005b29.jpg,,0,0,no_caries,no_caries,0.7991,0.79911,0.09205,0.05511,0.05373
crops/hibogi_ai_01460_png_10.jpg,hibogi_ai_01460_png,HIBOGI_AI_01460_png_jpg.rf.63f6048b1e652e32a1d45eeddc005b29.jpg,,0,0,no_caries,no_caries,0.8484,0.84837,0.08169,0.04691,0.02303
crops/hibogi_ai_01460_png_11.jpg,hibogi_ai_01460_png,HIBOGI_AI_01460_png_jpg.rf.63f6048b1e652e32a1d45eeddc005b29.jpg,,0,0,no_caries,no_caries,0.6756,0.67562,0.20997,0.08109,0.03332
crops/hibogi_ai_01460_png_12.jpg,hibogi_ai_01460_png,HIBOGI_AI_01460_png_jpg.rf.63f6048b1e652e32a1d45eeddc005b29.jpg,,0,0,no_caries,moderate,0.3611,0.34379,0.11284,0.36109,0.18228
crops/hibogi_ai_01461_png_0.jpg,hibogi_ai_01461_png,HIBOGI_AI_01461_png_jpg.rf.e3fba64ff0ca5bb885bef7b03dfe2545.jpg,,0,0,no_caries,no_caries,0.7259,0.72592,0.1016,0.10966,0.06283
crops/hibogi_ai_01461_png_1.jpg,hibogi_ai_01461_png,HIBOGI_AI_01461_png_jpg.rf.e3fba64ff0ca5bb885bef7b03dfe2545.jpg,,0,0,no_caries,no_caries,0.8275,0.82748,0.09231,0.04999,0.03022
crops/hibogi_ai_01461_png_2.jpg,hibogi_ai_01461_png,HIBOGI_AI_01461_png_jpg.rf.e3fba64ff0ca5bb885bef7b03dfe2545.jpg,,0,0,no_caries,no_caries,0.7146,0.71462,0.16192,0.08254,0.04092
crops/hibogi_ai_01461_png_3.jpg,hibogi_ai_01461_png,HIBOGI_AI_01461_png_jpg.rf.e3fba64ff0ca5bb885bef7b03dfe2545.jpg,,0,0,no_caries,no_caries,0.8201,0.82008,0.02997,0.11989,0.03005
crops/hibogi_ai_01461_png_4.jpg,hibogi_ai_01461_png,HIBOGI_AI_01461_png_jpg.rf.e3fba64ff0ca5bb885bef7b03dfe2545.jpg,,0,0,no_caries,mild,0.5027,0.33836,0.50266,0.09924,0.05974
crops/hibogi_ai_01461_png_5.jpg,hibogi_ai_01461_png,HIBOGI_AI_01461_png_jpg.rf.e3fba64ff0ca5bb885bef7b03dfe2545.jpg,,0,0,no_caries,no_caries,0.8259,0.82592,0.10561,0.04036,0.02811
crops/hibogi_ai_01461_png_6.jpg,hibogi_ai_01461_png,HIBOGI_AI_01461_png_jpg.rf.e3fba64ff0ca5bb885bef7b03dfe2545.jpg,,0,0,no_caries,no_caries,0.8694,0.86942,0.06836,0.04085,0.02137
crops/hibogi_ai_01461_png_7.jpg,hibogi_ai_01461_png,HIBOGI_AI_01461_png_jpg.rf.e3fba64ff0ca5bb885bef7b03dfe2545.jpg,,0,0,no_caries,no_caries,0.83,0.82995,0.07892,0.04934,0.04179
crops/hibogi_ai_01461_png_8.jpg,hibogi_ai_01461_png,HIBOGI_AI_01461_png_jpg.rf.e3fba64ff0ca5bb885bef7b03dfe2545.jpg,,0,0,no_caries,no_caries,0.6717,0.67167,0.24055,0.0561,0.03168
crops/hibogi_ai_01461_png_9.jpg,hibogi_ai_01461_png,HIBOGI_AI_01461_png_jpg.rf.e3fba64ff0ca5bb885bef7b03dfe2545.jpg,,0,0,no_caries,no_caries,0.5163,0.51626,0.19645,0.20906,0.07822
crops/hibogi_ai_01463_png_0.jpg,hibogi_ai_01463_png,HIBOGI_AI_01463_png_jpg.rf.e66237da2598d66dec25e58892cdb298.jpg,,0,0,no_caries,no_caries,0.5929,0.59286,0.16745,0.19227,0.04741
crops/hibogi_ai_01463_png_1.jpg,hibogi_ai_01463_png,HIBOGI_AI_01463_png_jpg.rf.e66237da2598d66dec25e58892cdb298.jpg,,0,0,no_caries,no_caries,0.5492,0.54921,0.18212,0.22974,0.03893
crops/hibogi_ai_01463_png_2.jpg,hibogi_ai_01463_png,HIBOGI_AI_01463_png_jpg.rf.e66237da2598d66dec25e58892cdb298.jpg,,0,0,no_caries,moderate,0.3433,0.30664,0.3096,0.34331,0.04045
crops/hibogi_ai_01463_png_3.jpg,hibogi_ai_01463_png,HIBOGI_AI_01463_png_jpg.rf.e66237da2598d66dec25e58892cdb298.jpg,,0,0,no_caries,no_caries,0.7216,0.72157,0.15401,0.10226,0.02215
crops/hibogi_ai_01463_png_4.jpg,hibogi_ai_01463_png,HIBOGI_AI_01463_png_jpg.rf.e66237da2598d66dec25e58892cdb298.jpg,,0,0,no_caries,no_caries,0.6923,0.69235,0.21402,0.06531,0.02832
crops/hibogi_ai_01463_png_5.jpg,hibogi_ai_01463_png,HIBOGI_AI_01463_png_jpg.rf.e66237da2598d66dec25e58892cdb298.jpg,,0,0,no_caries,no_caries,0.5116,0.51164,0.2846,0.12783,0.07593
crops/hibogi_ai_01463_png_6.jpg,hibogi_ai_01463_png,HIBOGI_AI_01463_png_jpg.rf.e66237da2598d66dec25e58892cdb298.jpg,,0,0,no_caries,no_caries,0.5559,0.55588,0.24116,0.11144,0.09152
crops/hibogi_ai_01463_png_7.jpg,hibogi_ai_01463_png,HIBOGI_AI_01463_png_jpg.rf.e66237da2598d66dec25e58892cdb298.jpg,,0,0,no_caries,no_caries,0.6813,0.68132,0.14766,0.10566,0.06536
crops/hibogi_ai_01463_png_8.jpg,hibogi_ai_01463_png,HIBOGI_AI_01463_png_jpg.rf.e66237da2598d66dec25e58892cdb298.jpg,,0,0,no_caries,mild,0.4269,0.28969,0.42688,0.12619,0.15724
crops/hibogi_ai_01463_png_9.jpg,hibogi_ai_01463_png,HIBOGI_AI_01463_png_jpg.rf.e66237da2598d66dec25e58892cdb298.jpg,,0,0,no_caries,no_caries,0.6475,0.64746,0.26274,0.06157,0.02823
crops/hibogi_ai_01463_png_10.jpg,hibogi_ai_01463_png,HIBOGI_AI_01463_png_jpg.rf.e66237da2598d66dec25e58892cdb298.jpg,,0,0,no_caries,no_caries,0.6961,0.69613,0.11312,0.15548,0.03527
crops/hibogi_ai_01463_png_11.jpg,hibogi_ai_01463_png,HIBOGI_AI_01463_png_jpg.rf.e66237da2598d66dec25e58892cdb298.jpg,,0,0,no_caries,moderate,0.4538,0.3455,0.16705,0.45384,0.03361
crops/hibogi_ai_01463_png_12.jpg,hibogi_ai_01463_png,HIBOGI_AI_01463_png_jpg.rf.e66237da2598d66dec25e58892cdb298.jpg,,0,0,no_caries,no_caries,0.539,0.53896,0.12436,0.29169,0.04499
crops/hibogi_ai_01464_png_0.jpg,hibogi_ai_01464_png,HIBOGI_AI_01464_png_jpg.rf.f9b9142f849b9e207a774fb74ea64431.jpg,,6,0,advanced,advanced,0.9015,0.01397,0.0279,0.05659,0.90153
crops/hibogi_ai_01464_png_1.jpg,hibogi_ai_01464_png,HIBOGI_AI_01464_png_jpg.rf.f9b9142f849b9e207a774fb74ea64431.jpg,,0,0,no_caries,no_caries,0.6139,0.61394,0.15769,0.17599,0.05238
crops/hibogi_ai_01464_png_2.jpg,hibogi_ai_01464_png,HIBOGI_AI_01464_png_jpg.rf.f9b9142f849b9e207a774fb74ea64431.jpg,,0,0,no_caries,no_caries,0.808,0.80802,0.06361,0.09847,0.0299
crops/hibogi_ai_01464_png_3.jpg,hibogi_ai_01464_png,HIBOGI_AI_01464_png_jpg.rf.f9b9142f849b9e207a774fb74ea64431.jpg,,0,0,no_caries,no_caries,0.7707,0.77074,0.12937,0.06617,0.03373
crops/hibogi_ai_01464_png_4.jpg,hibogi_ai_01464_png,HIBOGI_AI_01464_png_jpg.rf.f9b9142f849b9e207a774fb74ea64431.jpg,,0,0,no_caries,no_caries,0.7302,0.73025,0.1796,0.06061,0.02953
crops/hibogi_ai_01464_png_5.jpg,hibogi_ai_01464_png,HIBOGI_AI_01464_png_jpg.rf.f9b9142f849b9e207a774fb74ea64431.jpg,,0,0,no_caries,no_caries,0.759,0.75902,0.12238,0.08185,0.03674
crops/hibogi_ai_01464_png_6.jpg,hibogi_ai_01464_png,HIBOGI_AI_01464_png_jpg.rf.f9b9142f849b9e207a774fb74ea64431.jpg,,0,0,no_caries,no_caries,0.4874,0.48735,0.3312,0.08572,0.09573
crops/hibogi_ai_01464_png_7.jpg,hibogi_ai_01464_png,HIBOGI_AI_01464_png_jpg.rf.f9b9142f849b9e207a774fb74ea64431.jpg,,0,0,no_caries,no_caries,0.6374,0.63736,0.10431,0.23593,0.0224
crops/hibogi_ai_01464_png_8.jpg,hibogi_ai_01464_png,HIBOGI_AI_01464_png_jpg.rf.f9b9142f849b9e207a774fb74ea64431.jpg,,0,0,no_caries,no_caries,0.7358,0.73578,0.17809,0.05547,0.03066
crops/hibogi_ai_01464_png_9.jpg,hibogi_ai_01464_png,HIBOGI_AI_01464_png_jpg.rf.f9b9142f849b9e207a774fb74ea64431.jpg,,0,0,no_caries,no_caries,0.7352,0.73525,0.16513,0.06724,0.03238
crops/hibogi_ai_01464_png_10.jpg,hibogi_ai_01464_png,HIBOGI_AI_01464_png_jpg.rf.f9b9142f849b9e207a774fb74ea64431.jpg,,0,0,no_caries,no_caries,0.779,0.77895,0.15504,0.04854,0.01747
crops/hibogi_ai_01464_png_11.jpg,hibogi_ai_01464_png,HIBOGI_AI_01464_png_jpg.rf.f9b9142f849b9e207a774fb74ea64431.jpg,,0,0,no_caries,no_caries,0.6564,0.65642,0.25286,0.0653,0.02542
crops/hibogi_ai_01464_png_12.jpg,hibogi_ai_01464_png,HIBOGI_AI_01464_png_jpg.rf.f9b9142f849b9e207a774fb74ea64431.jpg,,0,0,no_caries,no_caries,0.5205,0.52053,0.42604,0.04015,0.01327
crops/hibogi_ai_01464_png_13.jpg,hibogi_ai_01464_png,HIBOGI_AI_01464_png_jpg.rf.f9b9142f849b9e207a774fb74ea64431.jpg,,0,0,no_caries,no_caries,0.8048,0.80478,0.11604,0.0604,0.01878
crops/hibogi_ai_01464_png_14.jpg,hibogi_ai_01464_png,HIBOGI_AI_01464_png_jpg.rf.f9b9142f849b9e207a774fb74ea64431.jpg,,0,0,no_caries,no_caries,0.7271,0.72711,0.1465,0.09007,0.03632
crops/hibogi_ai_01485_png_0.jpg,hibogi_ai_01485_png,HIBOGI_AI_01485_png_jpg.rf.5e60102419b4e80e4e670179c6fbcac5.jpg,,0,0,no_caries,mild,0.3689,0.24087,0.36885,0.17005,0.22022
crops/hibogi_ai_01485_png_1.jpg,hibogi_ai_01485_png,HIBOGI_AI_01485_png_jpg.rf.5e60102419b4e80e4e670179c6fbcac5.jpg,,0,0,no_caries,no_caries,0.6785,0.67853,0.11589,0.16531,0.04027
crops/hibogi_ai_01485_png_2.jpg,hibogi_ai_01485_png,HIBOGI_AI_01485_png_jpg.rf.5e60102419b4e80e4e670179c6fbcac5.jpg,,0,0,no_caries,no_caries,0.8135,0.81345,0.09226,0.04929,0.045
crops/hibogi_ai_01485_png_3.jpg,hibogi_ai_01485_png,HIBOGI_AI_01485_png_jpg.rf.5e60102419b4e80e4e670179c6fbcac5.jpg,,0,0,no_caries,no_caries,0.8468,0.84683,0.06702,0.04802,0.03812
crops/hibogi_ai_01485_png_4.jpg,hibogi_ai_01485_png,HIBOGI_AI_01485_png_jpg.rf.5e60102419b4e80e4e670179c6fbcac5.jpg,,0,0,no_caries,no_caries,0.7444,0.74443,0.1095,0.11728,0.02879
crops/hibogi_ai_01485_png_5.jpg,hibogi_ai_01485_png,HIBOGI_AI_01485_png_jpg.rf.5e60102419b4e80e4e670179c6fbcac5.jpg,,0,0,no_caries,no_caries,0.5408,0.54076,0.26841,0.11096,0.07987
crops/hibogi_ai_01485_png_6.jpg,hibogi_ai_01485_png,HIBOGI_AI_01485_png_jpg.rf.5e60102419b4e80e4e670179c6fbcac5.jpg,,0,0,no_caries,no_caries,0.8978,0.89784,0.02783,0.04634,0.02798
crops/hibogi_ai_01485_png_7.jpg,hibogi_ai_01485_png,HIBOGI_AI_01485_png_jpg.rf.5e60102419b4e80e4e670179c6fbcac5.jpg,,0,0,no_caries,no_caries,0.8927,0.89273,0.02438,0.05691,0.02597
crops/hibogi_ai_01485_png_8.jpg,hibogi_ai_01485_png,HIBOGI_AI_01485_png_jpg.rf.5e60102419b4e80e4e670179c6fbcac5.jpg,,0,0,no_caries,no_caries,0.8486,0.84861,0.05864,0.06643,0.02632
crops/hibogi_ai_01485_png_9.jpg,hibogi_ai_01485_png,HIBOGI_AI_01485_png_jpg.rf.5e60102419b4e80e4e670179c6fbcac5.jpg,,0,0,no_caries,no_caries,0.7425,0.74246,0.13785,0.07925,0.04045
crops/hibogi_ai_01485_png_10.jpg,hibogi_ai_01485_png,HIBOGI_AI_01485_png_jpg.rf.5e60102419b4e80e4e670179c6fbcac5.jpg,,0,0,no_caries,no_caries,0.7054,0.70538,0.17067,0.07404,0.04991
crops/hibogi_ai_01485_png_11.jpg,hibogi_ai_01485_png,HIBOGI_AI_01485_png_jpg.rf.5e60102419b4e80e4e670179c6fbcac5.jpg,,0,0,no_caries,no_caries,0.3608,0.36077,0.3248,0.156,0.15844
crops/hibogi_ai_01496_png_0.jpg,hibogi_ai_01496_png,HIBOGI_AI_01496_png_jpg.rf.3c4455f1fd385830ee76d8899f1706e3.jpg,,0,0,no_caries,no_caries,0.8738,0.8738,0.06683,0.04195,0.01742
crops/hibogi_ai_01496_png_1.jpg,hibogi_ai_01496_png,HIBOGI_AI_01496_png_jpg.rf.3c4455f1fd385830ee76d8899f1706e3.jpg,,0,0,no_caries,no_caries,0.6583,0.65834,0.10151,0.1904,0.04975
crops/hibogi_ai_01496_png_2.jpg,hibogi_ai_01496_png,HIBOGI_AI_01496_png_jpg.rf.3c4455f1fd385830ee76d8899f1706e3.jpg,,0,0,no_caries,no_caries,0.7226,0.72255,0.13769,0.10624,0.03352
crops/hibogi_ai_01496_png_3.jpg,hibogi_ai_01496_png,HIBOGI_AI_01496_png_jpg.rf.3c4455f1fd385830ee76d8899f1706e3.jpg,,0,0,no_caries,no_caries,0.4595,0.45946,0.2112,0.27927,0.05007
crops/hibogi_ai_01496_png_4.jpg,hibogi_ai_01496_png,HIBOGI_AI_01496_png_jpg.rf.3c4455f1fd385830ee76d8899f1706e3.jpg,,0,0,no_caries,no_caries,0.668,0.66801,0.07204,0.23202,0.02793
crops/hibogi_ai_01496_png_5.jpg,hibogi_ai_01496_png,HIBOGI_AI_01496_png_jpg.rf.3c4455f1fd385830ee76d8899f1706e3.jpg,,0,0,no_caries,no_caries,0.7817,0.78175,0.1075,0.08857,0.02218
crops/hibogi_ai_01496_png_6.jpg,hibogi_ai_01496_png,HIBOGI_AI_01496_png_jpg.rf.3c4455f1fd385830ee76d8899f1706e3.jpg,,0,0,no_caries,mild,0.4858,0.45877,0.48577,0.03474,0.02072
crops/hibogi_ai_01496_png_7.jpg,hibogi_ai_01496_png,HIBOGI_AI_01496_png_jpg.rf.3c4455f1fd385830ee76d8899f1706e3.jpg,,0,0,no_caries,no_caries,0.8459,0.84591,0.09505,0.03774,0.0213
crops/hibogi_ai_01496_png_8.jpg,hibogi_ai_01496_png,HIBOGI_AI_01496_png_jpg.rf.3c4455f1fd385830ee76d8899f1706e3.jpg,,0,0,no_caries,no_caries,0.895,0.89499,0.05348,0.03311,0.01842
crops/hibogi_ai_01496_png_9.jpg,hibogi_ai_01496_png,HIBOGI_AI_01496_png_jpg.rf.3c4455f1fd385830ee76d8899f1706e3.jpg,,0,0,no_caries,no_caries,0.8461,0.84615,0.0649,0.06322,0.02574
crops/hibogi_ai_01496_png_10.jpg,hibogi_ai_01496_png,HIBOGI_AI_01496_png_jpg.rf.3c4455f1fd385830ee76d8899f1706e3.jpg,,0,0,no_caries,no_caries,0.9072,0.90721,0.02669,0.04816,0.01794
crops/hibogi_ai_01496_png_11.jpg,hibogi_ai_01496_png,HIBOGI_AI_01496_png_jpg.rf.3c4455f1fd385830ee76d8899f1706e3.jpg,,0,0,no_caries,no_caries,0.612,0.612,0.11587,0.18437,0.08777
crops/hibogi_ai_01496_png_12.jpg,hibogi_ai_01496_png,HIBOGI_AI_01496_png_jpg.rf.3c4455f1fd385830ee76d8899f1706e3.jpg,,0,0,no_caries,mild,0.4487,0.44098,0.4487,0.06054,0.04978
crops/hibogi_ai_01496_png_13.jpg,hibogi_ai_01496_png,HIBOGI_AI_01496_png_jpg.rf.3c4455f1fd385830ee76d8899f1706e3.jpg,,0,0,no_caries,moderate,0.6577,0.22544,0.01865,0.65765,0.09826
crops/hibogi_ai_01497_png_0.jpg,hibogi_ai_01497_png,HIBOGI_AI_01497_png_jpg.rf.dcbca14985b83f6407f69ba622afc4a6.jpg,,3,0,moderate,no_caries,0.4654,0.46535,0.20125,0.27061,0.06279
crops/hibogi_ai_01497_png_1.jpg,hibogi_ai_01497_png,HIBOGI_AI_01497_png_jpg.rf.dcbca14985b83f6407f69ba622afc4a6.jpg,,4,0,moderate,moderate,0.5989,0.03734,0.07619,0.59892,0.28755
crops/hibogi_ai_01497_png_2.jpg,hibogi_ai_01497_png,HIBOGI_AI_01497_png_jpg.rf.dcbca14985b83f6407f69ba622afc4a6.jpg,,0,0,no_caries,no_caries,0.6214,0.62136,0.13405,0.19183,0.05276
crops/hibogi_ai_01497_png_3.jpg,hibogi_ai_01497_png,HIBOGI_AI_01497_png_jpg.rf.dcbca14985b83f6407f69ba622afc4a6.jpg,,2,0,mild,no_caries,0.8066,0.80661,0.09188,0.08498,0.01654
crops/hibogi_ai_01497_png_4.jpg,hibogi_ai_01497_png,HIBOGI_AI_01497_png_jpg.rf.dcbca14985b83f6407f69ba622afc4a6.jpg,,0,0,no_caries,no_caries,0.8694,0.86938,0.0516,0.05502,0.024
crops/hibogi_ai_01497_png_5.jpg,hibogi_ai_01497_png,HIBOGI_AI_01497_png_jpg.rf.dcbca14985b83f6407f69ba622afc4a6.jpg,,0,0,no_caries,no_caries,0.8527,0.85266,0.0487,0.05471,0.04392
crops/hibogi_ai_01497_png_6.jpg,hibogi_ai_01497_png,HIBOGI_AI_01497_png_jpg.rf.dcbca14985b83f6407f69ba622afc4a6.jpg,,0,0,no_caries,no_caries,0.822,0.82203,0.08995,0.05649,0.03153
crops/hibogi_ai_01497_png_7.jpg,hibogi_ai_01497_png,HIBOGI_AI_01497_png_jpg.rf.dcbca14985b83f6407f69ba622afc4a6.jpg,,2,0,mild,moderate,0.3767,0.35592,0.16192,0.37665,0.1055
crops/hibogi_ai_01497_png_8.jpg,hibogi_ai_01497_png,HIBOGI_AI_01497_png_jpg.rf.dcbca14985b83f6407f69ba622afc4a6.jpg,,3,0,moderate,advanced,0.7348,0.03499,0.05041,0.1798,0.73479
crops/hibogi_ai_01497_png_9.jpg,hibogi_ai_01497_png,HIBOGI_AI_01497_png_jpg.rf.dcbca14985b83f6407f69ba622afc4a6.jpg,,0,0,no_caries,no_caries,0.8088,0.80882,0.06197,0.09035,0.03885
crops/hibogi_ai_01497_png_10.jpg,hibogi_ai_01497_png,HIBOGI_AI_01497_png_jpg.rf.dcbca14985b83f6407f69ba622afc4a6.jpg,,0,0,no_caries,no_caries,0.8972,0.89721,0.01053,0.07363,0.01863
crops/hibogi_ai_01497_png_11.jpg,hibogi_ai_01497_png,HIBOGI_AI_01497_png_jpg.rf.dcbca14985b83f6407f69ba622afc4a6.jpg,,0,0,no_caries,no_caries,0.8937,0.8937,0.0116,0.08552,0.00917
crops/hibogi_ai_01497_png_14.jpg,hibogi_ai_01497_png,HIBOGI_AI_01497_png_jpg.rf.dcbca14985b83f6407f69ba622afc4a6.jpg,,0,0,no_caries,no_caries,0.7002,0.70019,0.0236,0.25921,0.01701
crops/hibogi_ai_01499_png_0.jpg,hibogi_ai_01499_png,HIBOGI_AI_01499_png_jpg.rf.19a7f700d488977470e5ba6282111a74.jpg,,0,0,no_caries,no_caries,0.5851,0.58515,0.28922,0.07345,0.05218
crops/hibogi_ai_01499_png_1.jpg,hibogi_ai_01499_png,HIBOGI_AI_01499_png_jpg.rf.19a7f700d488977470e5ba6282111a74.jpg,,2,0,mild,no_caries,0.6901,0.69009,0.20509,0.05895,0.04587
crops/hibogi_ai_01499_png_2.jpg,hibogi_ai_01499_png,HIBOGI_AI_01499_png_jpg.rf.19a7f700d488977470e5ba6282111a74.jpg,,0,0,no_caries,no_caries,0.7925,0.79248,0.1141,0.06076,0.03265
crops/hibogi_ai_01499_png_3.jpg,hibogi_ai_01499_png,HIBOGI_AI_01499_png_jpg.rf.19a7f700d488977470e5ba6282111a74.jpg,,0,0,no_caries,no_caries,0.6708,0.67078,0.20193,0.08541,0.04188
crops/hibogi_ai_01499_png_4.jpg,hibogi_ai_01499_png,HIBOGI_AI_01499_png_jpg.rf.19a7f700d488977470e5ba6282111a74.jpg,,0,0,no_caries,no_caries,0.7503,0.75033,0.14506,0.05925,0.04537
crops/hibogi_ai_01499_png_5.jpg,hibogi_ai_01499_png,HIBOGI_AI_01499_png_jpg.rf.19a7f700d488977470e5ba6282111a74.jpg,,0,0,no_caries,no_caries,0.7811,0.78108,0.12772,0.05693,0.03428
crops/hibogi_ai_01499_png_6.jpg,hibogi_ai_01499_png,HIBOGI_AI_01499_png_jpg.rf.19a7f700d488977470e5ba6282111a74.jpg,,2,0,mild,no_caries,0.6807,0.68071,0.21146,0.07924,0.02859
crops/hibogi_ai_01499_png_7.jpg,hibogi_ai_01499_png,HIBOGI_AI_01499_png_jpg.rf.19a7f700d488977470e5ba6282111a74.jpg,,2,0,mild,no_caries,0.6636,0.6636,0.23538,0.06698,0.03403
crops/hibogi_ai_01499_png_8.jpg,hibogi_ai_01499_png,HIBOGI_AI_01499_png_jpg.rf.19a7f700d488977470e5ba6282111a74.jpg,,2,0,mild,no_caries,0.5058,0.50584,0.37683,0.08563,0.03169
crops/hibogi_ai_01499_png_9.jpg,hibogi_ai_01499_png,HIBOGI_AI_01499_png_jpg.rf.19a7f700d488977470e5ba6282111a74.jpg,,2,0,mild,no_caries,0.5989,0.59886,0.30766,0.07016,0.02332
crops/hibogi_ai_01499_png_10.jpg,hibogi_ai_01499_png,HIBOGI_AI_01499_png_jpg.rf.19a7f700d488977470e5ba6282111a74.jpg,,2,0,mild,no_caries,0.7003,0.70027,0.22434,0.05199,0.0234
crops/hibogi_ai_01499_png_11.jpg,hibogi_ai_01499_png,HIBOGI_AI_01499_png_jpg.rf.19a7f700d488977470e5ba6282111a74.jpg,,2,0,mild,no_caries,0.5677,0.56769,0.34692,0.06481,0.02058
crops/hibogi_ai_01499_png_12.jpg,hibogi_ai_01499_png,HIBOGI_AI_01499_png_jpg.rf.19a7f700d488977470e5ba6282111a74.jpg,,2,0,mild,no_caries,0.6495,0.64951,0.31328,0.02456,0.01265
crops/hibogi_ai_01499_png_13.jpg,hibogi_ai_01499_png,HIBOGI_AI_01499_png_jpg.rf.19a7f700d488977470e5ba6282111a74.jpg,,2,0,mild,no_caries,0.7427,0.74271,0.18164,0.05581,0.01983
crops/hibogi_ai_01499_png_14.jpg,hibogi_ai_01499_png,HIBOGI_AI_01499_png_jpg.rf.19a7f700d488977470e5ba6282111a74.jpg,,2,0,mild,no_caries,0.6724,0.67242,0.26006,0.04986,0.01766
crops/hibogi_ai_01499_png_15.jpg,hibogi_ai_01499_png,HIBOGI_AI_01499_png_jpg.rf.19a7f700d488977470e5ba6282111a74.jpg,,0,0,no_caries,no_caries,0.7567,0.75673,0.17159,0.04832,0.02336
crops/hibogi_ai_01499_png_16.jpg,hibogi_ai_01499_png,HIBOGI_AI_01499_png_jpg.rf.19a7f700d488977470e5ba6282111a74.jpg,,2,0,mild,no_caries,0.7106,0.71056,0.17489,0.08179,0.03276
crops/hibogi_ai_01503_png_0.jpg,hibogi_ai_01503_png,HIBOGI_AI_01503_png_jpg.rf.de65e413b8540f4f285ee92b586b911d.jpg,,0,0,no_caries,mild,0.529,0.0851,0.52898,0.27803,0.10789
crops/hibogi_ai_01503_png_1.jpg,hibogi_ai_01503_png,HIBOGI_AI_01503_png_jpg.rf.de65e413b8540f4f285ee92b586b911d.jpg,,0,0,no_caries,no_caries,0.4402,0.44017,0.3936,0.13013,0.03611
crops/hibogi_ai_01503_png_2.jpg,hibogi_ai_01503_png,HIBOGI_AI_01503_png_jpg.rf.de65e413b8540f4f285ee92b586b911d.jpg,,0,0,no_caries,no_caries,0.4623,0.46235,0.3394,0.1576,0.04065
crops/hibogi_ai_01503_png_3.jpg,hibogi_ai_01503_png,HIBOGI_AI_01503_png_jpg.rf.de65e413b8540f4f285ee92b586b911d.jpg,,0,0,no_caries,mild,0.6688,0.1979,0.6688,0.10969,0.02361
crops/hibogi_ai_01503_png_4.jpg,hibogi_ai_01503_png,HIBOGI_AI_01503_png_jpg.rf.de65e413b8540f4f285ee92b586b911d.jpg,,0,0,no_caries,moderate,0.3559,0.23348,0.12667,0.35585,0.284
crops/hibogi_ai_01503_png_5.jpg,hibogi_ai_01503_png,HIBOGI_AI_01503_png_jpg.rf.de65e413b8540f4f285ee92b586b911d.jpg,,0,0,no_caries,no_caries,0.4766,0.47665,0.07446,0.18807,0.26082
crops/hibogi_ai_01503_png_6.jpg,hibogi_ai_01503_png,HIBOGI_AI_01503_png_jpg.rf.de65e413b8540f4f285ee92b586b911d.jpg,,0,0,no_caries,no_caries,0.4774,0.4774,0.10766,0.16461,0.25033
crops/hibogi_ai_01503_png_7.jpg,hibogi_ai_01503_png,HIBOGI_AI_01503_png_jpg.rf.de65e413b8540f4f285ee92b586b911d.jpg,,0,0,no_caries,no_caries,0.6073,0.60729,0.15968,0.13731,0.09572
crops/hibogi_ai_01503_png_8.jpg,hibogi_ai_01503_png,HIBOGI_AI_01503_png_jpg.rf.de65e413b8540f4f285ee92b586b911d.jpg,,0,0,no_caries,mild,0.3714,0.341,0.37139,0.24779,0.03982
crops/hibogi_ai_01503_png_9.jpg,hibogi_ai_01503_png,HIBOGI_AI_01503_png_jpg.rf.de65e413b8540f4f285ee92b586b911d.jpg,,0,0,no_caries,mild,0.462,0.30661,0.46199,0.18235,0.04906
crops/hibogi_ai_01503_png_10.jpg,hibogi_ai_01503_png,HIBOGI_AI_01503_png_jpg.rf.de65e413b8540f4f285ee92b586b911d.jpg,,0,0,no_caries,mild,0.4563,0.31397,0.45627,0.17305,0.05671
crops/hibogi_ai_01503_png_11.jpg,hibogi_ai_01503_png,HIBOGI_AI_01503_png_jpg.rf.de65e413b8540f4f285ee92b586b911d.jpg,,1,0,mild,moderate,0.5383,0.02883,0.23968,0.53828,0.1932
crops/hibogi_ai_01505_png_0.jpg,hibogi_ai_01505_png,HIBOGI_AI_01505_png_jpg.rf.7152e05aaf4974fea162d723f45e7b4a.jpg,,0,0,no_caries,moderate,0.3488,0.26692,0.21085,0.34883,0.1734
crops/hibogi_ai_01505_png_1.jpg,hibogi_ai_01505_png,HIBOGI_AI_01505_png_jpg.rf.7152e05aaf4974fea162d723f45e7b4a.jpg,,0,0,no_caries,no_caries,0.6172,0.61715,0.20426,0.11806,0.06053
crops/hibogi_ai_01505_png_2.jpg,hibogi_ai_01505_png,HIBOGI_AI_01505_png_jpg.rf.7152e05aaf4974fea162d723f45e7b4a.jpg,,0,0,no_caries,no_caries,0.678,0.67799,0.16062,0.12684,0.03455
crops/hibogi_ai_01505_png_3.jpg,hibogi_ai_01505_png,HIBOGI_AI_01505_png_jpg.rf.7152e05aaf4974fea162d723f45e7b4a.jpg,,0,0,no_caries,no_caries,0.6114,0.61142,0.17377,0.17284,0.04196
crops/hibogi_ai_01505_png_4.jpg,hibogi_ai_01505_png,HIBOGI_AI_01505_png_jpg.rf.7152e05aaf4974fea162d723f45e7b4a.jpg,,0,0,no_caries,mild,0.494,0.44359,0.49402,0.04256,0.01983
crops/hibogi_ai_01505_png_5.jpg,hibogi_ai_01505_png,HIBOGI_AI_01505_png_jpg.rf.7152e05aaf4974fea162d723f45e7b4a.jpg,,0,0,no_caries,no_caries,0.6848,0.68476,0.22606,0.04055,0.04863
crops/hibogi_ai_01505_png_6.jpg,hibogi_ai_01505_png,HIBOGI_AI_01505_png_jpg.rf.7152e05aaf4974fea162d723f45e7b4a.jpg,,0,0,no_caries,no_caries,0.7865,0.78649,0.13596,0.05397,0.02357
crops/hibogi_ai_01505_png_7.jpg,hibogi_ai_01505_png,HIBOGI_AI_01505_png_jpg.rf.7152e05aaf4974fea162d723f45e7b4a.jpg,,0,0,no_caries,no_caries,0.7893,0.78931,0.12835,0.05566,0.02668
crops/hibogi_ai_01505_png_8.jpg,hibogi_ai_01505_png,HIBOGI_AI_01505_png_jpg.rf.7152e05aaf4974fea162d723f45e7b4a.jpg,,0,0,no_caries,no_caries,0.5249,0.52487,0.11448,0.11576,0.24489
crops/hibogi_ai_01505_png_9.jpg,hibogi_ai_01505_png,HIBOGI_AI_01505_png_jpg.rf.7152e05aaf4974fea162d723f45e7b4a.jpg,,0,0,no_caries,moderate,0.4181,0.18857,0.20228,0.41811,0.19104
crops/hibogi_ai_01514_png_0.jpg,hibogi_ai_01514_png,HIBOGI_AI_01514_png_jpg.rf.1d9b19306f2927e3b9f7d7bead2ff975.jpg,,0,0,no_caries,no_caries,0.8657,0.8657,0.07219,0.04522,0.01689
crops/hibogi_ai_01514_png_1.jpg,hibogi_ai_01514_png,HIBOGI_AI_01514_png_jpg.rf.1d9b19306f2927e3b9f7d7bead2ff975.jpg,,0,0,no_caries,no_caries,0.8722,0.87216,0.03498,0.05644,0.03641
crops/hibogi_ai_01514_png_2.jpg,hibogi_ai_01514_png,HIBOGI_AI_01514_png_jpg.rf.1d9b19306f2927e3b9f7d7bead2ff975.jpg,,0,0,no_caries,no_caries,0.8723,0.87226,0.05492,0.05093,0.0219
crops/hibogi_ai_01514_png_3.jpg,hibogi_ai_01514_png,HIBOGI_AI_01514_png_jpg.rf.1d9b19306f2927e3b9f7d7bead2ff975.jpg,,0,0,no_caries,no_caries,0.7436,0.74362,0.05297,0.17777,0.02565
crops/hibogi_ai_01514_png_4.jpg,hibogi_ai_01514_png,HIBOGI_AI_01514_png_jpg.rf.1d9b19306f2927e3b9f7d7bead2ff975.jpg,,4,0,moderate,moderate,0.681,0.14889,0.11908,0.68101,0.05101
crops/hibogi_ai_01514_png_5.jpg,hibogi_ai_01514_png,HIBOGI_AI_01514_png_jpg.rf.1d9b19306f2927e3b9f7d7bead2ff975.jpg,,5,0,advanced,advanced,0.9642,0.00183,0.01537,0.01865,0.96415
crops/hibogi_ai_01514_png_6.jpg,hibogi_ai_01514_png,HIBOGI_AI_01514_png_jpg.rf.1d9b19306f2927e3b9f7d7bead2ff975.jpg,,0,0,no_caries,mild,0.3723,0.35862,0.3723,0.23321,0.03588
crops/hibogi_ai_01514_png_7.jpg,hibogi_ai_01514_png,HIBOGI_AI_01514_png_jpg.rf.1d9b19306f2927e3b9f7d7bead2ff975.jpg,,0,0,no_caries,no_caries,0.6571,0.6571,0.08469,0.19584,0.06237
crops/hibogi_ai_01514_png_8.jpg,hibogi_ai_01514_png,HIBOGI_AI_01514_png_jpg.rf.1d9b19306f2927e3b9f7d7bead2ff975.jpg,,0,0,no_caries,no_caries,0.7586,0.75858,0.10648,0.08782,0.04711
crops/hibogi_ai_01514_png_9.jpg,hibogi_ai_01514_png,HIBOGI_AI_01514_png_jpg.rf.1d9b19306f2927e3b9f7d7bead2ff975.jpg,,0,0,no_caries,no_caries,0.7866,0.78662,0.10678,0.08519,0.02141
crops/hibogi_ai_01514_png_10.jpg,hibogi_ai_01514_png,HIBOGI_AI_01514_png_jpg.rf.1d9b19306f2927e3b9f7d7bead2ff975.jpg,,0,0,no_caries,no_caries,0.9047,0.90466,0.02434,0.05345,0.01754
crops/hibogi_ai_01514_png_11.jpg,hibogi_ai_01514_png,HIBOGI_AI_01514_png_jpg.rf.1d9b19306f2927e3b9f7d7bead2ff975.jpg,,0,0,no_caries,no_caries,0.8085,0.80849,0.13733,0.03803,0.01615
crops/hibogi_ai_01514_png_12.jpg,hibogi_ai_01514_png,HIBOGI_AI_01514_png_jpg.rf.1d9b19306f2927e3b9f7d7bead2ff975.jpg,,0,0,no_caries,mild,0.3856,0.17184,0.38555,0.37334,0.06926
crops/hibogi_ai_01514_png_13.jpg,hibogi_ai_01514_png,HIBOGI_AI_01514_png_jpg.rf.1d9b19306f2927e3b9f7d7bead2ff975.jpg,,4,0,moderate,mild,0.5942,0.20583,0.59415,0.15981,0.0402
crops/hibogi_ai_01514_png_14.jpg,hibogi_ai_01514_png,HIBOGI_AI_01514_png_jpg.rf.1d9b19306f2927e3b9f7d7bead2ff975.jpg,,4,0,moderate,mild,0.3514,0.22453,0.35139,0.15723,0.26686
crops/hibogi_ai_01540_png_0.jpg,hibogi_ai_01540_png,HIBOGI_AI_01540_png_jpg.rf.a5d7b08ff2ca2d7d6b82f5d6ad9198be.jpg,,5,0,advanced,advanced,0.9085,0.01203,0.03092,0.04853,0.90851
crops/hibogi_ai_01540_png_1.jpg,hibogi_ai_01540_png,HIBOGI_AI_01540_png_jpg.rf.a5d7b08ff2ca2d7d6b82f5d6ad9198be.jpg,,0,0,no_caries,no_caries,0.7884,0.78843,0.08765,0.08318,0.04074
crops/hibogi_ai_01540_png_2.jpg,hibogi_ai_01540_png,HIBOGI_AI_01540_png_jpg.rf.a5d7b08ff2ca2d7d6b82f5d6ad9198be.jpg,,0,0,no_caries,no_caries,0.7658,0.76584,0.10257,0.07976,0.05183
crops/hibogi_ai_01540_png_3.jpg,hibogi_ai_01540_png,HIBOGI_AI_01540_png_jpg.rf.a5d7b08ff2ca2d7d6b82f5d6ad9198be.jpg,,0,0,no_caries,no_caries,0.7958,0.79582,0.10058,0.06998,0.03362
crops/hibogi_ai_01540_png_4.jpg,hibogi_ai_01540_png,HIBOGI_AI_01540_png_jpg.rf.a5d7b08ff2ca2d7d6b82f5d6ad9198be.jpg,,1,0,mild,no_caries,0.5808,0.58083,0.31935,0.07458,0.02524
crops/hibogi_ai_01540_png_5.jpg,hibogi_ai_01540_png,HIBOGI_AI_01540_png_jpg.rf.a5d7b08ff2ca2d7d6b82f5d6ad9198be.jpg,,0,0,no_caries,no_caries,0.7563,0.7563,0.11888,0.08984,0.03499
crops/hibogi_ai_01540_png_6.jpg,hibogi_ai_01540_png,HIBOGI_AI_01540_png_jpg.rf.a5d7b08ff2ca2d7d6b82f5d6ad9198be.jpg,,0,0,no_caries,no_caries,0.5441,0.54407,0.34454,0.07461,0.03678
crops/hibogi_ai_01540_png_7.jpg,hibogi_ai_01540_png,HIBOGI_AI_01540_png_jpg.rf.a5d7b08ff2ca2d7d6b82f5d6ad9198be.jpg,,1,0,mild,no_caries,0.4562,0.45622,0.2955,0.09232,0.15597
crops/hibogi_ai_01540_png_8.jpg,hibogi_ai_01540_png,HIBOGI_AI_01540_png_jpg.rf.a5d7b08ff2ca2d7d6b82f5d6ad9198be.jpg,,0,0,no_caries,no_caries,0.6988,0.69878,0.15727,0.08787,0.05608
crops/hibogi_ai_01540_png_9.jpg,hibogi_ai_01540_png,HIBOGI_AI_01540_png_jpg.rf.a5d7b08ff2ca2d7d6b82f5d6ad9198be.jpg,,0,0,no_caries,no_caries,0.7852,0.78517,0.11052,0.06653,0.03778
crops/hibogi_ai_01540_png_10.jpg,hibogi_ai_01540_png,HIBOGI_AI_01540_png_jpg.rf.a5d7b08ff2ca2d7d6b82f5d6ad9198be.jpg,,0,0,no_caries,no_caries,0.7682,0.76817,0.14116,0.06587,0.02479
crops/hibogi_ai_01540_png_11.jpg,hibogi_ai_01540_png,HIBOGI_AI_01540_png_jpg.rf.a5d7b08ff2ca2d7d6b82f5d6ad9198be.jpg,,0,0,no_caries,no_caries,0.7697,0.76971,0.17195,0.04186,0.01648
crops/hibogi_ai_01540_png_12.jpg,hibogi_ai_01540_png,HIBOGI_AI_01540_png_jpg.rf.a5d7b08ff2ca2d7d6b82f5d6ad9198be.jpg,,1,0,mild,no_caries,0.7784,0.77841,0.1161,0.07646,0.02903
crops/hibogi_ai_01540_png_13.jpg,hibogi_ai_01540_png,HIBOGI_AI_01540_png_jpg.rf.a5d7b08ff2ca2d7d6b82f5d6ad9198be.jpg,,3,0,moderate,no_caries,0.7242,0.72425,0.19061,0.05403,0.03111
crops/hibogi_ai_01540_png_14.jpg,hibogi_ai_01540_png,HIBOGI_AI_01540_png_jpg.rf.a5d7b08ff2ca2d7d6b82f5d6ad9198be.jpg,,0,0,no_caries,no_caries,0.7259,0.72592,0.12623,0.11454,0.03332
crops/hibogi_ai_01540_png_15.jpg,hibogi_ai_01540_png,HIBOGI_AI_01540_png_jpg.rf.a5d7b08ff2ca2d7d6b82f5d6ad9198be.jpg,,0,0,no_caries,no_caries,0.6222,0.6222,0.29517,0.05283,0.0298
crops/hibogi_ai_01568_png_0.jpg,hibogi_ai_01568_png,HIBOGI_AI_01568_png_jpg.rf.a2065ae681b9276e4e9899b980d112f7.jpg,,0,0,no_caries,no_caries,0.7039,0.70386,0.14551,0.10897,0.04166
crops/hibogi_ai_01568_png_1.jpg,hibogi_ai_01568_png,HIBOGI_AI_01568_png_jpg.rf.a2065ae681b9276e4e9899b980d112f7.jpg,,0,0,no_caries,no_caries,0.6023,0.6023,0.20543,0.08757,0.10469
crops/hibogi_ai_01568_png_2.jpg,hibogi_ai_01568_png,HIBOGI_AI_01568_png_jpg.rf.a2065ae681b9276e4e9899b980d112f7.jpg,,0,0,no_caries,no_caries,0.6867,0.68673,0.10521,0.16948,0.03858
crops/hibogi_ai_01568_png_3.jpg,hibogi_ai_01568_png,HIBOGI_AI_01568_png_jpg.rf.a2065ae681b9276e4e9899b980d112f7.jpg,,0,0,no_caries,no_caries,0.5494,0.54936,0.20959,0.1842,0.05685
crops/hibogi_ai_01568_png_4.jpg,hibogi_ai_01568_png,HIBOGI_AI_01568_png_jpg.rf.a2065ae681b9276e4e9899b980d112f7.jpg,,0,0,no_caries,no_caries,0.657,0.65705,0.16321,0.14492,0.03482
crops/hibogi_ai_01568_png_5.jpg,hibogi_ai_01568_png,HIBOGI_AI_01568_png_jpg.rf.a2065ae681b9276e4e9899b980d112f7.jpg,,0,0,no_caries,no_caries,0.6003,0.60031,0.23343,0.08785,0.07841
crops/hibogi_ai_01568_png_6.jpg,hibogi_ai_01568_png,HIBOGI_AI_01568_png_jpg.rf.a2065ae681b9276e4e9899b980d112f7.jpg,,0,0,no_caries,no_caries,0.4374,0.43743,0.31255,0.12592,0.1241
crops/hibogi_ai_01568_png_7.jpg,hibogi_ai_01568_png,HIBOGI_AI_01568_png_jpg.rf.a2065ae681b9276e4e9899b980d112f7.jpg,,0,0,no_caries,no_caries,0.8167,0.81673,0.04035,0.08523,0.05769
crops/hibogi_ai_01568_png_8.jpg,hibogi_ai_01568_png,HIBOGI_AI_01568_png_jpg.rf.a2065ae681b9276e4e9899b980d112f7.jpg,,0,0,no_caries,no_caries,0.7806,0.78062,0.12109,0.06608,0.0322
crops/hibogi_ai_01568_png_9.jpg,hibogi_ai_01568_png,HIBOGI_AI_01568_png_jpg.rf.a2065ae681b9276e4e9899b980d112f7.jpg,,0,0,no_caries,no_caries,0.6748,0.67478,0.23922,0.03522,0.05078
crops/hibogi_ai_01568_png_10.jpg,hibogi_ai_01568_png,HIBOGI_AI_01568_png_jpg.rf.a2065ae681b9276e4e9899b980d112f7.jpg,,0,0,no_caries,no_caries,0.4823,0.4823,0.44193,0.03983,0.03594
crops/hibogi_ai_01568_png_11.jpg,hibogi_ai_01568_png,HIBOGI_AI_01568_png_jpg.rf.a2065ae681b9276e4e9899b980d112f7.jpg,,0,0,no_caries,no_caries,0.6202,0.62019,0.2971,0.04801,0.03471
crops/hibogi_ai_01568_png_12.jpg,hibogi_ai_01568_png,HIBOGI_AI_01568_png_jpg.rf.a2065ae681b9276e4e9899b980d112f7.jpg,,0,0,no_caries,no_caries,0.766,0.76599,0.1284,0.05512,0.05049
crops/hibogi_ai_01568_png_13.jpg,hibogi_ai_01568_png,HIBOGI_AI_01568_png_jpg.rf.a2065ae681b9276e4e9899b980d112f7.jpg,,0,0,no_caries,no_caries,0.6597,0.65969,0.11335,0.08933,0.13762
crops/hibogi_ai_01568_png_14.jpg,hibogi_ai_01568_png,HIBOGI_AI_01568_png_jpg.rf.a2065ae681b9276e4e9899b980d112f7.jpg,,0,0,no_caries,no_caries,0.7222,0.72223,0.15442,0.09167,0.03168
crops/hibogi_ai_01570_png_0.jpg,hibogi_ai_01570_png,HIBOGI_AI_01570_png_jpg.rf.ce1bad7486b1c26982a024c4a2ada09f.jpg,,0,0,no_caries,no_caries,0.7557,0.75567,0.16978,0.03816,0.03639
crops/hibogi_ai_01570_png_1.jpg,hibogi_ai_01570_png,HIBOGI_AI_01570_png_jpg.rf.ce1bad7486b1c26982a024c4a2ada09f.jpg,,0,0,no_caries,no_caries,0.6431,0.64306,0.07596,0.20877,0.07221
crops/hibogi_ai_01570_png_2.jpg,hibogi_ai_01570_png,HIBOGI_AI_01570_png_jpg.rf.ce1bad7486b1c26982a024c4a2ada09f.jpg,,0,0,no_caries,no_caries,0.6074,0.60741,0.12155,0.18782,0.08322
crops/hibogi_ai_01570_png_3.jpg,hibogi_ai_01570_png,HIBOGI_AI_01570_png_jpg.rf.ce1bad7486b1c26982a024c4a2ada09f.jpg,,0,0,no_caries,mild,0.5646,0.24295,0.56461,0.11114,0.0813
crops/hibogi_ai_01570_png_4.jpg,hibogi_ai_01570_png,HIBOGI_AI_01570_png_jpg.rf.ce1bad7486b1c26982a024c4a2ada09f.jpg,,0,0,no_caries,no_caries,0.4528,0.45276,0.39146,0.05148,0.10431
crops/hibogi_ai_01570_png_5.jpg,hibogi_ai_01570_png,HIBOGI_AI_01570_png_jpg.rf.ce1bad7486b1c26982a024c4a2ada09f.jpg,,0,0,no_caries,no_caries,0.4247,0.42468,0.36007,0.13738,0.07788
crops/hibogi_ai_01570_png_6.jpg,hibogi_ai_01570_png,HIBOGI_AI_01570_png_jpg.rf.ce1bad7486b1c26982a024c4a2ada09f.jpg,,0,0,no_caries,no_caries,0.5308,0.53081,0.28111,0.10679,0.08129
crops/hibogi_ai_01570_png_7.jpg,hibogi_ai_01570_png,HIBOGI_AI_01570_png_jpg.rf.ce1bad7486b1c26982a024c4a2ada09f.jpg,,0,0,no_caries,no_caries,0.4899,0.48992,0.40791,0.03394,0.06823
crops/hibogi_ai_01570_png_8.jpg,hibogi_ai_01570_png,HIBOGI_AI_01570_png_jpg.rf.ce1bad7486b1c26982a024c4a2ada09f.jpg,,0,0,no_caries,no_caries,0.5526,0.55264,0.37003,0.02325,0.05407
crops/hibogi_ai_01570_png_9.jpg,hibogi_ai_01570_png,HIBOGI_AI_01570_png_jpg.rf.ce1bad7486b1c26982a024c4a2ada09f.jpg,,0,0,no_caries,no_caries,0.7485,0.74854,0.17202,0.05365,0.02579
crops/hibogi_ai_01570_png_10.jpg,hibogi_ai_01570_png,HIBOGI_AI_01570_png_jpg.rf.ce1bad7486b1c26982a024c4a2ada09f.jpg,,0,0,no_caries,no_caries,0.6983,0.69827,0.16391,0.10061,0.0372
crops/hibogi_ai_01570_png_11.jpg,hibogi_ai_01570_png,HIBOGI_AI_01570_png_jpg.rf.ce1bad7486b1c26982a024c4a2ada09f.jpg,,0,0,no_caries,no_caries,0.7253,0.72534,0.15884,0.08397,0.03185
crops/hibogi_ai_01570_png_12.jpg,hibogi_ai_01570_png,HIBOGI_AI_01570_png_jpg.rf.ce1bad7486b1c26982a024c4a2ada09f.jpg,,5,0,advanced,no_caries,0.6344,0.63436,0.12154,0.09289,0.1512
crops/hibogi_ai_01580_png_0.jpg,hibogi_ai_01580_png,HIBOGI_AI_01580_png_jpg.rf.77278ac801fe0ccfb36cc56e3475c60f.jpg,,5,0,advanced,no_caries,0.4548,0.45485,0.21199,0.21318,0.11998
crops/hibogi_ai_01580_png_1.jpg,hibogi_ai_01580_png,HIBOGI_AI_01580_png_jpg.rf.77278ac801fe0ccfb36cc56e3475c60f.jpg,,4,0,moderate,no_caries,0.5871,0.58709,0.25621,0.12042,0.03629
crops/hibogi_ai_01580_png_2.jpg,hibogi_ai_01580_png,HIBOGI_AI_01580_png_jpg.rf.77278ac801fe0ccfb36cc56e3475c60f.jpg,,4,0,moderate,no_caries,0.6415,0.64146,0.24349,0.08559,0.02946
crops/hibogi_ai_01580_png_3.jpg,hibogi_ai_01580_png,HIBOGI_AI_01580_png_jpg.rf.77278ac801fe0ccfb36cc56e3475c60f.jpg,,0,0,no_caries,no_caries,0.7178,0.71779,0.15014,0.08972,0.04235
crops/hibogi_ai_01580_png_4.jpg,hibogi_ai_01580_png,HIBOGI_AI_01580_png_jpg.rf.77278ac801fe0ccfb36cc56e3475c60f.jpg,,0,0,no_caries,no_caries,0.6032,0.60322,0.26835,0.0907,0.03773
crops/hibogi_ai_01580_png_5.jpg,hibogi_ai_01580_png,HIBOGI_AI_01580_png_jpg.rf.77278ac801fe0ccfb36cc56e3475c60f.jpg,,0,0,no_caries,no_caries,0.7372,0.73719,0.12272,0.0999,0.04019
crops/hibogi_ai_01580_png_6.jpg,hibogi_ai_01580_png,HIBOGI_AI_01580_png_jpg.rf.77278ac801fe0ccfb36cc56e3475c60f.jpg,,0,0,no_caries,no_caries,0.6183,0.61825,0.24487,0.11026,0.02662
crops/hibogi_ai_01580_png_7.jpg,hibogi_ai_01580_png,HIBOGI_AI_01580_png_jpg.rf.77278ac801fe0ccfb36cc56e3475c60f.jpg,,5,0,advanced,no_caries,0.4949,0.4949,0.30728,0.16166,0.03617
crops/hibogi_ai_01580_png_8.jpg,hibogi_ai_01580_png,HIBOGI_AI_01580_png_jpg.rf.77278ac801fe0ccfb36cc56e3475c60f.jpg,,5,0,advanced,no_caries,0.6196,0.6196,0.17632,0.13995,0.06413
crops/hibogi_ai_01580_png_9.jpg,hibogi_ai_01580_png,HIBOGI_AI_01580_png_jpg.rf.77278ac801fe0ccfb36cc56e3475c60f.jpg,,5,0,advanced,no_caries,0.7077,0.70773,0.07667,0.19204,0.02356
crops/hibogi_ai_01580_png_10.jpg,hibogi_ai_01580_png,HIBOGI_AI_01580_png_jpg.rf.77278ac801fe0ccfb36cc56e3475c60f.jpg,,0,0,no_caries,no_caries,0.4367,0.43668,0.24513,0.20742,0.11077
crops/hibogi_ai_01580_png_11.jpg,hibogi_ai_01580_png,HIBOGI_AI_01580_png_jpg.rf.77278ac801fe0ccfb36cc56e3475c60f.jpg,,0,0,no_caries,no_caries,0.7928,0.79281,0.10147,0.06688,0.03884
crops/hibogi_ai_01580_png_12.jpg,hibogi_ai_01580_png,HIBOGI_AI_01580_png_jpg.rf.77278ac801fe0ccfb36cc56e3475c60f.jpg,,0,0,no_caries,no_caries,0.8088,0.80882,0.10833,0.06297,0.01988
crops/hibogi_ai_01580_png_13.jpg,hibogi_ai_01580_png,HIBOGI_AI_01580_png_jpg.rf.77278ac801fe0ccfb36cc56e3475c60f.jpg,,0,0,no_caries,no_caries,0.8202,0.82016,0.05381,0.10165,0.02438
crops/hibogi_ai_01580_png_14.jpg,hibogi_ai_01580_png,HIBOGI_AI_01580_png_jpg.rf.77278ac801fe0ccfb36cc56e3475c60f.jpg,,0,0,no_caries,no_caries,0.8054,0.80541,0.085,0.07659,0.033
crops/hibogi_ai_01580_png_15.jpg,hibogi_ai_01580_png,HIBOGI_AI_01580_png_jpg.rf.77278ac801fe0ccfb36cc56e3475c60f.jpg,,0,0,no_caries,mild,0.502,0.43263,0.50205,0.03324,0.03208
crops/hibogi_ai_01580_png_16.jpg,hibogi_ai_01580_png,HIBOGI_AI_01580_png_jpg.rf.77278ac801fe0ccfb36cc56e3475c60f.jpg,,0,0,no_caries,no_caries,0.693,0.693,0.13525,0.1082,0.06355
crops/hibogi_ai_01634_png_0.jpg,hibogi_ai_01634_png,HIBOGI_AI_01634_png_jpg.rf.3980dad223410f6ba8dd98f0bcbf93ac.jpg,,1,0,mild,no_caries,0.6017,0.60167,0.22886,0.12654,0.04293
crops/hibogi_ai_01634_png_1.jpg,hibogi_ai_01634_png,HIBOGI_AI_01634_png_jpg.rf.3980dad223410f6ba8dd98f0bcbf93ac.jpg,,1,0,mild,mild,0.6634,0.122,0.66338,0.14297,0.07164
crops/hibogi_ai_01634_png_2.jpg,hibogi_ai_01634_png,HIBOGI_AI_01634_png_jpg.rf.3980dad223410f6ba8dd98f0bcbf93ac.jpg,,1,0,mild,mild,0.6126,0.20534,0.61261,0.09367,0.08837
crops/hibogi_ai_01634_png_3.jpg,hibogi_ai_01634_png,HIBOGI_AI_01634_png_jpg.rf.3980dad223410f6ba8dd98f0bcbf93ac.jpg,,1,0,mild,mild,0.6526,0.1284,0.65258,0.15204,0.06698
crops/hibogi_ai_01634_png_4.jpg,hibogi_ai_01634_png,HIBOGI_AI_01634_png_jpg.rf.3980dad223410f6ba8dd98f0bcbf93ac.jpg,,2,0,mild,no_caries,0.3925,0.3925,0.29568,0.24966,0.06217
crops/hibogi_ai_01634_png_5.jpg,hibogi_ai_01634_png,HIBOGI_AI_01634_png_jpg.rf.3980dad223410f6ba8dd98f0bcbf93ac.jpg,,0,0,no_caries,no_caries,0.8594,0.85936,0.0324,0.07883,0.02941
crops/hibogi_ai_01634_png_6.jpg,hibogi_ai_01634_png,HIBOGI_AI_01634_png_jpg.rf.3980dad223410f6ba8dd98f0bcbf93ac.jpg,,0,0,no_caries,no_caries,0.869,0.86903,0.06977,0.03626,0.02495
crops/hibogi_ai_01634_png_7.jpg,hibogi_ai_01634_png,HIBOGI_AI_01634_png_jpg.rf.3980dad223410f6ba8dd98f0bcbf93ac.jpg,,0,0,no_caries,no_caries,0.5428,0.5428,0.38525,0.03514,0.03681
crops/hibogi_ai_01634_png_8.jpg,hibogi_ai_01634_png,HIBOGI_AI_01634_png_jpg.rf.3980dad223410f6ba8dd98f0bcbf93ac.jpg,,0,0,no_caries,no_caries,0.5832,0.58324,0.3281,0.05765,0.031
crops/hibogi_ai_01634_png_9.jpg,hibogi_ai_01634_png,HIBOGI_AI_01634_png_jpg.rf.3980dad223410f6ba8dd98f0bcbf93ac.jpg,,0,0,no_caries,no_caries,0.7626,0.76256,0.11666,0.06075,0.06002
crops/hibogi_ai_01636_png_0.jpg,hibogi_ai_01636_png,HIBOGI_AI_01636_png_jpg.rf.2913936648918ed81c95617a7a66e9d2.jpg,,0,0,no_caries,no_caries,0.6561,0.65607,0.16698,0.12027,0.05668
crops/hibogi_ai_01636_png_1.jpg,hibogi_ai_01636_png,HIBOGI_AI_01636_png_jpg.rf.2913936648918ed81c95617a7a66e9d2.jpg,,0,0,no_caries,no_caries,0.6609,0.66086,0.19869,0.09862,0.04184
crops/hibogi_ai_01636_png_2.jpg,hibogi_ai_01636_png,HIBOGI_AI_01636_png_jpg.rf.2913936648918ed81c95617a7a66e9d2.jpg,,0,0,no_caries,no_caries,0.7066,0.70659,0.15098,0.10332,0.03912
crops/hibogi_ai_01636_png_3.jpg,hibogi_ai_01636_png,HIBOGI_AI_01636_png_jpg.rf.2913936648918ed81c95617a7a66e9d2.jpg,,0,0,no_caries,mild,0.5529,0.26876,0.55287,0.0541,0.12427
crops/hibogi_ai_01636_png_4.jpg,hibogi_ai_01636_png,HIBOGI_AI_01636_png_jpg.rf.2913936648918ed81c95617a7a66e9d2.jpg,,0,0,no_caries,no_caries,0.4445,0.44445,0.40129,0.08164,0.07262
crops/hibogi_ai_01636_png_5.jpg,hibogi_ai_01636_png,HIBOGI_AI_01636_png_jpg.rf.2913936648918ed81c95617a7a66e9d2.jpg,,0,0,no_caries,no_caries,0.7045,0.70454,0.12357,0.11031,0.06158
crops/hibogi_ai_01636_png_6.jpg,hibogi_ai_01636_png,HIBOGI_AI_01636_png_jpg.rf.2913936648918ed81c95617a7a66e9d2.jpg,,0,0,no_caries,no_caries,0.7088,0.70882,0.12335,0.12629,0.04154
crops/hibogi_ai_01636_png_7.jpg,hibogi_ai_01636_png,HIBOGI_AI_01636_png_jpg.rf.2913936648918ed81c95617a7a66e9d2.jpg,,0,0,no_caries,no_caries,0.8388,0.83879,0.01676,0.1232,0.02125
crops/hibogi_ai_01636_png_8.jpg,hibogi_ai_01636_png,HIBOGI_AI_01636_png_jpg.rf.2913936648918ed81c95617a7a66e9d2.jpg,,0,0,no_caries,no_caries,0.6971,0.69707,0.19053,0.06255,0.04986
crops/hibogi_ai_01636_png_9.jpg,hibogi_ai_01636_png,HIBOGI_AI_01636_png_jpg.rf.2913936648918ed81c95617a7a66e9d2.jpg,,0,0,no_caries,no_caries,0.9214,0.92136,0.04428,0.02471,0.00964
crops/hibogi_ai_01636_png_11.jpg,hibogi_ai_01636_png,HIBOGI_AI_01636_png_jpg.rf.2913936648918ed81c95617a7a66e9d2.jpg,,0,0,no_caries,no_caries,0.9302,0.93019,0.02636,0.02739,0.01606
crops/hibogi_ai_01636_png_12.jpg,hibogi_ai_01636_png,HIBOGI_AI_01636_png_jpg.rf.2913936648918ed81c95617a7a66e9d2.jpg,,0,0,no_caries,no_caries,0.9131,0.9131,0.01555,0.04677,0.02458
crops/hibogi_ai_01649_png_0.jpg,hibogi_ai_01649_png,HIBOGI_AI_01649_png_jpg.rf.a12575b6368f5bd775f7fc677325ce17.jpg,,0,0,no_caries,mild,0.4545,0.37379,0.45452,0.10366,0.06804
crops/hibogi_ai_01649_png_1.jpg,hibogi_ai_01649_png,HIBOGI_AI_01649_png_jpg.rf.a12575b6368f5bd775f7fc677325ce17.jpg,,0,0,no_caries,no_caries,0.5292,0.52915,0.33337,0.10676,0.03072
crops/hibogi_ai_01649_png_2.jpg,hibogi_ai_01649_png,HIBOGI_AI_01649_png_jpg.rf.a12575b6368f5bd775f7fc677325ce17.jpg,,0,0,no_caries,mild,0.3712,0.21908,0.37121,0.34179,0.06792
crops/hibogi_ai_01649_png_3.jpg,hibogi_ai_01649_png,HIBOGI_AI_01649_png_jpg.rf.a12575b6368f5bd775f7fc677325ce17.jpg,,0,0,no_caries,mild,0.3987,0.37685,0.39871,0.1455,0.07894
crops/hibogi_ai_01649_png_4.jpg,hibogi_ai_01649_png,HIBOGI_AI_01649_png_jpg.rf.a12575b6368f5bd775f7fc677325ce17.jpg,,5,0,advanced,advanced,0.5576,0.01505,0.20862,0.21872,0.5576
crops/hibogi_ai_01649_png_5.jpg,hibogi_ai_01649_png,HIBOGI_AI_01649_png_jpg.rf.a12575b6368f5bd775f7fc677325ce17.jpg,,0,0,no_caries,mild,0.4598,0.35583,0.45976,0.1367,0.04771
crops/hibogi_ai_01649_png_6.jpg,hibogi_ai_01649_png,HIBOGI_AI_01649_png_jpg.rf.a12575b6368f5bd775f7fc677325ce17.jpg,,0,0,no_caries,mild,0.4765,0.38118,0.47652,0.1216,0.0207
crops/hibogi_ai_01649_png_7.jpg,hibogi_ai_01649_png,HIBOGI_AI_01649_png_jpg.rf.a12575b6368f5bd775f7fc677325ce17.jpg,,0,0,no_caries,moderate,0.32,0.1123,0.31274,0.32,0.25497
crops/hibogi_ai_01649_png_8.jpg,hibogi_ai_01649_png,HIBOGI_AI_01649_png_jpg.rf.a12575b6368f5bd775f7fc677325ce17.jpg,,0,0,no_caries,mild,0.4637,0.16381,0.4637,0.27932,0.09317
crops/hibogi_ai_01691_png_0.jpg,hibogi_ai_01691_png,HIBOGI_AI_01691_png_jpg.rf.b9c3891e17c90a69e38c360fc61be49d.jpg,,0,0,no_caries,advanced,0.4355,0.22042,0.24017,0.10389,0.43552
crops/hibogi_ai_01691_png_1.jpg,hibogi_ai_01691_png,HIBOGI_AI_01691_png_jpg.rf.b9c3891e17c90a69e38c360fc61be49d.jpg,,0,0,no_caries,no_caries,0.5762,0.57616,0.28163,0.07323,0.06898
crops/hibogi_ai_01691_png_2.jpg,hibogi_ai_01691_png,HIBOGI_AI_01691_png_jpg.rf.b9c3891e17c90a69e38c360fc61be49d.jpg,,0,0,no_caries,no_caries,0.7132,0.71318,0.21755,0.04386,0.02541
crops/hibogi_ai_01691_png_3.jpg,hibogi_ai_01691_png,HIBOGI_AI_01691_png_jpg.rf.b9c3891e17c90a69e38c360fc61be49d.jpg,,0,0,no_caries,no_caries,0.462,0.46203,0.43066,0.07386,0.03345
crops/hibogi_ai_01691_png_4.jpg,hibogi_ai_01691_png,HIBOGI_AI_01691_png_jpg.rf.b9c3891e17c90a69e38c360fc61be49d.jpg,,0,0,no_caries,no_caries,0.7137,0.71366,0.19182,0.05038,0.04415
crops/hibogi_ai_01691_png_5.jpg,hibogi_ai_01691_png,HIBOGI_AI_01691_png_jpg.rf.b9c3891e17c90a69e38c360fc61be49d.jpg,,0,0,no_caries,no_caries,0.8159,0.81586,0.09151,0.04499,0.04764
crops/hibogi_ai_01691_png_6.jpg,hibogi_ai_01691_png,HIBOGI_AI_01691_png_jpg.rf.b9c3891e17c90a69e38c360fc61be49d.jpg,,0,0,no_caries,no_caries,0.8542,0.85418,0.05688,0.06107,0.02787
crops/hibogi_ai_01691_png_7.jpg,hibogi_ai_01691_png,HIBOGI_AI_01691_png_jpg.rf.b9c3891e17c90a69e38c360fc61be49d.jpg,,0,0,no_caries,no_caries,0.7461,0.74606,0.14617,0.0661,0.04167
crops/hibogi_ai_01691_png_8.jpg,hibogi_ai_01691_png,HIBOGI_AI_01691_png_jpg.rf.b9c3891e17c90a69e38c360fc61be49d.jpg,,0,0,no_caries,no_caries,0.6582,0.65818,0.17141,0.13318,0.03722
crops/hibogi_ai_01691_png_9.jpg,hibogi_ai_01691_png,HIBOGI_AI_01691_png_jpg.rf.b9c3891e17c90a69e38c360fc61be49d.jpg,,0,0,no_caries,mild,0.5384,0.27705,0.53838,0.09986,0.08472
crops/hibogi_ai_01691_png_10.jpg,hibogi_ai_01691_png,HIBOGI_AI_01691_png_jpg.rf.b9c3891e17c90a69e38c360fc61be49d.jpg,,0,0,no_caries,no_caries,0.6143,0.61434,0.27429,0.03856,0.07281
crops/hibogi_ai_01700_png_0.jpg,hibogi_ai_01700_png,HIBOGI_AI_01700_png_jpg.rf.16879be11b55a6440a019d0ff4b63977.jpg,,0,0,no_caries,no_caries,0.7075,0.70753,0.18322,0.05548,0.05377
crops/hibogi_ai_01700_png_1.jpg,hibogi_ai_01700_png,HIBOGI_AI_01700_png_jpg.rf.16879be11b55a6440a019d0ff4b63977.jpg,,0,0,no_caries,mild,0.5337,0.25488,0.53372,0.10688,0.10452
crops/hibogi_ai_01700_png_2.jpg,hibogi_ai_01700_png,HIBOGI_AI_01700_png_jpg.rf.16879be11b55a6440a019d0ff4b63977.jpg,,0,0,no_caries,no_caries,0.7721,0.77213,0.06288,0.03429,0.1307
crops/hibogi_ai_01700_png_3.jpg,hibogi_ai_01700_png,HIBOGI_AI_01700_png_jpg.rf.16879be11b55a6440a019d0ff4b63977.jpg,,0,0,no_caries,no_caries,0.8474,0.84745,0.0268,0.02591,0.09984
crops/hibogi_ai_01700_png_4.jpg,hibogi_ai_01700_png,HIBOGI_AI_01700_png_jpg.rf.16879be11b55a6440a019d0ff4b63977.jpg,,0,0,no_caries,no_caries,0.7117,0.71169,0.22098,0.01743,0.0499
crops/hibogi_ai_01700_png_5.jpg,hibogi_ai_01700_png,HIBOGI_AI_01700_png_jpg.rf.16879be11b55a6440a019d0ff4b63977.jpg,,0,0,no_caries,no_caries,0.761,0.76098,0.1227,0.07443,0.04189
crops/hibogi_ai_01700_png_6.jpg,hibogi_ai_01700_png,HIBOGI_AI_01700_png_jpg.rf.16879be11b55a6440a019d0ff4b63977.jpg,,0,0,no_caries,no_caries,0.5628,0.56276,0.2971,0.09115,0.04899
crops/hibogi_ai_01720_png_0.jpg,hibogi_ai_01720_png,HIBOGI_AI_01720_png_jpg.rf.2c5424e8897e51c3f91d8dd129480d73.jpg,,1,0,mild,mild,0.6426,0.19348,0.64262,0.0743,0.08959
crops/hibogi_ai_01720_png_1.jpg,hibogi_ai_01720_png,HIBOGI_AI_01720_png_jpg.rf.2c5424e8897e51c3f91d8dd129480d73.jpg,,0,0,no_caries,no_caries,0.8056,0.80556,0.07392,0.0484,0.07212
crops/hibogi_ai_01720_png_2.jpg,hibogi_ai_01720_png,HIBOGI_AI_01720_png_jpg.rf.2c5424e8897e51c3f91d8dd129480d73.jpg,,0,0,no_caries,no_caries,0.7788,0.77883,0.10483,0.08178,0.03455
crops/hibogi_ai_01720_png_3.jpg,hibogi_ai_01720_png,HIBOGI_AI_01720_png_jpg.rf.2c5424e8897e51c3f91d8dd129480d73.jpg,,0,0,no_caries,mild,0.6212,0.12399,0.62122,0.05672,0.19807
crops/hibogi_ai_01720_png_4.jpg,hibogi_ai_01720_png,HIBOGI_AI_01720_png_jpg.rf.2c5424e8897e51c3f91d8dd129480d73.jpg,,0,0,no_caries,no_caries,0.9046,0.90465,0.03713,0.02814,0.03008
crops/hibogi_ai_01720_png_5.jpg,hibogi_ai_01720_png,HIBOGI_AI_01720_png_jpg.rf.2c5424e8897e51c3f91d8dd129480d73.jpg,,0,0,no_caries,no_caries,0.8609,0.86091,0.01643,0.09728,0.02538
crops/hibogi_ai_01720_png_6.jpg,hibogi_ai_01720_png,HIBOGI_AI_01720_png_jpg.rf.2c5424e8897e51c3f91d8dd129480d73.jpg,,0,0,no_caries,no_caries,0.8814,0.88135,0.02361,0.07748,0.01756
crops/hibogi_ai_01722_png_0.jpg,hibogi_ai_01722_png,HIBOGI_AI_01722_png_jpg.rf.e13cc3336a945ba9497cd1dbe2181802.jpg,,0,0,no_caries,moderate,0.5526,0.0468,0.32698,0.55261,0.07361
crops/hibogi_ai_01722_png_1.jpg,hibogi_ai_01722_png,HIBOGI_AI_01722_png_jpg.rf.e13cc3336a945ba9497cd1dbe2181802.jpg,,0,0,no_caries,no_caries,0.4391,0.43911,0.23754,0.09155,0.2318
crops/hibogi_ai_01722_png_2.jpg,hibogi_ai_01722_png,HIBOGI_AI_01722_png_jpg.rf.e13cc3336a945ba9497cd1dbe2181802.jpg,,0,0,no_caries,no_caries,0.7263,0.72626,0.11394,0.11329,0.04651
crops/hibogi_ai_01722_png_3.jpg,hibogi_ai_01722_png,HIBOGI_AI_01722_png_jpg.rf.e13cc3336a945ba9497cd1dbe2181802.jpg,,0,0,no_caries,no_caries,0.7853,0.78529,0.0924,0.1112,0.01111
crops/hibogi_ai_01722_png_4.jpg,hibogi_ai_01722_png,HIBOGI_AI_01722_png_jpg.rf.e13cc3336a945ba9497cd1dbe2181802.jpg,,0,0,no_caries,no_caries,0.7465,0.74654,0.09889,0.11933,0.03524
crops/hibogi_ai_01722_png_5.jpg,hibogi_ai_01722_png,HIBOGI_AI_01722_png_jpg.rf.e13cc3336a945ba9497cd1dbe2181802.jpg,,0,0,no_caries,no_caries,0.9128,0.91276,0.01764,0.06301,0.00659
crops/hibogi_ai_01722_png_6.jpg,hibogi_ai_01722_png,HIBOGI_AI_01722_png_jpg.rf.e13cc3336a945ba9497cd1dbe2181802.jpg,,0,0,no_caries,no_caries,0.4829,0.48294,0.36973,0.10431,0.04301
crops/hibogi_ai_01722_png_7.jpg,hibogi_ai_01722_png,HIBOGI_AI_01722_png_jpg.rf.e13cc3336a945ba9497cd1dbe2181802.jpg,,0,0,no_caries,no_caries,0.6821,0.68213,0.20967,0.08714,0.02105
crops/hibogi_ai_01722_png_8.jpg,hibogi_ai_01722_png,HIBOGI_AI_01722_png_jpg.rf.e13cc3336a945ba9497cd1dbe2181802.jpg,,0,0,no_caries,advanced,0.6636,0.01099,0.05036,0.27508,0.66357
crops/hibogi_ai_01722_png_9.jpg,hibogi_ai_01722_png,HIBOGI_AI_01722_png_jpg.rf.e13cc3336a945ba9497cd1dbe2181802.jpg,,0,0,no_caries,no_caries,0.7198,0.71983,0.09433,0.09965,0.08619
crops/hibogi_ai_01722_png_10.jpg,hibogi_ai_01722_png,HIBOGI_AI_01722_png_jpg.rf.e13cc3336a945ba9497cd1dbe2181802.jpg,,0,0,no_caries,no_caries,0.8308,0.83083,0.01208,0.14211,0.01499
crops/hibogi_ai_01722_png_11.jpg,hibogi_ai_01722_png,HIBOGI_AI_01722_png_jpg.rf.e13cc3336a945ba9497cd1dbe2181802.jpg,,0,0,no_caries,no_caries,0.8768,0.87676,0.00942,0.09794,0.01589
crops/hibogi_ai_01722_png_12.jpg,hibogi_ai_01722_png,HIBOGI_AI_01722_png_jpg.rf.e13cc3336a945ba9497cd1dbe2181802.jpg,,0,0,no_caries,no_caries,0.8586,0.85857,0.05679,0.05181,0.03283
crops/hibogi_ai_01722_png_13.jpg,hibogi_ai_01722_png,HIBOGI_AI_01722_png_jpg.rf.e13cc3336a945ba9497cd1dbe2181802.jpg,,0,0,no_caries,no_caries,0.6941,0.69407,0.21994,0.05699,0.029
crops/hibogi_ai_01733_png_0.jpg,hibogi_ai_01733_png,HIBOGI_AI_01733_png_jpg.rf.023ba3ad777cecafb48d7d1230149624.jpg,,0,0,no_caries,mild,0.3606,0.15876,0.36058,0.32812,0.15254
crops/hibogi_ai_01733_png_1.jpg,hibogi_ai_01733_png,HIBOGI_AI_01733_png_jpg.rf.023ba3ad777cecafb48d7d1230149624.jpg,,5,0,advanced,advanced,0.9093,0.00868,0.04405,0.03799,0.90928
crops/hibogi_ai_01733_png_2.jpg,hibogi_ai_01733_png,HIBOGI_AI_01733_png_jpg.rf.023ba3ad777cecafb48d7d1230149624.jpg,,5,0,advanced,advanced,0.9738,0.00269,0.00465,0.01885,0.9738
crops/hibogi_ai_01733_png_3.jpg,hibogi_ai_01733_png,HIBOGI_AI_01733_png_jpg.rf.023ba3ad777cecafb48d7d1230149624.jpg,,0,0,no_caries,no_caries,0.7471,0.74709,0.13912,0.08635,0.02744
crops/hibogi_ai_01733_png_4.jpg,hibogi_ai_01733_png,HIBOGI_AI_01733_png_jpg.rf.023ba3ad777cecafb48d7d1230149624.jpg,,0,0,no_caries,no_caries,0.8226,0.82264,0.05689,0.09655,0.02392
crops/hibogi_ai_01733_png_5.jpg,hibogi_ai_01733_png,HIBOGI_AI_01733_png_jpg.rf.023ba3ad777cecafb48d7d1230149624.jpg,,0,0,no_caries,no_caries,0.8153,0.81529,0.09127,0.06065,0.03279
crops/hibogi_ai_01733_png_6.jpg,hibogi_ai_01733_png,HIBOGI_AI_01733_png_jpg.rf.023ba3ad777cecafb48d7d1230149624.jpg,,0,0,no_caries,no_caries,0.7864,0.7864,0.09595,0.09174,0.02591
crops/hibogi_ai_01733_png_7.jpg,hibogi_ai_01733_png,HIBOGI_AI_01733_png_jpg.rf.023ba3ad777cecafb48d7d1230149624.jpg,,3,0,moderate,no_caries,0.4346,0.43462,0.42853,0.10334,0.03352
crops/hibogi_ai_01733_png_8.jpg,hibogi_ai_01733_png,HIBOGI_AI_01733_png_jpg.rf.023ba3ad777cecafb48d7d1230149624.jpg,,0,0,no_caries,no_caries,0.6454,0.64538,0.22387,0.12088,0.00987
crops/hibogi_ai_01733_png_9.jpg,hibogi_ai_01733_png,HIBOGI_AI_01733_png_jpg.rf.023ba3ad777cecafb48d7d1230149624.jpg,,0,0,no_caries,no_caries,0.4045,0.40451,0.37426,0.19906,0.02217
crops/hibogi_ai_01733_png_10.jpg,hibogi_ai_01733_png,HIBOGI_AI_01733_png_jpg.rf.023ba3ad777cecafb48d7d1230149624.jpg,,0,0,no_caries,mild,0.4228,0.25632,0.42284,0.2087,0.11214
crops/hibogi_ai_01740_png_0.jpg,hibogi_ai_01740_png,HIBOGI_AI_01740_png_jpg.rf.37cfb497902f323db5c20331b92a7791.jpg,,0,0,no_caries,advanced,0.4536,0.1496,0.25202,0.14483,0.45356
crops/hibogi_ai_01740_png_1.jpg,hibogi_ai_01740_png,HIBOGI_AI_01740_png_jpg.rf.37cfb497902f323db5c20331b92a7791.jpg,,3,0,moderate,advanced,0.8263,0.02846,0.06805,0.0772,0.82629
crops/hibogi_ai_01740_png_2.jpg,hibogi_ai_01740_png,HIBOGI_AI_01740_png_jpg.rf.37cfb497902f323db5c20331b92a7791.jpg,,0,0,no_caries,no_caries,0.751,0.75096,0.06883,0.1326,0.04761
crops/hibogi_ai_01740_png_3.jpg,hibogi_ai_01740_png,HIBOGI_AI_01740_png_jpg.rf.37cfb497902f323db5c20331b92a7791.jpg,,0,0,no_caries,no_caries,0.6654,0.66538,0.10338,0.18069,0.05055
crops/hibogi_ai_01740_png_4.jpg,hibogi_ai_01740_png,HIBOGI_AI_01740_png_jpg.rf.37cfb497902f323db5c20331b92a7791.jpg,,0,0,no_caries,no_caries,0.7953,0.79534,0.10623,0.0646,0.03383
crops/hibogi_ai_01740_png_5.jpg,hibogi_ai_01740_png,HIBOGI_AI_01740_png_jpg.rf.37cfb497902f323db5c20331b92a7791.jpg,,0,0,no_caries,no_caries,0.8023,0.80231,0.07225,0.09472,0.03072
crops/hibogi_ai_01740_png_6.jpg,hibogi_ai_01740_png,HIBOGI_AI_01740_png_jpg.rf.37cfb497902f323db5c20331b92a7791.jpg,,0,0,no_caries,no_caries,0.7467,0.74674,0.06217,0.11347,0.07761
crops/hibogi_ai_01740_png_7.jpg,hibogi_ai_01740_png,HIBOGI_AI_01740_png_jpg.rf.37cfb497902f323db5c20331b92a7791.jpg,,0,0,no_caries,no_caries,0.7437,0.74372,0.1174,0.09722,0.04166
crops/hibogi_ai_01740_png_8.jpg,hibogi_ai_01740_png,HIBOGI_AI_01740_png_jpg.rf.37cfb497902f323db5c20331b92a7791.jpg,,0,0,no_caries,no_caries,0.6147,0.61474,0.25705,0.07905,0.04916
crops/hibogi_ai_01740_png_9.jpg,hibogi_ai_01740_png,HIBOGI_AI_01740_png_jpg.rf.37cfb497902f323db5c20331b92a7791.jpg,,5,0,advanced,advanced,0.9409,0.00666,0.01687,0.03557,0.9409
crops/hibogi_ai_01740_png_10.jpg,hibogi_ai_01740_png,HIBOGI_AI_01740_png_jpg.rf.37cfb497902f323db5c20331b92a7791.jpg,,5,0,advanced,mild,0.4234,0.16853,0.42338,0.09854,0.30955
crops/hibogi_ai_01745_png_0.jpg,hibogi_ai_01745_png,HIBOGI_AI_01745_png_jpg.rf.f674dab690be913a0611ac466729fadd.jpg,,0,0,no_caries,mild,0.5943,0.28079,0.59427,0.03954,0.0854
crops/hibogi_ai_01745_png_1.jpg,hibogi_ai_01745_png,HIBOGI_AI_01745_png_jpg.rf.f674dab690be913a0611ac466729fadd.jpg,,0,0,no_caries,no_caries,0.6681,0.66809,0.22498,0.07434,0.0326
crops/hibogi_ai_01745_png_2.jpg,hibogi_ai_01745_png,HIBOGI_AI_01745_png_jpg.rf.f674dab690be913a0611ac466729fadd.jpg,,0,0,no_caries,no_caries,0.7876,0.78758,0.08046,0.08506,0.04689
crops/hibogi_ai_01745_png_3.jpg,hibogi_ai_01745_png,HIBOGI_AI_01745_png_jpg.rf.f674dab690be913a0611ac466729fadd.jpg,,0,0,no_caries,no_caries,0.7687,0.76872,0.08703,0.09702,0.04724
crops/hibogi_ai_01745_png_4.jpg,hibogi_ai_01745_png,HIBOGI_AI_01745_png_jpg.rf.f674dab690be913a0611ac466729fadd.jpg,,0,0,no_caries,no_caries,0.8049,0.80494,0.03922,0.09386,0.06198
crops/hibogi_ai_01745_png_5.jpg,hibogi_ai_01745_png,HIBOGI_AI_01745_png_jpg.rf.f674dab690be913a0611ac466729fadd.jpg,,0,0,no_caries,no_caries,0.8229,0.8229,0.03898,0.09684,0.04128
crops/hibogi_ai_01745_png_6.jpg,hibogi_ai_01745_png,HIBOGI_AI_01745_png_jpg.rf.f674dab690be913a0611ac466729fadd.jpg,,0,0,no_caries,no_caries,0.867,0.86696,0.05294,0.05499,0.02511
crops/hibogi_ai_01745_png_7.jpg,hibogi_ai_01745_png,HIBOGI_AI_01745_png_jpg.rf.f674dab690be913a0611ac466729fadd.jpg,,0,0,no_caries,no_caries,0.6955,0.69549,0.18098,0.0737,0.04984
crops/hibogi_ai_01745_png_8.jpg,hibogi_ai_01745_png,HIBOGI_AI_01745_png_jpg.rf.f674dab690be913a0611ac466729fadd.jpg,,0,0,no_caries,no_caries,0.6581,0.65812,0.22105,0.09188,0.02895
crops/hibogi_ai_01745_png_9.jpg,hibogi_ai_01745_png,HIBOGI_AI_01745_png_jpg.rf.f674dab690be913a0611ac466729fadd.jpg,,0,0,no_caries,no_caries,0.5197,0.51966,0.3468,0.05355,0.07999
crops/hibogi_ai_01745_png_10.jpg,hibogi_ai_01745_png,HIBOGI_AI_01745_png_jpg.rf.f674dab690be913a0611ac466729fadd.jpg,,5,0,advanced,mild,0.5086,0.2492,0.50862,0.09606,0.14612
crops/hibogi_ai_01757_png_0.jpg,hibogi_ai_01757_png,HIBOGI_AI_01757_png_jpg.rf.03d77596cb42e60ab36a69685392f51b.jpg,,0,0,no_caries,mild,0.4603,0.27472,0.46035,0.18874,0.07619
crops/hibogi_ai_01757_png_1.jpg,hibogi_ai_01757_png,HIBOGI_AI_01757_png_jpg.rf.03d77596cb42e60ab36a69685392f51b.jpg,,4,0,moderate,moderate,0.5064,0.07988,0.1916,0.50643,0.2221
crops/hibogi_ai_01757_png_2.jpg,hibogi_ai_01757_png,HIBOGI_AI_01757_png_jpg.rf.03d77596cb42e60ab36a69685392f51b.jpg,,0,0,no_caries,mild,0.57,0.284,0.56998,0.09245,0.05358
crops/hibogi_ai_01757_png_3.jpg,hibogi_ai_01757_png,HIBOGI_AI_01757_png_jpg.rf.03d77596cb42e60ab36a69685392f51b.jpg,,0,0,no_caries,mild,0.5897,0.32192,0.58971,0.04554,0.04283
crops/hibogi_ai_01757_png_4.jpg,hibogi_ai_01757_png,HIBOGI_AI_01757_png_jpg.rf.03d77596cb42e60ab36a69685392f51b.jpg,,0,0,no_caries,no_caries,0.5479,0.54794,0.23535,0.16847,0.04824
crops/hibogi_ai_01757_png_5.jpg,hibogi_ai_01757_png,HIBOGI_AI_01757_png_jpg.rf.03d77596cb42e60ab36a69685392f51b.jpg,,0,0,no_caries,no_caries,0.8044,0.80435,0.06578,0.10549,0.02438
crops/hibogi_ai_01757_png_6.jpg,hibogi_ai_01757_png,HIBOGI_AI_01757_png_jpg.rf.03d77596cb42e60ab36a69685392f51b.jpg,,0,0,no_caries,no_caries,0.5233,0.52329,0.36962,0.07177,0.03531
crops/hibogi_ai_01757_png_7.jpg,hibogi_ai_01757_png,HIBOGI_AI_01757_png_jpg.rf.03d77596cb42e60ab36a69685392f51b.jpg,,0,0,no_caries,no_caries,0.5659,0.56587,0.18666,0.07048,0.177
crops/hibogi_ai_01757_png_8.jpg,hibogi_ai_01757_png,HIBOGI_AI_01757_png_jpg.rf.03d77596cb42e60ab36a69685392f51b.jpg,,0,0,no_caries,mild,0.5366,0.37413,0.53661,0.05268,0.03658
crops/hibogi_ai_01757_png_9.jpg,hibogi_ai_01757_png,HIBOGI_AI_01757_png_jpg.rf.03d77596cb42e60ab36a69685392f51b.jpg,,0,0,no_caries,no_caries,0.4383,0.43826,0.35002,0.18347,0.02825
crops/hibogi_ai_01757_png_10.jpg,hibogi_ai_01757_png,HIBOGI_AI_01757_png_jpg.rf.03d77596cb42e60ab36a69685392f51b.jpg,,0,0,no_caries,mild,0.4772,0.39124,0.47722,0.10018,0.03136
crops/hibogi_ai_01757_png_11.jpg,hibogi_ai_01757_png,HIBOGI_AI_01757_png_jpg.rf.03d77596cb42e60ab36a69685392f51b.jpg,,0,0,no_caries,mild,0.5245,0.19173,0.52449,0.18743,0.09635
crops/hibogi_ai_01772_png_0.jpg,hibogi_ai_01772_png,HIBOGI_AI_01772_png_jpg.rf.feb7513673f766e9ff861dfccaba5d2f.jpg,,0,0,no_caries,no_caries,0.7321,0.73211,0.11618,0.12199,0.02972
crops/hibogi_ai_01772_png_1.jpg,hibogi_ai_01772_png,HIBOGI_AI_01772_png_jpg.rf.feb7513673f766e9ff861dfccaba5d2f.jpg,,0,0,no_caries,no_caries,0.6131,0.61308,0.30023,0.06021,0.02648
crops/hibogi_ai_01772_png_2.jpg,hibogi_ai_01772_png,HIBOGI_AI_01772_png_jpg.rf.feb7513673f766e9ff861dfccaba5d2f.jpg,,4,0,moderate,moderate,0.598,0.02195,0.3475,0.59805,0.0325
crops/hibogi_ai_01772_png_3.jpg,hibogi_ai_01772_png,HIBOGI_AI_01772_png_jpg.rf.feb7513673f766e9ff861dfccaba5d2f.jpg,,0,0,no_caries,no_caries,0.6764,0.67645,0.188,0.07452,0.06103
crops/hibogi_ai_01772_png_4.jpg,hibogi_ai_01772_png,HIBOGI_AI_01772_png_jpg.rf.feb7513673f766e9ff861dfccaba5d2f.jpg,,0,0,no_caries,no_caries,0.8295,0.82948,0.07237,0.082,0.01615
crops/hibogi_ai_01772_png_5.jpg,hibogi_ai_01772_png,HIBOGI_AI_01772_png_jpg.rf.feb7513673f766e9ff861dfccaba5d2f.jpg,,0,0,no_caries,advanced,0.4842,0.12537,0.19994,0.19046,0.48423
crops/hibogi_ai_01772_png_6.jpg,hibogi_ai_01772_png,HIBOGI_AI_01772_png_jpg.rf.feb7513673f766e9ff861dfccaba5d2f.jpg,,0,0,no_caries,no_caries,0.7985,0.79851,0.14265,0.03962,0.01922
crops/hibogi_ai_01772_png_7.jpg,hibogi_ai_01772_png,HIBOGI_AI_01772_png_jpg.rf.feb7513673f766e9ff861dfccaba5d2f.jpg,,0,0,no_caries,no_caries,0.8209,0.82086,0.10012,0.0522,0.02682
crops/hibogi_ai_01772_png_8.jpg,hibogi_ai_01772_png,HIBOGI_AI_01772_png_jpg.rf.feb7513673f766e9ff861dfccaba5d2f.jpg,,0,0,no_caries,no_caries,0.7644,0.76444,0.16813,0.04083,0.0266
crops/hibogi_ai_01772_png_9.jpg,hibogi_ai_01772_png,HIBOGI_AI_01772_png_jpg.rf.feb7513673f766e9ff861dfccaba5d2f.jpg,,0,0,no_caries,no_caries,0.764,0.76397,0.13095,0.06435,0.04073
crops/hibogi_ai_01772_png_10.jpg,hibogi_ai_01772_png,HIBOGI_AI_01772_png_jpg.rf.feb7513673f766e9ff861dfccaba5d2f.jpg,,0,0,no_caries,no_caries,0.6968,0.69679,0.20797,0.06289,0.03235
crops/hibogi_ai_01772_png_11.jpg,hibogi_ai_01772_png,HIBOGI_AI_01772_png_jpg.rf.feb7513673f766e9ff861dfccaba5d2f.jpg,,0,0,no_caries,no_caries,0.6265,0.62648,0.06923,0.21277,0.09152
crops/hibogi_ai_01837_png_0.jpg,hibogi_ai_01837_png,HIBOGI_AI_01837_png_jpg.rf.15c7138ce0cdf84fc77b4692f8200c6b.jpg,,0,0,no_caries,no_caries,0.8283,0.82826,0.03655,0.06632,0.06887
crops/hibogi_ai_01837_png_1.jpg,hibogi_ai_01837_png,HIBOGI_AI_01837_png_jpg.rf.15c7138ce0cdf84fc77b4692f8200c6b.jpg,,0,0,no_caries,no_caries,0.5614,0.56142,0.30292,0.10294,0.03273
crops/hibogi_ai_01837_png_2.jpg,hibogi_ai_01837_png,HIBOGI_AI_01837_png_jpg.rf.15c7138ce0cdf84fc77b4692f8200c6b.jpg,,0,0,no_caries,no_caries,0.74,0.73997,0.08749,0.13291,0.03963
crops/hibogi_ai_01837_png_3.jpg,hibogi_ai_01837_png,HIBOGI_AI_01837_png_jpg.rf.15c7138ce0cdf84fc77b4692f8200c6b.jpg,,0,0,no_caries,no_caries,0.6185,0.61851,0.10669,0.2152,0.05959
crops/hibogi_ai_01837_png_4.jpg,hibogi_ai_01837_png,HIBOGI_AI_01837_png_jpg.rf.15c7138ce0cdf84fc77b4692f8200c6b.jpg,,0,0,no_caries,no_caries,0.5373,0.53729,0.35668,0.0663,0.03973
crops/hibogi_ai_01837_png_5.jpg,hibogi_ai_01837_png,HIBOGI_AI_01837_png_jpg.rf.15c7138ce0cdf84fc77b4692f8200c6b.jpg,,3,0,moderate,no_caries,0.4805,0.48054,0.13091,0.26079,0.12776
crops/hibogi_ai_01837_png_6.jpg,hibogi_ai_01837_png,HIBOGI_AI_01837_png_jpg.rf.15c7138ce0cdf84fc77b4692f8200c6b.jpg,,0,0,no_caries,no_caries,0.8049,0.80494,0.09552,0.07205,0.02749
crops/hibogi_ai_01837_png_7.jpg,hibogi_ai_01837_png,HIBOGI_AI_01837_png_jpg.rf.15c7138ce0cdf84fc77b4692f8200c6b.jpg,,0,0,no_caries,no_caries,0.5116,0.51164,0.30964,0.13161,0.04711
crops/hibogi_ai_01837_png_8.jpg,hibogi_ai_01837_png,HIBOGI_AI_01837_png_jpg.rf.15c7138ce0cdf84fc77b4692f8200c6b.jpg,,0,0,no_caries,no_caries,0.7678,0.76779,0.12737,0.06479,0.04005
crops/hibogi_ai_01837_png_9.jpg,hibogi_ai_01837_png,HIBOGI_AI_01837_png_jpg.rf.15c7138ce0cdf84fc77b4692f8200c6b.jpg,,0,0,no_caries,no_caries,0.8711,0.87114,0.03231,0.07462,0.02193
crops/hibogi_ai_01839_png_0.jpg,hibogi_ai_01839_png,HIBOGI_AI_01839_png_jpg.rf.47a85ef50053c74e9b42fc15f763cf5b.jpg,,2,0,mild,mild,0.5124,0.08797,0.51239,0.15563,0.244
crops/hibogi_ai_01839_png_1.jpg,hibogi_ai_01839_png,HIBOGI_AI_01839_png_jpg.rf.47a85ef50053c74e9b42fc15f763cf5b.jpg,,4,0,moderate,mild,0.3798,0.18726,0.37978,0.25308,0.17987
crops/hibogi_ai_01845_png_0.jpg,hibogi_ai_01845_png,HIBOGI_AI_01845_png_jpg.rf.1be8fe8fc7b1778a756c00613c08c090.jpg,,3,0,moderate,no_caries,0.4563,0.4563,0.17293,0.20189,0.16888
crops/hibogi_ai_01845_png_1.jpg,hibogi_ai_01845_png,HIBOGI_AI_01845_png_jpg.rf.1be8fe8fc7b1778a756c00613c08c090.jpg,,5,0,advanced,advanced,0.6976,0.10723,0.13021,0.06496,0.69759
crops/hibogi_ai_01845_png_2.jpg,hibogi_ai_01845_png,HIBOGI_AI_01845_png_jpg.rf.1be8fe8fc7b1778a756c00613c08c090.jpg,,3,0,moderate,moderate,0.7105,0.03587,0.0954,0.71054,0.15819
crops/hibogi_ai_01845_png_3.jpg,hibogi_ai_01845_png,HIBOGI_AI_01845_png_jpg.rf.1be8fe8fc7b1778a756c00613c08c090.jpg,,0,0,no_caries,no_caries,0.6397,0.63967,0.12138,0.19391,0.04503
crops/hibogi_ai_01845_png_4.jpg,hibogi_ai_01845_png,HIBOGI_AI_01845_png_jpg.rf.1be8fe8fc7b1778a756c00613c08c090.jpg,,0,0,no_caries,no_caries,0.6203,0.62027,0.13273,0.14637,0.10063
crops/hibogi_ai_01845_png_5.jpg,hibogi_ai_01845_png,HIBOGI_AI_01845_png_jpg.rf.1be8fe8fc7b1778a756c00613c08c090.jpg,,0,0,no_caries,no_caries,0.8031,0.80315,0.05291,0.11393,0.03002
crops/hibogi_ai_01845_png_6.jpg,hibogi_ai_01845_png,HIBOGI_AI_01845_png_jpg.rf.1be8fe8fc7b1778a756c00613c08c090.jpg,,0,0,no_caries,no_caries,0.7176,0.71761,0.14491,0.0981,0.03938
crops/hibogi_ai_01845_png_7.jpg,hibogi_ai_01845_png,HIBOGI_AI_01845_png_jpg.rf.1be8fe8fc7b1778a756c00613c08c090.jpg,,0,0,no_caries,no_caries,0.713,0.71295,0.14349,0.10127,0.04229
crops/hibogi_ai_01845_png_8.jpg,hibogi_ai_01845_png,HIBOGI_AI_01845_png_jpg.rf.1be8fe8fc7b1778a756c00613c08c090.jpg,,5,0,advanced,advanced,0.8934,0.02088,0.02794,0.05778,0.89339
crops/hibogi_ai_01845_png_9.jpg,hibogi_ai_01845_png,HIBOGI_AI_01845_png_jpg.rf.1be8fe8fc7b1778a756c00613c08c090.jpg,,6,0,advanced,advanced,0.7636,0.04724,0.15693,0.0322,0.76363
crops/hibogi_ai_01845_png_10.jpg,hibogi_ai_01845_png,HIBOGI_AI_01845_png_jpg.rf.1be8fe8fc7b1778a756c00613c08c090.jpg,,4,0,moderate,moderate,0.5906,0.06307,0.22134,0.59063,0.12496
crops/hibogi_ai_01847_png_0.jpg,hibogi_ai_01847_png,HIBOGI_AI_01847_png_jpg.rf.d79fd76a2f7524a229958670c9e770e5.jpg,,1,0,mild,no_caries,0.4718,0.47185,0.14887,0.24621,0.13307
crops/hibogi_ai_01847_png_1.jpg,hibogi_ai_01847_png,HIBOGI_AI_01847_png_jpg.rf.d79fd76a2f7524a229958670c9e770e5.jpg,,1,0,mild,no_caries,0.5951,0.5951,0.16003,0.21585,0.02902
crops/hibogi_ai_01847_png_2.jpg,hibogi_ai_01847_png,HIBOGI_AI_01847_png_jpg.rf.d79fd76a2f7524a229958670c9e770e5.jpg,,1,0,mild,no_caries,0.825,0.82498,0.06505,0.08508,0.02489
crops/hibogi_ai_01847_png_3.jpg,hibogi_ai_01847_png,HIBOGI_AI_01847_png_jpg.rf.d79fd76a2f7524a229958670c9e770e5.jpg,,1,0,mild,no_caries,0.8295,0.82946,0.05248,0.08704,0.03102
crops/hibogi_ai_01847_png_4.jpg,hibogi_ai_01847_png,HIBOGI_AI_01847_png_jpg.rf.d79fd76a2f7524a229958670c9e770e5.jpg,,5,0,advanced,advanced,0.91,0.00712,0.01408,0.0688,0.91
crops/hibogi_ai_01847_png_5.jpg,hibogi_ai_01847_png,HIBOGI_AI_01847_png_jpg.rf.d79fd76a2f7524a229958670c9e770e5.jpg,,6,0,advanced,advanced,0.511,0.19213,0.21615,0.08074,0.51098
crops/hibogi_ai_01847_png_6.jpg,hibogi_ai_01847_png,HIBOGI_AI_01847_png_jpg.rf.d79fd76a2f7524a229958670c9e770e5.jpg,,3,0,moderate,moderate,0.7411,0.03042,0.12666,0.74113,0.10178
crops/hibogi_ai_01847_png_7.jpg,hibogi_ai_01847_png,HIBOGI_AI_01847_png_jpg.rf.d79fd76a2f7524a229958670c9e770e5.jpg,,0,0,no_caries,no_caries,0.6282,0.62821,0.15531,0.10682,0.10965
crops/hibogi_ai_01847_png_8.jpg,hibogi_ai_01847_png,HIBOGI_AI_01847_png_jpg.rf.d79fd76a2f7524a229958670c9e770e5.jpg,,0,0,no_caries,no_caries,0.6971,0.69713,0.15463,0.10468,0.04357
crops/hibogi_ai_01847_png_9.jpg,hibogi_ai_01847_png,HIBOGI_AI_01847_png_jpg.rf.d79fd76a2f7524a229958670c9e770e5.jpg,,0,0,no_caries,no_caries,0.8091,0.80914,0.09141,0.06721,0.03224
crops/hibogi_ai_01847_png_10.jpg,hibogi_ai_01847_png,HIBOGI_AI_01847_png_jpg.rf.d79fd76a2f7524a229958670c9e770e5.jpg,,0,0,no_caries,no_caries,0.8486,0.84865,0.04149,0.08056,0.0293
crops/hibogi_ai_01847_png_11.jpg,hibogi_ai_01847_png,HIBOGI_AI_01847_png_jpg.rf.d79fd76a2f7524a229958670c9e770e5.jpg,,5,0,advanced,advanced,0.9503,0.01227,0.0223,0.01516,0.95026
crops/hibogi_ai_01847_png_12.jpg,hibogi_ai_01847_png,HIBOGI_AI_01847_png_jpg.rf.d79fd76a2f7524a229958670c9e770e5.jpg,,6,0,advanced,advanced,0.9601,0.01314,0.01737,0.00941,0.96008
crops/hibogi_ai_01847_png_13.jpg,hibogi_ai_01847_png,HIBOGI_AI_01847_png_jpg.rf.d79fd76a2f7524a229958670c9e770e5.jpg,,3,0,moderate,moderate,0.6948,0.01507,0.08876,0.69481,0.20135
crops/hibogi_ai_01868_png_0.jpg,hibogi_ai_01868_png,HIBOGI_AI_01868_png_jpg.rf.96f1d3013c471d54067ee796d33d0c38.jpg,,0,0,no_caries,no_caries,0.4589,0.45893,0.40244,0.10458,0.03406
crops/hibogi_ai_01868_png_1.jpg,hibogi_ai_01868_png,HIBOGI_AI_01868_png_jpg.rf.96f1d3013c471d54067ee796d33d0c38.jpg,,0,0,no_caries,no_caries,0.6569,0.65693,0.18926,0.09513,0.05867
crops/hibogi_ai_01868_png_2.jpg,hibogi_ai_01868_png,HIBOGI_AI_01868_png_jpg.rf.96f1d3013c471d54067ee796d33d0c38.jpg,,0,0,no_caries,no_caries,0.6182,0.61821,0.23342,0.09694,0.05143
crops/hibogi_ai_01868_png_3.jpg,hibogi_ai_01868_png,HIBOGI_AI_01868_png_jpg.rf.96f1d3013c471d54067ee796d33d0c38.jpg,,1,0,mild,no_caries,0.707,0.70701,0.17989,0.08356,0.02954
crops/hibogi_ai_01868_png_4.jpg,hibogi_ai_01868_png,HIBOGI_AI_01868_png_jpg.rf.96f1d3013c471d54067ee796d33d0c38.jpg,,1,0,mild,no_caries,0.7241,0.72414,0.1236,0.12016,0.03211
crops/hibogi_ai_01868_png_5.jpg,hibogi_ai_01868_png,HIBOGI_AI_01868_png_jpg.rf.96f1d3013c471d54067ee796d33d0c38.jpg,,1,0,mild,no_caries,0.7492,0.74924,0.10815,0.08032,0.06229
crops/hibogi_ai_01868_png_6.jpg,hibogi_ai_01868_png,HIBOGI_AI_01868_png_jpg.rf.96f1d3013c471d54067ee796d33d0c38.jpg,,3,0,moderate,moderate,0.4681,0.1578,0.15229,0.46813,0.22178
crops/hibogi_ai_01868_png_7.jpg,hibogi_ai_01868_png,HIBOGI_AI_01868_png_jpg.rf.96f1d3013c471d54067ee796d33d0c38.jpg,,0,0,no_caries,no_caries,0.5482,0.54819,0.34465,0.05558,0.05158
crops/hibogi_ai_01868_png_8.jpg,hibogi_ai_01868_png,HIBOGI_AI_01868_png_jpg.rf.96f1d3013c471d54067ee796d33d0c38.jpg,,0,0,no_caries,no_caries,0.5899,0.58993,0.31478,0.03494,0.06035
crops/hibogi_ai_01868_png_9.jpg,hibogi_ai_01868_png,HIBOGI_AI_01868_png_jpg.rf.96f1d3013c471d54067ee796d33d0c38.jpg,,0,0,no_caries,no_caries,0.8671,0.86707,0.05341,0.05295,0.02657
crops/hibogi_ai_01868_png_10.jpg,hibogi_ai_01868_png,HIBOGI_AI_01868_png_jpg.rf.96f1d3013c471d54067ee796d33d0c38.jpg,,0,0,no_caries,no_caries,0.8349,0.83495,0.10449,0.04506,0.0155
crops/hibogi_ai_01868_png_11.jpg,hibogi_ai_01868_png,HIBOGI_AI_01868_png_jpg.rf.96f1d3013c471d54067ee796d33d0c38.jpg,,0,0,no_caries,no_caries,0.8125,0.81253,0.11041,0.04767,0.02939
crops/hibogi_ai_01868_png_12.jpg,hibogi_ai_01868_png,HIBOGI_AI_01868_png_jpg.rf.96f1d3013c471d54067ee796d33d0c38.jpg,,0,0,no_caries,no_caries,0.746,0.74596,0.13744,0.08159,0.03501
crops/hibogi_ai_01886_png_0.jpg,hibogi_ai_01886_png,HIBOGI_AI_01886_png_jpg.rf.a210149301342d9e6ba8b6b9192e98ce.jpg,,0,0,no_caries,no_caries,0.6605,0.66053,0.21376,0.08461,0.0411
crops/hibogi_ai_01886_png_1.jpg,hibogi_ai_01886_png,HIBOGI_AI_01886_png_jpg.rf.a210149301342d9e6ba8b6b9192e98ce.jpg,,0,0,no_caries,no_caries,0.5661,0.56606,0.30511,0.08172,0.0471
crops/hibogi_ai_01886_png_2.jpg,hibogi_ai_01886_png,HIBOGI_AI_01886_png_jpg.rf.a210149301342d9e6ba8b6b9192e98ce.jpg,,0,0,no_caries,no_caries,0.6499,0.64986,0.22207,0.07921,0.04887
crops/hibogi_ai_01886_png_3.jpg,hibogi_ai_01886_png,HIBOGI_AI_01886_png_jpg.rf.a210149301342d9e6ba8b6b9192e98ce.jpg,,0,0,no_caries,no_caries,0.7007,0.70069,0.17231,0.0785,0.04851
crops/hibogi_ai_01886_png_4.jpg,hibogi_ai_01886_png,HIBOGI_AI_01886_png_jpg.rf.a210149301342d9e6ba8b6b9192e98ce.jpg,,0,0,no_caries,no_caries,0.7406,0.74063,0.09349,0.13479,0.0311
crops/hibogi_ai_01886_png_5.jpg,hibogi_ai_01886_png,HIBOGI_AI_01886_png_jpg.rf.a210149301342d9e6ba8b6b9192e98ce.jpg,,0,0,no_caries,no_caries,0.6822,0.68216,0.15771,0.09445,0.06568
crops/hibogi_ai_01886_png_6.jpg,hibogi_ai_01886_png,HIBOGI_AI_01886_png_jpg.rf.a210149301342d9e6ba8b6b9192e98ce.jpg,,0,0,no_caries,no_caries,0.4677,0.46774,0.32893,0.10341,0.09992
crops/hibogi_ai_01886_png_7.jpg,hibogi_ai_01886_png,HIBOGI_AI_01886_png_jpg.rf.a210149301342d9e6ba8b6b9192e98ce.jpg,,0,0,no_caries,no_caries,0.5445,0.54454,0.20058,0.21038,0.0445
crops/hibogi_ai_01886_png_8.jpg,hibogi_ai_01886_png,HIBOGI_AI_01886_png_jpg.rf.a210149301342d9e6ba8b6b9192e98ce.jpg,,0,0,no_caries,no_caries,0.616,0.61599,0.18939,0.14042,0.0542
crops/hibogi_ai_01886_png_9.jpg,hibogi_ai_01886_png,HIBOGI_AI_01886_png_jpg.rf.a210149301342d9e6ba8b6b9192e98ce.jpg,,0,0,no_caries,no_caries,0.813,0.81301,0.06978,0.06989,0.04731
crops/hibogi_ai_01886_png_10.jpg,hibogi_ai_01886_png,HIBOGI_AI_01886_png_jpg.rf.a210149301342d9e6ba8b6b9192e98ce.jpg,,0,0,no_caries,mild,0.4915,0.41727,0.49149,0.0504,0.04084
crops/hibogi_ai_01886_png_11.jpg,hibogi_ai_01886_png,HIBOGI_AI_01886_png_jpg.rf.a210149301342d9e6ba8b6b9192e98ce.jpg,,0,0,no_caries,no_caries,0.7293,0.72932,0.19976,0.0384,0.03252
crops/hibogi_ai_01886_png_12.jpg,hibogi_ai_01886_png,HIBOGI_AI_01886_png_jpg.rf.a210149301342d9e6ba8b6b9192e98ce.jpg,,0,0,no_caries,mild,0.4857,0.42733,0.48567,0.05168,0.03532
crops/hibogi_ai_01886_png_13.jpg,hibogi_ai_01886_png,HIBOGI_AI_01886_png_jpg.rf.a210149301342d9e6ba8b6b9192e98ce.jpg,,0,0,no_caries,no_caries,0.6533,0.65329,0.2691,0.05432,0.02328
crops/hibogi_ai_01886_png_14.jpg,hibogi_ai_01886_png,HIBOGI_AI_01886_png_jpg.rf.a210149301342d9e6ba8b6b9192e98ce.jpg,,4,0,moderate,mild,0.57,0.3454,0.57005,0.0295,0.05505
crops/hibogi_ai_01914_png_0.jpg,hibogi_ai_01914_png,HIBOGI_AI_01914_png_jpg.rf.e3a46f59b7f6f3c4f96d6dc8823a43b2.jpg,,3,0,moderate,mild,0.4168,0.02832,0.41678,0.37097,0.18393
crops/hibogi_ai_01914_png_1.jpg,hibogi_ai_01914_png,HIBOGI_AI_01914_png_jpg.rf.e3a46f59b7f6f3c4f96d6dc8823a43b2.jpg,,3,0,moderate,advanced,0.7231,0.01003,0.04921,0.21765,0.72311
crops/hibogi_ai_01914_png_2.jpg,hibogi_ai_01914_png,HIBOGI_AI_01914_png_jpg.rf.e3a46f59b7f6f3c4f96d6dc8823a43b2.jpg,,2,0,mild,mild,0.6873,0.06524,0.68732,0.22139,0.02605
crops/hibogi_ai_01914_png_3.jpg,hibogi_ai_01914_png,HIBOGI_AI_01914_png_jpg.rf.e3a46f59b7f6f3c4f96d6dc8823a43b2.jpg,,1,0,mild,mild,0.507,0.20284,0.507,0.25956,0.0306
crops/hibogi_ai_01914_png_4.jpg,hibogi_ai_01914_png,HIBOGI_AI_01914_png_jpg.rf.e3a46f59b7f6f3c4f96d6dc8823a43b2.jpg,,2,0,mild,mild,0.6099,0.28731,0.60987,0.04633,0.05649
crops/hibogi_ai_01914_png_5.jpg,hibogi_ai_01914_png,HIBOGI_AI_01914_png_jpg.rf.e3a46f59b7f6f3c4f96d6dc8823a43b2.jpg,,0,0,no_caries,no_caries,0.6494,0.64935,0.07883,0.10206,0.16975
crops/hibogi_ai_01914_png_6.jpg,hibogi_ai_01914_png,HIBOGI_AI_01914_png_jpg.rf.e3a46f59b7f6f3c4f96d6dc8823a43b2.jpg,,2,0,mild,no_caries,0.4583,0.45831,0.42702,0.07424,0.04043
crops/hibogi_ai_01914_png_7.jpg,hibogi_ai_01914_png,HIBOGI_AI_01914_png_jpg.rf.e3a46f59b7f6f3c4f96d6dc8823a43b2.jpg,,0,0,no_caries,no_caries,0.5894,0.5894,0.21975,0.13316,0.05769
crops/hibogi_ai_01914_png_8.jpg,hibogi_ai_01914_png,HIBOGI_AI_01914_png_jpg.rf.e3a46f59b7f6f3c4f96d6dc8823a43b2.jpg,,0,0,no_caries,no_caries,0.6257,0.62572,0.2501,0.08743,0.03675
crops/hibogi_ai_01914_png_9.jpg,hibogi_ai_01914_png,HIBOGI_AI_01914_png_jpg.rf.e3a46f59b7f6f3c4f96d6dc8823a43b2.jpg,,0,0,no_caries,no_caries,0.6558,0.65584,0.22355,0.09037,0.03025
crops/hibogi_ai_01914_png_10.jpg,hibogi_ai_01914_png,HIBOGI_AI_01914_png_jpg.rf.e3a46f59b7f6f3c4f96d6dc8823a43b2.jpg,,0,0,no_caries,no_caries,0.6515,0.65153,0.2129,0.10484,0.03073
crops/hibogi_ai_02007_png_0.jpg,hibogi_ai_02007_png,HIBOGI_AI_02007_png_jpg.rf.d5c5f87984fc7295fe7f1ed4a673adbb.jpg,,1,0,mild,advanced,0.9852,0.00283,0.00574,0.00625,0.98518
crops/hibogi_ai_02007_png_1.jpg,hibogi_ai_02007_png,HIBOGI_AI_02007_png_jpg.rf.d5c5f87984fc7295fe7f1ed4a673adbb.jpg,,5,0,advanced,advanced,0.9841,0.00159,0.00343,0.01093,0.98405
crops/hibogi_ai_02007_png_2.jpg,hibogi_ai_02007_png,HIBOGI_AI_02007_png_jpg.rf.d5c5f87984fc7295fe7f1ed4a673adbb.jpg,,0,0,no_caries,no_caries,0.7563,0.7563,0.07397,0.12872,0.041
crops/hibogi_ai_02007_png_3.jpg,hibogi_ai_02007_png,HIBOGI_AI_02007_png_jpg.rf.d5c5f87984fc7295fe7f1ed4a673adbb.jpg,,0,0,no_caries,no_caries,0.8618,0.86178,0.02123,0.09666,0.02033
crops/hibogi_ai_02007_png_4.jpg,hibogi_ai_02007_png,HIBOGI_AI_02007_png_jpg.rf.d5c5f87984fc7295fe7f1ed4a673adbb.jpg,,0,0,no_caries,no_caries,0.8089,0.80887,0.02552,0.14124,0.02437
crops/hibogi_ai_02007_png_5.jpg,hibogi_ai_02007_png,HIBOGI_AI_02007_png_jpg.rf.d5c5f87984fc7295fe7f1ed4a673adbb.jpg,,0,0,no_caries,no_caries,0.6835,0.68352,0.07238,0.21175,0.03235
crops/hibogi_ai_02007_png_6.jpg,hibogi_ai_02007_png,HIBOGI_AI_02007_png_jpg.rf.d5c5f87984fc7295fe7f1ed4a673adbb.jpg,,0,0,no_caries,no_caries,0.7642,0.76417,0.10839,0.10517,0.02226
crops/hibogi_ai_02007_png_7.jpg,hibogi_ai_02007_png,HIBOGI_AI_02007_png_jpg.rf.d5c5f87984fc7295fe7f1ed4a673adbb.jpg,,5,0,advanced,advanced,0.9617,0.0011,0.00237,0.03484,0.96169
crops/hibogi_ai_02007_png_8.jpg,hibogi_ai_02007_png,HIBOGI_AI_02007_png_jpg.rf.d5c5f87984fc7295fe7f1ed4a673adbb.jpg,,0,0,no_caries,no_caries,0.9012,0.90123,0.03175,0.05117,0.01586
crops/hibogi_ai_02007_png_9.jpg,hibogi_ai_02007_png,HIBOGI_AI_02007_png_jpg.rf.d5c5f87984fc7295fe7f1ed4a673adbb.jpg,,0,0,no_caries,no_caries,0.9185,0.91848,0.02797,0.03786,0.01569
crops/hibogi_ai_02032_png_0.jpg,hibogi_ai_02032_png,HIBOGI_AI_02032_png_jpg.rf.5c67069791dc8bd9858e0b7ff1d18677.jpg,,3,0,moderate,advanced,0.9071,0.00578,0.0121,0.07502,0.90711
crops/hibogi_ai_02032_png_1.jpg,hibogi_ai_02032_png,HIBOGI_AI_02032_png_jpg.rf.5c67069791dc8bd9858e0b7ff1d18677.jpg,,3,0,moderate,moderate,0.6445,0.0179,0.15301,0.64445,0.18464
crops/hibogi_ai_02032_png_2.jpg,hibogi_ai_02032_png,HIBOGI_AI_02032_png_jpg.rf.5c67069791dc8bd9858e0b7ff1d18677.jpg,,0,0,no_caries,no_caries,0.828,0.828,0.07525,0.05065,0.0461
crops/hibogi_ai_02032_png_3.jpg,hibogi_ai_02032_png,HIBOGI_AI_02032_png_jpg.rf.5c67069791dc8bd9858e0b7ff1d18677.jpg,,0,0,no_caries,no_caries,0.8063,0.80626,0.11937,0.04101,0.03336
crops/hibogi_ai_02032_png_4.jpg,hibogi_ai_02032_png,HIBOGI_AI_02032_png_jpg.rf.5c67069791dc8bd9858e0b7ff1d18677.jpg,,0,0,no_caries,no_caries,0.7708,0.7708,0.13319,0.05718,0.03884
crops/hibogi_ai_02032_png_5.jpg,hibogi_ai_02032_png,HIBOGI_AI_02032_png_jpg.rf.5c67069791dc8bd9858e0b7ff1d18677.jpg,,0,0,no_caries,no_caries,0.5683,0.56835,0.30839,0.07993,0.04333
crops/hibogi_ai_02032_png_6.jpg,hibogi_ai_02032_png,HIBOGI_AI_02032_png_jpg.rf.5c67069791dc8bd9858e0b7ff1d18677.jpg,,3,0,moderate,moderate,0.686,0.04266,0.24,0.68605,0.03129
crops/hibogi_ai_02032_png_7.jpg,hibogi_ai_02032_png,HIBOGI_AI_02032_png_jpg.rf.5c67069791dc8bd9858e0b7ff1d18677.jpg,,3,0,moderate,advanced,0.8845,0.01549,0.0094,0.09063,0.88448
crops/hibogi_ai_02032_png_8.jpg,hibogi_ai_02032_png,HIBOGI_AI_02032_png_jpg.rf.5c67069791dc8bd9858e0b7ff1d18677.jpg,,0,0,no_caries,no_caries,0.7928,0.79281,0.02507,0.15723,0.02489
crops/hibogi_ai_02032_png_9.jpg,hibogi_ai_02032_png,HIBOGI_AI_02032_png_jpg.rf.5c67069791dc8bd9858e0b7ff1d18677.jpg,,0,0,no_caries,no_caries,0.8044,0.8044,0.03671,0.13144,0.02745
crops/hibogi_ai_02032_png_10.jpg,hibogi_ai_02032_png,HIBOGI_AI_02032_png_jpg.rf.5c67069791dc8bd9858e0b7ff1d18677.jpg,,0,0,no_caries,advanced,0.6334,0.02237,0.05612,0.28815,0.63337
crops/hibogi_ai_02032_png_11.jpg,hibogi_ai_02032_png,HIBOGI_AI_02032_png_jpg.rf.5c67069791dc8bd9858e0b7ff1d18677.jpg,,0,0,no_caries,no_caries,0.6573,0.65732,0.04974,0.12067,0.17227
crops/hibogi_ai_02032_png_12.jpg,hibogi_ai_02032_png,HIBOGI_AI_02032_png_jpg.rf.5c67069791dc8bd9858e0b7ff1d18677.jpg,,0,0,no_caries,no_caries,0.7382,0.7382,0.09498,0.08954,0.07728
crops/hibogi_ai_02032_png_14.jpg,hibogi_ai_02032_png,HIBOGI_AI_02032_png_jpg.rf.5c67069791dc8bd9858e0b7ff1d18677.jpg,,0,0,no_caries,no_caries,0.3895,0.38946,0.37103,0.08143,0.15809
crops/hibogi_ai_02032_png_15.jpg,hibogi_ai_02032_png,HIBOGI_AI_02032_png_jpg.rf.5c67069791dc8bd9858e0b7ff1d18677.jpg,,0,0,no_caries,no_caries,0.4326,0.43256,0.37287,0.07431,0.12026
crops/hibogi_ai_02032_png_16.jpg,hibogi_ai_02032_png,HIBOGI_AI_02032_png_jpg.rf.5c67069791dc8bd9858e0b7ff1d18677.jpg,,3,0,moderate,mild,0.3638,0.30161,0.36379,0.17652,0.15808
crops/hibogi_ai_02032_png_17.jpg,hibogi_ai_02032_png,HIBOGI_AI_02032_png_jpg.rf.5c67069791dc8bd9858e0b7ff1d18677.jpg,,3,0,moderate,no_caries,0.7759,0.77587,0.10852,0.08046,0.03514
crops/hibogi_ai_02032_png_18.jpg,hibogi_ai_02032_png,HIBOGI_AI_02032_png_jpg.rf.5c67069791dc8bd9858e0b7ff1d18677.jpg,,3,0,moderate,no_caries,0.4262,0.42622,0.29134,0.14536,0.13708
crops/hibogi_ai_02032_png_19.jpg,hibogi_ai_02032_png,HIBOGI_AI_02032_png_jpg.rf.5c67069791dc8bd9858e0b7ff1d18677.jpg,,3,0,moderate,no_caries,0.4469,0.44693,0.23687,0.17032,0.14588
crops/hibogi_ai_02032_png_20.jpg,hibogi_ai_02032_png,HIBOGI_AI_02032_png_jpg.rf.5c67069791dc8bd9858e0b7ff1d18677.jpg,,3,0,moderate,no_caries,0.6595,0.65946,0.17453,0.10487,0.06114
crops/hibogi_ai_02032_png_21.jpg,hibogi_ai_02032_png,HIBOGI_AI_02032_png_jpg.rf.5c67069791dc8bd9858e0b7ff1d18677.jpg,,3,0,moderate,advanced,0.3472,0.26228,0.14783,0.24264,0.34725
crops/hibogi_ai_02046_png_0.jpg,hibogi_ai_02046_png,HIBOGI_AI_02046_png_jpg.rf.3d317f12a083370afe7ee3a6f64df670.jpg,,0,0,no_caries,no_caries,0.478,0.47795,0.37755,0.11255,0.03194
crops/hibogi_ai_02046_png_1.jpg,hibogi_ai_02046_png,HIBOGI_AI_02046_png_jpg.rf.3d317f12a083370afe7ee3a6f64df670.jpg,,4,0,moderate,mild,0.7239,0.18298,0.72395,0.05024,0.04283
crops/hibogi_ai_02046_png_2.jpg,hibogi_ai_02046_png,HIBOGI_AI_02046_png_jpg.rf.3d317f12a083370afe7ee3a6f64df670.jpg,,0,0,no_caries,no_caries,0.7294,0.72943,0.13528,0.08083,0.05446
crops/hibogi_ai_02046_png_3.jpg,hibogi_ai_02046_png,HIBOGI_AI_02046_png_jpg.rf.3d317f12a083370afe7ee3a6f64df670.jpg,,0,0,no_caries,no_caries,0.5293,0.52928,0.38302,0.0685,0.01921
crops/hibogi_ai_02046_png_4.jpg,hibogi_ai_02046_png,HIBOGI_AI_02046_png_jpg.rf.3d317f12a083370afe7ee3a6f64df670.jpg,,0,0,no_caries,mild,0.6526,0.26566,0.65256,0.05747,0.02431
crops/hibogi_ai_02046_png_5.jpg,hibogi_ai_02046_png,HIBOGI_AI_02046_png_jpg.rf.3d317f12a083370afe7ee3a6f64df670.jpg,,0,0,no_caries,mild,0.5583,0.34886,0.55829,0.06018,0.03268
crops/hibogi_ai_02046_png_6.jpg,hibogi_ai_02046_png,HIBOGI_AI_02046_png_jpg.rf.3d317f12a083370afe7ee3a6f64df670.jpg,,3,0,moderate,no_caries,0.4549,0.45495,0.39654,0.08971,0.0588
crops/hibogi_ai_02046_png_7.jpg,hibogi_ai_02046_png,HIBOGI_AI_02046_png_jpg.rf.3d317f12a083370afe7ee3a6f64df670.jpg,,0,0,no_caries,no_caries,0.7924,0.79241,0.13149,0.04768,0.02842
crops/hibogi_ai_02046_png_8.jpg,hibogi_ai_02046_png,HIBOGI_AI_02046_png_jpg.rf.3d317f12a083370afe7ee3a6f64df670.jpg,,0,0,no_caries,no_caries,0.8315,0.83154,0.09289,0.03766,0.0379
crops/hibogi_ai_02046_png_9.jpg,hibogi_ai_02046_png,HIBOGI_AI_02046_png_jpg.rf.3d317f12a083370afe7ee3a6f64df670.jpg,,0,0,no_caries,mild,0.4804,0.33071,0.48043,0.10976,0.0791
crops/hibogi_ai_02046_png_10.jpg,hibogi_ai_02046_png,HIBOGI_AI_02046_png_jpg.rf.3d317f12a083370afe7ee3a6f64df670.jpg,,0,0,no_caries,no_caries,0.5507,0.55067,0.31291,0.09179,0.04463
crops/hibogi_ai_02046_png_11.jpg,hibogi_ai_02046_png,HIBOGI_AI_02046_png_jpg.rf.3d317f12a083370afe7ee3a6f64df670.jpg,,0,0,no_caries,no_caries,0.9388,0.93879,0.01701,0.02828,0.01591
crops/hibogi_ai_02046_png_12.jpg,hibogi_ai_02046_png,HIBOGI_AI_02046_png_jpg.rf.3d317f12a083370afe7ee3a6f64df670.jpg,,0,0,no_caries,no_caries,0.702,0.70202,0.10151,0.06269,0.13378
crops/hibogi_ai_02067_png_0.jpg,hibogi_ai_02067_png,HIBOGI_AI_02067_png_jpg.rf.836754ef34b5acc48d5cf4bc15a62388.jpg,,0,0,no_caries,no_caries,0.641,0.64102,0.08278,0.23199,0.04421
crops/hibogi_ai_02067_png_1.jpg,hibogi_ai_02067_png,HIBOGI_AI_02067_png_jpg.rf.836754ef34b5acc48d5cf4bc15a62388.jpg,,0,0,no_caries,no_caries,0.6164,0.6164,0.19814,0.12986,0.0556
crops/hibogi_ai_02067_png_2.jpg,hibogi_ai_02067_png,HIBOGI_AI_02067_png_jpg.rf.836754ef34b5acc48d5cf4bc15a62388.jpg,,0,0,no_caries,no_caries,0.8028,0.80279,0.11192,0.06278,0.0225
crops/hibogi_ai_02067_png_3.jpg,hibogi_ai_02067_png,HIBOGI_AI_02067_png_jpg.rf.836754ef34b5acc48d5cf4bc15a62388.jpg,,0,0,no_caries,no_caries,0.8089,0.8089,0.0877,0.07619,0.02722
crops/hibogi_ai_02067_png_4.jpg,hibogi_ai_02067_png,HIBOGI_AI_02067_png_jpg.rf.836754ef34b5acc48d5cf4bc15a62388.jpg,,0,0,no_caries,no_caries,0.7069,0.70688,0.14031,0.11886,0.03395
crops/hibogi_ai_02067_png_5.jpg,hibogi_ai_02067_png,HIBOGI_AI_02067_png_jpg.rf.836754ef34b5acc48d5cf4bc15a62388.jpg,,0,0,no_caries,no_caries,0.673,0.67297,0.13144,0.1561,0.03949
crops/hibogi_ai_02067_png_6.jpg,hibogi_ai_02067_png,HIBOGI_AI_02067_png_jpg.rf.836754ef34b5acc48d5cf4bc15a62388.jpg,,0,0,no_caries,no_caries,0.7708,0.77081,0.10112,0.09044,0.03763
crops/hibogi_ai_02067_png_7.jpg,hibogi_ai_02067_png,HIBOGI_AI_02067_png_jpg.rf.836754ef34b5acc48d5cf4bc15a62388.jpg,,0,0,no_caries,no_caries,0.6494,0.64939,0.26441,0.05118,0.03503
crops/hibogi_ai_02067_png_8.jpg,hibogi_ai_02067_png,HIBOGI_AI_02067_png_jpg.rf.836754ef34b5acc48d5cf4bc15a62388.jpg,,0,0,no_caries,no_caries,0.527,0.52704,0.35396,0.06762,0.05139
crops/hibogi_ai_02067_png_9.jpg,hibogi_ai_02067_png,HIBOGI_AI_02067_png_jpg.rf.836754ef34b5acc48d5cf4bc15a62388.jpg,,0,0,no_caries,mild,0.6919,0.23645,0.69195,0.03456,0.03704
crops/hibogi_ai_02067_png_10.jpg,hibogi_ai_02067_png,HIBOGI_AI_02067_png_jpg.rf.836754ef34b5acc48d5cf4bc15a62388.jpg,,0,0,no_caries,no_caries,0.6438,0.64383,0.24131,0.07292,0.04194
crops/hibogi_ai_02067_png_11.jpg,hibogi_ai_02067_png,HIBOGI_AI_02067_png_jpg.rf.836754ef34b5acc48d5cf4bc15a62388.jpg,,0,0,no_caries,no_caries,0.659,0.65897,0.10439,0.1891,0.04754
crops/hibogi_ai_02067_png_12.jpg,hibogi_ai_02067_png,HIBOGI_AI_02067_png_jpg.rf.836754ef34b5acc48d5cf4bc15a62388.jpg,,0,0,no_caries,no_caries,0.5032,0.50318,0.0772,0.25744,0.16218
crops/hibogi_ai_02069_png_0.jpg,hibogi_ai_02069_png,HIBOGI_AI_02069_png_jpg.rf.815b0c3f1a4c59c2f2fa6662c65983df.jpg,,0,0,no_caries,no_caries,0.4833,0.48335,0.2984,0.1267,0.09156
crops/hibogi_ai_02069_png_1.jpg,hibogi_ai_02069_png,HIBOGI_AI_02069_png_jpg.rf.815b0c3f1a4c59c2f2fa6662c65983df.jpg,,0,0,no_caries,no_caries,0.6063,0.60631,0.30964,0.06068,0.02337
crops/hibogi_ai_02069_png_2.jpg,hibogi_ai_02069_png,HIBOGI_AI_02069_png_jpg.rf.815b0c3f1a4c59c2f2fa6662c65983df.jpg,,0,0,no_caries,no_caries,0.7908,0.79081,0.10706,0.079,0.02313
crops/hibogi_ai_02069_png_3.jpg,hibogi_ai_02069_png,HIBOGI_AI_02069_png_jpg.rf.815b0c3f1a4c59c2f2fa6662c65983df.jpg,,0,0,no_caries,no_caries,0.752,0.75197,0.17579,0.03769,0.03454
crops/hibogi_ai_02069_png_4.jpg,hibogi_ai_02069_png,HIBOGI_AI_02069_png_jpg.rf.815b0c3f1a4c59c2f2fa6662c65983df.jpg,,0,0,no_caries,no_caries,0.4746,0.4746,0.18052,0.17179,0.17309
crops/hibogi_ai_02069_png_5.jpg,hibogi_ai_02069_png,HIBOGI_AI_02069_png_jpg.rf.815b0c3f1a4c59c2f2fa6662c65983df.jpg,,0,0,no_caries,no_caries,0.5865,0.58648,0.2267,0.12027,0.06654
crops/hibogi_ai_02069_png_6.jpg,hibogi_ai_02069_png,HIBOGI_AI_02069_png_jpg.rf.815b0c3f1a4c59c2f2fa6662c65983df.jpg,,0,0,no_caries,no_caries,0.8562,0.85625,0.05316,0.06199,0.0286
crops/hibogi_ai_02069_png_7.jpg,hibogi_ai_02069_png,HIBOGI_AI_02069_png_jpg.rf.815b0c3f1a4c59c2f2fa6662c65983df.jpg,,0,0,no_caries,no_caries,0.7242,0.72422,0.18829,0.04794,0.03955
crops/hibogi_ai_02069_png_8.jpg,hibogi_ai_02069_png,HIBOGI_AI_02069_png_jpg.rf.815b0c3f1a4c59c2f2fa6662c65983df.jpg,,1,0,mild,no_caries,0.7634,0.7634,0.17064,0.04457,0.0214
crops/hibogi_ai_02069_png_9.jpg,hibogi_ai_02069_png,HIBOGI_AI_02069_png_jpg.rf.815b0c3f1a4c59c2f2fa6662c65983df.jpg,,0,0,no_caries,no_caries,0.692,0.69198,0.18987,0.08923,0.02892
crops/hibogi_ai_02069_png_10.jpg,hibogi_ai_02069_png,HIBOGI_AI_02069_png_jpg.rf.815b0c3f1a4c59c2f2fa6662c65983df.jpg,,0,0,no_caries,no_caries,0.743,0.743,0.11502,0.10769,0.03429
crops/hibogi_ai_02069_png_11.jpg,hibogi_ai_02069_png,HIBOGI_AI_02069_png_jpg.rf.815b0c3f1a4c59c2f2fa6662c65983df.jpg,,0,0,no_caries,no_caries,0.7266,0.72655,0.15632,0.09646,0.02067
crops/hibogi_ai_02075_png_0.jpg,hibogi_ai_02075_png,HIBOGI_AI_02075_png_jpg.rf.062b0e3a5e38062d6d3f165ab6a20790.jpg,,6,0,advanced,advanced,0.9606,0.00331,0.01965,0.01642,0.96061
crops/hibogi_ai_02075_png_1.jpg,hibogi_ai_02075_png,HIBOGI_AI_02075_png_jpg.rf.062b0e3a5e38062d6d3f165ab6a20790.jpg,,0,0,no_caries,mild,0.5713,0.285,0.57126,0.05569,0.08805
crops/hibogi_ai_02075_png_2.jpg,hibogi_ai_02075_png,HIBOGI_AI_02075_png_jpg.rf.062b0e3a5e38062d6d3f165ab6a20790.jpg,,0,0,no_caries,mild,0.5059,0.3842,0.50588,0.06172,0.04819
crops/hibogi_ai_02075_png_3.jpg,hibogi_ai_02075_png,HIBOGI_AI_02075_png_jpg.rf.062b0e3a5e38062d6d3f165ab6a20790.jpg,,0,0,no_caries,no_caries,0.3725,0.37254,0.36366,0.06236,0.20143
crops/hibogi_ai_02075_png_4.jpg,hibogi_ai_02075_png,HIBOGI_AI_02075_png_jpg.rf.062b0e3a5e38062d6d3f165ab6a20790.jpg,,5,0,advanced,advanced,0.8395,0.03988,0.07441,0.0462,0.83952
crops/hibogi_ai_02075_png_5.jpg,hibogi_ai_02075_png,HIBOGI_AI_02075_png_jpg.rf.062b0e3a5e38062d6d3f165ab6a20790.jpg,,1,0,mild,advanced,0.5851,0.07434,0.28522,0.05536,0.58508
crops/hibogi_ai_02075_png_6.jpg,hibogi_ai_02075_png,HIBOGI_AI_02075_png_jpg.rf.062b0e3a5e38062d6d3f165ab6a20790.jpg,,0,0,no_caries,mild,0.6608,0.13591,0.6608,0.04797,0.15533
crops/hibogi_ai_02075_png_7.jpg,hibogi_ai_02075_png,HIBOGI_AI_02075_png_jpg.rf.062b0e3a5e38062d6d3f165ab6a20790.jpg,,0,0,no_caries,no_caries,0.822,0.82195,0.1277,0.03226,0.01809
crops/hibogi_ai_02075_png_8.jpg,hibogi_ai_02075_png,HIBOGI_AI_02075_png_jpg.rf.062b0e3a5e38062d6d3f165ab6a20790.jpg,,0,0,no_caries,no_caries,0.912,0.91199,0.01927,0.04474,0.02401
crops/hibogi_ai_02075_png_9.jpg,hibogi_ai_02075_png,HIBOGI_AI_02075_png_jpg.rf.062b0e3a5e38062d6d3f165ab6a20790.jpg,,0,0,no_caries,no_caries,0.9156,0.91557,0.02779,0.03196,0.02468
crops/hibogi_ai_02075_png_10.jpg,hibogi_ai_02075_png,HIBOGI_AI_02075_png_jpg.rf.062b0e3a5e38062d6d3f165ab6a20790.jpg,,0,0,no_caries,no_caries,0.9191,0.91912,0.0188,0.04486,0.01721
crops/hibogi_ai_02075_png_11.jpg,hibogi_ai_02075_png,HIBOGI_AI_02075_png_jpg.rf.062b0e3a5e38062d6d3f165ab6a20790.jpg,,0,0,no_caries,no_caries,0.8197,0.81971,0.0488,0.10065,0.03083
crops/hibogi_ai_02075_png_12.jpg,hibogi_ai_02075_png,HIBOGI_AI_02075_png_jpg.rf.062b0e3a5e38062d6d3f165ab6a20790.jpg,,2,0,mild,advanced,0.7343,0.01323,0.18298,0.06947,0.73432
crops/hibogi_ai_02075_png_13.jpg,hibogi_ai_02075_png,HIBOGI_AI_02075_png_jpg.rf.062b0e3a5e38062d6d3f165ab6a20790.jpg,,2,0,mild,no_caries,0.4238,0.4238,0.39344,0.08396,0.0988
crops/hibogi_ai_02075_png_14.jpg,hibogi_ai_02075_png,HIBOGI_AI_02075_png_jpg.rf.062b0e3a5e38062d6d3f165ab6a20790.jpg,,4,0,moderate,moderate,0.3833,0.07361,0.28756,0.38327,0.25557
crops/hibogi_ai_02083_png_0.jpg,hibogi_ai_02083_png,HIBOGI_AI_02083_png_jpg.rf.0c2b35a757a37d06f52f95066e357d88.jpg,,0,0,no_caries,no_caries,0.7291,0.72905,0.12351,0.12358,0.02385
crops/hibogi_ai_02083_png_1.jpg,hibogi_ai_02083_png,HIBOGI_AI_02083_png_jpg.rf.0c2b35a757a37d06f52f95066e357d88.jpg,,0,0,no_caries,no_caries,0.586,0.58604,0.14477,0.18571,0.08348
crops/hibogi_ai_02083_png_2.jpg,hibogi_ai_02083_png,HIBOGI_AI_02083_png_jpg.rf.0c2b35a757a37d06f52f95066e357d88.jpg,,0,0,no_caries,no_caries,0.6693,0.66932,0.06883,0.21064,0.0512
crops/hibogi_ai_02083_png_3.jpg,hibogi_ai_02083_png,HIBOGI_AI_02083_png_jpg.rf.0c2b35a757a37d06f52f95066e357d88.jpg,,5,0,advanced,advanced,0.4958,0.18591,0.08926,0.22906,0.49577
crops/hibogi_ai_02083_png_4.jpg,hibogi_ai_02083_png,HIBOGI_AI_02083_png_jpg.rf.0c2b35a757a37d06f52f95066e357d88.jpg,,5,0,advanced,advanced,0.4533,0.35336,0.04877,0.14456,0.45332
crops/hibogi_ai_02083_png_5.jpg,hibogi_ai_02083_png,HIBOGI_AI_02083_png_jpg.rf.0c2b35a757a37d06f52f95066e357d88.jpg,,0,0,no_caries,no_caries,0.7661,0.76607,0.08056,0.11956,0.03381
crops/hibogi_ai_02083_png_6.jpg,hibogi_ai_02083_png,HIBOGI_AI_02083_png_jpg.rf.0c2b35a757a37d06f52f95066e357d88.jpg,,0,0,no_caries,no_caries,0.6381,0.63812,0.17911,0.12502,0.05775
crops/hibogi_ai_02083_png_7.jpg,hibogi_ai_02083_png,HIBOGI_AI_02083_png_jpg.rf.0c2b35a757a37d06f52f95066e357d88.jpg,,0,0,no_caries,no_caries,0.7878,0.78781,0.10202,0.06871,0.04146
crops/hibogi_ai_02083_png_8.jpg,hibogi_ai_02083_png,HIBOGI_AI_02083_png_jpg.rf.0c2b35a757a37d06f52f95066e357d88.jpg,,0,0,no_caries,no_caries,0.7509,0.75094,0.1395,0.0682,0.04136
crops/hibogi_ai_02083_png_9.jpg,hibogi_ai_02083_png,HIBOGI_AI_02083_png_jpg.rf.0c2b35a757a37d06f52f95066e357d88.jpg,,0,0,no_caries,no_caries,0.7007,0.70072,0.18333,0.06686,0.04909
crops/hibogi_ai_02083_png_10.jpg,hibogi_ai_02083_png,HIBOGI_AI_02083_png_jpg.rf.0c2b35a757a37d06f52f95066e357d88.jpg,,0,0,no_caries,no_caries,0.7764,0.77644,0.08677,0.11283,0.02397
crops/hibogi_ai_02083_png_11.jpg,hibogi_ai_02083_png,HIBOGI_AI_02083_png_jpg.rf.0c2b35a757a37d06f52f95066e357d88.jpg,,0,0,no_caries,no_caries,0.7666,0.76657,0.12681,0.08588,0.02075
crops/hibogi_ai_02083_png_12.jpg,hibogi_ai_02083_png,HIBOGI_AI_02083_png_jpg.rf.0c2b35a757a37d06f52f95066e357d88.jpg,,0,0,no_caries,no_caries,0.8693,0.86928,0.04917,0.06091,0.02064
crops/hibogi_ai_02083_png_13.jpg,hibogi_ai_02083_png,HIBOGI_AI_02083_png_jpg.rf.0c2b35a757a37d06f52f95066e357d88.jpg,,0,0,no_caries,no_caries,0.6636,0.66355,0.19261,0.04914,0.0947
crops/hibogi_ai_02083_png_14.jpg,hibogi_ai_02083_png,HIBOGI_AI_02083_png_jpg.rf.0c2b35a757a37d06f52f95066e357d88.jpg,,2,0,mild,no_caries,0.3539,0.35389,0.2111,0.14441,0.2906
crops/hibogi_ai_02083_png_15.jpg,hibogi_ai_02083_png,HIBOGI_AI_02083_png_jpg.rf.0c2b35a757a37d06f52f95066e357d88.jpg,,2,0,mild,no_caries,0.4511,0.45106,0.26891,0.09469,0.18534
crops/hibogi_ai_02085_png_0.jpg,hibogi_ai_02085_png,HIBOGI_AI_02085_png_jpg.rf.dea73c6040526028f777e7ae6f782b98.jpg,,0,0,no_caries,no_caries,0.5594,0.55937,0.14393,0.23939,0.05732
crops/hibogi_ai_02085_png_1.jpg,hibogi_ai_02085_png,HIBOGI_AI_02085_png_jpg.rf.dea73c6040526028f777e7ae6f782b98.jpg,,0,0,no_caries,no_caries,0.5703,0.57025,0.26955,0.10952,0.05068
crops/hibogi_ai_02085_png_2.jpg,hibogi_ai_02085_png,HIBOGI_AI_02085_png_jpg.rf.dea73c6040526028f777e7ae6f782b98.jpg,,0,0,no_caries,no_caries,0.6542,0.65416,0.1786,0.11241,0.05483
crops/hibogi_ai_02085_png_3.jpg,hibogi_ai_02085_png,HIBOGI_AI_02085_png_jpg.rf.dea73c6040526028f777e7ae6f782b98.jpg,,0,0,no_caries,mild,0.4369,0.39735,0.43693,0.12732,0.0384
crops/hibogi_ai_02085_png_4.jpg,hibogi_ai_02085_png,HIBOGI_AI_02085_png_jpg.rf.dea73c6040526028f777e7ae6f782b98.jpg,,0,0,no_caries,mild,0.4759,0.29919,0.47587,0.12313,0.10181
crops/hibogi_ai_02085_png_5.jpg,hibogi_ai_02085_png,HIBOGI_AI_02085_png_jpg.rf.dea73c6040526028f777e7ae6f782b98.jpg,,0,0,no_caries,mild,0.444,0.03091,0.44401,0.24467,0.28041
crops/hibogi_ai_02085_png_6.jpg,hibogi_ai_02085_png,HIBOGI_AI_02085_png_jpg.rf.dea73c6040526028f777e7ae6f782b98.jpg,,0,0,no_caries,mild,0.5964,0.29818,0.59638,0.06186,0.04358
crops/hibogi_ai_02085_png_7.jpg,hibogi_ai_02085_png,HIBOGI_AI_02085_png_jpg.rf.dea73c6040526028f777e7ae6f782b98.jpg,,0,0,no_caries,mild,0.561,0.34219,0.56103,0.05255,0.04423
crops/hibogi_ai_02085_png_8.jpg,hibogi_ai_02085_png,HIBOGI_AI_02085_png_jpg.rf.dea73c6040526028f777e7ae6f782b98.jpg,,0,0,no_caries,no_caries,0.4522,0.45218,0.45081,0.06178,0.03523
crops/hibogi_ai_02085_png_9.jpg,hibogi_ai_02085_png,HIBOGI_AI_02085_png_jpg.rf.dea73c6040526028f777e7ae6f782b98.jpg,,1,0,mild,no_caries,0.4107,0.41066,0.39985,0.09925,0.09024
crops/hibogi_ai_02085_png_10.jpg,hibogi_ai_02085_png,HIBOGI_AI_02085_png_jpg.rf.dea73c6040526028f777e7ae6f782b98.jpg,,1,0,mild,no_caries,0.615,0.615,0.24576,0.10912,0.03012
crops/hibogi_ai_02144_png_0.jpg,hibogi_ai_02144_png,HIBOGI_AI_02144_png_jpg.rf.9ba579e25350e8fa6e23f35309904cba.jpg,,0,0,no_caries,no_caries,0.6432,0.64324,0.14681,0.15852,0.05142
crops/hibogi_ai_02144_png_1.jpg,hibogi_ai_02144_png,HIBOGI_AI_02144_png_jpg.rf.9ba579e25350e8fa6e23f35309904cba.jpg,,0,0,no_caries,no_caries,0.5664,0.56638,0.27399,0.09741,0.06221
crops/hibogi_ai_02144_png_2.jpg,hibogi_ai_02144_png,HIBOGI_AI_02144_png_jpg.rf.9ba579e25350e8fa6e23f35309904cba.jpg,,0,0,no_caries,no_caries,0.7255,0.72548,0.17352,0.05392,0.04708
crops/hibogi_ai_02144_png_3.jpg,hibogi_ai_02144_png,HIBOGI_AI_02144_png_jpg.rf.9ba579e25350e8fa6e23f35309904cba.jpg,,0,0,no_caries,no_caries,0.6789,0.67894,0.20372,0.05231,0.06503
crops/hibogi_ai_02144_png_4.jpg,hibogi_ai_02144_png,HIBOGI_AI_02144_png_jpg.rf.9ba579e25350e8fa6e23f35309904cba.jpg,,0,0,no_caries,no_caries,0.5446,0.54457,0.34521,0.06494,0.04528
crops/hibogi_ai_02144_png_5.jpg,hibogi_ai_02144_png,HIBOGI_AI_02144_png_jpg.rf.9ba579e25350e8fa6e23f35309904cba.jpg,,0,0,no_caries,no_caries,0.3904,0.3904,0.3823,0.18908,0.03821
crops/hibogi_ai_02144_png_6.jpg,hibogi_ai_02144_png,HIBOGI_AI_02144_png_jpg.rf.9ba579e25350e8fa6e23f35309904cba.jpg,,0,0,no_caries,no_caries,0.5632,0.56322,0.19258,0.09768,0.14652
crops/hibogi_ai_02144_png_7.jpg,hibogi_ai_02144_png,HIBOGI_AI_02144_png_jpg.rf.9ba579e25350e8fa6e23f35309904cba.jpg,,0,0,no_caries,no_caries,0.7595,0.75953,0.13393,0.02746,0.07908
crops/hibogi_ai_02144_png_8.jpg,hibogi_ai_02144_png,HIBOGI_AI_02144_png_jpg.rf.9ba579e25350e8fa6e23f35309904cba.jpg,,0,0,no_caries,no_caries,0.7561,0.75613,0.14604,0.04669,0.05114
crops/hibogi_ai_02144_png_9.jpg,hibogi_ai_02144_png,HIBOGI_AI_02144_png_jpg.rf.9ba579e25350e8fa6e23f35309904cba.jpg,,0,0,no_caries,no_caries,0.7754,0.77541,0.13859,0.04539,0.04062
crops/hibogi_ai_02144_png_10.jpg,hibogi_ai_02144_png,HIBOGI_AI_02144_png_jpg.rf.9ba579e25350e8fa6e23f35309904cba.jpg,,0,0,no_caries,no_caries,0.8575,0.85755,0.0649,0.04425,0.0333
crops/hibogi_ai_02144_png_11.jpg,hibogi_ai_02144_png,HIBOGI_AI_02144_png_jpg.rf.9ba579e25350e8fa6e23f35309904cba.jpg,,0,0,no_caries,no_caries,0.735,0.73496,0.20002,0.0418,0.02323
crops/hibogi_ai_02144_png_12.jpg,hibogi_ai_02144_png,HIBOGI_AI_02144_png_jpg.rf.9ba579e25350e8fa6e23f35309904cba.jpg,,0,0,no_caries,no_caries,0.7076,0.70756,0.20542,0.05403,0.03299
crops/hibogi_ai_02144_png_13.jpg,hibogi_ai_02144_png,HIBOGI_AI_02144_png_jpg.rf.9ba579e25350e8fa6e23f35309904cba.jpg,,0,0,no_caries,no_caries,0.5272,0.52721,0.30059,0.1021,0.0701
crops/hibogi_ai_02144_png_14.jpg,hibogi_ai_02144_png,HIBOGI_AI_02144_png_jpg.rf.9ba579e25350e8fa6e23f35309904cba.jpg,,0,0,no_caries,no_caries,0.6401,0.64007,0.11734,0.04411,0.19848
crops/hibogi_ai_02144_png_15.jpg,hibogi_ai_02144_png,HIBOGI_AI_02144_png_jpg.rf.9ba579e25350e8fa6e23f35309904cba.jpg,,0,0,no_caries,no_caries,0.6609,0.66095,0.17335,0.13309,0.03261
crops/hibogi_ai_02150_png_0.jpg,hibogi_ai_02150_png,HIBOGI_AI_02150_png_jpg.rf.01794b7b76993df8606242b504df4eb3.jpg,,0,0,no_caries,no_caries,0.6034,0.60336,0.1615,0.13589,0.09924
crops/hibogi_ai_02150_png_1.jpg,hibogi_ai_02150_png,HIBOGI_AI_02150_png_jpg.rf.01794b7b76993df8606242b504df4eb3.jpg,,5,0,advanced,advanced,0.9071,0.03922,0.02317,0.03051,0.9071
crops/hibogi_ai_02150_png_2.jpg,hibogi_ai_02150_png,HIBOGI_AI_02150_png_jpg.rf.01794b7b76993df8606242b504df4eb3.jpg,,0,0,no_caries,no_caries,0.6617,0.66167,0.18612,0.11027,0.04194
crops/hibogi_ai_02150_png_3.jpg,hibogi_ai_02150_png,HIBOGI_AI_02150_png_jpg.rf.01794b7b76993df8606242b504df4eb3.jpg,,0,0,no_caries,no_caries,0.5329,0.53294,0.29663,0.12575,0.04468
crops/hibogi_ai_02150_png_4.jpg,hibogi_ai_02150_png,HIBOGI_AI_02150_png_jpg.rf.01794b7b76993df8606242b504df4eb3.jpg,,0,0,no_caries,no_caries,0.6848,0.68479,0.17768,0.10983,0.02771
crops/hibogi_ai_02150_png_5.jpg,hibogi_ai_02150_png,HIBOGI_AI_02150_png_jpg.rf.01794b7b76993df8606242b504df4eb3.jpg,,0,0,no_caries,no_caries,0.839,0.839,0.04591,0.0859,0.0292
crops/hibogi_ai_02150_png_6.jpg,hibogi_ai_02150_png,HIBOGI_AI_02150_png_jpg.rf.01794b7b76993df8606242b504df4eb3.jpg,,0,0,no_caries,mild,0.5369,0.35795,0.5369,0.03739,0.06776
crops/hibogi_ai_02150_png_7.jpg,hibogi_ai_02150_png,HIBOGI_AI_02150_png_jpg.rf.01794b7b76993df8606242b504df4eb3.jpg,,0,0,no_caries,moderate,0.3234,0.31804,0.15682,0.32341,0.20173
crops/hibogi_ai_02150_png_8.jpg,hibogi_ai_02150_png,HIBOGI_AI_02150_png_jpg.rf.01794b7b76993df8606242b504df4eb3.jpg,,0,0,no_caries,no_caries,0.7261,0.72606,0.10781,0.12125,0.04488
crops/hibogi_ai_02150_png_9.jpg,hibogi_ai_02150_png,HIBOGI_AI_02150_png_jpg.rf.01794b7b76993df8606242b504df4eb3.jpg,,0,0,no_caries,no_caries,0.8169,0.81687,0.11819,0.02914,0.0358
crops/hibogi_ai_02150_png_10.jpg,hibogi_ai_02150_png,HIBOGI_AI_02150_png_jpg.rf.01794b7b76993df8606242b504df4eb3.jpg,,0,0,no_caries,no_caries,0.8828,0.88278,0.05334,0.02703,0.03685
crops/hibogi_ai_02150_png_11.jpg,hibogi_ai_02150_png,HIBOGI_AI_02150_png_jpg.rf.01794b7b76993df8606242b504df4eb3.jpg,,0,0,no_caries,no_caries,0.8431,0.84307,0.08598,0.04978,0.02117
crops/hibogi_ai_02150_png_12.jpg,hibogi_ai_02150_png,HIBOGI_AI_02150_png_jpg.rf.01794b7b76993df8606242b504df4eb3.jpg,,0,0,no_caries,no_caries,0.7147,0.71466,0.17385,0.06478,0.04671
crops/hibogi_ai_02150_png_13.jpg,hibogi_ai_02150_png,HIBOGI_AI_02150_png_jpg.rf.01794b7b76993df8606242b504df4eb3.jpg,,0,0,no_caries,no_caries,0.7779,0.77789,0.14039,0.0509,0.03082
crops/hibogi_ai_02150_png_14.jpg,hibogi_ai_02150_png,HIBOGI_AI_02150_png_jpg.rf.01794b7b76993df8606242b504df4eb3.jpg,,0,0,no_caries,no_caries,0.7553,0.75534,0.12268,0.06036,0.06162
crops/hibogi_ai_02150_png_15.jpg,hibogi_ai_02150_png,HIBOGI_AI_02150_png_jpg.rf.01794b7b76993df8606242b504df4eb3.jpg,,3,0,moderate,no_caries,0.4353,0.43534,0.32014,0.16034,0.08417
crops/hibogi_ai_02168_png_0.jpg,hibogi_ai_02168_png,HIBOGI_AI_02168_png_jpg.rf.d21cffe084c6cd7ee9ac4f13ce3b7b05.jpg,,0,0,no_caries,no_caries,0.6787,0.67867,0.12615,0.11709,0.07809
crops/hibogi_ai_02168_png_1.jpg,hibogi_ai_02168_png,HIBOGI_AI_02168_png_jpg.rf.d21cffe084c6cd7ee9ac4f13ce3b7b05.jpg,,0,0,no_caries,no_caries,0.7035,0.70347,0.19782,0.0506,0.04811
crops/hibogi_ai_02168_png_2.jpg,hibogi_ai_02168_png,HIBOGI_AI_02168_png_jpg.rf.d21cffe084c6cd7ee9ac4f13ce3b7b05.jpg,,0,0,no_caries,mild,0.738,0.13305,0.738,0.05706,0.07189
crops/hibogi_ai_02168_png_3.jpg,hibogi_ai_02168_png,HIBOGI_AI_02168_png_jpg.rf.d21cffe084c6cd7ee9ac4f13ce3b7b05.jpg,,0,0,no_caries,no_caries,0.73,0.73002,0.13119,0.09318,0.04562
crops/hibogi_ai_02168_png_4.jpg,hibogi_ai_02168_png,HIBOGI_AI_02168_png_jpg.rf.d21cffe084c6cd7ee9ac4f13ce3b7b05.jpg,,0,0,no_caries,no_caries,0.725,0.72496,0.14643,0.08838,0.04023
crops/hibogi_ai_02168_png_5.jpg,hibogi_ai_02168_png,HIBOGI_AI_02168_png_jpg.rf.d21cffe084c6cd7ee9ac4f13ce3b7b05.jpg,,0,0,no_caries,no_caries,0.7525,0.75253,0.11511,0.09766,0.0347
crops/hibogi_ai_02168_png_6.jpg,hibogi_ai_02168_png,HIBOGI_AI_02168_png_jpg.rf.d21cffe084c6cd7ee9ac4f13ce3b7b05.jpg,,0,0,no_caries,no_caries,0.6353,0.63525,0.19059,0.13948,0.03468
crops/hibogi_ai_02168_png_7.jpg,hibogi_ai_02168_png,HIBOGI_AI_02168_png_jpg.rf.d21cffe084c6cd7ee9ac4f13ce3b7b05.jpg,,0,0,no_caries,no_caries,0.7372,0.73719,0.17275,0.06322,0.02683
crops/hibogi_ai_02168_png_8.jpg,hibogi_ai_02168_png,HIBOGI_AI_02168_png_jpg.rf.d21cffe084c6cd7ee9ac4f13ce3b7b05.jpg,,0,0,no_caries,no_caries,0.6508,0.65084,0.19796,0.12647,0.02473
crops/hibogi_ai_02175_png_0.jpg,hibogi_ai_02175_png,HIBOGI_AI_02175_png_jpg.rf.23e2a42ba99eef2408aba438a8d02e60.jpg,,0,0,no_caries,no_caries,0.8591,0.85914,0.04329,0.07128,0.0263
crops/hibogi_ai_02175_png_1.jpg,hibogi_ai_02175_png,HIBOGI_AI_02175_png_jpg.rf.23e2a42ba99eef2408aba438a8d02e60.jpg,,0,0,no_caries,no_caries,0.7338,0.73379,0.02349,0.16474,0.07798
crops/hibogi_ai_02175_png_2.jpg,hibogi_ai_02175_png,HIBOGI_AI_02175_png_jpg.rf.23e2a42ba99eef2408aba438a8d02e60.jpg,,0,0,no_caries,no_caries,0.7292,0.72921,0.09531,0.1513,0.02418
crops/hibogi_ai_02175_png_3.jpg,hibogi_ai_02175_png,HIBOGI_AI_02175_png_jpg.rf.23e2a42ba99eef2408aba438a8d02e60.jpg,,0,0,no_caries,no_caries,0.6477,0.64774,0.1134,0.21418,0.02467
crops/hibogi_ai_02175_png_4.jpg,hibogi_ai_02175_png,HIBOGI_AI_02175_png_jpg.rf.23e2a42ba99eef2408aba438a8d02e60.jpg,,0,0,no_caries,no_caries,0.7644,0.76442,0.05038,0.141,0.0442
crops/hibogi_ai_02175_png_5.jpg,hibogi_ai_02175_png,HIBOGI_AI_02175_png_jpg.rf.23e2a42ba99eef2408aba438a8d02e60.jpg,,0,0,no_caries,no_caries,0.7853,0.78532,0.04508,0.12939,0.04021
crops/hibogi_ai_02175_png_6.jpg,hibogi_ai_02175_png,HIBOGI_AI_02175_png_jpg.rf.23e2a42ba99eef2408aba438a8d02e60.jpg,,0,0,no_caries,no_caries,0.8617,0.86166,0.04723,0.05193,0.03918
crops/hibogi_ai_02175_png_7.jpg,hibogi_ai_02175_png,HIBOGI_AI_02175_png_jpg.rf.23e2a42ba99eef2408aba438a8d02e60.jpg,,0,0,no_caries,no_caries,0.8942,0.89423,0.01554,0.06087,0.02937
crops/hibogi_ai_02175_png_8.jpg,hibogi_ai_02175_png,HIBOGI_AI_02175_png_jpg.rf.23e2a42ba99eef2408aba438a8d02e60.jpg,,0,0,no_caries,no_caries,0.8897,0.88975,0.02312,0.06944,0.01768
crops/hibogi_ai_02175_png_9.jpg,hibogi_ai_02175_png,HIBOGI_AI_02175_png_jpg.rf.23e2a42ba99eef2408aba438a8d02e60.jpg,,0,0,no_caries,no_caries,0.8938,0.89383,0.01953,0.06533,0.02131
crops/hibogi_ai_02175_png_10.jpg,hibogi_ai_02175_png,HIBOGI_AI_02175_png_jpg.rf.23e2a42ba99eef2408aba438a8d02e60.jpg,,0,0,no_caries,no_caries,0.8515,0.85155,0.04592,0.06963,0.0329
crops/hibogi_ai_02175_png_11.jpg,hibogi_ai_02175_png,HIBOGI_AI_02175_png_jpg.rf.23e2a42ba99eef2408aba438a8d02e60.jpg,,0,0,no_caries,no_caries,0.8158,0.81577,0.08073,0.07508,0.02842
crops/hibogi_ai_02175_png_12.jpg,hibogi_ai_02175_png,HIBOGI_AI_02175_png_jpg.rf.23e2a42ba99eef2408aba438a8d02e60.jpg,,0,0,no_caries,no_caries,0.91,0.91,0.02802,0.04022,0.02177
crops/hibogi_ai_02175_png_13.jpg,hibogi_ai_02175_png,HIBOGI_AI_02175_png_jpg.rf.23e2a42ba99eef2408aba438a8d02e60.jpg,,0,0,no_caries,no_caries,0.7644,0.76441,0.08953,0.09956,0.0465
crops/hibogi_ai_02180_png_0.jpg,hibogi_ai_02180_png,HIBOGI_AI_02180_png_jpg.rf.604f383b38ec38a3ab9e27176cacfa5d.jpg,,0,0,no_caries,mild,0.6252,0.23437,0.62516,0.07714,0.06332
crops/hibogi_ai_02180_png_1.jpg,hibogi_ai_02180_png,HIBOGI_AI_02180_png_jpg.rf.604f383b38ec38a3ab9e27176cacfa5d.jpg,,0,0,no_caries,no_caries,0.5393,0.53928,0.29692,0.11072,0.05308
crops/hibogi_ai_02180_png_2.jpg,hibogi_ai_02180_png,HIBOGI_AI_02180_png_jpg.rf.604f383b38ec38a3ab9e27176cacfa5d.jpg,,0,0,no_caries,no_caries,0.4593,0.45928,0.27849,0.10633,0.1559
crops/hibogi_ai_02180_png_3.jpg,hibogi_ai_02180_png,HIBOGI_AI_02180_png_jpg.rf.604f383b38ec38a3ab9e27176cacfa5d.jpg,,2,0,mild,advanced,0.5806,0.01277,0.28825,0.11841,0.58057
crops/hibogi_ai_02180_png_4.jpg,hibogi_ai_02180_png,HIBOGI_AI_02180_png_jpg.rf.604f383b38ec38a3ab9e27176cacfa5d.jpg,,0,0,no_caries,no_caries,0.6297,0.62968,0.23786,0.11251,0.01994
crops/hibogi_ai_02180_png_5.jpg,hibogi_ai_02180_png,HIBOGI_AI_02180_png_jpg.rf.604f383b38ec38a3ab9e27176cacfa5d.jpg,,0,0,no_caries,no_caries,0.7593,0.75932,0.13745,0.06591,0.03732
crops/hibogi_ai_02180_png_6.jpg,hibogi_ai_02180_png,HIBOGI_AI_02180_png_jpg.rf.604f383b38ec38a3ab9e27176cacfa5d.jpg,,0,0,no_caries,no_caries,0.8146,0.81463,0.05782,0.10179,0.02576
crops/hibogi_ai_02180_png_7.jpg,hibogi_ai_02180_png,HIBOGI_AI_02180_png_jpg.rf.604f383b38ec38a3ab9e27176cacfa5d.jpg,,0,0,no_caries,no_caries,0.8459,0.8459,0.07761,0.05405,0.02244
crops/hibogi_ai_02180_png_8.jpg,hibogi_ai_02180_png,HIBOGI_AI_02180_png_jpg.rf.604f383b38ec38a3ab9e27176cacfa5d.jpg,,2,0,mild,no_caries,0.6789,0.67887,0.17372,0.10816,0.03925
crops/hibogi_ai_02203_png_0.jpg,hibogi_ai_02203_png,HIBOGI_AI_02203_png_jpg.rf.582bf4c4d5aadf48f2a555ce813cb7c0.jpg,,0,0,no_caries,no_caries,0.552,0.55197,0.2666,0.10317,0.07826
crops/hibogi_ai_02203_png_1.jpg,hibogi_ai_02203_png,HIBOGI_AI_02203_png_jpg.rf.582bf4c4d5aadf48f2a555ce813cb7c0.jpg,,0,0,no_caries,no_caries,0.636,0.63595,0.1622,0.16696,0.03489
crops/hibogi_ai_02203_png_2.jpg,hibogi_ai_02203_png,HIBOGI_AI_02203_png_jpg.rf.582bf4c4d5aadf48f2a555ce813cb7c0.jpg,,0,0,no_caries,no_caries,0.8145,0.81451,0.09479,0.05854,0.03216
crops/hibogi_ai_02203_png_3.jpg,hibogi_ai_02203_png,HIBOGI_AI_02203_png_jpg.rf.582bf4c4d5aadf48f2a555ce813cb7c0.jpg,,0,0,no_caries,no_caries,0.7894,0.78944,0.10799,0.07213,0.03044
crops/hibogi_ai_02203_png_4.jpg,hibogi_ai_02203_png,HIBOGI_AI_02203_png_jpg.rf.582bf4c4d5aadf48f2a555ce813cb7c0.jpg,,0,0,no_caries,no_caries,0.6566,0.65661,0.14088,0.15885,0.04366
crops/hibogi_ai_02203_png_5.jpg,hibogi_ai_02203_png,HIBOGI_AI_02203_png_jpg.rf.582bf4c4d5aadf48f2a555ce813cb7c0.jpg,,0,0,no_caries,no_caries,0.7771,0.77709,0.07021,0.12885,0.02385
crops/hibogi_ai_02203_png_6.jpg,hibogi_ai_02203_png,HIBOGI_AI_02203_png_jpg.rf.582bf4c4d5aadf48f2a555ce813cb7c0.jpg,,0,0,no_caries,no_caries,0.8875,0.88747,0.04566,0.04655,0.02033
crops/hibogi_ai_02203_png_7.jpg,hibogi_ai_02203_png,HIBOGI_AI_02203_png_jpg.rf.582bf4c4d5aadf48f2a555ce813cb7c0.jpg,,2,0,mild,advanced,0.3722,0.07901,0.32192,0.22683,0.37225
crops/hibogi_ai_02203_png_8.jpg,hibogi_ai_02203_png,HIBOGI_AI_02203_png_jpg.rf.582bf4c4d5aadf48f2a555ce813cb7c0.jpg,,0,0,no_caries,no_caries,0.7234,0.72345,0.18966,0.05199,0.0349
crops/hibogi_ai_02203_png_9.jpg,hibogi_ai_02203_png,HIBOGI_AI_02203_png_jpg.rf.582bf4c4d5aadf48f2a555ce813cb7c0.jpg,,0,0,no_caries,no_caries,0.6698,0.66977,0.20043,0.08932,0.04049
crops/hibogi_ai_02203_png_10.jpg,hibogi_ai_02203_png,HIBOGI_AI_02203_png_jpg.rf.582bf4c4d5aadf48f2a555ce813cb7c0.jpg,,0,0,no_caries,no_caries,0.7912,0.79117,0.07784,0.06242,0.06857
crops/hibogi_ai_02203_png_11.jpg,hibogi_ai_02203_png,HIBOGI_AI_02203_png_jpg.rf.582bf4c4d5aadf48f2a555ce813cb7c0.jpg,,0,0,no_caries,no_caries,0.6559,0.65592,0.17187,0.13574,0.03647
crops/hibogi_ai_02229_png_0.jpg,hibogi_ai_02229_png,HIBOGI_AI_02229_png_jpg.rf.ee77ac8a805c3b91a51d39c372d3015b.jpg,,5,0,advanced,moderate,0.542,0.0271,0.02424,0.54197,0.40669
crops/hibogi_ai_02229_png_1.jpg,hibogi_ai_02229_png,HIBOGI_AI_02229_png_jpg.rf.ee77ac8a805c3b91a51d39c372d3015b.jpg,,0,0,no_caries,no_caries,0.6069,0.60688,0.07544,0.30776,0.00993
crops/hibogi_ai_02229_png_2.jpg,hibogi_ai_02229_png,HIBOGI_AI_02229_png_jpg.rf.ee77ac8a805c3b91a51d39c372d3015b.jpg,,0,0,no_caries,no_caries,0.7603,0.76031,0.0938,0.1195,0.02639
crops/hibogi_ai_02229_png_3.jpg,hibogi_ai_02229_png,HIBOGI_AI_02229_png_jpg.rf.ee77ac8a805c3b91a51d39c372d3015b.jpg,,0,0,no_caries,no_caries,0.832,0.83201,0.06236,0.06657,0.03907
crops/hibogi_ai_02229_png_4.jpg,hibogi_ai_02229_png,HIBOGI_AI_02229_png_jpg.rf.ee77ac8a805c3b91a51d39c372d3015b.jpg,,0,0,no_caries,no_caries,0.8052,0.80516,0.03782,0.10728,0.04974
crops/hibogi_ai_02229_png_5.jpg,hibogi_ai_02229_png,HIBOGI_AI_02229_png_jpg.rf.ee77ac8a805c3b91a51d39c372d3015b.jpg,,0,0,no_caries,no_caries,0.7265,0.72654,0.12042,0.08665,0.06638
crops/hibogi_ai_02229_png_6.jpg,hibogi_ai_02229_png,HIBOGI_AI_02229_png_jpg.rf.ee77ac8a805c3b91a51d39c372d3015b.jpg,,0,0,no_caries,no_caries,0.8106,0.81062,0.04928,0.09776,0.04235
crops/hibogi_ai_02229_png_7.jpg,hibogi_ai_02229_png,HIBOGI_AI_02229_png_jpg.rf.ee77ac8a805c3b91a51d39c372d3015b.jpg,,0,0,no_caries,no_caries,0.5983,0.5983,0.0781,0.26593,0.05768
crops/hibogi_ai_02229_png_8.jpg,hibogi_ai_02229_png,HIBOGI_AI_02229_png_jpg.rf.ee77ac8a805c3b91a51d39c372d3015b.jpg,,5,0,advanced,mild,0.6051,0.15667,0.60512,0.13557,0.10264
crops/hibogi_ai_02229_png_9.jpg,hibogi_ai_02229_png,HIBOGI_AI_02229_png_jpg.rf.ee77ac8a805c3b91a51d39c372d3015b.jpg,,5,0,advanced,mild,0.4713,0.31126,0.4713,0.19065,0.02679
crops/hibogi_ai_02229_png_10.jpg,hibogi_ai_02229_png,HIBOGI_AI_02229_png_jpg.rf.ee77ac8a805c3b91a51d39c372d3015b.jpg,,2,0,mild,no_caries,0.6422,0.64215,0.15362,0.18177,0.02247
crops/hibogi_ai_02229_png_11.jpg,hibogi_ai_02229_png,HIBOGI_AI_02229_png_jpg.rf.ee77ac8a805c3b91a51d39c372d3015b.jpg,,0,0,no_caries,no_caries,0.6906,0.69062,0.06497,0.2306,0.01381
crops/hibogi_ai_02229_png_12.jpg,hibogi_ai_02229_png,HIBOGI_AI_02229_png_jpg.rf.ee77ac8a805c3b91a51d39c372d3015b.jpg,,0,0,no_caries,no_caries,0.7797,0.77966,0.03202,0.17597,0.01235
crops/hibogi_ai_02229_png_13.jpg,hibogi_ai_02229_png,HIBOGI_AI_02229_png_jpg.rf.ee77ac8a805c3b91a51d39c372d3015b.jpg,,0,0,no_caries,no_caries,0.6599,0.6599,0.0197,0.30783,0.01257
crops/hibogi_ai_02229_png_14.jpg,hibogi_ai_02229_png,HIBOGI_AI_02229_png_jpg.rf.ee77ac8a805c3b91a51d39c372d3015b.jpg,,3,0,moderate,no_caries,0.8629,0.86291,0.06128,0.06947,0.00633
crops/hibogi_ai_02229_png_15.jpg,hibogi_ai_02229_png,HIBOGI_AI_02229_png_jpg.rf.ee77ac8a805c3b91a51d39c372d3015b.jpg,,3,0,moderate,no_caries,0.7549,0.75491,0.05099,0.18191,0.01219
crops/hibogi_ai_02230_png_0.jpg,hibogi_ai_02230_png,HIBOGI_AI_02230_png_jpg.rf.bbd19c3a44a4c42271f89adcd487f25e.jpg,,1,0,mild,mild,0.4985,0.21597,0.4985,0.22007,0.06546
crops/hibogi_ai_02230_png_1.jpg,hibogi_ai_02230_png,HIBOGI_AI_02230_png_jpg.rf.bbd19c3a44a4c42271f89adcd487f25e.jpg,,1,0,mild,mild,0.4319,0.20805,0.43187,0.27625,0.08383
crops/hibogi_ai_02230_png_2.jpg,hibogi_ai_02230_png,HIBOGI_AI_02230_png_jpg.rf.bbd19c3a44a4c42271f89adcd487f25e.jpg,,1,0,mild,moderate,0.3434,0.27029,0.25747,0.34343,0.12881
crops/hibogi_ai_02230_png_3.jpg,hibogi_ai_02230_png,HIBOGI_AI_02230_png_jpg.rf.bbd19c3a44a4c42271f89adcd487f25e.jpg,,0,0,no_caries,no_caries,0.4388,0.43877,0.33879,0.17104,0.0514
crops/hibogi_ai_02230_png_4.jpg,hibogi_ai_02230_png,HIBOGI_AI_02230_png_jpg.rf.bbd19c3a44a4c42271f89adcd487f25e.jpg,,3,0,moderate,moderate,0.7898,0.00375,0.05001,0.78977,0.15647
crops/hibogi_ai_02230_png_5.jpg,hibogi_ai_02230_png,HIBOGI_AI_02230_png_jpg.rf.bbd19c3a44a4c42271f89adcd487f25e.jpg,,3,0,moderate,moderate,0.5896,0.02825,0.36474,0.58964,0.01737
crops/hibogi_ai_02230_png_6.jpg,hibogi_ai_02230_png,HIBOGI_AI_02230_png_jpg.rf.bbd19c3a44a4c42271f89adcd487f25e.jpg,,1,0,mild,no_caries,0.746,0.74596,0.13155,0.09892,0.02357
crops/hibogi_ai_02230_png_7.jpg,hibogi_ai_02230_png,HIBOGI_AI_02230_png_jpg.rf.bbd19c3a44a4c42271f89adcd487f25e.jpg,,2,0,mild,no_caries,0.7439,0.74388,0.06259,0.14905,0.04449
crops/hibogi_ai_02230_png_8.jpg,hibogi_ai_02230_png,HIBOGI_AI_02230_png_jpg.rf.bbd19c3a44a4c42271f89adcd487f25e.jpg,,2,0,mild,no_caries,0.8442,0.84416,0.0411,0.08703,0.02771
crops/hibogi_ai_02237_png_0.jpg,hibogi_ai_02237_png,HIBOGI_AI_02237_png_jpg.rf.c09531c000b14085b2cfcaa614cc3246.jpg,,0,0,no_caries,mild,0.6465,0.16124,0.64654,0.02575,0.16647
crops/hibogi_ai_02237_png_1.jpg,hibogi_ai_02237_png,HIBOGI_AI_02237_png_jpg.rf.c09531c000b14085b2cfcaa614cc3246.jpg,,1,0,mild,no_caries,0.5426,0.54261,0.33606,0.07853,0.0428
crops/hibogi_ai_02237_png_2.jpg,hibogi_ai_02237_png,HIBOGI_AI_02237_png_jpg.rf.c09531c000b14085b2cfcaa614cc3246.jpg,,1,0,mild,mild,0.5242,0.33772,0.52423,0.10511,0.03294
crops/hibogi_ai_02237_png_3.jpg,hibogi_ai_02237_png,HIBOGI_AI_02237_png_jpg.rf.c09531c000b14085b2cfcaa614cc3246.jpg,,0,0,no_caries,mild,0.4519,0.41853,0.45194,0.10156,0.02798
crops/hibogi_ai_02237_png_4.jpg,hibogi_ai_02237_png,HIBOGI_AI_02237_png_jpg.rf.c09531c000b14085b2cfcaa614cc3246.jpg,,0,0,no_caries,mild,0.755,0.19,0.75504,0.03564,0.01932
crops/hibogi_ai_02237_png_5.jpg,hibogi_ai_02237_png,HIBOGI_AI_02237_png_jpg.rf.c09531c000b14085b2cfcaa614cc3246.jpg,,0,0,no_caries,mild,0.4466,0.39373,0.44662,0.12695,0.0327
crops/hibogi_ai_02237_png_6.jpg,hibogi_ai_02237_png,HIBOGI_AI_02237_png_jpg.rf.c09531c000b14085b2cfcaa614cc3246.jpg,,0,0,no_caries,no_caries,0.5971,0.59705,0.3367,0.04829,0.01796
crops/hibogi_ai_02237_png_7.jpg,hibogi_ai_02237_png,HIBOGI_AI_02237_png_jpg.rf.c09531c000b14085b2cfcaa614cc3246.jpg,,0,0,no_caries,no_caries,0.4894,0.48935,0.44948,0.03621,0.02496
crops/hibogi_ai_02237_png_8.jpg,hibogi_ai_02237_png,HIBOGI_AI_02237_png_jpg.rf.c09531c000b14085b2cfcaa614cc3246.jpg,,0,0,no_caries,mild,0.5074,0.4417,0.50745,0.03109,0.01976
crops/hibogi_ai_02237_png_9.jpg,hibogi_ai_02237_png,HIBOGI_AI_02237_png_jpg.rf.c09531c000b14085b2cfcaa614cc3246.jpg,,0,0,no_caries,mild,0.6546,0.26924,0.65458,0.01907,0.05711
crops/hibogi_ai_02237_png_10.jpg,hibogi_ai_02237_png,HIBOGI_AI_02237_png_jpg.rf.c09531c000b14085b2cfcaa614cc3246.jpg,,2,0,mild,mild,0.3967,0.21386,0.39674,0.08765,0.30175
crops/hibogi_ai_02237_png_11.jpg,hibogi_ai_02237_png,HIBOGI_AI_02237_png_jpg.rf.c09531c000b14085b2cfcaa614cc3246.jpg,,5,0,advanced,advanced,0.9787,0.00344,0.01002,0.00782,0.97872
crops/hibogi_ai_02253_png_0.jpg,hibogi_ai_02253_png,HIBOGI_AI_02253_png_jpg.rf.c693fdc507801a5f21128886c1eb5dfe.jpg,,0,0,no_caries,no_caries,0.7576,0.75755,0.14861,0.06374,0.0301
crops/hibogi_ai_02253_png_1.jpg,hibogi_ai_02253_png,HIBOGI_AI_02253_png_jpg.rf.c693fdc507801a5f21128886c1eb5dfe.jpg,,5,0,advanced,advanced,0.9878,0.00215,0.00232,0.00772,0.98781
crops/hibogi_ai_02253_png_2.jpg,hibogi_ai_02253_png,HIBOGI_AI_02253_png_jpg.rf.c693fdc507801a5f21128886c1eb5dfe.jpg,,5,0,advanced,advanced,0.9874,0.0031,0.0049,0.00461,0.98739
crops/hibogi_ai_02253_png_3.jpg,hibogi_ai_02253_png,HIBOGI_AI_02253_png_jpg.rf.c693fdc507801a5f21128886c1eb5dfe.jpg,,0,0,no_caries,no_caries,0.8575,0.85753,0.00871,0.1003,0.03346
crops/hibogi_ai_02253_png_4.jpg,hibogi_ai_02253_png,HIBOGI_AI_02253_png_jpg.rf.c693fdc507801a5f21128886c1eb5dfe.jpg,,0,0,no_caries,no_caries,0.8707,0.87074,0.01498,0.08148,0.0328
crops/hibogi_ai_02271_png_0.jpg,hibogi_ai_02271_png,HIBOGI_AI_02271_png_jpg.rf.0fe45316103cc087ac4957ec0833875f.jpg,,0,0,no_caries,no_caries,0.4774,0.47743,0.26153,0.18316,0.07789
crops/hibogi_ai_02271_png_1.jpg,hibogi_ai_02271_png,HIBOGI_AI_02271_png_jpg.rf.0fe45316103cc087ac4957ec0833875f.jpg,,0,0,no_caries,no_caries,0.5306,0.53058,0.31511,0.1159,0.03841
crops/hibogi_ai_02271_png_2.jpg,hibogi_ai_02271_png,HIBOGI_AI_02271_png_jpg.rf.0fe45316103cc087ac4957ec0833875f.jpg,,5,0,advanced,advanced,0.9815,0.00207,0.00859,0.00782,0.98152
crops/hibogi_ai_02271_png_3.jpg,hibogi_ai_02271_png,HIBOGI_AI_02271_png_jpg.rf.0fe45316103cc087ac4957ec0833875f.jpg,,0,0,no_caries,no_caries,0.8061,0.80607,0.1112,0.05874,0.02399
crops/hibogi_ai_02271_png_4.jpg,hibogi_ai_02271_png,HIBOGI_AI_02271_png_jpg.rf.0fe45316103cc087ac4957ec0833875f.jpg,,0,0,no_caries,no_caries,0.8599,0.85989,0.08487,0.04139,0.01385
crops/hibogi_ai_02271_png_5.jpg,hibogi_ai_02271_png,HIBOGI_AI_02271_png_jpg.rf.0fe45316103cc087ac4957ec0833875f.jpg,,0,0,no_caries,no_caries,0.8938,0.89382,0.04032,0.0402,0.02566
crops/hibogi_ai_02271_png_6.jpg,hibogi_ai_02271_png,HIBOGI_AI_02271_png_jpg.rf.0fe45316103cc087ac4957ec0833875f.jpg,,0,0,no_caries,no_caries,0.8739,0.8739,0.08731,0.02039,0.0184
crops/hibogi_ai_02271_png_7.jpg,hibogi_ai_02271_png,HIBOGI_AI_02271_png_jpg.rf.0fe45316103cc087ac4957ec0833875f.jpg,,0,0,no_caries,no_caries,0.8988,0.89875,0.05183,0.03409,0.01532
crops/hibogi_ai_02271_png_8.jpg,hibogi_ai_02271_png,HIBOGI_AI_02271_png_jpg.rf.0fe45316103cc087ac4957ec0833875f.jpg,,0,0,no_caries,no_caries,0.5196,0.51958,0.4267,0.02868,0.02504
crops/hibogi_ai_02271_png_9.jpg,hibogi_ai_02271_png,HIBOGI_AI_02271_png_jpg.rf.0fe45316103cc087ac4957ec0833875f.jpg,,5,0,advanced,advanced,0.9476,0.00985,0.0224,0.02012,0.94764
crops/hibogi_ai_02271_png_10.jpg,hibogi_ai_02271_png,HIBOGI_AI_02271_png_jpg.rf.0fe45316103cc087ac4957ec0833875f.jpg,,5,0,advanced,advanced,0.9851,0.00298,0.00546,0.00649,0.98507
crops/hibogi_ai_02271_png_11.jpg,hibogi_ai_02271_png,HIBOGI_AI_02271_png_jpg.rf.0fe45316103cc087ac4957ec0833875f.jpg,,0,0,no_caries,moderate,0.5771,0.043,0.13528,0.57711,0.24461
crops/hibogi_ai_02427_png_0.jpg,hibogi_ai_02427_png,HIBOGI_AI_02427_png_jpg.rf.630b6649f8d27cb5a290eed1167a766e.jpg,,0,0,no_caries,no_caries,0.469,0.46897,0.39888,0.10415,0.028
crops/hibogi_ai_02427_png_1.jpg,hibogi_ai_02427_png,HIBOGI_AI_02427_png_jpg.rf.630b6649f8d27cb5a290eed1167a766e.jpg,,0,0,no_caries,no_caries,0.4133,0.4133,0.32272,0.20494,0.05904
crops/hibogi_ai_02427_png_2.jpg,hibogi_ai_02427_png,HIBOGI_AI_02427_png_jpg.rf.630b6649f8d27cb5a290eed1167a766e.jpg,,0,0,no_caries,no_caries,0.7397,0.73973,0.13968,0.0749,0.04569
crops/hibogi_ai_02427_png_3.jpg,hibogi_ai_02427_png,HIBOGI_AI_02427_png_jpg.rf.630b6649f8d27cb5a290eed1167a766e.jpg,,0,0,no_caries,no_caries,0.7999,0.79991,0.08321,0.07192,0.04496
crops/hibogi_ai_02427_png_4.jpg,hibogi_ai_02427_png,HIBOGI_AI_02427_png_jpg.rf.630b6649f8d27cb5a290eed1167a766e.jpg,,0,0,no_caries,mild,0.333,0.23348,0.33297,0.13604,0.29751
crops/hibogi_ai_02427_png_5.jpg,hibogi_ai_02427_png,HIBOGI_AI_02427_png_jpg.rf.630b6649f8d27cb5a290eed1167a766e.jpg,,0,0,no_caries,no_caries,0.8222,0.82219,0.05554,0.07782,0.04444
crops/hibogi_ai_02427_png_6.jpg,hibogi_ai_02427_png,HIBOGI_AI_02427_png_jpg.rf.630b6649f8d27cb5a290eed1167a766e.jpg,,0,0,no_caries,no_caries,0.7855,0.78546,0.07081,0.08505,0.05869
crops/hibogi_ai_02427_png_7.jpg,hibogi_ai_02427_png,HIBOGI_AI_02427_png_jpg.rf.630b6649f8d27cb5a290eed1167a766e.jpg,,0,0,no_caries,mild,0.529,0.34125,0.52901,0.09209,0.03765
crops/hibogi_ai_02427_png_8.jpg,hibogi_ai_02427_png,HIBOGI_AI_02427_png_jpg.rf.630b6649f8d27cb5a290eed1167a766e.jpg,,0,0,no_caries,no_caries,0.7958,0.7958,0.10702,0.05686,0.04032
crops/hibogi_ai_02427_png_9.jpg,hibogi_ai_02427_png,HIBOGI_AI_02427_png_jpg.rf.630b6649f8d27cb5a290eed1167a766e.jpg,,0,0,no_caries,mild,0.5757,0.1235,0.57572,0.0899,0.21087
crops/hibogi_ai_02427_png_10.jpg,hibogi_ai_02427_png,HIBOGI_AI_02427_png_jpg.rf.630b6649f8d27cb5a290eed1167a766e.jpg,,0,0,no_caries,no_caries,0.4185,0.41847,0.39878,0.10035,0.0824
crops/hibogi_ai_02427_png_11.jpg,hibogi_ai_02427_png,HIBOGI_AI_02427_png_jpg.rf.630b6649f8d27cb5a290eed1167a766e.jpg,,5,0,advanced,advanced,0.772,0.01774,0.0476,0.16262,0.77203
crops/hibogi_ai_02433_png_0.jpg,hibogi_ai_02433_png,HIBOGI_AI_02433_png_jpg.rf.ca9cc472f619951bd3bb711ddf9a8e16.jpg,,0,0,no_caries,no_caries,0.7596,0.75961,0.14735,0.06303,0.03001
crops/hibogi_ai_02433_png_1.jpg,hibogi_ai_02433_png,HIBOGI_AI_02433_png_jpg.rf.ca9cc472f619951bd3bb711ddf9a8e16.jpg,,0,0,no_caries,no_caries,0.5975,0.59747,0.13836,0.21297,0.0512
crops/hibogi_ai_02433_png_2.jpg,hibogi_ai_02433_png,HIBOGI_AI_02433_png_jpg.rf.ca9cc472f619951bd3bb711ddf9a8e16.jpg,,0,0,no_caries,no_caries,0.5203,0.5203,0.30823,0.09912,0.07235
crops/hibogi_ai_02433_png_3.jpg,hibogi_ai_02433_png,HIBOGI_AI_02433_png_jpg.rf.ca9cc472f619951bd3bb711ddf9a8e16.jpg,,5,0,advanced,advanced,0.8396,0.01458,0.0944,0.05144,0.83959
crops/hibogi_ai_02433_png_4.jpg,hibogi_ai_02433_png,HIBOGI_AI_02433_png_jpg.rf.ca9cc472f619951bd3bb711ddf9a8e16.jpg,,5,0,advanced,advanced,0.574,0.02258,0.36069,0.0427,0.57402
crops/hibogi_ai_02433_png_5.jpg,hibogi_ai_02433_png,HIBOGI_AI_02433_png_jpg.rf.ca9cc472f619951bd3bb711ddf9a8e16.jpg,,0,0,no_caries,mild,0.6337,0.1155,0.63366,0.2091,0.04174
crops/hibogi_ai_02433_png_6.jpg,hibogi_ai_02433_png,HIBOGI_AI_02433_png_jpg.rf.ca9cc472f619951bd3bb711ddf9a8e16.jpg,,5,0,advanced,no_caries,0.6355,0.63547,0.22418,0.0932,0.04715
crops/hibogi_ai_02433_png_7.jpg,hibogi_ai_02433_png,HIBOGI_AI_02433_png_jpg.rf.ca9cc472f619951bd3bb711ddf9a8e16.jpg,,0,0,no_caries,no_caries,0.7108,0.71079,0.18083,0.0548,0.05358
crops/hibogi_ai_02433_png_8.jpg,hibogi_ai_02433_png,HIBOGI_AI_02433_png_jpg.rf.ca9cc472f619951bd3bb711ddf9a8e16.jpg,,0,0,no_caries,no_caries,0.7635,0.76347,0.12871,0.07313,0.03469
crops/hibogi_ai_02433_png_9.jpg,hibogi_ai_02433_png,HIBOGI_AI_02433_png_jpg.rf.ca9cc472f619951bd3bb711ddf9a8e16.jpg,,0,0,no_caries,no_caries,0.7326,0.73257,0.14555,0.07899,0.04289
crops/hibogi_ai_02433_png_10.jpg,hibogi_ai_02433_png,HIBOGI_AI_02433_png_jpg.rf.ca9cc472f619951bd3bb711ddf9a8e16.jpg,,0,0,no_caries,no_caries,0.8032,0.8032,0.07838,0.0673,0.05112
crops/hibogi_ai_02433_png_11.jpg,hibogi_ai_02433_png,HIBOGI_AI_02433_png_jpg.rf.ca9cc472f619951bd3bb711ddf9a8e16.jpg,,0,0,no_caries,no_caries,0.7891,0.78905,0.09939,0.06296,0.0486
crops/hibogi_ai_02433_png_12.jpg,hibogi_ai_02433_png,HIBOGI_AI_02433_png_jpg.rf.ca9cc472f619951bd3bb711ddf9a8e16.jpg,,0,0,no_caries,no_caries,0.7847,0.78475,0.07761,0.08447,0.05317
crops/hibogi_ai_02433_png_13.jpg,hibogi_ai_02433_png,HIBOGI_AI_02433_png_jpg.rf.ca9cc472f619951bd3bb711ddf9a8e16.jpg,,0,0,no_caries,no_caries,0.7495,0.74952,0.11119,0.09868,0.04062
crops/hibogi_ai_02452_png_0.jpg,hibogi_ai_02452_png,HIBOGI_AI_02452_png_jpg.rf.10766c164acb967aeacb1525beb0d4ed.jpg,,4,0,moderate,moderate,0.3096,0.19284,0.23445,0.30958,0.26313
crops/hibogi_ai_02452_png_1.jpg,hibogi_ai_02452_png,HIBOGI_AI_02452_png_jpg.rf.10766c164acb967aeacb1525beb0d4ed.jpg,,5,0,advanced,advanced,0.9322,0.00426,0.02411,0.03944,0.93219
crops/hibogi_ai_02452_png_2.jpg,hibogi_ai_02452_png,HIBOGI_AI_02452_png_jpg.rf.10766c164acb967aeacb1525beb0d4ed.jpg,,6,0,advanced,advanced,0.9892,0.00107,0.00446,0.00529,0.98917
crops/hibogi_ai_02452_png_3.jpg,hibogi_ai_02452_png,HIBOGI_AI_02452_png_jpg.rf.10766c164acb967aeacb1525beb0d4ed.jpg,,6,0,advanced,advanced,0.9893,0.00072,0.0041,0.00589,0.98929
crops/hibogi_ai_02452_png_4.jpg,hibogi_ai_02452_png,HIBOGI_AI_02452_png_jpg.rf.10766c164acb967aeacb1525beb0d4ed.jpg,,6,0,advanced,advanced,0.4305,0.10129,0.24696,0.22126,0.43049
crops/hibogi_ai_02452_png_5.jpg,hibogi_ai_02452_png,HIBOGI_AI_02452_png_jpg.rf.10766c164acb967aeacb1525beb0d4ed.jpg,,6,0,advanced,mild,0.4626,0.12125,0.46264,0.17657,0.23954
crops/hibogi_ai_02452_png_6.jpg,hibogi_ai_02452_png,HIBOGI_AI_02452_png_jpg.rf.10766c164acb967aeacb1525beb0d4ed.jpg,,5,0,advanced,advanced,0.8725,0.03256,0.06083,0.03415,0.87245
crops/hibogi_ai_02452_png_7.jpg,hibogi_ai_02452_png,HIBOGI_AI_02452_png_jpg.rf.10766c164acb967aeacb1525beb0d4ed.jpg,,0,0,no_caries,no_caries,0.6831,0.68306,0.139,0.0869,0.09104
crops/hibogi_ai_02452_png_8.jpg,hibogi_ai_02452_png,HIBOGI_AI_02452_png_jpg.rf.10766c164acb967aeacb1525beb0d4ed.jpg,,0,0,no_caries,no_caries,0.8348,0.83479,0.06471,0.06615,0.03434
crops/hibogi_ai_02452_png_9.jpg,hibogi_ai_02452_png,HIBOGI_AI_02452_png_jpg.rf.10766c164acb967aeacb1525beb0d4ed.jpg,,0,0,no_caries,no_caries,0.3975,0.39755,0.28923,0.28008,0.03314
crops/hibogi_ai_02452_png_10.jpg,hibogi_ai_02452_png,HIBOGI_AI_02452_png_jpg.rf.10766c164acb967aeacb1525beb0d4ed.jpg,,0,0,no_caries,mild,0.4885,0.30518,0.48852,0.1211,0.08519
crops/hibogi_ai_02452_png_11.jpg,hibogi_ai_02452_png,HIBOGI_AI_02452_png_jpg.rf.10766c164acb967aeacb1525beb0d4ed.jpg,,0,0,no_caries,mild,0.4398,0.42455,0.43981,0.09964,0.036
crops/hibogi_ai_02452_png_12.jpg,hibogi_ai_02452_png,HIBOGI_AI_02452_png_jpg.rf.10766c164acb967aeacb1525beb0d4ed.jpg,,0,0,no_caries,no_caries,0.6493,0.64927,0.254,0.05818,0.03855
crops/hibogi_ai_02452_png_13.jpg,hibogi_ai_02452_png,HIBOGI_AI_02452_png_jpg.rf.10766c164acb967aeacb1525beb0d4ed.jpg,,0,0,no_caries,no_caries,0.8584,0.8584,0.05737,0.0612,0.02303
crops/hibogi_ai_02452_png_14.jpg,hibogi_ai_02452_png,HIBOGI_AI_02452_png_jpg.rf.10766c164acb967aeacb1525beb0d4ed.jpg,,0,0,no_caries,no_caries,0.5382,0.53815,0.27324,0.1565,0.03211
crops/hibogi_ai_02452_png_15.jpg,hibogi_ai_02452_png,HIBOGI_AI_02452_png_jpg.rf.10766c164acb967aeacb1525beb0d4ed.jpg,,0,0,no_caries,no_caries,0.5831,0.58314,0.18961,0.18521,0.04204
crops/hibogi_ai_02458_png_0.jpg,hibogi_ai_02458_png,HIBOGI_AI_02458_png_jpg.rf.84e3f28bb31840584cce8acb0af0430a.jpg,,1,0,mild,mild,0.7047,0.22574,0.70467,0.04166,0.02793
crops/hibogi_ai_02458_png_1.jpg,hibogi_ai_02458_png,HIBOGI_AI_02458_png_jpg.rf.84e3f28bb31840584cce8acb0af0430a.jpg,,0,0,no_caries,mild,0.5692,0.33319,0.56922,0.05642,0.04117
crops/hibogi_ai_02458_png_2.jpg,hibogi_ai_02458_png,HIBOGI_AI_02458_png_jpg.rf.84e3f28bb31840584cce8acb0af0430a.jpg,,5,0,advanced,advanced,0.4698,0.01433,0.40912,0.1068,0.46975
crops/hibogi_ai_02458_png_3.jpg,hibogi_ai_02458_png,HIBOGI_AI_02458_png_jpg.rf.84e3f28bb31840584cce8acb0af0430a.jpg,,5,0,advanced,advanced,0.6936,0.03806,0.14656,0.12179,0.69358
crops/hibogi_ai_02458_png_4.jpg,hibogi_ai_02458_png,HIBOGI_AI_02458_png_jpg.rf.84e3f28bb31840584cce8acb0af0430a.jpg,,5,0,advanced,advanced,0.8762,0.00612,0.03297,0.0847,0.87622
crops/hibogi_ai_02458_png_5.jpg,hibogi_ai_02458_png,HIBOGI_AI_02458_png_jpg.rf.84e3f28bb31840584cce8acb0af0430a.jpg,,2,0,mild,advanced,0.9408,0.00281,0.02042,0.03593,0.94084
crops/hibogi_ai_02458_png_6.jpg,hibogi_ai_02458_png,HIBOGI_AI_02458_png_jpg.rf.84e3f28bb31840584cce8acb0af0430a.jpg,,1,0,mild,moderate,0.4845,0.20995,0.24778,0.48449,0.05779
crops/hibogi_ai_02458_png_7.jpg,hibogi_ai_02458_png,HIBOGI_AI_02458_png_jpg.rf.84e3f28bb31840584cce8acb0af0430a.jpg,,2,0,mild,mild,0.4592,0.26676,0.45923,0.22829,0.04572
crops/hibogi_ai_02458_png_8.jpg,hibogi_ai_02458_png,HIBOGI_AI_02458_png_jpg.rf.84e3f28bb31840584cce8acb0af0430a.jpg,,0,0,no_caries,no_caries,0.8039,0.80389,0.08336,0.0879,0.02485
crops/hibogi_ai_02458_png_9.jpg,hibogi_ai_02458_png,HIBOGI_AI_02458_png_jpg.rf.84e3f28bb31840584cce8acb0af0430a.jpg,,0,0,no_caries,no_caries,0.814,0.81402,0.0899,0.0609,0.03518
crops/hibogi_ai_02458_png_10.jpg,hibogi_ai_02458_png,HIBOGI_AI_02458_png_jpg.rf.84e3f28bb31840584cce8acb0af0430a.jpg,,0,0,no_caries,no_caries,0.6579,0.65795,0.16331,0.09,0.08874
crops/hibogi_ai_02458_png_11.jpg,hibogi_ai_02458_png,HIBOGI_AI_02458_png_jpg.rf.84e3f28bb31840584cce8acb0af0430a.jpg,,0,0,no_caries,no_caries,0.7085,0.70846,0.16344,0.04333,0.08477
crops/hibogi_ai_02458_png_12.jpg,hibogi_ai_02458_png,HIBOGI_AI_02458_png_jpg.rf.84e3f28bb31840584cce8acb0af0430a.jpg,,0,0,no_caries,no_caries,0.6486,0.64862,0.17558,0.11793,0.05787
crops/hibogi_ai_02464_png_0.jpg,hibogi_ai_02464_png,HIBOGI_AI_02464_png_jpg.rf.31ba02ee3d26158274678eefc7bcdf74.jpg,,0,0,no_caries,no_caries,0.6442,0.64425,0.21255,0.10167,0.04153
crops/hibogi_ai_02464_png_1.jpg,hibogi_ai_02464_png,HIBOGI_AI_02464_png_jpg.rf.31ba02ee3d26158274678eefc7bcdf74.jpg,,0,0,no_caries,no_caries,0.747,0.74697,0.14343,0.08549,0.0241
crops/hibogi_ai_02464_png_2.jpg,hibogi_ai_02464_png,HIBOGI_AI_02464_png_jpg.rf.31ba02ee3d26158274678eefc7bcdf74.jpg,,0,0,no_caries,no_caries,0.7841,0.78411,0.07238,0.10642,0.03709
crops/hibogi_ai_02464_png_3.jpg,hibogi_ai_02464_png,HIBOGI_AI_02464_png_jpg.rf.31ba02ee3d26158274678eefc7bcdf74.jpg,,0,0,no_caries,no_caries,0.7776,0.77758,0.05968,0.11098,0.05175
crops/hibogi_ai_02464_png_4.jpg,hibogi_ai_02464_png,HIBOGI_AI_02464_png_jpg.rf.31ba02ee3d26158274678eefc7bcdf74.jpg,,0,0,no_caries,no_caries,0.8073,0.80727,0.05877,0.0964,0.03756
crops/hibogi_ai_02464_png_5.jpg,hibogi_ai_02464_png,HIBOGI_AI_02464_png_jpg.rf.31ba02ee3d26158274678eefc7bcdf74.jpg,,0,0,no_caries,no_caries,0.7763,0.77631,0.13092,0.0695,0.02328
crops/hibogi_ai_02464_png_6.jpg,hibogi_ai_02464_png,HIBOGI_AI_02464_png_jpg.rf.31ba02ee3d26158274678eefc7bcdf74.jpg,,0,0,no_caries,no_caries,0.7006,0.7006,0.17369,0.09096,0.03475
crops/hibogi_ai_02464_png_7.jpg,hibogi_ai_02464_png,HIBOGI_AI_02464_png_jpg.rf.31ba02ee3d26158274678eefc7bcdf74.jpg,,0,0,no_caries,no_caries,0.4256,0.42559,0.30955,0.18745,0.07742
crops/hibogi_ai_02464_png_8.jpg,hibogi_ai_02464_png,HIBOGI_AI_02464_png_jpg.rf.31ba02ee3d26158274678eefc7bcdf74.jpg,,0,0,no_caries,advanced,0.4532,0.13706,0.19271,0.21707,0.45316
crops/hibogi_ai_02464_png_9.jpg,hibogi_ai_02464_png,HIBOGI_AI_02464_png_jpg.rf.31ba02ee3d26158274678eefc7bcdf74.jpg,,0,0,no_caries,no_caries,0.769,0.76898,0.11859,0.07962,0.03281
crops/hibogi_ai_02464_png_10.jpg,hibogi_ai_02464_png,HIBOGI_AI_02464_png_jpg.rf.31ba02ee3d26158274678eefc7bcdf74.jpg,,0,0,no_caries,no_caries,0.7025,0.70247,0.17934,0.07215,0.04604
crops/hibogi_ai_02471_png_0.jpg,hibogi_ai_02471_png,HIBOGI_AI_02471_png_jpg.rf.debe911fb12357ef2a679d2c101d57a6.jpg,,0,0,no_caries,no_caries,0.5401,0.54009,0.23333,0.19339,0.03319
crops/hibogi_ai_02471_png_1.jpg,hibogi_ai_02471_png,HIBOGI_AI_02471_png_jpg.rf.debe911fb12357ef2a679d2c101d57a6.jpg,,0,0,no_caries,no_caries,0.7589,0.75893,0.07095,0.13981,0.03031
crops/hibogi_ai_02471_png_2.jpg,hibogi_ai_02471_png,HIBOGI_AI_02471_png_jpg.rf.debe911fb12357ef2a679d2c101d57a6.jpg,,0,0,no_caries,no_caries,0.5965,0.59647,0.30247,0.07246,0.02859
crops/hibogi_ai_02471_png_3.jpg,hibogi_ai_02471_png,HIBOGI_AI_02471_png_jpg.rf.debe911fb12357ef2a679d2c101d57a6.jpg,,0,0,no_caries,no_caries,0.736,0.73595,0.1756,0.04921,0.03924
crops/hibogi_ai_02471_png_4.jpg,hibogi_ai_02471_png,HIBOGI_AI_02471_png_jpg.rf.debe911fb12357ef2a679d2c101d57a6.jpg,,5,0,advanced,advanced,0.8475,0.0921,0.03483,0.02555,0.84752
crops/hibogi_ai_02471_png_5.jpg,hibogi_ai_02471_png,HIBOGI_AI_02471_png_jpg.rf.debe911fb12357ef2a679d2c101d57a6.jpg,,5,0,advanced,advanced,0.8727,0.0376,0.03129,0.05844,0.87267
crops/hibogi_ai_02471_png_6.jpg,hibogi_ai_02471_png,HIBOGI_AI_02471_png_jpg.rf.debe911fb12357ef2a679d2c101d57a6.jpg,,0,0,no_caries,no_caries,0.8051,0.80511,0.07764,0.06833,0.04892
crops/hibogi_ai_02471_png_7.jpg,hibogi_ai_02471_png,HIBOGI_AI_02471_png_jpg.rf.debe911fb12357ef2a679d2c101d57a6.jpg,,0,0,no_caries,no_caries,0.7366,0.73658,0.13214,0.08093,0.05034
crops/hibogi_ai_02471_png_8.jpg,hibogi_ai_02471_png,HIBOGI_AI_02471_png_jpg.rf.debe911fb12357ef2a679d2c101d57a6.jpg,,1,0,mild,no_caries,0.6572,0.65717,0.20466,0.11108,0.02709
crops/hibogi_ai_02471_png_9.jpg,hibogi_ai_02471_png,HIBOGI_AI_02471_png_jpg.rf.debe911fb12357ef2a679d2c101d57a6.jpg,,2,0,mild,no_caries,0.5818,0.58178,0.21095,0.16453,0.04274
crops/hibogi_ai_02496_png_0.jpg,hibogi_ai_02496_png,HIBOGI_AI_02496_png_jpg.rf.a0d34afecdd4ee25e6351c9b362127bd.jpg,,3,0,moderate,mild,0.6602,0.08808,0.66021,0.03971,0.212
crops/hibogi_ai_02496_png_1.jpg,hibogi_ai_02496_png,HIBOGI_AI_02496_png_jpg.rf.a0d34afecdd4ee25e6351c9b362127bd.jpg,,0,0,no_caries,no_caries,0.5235,0.52355,0.34397,0.06566,0.06683
crops/hibogi_ai_02496_png_2.jpg,hibogi_ai_02496_png,HIBOGI_AI_02496_png_jpg.rf.a0d34afecdd4ee25e6351c9b362127bd.jpg,,5,0,advanced,advanced,0.9884,0.00274,0.00558,0.0033,0.98838
crops/hibogi_ai_02496_png_3.jpg,hibogi_ai_02496_png,HIBOGI_AI_02496_png_jpg.rf.a0d34afecdd4ee25e6351c9b362127bd.jpg,,6,0,advanced,advanced,0.992,0.00128,0.00403,0.00266,0.99203
crops/hibogi_ai_02496_png_4.jpg,hibogi_ai_02496_png,HIBOGI_AI_02496_png_jpg.rf.a0d34afecdd4ee25e6351c9b362127bd.jpg,,6,0,advanced,advanced,0.9534,0.01298,0.01533,0.01833,0.95336
crops/hibogi_ai_02496_png_5.jpg,hibogi_ai_02496_png,HIBOGI_AI_02496_png_jpg.rf.a0d34afecdd4ee25e6351c9b362127bd.jpg,,6,0,advanced,advanced,0.7382,0.1612,0.03797,0.06259,0.73824
crops/hibogi_ai_02496_png_6.jpg,hibogi_ai_02496_png,HIBOGI_AI_02496_png_jpg.rf.a0d34afecdd4ee25e6351c9b362127bd.jpg,,6,0,advanced,advanced,0.9919,0.00187,0.00415,0.0021,0.99188
crops/hibogi_ai_02496_png_7.jpg,hibogi_ai_02496_png,HIBOGI_AI_02496_png_jpg.rf.a0d34afecdd4ee25e6351c9b362127bd.jpg,,2,0,mild,mild,0.4683,0.22131,0.4683,0.13091,0.17948
crops/hibogi_ai_02496_png_8.jpg,hibogi_ai_02496_png,HIBOGI_AI_02496_png_jpg.rf.a0d34afecdd4ee25e6351c9b362127bd.jpg,,2,0,mild,mild,0.7442,0.08758,0.74424,0.12432,0.04386
crops/hibogi_ai_02503_png_0.jpg,hibogi_ai_02503_png,HIBOGI_AI_02503_png_jpg.rf.6a9dc607faf1bbb9a5141d1497232a0b.jpg,,4,0,moderate,mild,0.3949,0.24487,0.39489,0.10505,0.2552
crops/hibogi_ai_02503_png_1.jpg,hibogi_ai_02503_png,HIBOGI_AI_02503_png_jpg.rf.6a9dc607faf1bbb9a5141d1497232a0b.jpg,,0,0,no_caries,mild,0.4477,0.37987,0.44767,0.12116,0.0513
crops/hibogi_ai_02503_png_2.jpg,hibogi_ai_02503_png,HIBOGI_AI_02503_png_jpg.rf.6a9dc607faf1bbb9a5141d1497232a0b.jpg,,0,0,no_caries,mild,0.6233,0.18187,0.62326,0.11322,0.08165
crops/hibogi_ai_02503_png_3.jpg,hibogi_ai_02503_png,HIBOGI_AI_02503_png_jpg.rf.6a9dc607faf1bbb9a5141d1497232a0b.jpg,,5,0,advanced,advanced,0.9476,0.00297,0.03778,0.01169,0.94757
crops/hibogi_ai_02503_png_4.jpg,hibogi_ai_02503_png,HIBOGI_AI_02503_png_jpg.rf.6a9dc607faf1bbb9a5141d1497232a0b.jpg,,5,0,advanced,moderate,0.6746,0.00655,0.06002,0.67455,0.25888
crops/hibogi_ai_02503_png_5.jpg,hibogi_ai_02503_png,HIBOGI_AI_02503_png_jpg.rf.6a9dc607faf1bbb9a5141d1497232a0b.jpg,,2,0,mild,advanced,0.862,0.00823,0.09037,0.03942,0.86198
crops/hibogi_ai_02503_png_6.jpg,hibogi_ai_02503_png,HIBOGI_AI_02503_png_jpg.rf.6a9dc607faf1bbb9a5141d1497232a0b.jpg,,0,0,no_caries,mild,0.7249,0.10532,0.72493,0.09682,0.07293
crops/hibogi_ai_02503_png_7.jpg,hibogi_ai_02503_png,HIBOGI_AI_02503_png_jpg.rf.6a9dc607faf1bbb9a5141d1497232a0b.jpg,,4,0,moderate,no_caries,0.3822,0.38224,0.19199,0.37166,0.0541
crops/hibogi_ai_02503_png_8.jpg,hibogi_ai_02503_png,HIBOGI_AI_02503_png_jpg.rf.6a9dc607faf1bbb9a5141d1497232a0b.jpg,,5,0,advanced,advanced,0.9132,0.01327,0.05593,0.01761,0.91319
crops/hibogi_ai_02503_png_9.jpg,hibogi_ai_02503_png,HIBOGI_AI_02503_png_jpg.rf.6a9dc607faf1bbb9a5141d1497232a0b.jpg,,0,0,no_caries,no_caries,0.7875,0.7875,0.14641,0.03683,0.02926
crops/hibogi_ai_02503_png_10.jpg,hibogi_ai_02503_png,HIBOGI_AI_02503_png_jpg.rf.6a9dc607faf1bbb9a5141d1497232a0b.jpg,,0,0,no_caries,no_caries,0.6901,0.69006,0.18597,0.09439,0.02959
crops/hibogi_ai_02503_png_11.jpg,hibogi_ai_02503_png,HIBOGI_AI_02503_png_jpg.rf.6a9dc607faf1bbb9a5141d1497232a0b.jpg,,0,0,no_caries,no_caries,0.485,0.48497,0.31782,0.08266,0.11455
crops/hibogi_ai_02503_png_12.jpg,hibogi_ai_02503_png,HIBOGI_AI_02503_png_jpg.rf.6a9dc607faf1bbb9a5141d1497232a0b.jpg,,0,0,no_caries,no_caries,0.6685,0.66849,0.21457,0.07781,0.03913
crops/hibogi_ai_02503_png_13.jpg,hibogi_ai_02503_png,HIBOGI_AI_02503_png_jpg.rf.6a9dc607faf1bbb9a5141d1497232a0b.jpg,,0,0,no_caries,mild,0.6249,0.32312,0.62486,0.03043,0.02159
crops/hibogi_ai_02503_png_14.jpg,hibogi_ai_02503_png,HIBOGI_AI_02503_png_jpg.rf.6a9dc607faf1bbb9a5141d1497232a0b.jpg,,0,0,no_caries,no_caries,0.7631,0.76315,0.06584,0.11108,0.05994
crops/hibogi_ai_02509_png_0.jpg,hibogi_ai_02509_png,HIBOGI_AI_02509_png_jpg.rf.28ba07e2e3666c4ebb52b189b79afcfd.jpg,,0,0,no_caries,no_caries,0.7719,0.77192,0.05688,0.07465,0.09654
crops/hibogi_ai_02509_png_1.jpg,hibogi_ai_02509_png,HIBOGI_AI_02509_png_jpg.rf.28ba07e2e3666c4ebb52b189b79afcfd.jpg,,0,0,no_caries,no_caries,0.7304,0.7304,0.08413,0.14647,0.03899
crops/hibogi_ai_02509_png_2.jpg,hibogi_ai_02509_png,HIBOGI_AI_02509_png_jpg.rf.28ba07e2e3666c4ebb52b189b79afcfd.jpg,,5,0,advanced,no_caries,0.6043,0.60434,0.14146,0.16384,0.09036
crops/hibogi_ai_02509_png_3.jpg,hibogi_ai_02509_png,HIBOGI_AI_02509_png_jpg.rf.28ba07e2e3666c4ebb52b189b79afcfd.jpg,,5,0,advanced,advanced,0.8962,0.02062,0.01425,0.06889,0.89623
crops/hibogi_ai_02509_png_4.jpg,hibogi_ai_02509_png,HIBOGI_AI_02509_png_jpg.rf.28ba07e2e3666c4ebb52b189b79afcfd.jpg,,0,0,no_caries,no_caries,0.4524,0.45239,0.26975,0.11101,0.16685
crops/hibogi_ai_02509_png_5.jpg,hibogi_ai_02509_png,HIBOGI_AI_02509_png_jpg.rf.28ba07e2e3666c4ebb52b189b79afcfd.jpg,,0,0,no_caries,no_caries,0.5352,0.53517,0.19733,0.23731,0.03019
crops/hibogi_ai_02509_png_6.jpg,hibogi_ai_02509_png,HIBOGI_AI_02509_png_jpg.rf.28ba07e2e3666c4ebb52b189b79afcfd.jpg,,0,0,no_caries,no_caries,0.5926,0.59256,0.2366,0.11322,0.05763
crops/hibogi_ai_02509_png_7.jpg,hibogi_ai_02509_png,HIBOGI_AI_02509_png_jpg.rf.28ba07e2e3666c4ebb52b189b79afcfd.jpg,,0,0,no_caries,no_caries,0.765,0.76503,0.08907,0.09544,0.05046
crops/hibogi_ai_02509_png_8.jpg,hibogi_ai_02509_png,HIBOGI_AI_02509_png_jpg.rf.28ba07e2e3666c4ebb52b189b79afcfd.jpg,,0,0,no_caries,no_caries,0.732,0.73203,0.09999,0.09134,0.07664
crops/hibogi_ai_02509_png_9.jpg,hibogi_ai_02509_png,HIBOGI_AI_02509_png_jpg.rf.28ba07e2e3666c4ebb52b189b79afcfd.jpg,,0,0,no_caries,no_caries,0.6994,0.6994,0.15186,0.09093,0.05781
crops/hibogi_ai_02509_png_10.jpg,hibogi_ai_02509_png,HIBOGI_AI_02509_png_jpg.rf.28ba07e2e3666c4ebb52b189b79afcfd.jpg,,0,0,no_caries,no_caries,0.7101,0.71014,0.16078,0.07776,0.05132
crops/hibogi_ai_02509_png_11.jpg,hibogi_ai_02509_png,HIBOGI_AI_02509_png_jpg.rf.28ba07e2e3666c4ebb52b189b79afcfd.jpg,,0,0,no_caries,no_caries,0.8039,0.80391,0.10858,0.04489,0.04262
crops/hibogi_ai_02509_png_12.jpg,hibogi_ai_02509_png,HIBOGI_AI_02509_png_jpg.rf.28ba07e2e3666c4ebb52b189b79afcfd.jpg,,0,0,no_caries,no_caries,0.8742,0.87418,0.03665,0.06208,0.02709
crops/hibogi_ai_02509_png_13.jpg,hibogi_ai_02509_png,HIBOGI_AI_02509_png_jpg.rf.28ba07e2e3666c4ebb52b189b79afcfd.jpg,,0,0,no_caries,no_caries,0.4667,0.46667,0.37546,0.08386,0.07401
crops/hibogi_ai_02509_png_14.jpg,hibogi_ai_02509_png,HIBOGI_AI_02509_png_jpg.rf.28ba07e2e3666c4ebb52b189b79afcfd.jpg,,0,0,no_caries,mild,0.5247,0.3225,0.52468,0.07295,0.07987
crops/hibogi_ai_02513_png_0.jpg,hibogi_ai_02513_png,HIBOGI_AI_02513_png_jpg.rf.8b2f5876d88416c8e6e82c4f854394bd.jpg,,0,0,no_caries,no_caries,0.7779,0.77794,0.12462,0.05596,0.04149
crops/hibogi_ai_02513_png_1.jpg,hibogi_ai_02513_png,HIBOGI_AI_02513_png_jpg.rf.8b2f5876d88416c8e6e82c4f854394bd.jpg,,5,0,advanced,advanced,0.9165,0.00785,0.02384,0.05178,0.91652
crops/hibogi_ai_02513_png_2.jpg,hibogi_ai_02513_png,HIBOGI_AI_02513_png_jpg.rf.8b2f5876d88416c8e6e82c4f854394bd.jpg,,5,0,advanced,advanced,0.8758,0.00637,0.05596,0.06187,0.8758
crops/hibogi_ai_02513_png_3.jpg,hibogi_ai_02513_png,HIBOGI_AI_02513_png_jpg.rf.8b2f5876d88416c8e6e82c4f854394bd.jpg,,5,0,advanced,advanced,0.9791,0.00399,0.00755,0.00933,0.97914
crops/hibogi_ai_02513_png_4.jpg,hibogi_ai_02513_png,HIBOGI_AI_02513_png_jpg.rf.8b2f5876d88416c8e6e82c4f854394bd.jpg,,0,0,no_caries,no_caries,0.7273,0.72729,0.15673,0.07791,0.03807
crops/hibogi_ai_02513_png_5.jpg,hibogi_ai_02513_png,HIBOGI_AI_02513_png_jpg.rf.8b2f5876d88416c8e6e82c4f854394bd.jpg,,0,0,no_caries,no_caries,0.8331,0.83313,0.083,0.04894,0.03492
crops/hibogi_ai_02513_png_6.jpg,hibogi_ai_02513_png,HIBOGI_AI_02513_png_jpg.rf.8b2f5876d88416c8e6e82c4f854394bd.jpg,,0,0,no_caries,no_caries,0.8275,0.82746,0.05494,0.07244,0.04516
crops/hibogi_ai_02532_png_0.jpg,hibogi_ai_02532_png,HIBOGI_AI_02532_png_jpg.rf.4e902ca9864a34c1f90c65c272727cdd.jpg,,2,0,mild,advanced,0.6876,0.02618,0.13426,0.15193,0.68763
crops/hibogi_ai_02532_png_1.jpg,hibogi_ai_02532_png,HIBOGI_AI_02532_png_jpg.rf.4e902ca9864a34c1f90c65c272727cdd.jpg,,6,0,advanced,advanced,0.9898,0.00165,0.00554,0.00302,0.98979
crops/hibogi_ai_02532_png_2.jpg,hibogi_ai_02532_png,HIBOGI_AI_02532_png_jpg.rf.4e902ca9864a34c1f90c65c272727cdd.jpg,,0,0,no_caries,no_caries,0.8477,0.84765,0.05156,0.06432,0.03647
crops/hibogi_ai_02532_png_3.jpg,hibogi_ai_02532_png,HIBOGI_AI_02532_png_jpg.rf.4e902ca9864a34c1f90c65c272727cdd.jpg,,1,0,mild,no_caries,0.639,0.63896,0.26193,0.06263,0.03648
crops/hibogi_ai_02532_png_4.jpg,hibogi_ai_02532_png,HIBOGI_AI_02532_png_jpg.rf.4e902ca9864a34c1f90c65c272727cdd.jpg,,0,0,no_caries,no_caries,0.7656,0.76561,0.04652,0.13035,0.05752
crops/hibogi_ai_02532_png_5.jpg,hibogi_ai_02532_png,HIBOGI_AI_02532_png_jpg.rf.4e902ca9864a34c1f90c65c272727cdd.jpg,,0,0,no_caries,no_caries,0.8101,0.81012,0.0459,0.09632,0.04765
crops/hibogi_ai_02532_png_6.jpg,hibogi_ai_02532_png,HIBOGI_AI_02532_png_jpg.rf.4e902ca9864a34c1f90c65c272727cdd.jpg,,0,0,no_caries,no_caries,0.5479,0.54794,0.30641,0.10517,0.04048
crops/hibogi_ai_02532_png_7.jpg,hibogi_ai_02532_png,HIBOGI_AI_02532_png_jpg.rf.4e902ca9864a34c1f90c65c272727cdd.jpg,,0,0,no_caries,moderate,0.6898,0.02604,0.26164,0.68977,0.02255
crops/hibogi_ai_02532_png_8.jpg,hibogi_ai_02532_png,HIBOGI_AI_02532_png_jpg.rf.4e902ca9864a34c1f90c65c272727cdd.jpg,,6,0,advanced,advanced,0.9686,0.0053,0.0182,0.00786,0.96864
crops/hibogi_ai_02532_png_9.jpg,hibogi_ai_02532_png,HIBOGI_AI_02532_png_jpg.rf.4e902ca9864a34c1f90c65c272727cdd.jpg,,6,0,advanced,advanced,0.5665,0.02599,0.11347,0.29401,0.56653
crops/hibogi_ai_02545_png_0.jpg,hibogi_ai_02545_png,HIBOGI_AI_02545_png_jpg.rf.51cfa2a88e70d88bf7b050cd59078c73.jpg,,1,0,mild,no_caries,0.7686,0.76859,0.10102,0.08491,0.04548
crops/hibogi_ai_02545_png_1.jpg,hibogi_ai_02545_png,HIBOGI_AI_02545_png_jpg.rf.51cfa2a88e70d88bf7b050cd59078c73.jpg,,0,0,no_caries,no_caries,0.8001,0.80006,0.04745,0.10786,0.04463
crops/hibogi_ai_02545_png_2.jpg,hibogi_ai_02545_png,HIBOGI_AI_02545_png_jpg.rf.51cfa2a88e70d88bf7b050cd59078c73.jpg,,5,0,advanced,advanced,0.9058,0.00382,0.02373,0.06661,0.90583
crops/hibogi_ai_02545_png_3.jpg,hibogi_ai_02545_png,HIBOGI_AI_02545_png_jpg.rf.51cfa2a88e70d88bf7b050cd59078c73.jpg,,1,0,mild,mild,0.5002,0.35961,0.5002,0.10802,0.03218
crops/hibogi_ai_02545_png_4.jpg,hibogi_ai_02545_png,HIBOGI_AI_02545_png_jpg.rf.51cfa2a88e70d88bf7b050cd59078c73.jpg,,0,0,no_caries,no_caries,0.8603,0.86026,0.06612,0.04493,0.02868
crops/hibogi_ai_02545_png_5.jpg,hibogi_ai_02545_png,HIBOGI_AI_02545_png_jpg.rf.51cfa2a88e70d88bf7b050cd59078c73.jpg,,0,0,no_caries,no_caries,0.8061,0.8061,0.0229,0.12998,0.04103
crops/hibogi_ai_02545_png_6.jpg,hibogi_ai_02545_png,HIBOGI_AI_02545_png_jpg.rf.51cfa2a88e70d88bf7b050cd59078c73.jpg,,0,0,no_caries,no_caries,0.5128,0.51283,0.06191,0.35269,0.07257
crops/hibogi_ai_02545_png_7.jpg,hibogi_ai_02545_png,HIBOGI_AI_02545_png_jpg.rf.51cfa2a88e70d88bf7b050cd59078c73.jpg,,0,0,no_caries,no_caries,0.4705,0.47054,0.3303,0.16732,0.03184
crops/hibogi_ai_02545_png_8.jpg,hibogi_ai_02545_png,HIBOGI_AI_02545_png_jpg.rf.51cfa2a88e70d88bf7b050cd59078c73.jpg,,1,0,mild,no_caries,0.7847,0.78468,0.08835,0.10256,0.02441
crops/hibogi_ai_02545_png_9.jpg,hibogi_ai_02545_png,HIBOGI_AI_02545_png_jpg.rf.51cfa2a88e70d88bf7b050cd59078c73.jpg,,1,0,mild,no_caries,0.7643,0.76431,0.13053,0.07503,0.03013
crops/hibogi_ai_02545_png_10.jpg,hibogi_ai_02545_png,HIBOGI_AI_02545_png_jpg.rf.51cfa2a88e70d88bf7b050cd59078c73.jpg,,0,0,no_caries,no_caries,0.8082,0.80818,0.04587,0.11526,0.03068
crops/hibogi_ai_02545_png_11.jpg,hibogi_ai_02545_png,HIBOGI_AI_02545_png_jpg.rf.51cfa2a88e70d88bf7b050cd59078c73.jpg,,0,0,no_caries,no_caries,0.893,0.89299,0.03142,0.05186,0.02373
crops/hibogi_ai_02545_png_12.jpg,hibogi_ai_02545_png,HIBOGI_AI_02545_png_jpg.rf.51cfa2a88e70d88bf7b050cd59078c73.jpg,,0,0,no_caries,no_caries,0.8032,0.80324,0.09242,0.07549,0.02885
crops/hibogi_ai_02545_png_13.jpg,hibogi_ai_02545_png,HIBOGI_AI_02545_png_jpg.rf.51cfa2a88e70d88bf7b050cd59078c73.jpg,,0,0,no_caries,no_caries,0.8098,0.80982,0.08696,0.09049,0.01273
crops/hibogi_ai_02556_png_0.jpg,hibogi_ai_02556_png,HIBOGI_AI_02556_png_jpg.rf.7f65d98f7e71db3cbe476661eacc6e98.jpg,,5,0,advanced,advanced,0.87,0.01379,0.0742,0.04198,0.87003
crops/hibogi_ai_02556_png_1.jpg,hibogi_ai_02556_png,HIBOGI_AI_02556_png_jpg.rf.7f65d98f7e71db3cbe476661eacc6e98.jpg,,6,0,advanced,advanced,0.9442,0.00181,0.01233,0.04168,0.94418
crops/hibogi_ai_02556_png_2.jpg,hibogi_ai_02556_png,HIBOGI_AI_02556_png_jpg.rf.7f65d98f7e71db3cbe476661eacc6e98.jpg,,6,0,advanced,advanced,0.6309,0.06473,0.25122,0.05311,0.63094
crops/hibogi_ai_02556_png_3.jpg,hibogi_ai_02556_png,HIBOGI_AI_02556_png_jpg.rf.7f65d98f7e71db3cbe476661eacc6e98.jpg,,6,0,advanced,advanced,0.8012,0.02737,0.15144,0.01994,0.80124
crops/hibogi_ai_02556_png_4.jpg,hibogi_ai_02556_png,HIBOGI_AI_02556_png_jpg.rf.7f65d98f7e71db3cbe476661eacc6e98.jpg,,6,0,advanced,advanced,0.9968,0.00045,0.00152,0.00128,0.99676
crops/hibogi_ai_02556_png_5.jpg,hibogi_ai_02556_png,HIBOGI_AI_02556_png_jpg.rf.7f65d98f7e71db3cbe476661eacc6e98.jpg,,6,0,advanced,mild,0.4269,0.38916,0.42692,0.08259,0.10132
crops/hibogi_ai_02556_png_6.jpg,hibogi_ai_02556_png,HIBOGI_AI_02556_png_jpg.rf.7f65d98f7e71db3cbe476661eacc6e98.jpg,,6,0,advanced,advanced,0.9712,0.00445,0.01123,0.01308,0.97124
crops/hibogi_ai_02556_png_7.jpg,hibogi_ai_02556_png,HIBOGI_AI_02556_png_jpg.rf.7f65d98f7e71db3cbe476661eacc6e98.jpg,,5,0,advanced,advanced,0.8774,0.02038,0.05966,0.04253,0.87742
crops/hibogi_ai_02556_png_8.jpg,hibogi_ai_02556_png,HIBOGI_AI_02556_png_jpg.rf.7f65d98f7e71db3cbe476661eacc6e98.jpg,,5,0,advanced,no_caries,0.3324,0.33237,0.28235,0.11263,0.27265
crops/hibogi_ai_02556_png_9.jpg,hibogi_ai_02556_png,HIBOGI_AI_02556_png_jpg.rf.7f65d98f7e71db3cbe476661eacc6e98.jpg,,6,0,advanced,advanced,0.9823,0.0017,0.0083,0.00771,0.9823
crops/hibogi_ai_02558_png_0.jpg,hibogi_ai_02558_png,HIBOGI_AI_02558_png_jpg.rf.de1641562caaecec7bdf60f3a6958aef.jpg,,5,0,advanced,advanced,0.3594,0.35144,0.12727,0.16184,0.35945
crops/hibogi_ai_02558_png_1.jpg,hibogi_ai_02558_png,HIBOGI_AI_02558_png_jpg.rf.de1641562caaecec7bdf60f3a6958aef.jpg,,5,0,advanced,advanced,0.6821,0.06491,0.19241,0.06058,0.68209
crops/hibogi_ai_02558_png_2.jpg,hibogi_ai_02558_png,HIBOGI_AI_02558_png_jpg.rf.de1641562caaecec7bdf60f3a6958aef.jpg,,5,0,advanced,mild,0.4301,0.29387,0.43013,0.09494,0.18105
crops/hibogi_ai_02558_png_3.jpg,hibogi_ai_02558_png,HIBOGI_AI_02558_png_jpg.rf.de1641562caaecec7bdf60f3a6958aef.jpg,,0,0,no_caries,no_caries,0.7608,0.76078,0.11216,0.09754,0.02952
crops/hibogi_ai_02558_png_4.jpg,hibogi_ai_02558_png,HIBOGI_AI_02558_png_jpg.rf.de1641562caaecec7bdf60f3a6958aef.jpg,,0,0,no_caries,no_caries,0.5802,0.58016,0.2827,0.11935,0.01779
crops/hibogi_ai_02558_png_5.jpg,hibogi_ai_02558_png,HIBOGI_AI_02558_png_jpg.rf.de1641562caaecec7bdf60f3a6958aef.jpg,,0,0,no_caries,no_caries,0.8533,0.85327,0.06248,0.06349,0.02075
crops/hibogi_ai_02558_png_6.jpg,hibogi_ai_02558_png,HIBOGI_AI_02558_png_jpg.rf.de1641562caaecec7bdf60f3a6958aef.jpg,,0,0,no_caries,no_caries,0.6933,0.69326,0.20731,0.07319,0.02624
crops/hibogi_ai_02558_png_7.jpg,hibogi_ai_02558_png,HIBOGI_AI_02558_png_jpg.rf.de1641562caaecec7bdf60f3a6958aef.jpg,,0,0,no_caries,no_caries,0.8135,0.81345,0.11135,0.05174,0.02346
crops/hibogi_ai_02558_png_8.jpg,hibogi_ai_02558_png,HIBOGI_AI_02558_png_jpg.rf.de1641562caaecec7bdf60f3a6958aef.jpg,,0,0,no_caries,no_caries,0.7511,0.75114,0.16661,0.05182,0.03043
crops/hibogi_ai_02561_png_0.jpg,hibogi_ai_02561_png,HIBOGI_AI_02561_png_jpg.rf.c2e3ced79a94ff5afdf82af9e148d75b.jpg,,0,0,no_caries,no_caries,0.4562,0.45616,0.45072,0.05813,0.03499
crops/hibogi_ai_02561_png_1.jpg,hibogi_ai_02561_png,HIBOGI_AI_02561_png_jpg.rf.c2e3ced79a94ff5afdf82af9e148d75b.jpg,,4,0,moderate,no_caries,0.6072,0.6072,0.19179,0.16702,0.03399
crops/hibogi_ai_02561_png_2.jpg,hibogi_ai_02561_png,HIBOGI_AI_02561_png_jpg.rf.c2e3ced79a94ff5afdf82af9e148d75b.jpg,,0,0,no_caries,no_caries,0.7449,0.74488,0.1291,0.09749,0.02854
crops/hibogi_ai_02561_png_3.jpg,hibogi_ai_02561_png,HIBOGI_AI_02561_png_jpg.rf.c2e3ced79a94ff5afdf82af9e148d75b.jpg,,0,0,no_caries,no_caries,0.8579,0.85787,0.03517,0.0843,0.02266
crops/hibogi_ai_02561_png_4.jpg,hibogi_ai_02561_png,HIBOGI_AI_02561_png_jpg.rf.c2e3ced79a94ff5afdf82af9e148d75b.jpg,,0,0,no_caries,no_caries,0.8709,0.87088,0.0301,0.06726,0.03175
crops/hibogi_ai_02561_png_5.jpg,hibogi_ai_02561_png,HIBOGI_AI_02561_png_jpg.rf.c2e3ced79a94ff5afdf82af9e148d75b.jpg,,0,0,no_caries,no_caries,0.5856,0.58559,0.04382,0.15545,0.21515
crops/hibogi_ai_02561_png_6.jpg,hibogi_ai_02561_png,HIBOGI_AI_02561_png_jpg.rf.c2e3ced79a94ff5afdf82af9e148d75b.jpg,,0,0,no_caries,no_caries,0.7672,0.76722,0.03308,0.16789,0.03182
crops/hibogi_ai_02561_png_7.jpg,hibogi_ai_02561_png,HIBOGI_AI_02561_png_jpg.rf.c2e3ced79a94ff5afdf82af9e148d75b.jpg,,0,0,no_caries,no_caries,0.8109,0.81093,0.09843,0.07189,0.01875
crops/hibogi_ai_02561_png_8.jpg,hibogi_ai_02561_png,HIBOGI_AI_02561_png_jpg.rf.c2e3ced79a94ff5afdf82af9e148d75b.jpg,,0,0,no_caries,no_caries,0.4603,0.46035,0.31352,0.18982,0.03631
crops/hibogi_ai_02575_png_0.jpg,hibogi_ai_02575_png,HIBOGI_AI_02575_png_jpg.rf.3b08c5ca7c661cf921562bdeb78bbba4.jpg,,5,0,advanced,advanced,0.9491,0.00325,0.01826,0.02938,0.94911
crops/hibogi_ai_02575_png_1.jpg,hibogi_ai_02575_png,HIBOGI_AI_02575_png_jpg.rf.3b08c5ca7c661cf921562bdeb78bbba4.jpg,,1,0,mild,advanced,0.5233,0.04144,0.03176,0.40354,0.52326
crops/hibogi_ai_02575_png_2.jpg,hibogi_ai_02575_png,HIBOGI_AI_02575_png_jpg.rf.3b08c5ca7c661cf921562bdeb78bbba4.jpg,,0,0,no_caries,no_caries,0.684,0.68403,0.20104,0.08977,0.02516
crops/hibogi_ai_02575_png_3.jpg,hibogi_ai_02575_png,HIBOGI_AI_02575_png_jpg.rf.3b08c5ca7c661cf921562bdeb78bbba4.jpg,,0,0,no_caries,no_caries,0.8048,0.80481,0.04586,0.12097,0.02836
crops/hibogi_ai_02575_png_4.jpg,hibogi_ai_02575_png,HIBOGI_AI_02575_png_jpg.rf.3b08c5ca7c661cf921562bdeb78bbba4.jpg,,0,0,no_caries,no_caries,0.8706,0.87057,0.05852,0.05785,0.01306
crops/hibogi_ai_02575_png_5.jpg,hibogi_ai_02575_png,HIBOGI_AI_02575_png_jpg.rf.3b08c5ca7c661cf921562bdeb78bbba4.jpg,,0,0,no_caries,no_caries,0.9298,0.92981,0.00703,0.04748,0.01567
crops/hibogi_ai_02575_png_6.jpg,hibogi_ai_02575_png,HIBOGI_AI_02575_png_jpg.rf.3b08c5ca7c661cf921562bdeb78bbba4.jpg,,0,0,no_caries,no_caries,0.9291,0.92909,0.01692,0.03257,0.02142
crops/hibogi_ai_02575_png_7.jpg,hibogi_ai_02575_png,HIBOGI_AI_02575_png_jpg.rf.3b08c5ca7c661cf921562bdeb78bbba4.jpg,,0,0,no_caries,no_caries,0.6191,0.61906,0.29262,0.06114,0.02718
crops/hibogi_ai_02575_png_8.jpg,hibogi_ai_02575_png,HIBOGI_AI_02575_png_jpg.rf.3b08c5ca7c661cf921562bdeb78bbba4.jpg,,0,0,no_caries,moderate,0.3993,0.22467,0.13986,0.39929,0.23617
crops/hibogi_ai_02575_png_9.jpg,hibogi_ai_02575_png,HIBOGI_AI_02575_png_jpg.rf.3b08c5ca7c661cf921562bdeb78bbba4.jpg,,0,0,no_caries,moderate,0.4998,0.12079,0.13828,0.49984,0.24109
crops/hibogi_ai_02598_png_0.jpg,hibogi_ai_02598_png,HIBOGI_AI_02598_png_jpg.rf.e6d90c94c5023885defc8dce9f6bc2f6.jpg,,0,0,no_caries,mild,0.4807,0.43169,0.48065,0.06519,0.02247
crops/hibogi_ai_02598_png_1.jpg,hibogi_ai_02598_png,HIBOGI_AI_02598_png_jpg.rf.e6d90c94c5023885defc8dce9f6bc2f6.jpg,,0,0,no_caries,no_caries,0.7748,0.77484,0.08951,0.11301,0.02264
crops/hibogi_ai_02598_png_2.jpg,hibogi_ai_02598_png,HIBOGI_AI_02598_png_jpg.rf.e6d90c94c5023885defc8dce9f6bc2f6.jpg,,0,0,no_caries,no_caries,0.5625,0.56254,0.3499,0.04294,0.04462
crops/hibogi_ai_02598_png_3.jpg,hibogi_ai_02598_png,HIBOGI_AI_02598_png_jpg.rf.e6d90c94c5023885defc8dce9f6bc2f6.jpg,,0,0,no_caries,mild,0.4686,0.35784,0.46861,0.083,0.09054
crops/hibogi_ai_02598_png_4.jpg,hibogi_ai_02598_png,HIBOGI_AI_02598_png_jpg.rf.e6d90c94c5023885defc8dce9f6bc2f6.jpg,,0,0,no_caries,no_caries,0.8385,0.83849,0.05417,0.08389,0.02345
crops/hibogi_ai_02598_png_5.jpg,hibogi_ai_02598_png,HIBOGI_AI_02598_png_jpg.rf.e6d90c94c5023885defc8dce9f6bc2f6.jpg,,0,0,no_caries,no_caries,0.5024,0.50245,0.16708,0.31315,0.01732
crops/hibogi_ai_02598_png_6.jpg,hibogi_ai_02598_png,HIBOGI_AI_02598_png_jpg.rf.e6d90c94c5023885defc8dce9f6bc2f6.jpg,,0,0,no_caries,no_caries,0.8212,0.82118,0.1197,0.04216,0.01696
crops/hibogi_ai_02598_png_7.jpg,hibogi_ai_02598_png,HIBOGI_AI_02598_png_jpg.rf.e6d90c94c5023885defc8dce9f6bc2f6.jpg,,0,0,no_caries,mild,0.5994,0.26219,0.59941,0.08381,0.05458
crops/hibogi_ai_02598_png_8.jpg,hibogi_ai_02598_png,HIBOGI_AI_02598_png_jpg.rf.e6d90c94c5023885defc8dce9f6bc2f6.jpg,,0,0,no_caries,no_caries,0.8503,0.85033,0.08635,0.04366,0.01966
crops/hibogi_ai_02598_png_9.jpg,hibogi_ai_02598_png,HIBOGI_AI_02598_png_jpg.rf.e6d90c94c5023885defc8dce9f6bc2f6.jpg,,0,0,no_caries,no_caries,0.8056,0.80556,0.13682,0.0469,0.01072
crops/hibogi_ai_02598_png_10.jpg,hibogi_ai_02598_png,HIBOGI_AI_02598_png_jpg.rf.e6d90c94c5023885defc8dce9f6bc2f6.jpg,,0,0,no_caries,no_caries,0.8,0.79999,0.05619,0.11527,0.02855
crops/hibogi_ai_02598_png_11.jpg,hibogi_ai_02598_png,HIBOGI_AI_02598_png_jpg.rf.e6d90c94c5023885defc8dce9f6bc2f6.jpg,,4,0,moderate,mild,0.4826,0.11931,0.48258,0.16511,0.233
crops/hibogi_ai_02600_png_0.jpg,hibogi_ai_02600_png,HIBOGI_AI_02600_png_jpg.rf.dcb903ea53a63cbcecef730de4adcc02.jpg,,0,0,no_caries,no_caries,0.7625,0.76248,0.08815,0.1319,0.01747
crops/hibogi_ai_02600_png_1.jpg,hibogi_ai_02600_png,HIBOGI_AI_02600_png_jpg.rf.dcb903ea53a63cbcecef730de4adcc02.jpg,,0,0,no_caries,no_caries,0.817,0.81697,0.06522,0.10073,0.01707
crops/hibogi_ai_02600_png_2.jpg,hibogi_ai_02600_png,HIBOGI_AI_02600_png_jpg.rf.dcb903ea53a63cbcecef730de4adcc02.jpg,,0,0,no_caries,no_caries,0.7019,0.70188,0.14959,0.11252,0.036
crops/hibogi_ai_02600_png_3.jpg,hibogi_ai_02600_png,HIBOGI_AI_02600_png_jpg.rf.dcb903ea53a63cbcecef730de4adcc02.jpg,,0,0,no_caries,no_caries,0.7574,0.75742,0.13378,0.06397,0.04483
crops/hibogi_ai_02600_png_4.jpg,hibogi_ai_02600_png,HIBOGI_AI_02600_png_jpg.rf.dcb903ea53a63cbcecef730de4adcc02.jpg,,0,0,no_caries,advanced,0.5492,0.02538,0.16436,0.26106,0.5492
crops/hibogi_ai_02600_png_5.jpg,hibogi_ai_02600_png,HIBOGI_AI_02600_png_jpg.rf.dcb903ea53a63cbcecef730de4adcc02.jpg,,0,0,no_caries,mild,0.3836,0.15149,0.38365,0.34369,0.12118
crops/hibogi_ai_02600_png_6.jpg,hibogi_ai_02600_png,HIBOGI_AI_02600_png_jpg.rf.dcb903ea53a63cbcecef730de4adcc02.jpg,,0,0,no_caries,mild,0.3698,0.318,0.36979,0.2892,0.02301
crops/hibogi_ai_02600_png_7.jpg,hibogi_ai_02600_png,HIBOGI_AI_02600_png_jpg.rf.dcb903ea53a63cbcecef730de4adcc02.jpg,,0,0,no_caries,no_caries,0.7292,0.72915,0.08104,0.15867,0.03114
crops/hibogi_ai_02600_png_8.jpg,hibogi_ai_02600_png,HIBOGI_AI_02600_png_jpg.rf.dcb903ea53a63cbcecef730de4adcc02.jpg,,0,0,no_caries,no_caries,0.8525,0.85247,0.0915,0.04451,0.01152
crops/hibogi_ai_02600_png_9.jpg,hibogi_ai_02600_png,HIBOGI_AI_02600_png_jpg.rf.dcb903ea53a63cbcecef730de4adcc02.jpg,,0,0,no_caries,no_caries,0.6086,0.60856,0.22452,0.11239,0.05452
crops/hibogi_ai_02600_png_10.jpg,hibogi_ai_02600_png,HIBOGI_AI_02600_png_jpg.rf.dcb903ea53a63cbcecef730de4adcc02.jpg,,0,0,no_caries,no_caries,0.8461,0.84608,0.03018,0.10586,0.01788
crops/hibogi_ai_02600_png_11.jpg,hibogi_ai_02600_png,HIBOGI_AI_02600_png_jpg.rf.dcb903ea53a63cbcecef730de4adcc02.jpg,,0,0,no_caries,no_caries,0.7303,0.73026,0.13129,0.11361,0.02484
crops/hibogi_ai_02600_png_12.jpg,hibogi_ai_02600_png,HIBOGI_AI_02600_png_jpg.rf.dcb903ea53a63cbcecef730de4adcc02.jpg,,5,0,advanced,mild,0.4086,0.20881,0.40865,0.32945,0.05309
crops/hibogi_ai_02600_png_13.jpg,hibogi_ai_02600_png,HIBOGI_AI_02600_png_jpg.rf.dcb903ea53a63cbcecef730de4adcc02.jpg,,2,0,mild,advanced,0.511,0.01779,0.11953,0.35163,0.51105
crops/hibogi_ai_02629_png_0.jpg,hibogi_ai_02629_png,HIBOGI_AI_02629_png_jpg.rf.c763d1370dccbe9c6266ec6cb8a1570e.jpg,,0,0,no_caries,no_caries,0.6013,0.60133,0.27028,0.08146,0.04693
crops/hibogi_ai_02629_png_1.jpg,hibogi_ai_02629_png,HIBOGI_AI_02629_png_jpg.rf.c763d1370dccbe9c6266ec6cb8a1570e.jpg,,0,0,no_caries,no_caries,0.6307,0.63068,0.14016,0.0775,0.15167
crops/hibogi_ai_02629_png_2.jpg,hibogi_ai_02629_png,HIBOGI_AI_02629_png_jpg.rf.c763d1370dccbe9c6266ec6cb8a1570e.jpg,,2,0,mild,mild,0.4566,0.09685,0.45656,0.18037,0.26623
crops/hibogi_ai_02629_png_3.jpg,hibogi_ai_02629_png,HIBOGI_AI_02629_png_jpg.rf.c763d1370dccbe9c6266ec6cb8a1570e.jpg,,5,0,advanced,advanced,0.4154,0.03153,0.3587,0.19433,0.41544
crops/hibogi_ai_02629_png_4.jpg,hibogi_ai_02629_png,HIBOGI_AI_02629_png_jpg.rf.c763d1370dccbe9c6266ec6cb8a1570e.jpg,,3,0,moderate,advanced,0.8966,0.01232,0.02911,0.06196,0.8966
crops/hibogi_ai_02629_png_5.jpg,hibogi_ai_02629_png,HIBOGI_AI_02629_png_jpg.rf.c763d1370dccbe9c6266ec6cb8a1570e.jpg,,5,0,advanced,advanced,0.8521,0.00949,0.02677,0.11164,0.85209
crops/hibogi_ai_02629_png_6.jpg,hibogi_ai_02629_png,HIBOGI_AI_02629_png_jpg.rf.c763d1370dccbe9c6266ec6cb8a1570e.jpg,,0,0,no_caries,no_caries,0.796,0.79602,0.11853,0.043,0.04245
crops/hibogi_ai_02629_png_7.jpg,hibogi_ai_02629_png,HIBOGI_AI_02629_png_jpg.rf.c763d1370dccbe9c6266ec6cb8a1570e.jpg,,0,0,no_caries,no_caries,0.4197,0.41971,0.22539,0.16025,0.19465
crops/hibogi_ai_02629_png_8.jpg,hibogi_ai_02629_png,HIBOGI_AI_02629_png_jpg.rf.c763d1370dccbe9c6266ec6cb8a1570e.jpg,,0,0,no_caries,no_caries,0.3611,0.36111,0.18226,0.15237,0.30425
crops/hibogi_ai_02629_png_9.jpg,hibogi_ai_02629_png,HIBOGI_AI_02629_png_jpg.rf.c763d1370dccbe9c6266ec6cb8a1570e.jpg,,0,0,no_caries,no_caries,0.8329,0.83287,0.06986,0.06622,0.03105
crops/hibogi_ai_02629_png_10.jpg,hibogi_ai_02629_png,HIBOGI_AI_02629_png_jpg.rf.c763d1370dccbe9c6266ec6cb8a1570e.jpg,,0,0,no_caries,no_caries,0.8179,0.81791,0.08326,0.0782,0.02063
crops/hibogi_ai_02629_png_11.jpg,hibogi_ai_02629_png,HIBOGI_AI_02629_png_jpg.rf.c763d1370dccbe9c6266ec6cb8a1570e.jpg,,0,0,no_caries,no_caries,0.8425,0.84247,0.07258,0.05622,0.02873
crops/hibogi_ai_02629_png_12.jpg,hibogi_ai_02629_png,HIBOGI_AI_02629_png_jpg.rf.c763d1370dccbe9c6266ec6cb8a1570e.jpg,,0,0,no_caries,no_caries,0.8184,0.81845,0.10566,0.04568,0.03021
crops/hibogi_ai_02629_png_13.jpg,hibogi_ai_02629_png,HIBOGI_AI_02629_png_jpg.rf.c763d1370dccbe9c6266ec6cb8a1570e.jpg,,0,0,no_caries,no_caries,0.8388,0.83876,0.12082,0.02373,0.01669
crops/hibogi_ai_02629_png_14.jpg,hibogi_ai_02629_png,HIBOGI_AI_02629_png_jpg.rf.c763d1370dccbe9c6266ec6cb8a1570e.jpg,,0,0,no_caries,no_caries,0.8592,0.85924,0.06081,0.05348,0.02647
crops/hibogi_ai_02629_png_15.jpg,hibogi_ai_02629_png,HIBOGI_AI_02629_png_jpg.rf.c763d1370dccbe9c6266ec6cb8a1570e.jpg,,0,0,no_caries,no_caries,0.8441,0.84413,0.06623,0.05302,0.03662
crops/hibogi_ai_02629_png_16.jpg,hibogi_ai_02629_png,HIBOGI_AI_02629_png_jpg.rf.c763d1370dccbe9c6266ec6cb8a1570e.jpg,,0,0,no_caries,no_caries,0.621,0.62099,0.27709,0.04673,0.05519
crops/hibogi_ai_02641_png_0.jpg,hibogi_ai_02641_png,HIBOGI_AI_02641_png_jpg.rf.b884c8d5b984f8096880e14cf0dbb6ad.jpg,,3,0,moderate,moderate,0.5154,0.00788,0.05025,0.51536,0.42651
crops/hibogi_ai_02641_png_1.jpg,hibogi_ai_02641_png,HIBOGI_AI_02641_png_jpg.rf.b884c8d5b984f8096880e14cf0dbb6ad.jpg,,0,0,no_caries,mild,0.4628,0.30363,0.46283,0.16991,0.06363
crops/hibogi_ai_02641_png_2.jpg,hibogi_ai_02641_png,HIBOGI_AI_02641_png_jpg.rf.b884c8d5b984f8096880e14cf0dbb6ad.jpg,,0,0,no_caries,no_caries,0.4724,0.47236,0.26429,0.22446,0.03888
crops/hibogi_ai_02641_png_3.jpg,hibogi_ai_02641_png,HIBOGI_AI_02641_png_jpg.rf.b884c8d5b984f8096880e14cf0dbb6ad.jpg,,0,0,no_caries,no_caries,0.9125,0.9125,0.02728,0.03374,0.02648
crops/hibogi_ai_02641_png_4.jpg,hibogi_ai_02641_png,HIBOGI_AI_02641_png_jpg.rf.b884c8d5b984f8096880e14cf0dbb6ad.jpg,,0,0,no_caries,no_caries,0.8792,0.87919,0.0341,0.04563,0.04109
crops/hibogi_ai_02641_png_5.jpg,hibogi_ai_02641_png,HIBOGI_AI_02641_png_jpg.rf.b884c8d5b984f8096880e14cf0dbb6ad.jpg,,0,0,no_caries,no_caries,0.9075,0.9075,0.02527,0.04973,0.01749
crops/hibogi_ai_02641_png_6.jpg,hibogi_ai_02641_png,HIBOGI_AI_02641_png_jpg.rf.b884c8d5b984f8096880e14cf0dbb6ad.jpg,,0,0,no_caries,no_caries,0.8934,0.89343,0.0145,0.07116,0.02091
crops/hibogi_ai_02641_png_7.jpg,hibogi_ai_02641_png,HIBOGI_AI_02641_png_jpg.rf.b884c8d5b984f8096880e14cf0dbb6ad.jpg,,0,0,no_caries,no_caries,0.3528,0.35282,0.26711,0.34252,0.03756
crops/hibogi_ai_02641_png_8.jpg,hibogi_ai_02641_png,HIBOGI_AI_02641_png_jpg.rf.b884c8d5b984f8096880e14cf0dbb6ad.jpg,,5,0,advanced,moderate,0.6192,0.0165,0.06938,0.61925,0.29487
crops/hibogi_ai_02673_png_0.jpg,hibogi_ai_02673_png,HIBOGI_AI_02673_png_jpg.rf.b1e53ff53fbc933e2c6c84f9c7cd021b.jpg,,5,0,advanced,advanced,0.8673,0.00302,0.09198,0.03772,0.86728
crops/hibogi_ai_02673_png_1.jpg,hibogi_ai_02673_png,HIBOGI_AI_02673_png_jpg.rf.b1e53ff53fbc933e2c6c84f9c7cd021b.jpg,,0,0,no_caries,no_caries,0.6595,0.65953,0.15178,0.13581,0.05289
crops/hibogi_ai_02673_png_2.jpg,hibogi_ai_02673_png,HIBOGI_AI_02673_png_jpg.rf.b1e53ff53fbc933e2c6c84f9c7cd021b.jpg,,2,0,mild,mild,0.3579,0.26065,0.35794,0.25992,0.12148
crops/hibogi_ai_02673_png_3.jpg,hibogi_ai_02673_png,HIBOGI_AI_02673_png_jpg.rf.b1e53ff53fbc933e2c6c84f9c7cd021b.jpg,,0,0,no_caries,no_caries,0.3539,0.35391,0.2534,0.17868,0.214
crops/hibogi_ai_02673_png_4.jpg,hibogi_ai_02673_png,HIBOGI_AI_02673_png_jpg.rf.b1e53ff53fbc933e2c6c84f9c7cd021b.jpg,,4,0,moderate,mild,0.7262,0.0716,0.72617,0.10327,0.09897
crops/hibogi_ai_02682_png_0.jpg,hibogi_ai_02682_png,HIBOGI_AI_02682_png_jpg.rf.d969ba7c15a352d22ac0928f88b93028.jpg,,0,0,no_caries,advanced,0.4509,0.24123,0.1655,0.14234,0.45093
crops/hibogi_ai_02682_png_1.jpg,hibogi_ai_02682_png,HIBOGI_AI_02682_png_jpg.rf.d969ba7c15a352d22ac0928f88b93028.jpg,,2,0,mild,mild,0.4522,0.27857,0.45221,0.0771,0.19212
crops/hibogi_ai_02682_png_2.jpg,hibogi_ai_02682_png,HIBOGI_AI_02682_png_jpg.rf.d969ba7c15a352d22ac0928f88b93028.jpg,,0,0,no_caries,no_caries,0.8623,0.8623,0.04772,0.06066,0.02932
crops/hibogi_ai_02682_png_3.jpg,hibogi_ai_02682_png,HIBOGI_AI_02682_png_jpg.rf.d969ba7c15a352d22ac0928f88b93028.jpg,,5,0,advanced,advanced,0.5695,0.04411,0.06807,0.31836,0.56946
crops/hibogi_ai_02682_png_4.jpg,hibogi_ai_02682_png,HIBOGI_AI_02682_png_jpg.rf.d969ba7c15a352d22ac0928f88b93028.jpg,,5,0,advanced,advanced,0.6679,0.05558,0.13343,0.14307,0.66792
crops/hibogi_ai_02682_png_5.jpg,hibogi_ai_02682_png,HIBOGI_AI_02682_png_jpg.rf.d969ba7c15a352d22ac0928f88b93028.jpg,,2,0,mild,mild,0.4363,0.27845,0.43628,0.2066,0.07867
crops/hibogi_ai_02682_png_6.jpg,hibogi_ai_02682_png,HIBOGI_AI_02682_png_jpg.rf.d969ba7c15a352d22ac0928f88b93028.jpg,,2,0,mild,no_caries,0.8086,0.80857,0.10668,0.05003,0.03473
crops/hibogi_ai_02682_png_7.jpg,hibogi_ai_02682_png,HIBOGI_AI_02682_png_jpg.rf.d969ba7c15a352d22ac0928f88b93028.jpg,,1,0,mild,no_caries,0.8708,0.87083,0.05472,0.05033,0.02413
crops/hibogi_ai_02682_png_8.jpg,hibogi_ai_02682_png,HIBOGI_AI_02682_png_jpg.rf.d969ba7c15a352d22ac0928f88b93028.jpg,,0,0,no_caries,no_caries,0.4826,0.48256,0.3648,0.11548,0.03717
crops/hibogi_ai_02682_png_9.jpg,hibogi_ai_02682_png,HIBOGI_AI_02682_png_jpg.rf.d969ba7c15a352d22ac0928f88b93028.jpg,,0,0,no_caries,no_caries,0.394,0.39397,0.39062,0.15713,0.05828
crops/hibogi_ai_02682_png_10.jpg,hibogi_ai_02682_png,HIBOGI_AI_02682_png_jpg.rf.d969ba7c15a352d22ac0928f88b93028.jpg,,4,0,moderate,advanced,0.8023,0.02423,0.0887,0.08479,0.80228
crops/hibogi_ai_02682_png_11.jpg,hibogi_ai_02682_png,HIBOGI_AI_02682_png_jpg.rf.d969ba7c15a352d22ac0928f88b93028.jpg,,1,0,mild,no_caries,0.4486,0.44856,0.19397,0.19034,0.16712
crops/hibogi_ai_02682_png_12.jpg,hibogi_ai_02682_png,HIBOGI_AI_02682_png_jpg.rf.d969ba7c15a352d22ac0928f88b93028.jpg,,1,0,mild,no_caries,0.7579,0.75791,0.16165,0.04584,0.03461
crops/hibogi_ai_02682_png_13.jpg,hibogi_ai_02682_png,HIBOGI_AI_02682_png_jpg.rf.d969ba7c15a352d22ac0928f88b93028.jpg,,1,0,mild,no_caries,0.5318,0.53178,0.33353,0.06454,0.07015
crops/hibogi_ai_02682_png_14.jpg,hibogi_ai_02682_png,HIBOGI_AI_02682_png_jpg.rf.d969ba7c15a352d22ac0928f88b93028.jpg,,1,0,mild,no_caries,0.5631,0.56306,0.32224,0.07405,0.04065
crops/hibogi_ai_02686_png_0.jpg,hibogi_ai_02686_png,HIBOGI_AI_02686_png_jpg.rf.fcbd1262046d6256034fa8c90586991c.jpg,,2,0,mild,advanced,0.4766,0.02103,0.14595,0.35648,0.47655
crops/hibogi_ai_02686_png_1.jpg,hibogi_ai_02686_png,HIBOGI_AI_02686_png_jpg.rf.fcbd1262046d6256034fa8c90586991c.jpg,,0,0,no_caries,no_caries,0.4493,0.44932,0.32437,0.18298,0.04333
crops/hibogi_ai_02686_png_2.jpg,hibogi_ai_02686_png,HIBOGI_AI_02686_png_jpg.rf.fcbd1262046d6256034fa8c90586991c.jpg,,0,0,no_caries,no_caries,0.7899,0.78994,0.13677,0.05305,0.02024
crops/hibogi_ai_02686_png_3.jpg,hibogi_ai_02686_png,HIBOGI_AI_02686_png_jpg.rf.fcbd1262046d6256034fa8c90586991c.jpg,,0,0,no_caries,no_caries,0.8168,0.81681,0.07402,0.07185,0.03733
crops/hibogi_ai_02686_png_4.jpg,hibogi_ai_02686_png,HIBOGI_AI_02686_png_jpg.rf.fcbd1262046d6256034fa8c90586991c.jpg,,0,0,no_caries,no_caries,0.8113,0.81127,0.06162,0.08984,0.03727
crops/hibogi_ai_02686_png_5.jpg,hibogi_ai_02686_png,HIBOGI_AI_02686_png_jpg.rf.fcbd1262046d6256034fa8c90586991c.jpg,,0,0,no_caries,no_caries,0.8312,0.83116,0.07071,0.05582,0.0423
crops/hibogi_ai_02686_png_6.jpg,hibogi_ai_02686_png,HIBOGI_AI_02686_png_jpg.rf.fcbd1262046d6256034fa8c90586991c.jpg,,0,0,no_caries,no_caries,0.839,0.839,0.03934,0.07432,0.04734
crops/hibogi_ai_02686_png_7.jpg,hibogi_ai_02686_png,HIBOGI_AI_02686_png_jpg.rf.fcbd1262046d6256034fa8c90586991c.jpg,,0,0,no_caries,no_caries,0.6832,0.68319,0.17633,0.07163,0.06885
crops/hibogi_ai_02686_png_8.jpg,hibogi_ai_02686_png,HIBOGI_AI_02686_png_jpg.rf.fcbd1262046d6256034fa8c90586991c.jpg,,1,0,mild,mild,0.4617,0.10368,0.46169,0.37765,0.05698
crops/hibogi_ai_02686_png_9.jpg,hibogi_ai_02686_png,HIBOGI_AI_02686_png_jpg.rf.fcbd1262046d6256034fa8c90586991c.jpg,,3,0,moderate,moderate,0.749,0.00893,0.18931,0.74904,0.05271
crops/hibogi_ai_02688_png_0.jpg,hibogi_ai_02688_png,HIBOGI_AI_02688_png_jpg.rf.eb4cb4e0da969de95849e326a5135808.jpg,,0,0,no_caries,mild,0.606,0.16607,0.60602,0.18807,0.03984
crops/hibogi_ai_02688_png_1.jpg,hibogi_ai_02688_png,HIBOGI_AI_02688_png_jpg.rf.eb4cb4e0da969de95849e326a5135808.jpg,,0,0,no_caries,no_caries,0.5569,0.55688,0.32998,0.07624,0.0369
crops/hibogi_ai_02688_png_2.jpg,hibogi_ai_02688_png,HIBOGI_AI_02688_png_jpg.rf.eb4cb4e0da969de95849e326a5135808.jpg,,0,0,no_caries,no_caries,0.454,0.45399,0.19272,0.0378,0.31548
crops/hibogi_ai_02688_png_3.jpg,hibogi_ai_02688_png,HIBOGI_AI_02688_png_jpg.rf.eb4cb4e0da969de95849e326a5135808.jpg,,5,0,advanced,advanced,0.8339,0.04751,0.09194,0.02669,0.83386
crops/hibogi_ai_02688_png_4.jpg,hibogi_ai_02688_png,HIBOGI_AI_02688_png_jpg.rf.eb4cb4e0da969de95849e326a5135808.jpg,,0,0,no_caries,no_caries,0.4807,0.48067,0.25527,0.21367,0.05039
crops/hibogi_ai_02688_png_5.jpg,hibogi_ai_02688_png,HIBOGI_AI_02688_png_jpg.rf.eb4cb4e0da969de95849e326a5135808.jpg,,0,0,no_caries,no_caries,0.4401,0.44011,0.27602,0.25699,0.02688
crops/hibogi_ai_02688_png_6.jpg,hibogi_ai_02688_png,HIBOGI_AI_02688_png_jpg.rf.eb4cb4e0da969de95849e326a5135808.jpg,,0,0,no_caries,no_caries,0.6599,0.65991,0.17387,0.09307,0.07316
crops/hibogi_ai_02688_png_7.jpg,hibogi_ai_02688_png,HIBOGI_AI_02688_png_jpg.rf.eb4cb4e0da969de95849e326a5135808.jpg,,0,0,no_caries,no_caries,0.6341,0.63412,0.25459,0.09374,0.01755
crops/hibogi_ai_02688_png_8.jpg,hibogi_ai_02688_png,HIBOGI_AI_02688_png_jpg.rf.eb4cb4e0da969de95849e326a5135808.jpg,,0,0,no_caries,no_caries,0.7459,0.74588,0.16432,0.04582,0.04399
crops/hibogi_ai_02688_png_9.jpg,hibogi_ai_02688_png,HIBOGI_AI_02688_png_jpg.rf.eb4cb4e0da969de95849e326a5135808.jpg,,0,0,no_caries,no_caries,0.5666,0.56663,0.22012,0.14167,0.07157
crops/hibogi_ai_02688_png_10.jpg,hibogi_ai_02688_png,HIBOGI_AI_02688_png_jpg.rf.eb4cb4e0da969de95849e326a5135808.jpg,,0,0,no_caries,no_caries,0.7427,0.74273,0.12814,0.09299,0.03613
crops/hibogi_ai_02688_png_11.jpg,hibogi_ai_02688_png,HIBOGI_AI_02688_png_jpg.rf.eb4cb4e0da969de95849e326a5135808.jpg,,0,0,no_caries,no_caries,0.4262,0.42622,0.37837,0.15905,0.03636
crops/hibogi_ai_02698_png_0.jpg,hibogi_ai_02698_png,HIBOGI_AI_02698_png_jpg.rf.456354974d8f1d8f33920b11a8a16f65.jpg,,3,0,moderate,no_caries,0.3357,0.33572,0.29036,0.19385,0.18008
crops/hibogi_ai_02698_png_1.jpg,hibogi_ai_02698_png,HIBOGI_AI_02698_png_jpg.rf.456354974d8f1d8f33920b11a8a16f65.jpg,,0,0,no_caries,no_caries,0.6606,0.66061,0.15856,0.13499,0.04585
crops/hibogi_ai_02698_png_2.jpg,hibogi_ai_02698_png,HIBOGI_AI_02698_png_jpg.rf.456354974d8f1d8f33920b11a8a16f65.jpg,,0,0,no_caries,no_caries,0.8404,0.84043,0.07119,0.0485,0.03988
crops/hibogi_ai_02698_png_3.jpg,hibogi_ai_02698_png,HIBOGI_AI_02698_png_jpg.rf.456354974d8f1d8f33920b11a8a16f65.jpg,,5,0,advanced,advanced,0.9811,0.00647,0.00686,0.00554,0.98113
crops/hibogi_ai_02698_png_4.jpg,hibogi_ai_02698_png,HIBOGI_AI_02698_png_jpg.rf.456354974d8f1d8f33920b11a8a16f65.jpg,,5,0,advanced,advanced,0.9927,0.00089,0.00357,0.00289,0.99265
crops/hibogi_ai_02698_png_5.jpg,hibogi_ai_02698_png,HIBOGI_AI_02698_png_jpg.rf.456354974d8f1d8f33920b11a8a16f65.jpg,,5,0,advanced,advanced,0.9344,0.00772,0.03995,0.01789,0.93444
crops/hibogi_ai_02698_png_6.jpg,hibogi_ai_02698_png,HIBOGI_AI_02698_png_jpg.rf.456354974d8f1d8f33920b11a8a16f65.jpg,,0,0,no_caries,no_caries,0.7752,0.77522,0.13789,0.06381,0.02308
crops/hibogi_ai_02703_png_0.jpg,hibogi_ai_02703_png,HIBOGI_AI_02703_png_jpg.rf.b1cb6d09196b43138dd784720a6ae5c0.jpg,,1,0,mild,mild,0.5212,0.07958,0.52121,0.27955,0.11966
crops/hibogi_ai_02703_png_1.jpg,hibogi_ai_02703_png,HIBOGI_AI_02703_png_jpg.rf.b1cb6d09196b43138dd784720a6ae5c0.jpg,,0,0,no_caries,advanced,0.6889,0.0536,0.1331,0.12435,0.68895
crops/hibogi_ai_02703_png_2.jpg,hibogi_ai_02703_png,HIBOGI_AI_02703_png_jpg.rf.b1cb6d09196b43138dd784720a6ae5c0.jpg,,1,0,mild,mild,0.7343,0.14356,0.7343,0.05591,0.06623
crops/hibogi_ai_02703_png_3.jpg,hibogi_ai_02703_png,HIBOGI_AI_02703_png_jpg.rf.b1cb6d09196b43138dd784720a6ae5c0.jpg,,2,0,mild,no_caries,0.3658,0.36579,0.24901,0.18797,0.19723
crops/hibogi_ai_02703_png_4.jpg,hibogi_ai_02703_png,HIBOGI_AI_02703_png_jpg.rf.b1cb6d09196b43138dd784720a6ae5c0.jpg,,4,0,moderate,advanced,0.9859,0.00128,0.01068,0.00217,0.98587
crops/hibogi_ai_02703_png_5.jpg,hibogi_ai_02703_png,HIBOGI_AI_02703_png_jpg.rf.b1cb6d09196b43138dd784720a6ae5c0.jpg,,5,0,advanced,advanced,0.9687,0.00496,0.0151,0.01121,0.96874
crops/hibogi_ai_02703_png_6.jpg,hibogi_ai_02703_png,HIBOGI_AI_02703_png_jpg.rf.b1cb6d09196b43138dd784720a6ae5c0.jpg,,1,0,mild,mild,0.3683,0.29997,0.36833,0.0855,0.2462
crops/hibogi_ai_02703_png_7.jpg,hibogi_ai_02703_png,HIBOGI_AI_02703_png_jpg.rf.b1cb6d09196b43138dd784720a6ae5c0.jpg,,1,0,mild,no_caries,0.5228,0.52284,0.27595,0.13829,0.06292
crops/hibogi_ai_02703_png_8.jpg,hibogi_ai_02703_png,HIBOGI_AI_02703_png_jpg.rf.b1cb6d09196b43138dd784720a6ae5c0.jpg,,1,0,mild,mild,0.5215,0.28099,0.52153,0.15116,0.04632
crops/hibogi_ai_02703_png_9.jpg,hibogi_ai_02703_png,HIBOGI_AI_02703_png_jpg.rf.b1cb6d09196b43138dd784720a6ae5c0.jpg,,0,0,no_caries,no_caries,0.7032,0.70319,0.17636,0.0668,0.05365
crops/hibogi_ai_02703_png_10.jpg,hibogi_ai_02703_png,HIBOGI_AI_02703_png_jpg.rf.b1cb6d09196b43138dd784720a6ae5c0.jpg,,0,0,no_caries,no_caries,0.8546,0.85462,0.05876,0.04675,0.03987
crops/hibogi_ai_02703_png_11.jpg,hibogi_ai_02703_png,HIBOGI_AI_02703_png_jpg.rf.b1cb6d09196b43138dd784720a6ae5c0.jpg,,0,0,no_caries,no_caries,0.8735,0.87348,0.05924,0.03089,0.03639
crops/hibogi_ai_02703_png_12.jpg,hibogi_ai_02703_png,HIBOGI_AI_02703_png_jpg.rf.b1cb6d09196b43138dd784720a6ae5c0.jpg,,0,0,no_caries,no_caries,0.8173,0.81728,0.06054,0.05942,0.06276
crops/hibogi_ai_02703_png_13.jpg,hibogi_ai_02703_png,HIBOGI_AI_02703_png_jpg.rf.b1cb6d09196b43138dd784720a6ae5c0.jpg,,0,0,no_caries,no_caries,0.7993,0.7993,0.04529,0.07894,0.07646
crops/hibogi_ai_02703_png_14.jpg,hibogi_ai_02703_png,HIBOGI_AI_02703_png_jpg.rf.b1cb6d09196b43138dd784720a6ae5c0.jpg,,0,0,no_caries,no_caries,0.7383,0.73833,0.10934,0.09833,0.05401
crops/hibogi_ai_02703_png_15.jpg,hibogi_ai_02703_png,HIBOGI_AI_02703_png_jpg.rf.b1cb6d09196b43138dd784720a6ae5c0.jpg,,0,0,no_caries,no_caries,0.7437,0.74367,0.09625,0.11544,0.04464
crops/hibogi_ai_02703_png_16.jpg,hibogi_ai_02703_png,HIBOGI_AI_02703_png_jpg.rf.b1cb6d09196b43138dd784720a6ae5c0.jpg,,1,0,mild,no_caries,0.4873,0.48731,0.38547,0.08909,0.03812
crops/hibogi_ai_02703_png_17.jpg,hibogi_ai_02703_png,HIBOGI_AI_02703_png_jpg.rf.b1cb6d09196b43138dd784720a6ae5c0.jpg,,0,0,no_caries,mild,0.4829,0.34102,0.48286,0.06852,0.10761
crops/hibogi_ai_02707_png_0.jpg,hibogi_ai_02707_png,HIBOGI_AI_02707_png_jpg.rf.14b98db86bd573df7f15030eb41030d9.jpg,,0,0,no_caries,no_caries,0.5764,0.57643,0.16856,0.21943,0.03557
crops/hibogi_ai_02707_png_1.jpg,hibogi_ai_02707_png,HIBOGI_AI_02707_png_jpg.rf.14b98db86bd573df7f15030eb41030d9.jpg,,0,0,no_caries,no_caries,0.767,0.76698,0.04812,0.14492,0.03998
crops/hibogi_ai_02707_png_2.jpg,hibogi_ai_02707_png,HIBOGI_AI_02707_png_jpg.rf.14b98db86bd573df7f15030eb41030d9.jpg,,0,0,no_caries,no_caries,0.847,0.847,0.05031,0.07591,0.02678
crops/hibogi_ai_02707_png_3.jpg,hibogi_ai_02707_png,HIBOGI_AI_02707_png_jpg.rf.14b98db86bd573df7f15030eb41030d9.jpg,,0,0,no_caries,no_caries,0.782,0.78198,0.1207,0.06129,0.03603
crops/hibogi_ai_02707_png_4.jpg,hibogi_ai_02707_png,HIBOGI_AI_02707_png_jpg.rf.14b98db86bd573df7f15030eb41030d9.jpg,,0,0,no_caries,no_caries,0.6791,0.67908,0.19499,0.09098,0.03495
crops/hibogi_ai_02707_png_5.jpg,hibogi_ai_02707_png,HIBOGI_AI_02707_png_jpg.rf.14b98db86bd573df7f15030eb41030d9.jpg,,0,0,no_caries,no_caries,0.696,0.69603,0.20103,0.06214,0.04081
crops/hibogi_ai_02707_png_6.jpg,hibogi_ai_02707_png,HIBOGI_AI_02707_png_jpg.rf.14b98db86bd573df7f15030eb41030d9.jpg,,0,0,no_caries,no_caries,0.4578,0.45782,0.42961,0.05422,0.05835
crops/hibogi_ai_02707_png_7.jpg,hibogi_ai_02707_png,HIBOGI_AI_02707_png_jpg.rf.14b98db86bd573df7f15030eb41030d9.jpg,,0,0,no_caries,no_caries,0.7862,0.7862,0.09245,0.09382,0.02754
crops/hibogi_ai_02707_png_8.jpg,hibogi_ai_02707_png,HIBOGI_AI_02707_png_jpg.rf.14b98db86bd573df7f15030eb41030d9.jpg,,0,0,no_caries,no_caries,0.568,0.56795,0.28875,0.06356,0.07974
crops/hibogi_ai_02742_png_0.jpg,hibogi_ai_02742_png,HIBOGI_AI_02742_png_jpg.rf.181fad23281f6e3c81f50b741079ad4b.jpg,,0,0,no_caries,advanced,0.5249,0.0192,0.10194,0.35396,0.5249
crops/hibogi_ai_02742_png_1.jpg,hibogi_ai_02742_png,HIBOGI_AI_02742_png_jpg.rf.181fad23281f6e3c81f50b741079ad4b.jpg,,0,0,no_caries,mild,0.3733,0.27557,0.37331,0.28881,0.06232
crops/hibogi_ai_02742_png_2.jpg,hibogi_ai_02742_png,HIBOGI_AI_02742_png_jpg.rf.181fad23281f6e3c81f50b741079ad4b.jpg,,0,0,no_caries,no_caries,0.6532,0.65317,0.21807,0.06791,0.06084
crops/hibogi_ai_02742_png_3.jpg,hibogi_ai_02742_png,HIBOGI_AI_02742_png_jpg.rf.181fad23281f6e3c81f50b741079ad4b.jpg,,0,0,no_caries,no_caries,0.888,0.88801,0.05106,0.04942,0.01151
crops/hibogi_ai_02742_png_4.jpg,hibogi_ai_02742_png,HIBOGI_AI_02742_png_jpg.rf.181fad23281f6e3c81f50b741079ad4b.jpg,,0,0,no_caries,no_caries,0.9201,0.92011,0.02093,0.04305,0.01591
crops/hibogi_ai_02742_png_5.jpg,hibogi_ai_02742_png,HIBOGI_AI_02742_png_jpg.rf.181fad23281f6e3c81f50b741079ad4b.jpg,,0,0,no_caries,no_caries,0.8824,0.88243,0.02252,0.07489,0.02016
crops/hibogi_ai_02742_png_6.jpg,hibogi_ai_02742_png,HIBOGI_AI_02742_png_jpg.rf.181fad23281f6e3c81f50b741079ad4b.jpg,,0,0,no_caries,no_caries,0.8871,0.88708,0.02204,0.07731,0.01356
crops/hibogi_ai_02742_png_7.jpg,hibogi_ai_02742_png,HIBOGI_AI_02742_png_jpg.rf.181fad23281f6e3c81f50b741079ad4b.jpg,,0,0,no_caries,no_caries,0.7599,0.75993,0.14536,0.07208,0.02264
crops/hibogi_ai_02742_png_8.jpg,hibogi_ai_02742_png,HIBOGI_AI_02742_png_jpg.rf.181fad23281f6e3c81f50b741079ad4b.jpg,,0,0,no_caries,mild,0.4119,0.40191,0.41192,0.13326,0.05291
crops/hibogi_ai_02742_png_9.jpg,hibogi_ai_02742_png,HIBOGI_AI_02742_png_jpg.rf.181fad23281f6e3c81f50b741079ad4b.jpg,,5,0,advanced,advanced,0.9842,0.00177,0.00537,0.00868,0.98418
crops/hibogi_ai_02759_png_0.jpg,hibogi_ai_02759_png,HIBOGI_AI_02759_png_jpg.rf.d2fe6a2d6883b6d64b03759baa047092.jpg,,0,0,no_caries,advanced,0.8729,0.05158,0.04312,0.03237,0.87293
crops/hibogi_ai_02759_png_1.jpg,hibogi_ai_02759_png,HIBOGI_AI_02759_png_jpg.rf.d2fe6a2d6883b6d64b03759baa047092.jpg,,0,0,no_caries,moderate,0.4383,0.15417,0.32618,0.43827,0.08138
crops/hibogi_ai_02759_png_2.jpg,hibogi_ai_02759_png,HIBOGI_AI_02759_png_jpg.rf.d2fe6a2d6883b6d64b03759baa047092.jpg,,0,0,no_caries,no_caries,0.593,0.59299,0.23524,0.11298,0.05879
crops/hibogi_ai_02759_png_3.jpg,hibogi_ai_02759_png,HIBOGI_AI_02759_png_jpg.rf.d2fe6a2d6883b6d64b03759baa047092.jpg,,5,0,advanced,moderate,0.3761,0.06382,0.32409,0.37611,0.23599
crops/hibogi_ai_02759_png_4.jpg,hibogi_ai_02759_png,HIBOGI_AI_02759_png_jpg.rf.d2fe6a2d6883b6d64b03759baa047092.jpg,,5,0,advanced,advanced,0.5475,0.04431,0.07257,0.33562,0.54751
crops/hibogi_ai_02759_png_5.jpg,hibogi_ai_02759_png,HIBOGI_AI_02759_png_jpg.rf.d2fe6a2d6883b6d64b03759baa047092.jpg,,5,0,advanced,advanced,0.888,0.00851,0.01865,0.08484,0.888
crops/hibogi_ai_02759_png_6.jpg,hibogi_ai_02759_png,HIBOGI_AI_02759_png_jpg.rf.d2fe6a2d6883b6d64b03759baa047092.jpg,,5,0,advanced,advanced,0.8724,0.00711,0.0551,0.06537,0.87241
crops/hibogi_ai_02759_png_7.jpg,hibogi_ai_02759_png,HIBOGI_AI_02759_png_jpg.rf.d2fe6a2d6883b6d64b03759baa047092.jpg,,0,0,no_caries,no_caries,0.6375,0.63752,0.24733,0.08343,0.03172
crops/hibogi_ai_02759_png_8.jpg,hibogi_ai_02759_png,HIBOGI_AI_02759_png_jpg.rf.d2fe6a2d6883b6d64b03759baa047092.jpg,,0,0,no_caries,no_caries,0.7441,0.74407,0.19296,0.03928,0.02369
crops/hibogi_ai_02759_png_9.jpg,hibogi_ai_02759_png,HIBOGI_AI_02759_png_jpg.rf.d2fe6a2d6883b6d64b03759baa047092.jpg,,0,0,no_caries,no_caries,0.7571,0.75711,0.14581,0.07069,0.0264
crops/hibogi_ai_02759_png_10.jpg,hibogi_ai_02759_png,HIBOGI_AI_02759_png_jpg.rf.d2fe6a2d6883b6d64b03759baa047092.jpg,,0,0,no_caries,no_caries,0.8353,0.83528,0.08777,0.0511,0.02586
crops/hibogi_ai_02759_png_11.jpg,hibogi_ai_02759_png,HIBOGI_AI_02759_png_jpg.rf.d2fe6a2d6883b6d64b03759baa047092.jpg,,0,0,no_caries,no_caries,0.7826,0.7826,0.07693,0.09834,0.04212
crops/hibogi_ai_02759_png_12.jpg,hibogi_ai_02759_png,HIBOGI_AI_02759_png_jpg.rf.d2fe6a2d6883b6d64b03759baa047092.jpg,,0,0,no_caries,no_caries,0.7916,0.79163,0.08896,0.08296,0.03644
crops/hibogi_ai_02759_png_13.jpg,hibogi_ai_02759_png,HIBOGI_AI_02759_png_jpg.rf.d2fe6a2d6883b6d64b03759baa047092.jpg,,0,0,no_caries,no_caries,0.8008,0.80076,0.12841,0.03134,0.03949
crops/hibogi_ai_02759_png_14.jpg,hibogi_ai_02759_png,HIBOGI_AI_02759_png_jpg.rf.d2fe6a2d6883b6d64b03759baa047092.jpg,,0,0,no_caries,no_caries,0.7665,0.76655,0.08549,0.11726,0.0307
crops/hibogi_ai_02827_png_0.jpg,hibogi_ai_02827_png,HIBOGI_AI_02827_png_jpg.rf.9c1f5f062d9fd506cfe4ded0bc619b6e.jpg,,0,0,no_caries,no_caries,0.3922,0.39221,0.34486,0.19784,0.0651
crops/hibogi_ai_02827_png_1.jpg,hibogi_ai_02827_png,HIBOGI_AI_02827_png_jpg.rf.9c1f5f062d9fd506cfe4ded0bc619b6e.jpg,,0,0,no_caries,no_caries,0.7405,0.74052,0.17501,0.05602,0.02845
crops/hibogi_ai_02827_png_2.jpg,hibogi_ai_02827_png,HIBOGI_AI_02827_png_jpg.rf.9c1f5f062d9fd506cfe4ded0bc619b6e.jpg,,0,0,no_caries,no_caries,0.6355,0.63554,0.27176,0.07792,0.01478
crops/hibogi_ai_02827_png_3.jpg,hibogi_ai_02827_png,HIBOGI_AI_02827_png_jpg.rf.9c1f5f062d9fd506cfe4ded0bc619b6e.jpg,,0,0,no_caries,no_caries,0.8567,0.85672,0.07117,0.04896,0.02315
crops/hibogi_ai_02827_png_4.jpg,hibogi_ai_02827_png,HIBOGI_AI_02827_png_jpg.rf.9c1f5f062d9fd506cfe4ded0bc619b6e.jpg,,0,0,no_caries,no_caries,0.8485,0.84845,0.03936,0.09877,0.01341
crops/hibogi_ai_02827_png_5.jpg,hibogi_ai_02827_png,HIBOGI_AI_02827_png_jpg.rf.9c1f5f062d9fd506cfe4ded0bc619b6e.jpg,,0,0,no_caries,no_caries,0.8836,0.88356,0.0255,0.0774,0.01355
crops/hibogi_ai_02827_png_6.jpg,hibogi_ai_02827_png,HIBOGI_AI_02827_png_jpg.rf.9c1f5f062d9fd506cfe4ded0bc619b6e.jpg,,0,0,no_caries,no_caries,0.8056,0.8056,0.07221,0.07912,0.04307
crops/hibogi_ai_02827_png_7.jpg,hibogi_ai_02827_png,HIBOGI_AI_02827_png_jpg.rf.9c1f5f062d9fd506cfe4ded0bc619b6e.jpg,,0,0,no_caries,no_caries,0.8511,0.85108,0.0995,0.03519,0.01423
crops/hibogi_ai_02827_png_8.jpg,hibogi_ai_02827_png,HIBOGI_AI_02827_png_jpg.rf.9c1f5f062d9fd506cfe4ded0bc619b6e.jpg,,0,0,no_caries,no_caries,0.754,0.75397,0.14202,0.06542,0.03859
crops/hibogi_ai_02827_png_9.jpg,hibogi_ai_02827_png,HIBOGI_AI_02827_png_jpg.rf.9c1f5f062d9fd506cfe4ded0bc619b6e.jpg,,0,0,no_caries,mild,0.656,0.19841,0.65601,0.10475,0.04082
crops/hibogi_ai_02831_png_0.jpg,hibogi_ai_02831_png,HIBOGI_AI_02831_png_jpg.rf.a2014d9b92eb0af1a42510902061c4ce.jpg,,0,0,no_caries,no_caries,0.7336,0.73363,0.17512,0.07036,0.02089
crops/hibogi_ai_02831_png_1.jpg,hibogi_ai_02831_png,HIBOGI_AI_02831_png_jpg.rf.a2014d9b92eb0af1a42510902061c4ce.jpg,,0,0,no_caries,no_caries,0.7044,0.70441,0.16036,0.09693,0.0383
crops/hibogi_ai_02831_png_2.jpg,hibogi_ai_02831_png,HIBOGI_AI_02831_png_jpg.rf.a2014d9b92eb0af1a42510902061c4ce.jpg,,0,0,no_caries,no_caries,0.7599,0.75993,0.14503,0.07581,0.01923
crops/hibogi_ai_02831_png_3.jpg,hibogi_ai_02831_png,HIBOGI_AI_02831_png_jpg.rf.a2014d9b92eb0af1a42510902061c4ce.jpg,,0,0,no_caries,no_caries,0.6642,0.66421,0.19591,0.11846,0.02142
crops/hibogi_ai_02831_png_4.jpg,hibogi_ai_02831_png,HIBOGI_AI_02831_png_jpg.rf.a2014d9b92eb0af1a42510902061c4ce.jpg,,0,0,no_caries,no_caries,0.5901,0.59006,0.31845,0.06573,0.02576
crops/hibogi_ai_02831_png_5.jpg,hibogi_ai_02831_png,HIBOGI_AI_02831_png_jpg.rf.a2014d9b92eb0af1a42510902061c4ce.jpg,,0,0,no_caries,no_caries,0.7799,0.77992,0.04571,0.1529,0.02147
crops/hibogi_ai_02831_png_6.jpg,hibogi_ai_02831_png,HIBOGI_AI_02831_png_jpg.rf.a2014d9b92eb0af1a42510902061c4ce.jpg,,0,0,no_caries,no_caries,0.8561,0.85611,0.08206,0.03565,0.02618
crops/hibogi_ai_02831_png_7.jpg,hibogi_ai_02831_png,HIBOGI_AI_02831_png_jpg.rf.a2014d9b92eb0af1a42510902061c4ce.jpg,,0,0,no_caries,no_caries,0.6418,0.64183,0.22035,0.091,0.04682
crops/hibogi_ai_02831_png_8.jpg,hibogi_ai_02831_png,HIBOGI_AI_02831_png_jpg.rf.a2014d9b92eb0af1a42510902061c4ce.jpg,,4,0,moderate,moderate,0.4379,0.22084,0.26852,0.43794,0.07269
crops/hibogi_ai_02832_png_0.jpg,hibogi_ai_02832_png,HIBOGI_AI_02832_png_jpg.rf.2ac4af7cf86803fce71a18e309e5682b.jpg,,0,0,no_caries,no_caries,0.5236,0.52362,0.27772,0.15034,0.04831
crops/hibogi_ai_02832_png_1.jpg,hibogi_ai_02832_png,HIBOGI_AI_02832_png_jpg.rf.2ac4af7cf86803fce71a18e309e5682b.jpg,,0,0,no_caries,no_caries,0.7583,0.75826,0.07125,0.13998,0.03052
crops/hibogi_ai_02832_png_2.jpg,hibogi_ai_02832_png,HIBOGI_AI_02832_png_jpg.rf.2ac4af7cf86803fce71a18e309e5682b.jpg,,0,0,no_caries,no_caries,0.8698,0.86982,0.04643,0.06291,0.02084
crops/hibogi_ai_02832_png_3.jpg,hibogi_ai_02832_png,HIBOGI_AI_02832_png_jpg.rf.2ac4af7cf86803fce71a18e309e5682b.jpg,,0,0,no_caries,no_caries,0.8196,0.81958,0.04094,0.11103,0.02845
crops/hibogi_ai_02832_png_4.jpg,hibogi_ai_02832_png,HIBOGI_AI_02832_png_jpg.rf.2ac4af7cf86803fce71a18e309e5682b.jpg,,0,0,no_caries,no_caries,0.759,0.75895,0.0395,0.18367,0.01787
crops/hibogi_ai_02832_png_5.jpg,hibogi_ai_02832_png,HIBOGI_AI_02832_png_jpg.rf.2ac4af7cf86803fce71a18e309e5682b.jpg,,0,0,no_caries,no_caries,0.8599,0.85988,0.06064,0.06273,0.01675
crops/hibogi_ai_02832_png_6.jpg,hibogi_ai_02832_png,HIBOGI_AI_02832_png_jpg.rf.2ac4af7cf86803fce71a18e309e5682b.jpg,,0,0,no_caries,no_caries,0.8693,0.86928,0.02725,0.07026,0.03322
crops/hibogi_ai_02832_png_7.jpg,hibogi_ai_02832_png,HIBOGI_AI_02832_png_jpg.rf.2ac4af7cf86803fce71a18e309e5682b.jpg,,0,0,no_caries,no_caries,0.4305,0.43052,0.1287,0.22843,0.21235
crops/hibogi_ai_02834_png_0.jpg,hibogi_ai_02834_png,HIBOGI_AI_02834_png_jpg.rf.2d5dcd1d73719412c7cf9907f7c236ff.jpg,,0,0,no_caries,mild,0.4429,0.34788,0.44292,0.16196,0.04724
crops/hibogi_ai_02834_png_1.jpg,hibogi_ai_02834_png,HIBOGI_AI_02834_png_jpg.rf.2d5dcd1d73719412c7cf9907f7c236ff.jpg,,0,0,no_caries,no_caries,0.4609,0.46087,0.36778,0.12938,0.04197
crops/hibogi_ai_02834_png_2.jpg,hibogi_ai_02834_png,HIBOGI_AI_02834_png_jpg.rf.2d5dcd1d73719412c7cf9907f7c236ff.jpg,,0,0,no_caries,mild,0.5059,0.29901,0.50585,0.15809,0.03705
crops/hibogi_ai_02834_png_3.jpg,hibogi_ai_02834_png,HIBOGI_AI_02834_png_jpg.rf.2d5dcd1d73719412c7cf9907f7c236ff.jpg,,2,0,mild,mild,0.7407,0.15759,0.7407,0.07426,0.02745
crops/hibogi_ai_02834_png_4.jpg,hibogi_ai_02834_png,HIBOGI_AI_02834_png_jpg.rf.2d5dcd1d73719412c7cf9907f7c236ff.jpg,,0,0,no_caries,mild,0.5255,0.29465,0.52553,0.09883,0.08099
crops/hibogi_ai_02834_png_5.jpg,hibogi_ai_02834_png,HIBOGI_AI_02834_png_jpg.rf.2d5dcd1d73719412c7cf9907f7c236ff.jpg,,0,0,no_caries,no_caries,0.6356,0.63559,0.24387,0.07239,0.04815
crops/hibogi_ai_02834_png_6.jpg,hibogi_ai_02834_png,HIBOGI_AI_02834_png_jpg.rf.2d5dcd1d73719412c7cf9907f7c236ff.jpg,,0,0,no_caries,no_caries,0.5439,0.54392,0.30806,0.09027,0.05774
crops/hibogi_ai_02834_png_7.jpg,hibogi_ai_02834_png,HIBOGI_AI_02834_png_jpg.rf.2d5dcd1d73719412c7cf9907f7c236ff.jpg,,0,0,no_caries,mild,0.4722,0.35996,0.47219,0.10097,0.06689
crops/hibogi_ai_02834_png_8.jpg,hibogi_ai_02834_png,HIBOGI_AI_02834_png_jpg.rf.2d5dcd1d73719412c7cf9907f7c236ff.jpg,,0,0,no_caries,mild,0.4625,0.42488,0.46248,0.07608,0.03657
crops/hibogi_ai_02834_png_9.jpg,hibogi_ai_02834_png,HIBOGI_AI_02834_png_jpg.rf.2d5dcd1d73719412c7cf9907f7c236ff.jpg,,0,0,no_caries,no_caries,0.4622,0.46221,0.44509,0.05658,0.03612
crops/hibogi_ai_02834_png_10.jpg,hibogi_ai_02834_png,HIBOGI_AI_02834_png_jpg.rf.2d5dcd1d73719412c7cf9907f7c236ff.jpg,,5,0,advanced,advanced,0.5432,0.02886,0.09581,0.33211,0.54322
crops/hibogi_ai_02834_png_11.jpg,hibogi_ai_02834_png,HIBOGI_AI_02834_png_jpg.rf.2d5dcd1d73719412c7cf9907f7c236ff.jpg,,0,0,no_caries,moderate,0.7365,0.04415,0.08766,0.73649,0.13171
crops/hibogi_ai_02834_png_12.jpg,hibogi_ai_02834_png,HIBOGI_AI_02834_png_jpg.rf.2d5dcd1d73719412c7cf9907f7c236ff.jpg,,3,0,moderate,moderate,0.5624,0.09704,0.219,0.56239,0.12157
crops/hibogi_ai_02834_png_13.jpg,hibogi_ai_02834_png,HIBOGI_AI_02834_png_jpg.rf.2d5dcd1d73719412c7cf9907f7c236ff.jpg,,2,0,mild,moderate,0.4901,0.19733,0.26491,0.49006,0.04769
crops/hibogi_ai_02834_png_14.jpg,hibogi_ai_02834_png,HIBOGI_AI_02834_png_jpg.rf.2d5dcd1d73719412c7cf9907f7c236ff.jpg,,2,0,mild,no_caries,0.4604,0.46041,0.4212,0.09398,0.02441
crops/hibogi_ai_02834_png_15.jpg,hibogi_ai_02834_png,HIBOGI_AI_02834_png_jpg.rf.2d5dcd1d73719412c7cf9907f7c236ff.jpg,,0,0,no_caries,no_caries,0.5018,0.50181,0.35636,0.11218,0.02965
crops/hibogi_ai_02834_png_16.jpg,hibogi_ai_02834_png,HIBOGI_AI_02834_png_jpg.rf.2d5dcd1d73719412c7cf9907f7c236ff.jpg,,5,0,advanced,advanced,0.8152,0.01809,0.04478,0.12191,0.81521
crops/hibogi_ai_02834_png_17.jpg,hibogi_ai_02834_png,HIBOGI_AI_02834_png_jpg.rf.2d5dcd1d73719412c7cf9907f7c236ff.jpg,,0,0,no_caries,no_caries,0.5413,0.54128,0.32608,0.09573,0.03691
crops/hibogi_ai_02834_png_18.jpg,hibogi_ai_02834_png,HIBOGI_AI_02834_png_jpg.rf.2d5dcd1d73719412c7cf9907f7c236ff.jpg,,0,0,no_caries,no_caries,0.6022,0.6022,0.28725,0.08916,0.02139
crops/hibogi_ai_02834_png_19.jpg,hibogi_ai_02834_png,HIBOGI_AI_02834_png_jpg.rf.2d5dcd1d73719412c7cf9907f7c236ff.jpg,,0,0,no_caries,no_caries,0.4129,0.41288,0.39538,0.15861,0.03313
crops/hibogi_ai_02834_png_20.jpg,hibogi_ai_02834_png,HIBOGI_AI_02834_png_jpg.rf.2d5dcd1d73719412c7cf9907f7c236ff.jpg,,0,0,no_caries,no_caries,0.5133,0.51333,0.36376,0.09106,0.03185
crops/hibogi_ai_02834_png_21.jpg,hibogi_ai_02834_png,HIBOGI_AI_02834_png_jpg.rf.2d5dcd1d73719412c7cf9907f7c236ff.jpg,,0,0,no_caries,moderate,0.4241,0.20381,0.29268,0.42407,0.07944
crops/hibogi_ai_02834_png_22.jpg,hibogi_ai_02834_png,HIBOGI_AI_02834_png_jpg.rf.2d5dcd1d73719412c7cf9907f7c236ff.jpg,,5,0,advanced,moderate,0.5029,0.06865,0.26284,0.5029,0.16561
crops/hibogi_ai_02855_png_0.jpg,hibogi_ai_02855_png,HIBOGI_AI_02855_png_jpg.rf.2ef6f88d6f74ab4f3f9c778eb3791e1e.jpg,,0,0,no_caries,no_caries,0.4457,0.44566,0.41581,0.11489,0.02364
crops/hibogi_ai_02855_png_1.jpg,hibogi_ai_02855_png,HIBOGI_AI_02855_png_jpg.rf.2ef6f88d6f74ab4f3f9c778eb3791e1e.jpg,,0,0,no_caries,no_caries,0.528,0.52802,0.34803,0.07848,0.04547
crops/hibogi_ai_02855_png_2.jpg,hibogi_ai_02855_png,HIBOGI_AI_02855_png_jpg.rf.2ef6f88d6f74ab4f3f9c778eb3791e1e.jpg,,0,0,no_caries,no_caries,0.5941,0.59406,0.26825,0.10545,0.03224
crops/hibogi_ai_02855_png_3.jpg,hibogi_ai_02855_png,HIBOGI_AI_02855_png_jpg.rf.2ef6f88d6f74ab4f3f9c778eb3791e1e.jpg,,3,0,moderate,mild,0.4522,0.10172,0.45218,0.37035,0.07575
crops/hibogi_ai_02855_png_4.jpg,hibogi_ai_02855_png,HIBOGI_AI_02855_png_jpg.rf.2ef6f88d6f74ab4f3f9c778eb3791e1e.jpg,,3,0,moderate,no_caries,0.6271,0.62708,0.2573,0.06933,0.04629
crops/hibogi_ai_02855_png_5.jpg,hibogi_ai_02855_png,HIBOGI_AI_02855_png_jpg.rf.2ef6f88d6f74ab4f3f9c778eb3791e1e.jpg,,1,0,mild,mild,0.6395,0.25825,0.63949,0.08314,0.01912
crops/hibogi_ai_02855_png_6.jpg,hibogi_ai_02855_png,HIBOGI_AI_02855_png_jpg.rf.2ef6f88d6f74ab4f3f9c778eb3791e1e.jpg,,0,0,no_caries,no_caries,0.4958,0.49581,0.38745,0.08081,0.03594
crops/hibogi_ai_02855_png_7.jpg,hibogi_ai_02855_png,HIBOGI_AI_02855_png_jpg.rf.2ef6f88d6f74ab4f3f9c778eb3791e1e.jpg,,0,0,no_caries,no_caries,0.5468,0.54676,0.21427,0.14189,0.09709
crops/hibogi_ai_02855_png_8.jpg,hibogi_ai_02855_png,HIBOGI_AI_02855_png_jpg.rf.2ef6f88d6f74ab4f3f9c778eb3791e1e.jpg,,0,0,no_caries,no_caries,0.7491,0.74913,0.16105,0.06204,0.02777
crops/hibogi_ai_02855_png_9.jpg,hibogi_ai_02855_png,HIBOGI_AI_02855_png_jpg.rf.2ef6f88d6f74ab4f3f9c778eb3791e1e.jpg,,0,0,no_caries,no_caries,0.7812,0.78124,0.12623,0.0621,0.03043
crops/hibogi_ai_02855_png_10.jpg,hibogi_ai_02855_png,HIBOGI_AI_02855_png_jpg.rf.2ef6f88d6f74ab4f3f9c778eb3791e1e.jpg,,0,0,no_caries,no_caries,0.5257,0.52574,0.38791,0.06202,0.02433
crops/hibogi_ai_02855_png_11.jpg,hibogi_ai_02855_png,HIBOGI_AI_02855_png_jpg.rf.2ef6f88d6f74ab4f3f9c778eb3791e1e.jpg,,0,0,no_caries,no_caries,0.5584,0.55837,0.35955,0.06156,0.02052
crops/hibogi_ai_02855_png_12.jpg,hibogi_ai_02855_png,HIBOGI_AI_02855_png_jpg.rf.2ef6f88d6f74ab4f3f9c778eb3791e1e.jpg,,0,0,no_caries,no_caries,0.612,0.61196,0.33694,0.04053,0.01057
crops/hibogi_ai_02855_png_13.jpg,hibogi_ai_02855_png,HIBOGI_AI_02855_png_jpg.rf.2ef6f88d6f74ab4f3f9c778eb3791e1e.jpg,,0,0,no_caries,mild,0.7402,0.20997,0.74019,0.0329,0.01694
crops/hibogi_ai_02855_png_14.jpg,hibogi_ai_02855_png,HIBOGI_AI_02855_png_jpg.rf.2ef6f88d6f74ab4f3f9c778eb3791e1e.jpg,,0,0,no_caries,no_caries,0.665,0.66499,0.25178,0.04876,0.03447
crops/hibogi_ai_02855_png_15.jpg,hibogi_ai_02855_png,HIBOGI_AI_02855_png_jpg.rf.2ef6f88d6f74ab4f3f9c778eb3791e1e.jpg,,0,0,no_caries,no_caries,0.6257,0.62566,0.24667,0.08269,0.04497
crops/hibogi_ai_02855_png_16.jpg,hibogi_ai_02855_png,HIBOGI_AI_02855_png_jpg.rf.2ef6f88d6f74ab4f3f9c778eb3791e1e.jpg,,0,0,no_caries,no_caries,0.5009,0.50087,0.29257,0.14395,0.0626
crops/hibogi_ai_02855_png_17.jpg,hibogi_ai_02855_png,HIBOGI_AI_02855_png_jpg.rf.2ef6f88d6f74ab4f3f9c778eb3791e1e.jpg,,0,0,no_caries,no_caries,0.5677,0.56769,0.27785,0.12187,0.03259
crops/hibogi_ai_02855_png_18.jpg,hibogi_ai_02855_png,HIBOGI_AI_02855_png_jpg.rf.2ef6f88d6f74ab4f3f9c778eb3791e1e.jpg,,0,0,no_caries,no_caries,0.6475,0.64753,0.24416,0.06557,0.04274
crops/hibogi_ai_02856_png_0.jpg,hibogi_ai_02856_png,HIBOGI_AI_02856_png_jpg.rf.7b42abe534f507d108f2b3ed1e2e3753.jpg,,2,0,mild,mild,0.5555,0.16457,0.55554,0.11787,0.16202
crops/hibogi_ai_02856_png_1.jpg,hibogi_ai_02856_png,HIBOGI_AI_02856_png_jpg.rf.7b42abe534f507d108f2b3ed1e2e3753.jpg,,0,0,no_caries,mild,0.4562,0.39344,0.45616,0.09248,0.05792
crops/hibogi_ai_02856_png_2.jpg,hibogi_ai_02856_png,HIBOGI_AI_02856_png_jpg.rf.7b42abe534f507d108f2b3ed1e2e3753.jpg,,1,0,mild,no_caries,0.5273,0.52733,0.34589,0.08053,0.04625
crops/hibogi_ai_02856_png_3.jpg,hibogi_ai_02856_png,HIBOGI_AI_02856_png_jpg.rf.7b42abe534f507d108f2b3ed1e2e3753.jpg,,0,0,no_caries,no_caries,0.7226,0.72262,0.16773,0.06512,0.04452
crops/hibogi_ai_02856_png_4.jpg,hibogi_ai_02856_png,HIBOGI_AI_02856_png_jpg.rf.7b42abe534f507d108f2b3ed1e2e3753.jpg,,1,0,mild,mild,0.5788,0.11648,0.57877,0.24547,0.05928
crops/hibogi_ai_02856_png_5.jpg,hibogi_ai_02856_png,HIBOGI_AI_02856_png_jpg.rf.7b42abe534f507d108f2b3ed1e2e3753.jpg,,1,0,mild,mild,0.7446,0.19362,0.74458,0.03591,0.0259
crops/hibogi_ai_02856_png_6.jpg,hibogi_ai_02856_png,HIBOGI_AI_02856_png_jpg.rf.7b42abe534f507d108f2b3ed1e2e3753.jpg,,1,0,mild,mild,0.4678,0.44492,0.46784,0.04625,0.041
crops/hibogi_ai_02856_png_7.jpg,hibogi_ai_02856_png,HIBOGI_AI_02856_png_jpg.rf.7b42abe534f507d108f2b3ed1e2e3753.jpg,,0,0,no_caries,no_caries,0.7519,0.75188,0.1684,0.04866,0.03106
crops/hibogi_ai_02856_png_8.jpg,hibogi_ai_02856_png,HIBOGI_AI_02856_png_jpg.rf.7b42abe534f507d108f2b3ed1e2e3753.jpg,,0,0,no_caries,no_caries,0.6741,0.67412,0.16578,0.10169,0.0584
crops/hibogi_ai_02856_png_9.jpg,hibogi_ai_02856_png,HIBOGI_AI_02856_png_jpg.rf.7b42abe534f507d108f2b3ed1e2e3753.jpg,,0,0,no_caries,no_caries,0.5374,0.53739,0.33065,0.09349,0.03846
crops/hibogi_ai_02856_png_10.jpg,hibogi_ai_02856_png,HIBOGI_AI_02856_png_jpg.rf.7b42abe534f507d108f2b3ed1e2e3753.jpg,,0,0,no_caries,no_caries,0.499,0.49897,0.37323,0.07246,0.05535
crops/hibogi_ai_02863_png_0.jpg,hibogi_ai_02863_png,HIBOGI_AI_02863_png_jpg.rf.ebe58b511aace90dff5feb6aff22c52a.jpg,,2,0,mild,mild,0.4039,0.36183,0.40392,0.17119,0.06306
crops/hibogi_ai_02863_png_1.jpg,hibogi_ai_02863_png,HIBOGI_AI_02863_png_jpg.rf.ebe58b511aace90dff5feb6aff22c52a.jpg,,5,0,advanced,advanced,0.9663,0.00542,0.02134,0.00697,0.96628
crops/hibogi_ai_02863_png_2.jpg,hibogi_ai_02863_png,HIBOGI_AI_02863_png_jpg.rf.ebe58b511aace90dff5feb6aff22c52a.jpg,,5,0,advanced,advanced,0.8925,0.01148,0.0623,0.03374,0.89248
crops/hibogi_ai_02863_png_3.jpg,hibogi_ai_02863_png,HIBOGI_AI_02863_png_jpg.rf.ebe58b511aace90dff5feb6aff22c52a.jpg,,2,0,mild,mild,0.5859,0.2329,0.58589,0.07003,0.11118
crops/hibogi_ai_02863_png_4.jpg,hibogi_ai_02863_png,HIBOGI_AI_02863_png_jpg.rf.ebe58b511aace90dff5feb6aff22c52a.jpg,,2,0,mild,mild,0.6738,0.21592,0.67376,0.04943,0.06089
crops/hibogi_ai_02863_png_5.jpg,hibogi_ai_02863_png,HIBOGI_AI_02863_png_jpg.rf.ebe58b511aace90dff5feb6aff22c52a.jpg,,2,0,mild,advanced,0.4336,0.23181,0.2868,0.04776,0.43363
crops/hibogi_ai_02863_png_6.jpg,hibogi_ai_02863_png,HIBOGI_AI_02863_png_jpg.rf.ebe58b511aace90dff5feb6aff22c52a.jpg,,2,0,mild,mild,0.3529,0.26423,0.35287,0.06158,0.32132
crops/hibogi_ai_02863_png_7.jpg,hibogi_ai_02863_png,HIBOGI_AI_02863_png_jpg.rf.ebe58b511aace90dff5feb6aff22c52a.jpg,,2,0,mild,mild,0.5417,0.22733,0.54165,0.14594,0.08507
crops/hibogi_ai_02863_png_8.jpg,hibogi_ai_02863_png,HIBOGI_AI_02863_png_jpg.rf.ebe58b511aace90dff5feb6aff22c52a.jpg,,2,0,mild,no_caries,0.4938,0.4938,0.35805,0.08968,0.05847
crops/hibogi_ai_02863_png_9.jpg,hibogi_ai_02863_png,HIBOGI_AI_02863_png_jpg.rf.ebe58b511aace90dff5feb6aff22c52a.jpg,,2,0,mild,mild,0.4928,0.38302,0.4928,0.06277,0.06142
crops/hibogi_ai_02863_png_10.jpg,hibogi_ai_02863_png,HIBOGI_AI_02863_png_jpg.rf.ebe58b511aace90dff5feb6aff22c52a.jpg,,2,0,mild,mild,0.5536,0.33566,0.55362,0.07325,0.03747
crops/hibogi_ai_02863_png_11.jpg,hibogi_ai_02863_png,HIBOGI_AI_02863_png_jpg.rf.ebe58b511aace90dff5feb6aff22c52a.jpg,,2,0,mild,mild,0.5681,0.34559,0.56809,0.03779,0.04853
crops/hibogi_ai_02863_png_12.jpg,hibogi_ai_02863_png,HIBOGI_AI_02863_png_jpg.rf.ebe58b511aace90dff5feb6aff22c52a.jpg,,2,0,mild,mild,0.4452,0.4034,0.44522,0.04658,0.10481
crops/hibogi_ai_02863_png_13.jpg,hibogi_ai_02863_png,HIBOGI_AI_02863_png_jpg.rf.ebe58b511aace90dff5feb6aff22c52a.jpg,,2,0,mild,no_caries,0.4828,0.4828,0.38046,0.08192,0.05483
crops/hibogi_ai_02866_png_0.jpg,hibogi_ai_02866_png,HIBOGI_AI_02866_png_jpg.rf.9ea303ba7c8e731f2042dad85d94d385.jpg,,1,0,mild,moderate,0.4022,0.21911,0.04778,0.40221,0.3309
crops/hibogi_ai_02866_png_1.jpg,hibogi_ai_02866_png,HIBOGI_AI_02866_png_jpg.rf.9ea303ba7c8e731f2042dad85d94d385.jpg,,2,0,mild,mild,0.8121,0.04607,0.81214,0.06169,0.0801
crops/hibogi_ai_02866_png_2.jpg,hibogi_ai_02866_png,HIBOGI_AI_02866_png_jpg.rf.9ea303ba7c8e731f2042dad85d94d385.jpg,,2,0,mild,mild,0.487,0.34964,0.48696,0.10718,0.05621
crops/hibogi_ai_02866_png_3.jpg,hibogi_ai_02866_png,HIBOGI_AI_02866_png_jpg.rf.9ea303ba7c8e731f2042dad85d94d385.jpg,,2,0,mild,mild,0.6077,0.20859,0.60766,0.08464,0.0991
crops/hibogi_ai_02866_png_4.jpg,hibogi_ai_02866_png,HIBOGI_AI_02866_png_jpg.rf.9ea303ba7c8e731f2042dad85d94d385.jpg,,2,0,mild,mild,0.7746,0.11931,0.77464,0.03937,0.06668
crops/hibogi_ai_02866_png_5.jpg,hibogi_ai_02866_png,HIBOGI_AI_02866_png_jpg.rf.9ea303ba7c8e731f2042dad85d94d385.jpg,,2,0,mild,mild,0.6529,0.17327,0.65291,0.0917,0.08212
crops/hibogi_ai_02866_png_6.jpg,hibogi_ai_02866_png,HIBOGI_AI_02866_png_jpg.rf.9ea303ba7c8e731f2042dad85d94d385.jpg,,2,0,mild,mild,0.6325,0.20553,0.63251,0.06372,0.09824
crops/hibogi_ai_02866_png_7.jpg,hibogi_ai_02866_png,HIBOGI_AI_02866_png_jpg.rf.9ea303ba7c8e731f2042dad85d94d385.jpg,,3,0,moderate,advanced,0.313,0.2627,0.21658,0.20768,0.31304
crops/hibogi_ai_02866_png_8.jpg,hibogi_ai_02866_png,HIBOGI_AI_02866_png_jpg.rf.9ea303ba7c8e731f2042dad85d94d385.jpg,,2,0,mild,mild,0.4891,0.40502,0.48912,0.04666,0.0592
crops/hibogi_ai_02866_png_9.jpg,hibogi_ai_02866_png,HIBOGI_AI_02866_png_jpg.rf.9ea303ba7c8e731f2042dad85d94d385.jpg,,2,0,mild,mild,0.6816,0.21826,0.68156,0.04992,0.05025
crops/hibogi_ai_02866_png_10.jpg,hibogi_ai_02866_png,HIBOGI_AI_02866_png_jpg.rf.9ea303ba7c8e731f2042dad85d94d385.jpg,,2,0,mild,mild,0.5923,0.2591,0.59228,0.1062,0.04242
crops/hibogi_ai_02866_png_11.jpg,hibogi_ai_02866_png,HIBOGI_AI_02866_png_jpg.rf.9ea303ba7c8e731f2042dad85d94d385.jpg,,2,0,mild,no_caries,0.582,0.58202,0.31026,0.06772,0.04
crops/hibogi_ai_02866_png_12.jpg,hibogi_ai_02866_png,HIBOGI_AI_02866_png_jpg.rf.9ea303ba7c8e731f2042dad85d94d385.jpg,,1,0,mild,mild,0.7313,0.17049,0.73131,0.07168,0.02652
crops/hibogi_ai_02866_png_13.jpg,hibogi_ai_02866_png,HIBOGI_AI_02866_png_jpg.rf.9ea303ba7c8e731f2042dad85d94d385.jpg,,1,0,mild,mild,0.6266,0.11638,0.62655,0.11603,0.14103
crops/hibogi_ai_02866_png_14.jpg,hibogi_ai_02866_png,HIBOGI_AI_02866_png_jpg.rf.9ea303ba7c8e731f2042dad85d94d385.jpg,,2,0,mild,mild,0.3164,0.13294,0.31637,0.30022,0.25047
crops/hibogi_ai_02866_png_15.jpg,hibogi_ai_02866_png,HIBOGI_AI_02866_png_jpg.rf.9ea303ba7c8e731f2042dad85d94d385.jpg,,2,0,mild,no_caries,0.5624,0.56235,0.21342,0.17572,0.0485
crops/hibogi_ai_02866_png_16.jpg,hibogi_ai_02866_png,HIBOGI_AI_02866_png_jpg.rf.9ea303ba7c8e731f2042dad85d94d385.jpg,,5,0,advanced,advanced,0.7745,0.0611,0.09342,0.07098,0.7745
crops/hibogi_ai_02866_png_17.jpg,hibogi_ai_02866_png,HIBOGI_AI_02866_png_jpg.rf.9ea303ba7c8e731f2042dad85d94d385.jpg,,1,0,mild,no_caries,0.5239,0.52392,0.10089,0.30793,0.06725
crops/hibogi_ai_02870_png_0.jpg,hibogi_ai_02870_png,HIBOGI_AI_02870_png_jpg.rf.f8b72b50ef2e469761170a19843ed0db.jpg,,3,0,moderate,moderate,0.8478,0.00983,0.04444,0.84785,0.09788
crops/hibogi_ai_02870_png_1.jpg,hibogi_ai_02870_png,HIBOGI_AI_02870_png_jpg.rf.f8b72b50ef2e469761170a19843ed0db.jpg,,3,0,moderate,mild,0.4657,0.18974,0.46572,0.29113,0.05341
crops/hibogi_ai_02870_png_2.jpg,hibogi_ai_02870_png,HIBOGI_AI_02870_png_jpg.rf.f8b72b50ef2e469761170a19843ed0db.jpg,,3,0,moderate,moderate,0.4429,0.05009,0.39827,0.4429,0.10874
crops/hibogi_ai_02870_png_3.jpg,hibogi_ai_02870_png,HIBOGI_AI_02870_png_jpg.rf.f8b72b50ef2e469761170a19843ed0db.jpg,,3,0,moderate,mild,0.4142,0.18062,0.41423,0.27097,0.13417
crops/hibogi_ai_02870_png_4.jpg,hibogi_ai_02870_png,HIBOGI_AI_02870_png_jpg.rf.f8b72b50ef2e469761170a19843ed0db.jpg,,0,0,no_caries,no_caries,0.5946,0.59461,0.23558,0.11894,0.05086
crops/hibogi_ai_02870_png_5.jpg,hibogi_ai_02870_png,HIBOGI_AI_02870_png_jpg.rf.f8b72b50ef2e469761170a19843ed0db.jpg,,0,0,no_caries,no_caries,0.8608,0.86077,0.04445,0.06822,0.02655
crops/hibogi_ai_02870_png_6.jpg,hibogi_ai_02870_png,HIBOGI_AI_02870_png_jpg.rf.f8b72b50ef2e469761170a19843ed0db.jpg,,2,0,mild,no_caries,0.6796,0.67964,0.11,0.13956,0.0708
crops/hibogi_ai_02870_png_7.jpg,hibogi_ai_02870_png,HIBOGI_AI_02870_png_jpg.rf.f8b72b50ef2e469761170a19843ed0db.jpg,,2,0,mild,no_caries,0.6119,0.6119,0.18659,0.16,0.0415
crops/hibogi_ai_02870_png_8.jpg,hibogi_ai_02870_png,HIBOGI_AI_02870_png_jpg.rf.f8b72b50ef2e469761170a19843ed0db.jpg,,2,0,mild,no_caries,0.6841,0.68408,0.12542,0.14794,0.04255
crops/hibogi_ai_02870_png_9.jpg,hibogi_ai_02870_png,HIBOGI_AI_02870_png_jpg.rf.f8b72b50ef2e469761170a19843ed0db.jpg,,0,0,no_caries,mild,0.4446,0.31957,0.44462,0.21958,0.01623
crops/hibogi_ai_02870_png_10.jpg,hibogi_ai_02870_png,HIBOGI_AI_02870_png_jpg.rf.f8b72b50ef2e469761170a19843ed0db.jpg,,3,0,moderate,moderate,0.517,0.18015,0.23046,0.51705,0.07235
crops/hibogi_ai_02870_png_11.jpg,hibogi_ai_02870_png,HIBOGI_AI_02870_png_jpg.rf.f8b72b50ef2e469761170a19843ed0db.jpg,,3,0,moderate,moderate,0.8413,0.019,0.07888,0.84133,0.06079
crops/hibogi_ai_02870_png_12.jpg,hibogi_ai_02870_png,HIBOGI_AI_02870_png_jpg.rf.f8b72b50ef2e469761170a19843ed0db.jpg,,3,0,moderate,moderate,0.4722,0.03791,0.42255,0.47223,0.06731
crops/hibogi_ai_02870_png_13.jpg,hibogi_ai_02870_png,HIBOGI_AI_02870_png_jpg.rf.f8b72b50ef2e469761170a19843ed0db.jpg,,3,0,moderate,moderate,0.4538,0.03133,0.32527,0.4538,0.18961
crops/hibogi_ai_02897_png_0.jpg,hibogi_ai_02897_png,HIBOGI_AI_02897_png_jpg.rf.d6af8a7d35d0f888142df70b99dcfaf0.jpg,,3,0,moderate,advanced,0.7477,0.01653,0.02586,0.20988,0.74773
crops/hibogi_ai_02897_png_1.jpg,hibogi_ai_02897_png,HIBOGI_AI_02897_png_jpg.rf.d6af8a7d35d0f888142df70b99dcfaf0.jpg,,3,0,moderate,moderate,0.38,0.23172,0.23677,0.37996,0.15155
crops/hibogi_ai_02897_png_2.jpg,hibogi_ai_02897_png,HIBOGI_AI_02897_png_jpg.rf.d6af8a7d35d0f888142df70b99dcfaf0.jpg,,0,0,no_caries,no_caries,0.4959,0.49587,0.35301,0.10655,0.04457
crops/hibogi_ai_02897_png_3.jpg,hibogi_ai_02897_png,HIBOGI_AI_02897_png_jpg.rf.d6af8a7d35d0f888142df70b99dcfaf0.jpg,,0,0,no_caries,no_caries,0.834,0.83401,0.09895,0.04899,0.01805
crops/hibogi_ai_02897_png_4.jpg,hibogi_ai_02897_png,HIBOGI_AI_02897_png_jpg.rf.d6af8a7d35d0f888142df70b99dcfaf0.jpg,,0,0,no_caries,no_caries,0.7081,0.70808,0.13671,0.08517,0.07004
crops/hibogi_ai_02897_png_5.jpg,hibogi_ai_02897_png,HIBOGI_AI_02897_png_jpg.rf.d6af8a7d35d0f888142df70b99dcfaf0.jpg,,0,0,no_caries,no_caries,0.7864,0.78643,0.07296,0.07463,0.06598
crops/hibogi_ai_02897_png_6.jpg,hibogi_ai_02897_png,HIBOGI_AI_02897_png_jpg.rf.d6af8a7d35d0f888142df70b99dcfaf0.jpg,,0,0,no_caries,no_caries,0.7354,0.73536,0.14539,0.07232,0.04693
crops/hibogi_ai_02897_png_7.jpg,hibogi_ai_02897_png,HIBOGI_AI_02897_png_jpg.rf.d6af8a7d35d0f888142df70b99dcfaf0.jpg,,0,0,no_caries,no_caries,0.7916,0.79161,0.15238,0.03971,0.0163
crops/hibogi_ai_02897_png_8.jpg,hibogi_ai_02897_png,HIBOGI_AI_02897_png_jpg.rf.d6af8a7d35d0f888142df70b99dcfaf0.jpg,,0,0,no_caries,no_caries,0.6466,0.64656,0.22913,0.08089,0.04342
crops/hibogi_ai_02897_png_9.jpg,hibogi_ai_02897_png,HIBOGI_AI_02897_png_jpg.rf.d6af8a7d35d0f888142df70b99dcfaf0.jpg,,3,0,moderate,moderate,0.3705,0.27182,0.27378,0.37048,0.08392
crops/hibogi_ai_02897_png_10.jpg,hibogi_ai_02897_png,HIBOGI_AI_02897_png_jpg.rf.d6af8a7d35d0f888142df70b99dcfaf0.jpg,,5,0,advanced,moderate,0.5131,0.06176,0.17252,0.51309,0.25263
crops/hibogi_ai_02930_png_0.jpg,hibogi_ai_02930_png,HIBOGI_AI_02930_png_jpg.rf.5b7aec05cfb0d9dff387b9c261d202b5.jpg,,0,0,no_caries,no_caries,0.531,0.53098,0.35889,0.06633,0.04381
crops/hibogi_ai_02930_png_1.jpg,hibogi_ai_02930_png,HIBOGI_AI_02930_png_jpg.rf.5b7aec05cfb0d9dff387b9c261d202b5.jpg,,0,0,no_caries,no_caries,0.7098,0.70976,0.15417,0.08661,0.04945
crops/hibogi_ai_02930_png_2.jpg,hibogi_ai_02930_png,HIBOGI_AI_02930_png_jpg.rf.5b7aec05cfb0d9dff387b9c261d202b5.jpg,,0,0,no_caries,no_caries,0.7066,0.70659,0.14351,0.08822,0.06168
crops/hibogi_ai_02930_png_3.jpg,hibogi_ai_02930_png,HIBOGI_AI_02930_png_jpg.rf.5b7aec05cfb0d9dff387b9c261d202b5.jpg,,0,0,no_caries,no_caries,0.7076,0.70765,0.12323,0.09631,0.07281
crops/hibogi_ai_02930_png_4.jpg,hibogi_ai_02930_png,HIBOGI_AI_02930_png_jpg.rf.5b7aec05cfb0d9dff387b9c261d202b5.jpg,,0,0,no_caries,no_caries,0.6766,0.67658,0.09496,0.16295,0.06551
crops/hibogi_ai_02930_png_5.jpg,hibogi_ai_02930_png,HIBOGI_AI_02930_png_jpg.rf.5b7aec05cfb0d9dff387b9c261d202b5.jpg,,0,0,no_caries,no_caries,0.5806,0.58062,0.13191,0.25143,0.03604
crops/hibogi_ai_02930_png_6.jpg,hibogi_ai_02930_png,HIBOGI_AI_02930_png_jpg.rf.5b7aec05cfb0d9dff387b9c261d202b5.jpg,,2,0,mild,no_caries,0.3979,0.3979,0.25112,0.3127,0.03828
crops/hibogi_ai_02930_png_7.jpg,hibogi_ai_02930_png,HIBOGI_AI_02930_png_jpg.rf.5b7aec05cfb0d9dff387b9c261d202b5.jpg,,0,0,no_caries,no_caries,0.71,0.71003,0.1856,0.07185,0.03252
crops/hibogi_ai_02930_png_8.jpg,hibogi_ai_02930_png,HIBOGI_AI_02930_png_jpg.rf.5b7aec05cfb0d9dff387b9c261d202b5.jpg,,0,0,no_caries,no_caries,0.5421,0.54212,0.26276,0.13365,0.06147
crops/hibogi_ai_02930_png_9.jpg,hibogi_ai_02930_png,HIBOGI_AI_02930_png_jpg.rf.5b7aec05cfb0d9dff387b9c261d202b5.jpg,,0,0,no_caries,no_caries,0.717,0.71695,0.13303,0.09044,0.05958
crops/hibogi_ai_02930_png_10.jpg,hibogi_ai_02930_png,HIBOGI_AI_02930_png_jpg.rf.5b7aec05cfb0d9dff387b9c261d202b5.jpg,,0,0,no_caries,no_caries,0.7894,0.78936,0.08681,0.08209,0.04174
crops/hibogi_ai_02930_png_11.jpg,hibogi_ai_02930_png,HIBOGI_AI_02930_png_jpg.rf.5b7aec05cfb0d9dff387b9c261d202b5.jpg,,0,0,no_caries,no_caries,0.8052,0.80519,0.07753,0.06635,0.05093
crops/hibogi_ai_02930_png_12.jpg,hibogi_ai_02930_png,HIBOGI_AI_02930_png_jpg.rf.5b7aec05cfb0d9dff387b9c261d202b5.jpg,,0,0,no_caries,no_caries,0.7937,0.79374,0.09215,0.08173,0.03239
crops/hibogi_ai_02930_png_13.jpg,hibogi_ai_02930_png,HIBOGI_AI_02930_png_jpg.rf.5b7aec05cfb0d9dff387b9c261d202b5.jpg,,0,0,no_caries,no_caries,0.6737,0.6737,0.12979,0.17209,0.02443
crops/hibogi_ai_02956_png_0.jpg,hibogi_ai_02956_png,HIBOGI_AI_02956_png_jpg.rf.21c76aab99ed52a5b4a1d2ffd54e58d9.jpg,,2,0,mild,mild,0.6019,0.3354,0.60191,0.04164,0.02105
crops/hibogi_ai_02956_png_1.jpg,hibogi_ai_02956_png,HIBOGI_AI_02956_png_jpg.rf.21c76aab99ed52a5b4a1d2ffd54e58d9.jpg,,2,0,mild,mild,0.5634,0.28463,0.56338,0.0802,0.07179
crops/hibogi_ai_02956_png_2.jpg,hibogi_ai_02956_png,HIBOGI_AI_02956_png_jpg.rf.21c76aab99ed52a5b4a1d2ffd54e58d9.jpg,,2,0,mild,no_caries,0.5631,0.56308,0.30522,0.08097,0.05073
crops/hibogi_ai_02956_png_3.jpg,hibogi_ai_02956_png,HIBOGI_AI_02956_png_jpg.rf.21c76aab99ed52a5b4a1d2ffd54e58d9.jpg,,2,0,mild,no_caries,0.6042,0.60419,0.28484,0.07042,0.04055
crops/hibogi_ai_02956_png_4.jpg,hibogi_ai_02956_png,HIBOGI_AI_02956_png_jpg.rf.21c76aab99ed52a5b4a1d2ffd54e58d9.jpg,,5,0,advanced,no_caries,0.2947,0.29473,0.27469,0.22002,0.21056
crops/hibogi_ai_02956_png_5.jpg,hibogi_ai_02956_png,HIBOGI_AI_02956_png_jpg.rf.21c76aab99ed52a5b4a1d2ffd54e58d9.jpg,,5,0,advanced,mild,0.5328,0.2506,0.53281,0.16694,0.04965
crops/hibogi_ai_02956_png_6.jpg,hibogi_ai_02956_png,HIBOGI_AI_02956_png_jpg.rf.21c76aab99ed52a5b4a1d2ffd54e58d9.jpg,,5,0,advanced,mild,0.5249,0.38239,0.52489,0.05884,0.03388
crops/hibogi_ai_02956_png_7.jpg,hibogi_ai_02956_png,HIBOGI_AI_02956_png_jpg.rf.21c76aab99ed52a5b4a1d2ffd54e58d9.jpg,,5,0,advanced,mild,0.597,0.30555,0.59698,0.06527,0.03221
crops/hibogi_ai_02956_png_8.jpg,hibogi_ai_02956_png,HIBOGI_AI_02956_png_jpg.rf.21c76aab99ed52a5b4a1d2ffd54e58d9.jpg,,5,0,advanced,advanced,0.4228,0.15735,0.36606,0.05375,0.42284
crops/hibogi_ai_02956_png_9.jpg,hibogi_ai_02956_png,HIBOGI_AI_02956_png_jpg.rf.21c76aab99ed52a5b4a1d2ffd54e58d9.jpg,,4,0,moderate,mild,0.7463,0.16091,0.74633,0.03692,0.05583
crops/hibogi_ai_02956_png_10.jpg,hibogi_ai_02956_png,HIBOGI_AI_02956_png_jpg.rf.21c76aab99ed52a5b4a1d2ffd54e58d9.jpg,,2,0,mild,no_caries,0.4933,0.49328,0.31207,0.10542,0.08922
crops/hibogi_ai_02956_png_11.jpg,hibogi_ai_02956_png,HIBOGI_AI_02956_png_jpg.rf.21c76aab99ed52a5b4a1d2ffd54e58d9.jpg,,2,0,mild,no_caries,0.4955,0.49549,0.34844,0.08247,0.07359
crops/hibogi_ai_02956_png_12.jpg,hibogi_ai_02956_png,HIBOGI_AI_02956_png_jpg.rf.21c76aab99ed52a5b4a1d2ffd54e58d9.jpg,,2,0,mild,no_caries,0.7221,0.72209,0.15649,0.07186,0.04957
crops/hibogi_ai_02956_png_13.jpg,hibogi_ai_02956_png,HIBOGI_AI_02956_png_jpg.rf.21c76aab99ed52a5b4a1d2ffd54e58d9.jpg,,2,0,mild,no_caries,0.6042,0.60416,0.25111,0.10398,0.04076
crops/hibogi_ai_02956_png_14.jpg,hibogi_ai_02956_png,HIBOGI_AI_02956_png_jpg.rf.21c76aab99ed52a5b4a1d2ffd54e58d9.jpg,,2,0,mild,no_caries,0.5688,0.56884,0.34511,0.06221,0.02385
crops/hibogi_ai_02956_png_15.jpg,hibogi_ai_02956_png,HIBOGI_AI_02956_png_jpg.rf.21c76aab99ed52a5b4a1d2ffd54e58d9.jpg,,2,0,mild,no_caries,0.4405,0.44053,0.40114,0.12154,0.0368
crops/hibogi_ai_02956_png_16.jpg,hibogi_ai_02956_png,HIBOGI_AI_02956_png_jpg.rf.21c76aab99ed52a5b4a1d2ffd54e58d9.jpg,,2,0,mild,mild,0.7047,0.21711,0.70474,0.05713,0.02103
crops/hibogi_ai_02956_png_17.jpg,hibogi_ai_02956_png,HIBOGI_AI_02956_png_jpg.rf.21c76aab99ed52a5b4a1d2ffd54e58d9.jpg,,2,0,mild,no_caries,0.5098,0.50985,0.27924,0.18414,0.02677
crops/hibogi_ai_02956_png_18.jpg,hibogi_ai_02956_png,HIBOGI_AI_02956_png_jpg.rf.21c76aab99ed52a5b4a1d2ffd54e58d9.jpg,,4,0,moderate,moderate,0.4612,0.29925,0.07166,0.46117,0.16792
crops/hibogi_ai_02960_png_0.jpg,hibogi_ai_02960_png,HIBOGI_AI_02960_png_jpg.rf.307ff1189987238eb9eee6b18b385e4e.jpg,,0,0,no_caries,mild,0.4419,0.14818,0.44188,0.37945,0.03049
crops/hibogi_ai_02960_png_1.jpg,hibogi_ai_02960_png,HIBOGI_AI_02960_png_jpg.rf.307ff1189987238eb9eee6b18b385e4e.jpg,,5,0,advanced,advanced,0.5813,0.00287,0.02162,0.39417,0.58133
crops/hibogi_ai_02960_png_2.jpg,hibogi_ai_02960_png,HIBOGI_AI_02960_png_jpg.rf.307ff1189987238eb9eee6b18b385e4e.jpg,,6,0,advanced,advanced,0.6564,0.03164,0.08323,0.22876,0.65637
crops/hibogi_ai_02960_png_3.jpg,hibogi_ai_02960_png,HIBOGI_AI_02960_png_jpg.rf.307ff1189987238eb9eee6b18b385e4e.jpg,,3,0,moderate,moderate,0.4134,0.24039,0.22632,0.41344,0.11985
crops/hibogi_ai_02960_png_4.jpg,hibogi_ai_02960_png,HIBOGI_AI_02960_png_jpg.rf.307ff1189987238eb9eee6b18b385e4e.jpg,,0,0,no_caries,mild,0.3525,0.15348,0.35245,0.31349,0.18058
crops/hibogi_ai_02960_png_5.jpg,hibogi_ai_02960_png,HIBOGI_AI_02960_png_jpg.rf.307ff1189987238eb9eee6b18b385e4e.jpg,,0,0,no_caries,mild,0.5265,0.21503,0.52648,0.19625,0.06224
crops/hibogi_ai_02960_png_6.jpg,hibogi_ai_02960_png,HIBOGI_AI_02960_png_jpg.rf.307ff1189987238eb9eee6b18b385e4e.jpg,,0,0,no_caries,no_caries,0.5566,0.55665,0.26448,0.09769,0.08119
crops/hibogi_ai_02960_png_7.jpg,hibogi_ai_02960_png,HIBOGI_AI_02960_png_jpg.rf.307ff1189987238eb9eee6b18b385e4e.jpg,,0,0,no_caries,mild,0.4489,0.37222,0.4489,0.10776,0.07112
crops/hibogi_ai_02960_png_8.jpg,hibogi_ai_02960_png,HIBOGI_AI_02960_png_jpg.rf.307ff1189987238eb9eee6b18b385e4e.jpg,,0,0,no_caries,no_caries,0.4781,0.4781,0.29474,0.16912,0.05804
crops/hibogi_ai_02960_png_9.jpg,hibogi_ai_02960_png,HIBOGI_AI_02960_png_jpg.rf.307ff1189987238eb9eee6b18b385e4e.jpg,,0,0,no_caries,no_caries,0.5966,0.5966,0.1888,0.16813,0.04647
crops/hibogi_ai_02960_png_10.jpg,hibogi_ai_02960_png,HIBOGI_AI_02960_png_jpg.rf.307ff1189987238eb9eee6b18b385e4e.jpg,,0,0,no_caries,no_caries,0.4156,0.41557,0.32732,0.22726,0.02984
crops/hibogi_ai_02960_png_11.jpg,hibogi_ai_02960_png,HIBOGI_AI_02960_png_jpg.rf.307ff1189987238eb9eee6b18b385e4e.jpg,,0,0,no_caries,no_caries,0.3979,0.39788,0.37995,0.16894,0.05323
crops/hibogi_ai_02960_png_12.jpg,hibogi_ai_02960_png,HIBOGI_AI_02960_png_jpg.rf.307ff1189987238eb9eee6b18b385e4e.jpg,,5,0,advanced,advanced,0.6564,0.05881,0.10476,0.18006,0.65637
crops/hibogi_ai_02960_png_13.jpg,hibogi_ai_02960_png,HIBOGI_AI_02960_png_jpg.rf.307ff1189987238eb9eee6b18b385e4e.jpg,,3,0,moderate,moderate,0.5975,0.01957,0.07809,0.59755,0.30479
crops/hibogi_ai_02961_png_0.jpg,hibogi_ai_02961_png,HIBOGI_AI_02961_png_jpg.rf.4d17fa852881c602b3fb111547519420.jpg,,3,0,moderate,mild,0.4855,0.21746,0.48546,0.17999,0.1171
crops/hibogi_ai_02961_png_1.jpg,hibogi_ai_02961_png,HIBOGI_AI_02961_png_jpg.rf.4d17fa852881c602b3fb111547519420.jpg,,3,0,moderate,mild,0.5498,0.08686,0.5498,0.18612,0.17722
crops/hibogi_ai_02961_png_2.jpg,hibogi_ai_02961_png,HIBOGI_AI_02961_png_jpg.rf.4d17fa852881c602b3fb111547519420.jpg,,3,0,moderate,mild,0.5349,0.09771,0.5349,0.21033,0.15707
crops/hibogi_ai_02961_png_3.jpg,hibogi_ai_02961_png,HIBOGI_AI_02961_png_jpg.rf.4d17fa852881c602b3fb111547519420.jpg,,3,0,moderate,mild,0.812,0.04471,0.81204,0.04993,0.09332
crops/hibogi_ai_02961_png_4.jpg,hibogi_ai_02961_png,HIBOGI_AI_02961_png_jpg.rf.4d17fa852881c602b3fb111547519420.jpg,,3,0,moderate,mild,0.495,0.01602,0.49501,0.29465,0.19432
crops/hibogi_ai_02961_png_5.jpg,hibogi_ai_02961_png,HIBOGI_AI_02961_png_jpg.rf.4d17fa852881c602b3fb111547519420.jpg,,3,0,moderate,mild,0.5399,0.1034,0.53989,0.26874,0.08797
crops/hibogi_ai_02961_png_6.jpg,hibogi_ai_02961_png,HIBOGI_AI_02961_png_jpg.rf.4d17fa852881c602b3fb111547519420.jpg,,3,0,moderate,mild,0.4549,0.19929,0.45494,0.16382,0.18195
crops/hibogi_ai_02961_png_7.jpg,hibogi_ai_02961_png,HIBOGI_AI_02961_png_jpg.rf.4d17fa852881c602b3fb111547519420.jpg,,0,0,no_caries,moderate,0.4634,0.18193,0.19458,0.46342,0.16008
crops/hibogi_ai_02961_png_8.jpg,hibogi_ai_02961_png,HIBOGI_AI_02961_png_jpg.rf.4d17fa852881c602b3fb111547519420.jpg,,0,0,no_caries,no_caries,0.6158,0.61579,0.22988,0.09802,0.05631
crops/hibogi_ai_02961_png_9.jpg,hibogi_ai_02961_png,HIBOGI_AI_02961_png_jpg.rf.4d17fa852881c602b3fb111547519420.jpg,,0,0,no_caries,mild,0.5126,0.25182,0.51262,0.11547,0.12009
crops/hibogi_ai_02961_png_10.jpg,hibogi_ai_02961_png,HIBOGI_AI_02961_png_jpg.rf.4d17fa852881c602b3fb111547519420.jpg,,3,0,moderate,mild,0.6268,0.03746,0.62683,0.07469,0.26102
crops/hibogi_ai_02961_png_11.jpg,hibogi_ai_02961_png,HIBOGI_AI_02961_png_jpg.rf.4d17fa852881c602b3fb111547519420.jpg,,3,0,moderate,mild,0.7854,0.01396,0.7854,0.05202,0.14862
crops/hibogi_ai_02961_png_12.jpg,hibogi_ai_02961_png,HIBOGI_AI_02961_png_jpg.rf.4d17fa852881c602b3fb111547519420.jpg,,3,0,moderate,mild,0.8062,0.03246,0.80624,0.09471,0.06659
crops/hibogi_ai_02961_png_13.jpg,hibogi_ai_02961_png,HIBOGI_AI_02961_png_jpg.rf.4d17fa852881c602b3fb111547519420.jpg,,3,0,moderate,mild,0.5768,0.01684,0.57679,0.12895,0.27742
crops/hibogi_ai_02961_png_14.jpg,hibogi_ai_02961_png,HIBOGI_AI_02961_png_jpg.rf.4d17fa852881c602b3fb111547519420.jpg,,3,0,moderate,mild,0.5517,0.03653,0.55173,0.15983,0.25191
crops/hibogi_ai_02961_png_15.jpg,hibogi_ai_02961_png,HIBOGI_AI_02961_png_jpg.rf.4d17fa852881c602b3fb111547519420.jpg,,3,0,moderate,mild,0.8199,0.06017,0.81988,0.0538,0.06616
crops/hibogi_ai_02961_png_16.jpg,hibogi_ai_02961_png,HIBOGI_AI_02961_png_jpg.rf.4d17fa852881c602b3fb111547519420.jpg,,3,0,moderate,mild,0.558,0.22679,0.55797,0.10025,0.115
crops/hibogi_ai_02961_png_17.jpg,hibogi_ai_02961_png,HIBOGI_AI_02961_png_jpg.rf.4d17fa852881c602b3fb111547519420.jpg,,3,0,moderate,mild,0.4263,0.20031,0.42634,0.26307,0.11029
crops/hibogi_ai_02968_png_0.jpg,hibogi_ai_02968_png,HIBOGI_AI_02968_png_jpg.rf.498a1c8dd5897cc6356ca9e8f629a956.jpg,,2,0,mild,mild,0.4961,0.04916,0.49605,0.11624,0.33855
crops/hibogi_ai_02968_png_1.jpg,hibogi_ai_02968_png,HIBOGI_AI_02968_png_jpg.rf.498a1c8dd5897cc6356ca9e8f629a956.jpg,,0,0,no_caries,no_caries,0.5372,0.53722,0.33009,0.09245,0.04024
crops/hibogi_ai_02968_png_2.jpg,hibogi_ai_02968_png,HIBOGI_AI_02968_png_jpg.rf.498a1c8dd5897cc6356ca9e8f629a956.jpg,,0,0,no_caries,no_caries,0.5613,0.5613,0.29888,0.09205,0.04778
crops/hibogi_ai_02968_png_3.jpg,hibogi_ai_02968_png,HIBOGI_AI_02968_png_jpg.rf.498a1c8dd5897cc6356ca9e8f629a956.jpg,,0,0,no_caries,no_caries,0.6348,0.63476,0.19307,0.11546,0.05671
crops/hibogi_ai_02968_png_4.jpg,hibogi_ai_02968_png,HIBOGI_AI_02968_png_jpg.rf.498a1c8dd5897cc6356ca9e8f629a956.jpg,,0,0,no_caries,no_caries,0.8054,0.80538,0.06275,0.09501,0.03686
crops/hibogi_ai_02968_png_5.jpg,hibogi_ai_02968_png,HIBOGI_AI_02968_png_jpg.rf.498a1c8dd5897cc6356ca9e8f629a956.jpg,,0,0,no_caries,no_caries,0.7765,0.77655,0.05163,0.12121,0.05061
crops/hibogi_ai_02968_png_6.jpg,hibogi_ai_02968_png,HIBOGI_AI_02968_png_jpg.rf.498a1c8dd5897cc6356ca9e8f629a956.jpg,,0,0,no_caries,no_caries,0.7411,0.74112,0.06336,0.15965,0.03587
crops/hibogi_ai_02968_png_7.jpg,hibogi_ai_02968_png,HIBOGI_AI_02968_png_jpg.rf.498a1c8dd5897cc6356ca9e8f629a956.jpg,,0,0,no_caries,no_caries,0.721,0.72098,0.18065,0.06022,0.03816
crops/hibogi_ai_02968_png_8.jpg,hibogi_ai_02968_png,HIBOGI_AI_02968_png_jpg.rf.498a1c8dd5897cc6356ca9e8f629a956.jpg,,0,0,no_caries,no_caries,0.6709,0.67089,0.21383,0.07084,0.04445
crops/hibogi_ai_02968_png_9.jpg,hibogi_ai_02968_png,HIBOGI_AI_02968_png_jpg.rf.498a1c8dd5897cc6356ca9e8f629a956.jpg,,0,0,no_caries,no_caries,0.7527,0.75266,0.13263,0.07718,0.03752
crops/hibogi_ai_02968_png_10.jpg,hibogi_ai_02968_png,HIBOGI_AI_02968_png_jpg.rf.498a1c8dd5897cc6356ca9e8f629a956.jpg,,0,0,no_caries,no_caries,0.8779,0.87786,0.04262,0.05931,0.02021
crops/hibogi_ai_02974_png_0.jpg,hibogi_ai_02974_png,HIBOGI_AI_02974_png_jpg.rf.1c6a555288b00b02f24171b0f8a13e0c.jpg,,0,0,no_caries,no_caries,0.7277,0.72772,0.11591,0.11292,0.04345
crops/hibogi_ai_02974_png_1.jpg,hibogi_ai_02974_png,HIBOGI_AI_02974_png_jpg.rf.1c6a555288b00b02f24171b0f8a13e0c.jpg,,2,0,mild,moderate,0.4683,0.07269,0.34713,0.46829,0.1119
crops/hibogi_ai_02974_png_2.jpg,hibogi_ai_02974_png,HIBOGI_AI_02974_png_jpg.rf.1c6a555288b00b02f24171b0f8a13e0c.jpg,,2,0,mild,mild,0.5325,0.05,0.53248,0.29013,0.1274
crops/hibogi_ai_02974_png_3.jpg,hibogi_ai_02974_png,HIBOGI_AI_02974_png_jpg.rf.1c6a555288b00b02f24171b0f8a13e0c.jpg,,5,0,advanced,moderate,0.4851,0.02691,0.04623,0.48515,0.44171
crops/hibogi_ai_02974_png_4.jpg,hibogi_ai_02974_png,HIBOGI_AI_02974_png_jpg.rf.1c6a555288b00b02f24171b0f8a13e0c.jpg,,0,0,no_caries,no_caries,0.6263,0.62632,0.27588,0.06771,0.03008
crops/hibogi_ai_02974_png_5.jpg,hibogi_ai_02974_png,HIBOGI_AI_02974_png_jpg.rf.1c6a555288b00b02f24171b0f8a13e0c.jpg,,0,0,no_caries,no_caries,0.611,0.61098,0.27844,0.06203,0.04855
crops/hibogi_ai_02974_png_6.jpg,hibogi_ai_02974_png,HIBOGI_AI_02974_png_jpg.rf.1c6a555288b00b02f24171b0f8a13e0c.jpg,,0,0,no_caries,no_caries,0.7605,0.76053,0.15338,0.04855,0.03754
crops/hibogi_ai_02974_png_7.jpg,hibogi_ai_02974_png,HIBOGI_AI_02974_png_jpg.rf.1c6a555288b00b02f24171b0f8a13e0c.jpg,,0,0,no_caries,no_caries,0.8162,0.81622,0.09196,0.06692,0.0249
crops/hibogi_ai_02974_png_8.jpg,hibogi_ai_02974_png,HIBOGI_AI_02974_png_jpg.rf.1c6a555288b00b02f24171b0f8a13e0c.jpg,,0,0,no_caries,no_caries,0.6652,0.66522,0.24068,0.0666,0.0275
crops/hibogi_ai_02981_png_0.jpg,hibogi_ai_02981_png,HIBOGI_AI_02981_png_jpg.rf.7b60c0527c4b609ecf6ad7f44be6714b.jpg,,0,0,no_caries,moderate,0.545,0.06109,0.2706,0.54503,0.12327
crops/hibogi_ai_02981_png_1.jpg,hibogi_ai_02981_png,HIBOGI_AI_02981_png_jpg.rf.7b60c0527c4b609ecf6ad7f44be6714b.jpg,,5,0,advanced,mild,0.4869,0.04489,0.48687,0.10702,0.36122
crops/hibogi_ai_02981_png_2.jpg,hibogi_ai_02981_png,HIBOGI_AI_02981_png_jpg.rf.7b60c0527c4b609ecf6ad7f44be6714b.jpg,,0,0,no_caries,no_caries,0.6313,0.63127,0.2216,0.10673,0.0404
crops/hibogi_ai_02981_png_3.jpg,hibogi_ai_02981_png,HIBOGI_AI_02981_png_jpg.rf.7b60c0527c4b609ecf6ad7f44be6714b.jpg,,0,0,no_caries,no_caries,0.8512,0.8512,0.08728,0.04774,0.01378
crops/hibogi_ai_02981_png_4.jpg,hibogi_ai_02981_png,HIBOGI_AI_02981_png_jpg.rf.7b60c0527c4b609ecf6ad7f44be6714b.jpg,,0,0,no_caries,no_caries,0.823,0.82298,0.07555,0.07033,0.03115
crops/hibogi_ai_02981_png_5.jpg,hibogi_ai_02981_png,HIBOGI_AI_02981_png_jpg.rf.7b60c0527c4b609ecf6ad7f44be6714b.jpg,,0,0,no_caries,no_caries,0.7784,0.77838,0.1201,0.08369,0.01783
crops/hibogi_ai_02981_png_6.jpg,hibogi_ai_02981_png,HIBOGI_AI_02981_png_jpg.rf.7b60c0527c4b609ecf6ad7f44be6714b.jpg,,0,0,no_caries,no_caries,0.8828,0.8828,0.05456,0.04551,0.01713
crops/hibogi_ai_02981_png_7.jpg,hibogi_ai_02981_png,HIBOGI_AI_02981_png_jpg.rf.7b60c0527c4b609ecf6ad7f44be6714b.jpg,,0,0,no_caries,no_caries,0.8254,0.82541,0.06629,0.0852,0.0231
crops/hibogi_ai_02981_png_8.jpg,hibogi_ai_02981_png,HIBOGI_AI_02981_png_jpg.rf.7b60c0527c4b609ecf6ad7f44be6714b.jpg,,0,0,no_caries,no_caries,0.6519,0.65185,0.18639,0.1269,0.03485
crops/hibogi_ai_02981_png_9.jpg,hibogi_ai_02981_png,HIBOGI_AI_02981_png_jpg.rf.7b60c0527c4b609ecf6ad7f44be6714b.jpg,,0,0,no_caries,no_caries,0.6924,0.69241,0.17805,0.08288,0.04667
crops/hibogi_ai_02981_png_10.jpg,hibogi_ai_02981_png,HIBOGI_AI_02981_png_jpg.rf.7b60c0527c4b609ecf6ad7f44be6714b.jpg,,0,0,no_caries,no_caries,0.8171,0.81714,0.0369,0.12589,0.02007
crops/hibogi_ai_02981_png_11.jpg,hibogi_ai_02981_png,HIBOGI_AI_02981_png_jpg.rf.7b60c0527c4b609ecf6ad7f44be6714b.jpg,,0,0,no_caries,no_caries,0.6835,0.68348,0.12849,0.12898,0.05905
crops/hibogi_ai_02981_png_12.jpg,hibogi_ai_02981_png,HIBOGI_AI_02981_png_jpg.rf.7b60c0527c4b609ecf6ad7f44be6714b.jpg,,0,0,no_caries,no_caries,0.6544,0.65442,0.19044,0.11533,0.0398
crops/hibogi_ai_03004_png_0.jpg,hibogi_ai_03004_png,HIBOGI_AI_03004_png_jpg.rf.13d3d6b7d5d8b6ddfee26ae16a4fa732.jpg,,0,0,no_caries,mild,0.3787,0.34366,0.37872,0.12988,0.14775
crops/hibogi_ai_03004_png_1.jpg,hibogi_ai_03004_png,HIBOGI_AI_03004_png_jpg.rf.13d3d6b7d5d8b6ddfee26ae16a4fa732.jpg,,0,0,no_caries,no_caries,0.3624,0.36237,0.31748,0.12019,0.19996
crops/hibogi_ai_03004_png_2.jpg,hibogi_ai_03004_png,HIBOGI_AI_03004_png_jpg.rf.13d3d6b7d5d8b6ddfee26ae16a4fa732.jpg,,0,0,no_caries,no_caries,0.611,0.611,0.1354,0.0879,0.1657
crops/hibogi_ai_03004_png_3.jpg,hibogi_ai_03004_png,HIBOGI_AI_03004_png_jpg.rf.13d3d6b7d5d8b6ddfee26ae16a4fa732.jpg,,6,0,advanced,advanced,0.9652,0.00446,0.01279,0.01758,0.96516
crops/hibogi_ai_03004_png_4.jpg,hibogi_ai_03004_png,HIBOGI_AI_03004_png_jpg.rf.13d3d6b7d5d8b6ddfee26ae16a4fa732.jpg,,0,0,no_caries,no_caries,0.7381,0.73808,0.14529,0.0888,0.02783
crops/hibogi_ai_03004_png_5.jpg,hibogi_ai_03004_png,HIBOGI_AI_03004_png_jpg.rf.13d3d6b7d5d8b6ddfee26ae16a4fa732.jpg,,0,0,no_caries,mild,0.5767,0.31966,0.57671,0.05361,0.05002
crops/hibogi_ai_03004_png_6.jpg,hibogi_ai_03004_png,HIBOGI_AI_03004_png_jpg.rf.13d3d6b7d5d8b6ddfee26ae16a4fa732.jpg,,2,0,mild,no_caries,0.5138,0.51376,0.27889,0.11844,0.08891
crops/hibogi_ai_03004_png_7.jpg,hibogi_ai_03004_png,HIBOGI_AI_03004_png_jpg.rf.13d3d6b7d5d8b6ddfee26ae16a4fa732.jpg,,0,0,no_caries,no_caries,0.4522,0.45219,0.39323,0.1216,0.03297
crops/hibogi_ai_03004_png_8.jpg,hibogi_ai_03004_png,HIBOGI_AI_03004_png_jpg.rf.13d3d6b7d5d8b6ddfee26ae16a4fa732.jpg,,0,0,no_caries,no_caries,0.6277,0.62775,0.24163,0.09301,0.03761
crops/hibogi_ai_03004_png_9.jpg,hibogi_ai_03004_png,HIBOGI_AI_03004_png_jpg.rf.13d3d6b7d5d8b6ddfee26ae16a4fa732.jpg,,0,0,no_caries,no_caries,0.7061,0.70611,0.20854,0.05068,0.03468
crops/hibogi_ai_03004_png_10.jpg,hibogi_ai_03004_png,HIBOGI_AI_03004_png_jpg.rf.13d3d6b7d5d8b6ddfee26ae16a4fa732.jpg,,0,0,no_caries,no_caries,0.5876,0.58758,0.28203,0.09606,0.03432
crops/hibogi_ai_03004_png_11.jpg,hibogi_ai_03004_png,HIBOGI_AI_03004_png_jpg.rf.13d3d6b7d5d8b6ddfee26ae16a4fa732.jpg,,0,0,no_caries,no_caries,0.5295,0.52954,0.36877,0.07486,0.02683
crops/hibogi_ai_03004_png_12.jpg,hibogi_ai_03004_png,HIBOGI_AI_03004_png_jpg.rf.13d3d6b7d5d8b6ddfee26ae16a4fa732.jpg,,0,0,no_caries,no_caries,0.8182,0.81823,0.11958,0.03772,0.02446
crops/hibogi_ai_03004_png_13.jpg,hibogi_ai_03004_png,HIBOGI_AI_03004_png_jpg.rf.13d3d6b7d5d8b6ddfee26ae16a4fa732.jpg,,0,0,no_caries,no_caries,0.8175,0.81749,0.11371,0.04413,0.02467
crops/hibogi_ai_03004_png_14.jpg,hibogi_ai_03004_png,HIBOGI_AI_03004_png_jpg.rf.13d3d6b7d5d8b6ddfee26ae16a4fa732.jpg,,0,0,no_caries,no_caries,0.7946,0.79459,0.10079,0.07656,0.02806
crops/hibogi_ai_03004_png_15.jpg,hibogi_ai_03004_png,HIBOGI_AI_03004_png_jpg.rf.13d3d6b7d5d8b6ddfee26ae16a4fa732.jpg,,0,0,no_caries,no_caries,0.675,0.67499,0.15395,0.14289,0.02818
crops/hibogi_ai_03013_png_0.jpg,hibogi_ai_03013_png,HIBOGI_AI_03013_png_jpg.rf.531189d728db8c928363762a0ce5f4f8.jpg,,0,0,no_caries,no_caries,0.439,0.43897,0.33948,0.16774,0.05381
crops/hibogi_ai_03013_png_1.jpg,hibogi_ai_03013_png,HIBOGI_AI_03013_png_jpg.rf.531189d728db8c928363762a0ce5f4f8.jpg,,0,0,no_caries,no_caries,0.7601,0.76007,0.1179,0.09029,0.03173
crops/hibogi_ai_03013_png_2.jpg,hibogi_ai_03013_png,HIBOGI_AI_03013_png_jpg.rf.531189d728db8c928363762a0ce5f4f8.jpg,,0,0,no_caries,no_caries,0.7371,0.73713,0.16314,0.06743,0.0323
crops/hibogi_ai_03013_png_3.jpg,hibogi_ai_03013_png,HIBOGI_AI_03013_png_jpg.rf.531189d728db8c928363762a0ce5f4f8.jpg,,0,0,no_caries,no_caries,0.649,0.64897,0.25167,0.06613,0.03323
crops/hibogi_ai_03013_png_4.jpg,hibogi_ai_03013_png,HIBOGI_AI_03013_png_jpg.rf.531189d728db8c928363762a0ce5f4f8.jpg,,0,0,no_caries,no_caries,0.6527,0.6527,0.22777,0.07388,0.04565
crops/hibogi_ai_03013_png_5.jpg,hibogi_ai_03013_png,HIBOGI_AI_03013_png_jpg.rf.531189d728db8c928363762a0ce5f4f8.jpg,,0,0,no_caries,no_caries,0.8386,0.83856,0.07612,0.06411,0.02121
crops/hibogi_ai_03013_png_6.jpg,hibogi_ai_03013_png,HIBOGI_AI_03013_png_jpg.rf.531189d728db8c928363762a0ce5f4f8.jpg,,0,0,no_caries,no_caries,0.7056,0.70561,0.12575,0.11542,0.05323
crops/hibogi_ai_03013_png_7.jpg,hibogi_ai_03013_png,HIBOGI_AI_03013_png_jpg.rf.531189d728db8c928363762a0ce5f4f8.jpg,,6,0,advanced,advanced,0.8414,0.04235,0.04525,0.07099,0.84142
crops/hibogi_ai_03013_png_8.jpg,hibogi_ai_03013_png,HIBOGI_AI_03013_png_jpg.rf.531189d728db8c928363762a0ce5f4f8.jpg,,0,0,no_caries,mild,0.4176,0.38117,0.4176,0.14497,0.05627
crops/hibogi_ai_03013_png_9.jpg,hibogi_ai_03013_png,HIBOGI_AI_03013_png_jpg.rf.531189d728db8c928363762a0ce5f4f8.jpg,,0,0,no_caries,no_caries,0.7485,0.74852,0.10517,0.08933,0.05697
crops/hibogi_ai_03013_png_10.jpg,hibogi_ai_03013_png,HIBOGI_AI_03013_png_jpg.rf.531189d728db8c928363762a0ce5f4f8.jpg,,0,0,no_caries,no_caries,0.7517,0.75165,0.11307,0.0822,0.05308
crops/hibogi_ai_03013_png_11.jpg,hibogi_ai_03013_png,HIBOGI_AI_03013_png_jpg.rf.531189d728db8c928363762a0ce5f4f8.jpg,,0,0,no_caries,no_caries,0.841,0.84098,0.06353,0.06685,0.02864
crops/hibogi_ai_03013_png_12.jpg,hibogi_ai_03013_png,HIBOGI_AI_03013_png_jpg.rf.531189d728db8c928363762a0ce5f4f8.jpg,,0,0,no_caries,no_caries,0.8601,0.8601,0.04638,0.06335,0.03017
crops/hibogi_ai_03013_png_13.jpg,hibogi_ai_03013_png,HIBOGI_AI_03013_png_jpg.rf.531189d728db8c928363762a0ce5f4f8.jpg,,0,0,no_caries,no_caries,0.7822,0.78223,0.06814,0.10997,0.03966
crops/hibogi_ai_03028_png_0.jpg,hibogi_ai_03028_png,HIBOGI_AI_03028_png_jpg.rf.7c1bed4fb5e92804e91238ddcf8f296b.jpg,,3,0,moderate,no_caries,0.4051,0.40513,0.22913,0.30324,0.0625
crops/hibogi_ai_03028_png_1.jpg,hibogi_ai_03028_png,HIBOGI_AI_03028_png_jpg.rf.7c1bed4fb5e92804e91238ddcf8f296b.jpg,,0,0,no_caries,no_caries,0.4583,0.45835,0.14886,0.27252,0.12027
crops/hibogi_ai_03028_png_2.jpg,hibogi_ai_03028_png,HIBOGI_AI_03028_png_jpg.rf.7c1bed4fb5e92804e91238ddcf8f296b.jpg,,0,0,no_caries,no_caries,0.4419,0.44194,0.35235,0.1304,0.07531
crops/hibogi_ai_03028_png_3.jpg,hibogi_ai_03028_png,HIBOGI_AI_03028_png_jpg.rf.7c1bed4fb5e92804e91238ddcf8f296b.jpg,,0,0,no_caries,no_caries,0.6388,0.63877,0.20538,0.09314,0.06271
crops/hibogi_ai_03028_png_4.jpg,hibogi_ai_03028_png,HIBOGI_AI_03028_png_jpg.rf.7c1bed4fb5e92804e91238ddcf8f296b.jpg,,0,0,no_caries,no_caries,0.6009,0.60087,0.26709,0.07767,0.05437
crops/hibogi_ai_03028_png_5.jpg,hibogi_ai_03028_png,HIBOGI_AI_03028_png_jpg.rf.7c1bed4fb5e92804e91238ddcf8f296b.jpg,,0,0,no_caries,no_caries,0.4683,0.46832,0.40069,0.08724,0.04376
crops/hibogi_ai_03028_png_6.jpg,hibogi_ai_03028_png,HIBOGI_AI_03028_png_jpg.rf.7c1bed4fb5e92804e91238ddcf8f296b.jpg,,0,0,no_caries,no_caries,0.4981,0.49806,0.30922,0.12776,0.06497
crops/hibogi_ai_03028_png_7.jpg,hibogi_ai_03028_png,HIBOGI_AI_03028_png_jpg.rf.7c1bed4fb5e92804e91238ddcf8f296b.jpg,,0,0,no_caries,no_caries,0.4473,0.44729,0.39885,0.11585,0.03801
crops/hibogi_ai_03028_png_8.jpg,hibogi_ai_03028_png,HIBOGI_AI_03028_png_jpg.rf.7c1bed4fb5e92804e91238ddcf8f296b.jpg,,0,0,no_caries,no_caries,0.6189,0.61886,0.24824,0.10478,0.02812
crops/hibogi_ai_03028_png_9.jpg,hibogi_ai_03028_png,HIBOGI_AI_03028_png_jpg.rf.7c1bed4fb5e92804e91238ddcf8f296b.jpg,,0,0,no_caries,no_caries,0.4964,0.49636,0.31816,0.14917,0.03631
crops/hibogi_ai_03028_png_10.jpg,hibogi_ai_03028_png,HIBOGI_AI_03028_png_jpg.rf.7c1bed4fb5e92804e91238ddcf8f296b.jpg,,0,0,no_caries,no_caries,0.3463,0.3463,0.28243,0.32262,0.04865
crops/hibogi_ai_03028_png_11.jpg,hibogi_ai_03028_png,HIBOGI_AI_03028_png_jpg.rf.7c1bed4fb5e92804e91238ddcf8f296b.jpg,,0,0,no_caries,no_caries,0.483,0.48303,0.41145,0.08842,0.01711
crops/hibogi_ai_03028_png_12.jpg,hibogi_ai_03028_png,HIBOGI_AI_03028_png_jpg.rf.7c1bed4fb5e92804e91238ddcf8f296b.jpg,,0,0,no_caries,no_caries,0.6116,0.61159,0.26326,0.08601,0.03913
crops/hibogi_ai_03028_png_13.jpg,hibogi_ai_03028_png,HIBOGI_AI_03028_png_jpg.rf.7c1bed4fb5e92804e91238ddcf8f296b.jpg,,0,0,no_caries,mild,0.4164,0.26172,0.41643,0.23553,0.08632
crops/hibogi_ai_03028_png_14.jpg,hibogi_ai_03028_png,HIBOGI_AI_03028_png_jpg.rf.7c1bed4fb5e92804e91238ddcf8f296b.jpg,,0,0,no_caries,no_caries,0.491,0.49096,0.24294,0.1534,0.11269
crops/hibogi_ai_03028_png_15.jpg,hibogi_ai_03028_png,HIBOGI_AI_03028_png_jpg.rf.7c1bed4fb5e92804e91238ddcf8f296b.jpg,,0,0,no_caries,no_caries,0.4896,0.48962,0.29274,0.17348,0.04416
crops/hibogi_ai_03043_png_0.jpg,hibogi_ai_03043_png,HIBOGI_AI_03043_png_jpg.rf.d89a2758ff94aad1b42bad0783753451.jpg,,5,0,advanced,mild,0.5142,0.22187,0.51419,0.2098,0.05415
crops/hibogi_ai_03043_png_1.jpg,hibogi_ai_03043_png,HIBOGI_AI_03043_png_jpg.rf.d89a2758ff94aad1b42bad0783753451.jpg,,0,0,no_caries,mild,0.4757,0.35223,0.47568,0.12797,0.04412
crops/hibogi_ai_03043_png_2.jpg,hibogi_ai_03043_png,HIBOGI_AI_03043_png_jpg.rf.d89a2758ff94aad1b42bad0783753451.jpg,,2,0,mild,no_caries,0.3938,0.3938,0.37409,0.18496,0.04716
crops/hibogi_ai_03043_png_3.jpg,hibogi_ai_03043_png,HIBOGI_AI_03043_png_jpg.rf.d89a2758ff94aad1b42bad0783753451.jpg,,0,0,no_caries,no_caries,0.5423,0.54229,0.3553,0.0709,0.03151
crops/hibogi_ai_03043_png_4.jpg,hibogi_ai_03043_png,HIBOGI_AI_03043_png_jpg.rf.d89a2758ff94aad1b42bad0783753451.jpg,,0,0,no_caries,no_caries,0.8059,0.80586,0.09564,0.06674,0.03176
crops/hibogi_ai_03043_png_5.jpg,hibogi_ai_03043_png,HIBOGI_AI_03043_png_jpg.rf.d89a2758ff94aad1b42bad0783753451.jpg,,0,0,no_caries,no_caries,0.6975,0.69752,0.16965,0.0774,0.05542
crops/hibogi_ai_03043_png_6.jpg,hibogi_ai_03043_png,HIBOGI_AI_03043_png_jpg.rf.d89a2758ff94aad1b42bad0783753451.jpg,,0,0,no_caries,no_caries,0.667,0.66704,0.20749,0.0764,0.04907
crops/hibogi_ai_03043_png_7.jpg,hibogi_ai_03043_png,HIBOGI_AI_03043_png_jpg.rf.d89a2758ff94aad1b42bad0783753451.jpg,,0,0,no_caries,no_caries,0.7295,0.72952,0.17485,0.05257,0.04306
crops/hibogi_ai_03043_png_8.jpg,hibogi_ai_03043_png,HIBOGI_AI_03043_png_jpg.rf.d89a2758ff94aad1b42bad0783753451.jpg,,0,0,no_caries,no_caries,0.5954,0.59536,0.30597,0.06784,0.03083
crops/hibogi_ai_03043_png_9.jpg,hibogi_ai_03043_png,HIBOGI_AI_03043_png_jpg.rf.d89a2758ff94aad1b42bad0783753451.jpg,,0,0,no_caries,mild,0.3961,0.28157,0.39612,0.28742,0.03489
crops/hibogi_ai_03043_png_10.jpg,hibogi_ai_03043_png,HIBOGI_AI_03043_png_jpg.rf.d89a2758ff94aad1b42bad0783753451.jpg,,0,0,no_caries,mild,0.72,0.08269,0.71998,0.17271,0.02463
crops/hibogi_ai_03043_png_11.jpg,hibogi_ai_03043_png,HIBOGI_AI_03043_png_jpg.rf.d89a2758ff94aad1b42bad0783753451.jpg,,3,0,moderate,moderate,0.4095,0.09765,0.36824,0.40949,0.12462
crops/hibogi_ai_03061_png_0.jpg,hibogi_ai_03061_png,HIBOGI_AI_03061_png_jpg.rf.eb43e010a090df52399952c6ff9c531c.jpg,,0,0,no_caries,mild,0.6936,0.11774,0.69361,0.15476,0.03389
crops/hibogi_ai_03061_png_1.jpg,hibogi_ai_03061_png,HIBOGI_AI_03061_png_jpg.rf.eb43e010a090df52399952c6ff9c531c.jpg,,5,0,advanced,moderate,0.572,0.00905,0.27659,0.57203,0.14234
crops/hibogi_ai_03061_png_2.jpg,hibogi_ai_03061_png,HIBOGI_AI_03061_png_jpg.rf.eb43e010a090df52399952c6ff9c531c.jpg,,2,0,mild,moderate,0.3903,0.02213,0.28757,0.39031,0.3
crops/hibogi_ai_03061_png_3.jpg,hibogi_ai_03061_png,HIBOGI_AI_03061_png_jpg.rf.eb43e010a090df52399952c6ff9c531c.jpg,,2,0,mild,mild,0.4415,0.30749,0.44149,0.215,0.03603
crops/hibogi_ai_03061_png_4.jpg,hibogi_ai_03061_png,HIBOGI_AI_03061_png_jpg.rf.eb43e010a090df52399952c6ff9c531c.jpg,,0,0,no_caries,no_caries,0.5363,0.53631,0.2566,0.16795,0.03915
crops/hibogi_ai_03061_png_5.jpg,hibogi_ai_03061_png,HIBOGI_AI_03061_png_jpg.rf.eb43e010a090df52399952c6ff9c531c.jpg,,0,0,no_caries,moderate,0.6277,0.09875,0.19978,0.62769,0.07378
crops/hibogi_ai_03061_png_6.jpg,hibogi_ai_03061_png,HIBOGI_AI_03061_png_jpg.rf.eb43e010a090df52399952c6ff9c531c.jpg,,0,0,no_caries,no_caries,0.3863,0.38632,0.31407,0.27392,0.02569
crops/hibogi_ai_03061_png_7.jpg,hibogi_ai_03061_png,HIBOGI_AI_03061_png_jpg.rf.eb43e010a090df52399952c6ff9c531c.jpg,,0,0,no_caries,no_caries,0.4799,0.47985,0.33342,0.12064,0.06609
crops/hibogi_ai_03061_png_8.jpg,hibogi_ai_03061_png,HIBOGI_AI_03061_png_jpg.rf.eb43e010a090df52399952c6ff9c531c.jpg,,0,0,no_caries,advanced,0.6484,0.03245,0.20624,0.11291,0.64841
crops/hibogi_ai_03061_png_9.jpg,hibogi_ai_03061_png,HIBOGI_AI_03061_png_jpg.rf.eb43e010a090df52399952c6ff9c531c.jpg,,0,0,no_caries,mild,0.5993,0.29673,0.59933,0.0748,0.02914
crops/hibogi_ai_03061_png_10.jpg,hibogi_ai_03061_png,HIBOGI_AI_03061_png_jpg.rf.eb43e010a090df52399952c6ff9c531c.jpg,,3,0,moderate,mild,0.5324,0.17849,0.53244,0.21103,0.07804
crops/hibogi_ai_03061_png_11.jpg,hibogi_ai_03061_png,HIBOGI_AI_03061_png_jpg.rf.eb43e010a090df52399952c6ff9c531c.jpg,,0,0,no_caries,mild,0.6162,0.16928,0.61623,0.13917,0.07532
crops/hibogi_ai_03061_png_12.jpg,hibogi_ai_03061_png,HIBOGI_AI_03061_png_jpg.rf.eb43e010a090df52399952c6ff9c531c.jpg,,0,0,no_caries,no_caries,0.6191,0.61913,0.24225,0.1183,0.02033
crops/hibogi_ai_03061_png_13.jpg,hibogi_ai_03061_png,HIBOGI_AI_03061_png_jpg.rf.eb43e010a090df52399952c6ff9c531c.jpg,,5,0,advanced,mild,0.3727,0.25373,0.37274,0.18253,0.191
crops/hibogi_ai_03061_png_14.jpg,hibogi_ai_03061_png,HIBOGI_AI_03061_png_jpg.rf.eb43e010a090df52399952c6ff9c531c.jpg,,0,0,no_caries,no_caries,0.595,0.59499,0.2807,0.09188,0.03244
crops/hibogi_ai_03061_png_15.jpg,hibogi_ai_03061_png,HIBOGI_AI_03061_png_jpg.rf.eb43e010a090df52399952c6ff9c531c.jpg,,0,0,no_caries,no_caries,0.4561,0.45614,0.26917,0.23773,0.03696
crops/hibogi_ai_03061_png_16.jpg,hibogi_ai_03061_png,HIBOGI_AI_03061_png_jpg.rf.eb43e010a090df52399952c6ff9c531c.jpg,,2,0,mild,no_caries,0.3277,0.32772,0.30123,0.20498,0.16607
crops/hibogi_ai_03061_png_17.jpg,hibogi_ai_03061_png,HIBOGI_AI_03061_png_jpg.rf.eb43e010a090df52399952c6ff9c531c.jpg,,2,0,mild,mild,0.4379,0.31584,0.43794,0.16294,0.08328
crops/hibogi_ai_03070_png_0.jpg,hibogi_ai_03070_png,HIBOGI_AI_03070_png_jpg.rf.ed3ebbff4235857b4b82bc31b3012d83.jpg,,3,0,moderate,advanced,0.3759,0.04561,0.27627,0.30221,0.37591
crops/hibogi_ai_03070_png_1.jpg,hibogi_ai_03070_png,HIBOGI_AI_03070_png_jpg.rf.ed3ebbff4235857b4b82bc31b3012d83.jpg,,0,0,no_caries,mild,0.7856,0.12756,0.78562,0.05879,0.02803
crops/hibogi_ai_03070_png_2.jpg,hibogi_ai_03070_png,HIBOGI_AI_03070_png_jpg.rf.ed3ebbff4235857b4b82bc31b3012d83.jpg,,0,0,no_caries,mild,0.7245,0.15108,0.7245,0.07333,0.05109
crops/hibogi_ai_03070_png_3.jpg,hibogi_ai_03070_png,HIBOGI_AI_03070_png_jpg.rf.ed3ebbff4235857b4b82bc31b3012d83.jpg,,0,0,no_caries,no_caries,0.6785,0.67849,0.2241,0.07692,0.02049
crops/hibogi_ai_03070_png_4.jpg,hibogi_ai_03070_png,HIBOGI_AI_03070_png_jpg.rf.ed3ebbff4235857b4b82bc31b3012d83.jpg,,0,0,no_caries,no_caries,0.8195,0.81951,0.07485,0.09143,0.01422
crops/hibogi_ai_03070_png_5.jpg,hibogi_ai_03070_png,HIBOGI_AI_03070_png_jpg.rf.ed3ebbff4235857b4b82bc31b3012d83.jpg,,0,0,no_caries,no_caries,0.6317,0.63172,0.06027,0.28544,0.02257
crops/hibogi_ai_03070_png_6.jpg,hibogi_ai_03070_png,HIBOGI_AI_03070_png_jpg.rf.ed3ebbff4235857b4b82bc31b3012d83.jpg,,0,0,no_caries,no_caries,0.5051,0.50511,0.13719,0.32957,0.02813
crops/hibogi_ai_03070_png_7.jpg,hibogi_ai_03070_png,HIBOGI_AI_03070_png_jpg.rf.ed3ebbff4235857b4b82bc31b3012d83.jpg,,0,0,no_caries,no_caries,0.7446,0.74461,0.11942,0.10381,0.03216
crops/hibogi_ai_03070_png_8.jpg,hibogi_ai_03070_png,HIBOGI_AI_03070_png_jpg.rf.ed3ebbff4235857b4b82bc31b3012d83.jpg,,0,0,no_caries,mild,0.5374,0.22426,0.53745,0.10762,0.13068
crops/hibogi_ai_03070_png_9.jpg,hibogi_ai_03070_png,HIBOGI_AI_03070_png_jpg.rf.ed3ebbff4235857b4b82bc31b3012d83.jpg,,2,0,mild,mild,0.4526,0.30421,0.45258,0.1556,0.0876
crops/hibogi_ai_03070_png_10.jpg,hibogi_ai_03070_png,HIBOGI_AI_03070_png_jpg.rf.ed3ebbff4235857b4b82bc31b3012d83.jpg,,0,0,no_caries,mild,0.678,0.16586,0.678,0.13685,0.01929
crops/hibogi_ai_03070_png_11.jpg,hibogi_ai_03070_png,HIBOGI_AI_03070_png_jpg.rf.ed3ebbff4235857b4b82bc31b3012d83.jpg,,3,0,moderate,advanced,0.815,0.02011,0.02481,0.14005,0.81503
crops/hibogi_ai_03075_png_0.jpg,hibogi_ai_03075_png,HIBOGI_AI_03075_png_jpg.rf.b216b791427ddfc2c67d78de62a61984.jpg,,0,0,no_caries,mild,0.4512,0.04548,0.45124,0.37176,0.13152
crops/hibogi_ai_03075_png_1.jpg,hibogi_ai_03075_png,HIBOGI_AI_03075_png_jpg.rf.b216b791427ddfc2c67d78de62a61984.jpg,,0,0,no_caries,moderate,0.5165,0.04115,0.41451,0.51646,0.02788
crops/hibogi_ai_03075_png_2.jpg,hibogi_ai_03075_png,HIBOGI_AI_03075_png_jpg.rf.b216b791427ddfc2c67d78de62a61984.jpg,,0,0,no_caries,mild,0.6313,0.16311,0.63128,0.17632,0.02929
crops/hibogi_ai_03075_png_3.jpg,hibogi_ai_03075_png,HIBOGI_AI_03075_png_jpg.rf.b216b791427ddfc2c67d78de62a61984.jpg,,0,0,no_caries,mild,0.523,0.1848,0.52305,0.24949,0.04267
crops/hibogi_ai_03075_png_4.jpg,hibogi_ai_03075_png,HIBOGI_AI_03075_png_jpg.rf.b216b791427ddfc2c67d78de62a61984.jpg,,0,0,no_caries,no_caries,0.6609,0.66087,0.16369,0.14861,0.02682
crops/hibogi_ai_03075_png_5.jpg,hibogi_ai_03075_png,HIBOGI_AI_03075_png_jpg.rf.b216b791427ddfc2c67d78de62a61984.jpg,,0,0,no_caries,no_caries,0.7866,0.7866,0.087,0.08651,0.03989
crops/hibogi_ai_03075_png_6.jpg,hibogi_ai_03075_png,HIBOGI_AI_03075_png_jpg.rf.b216b791427ddfc2c67d78de62a61984.jpg,,0,0,no_caries,no_caries,0.522,0.52195,0.32498,0.12506,0.028
crops/hibogi_ai_03075_png_7.jpg,hibogi_ai_03075_png,HIBOGI_AI_03075_png_jpg.rf.b216b791427ddfc2c67d78de62a61984.jpg,,0,0,no_caries,no_caries,0.8241,0.82408,0.06125,0.08049,0.03418
crops/hibogi_ai_03075_png_8.jpg,hibogi_ai_03075_png,HIBOGI_AI_03075_png_jpg.rf.b216b791427ddfc2c67d78de62a61984.jpg,,0,0,no_caries,mild,0.5974,0.27179,0.59742,0.10501,0.02577
crops/hibogi_ai_03075_png_9.jpg,hibogi_ai_03075_png,HIBOGI_AI_03075_png_jpg.rf.b216b791427ddfc2c67d78de62a61984.jpg,,5,0,advanced,advanced,0.4039,0.03996,0.20394,0.35217,0.40393
crops/hibogi_ai_03075_png_10.jpg,hibogi_ai_03075_png,HIBOGI_AI_03075_png_jpg.rf.b216b791427ddfc2c67d78de62a61984.jpg,,5,0,advanced,moderate,0.6782,0.00433,0.03438,0.67818,0.28312
crops/hibogi_ai_03087_png_0.jpg,hibogi_ai_03087_png,HIBOGI_AI_03087_png_jpg.rf.b7ca59866942ccb7015ae6e73e218428.jpg,,0,0,no_caries,mild,0.5922,0.27566,0.59215,0.08699,0.0452
crops/hibogi_ai_03087_png_1.jpg,hibogi_ai_03087_png,HIBOGI_AI_03087_png_jpg.rf.b7ca59866942ccb7015ae6e73e218428.jpg,,0,0,no_caries,no_caries,0.6257,0.6257,0.25191,0.09897,0.02342
crops/hibogi_ai_03087_png_2.jpg,hibogi_ai_03087_png,HIBOGI_AI_03087_png_jpg.rf.b7ca59866942ccb7015ae6e73e218428.jpg,,0,0,no_caries,no_caries,0.6982,0.69817,0.16158,0.11163,0.02862
crops/hibogi_ai_03087_png_3.jpg,hibogi_ai_03087_png,HIBOGI_AI_03087_png_jpg.rf.b7ca59866942ccb7015ae6e73e218428.jpg,,0,0,no_caries,mild,0.3163,0.30141,0.31628,0.29677,0.08554
crops/hibogi_ai_03087_png_4.jpg,hibogi_ai_03087_png,HIBOGI_AI_03087_png_jpg.rf.b7ca59866942ccb7015ae6e73e218428.jpg,,0,0,no_caries,no_caries,0.5728,0.5728,0.30002,0.10959,0.01759
crops/hibogi_ai_03087_png_5.jpg,hibogi_ai_03087_png,HIBOGI_AI_03087_png_jpg.rf.b7ca59866942ccb7015ae6e73e218428.jpg,,0,0,no_caries,no_caries,0.6339,0.6339,0.21184,0.11521,0.03905
crops/hibogi_ai_03087_png_6.jpg,hibogi_ai_03087_png,HIBOGI_AI_03087_png_jpg.rf.b7ca59866942ccb7015ae6e73e218428.jpg,,0,0,no_caries,no_caries,0.7178,0.71779,0.13334,0.11956,0.02932
crops/hibogi_ai_03087_png_7.jpg,hibogi_ai_03087_png,HIBOGI_AI_03087_png_jpg.rf.b7ca59866942ccb7015ae6e73e218428.jpg,,0,0,no_caries,mild,0.5018,0.28563,0.50176,0.13375,0.07886
crops/hibogi_ai_03087_png_8.jpg,hibogi_ai_03087_png,HIBOGI_AI_03087_png_jpg.rf.b7ca59866942ccb7015ae6e73e218428.jpg,,0,0,no_caries,no_caries,0.5182,0.51821,0.36557,0.07665,0.03957
crops/hibogi_ai_03087_png_9.jpg,hibogi_ai_03087_png,HIBOGI_AI_03087_png_jpg.rf.b7ca59866942ccb7015ae6e73e218428.jpg,,0,0,no_caries,no_caries,0.576,0.576,0.30624,0.07888,0.03888
crops/hibogi_ai_03087_png_10.jpg,hibogi_ai_03087_png,HIBOGI_AI_03087_png_jpg.rf.b7ca59866942ccb7015ae6e73e218428.jpg,,0,0,no_caries,no_caries,0.5925,0.59252,0.33456,0.03151,0.04141
crops/hibogi_ai_03087_png_11.jpg,hibogi_ai_03087_png,HIBOGI_AI_03087_png_jpg.rf.b7ca59866942ccb7015ae6e73e218428.jpg,,0,0,no_caries,no_caries,0.5734,0.57336,0.35078,0.05604,0.01982
crops/hibogi_ai_03087_png_12.jpg,hibogi_ai_03087_png,HIBOGI_AI_03087_png_jpg.rf.b7ca59866942ccb7015ae6e73e218428.jpg,,0,0,no_caries,mild,0.6145,0.31019,0.61446,0.0637,0.01165
crops/hibogi_ai_03087_png_13.jpg,hibogi_ai_03087_png,HIBOGI_AI_03087_png_jpg.rf.b7ca59866942ccb7015ae6e73e218428.jpg,,0,0,no_caries,no_caries,0.6904,0.69042,0.20755,0.08044,0.02158
crops/hibogi_ai_03087_png_14.jpg,hibogi_ai_03087_png,HIBOGI_AI_03087_png_jpg.rf.b7ca59866942ccb7015ae6e73e218428.jpg,,0,0,no_caries,no_caries,0.5109,0.51089,0.18088,0.27817,0.03006
crops/hibogi_ai_03087_png_15.jpg,hibogi_ai_03087_png,HIBOGI_AI_03087_png_jpg.rf.b7ca59866942ccb7015ae6e73e218428.jpg,,0,0,no_caries,no_caries,0.66,0.66,0.14158,0.16618,0.03225
crops/hibogi_ai_03093_png_0.jpg,hibogi_ai_03093_png,HIBOGI_AI_03093_png_jpg.rf.963d24365a6bf001cbedf59cc6c8f4fd.jpg,,0,0,no_caries,no_caries,0.4433,0.44328,0.22572,0.30881,0.02218
crops/hibogi_ai_03093_png_1.jpg,hibogi_ai_03093_png,HIBOGI_AI_03093_png_jpg.rf.963d24365a6bf001cbedf59cc6c8f4fd.jpg,,0,0,no_caries,no_caries,0.5469,0.5469,0.28096,0.12475,0.04739
crops/hibogi_ai_03093_png_2.jpg,hibogi_ai_03093_png,HIBOGI_AI_03093_png_jpg.rf.963d24365a6bf001cbedf59cc6c8f4fd.jpg,,0,0,no_caries,no_caries,0.6204,0.62043,0.2011,0.12307,0.0554
crops/hibogi_ai_03093_png_3.jpg,hibogi_ai_03093_png,HIBOGI_AI_03093_png_jpg.rf.963d24365a6bf001cbedf59cc6c8f4fd.jpg,,0,0,no_caries,no_caries,0.5505,0.55052,0.23562,0.15712,0.05674
crops/hibogi_ai_03093_png_4.jpg,hibogi_ai_03093_png,HIBOGI_AI_03093_png_jpg.rf.963d24365a6bf001cbedf59cc6c8f4fd.jpg,,0,0,no_caries,no_caries,0.4726,0.47263,0.12684,0.32988,0.07065
crops/hibogi_ai_03093_png_5.jpg,hibogi_ai_03093_png,HIBOGI_AI_03093_png_jpg.rf.963d24365a6bf001cbedf59cc6c8f4fd.jpg,,2,0,mild,moderate,0.3586,0.30468,0.25801,0.35857,0.07874
crops/hibogi_ai_03093_png_6.jpg,hibogi_ai_03093_png,HIBOGI_AI_03093_png_jpg.rf.963d24365a6bf001cbedf59cc6c8f4fd.jpg,,5,0,advanced,advanced,0.9782,0.00041,0.01,0.01138,0.9782
crops/hibogi_ai_03093_png_7.jpg,hibogi_ai_03093_png,HIBOGI_AI_03093_png_jpg.rf.963d24365a6bf001cbedf59cc6c8f4fd.jpg,,0,0,no_caries,no_caries,0.6216,0.62159,0.1891,0.1218,0.06751
crops/hibogi_ai_03093_png_8.jpg,hibogi_ai_03093_png,HIBOGI_AI_03093_png_jpg.rf.963d24365a6bf001cbedf59cc6c8f4fd.jpg,,0,0,no_caries,no_caries,0.6557,0.65572,0.12095,0.16886,0.05447
crops/hibogi_ai_03093_png_9.jpg,hibogi_ai_03093_png,HIBOGI_AI_03093_png_jpg.rf.963d24365a6bf001cbedf59cc6c8f4fd.jpg,,0,0,no_caries,no_caries,0.6219,0.62192,0.18563,0.1671,0.02535
crops/hibogi_ai_03093_png_10.jpg,hibogi_ai_03093_png,HIBOGI_AI_03093_png_jpg.rf.963d24365a6bf001cbedf59cc6c8f4fd.jpg,,5,0,advanced,no_caries,0.4126,0.41261,0.22477,0.29858,0.06403
crops/hibogi_ai_03093_png_11.jpg,hibogi_ai_03093_png,HIBOGI_AI_03093_png_jpg.rf.963d24365a6bf001cbedf59cc6c8f4fd.jpg,,5,0,advanced,no_caries,0.6737,0.67373,0.18372,0.12647,0.01608
crops/hibogi_ai_03096_png_0.jpg,hibogi_ai_03096_png,HIBOGI_AI_03096_png_jpg.rf.7ca5ccc38c691551c6712bc098ccf617.jpg,,1,0,mild,no_caries,0.5685,0.56853,0.25934,0.13188,0.04025
crops/hibogi_ai_03096_png_1.jpg,hibogi_ai_03096_png,HIBOGI_AI_03096_png_jpg.rf.7ca5ccc38c691551c6712bc098ccf617.jpg,,1,0,mild,no_caries,0.7122,0.71223,0.17942,0.07215,0.03621
crops/hibogi_ai_03096_png_2.jpg,hibogi_ai_03096_png,HIBOGI_AI_03096_png_jpg.rf.7ca5ccc38c691551c6712bc098ccf617.jpg,,0,0,no_caries,no_caries,0.6033,0.60328,0.2631,0.08896,0.04467
crops/hibogi_ai_03096_png_3.jpg,hibogi_ai_03096_png,HIBOGI_AI_03096_png_jpg.rf.7ca5ccc38c691551c6712bc098ccf617.jpg,,0,0,no_caries,no_caries,0.5711,0.57106,0.31943,0.06284,0.04667
crops/hibogi_ai_03096_png_4.jpg,hibogi_ai_03096_png,HIBOGI_AI_03096_png_jpg.rf.7ca5ccc38c691551c6712bc098ccf617.jpg,,0,0,no_caries,mild,0.5529,0.35898,0.55287,0.0571,0.03105
crops/hibogi_ai_03096_png_5.jpg,hibogi_ai_03096_png,HIBOGI_AI_03096_png_jpg.rf.7ca5ccc38c691551c6712bc098ccf617.jpg,,0,0,no_caries,no_caries,0.6439,0.64394,0.21291,0.1071,0.03606
crops/hibogi_ai_03096_png_6.jpg,hibogi_ai_03096_png,HIBOGI_AI_03096_png_jpg.rf.7ca5ccc38c691551c6712bc098ccf617.jpg,,0,0,no_caries,no_caries,0.6308,0.63083,0.23722,0.09755,0.03439
crops/hibogi_ai_03096_png_7.jpg,hibogi_ai_03096_png,HIBOGI_AI_03096_png_jpg.rf.7ca5ccc38c691551c6712bc098ccf617.jpg,,0,0,no_caries,no_caries,0.696,0.696,0.18305,0.08323,0.03772
crops/hibogi_ai_03096_png_8.jpg,hibogi_ai_03096_png,HIBOGI_AI_03096_png_jpg.rf.7ca5ccc38c691551c6712bc098ccf617.jpg,,0,0,no_caries,no_caries,0.4973,0.49729,0.29099,0.16601,0.04571
crops/hibogi_ai_03096_png_9.jpg,hibogi_ai_03096_png,HIBOGI_AI_03096_png_jpg.rf.7ca5ccc38c691551c6712bc098ccf617.jpg,,1,0,mild,mild,0.5492,0.15841,0.54922,0.21319,0.07919
crops/hibogi_ai_03096_png_10.jpg,hibogi_ai_03096_png,HIBOGI_AI_03096_png_jpg.rf.7ca5ccc38c691551c6712bc098ccf617.jpg,,1,0,mild,no_caries,0.5504,0.55039,0.308,0.10066,0.04095
crops/hibogi_ai_03096_png_11.jpg,hibogi_ai_03096_png,HIBOGI_AI_03096_png_jpg.rf.7ca5ccc38c691551c6712bc098ccf617.jpg,,1,0,mild,mild,0.4883,0.4124,0.48828,0.06615,0.03317
crops/hibogi_ai_03096_png_12.jpg,hibogi_ai_03096_png,HIBOGI_AI_03096_png_jpg.rf.7ca5ccc38c691551c6712bc098ccf617.jpg,,1,0,mild,no_caries,0.5753,0.57527,0.23921,0.15877,0.02675
crops/hibogi_ai_03096_png_13.jpg,hibogi_ai_03096_png,HIBOGI_AI_03096_png_jpg.rf.7ca5ccc38c691551c6712bc098ccf617.jpg,,0,0,no_caries,no_caries,0.4306,0.43064,0.34437,0.14434,0.08065
crops/hibogi_ai_03096_png_14.jpg,hibogi_ai_03096_png,HIBOGI_AI_03096_png_jpg.rf.7ca5ccc38c691551c6712bc098ccf617.jpg,,2,0,mild,no_caries,0.5354,0.53543,0.29166,0.0988,0.07411
crops/hibogi_ai_03116_png_0.jpg,hibogi_ai_03116_png,HIBOGI_AI_03116_png_jpg.rf.6c3a4e69aaa459c8040ca88b95e19022.jpg,,0,0,no_caries,mild,0.5744,0.17526,0.57438,0.08201,0.16835
crops/hibogi_ai_03116_png_1.jpg,hibogi_ai_03116_png,HIBOGI_AI_03116_png_jpg.rf.6c3a4e69aaa459c8040ca88b95e19022.jpg,,0,0,no_caries,mild,0.5121,0.22346,0.51211,0.11742,0.14702
crops/hibogi_ai_03116_png_2.jpg,hibogi_ai_03116_png,HIBOGI_AI_03116_png_jpg.rf.6c3a4e69aaa459c8040ca88b95e19022.jpg,,0,0,no_caries,no_caries,0.7801,0.7801,0.12177,0.06759,0.03054
crops/hibogi_ai_03116_png_3.jpg,hibogi_ai_03116_png,HIBOGI_AI_03116_png_jpg.rf.6c3a4e69aaa459c8040ca88b95e19022.jpg,,1,0,mild,no_caries,0.7101,0.71009,0.19089,0.06174,0.03728
crops/hibogi_ai_03116_png_4.jpg,hibogi_ai_03116_png,HIBOGI_AI_03116_png_jpg.rf.6c3a4e69aaa459c8040ca88b95e19022.jpg,,0,0,no_caries,no_caries,0.7682,0.76818,0.11579,0.07259,0.04344
crops/hibogi_ai_03116_png_5.jpg,hibogi_ai_03116_png,HIBOGI_AI_03116_png_jpg.rf.6c3a4e69aaa459c8040ca88b95e19022.jpg,,0,0,no_caries,no_caries,0.745,0.74501,0.12617,0.08128,0.04754
crops/hibogi_ai_03116_png_6.jpg,hibogi_ai_03116_png,HIBOGI_AI_03116_png_jpg.rf.6c3a4e69aaa459c8040ca88b95e19022.jpg,,0,0,no_caries,no_caries,0.7835,0.78348,0.06137,0.10662,0.04852
crops/hibogi_ai_03116_png_7.jpg,hibogi_ai_03116_png,HIBOGI_AI_03116_png_jpg.rf.6c3a4e69aaa459c8040ca88b95e19022.jpg,,0,0,no_caries,no_caries,0.6327,0.63268,0.19427,0.12091,0.05214
crops/hibogi_ai_03116_png_8.jpg,hibogi_ai_03116_png,HIBOGI_AI_03116_png_jpg.rf.6c3a4e69aaa459c8040ca88b95e19022.jpg,,1,0,mild,advanced,0.292,0.14024,0.2855,0.28226,0.29201
crops/hibogi_ai_03116_png_9.jpg,hibogi_ai_03116_png,HIBOGI_AI_03116_png_jpg.rf.6c3a4e69aaa459c8040ca88b95e19022.jpg,,0,0,no_caries,no_caries,0.791,0.79099,0.10217,0.08063,0.0262
crops/hibogi_ai_03116_png_10.jpg,hibogi_ai_03116_png,HIBOGI_AI_03116_png_jpg.rf.6c3a4e69aaa459c8040ca88b95e19022.jpg,,0,0,no_caries,no_caries,0.781,0.78103,0.12939,0.06462,0.02496
crops/hibogi_ai_03116_png_11.jpg,hibogi_ai_03116_png,HIBOGI_AI_03116_png_jpg.rf.6c3a4e69aaa459c8040ca88b95e19022.jpg,,0,0,no_caries,no_caries,0.7645,0.76454,0.13866,0.06733,0.02947
crops/hibogi_ai_03116_png_12.jpg,hibogi_ai_03116_png,HIBOGI_AI_03116_png_jpg.rf.6c3a4e69aaa459c8040ca88b95e19022.jpg,,0,0,no_caries,no_caries,0.7784,0.77843,0.16124,0.03643,0.0239
crops/hibogi_ai_03116_png_13.jpg,hibogi_ai_03116_png,HIBOGI_AI_03116_png_jpg.rf.6c3a4e69aaa459c8040ca88b95e19022.jpg,,0,0,no_caries,moderate,0.4382,0.39807,0.11753,0.43823,0.04617
crops/hibogi_ai_03116_png_14.jpg,hibogi_ai_03116_png,HIBOGI_AI_03116_png_jpg.rf.6c3a4e69aaa459c8040ca88b95e19022.jpg,,0,0,no_caries,no_caries,0.7656,0.76559,0.13949,0.07554,0.01938
crops/hibogi_ai_03116_png_15.jpg,hibogi_ai_03116_png,HIBOGI_AI_03116_png_jpg.rf.6c3a4e69aaa459c8040ca88b95e19022.jpg,,1,0,mild,no_caries,0.532,0.53198,0.26343,0.14791,0.05668
crops/hibogi_ai_03119_png_0.jpg,hibogi_ai_03119_png,HIBOGI_AI_03119_png_jpg.rf.1524edebc6ad70c24fe3f246a487eaba.jpg,,2,0,mild,advanced,0.5298,0.08069,0.23616,0.15336,0.52978
crops/hibogi_ai_03119_png_1.jpg,hibogi_ai_03119_png,HIBOGI_AI_03119_png_jpg.rf.1524edebc6ad70c24fe3f246a487eaba.jpg,,0,0,no_caries,mild,0.6289,0.11418,0.62888,0.15975,0.09718
crops/hibogi_ai_03119_png_2.jpg,hibogi_ai_03119_png,HIBOGI_AI_03119_png_jpg.rf.1524edebc6ad70c24fe3f246a487eaba.jpg,,0,0,no_caries,mild,0.6521,0.18226,0.65206,0.14347,0.02221
crops/hibogi_ai_03119_png_3.jpg,hibogi_ai_03119_png,HIBOGI_AI_03119_png_jpg.rf.1524edebc6ad70c24fe3f246a487eaba.jpg,,0,0,no_caries,mild,0.4885,0.15578,0.48847,0.33071,0.02504
crops/hibogi_ai_03119_png_4.jpg,hibogi_ai_03119_png,HIBOGI_AI_03119_png_jpg.rf.1524edebc6ad70c24fe3f246a487eaba.jpg,,0,0,no_caries,no_caries,0.5697,0.56968,0.30837,0.078,0.04395
crops/hibogi_ai_03119_png_5.jpg,hibogi_ai_03119_png,HIBOGI_AI_03119_png_jpg.rf.1524edebc6ad70c24fe3f246a487eaba.jpg,,0,0,no_caries,no_caries,0.8491,0.84913,0.06689,0.04702,0.03697
crops/hibogi_ai_03119_png_6.jpg,hibogi_ai_03119_png,HIBOGI_AI_03119_png_jpg.rf.1524edebc6ad70c24fe3f246a487eaba.jpg,,0,0,no_caries,no_caries,0.7631,0.76307,0.07071,0.0609,0.10532
crops/hibogi_ai_03119_png_7.jpg,hibogi_ai_03119_png,HIBOGI_AI_03119_png_jpg.rf.1524edebc6ad70c24fe3f246a487eaba.jpg,,0,0,no_caries,no_caries,0.7581,0.75814,0.05737,0.14205,0.04243
crops/hibogi_ai_03119_png_8.jpg,hibogi_ai_03119_png,HIBOGI_AI_03119_png_jpg.rf.1524edebc6ad70c24fe3f246a487eaba.jpg,,0,0,no_caries,no_caries,0.8313,0.83128,0.0737,0.05541,0.03962
crops/hibogi_ai_03119_png_9.jpg,hibogi_ai_03119_png,HIBOGI_AI_03119_png_jpg.rf.1524edebc6ad70c24fe3f246a487eaba.jpg,,0,0,no_caries,no_caries,0.5004,0.50043,0.37055,0.11024,0.01878
crops/hibogi_ai_03119_png_10.jpg,hibogi_ai_03119_png,HIBOGI_AI_03119_png_jpg.rf.1524edebc6ad70c24fe3f246a487eaba.jpg,,0,0,no_caries,mild,0.4131,0.38379,0.41309,0.16212,0.041
crops/hibogi_ai_03119_png_11.jpg,hibogi_ai_03119_png,HIBOGI_AI_03119_png_jpg.rf.1524edebc6ad70c24fe3f246a487eaba.jpg,,5,0,advanced,advanced,0.8321,0.02123,0.05182,0.09483,0.83212
crops/hibogi_ai_03119_png_12.jpg,hibogi_ai_03119_png,HIBOGI_AI_03119_png_jpg.rf.1524edebc6ad70c24fe3f246a487eaba.jpg,,5,0,advanced,mild,0.6172,0.14184,0.61719,0.17116,0.06981
crops/hibogi_ai_03119_png_13.jpg,hibogi_ai_03119_png,HIBOGI_AI_03119_png_jpg.rf.1524edebc6ad70c24fe3f246a487eaba.jpg,,5,0,advanced,mild,0.3548,0.12019,0.35477,0.32701,0.19804
crops/hibogi_ai_03131_png_0.jpg,hibogi_ai_03131_png,HIBOGI_AI_03131_png_jpg.rf.5ecb6464c3d9720520837a1305136ecd.jpg,,0,0,no_caries,mild,0.5291,0.19609,0.52907,0.22833,0.0465
crops/hibogi_ai_03131_png_1.jpg,hibogi_ai_03131_png,HIBOGI_AI_03131_png_jpg.rf.5ecb6464c3d9720520837a1305136ecd.jpg,,0,0,no_caries,mild,0.4625,0.2624,0.46245,0.23915,0.036
crops/hibogi_ai_03131_png_2.jpg,hibogi_ai_03131_png,HIBOGI_AI_03131_png_jpg.rf.5ecb6464c3d9720520837a1305136ecd.jpg,,0,0,no_caries,mild,0.5763,0.08127,0.57632,0.17396,0.16845
crops/hibogi_ai_03131_png_3.jpg,hibogi_ai_03131_png,HIBOGI_AI_03131_png_jpg.rf.5ecb6464c3d9720520837a1305136ecd.jpg,,0,0,no_caries,mild,0.5235,0.27889,0.52352,0.15403,0.04355
crops/hibogi_ai_03131_png_4.jpg,hibogi_ai_03131_png,HIBOGI_AI_03131_png_jpg.rf.5ecb6464c3d9720520837a1305136ecd.jpg,,0,0,no_caries,no_caries,0.4136,0.41363,0.17845,0.32486,0.08306
crops/hibogi_ai_03131_png_5.jpg,hibogi_ai_03131_png,HIBOGI_AI_03131_png_jpg.rf.5ecb6464c3d9720520837a1305136ecd.jpg,,0,0,no_caries,mild,0.5546,0.18486,0.5546,0.2422,0.01834
crops/hibogi_ai_03131_png_6.jpg,hibogi_ai_03131_png,HIBOGI_AI_03131_png_jpg.rf.5ecb6464c3d9720520837a1305136ecd.jpg,,0,0,no_caries,moderate,0.4748,0.12493,0.23418,0.47483,0.16606
crops/hibogi_ai_03133_png_0.jpg,hibogi_ai_03133_png,HIBOGI_AI_03133_png_jpg.rf.df197bc5c3ecc72890ac44218e5d692c.jpg,,0,0,no_caries,no_caries,0.7161,0.71607,0.11385,0.1475,0.02258
crops/hibogi_ai_03133_png_1.jpg,hibogi_ai_03133_png,HIBOGI_AI_03133_png_jpg.rf.df197bc5c3ecc72890ac44218e5d692c.jpg,,1,0,mild,moderate,0.6858,0.00565,0.28201,0.68576,0.02657
crops/hibogi_ai_03133_png_2.jpg,hibogi_ai_03133_png,HIBOGI_AI_03133_png_jpg.rf.df197bc5c3ecc72890ac44218e5d692c.jpg,,0,0,no_caries,mild,0.5308,0.26534,0.5308,0.11825,0.08561
crops/hibogi_ai_03133_png_3.jpg,hibogi_ai_03133_png,HIBOGI_AI_03133_png_jpg.rf.df197bc5c3ecc72890ac44218e5d692c.jpg,,0,0,no_caries,mild,0.597,0.26953,0.59704,0.1045,0.02893
crops/hibogi_ai_03133_png_4.jpg,hibogi_ai_03133_png,HIBOGI_AI_03133_png_jpg.rf.df197bc5c3ecc72890ac44218e5d692c.jpg,,0,0,no_caries,no_caries,0.6076,0.60757,0.18449,0.17276,0.03519
crops/hibogi_ai_03133_png_5.jpg,hibogi_ai_03133_png,HIBOGI_AI_03133_png_jpg.rf.df197bc5c3ecc72890ac44218e5d692c.jpg,,0,0,no_caries,no_caries,0.3426,0.34261,0.34124,0.22179,0.09436
crops/hibogi_ai_03133_png_6.jpg,hibogi_ai_03133_png,HIBOGI_AI_03133_png_jpg.rf.df197bc5c3ecc72890ac44218e5d692c.jpg,,0,0,no_caries,mild,0.5047,0.29338,0.50472,0.14331,0.05859
crops/hibogi_ai_03133_png_7.jpg,hibogi_ai_03133_png,HIBOGI_AI_03133_png_jpg.rf.df197bc5c3ecc72890ac44218e5d692c.jpg,,0,0,no_caries,mild,0.5751,0.22186,0.57508,0.12827,0.07479
crops/hibogi_ai_03133_png_8.jpg,hibogi_ai_03133_png,HIBOGI_AI_03133_png_jpg.rf.df197bc5c3ecc72890ac44218e5d692c.jpg,,0,0,no_caries,no_caries,0.4962,0.49622,0.30374,0.13203,0.068
crops/hibogi_ai_03133_png_9.jpg,hibogi_ai_03133_png,HIBOGI_AI_03133_png_jpg.rf.df197bc5c3ecc72890ac44218e5d692c.jpg,,1,0,mild,mild,0.5041,0.36511,0.50408,0.1116,0.01921
crops/hibogi_ai_03133_png_10.jpg,hibogi_ai_03133_png,HIBOGI_AI_03133_png_jpg.rf.df197bc5c3ecc72890ac44218e5d692c.jpg,,1,0,mild,mild,0.4571,0.33654,0.45715,0.12864,0.07767
crops/hibogi_ai_03134_png_0.jpg,hibogi_ai_03134_png,HIBOGI_AI_03134_png_jpg.rf.2a67c52e84df44fc868c08489552c50e.jpg,,2,0,mild,mild,0.7292,0.16321,0.72916,0.08859,0.01904
crops/hibogi_ai_03134_png_1.jpg,hibogi_ai_03134_png,HIBOGI_AI_03134_png_jpg.rf.2a67c52e84df44fc868c08489552c50e.jpg,,2,0,mild,mild,0.5876,0.28214,0.58765,0.0886,0.04161
crops/hibogi_ai_03134_png_2.jpg,hibogi_ai_03134_png,HIBOGI_AI_03134_png_jpg.rf.2a67c52e84df44fc868c08489552c50e.jpg,,2,0,mild,no_caries,0.5073,0.50728,0.37142,0.08178,0.03951
crops/hibogi_ai_03134_png_3.jpg,hibogi_ai_03134_png,HIBOGI_AI_03134_png_jpg.rf.2a67c52e84df44fc868c08489552c50e.jpg,,0,0,no_caries,no_caries,0.6097,0.60967,0.08148,0.20243,0.10642
crops/hibogi_ai_03134_png_4.jpg,hibogi_ai_03134_png,HIBOGI_AI_03134_png_jpg.rf.2a67c52e84df44fc868c08489552c50e.jpg,,0,0,no_caries,no_caries,0.6744,0.67436,0.20533,0.05374,0.06657
crops/hibogi_ai_03134_png_5.jpg,hibogi_ai_03134_png,HIBOGI_AI_03134_png_jpg.rf.2a67c52e84df44fc868c08489552c50e.jpg,,0,0,no_caries,no_caries,0.833,0.83302,0.07393,0.05914,0.03392
crops/hibogi_ai_03134_png_6.jpg,hibogi_ai_03134_png,HIBOGI_AI_03134_png_jpg.rf.2a67c52e84df44fc868c08489552c50e.jpg,,0,0,no_caries,no_caries,0.6715,0.67152,0.21451,0.07568,0.03829
crops/hibogi_ai_03134_png_7.jpg,hibogi_ai_03134_png,HIBOGI_AI_03134_png_jpg.rf.2a67c52e84df44fc868c08489552c50e.jpg,,2,0,mild,mild,0.5715,0.07911,0.57147,0.15824,0.19118
crops/hibogi_ai_03134_png_8.jpg,hibogi_ai_03134_png,HIBOGI_AI_03134_png_jpg.rf.2a67c52e84df44fc868c08489552c50e.jpg,,5,0,advanced,advanced,0.7754,0.0175,0.11452,0.09254,0.77545
crops/hibogi_ai_03134_png_9.jpg,hibogi_ai_03134_png,HIBOGI_AI_03134_png_jpg.rf.2a67c52e84df44fc868c08489552c50e.jpg,,2,0,mild,mild,0.589,0.06039,0.58896,0.18561,0.16503
crops/hibogi_ai_03154_png_0.jpg,hibogi_ai_03154_png,HIBOGI_AI_03154_png_jpg.rf.9b953798cb07363c2ee0cd73e653f741.jpg,,0,0,no_caries,no_caries,0.7133,0.71326,0.15043,0.11328,0.02303
crops/hibogi_ai_03154_png_1.jpg,hibogi_ai_03154_png,HIBOGI_AI_03154_png_jpg.rf.9b953798cb07363c2ee0cd73e653f741.jpg,,0,0,no_caries,no_caries,0.8285,0.82852,0.07832,0.06094,0.03221
crops/hibogi_ai_03154_png_2.jpg,hibogi_ai_03154_png,HIBOGI_AI_03154_png_jpg.rf.9b953798cb07363c2ee0cd73e653f741.jpg,,0,0,no_caries,no_caries,0.7083,0.70833,0.15392,0.08652,0.05123
crops/hibogi_ai_03154_png_3.jpg,hibogi_ai_03154_png,HIBOGI_AI_03154_png_jpg.rf.9b953798cb07363c2ee0cd73e653f741.jpg,,0,0,no_caries,no_caries,0.5982,0.59817,0.13383,0.23476,0.03323
crops/hibogi_ai_03154_png_4.jpg,hibogi_ai_03154_png,HIBOGI_AI_03154_png_jpg.rf.9b953798cb07363c2ee0cd73e653f741.jpg,,0,0,no_caries,no_caries,0.5243,0.52434,0.1359,0.20222,0.13753
crops/hibogi_ai_03154_png_5.jpg,hibogi_ai_03154_png,HIBOGI_AI_03154_png_jpg.rf.9b953798cb07363c2ee0cd73e653f741.jpg,,3,0,moderate,no_caries,0.5356,0.53558,0.24612,0.15675,0.06155
crops/hibogi_ai_03154_png_6.jpg,hibogi_ai_03154_png,HIBOGI_AI_03154_png_jpg.rf.9b953798cb07363c2ee0cd73e653f741.jpg,,0,0,no_caries,no_caries,0.8253,0.82531,0.06716,0.08454,0.02299
crops/hibogi_ai_03154_png_7.jpg,hibogi_ai_03154_png,HIBOGI_AI_03154_png_jpg.rf.9b953798cb07363c2ee0cd73e653f741.jpg,,3,0,moderate,moderate,0.6785,0.02654,0.19511,0.67849,0.09986
crops/hibogi_ai_03154_png_8.jpg,hibogi_ai_03154_png,HIBOGI_AI_03154_png_jpg.rf.9b953798cb07363c2ee0cd73e653f741.jpg,,0,0,no_caries,no_caries,0.6854,0.68544,0.22719,0.05538,0.03199
crops/hibogi_ai_03154_png_9.jpg,hibogi_ai_03154_png,HIBOGI_AI_03154_png_jpg.rf.9b953798cb07363c2ee0cd73e653f741.jpg,,0,0,no_caries,no_caries,0.6847,0.68471,0.2314,0.05288,0.03101
crops/hibogi_ai_03154_png_10.jpg,hibogi_ai_03154_png,HIBOGI_AI_03154_png_jpg.rf.9b953798cb07363c2ee0cd73e653f741.jpg,,0,0,no_caries,no_caries,0.6965,0.69651,0.18258,0.07081,0.0501
crops/hibogi_ai_03154_png_11.jpg,hibogi_ai_03154_png,HIBOGI_AI_03154_png_jpg.rf.9b953798cb07363c2ee0cd73e653f741.jpg,,0,0,no_caries,mild,0.6247,0.31418,0.62473,0.02907,0.03202
crops/hibogi_ai_03154_png_12.jpg,hibogi_ai_03154_png,HIBOGI_AI_03154_png_jpg.rf.9b953798cb07363c2ee0cd73e653f741.jpg,,0,0,no_caries,no_caries,0.6808,0.68076,0.20712,0.08577,0.02635
crops/hibogi_ai_03154_png_13.jpg,hibogi_ai_03154_png,HIBOGI_AI_03154_png_jpg.rf.9b953798cb07363c2ee0cd73e653f741.jpg,,0,0,no_caries,no_caries,0.8127,0.81266,0.08388,0.07505,0.02841
crops/hibogi_ai_03158_png_0.jpg,hibogi_ai_03158_png,HIBOGI_AI_03158_png_jpg.rf.7aa4b710f830b05e6a619e3deb06728d.jpg,,5,0,advanced,mild,0.6674,0.12824,0.66742,0.10181,0.10253
crops/hibogi_ai_03158_png_1.jpg,hibogi_ai_03158_png,HIBOGI_AI_03158_png_jpg.rf.7aa4b710f830b05e6a619e3deb06728d.jpg,,2,0,mild,mild,0.6514,0.16179,0.65142,0.15823,0.02856
crops/hibogi_ai_03158_png_2.jpg,hibogi_ai_03158_png,HIBOGI_AI_03158_png_jpg.rf.7aa4b710f830b05e6a619e3deb06728d.jpg,,3,0,moderate,mild,0.5401,0.06416,0.54011,0.19941,0.19631
crops/hibogi_ai_03158_png_3.jpg,hibogi_ai_03158_png,HIBOGI_AI_03158_png_jpg.rf.7aa4b710f830b05e6a619e3deb06728d.jpg,,2,0,mild,no_caries,0.4055,0.40548,0.39385,0.17402,0.02664
crops/hibogi_ai_03158_png_4.jpg,hibogi_ai_03158_png,HIBOGI_AI_03158_png_jpg.rf.7aa4b710f830b05e6a619e3deb06728d.jpg,,2,0,mild,no_caries,0.6585,0.65847,0.18951,0.12081,0.03122
crops/hibogi_ai_03158_png_5.jpg,hibogi_ai_03158_png,HIBOGI_AI_03158_png_jpg.rf.7aa4b710f830b05e6a619e3deb06728d.jpg,,2,0,mild,no_caries,0.7704,0.77042,0.09217,0.11215,0.02526
crops/hibogi_ai_03158_png_6.jpg,hibogi_ai_03158_png,HIBOGI_AI_03158_png_jpg.rf.7aa4b710f830b05e6a619e3deb06728d.jpg,,2,0,mild,no_caries,0.6919,0.69191,0.11872,0.16523,0.02414
crops/hibogi_ai_03158_png_7.jpg,hibogi_ai_03158_png,HIBOGI_AI_03158_png_jpg.rf.7aa4b710f830b05e6a619e3deb06728d.jpg,,5,0,advanced,mild,0.3364,0.2251,0.3364,0.205,0.2335
crops/hibogi_ai_03158_png_8.jpg,hibogi_ai_03158_png,HIBOGI_AI_03158_png_jpg.rf.7aa4b710f830b05e6a619e3deb06728d.jpg,,0,0,no_caries,moderate,0.4212,0.21711,0.14444,0.42124,0.21721
crops/hibogi_ai_03158_png_9.jpg,hibogi_ai_03158_png,HIBOGI_AI_03158_png_jpg.rf.7aa4b710f830b05e6a619e3deb06728d.jpg,,5,0,advanced,mild,0.4766,0.28471,0.47655,0.17866,0.06008
crops/hibogi_ai_03158_png_10.jpg,hibogi_ai_03158_png,HIBOGI_AI_03158_png_jpg.rf.7aa4b710f830b05e6a619e3deb06728d.jpg,,0,0,no_caries,mild,0.4637,0.31162,0.46374,0.07168,0.15296
crops/hibogi_ai_03158_png_11.jpg,hibogi_ai_03158_png,HIBOGI_AI_03158_png_jpg.rf.7aa4b710f830b05e6a619e3deb06728d.jpg,,2,0,mild,mild,0.4978,0.33709,0.49777,0.12598,0.03916
crops/hibogi_ai_03158_png_12.jpg,hibogi_ai_03158_png,HIBOGI_AI_03158_png_jpg.rf.7aa4b710f830b05e6a619e3deb06728d.jpg,,0,0,no_caries,no_caries,0.4858,0.4858,0.27164,0.18489,0.05766
crops/hibogi_ai_03158_png_13.jpg,hibogi_ai_03158_png,HIBOGI_AI_03158_png_jpg.rf.7aa4b710f830b05e6a619e3deb06728d.jpg,,0,0,no_caries,no_caries,0.4306,0.43061,0.3596,0.18989,0.0199
crops/hibogi_ai_03158_png_14.jpg,hibogi_ai_03158_png,HIBOGI_AI_03158_png_jpg.rf.7aa4b710f830b05e6a619e3deb06728d.jpg,,0,0,no_caries,no_caries,0.6837,0.68365,0.21937,0.06711,0.02986
crops/hibogi_ai_03158_png_15.jpg,hibogi_ai_03158_png,HIBOGI_AI_03158_png_jpg.rf.7aa4b710f830b05e6a619e3deb06728d.jpg,,0,0,no_caries,no_caries,0.6792,0.67917,0.16907,0.12903,0.02272
crops/hibogi_ai_03158_png_16.jpg,hibogi_ai_03158_png,HIBOGI_AI_03158_png_jpg.rf.7aa4b710f830b05e6a619e3deb06728d.jpg,,0,0,no_caries,no_caries,0.593,0.59301,0.25222,0.13692,0.01784
crops/hibogi_ai_03158_png_17.jpg,hibogi_ai_03158_png,HIBOGI_AI_03158_png_jpg.rf.7aa4b710f830b05e6a619e3deb06728d.jpg,,2,0,mild,mild,0.3647,0.34931,0.36468,0.24879,0.03723
crops/hibogi_ai_03158_png_18.jpg,hibogi_ai_03158_png,HIBOGI_AI_03158_png_jpg.rf.7aa4b710f830b05e6a619e3deb06728d.jpg,,0,0,no_caries,mild,0.5356,0.1645,0.53562,0.21848,0.08141
crops/hibogi_ai_03158_png_19.jpg,hibogi_ai_03158_png,HIBOGI_AI_03158_png_jpg.rf.7aa4b710f830b05e6a619e3deb06728d.jpg,,0,0,no_caries,no_caries,0.4406,0.44059,0.35023,0.11065,0.09853
crops/hibogi_ai_03161_png_0.jpg,hibogi_ai_03161_png,HIBOGI_AI_03161_png_jpg.rf.4490c648ffdd82c2d976e8cda817a017.jpg,,5,0,advanced,moderate,0.5592,0.04202,0.32245,0.55919,0.07634
crops/hibogi_ai_03161_png_1.jpg,hibogi_ai_03161_png,HIBOGI_AI_03161_png_jpg.rf.4490c648ffdd82c2d976e8cda817a017.jpg,,3,0,moderate,advanced,0.4846,0.07505,0.0696,0.37072,0.48462
crops/hibogi_ai_03161_png_2.jpg,hibogi_ai_03161_png,HIBOGI_AI_03161_png_jpg.rf.4490c648ffdd82c2d976e8cda817a017.jpg,,0,0,no_caries,moderate,0.421,0.11345,0.18236,0.42097,0.28322
crops/hibogi_ai_03161_png_3.jpg,hibogi_ai_03161_png,HIBOGI_AI_03161_png_jpg.rf.4490c648ffdd82c2d976e8cda817a017.jpg,,0,0,no_caries,moderate,0.4173,0.19645,0.25838,0.41734,0.12784
crops/hibogi_ai_03161_png_4.jpg,hibogi_ai_03161_png,HIBOGI_AI_03161_png_jpg.rf.4490c648ffdd82c2d976e8cda817a017.jpg,,3,0,moderate,mild,0.5973,0.26545,0.59732,0.1247,0.01253
crops/hibogi_ai_03161_png_5.jpg,hibogi_ai_03161_png,HIBOGI_AI_03161_png_jpg.rf.4490c648ffdd82c2d976e8cda817a017.jpg,,3,0,moderate,no_caries,0.6175,0.61748,0.20256,0.15584,0.02412
crops/hibogi_ai_03161_png_6.jpg,hibogi_ai_03161_png,HIBOGI_AI_03161_png_jpg.rf.4490c648ffdd82c2d976e8cda817a017.jpg,,3,0,moderate,no_caries,0.4988,0.49879,0.17028,0.26736,0.06357
crops/hibogi_ai_03161_png_7.jpg,hibogi_ai_03161_png,HIBOGI_AI_03161_png_jpg.rf.4490c648ffdd82c2d976e8cda817a017.jpg,,3,0,moderate,no_caries,0.5953,0.59533,0.23898,0.1395,0.02618
crops/hibogi_ai_03161_png_8.jpg,hibogi_ai_03161_png,HIBOGI_AI_03161_png_jpg.rf.4490c648ffdd82c2d976e8cda817a017.jpg,,3,0,moderate,no_caries,0.6272,0.62722,0.16286,0.1747,0.03522
crops/hibogi_ai_03161_png_9.jpg,hibogi_ai_03161_png,HIBOGI_AI_03161_png_jpg.rf.4490c648ffdd82c2d976e8cda817a017.jpg,,3,0,moderate,no_caries,0.636,0.63603,0.20241,0.13741,0.02415
crops/hibogi_ai_03161_png_10.jpg,hibogi_ai_03161_png,HIBOGI_AI_03161_png_jpg.rf.4490c648ffdd82c2d976e8cda817a017.jpg,,3,0,moderate,moderate,0.4376,0.28519,0.26599,0.43756,0.01126
crops/hibogi_ai_03161_png_11.jpg,hibogi_ai_03161_png,HIBOGI_AI_03161_png_jpg.rf.4490c648ffdd82c2d976e8cda817a017.jpg,,2,0,mild,moderate,0.4623,0.17475,0.3312,0.46232,0.03173
crops/hibogi_ai_03161_png_12.jpg,hibogi_ai_03161_png,HIBOGI_AI_03161_png_jpg.rf.4490c648ffdd82c2d976e8cda817a017.jpg,,2,0,mild,no_caries,0.3968,0.39684,0.35067,0.1944,0.05809
crops/hibogi_ai_03161_png_13.jpg,hibogi_ai_03161_png,HIBOGI_AI_03161_png_jpg.rf.4490c648ffdd82c2d976e8cda817a017.jpg,,2,0,mild,no_caries,0.4307,0.43073,0.30068,0.22925,0.03934
crops/hibogi_ai_03161_png_14.jpg,hibogi_ai_03161_png,HIBOGI_AI_03161_png_jpg.rf.4490c648ffdd82c2d976e8cda817a017.jpg,,3,0,moderate,moderate,0.4749,0.19096,0.26742,0.47488,0.06673
crops/hibogi_ai_03161_png_15.jpg,hibogi_ai_03161_png,HIBOGI_AI_03161_png_jpg.rf.4490c648ffdd82c2d976e8cda817a017.jpg,,3,0,moderate,advanced,0.4815,0.05199,0.16508,0.30147,0.48146
crops/hibogi_ai_03174_png_0.jpg,hibogi_ai_03174_png,HIBOGI_AI_03174_png_jpg.rf.f0caaa9524161d54216373574140d941.jpg,,0,0,no_caries,no_caries,0.443,0.44303,0.29091,0.14552,0.12054
crops/hibogi_ai_03174_png_1.jpg,hibogi_ai_03174_png,HIBOGI_AI_03174_png_jpg.rf.f0caaa9524161d54216373574140d941.jpg,,0,0,no_caries,no_caries,0.5625,0.56247,0.27502,0.11456,0.04794
crops/hibogi_ai_03174_png_2.jpg,hibogi_ai_03174_png,HIBOGI_AI_03174_png_jpg.rf.f0caaa9524161d54216373574140d941.jpg,,0,0,no_caries,no_caries,0.38,0.37999,0.3796,0.15264,0.08778
crops/hibogi_ai_03174_png_3.jpg,hibogi_ai_03174_png,HIBOGI_AI_03174_png_jpg.rf.f0caaa9524161d54216373574140d941.jpg,,0,0,no_caries,no_caries,0.4608,0.46078,0.34225,0.159,0.03797
crops/hibogi_ai_03174_png_4.jpg,hibogi_ai_03174_png,HIBOGI_AI_03174_png_jpg.rf.f0caaa9524161d54216373574140d941.jpg,,0,0,no_caries,mild,0.5073,0.28074,0.50726,0.10578,0.10622
crops/hibogi_ai_03174_png_5.jpg,hibogi_ai_03174_png,HIBOGI_AI_03174_png_jpg.rf.f0caaa9524161d54216373574140d941.jpg,,0,0,no_caries,no_caries,0.5501,0.55012,0.35195,0.06843,0.02951
crops/hibogi_ai_03174_png_6.jpg,hibogi_ai_03174_png,HIBOGI_AI_03174_png_jpg.rf.f0caaa9524161d54216373574140d941.jpg,,0,0,no_caries,no_caries,0.5906,0.59056,0.13885,0.23003,0.04057
crops/hibogi_ai_03174_png_7.jpg,hibogi_ai_03174_png,HIBOGI_AI_03174_png_jpg.rf.f0caaa9524161d54216373574140d941.jpg,,0,0,no_caries,no_caries,0.5629,0.56286,0.18666,0.22175,0.02873
crops/hibogi_ai_03174_png_8.jpg,hibogi_ai_03174_png,HIBOGI_AI_03174_png_jpg.rf.f0caaa9524161d54216373574140d941.jpg,,0,0,no_caries,no_caries,0.6712,0.67116,0.22735,0.08248,0.01901
crops/hibogi_ai_03174_png_9.jpg,hibogi_ai_03174_png,HIBOGI_AI_03174_png_jpg.rf.f0caaa9524161d54216373574140d941.jpg,,0,0,no_caries,no_caries,0.7628,0.76284,0.08235,0.11483,0.03997
crops/hibogi_ai_03174_png_10.jpg,hibogi_ai_03174_png,HIBOGI_AI_03174_png_jpg.rf.f0caaa9524161d54216373574140d941.jpg,,0,0,no_caries,no_caries,0.6843,0.68434,0.12759,0.14952,0.03854
crops/hibogi_ai_03174_png_11.jpg,hibogi_ai_03174_png,HIBOGI_AI_03174_png_jpg.rf.f0caaa9524161d54216373574140d941.jpg,,0,0,no_caries,no_caries,0.7594,0.75942,0.11659,0.09006,0.03393
crops/hibogi_ai_03176_png_0.jpg,hibogi_ai_03176_png,HIBOGI_AI_03176_png_jpg.rf.b76c570704b861cc6d1df078da6cab9d.jpg,,3,0,moderate,moderate,0.3971,0.15592,0.28466,0.39709,0.16233
crops/hibogi_ai_03176_png_1.jpg,hibogi_ai_03176_png,HIBOGI_AI_03176_png_jpg.rf.b76c570704b861cc6d1df078da6cab9d.jpg,,3,0,moderate,mild,0.3872,0.06132,0.38719,0.34587,0.20562
crops/hibogi_ai_03176_png_2.jpg,hibogi_ai_03176_png,HIBOGI_AI_03176_png_jpg.rf.b76c570704b861cc6d1df078da6cab9d.jpg,,3,0,moderate,mild,0.5593,0.19064,0.55928,0.11743,0.13265
crops/hibogi_ai_03176_png_3.jpg,hibogi_ai_03176_png,HIBOGI_AI_03176_png_jpg.rf.b76c570704b861cc6d1df078da6cab9d.jpg,,0,0,no_caries,no_caries,0.6132,0.61323,0.27788,0.08154,0.02735
crops/hibogi_ai_03176_png_4.jpg,hibogi_ai_03176_png,HIBOGI_AI_03176_png_jpg.rf.b76c570704b861cc6d1df078da6cab9d.jpg,,2,0,mild,no_caries,0.6154,0.61536,0.25026,0.05509,0.07929
crops/hibogi_ai_03176_png_5.jpg,hibogi_ai_03176_png,HIBOGI_AI_03176_png_jpg.rf.b76c570704b861cc6d1df078da6cab9d.jpg,,0,0,no_caries,no_caries,0.7408,0.74078,0.15931,0.03809,0.06182
crops/hibogi_ai_03176_png_6.jpg,hibogi_ai_03176_png,HIBOGI_AI_03176_png_jpg.rf.b76c570704b861cc6d1df078da6cab9d.jpg,,0,0,no_caries,no_caries,0.5122,0.51215,0.04729,0.1318,0.30875
crops/hibogi_ai_03176_png_7.jpg,hibogi_ai_03176_png,HIBOGI_AI_03176_png_jpg.rf.b76c570704b861cc6d1df078da6cab9d.jpg,,0,0,no_caries,no_caries,0.8667,0.86668,0.03172,0.04149,0.06011
crops/hibogi_ai_03176_png_8.jpg,hibogi_ai_03176_png,HIBOGI_AI_03176_png_jpg.rf.b76c570704b861cc6d1df078da6cab9d.jpg,,0,0,no_caries,no_caries,0.6776,0.67764,0.1573,0.06919,0.09587
crops/hibogi_ai_03176_png_9.jpg,hibogi_ai_03176_png,HIBOGI_AI_03176_png_jpg.rf.b76c570704b861cc6d1df078da6cab9d.jpg,,5,0,advanced,mild,0.4766,0.31491,0.47657,0.07268,0.13584
crops/hibogi_ai_03176_png_10.jpg,hibogi_ai_03176_png,HIBOGI_AI_03176_png_jpg.rf.b76c570704b861cc6d1df078da6cab9d.jpg,,0,0,no_caries,no_caries,0.5755,0.57554,0.3409,0.06245,0.02112
crops/hibogi_ai_03176_png_11.jpg,hibogi_ai_03176_png,HIBOGI_AI_03176_png_jpg.rf.b76c570704b861cc6d1df078da6cab9d.jpg,,3,0,moderate,mild,0.6587,0.09974,0.65867,0.17148,0.07011
crops/hibogi_ai_03176_png_12.jpg,hibogi_ai_03176_png,HIBOGI_AI_03176_png_jpg.rf.b76c570704b861cc6d1df078da6cab9d.jpg,,3,0,moderate,moderate,0.7054,0.0198,0.2106,0.70539,0.0642
crops/hibogi_ai_03176_png_13.jpg,hibogi_ai_03176_png,HIBOGI_AI_03176_png_jpg.rf.b76c570704b861cc6d1df078da6cab9d.jpg,,0,0,no_caries,moderate,0.4665,0.03241,0.28572,0.46653,0.21535
crops/hibogi_ai_03183_png_0.jpg,hibogi_ai_03183_png,HIBOGI_AI_03183_png_jpg.rf.2647638a0b43574931b74020df2aa01c.jpg,,1,0,mild,moderate,0.736,0.03051,0.22477,0.73603,0.00869
crops/hibogi_ai_03183_png_1.jpg,hibogi_ai_03183_png,HIBOGI_AI_03183_png_jpg.rf.2647638a0b43574931b74020df2aa01c.jpg,,0,0,no_caries,moderate,0.418,0.22318,0.29999,0.41802,0.05881
crops/hibogi_ai_03183_png_2.jpg,hibogi_ai_03183_png,HIBOGI_AI_03183_png_jpg.rf.2647638a0b43574931b74020df2aa01c.jpg,,0,0,no_caries,no_caries,0.6202,0.62024,0.19897,0.14826,0.03253
crops/hibogi_ai_03183_png_3.jpg,hibogi_ai_03183_png,HIBOGI_AI_03183_png_jpg.rf.2647638a0b43574931b74020df2aa01c.jpg,,0,0,no_caries,no_caries,0.4215,0.42148,0.39426,0.15001,0.03425
crops/hibogi_ai_03183_png_4.jpg,hibogi_ai_03183_png,HIBOGI_AI_03183_png_jpg.rf.2647638a0b43574931b74020df2aa01c.jpg,,0,0,no_caries,no_caries,0.6413,0.6413,0.22876,0.10198,0.02796
crops/hibogi_ai_03183_png_5.jpg,hibogi_ai_03183_png,HIBOGI_AI_03183_png_jpg.rf.2647638a0b43574931b74020df2aa01c.jpg,,0,0,no_caries,no_caries,0.6613,0.66128,0.15175,0.15612,0.03085
crops/hibogi_ai_03183_png_6.jpg,hibogi_ai_03183_png,HIBOGI_AI_03183_png_jpg.rf.2647638a0b43574931b74020df2aa01c.jpg,,0,0,no_caries,no_caries,0.7098,0.70975,0.13196,0.1206,0.03769
crops/hibogi_ai_03183_png_7.jpg,hibogi_ai_03183_png,HIBOGI_AI_03183_png_jpg.rf.2647638a0b43574931b74020df2aa01c.jpg,,0,0,no_caries,no_caries,0.5449,0.54489,0.22241,0.17737,0.05533
crops/hibogi_ai_03183_png_8.jpg,hibogi_ai_03183_png,HIBOGI_AI_03183_png_jpg.rf.2647638a0b43574931b74020df2aa01c.jpg,,0,0,no_caries,no_caries,0.6398,0.63981,0.13968,0.18787,0.03264
crops/hibogi_ai_03183_png_9.jpg,hibogi_ai_03183_png,HIBOGI_AI_03183_png_jpg.rf.2647638a0b43574931b74020df2aa01c.jpg,,0,0,no_caries,no_caries,0.5349,0.53493,0.17002,0.26328,0.03176
crops/hibogi_ai_03183_png_10.jpg,hibogi_ai_03183_png,HIBOGI_AI_03183_png_jpg.rf.2647638a0b43574931b74020df2aa01c.jpg,,0,0,no_caries,no_caries,0.6235,0.62353,0.12603,0.21576,0.03467
crops/hibogi_ai_03183_png_11.jpg,hibogi_ai_03183_png,HIBOGI_AI_03183_png_jpg.rf.2647638a0b43574931b74020df2aa01c.jpg,,0,0,no_caries,no_caries,0.6946,0.69459,0.17233,0.1142,0.01888
crops/hibogi_ai_03183_png_12.jpg,hibogi_ai_03183_png,HIBOGI_AI_03183_png_jpg.rf.2647638a0b43574931b74020df2aa01c.jpg,,0,0,no_caries,no_caries,0.5806,0.58056,0.17068,0.21872,0.03004
crops/hibogi_ai_03183_png_13.jpg,hibogi_ai_03183_png,HIBOGI_AI_03183_png_jpg.rf.2647638a0b43574931b74020df2aa01c.jpg,,0,0,no_caries,no_caries,0.6698,0.6698,0.10849,0.1844,0.03732
crops/hibogi_ai_03183_png_14.jpg,hibogi_ai_03183_png,HIBOGI_AI_03183_png_jpg.rf.2647638a0b43574931b74020df2aa01c.jpg,,0,0,no_caries,no_caries,0.7379,0.73794,0.10973,0.12727,0.02507
crops/hibogi_ai_03183_png_15.jpg,hibogi_ai_03183_png,HIBOGI_AI_03183_png_jpg.rf.2647638a0b43574931b74020df2aa01c.jpg,,0,0,no_caries,no_caries,0.6335,0.63354,0.14363,0.19782,0.025
crops/hibogi_ai_03183_png_16.jpg,hibogi_ai_03183_png,HIBOGI_AI_03183_png_jpg.rf.2647638a0b43574931b74020df2aa01c.jpg,,0,0,no_caries,moderate,0.4121,0.33566,0.23256,0.41209,0.01969
crops/hibogi_ai_03191_png_0.jpg,hibogi_ai_03191_png,HIBOGI_AI_03191_png_jpg.rf.bbbe9999ab9f5893d6e33de06ac312bf.jpg,,0,0,no_caries,no_caries,0.6879,0.68788,0.18289,0.09805,0.03118
crops/hibogi_ai_03191_png_1.jpg,hibogi_ai_03191_png,HIBOGI_AI_03191_png_jpg.rf.bbbe9999ab9f5893d6e33de06ac312bf.jpg,,0,0,no_caries,no_caries,0.738,0.73798,0.15871,0.06706,0.03625
crops/hibogi_ai_03191_png_2.jpg,hibogi_ai_03191_png,HIBOGI_AI_03191_png_jpg.rf.bbbe9999ab9f5893d6e33de06ac312bf.jpg,,0,0,no_caries,no_caries,0.6581,0.65806,0.20289,0.10436,0.03468
crops/hibogi_ai_03191_png_3.jpg,hibogi_ai_03191_png,HIBOGI_AI_03191_png_jpg.rf.bbbe9999ab9f5893d6e33de06ac312bf.jpg,,5,0,advanced,advanced,0.876,0.0172,0.08692,0.01992,0.87596
crops/hibogi_ai_03191_png_4.jpg,hibogi_ai_03191_png,HIBOGI_AI_03191_png_jpg.rf.bbbe9999ab9f5893d6e33de06ac312bf.jpg,,0,0,no_caries,no_caries,0.4558,0.45581,0.39741,0.11981,0.02696
crops/hibogi_ai_03191_png_5.jpg,hibogi_ai_03191_png,HIBOGI_AI_03191_png_jpg.rf.bbbe9999ab9f5893d6e33de06ac312bf.jpg,,0,0,no_caries,mild,0.6508,0.26946,0.65082,0.05923,0.02049
crops/hibogi_ai_03191_png_6.jpg,hibogi_ai_03191_png,HIBOGI_AI_03191_png_jpg.rf.bbbe9999ab9f5893d6e33de06ac312bf.jpg,,0,0,no_caries,no_caries,0.4801,0.48012,0.4473,0.05691,0.01567
crops/hibogi_ai_03191_png_7.jpg,hibogi_ai_03191_png,HIBOGI_AI_03191_png_jpg.rf.bbbe9999ab9f5893d6e33de06ac312bf.jpg,,5,0,advanced,moderate,0.4333,0.08642,0.16642,0.43333,0.31383
crops/hibogi_ai_03191_png_8.jpg,hibogi_ai_03191_png,HIBOGI_AI_03191_png_jpg.rf.bbbe9999ab9f5893d6e33de06ac312bf.jpg,,0,0,no_caries,no_caries,0.3998,0.39978,0.38454,0.16074,0.05494
crops/hibogi_ai_03191_png_9.jpg,hibogi_ai_03191_png,HIBOGI_AI_03191_png_jpg.rf.bbbe9999ab9f5893d6e33de06ac312bf.jpg,,0,0,no_caries,no_caries,0.4681,0.46814,0.4271,0.08747,0.01729
crops/hibogi_ai_03191_png_10.jpg,hibogi_ai_03191_png,HIBOGI_AI_03191_png_jpg.rf.bbbe9999ab9f5893d6e33de06ac312bf.jpg,,0,0,no_caries,no_caries,0.6366,0.6366,0.2725,0.08026,0.01064
crops/hibogi_ai_03191_png_11.jpg,hibogi_ai_03191_png,HIBOGI_AI_03191_png_jpg.rf.bbbe9999ab9f5893d6e33de06ac312bf.jpg,,0,0,no_caries,no_caries,0.4664,0.46636,0.40976,0.09379,0.0301
crops/hibogi_ai_03191_png_12.jpg,hibogi_ai_03191_png,HIBOGI_AI_03191_png_jpg.rf.bbbe9999ab9f5893d6e33de06ac312bf.jpg,,0,0,no_caries,no_caries,0.4686,0.46856,0.37307,0.13644,0.02194
crops/hibogi_ai_03191_png_13.jpg,hibogi_ai_03191_png,HIBOGI_AI_03191_png_jpg.rf.bbbe9999ab9f5893d6e33de06ac312bf.jpg,,3,0,moderate,moderate,0.4417,0.25035,0.28251,0.44167,0.02547
crops/hibogi_ai_03232_png_0.jpg,hibogi_ai_03232_png,HIBOGI_AI_03232_png_jpg.rf.25d24e6c51c0c7e94857654bbf7392bd.jpg,,0,0,no_caries,no_caries,0.4242,0.42419,0.198,0.31347,0.06434
crops/hibogi_ai_03232_png_1.jpg,hibogi_ai_03232_png,HIBOGI_AI_03232_png_jpg.rf.25d24e6c51c0c7e94857654bbf7392bd.jpg,,0,0,no_caries,no_caries,0.7916,0.79158,0.08997,0.09207,0.02637
crops/hibogi_ai_03232_png_2.jpg,hibogi_ai_03232_png,HIBOGI_AI_03232_png_jpg.rf.25d24e6c51c0c7e94857654bbf7392bd.jpg,,0,0,no_caries,no_caries,0.7212,0.72121,0.19606,0.04265,0.04008
crops/hibogi_ai_03232_png_3.jpg,hibogi_ai_03232_png,HIBOGI_AI_03232_png_jpg.rf.25d24e6c51c0c7e94857654bbf7392bd.jpg,,5,0,advanced,advanced,0.9603,0.01408,0.01836,0.00723,0.96032
crops/hibogi_ai_03232_png_4.jpg,hibogi_ai_03232_png,HIBOGI_AI_03232_png_jpg.rf.25d24e6c51c0c7e94857654bbf7392bd.jpg,,0,0,no_caries,no_caries,0.7708,0.77078,0.13072,0.06892,0.02957
crops/hibogi_ai_03232_png_5.jpg,hibogi_ai_03232_png,HIBOGI_AI_03232_png_jpg.rf.25d24e6c51c0c7e94857654bbf7392bd.jpg,,0,0,no_caries,no_caries,0.8189,0.81887,0.08027,0.07015,0.03071
crops/hibogi_ai_03232_png_6.jpg,hibogi_ai_03232_png,HIBOGI_AI_03232_png_jpg.rf.25d24e6c51c0c7e94857654bbf7392bd.jpg,,0,0,no_caries,no_caries,0.8243,0.82427,0.11045,0.0431,0.02218
crops/hibogi_ai_03232_png_7.jpg,hibogi_ai_03232_png,HIBOGI_AI_03232_png_jpg.rf.25d24e6c51c0c7e94857654bbf7392bd.jpg,,0,0,no_caries,no_caries,0.5902,0.59022,0.3027,0.08059,0.0265
crops/hibogi_ai_03232_png_8.jpg,hibogi_ai_03232_png,HIBOGI_AI_03232_png_jpg.rf.25d24e6c51c0c7e94857654bbf7392bd.jpg,,0,0,no_caries,moderate,0.6604,0.19985,0.08456,0.66036,0.05524
crops/hibogi_ai_03232_png_9.jpg,hibogi_ai_03232_png,HIBOGI_AI_03232_png_jpg.rf.25d24e6c51c0c7e94857654bbf7392bd.jpg,,0,0,no_caries,no_caries,0.7826,0.78264,0.13419,0.06165,0.02152
crops/hibogi_ai_03232_png_10.jpg,hibogi_ai_03232_png,HIBOGI_AI_03232_png_jpg.rf.25d24e6c51c0c7e94857654bbf7392bd.jpg,,0,0,no_caries,no_caries,0.6215,0.62151,0.29106,0.05356,0.03387
crops/hibogi_ai_03232_png_11.jpg,hibogi_ai_03232_png,HIBOGI_AI_03232_png_jpg.rf.25d24e6c51c0c7e94857654bbf7392bd.jpg,,0,0,no_caries,no_caries,0.4879,0.48789,0.42859,0.05765,0.02587
crops/hibogi_ai_03232_png_12.jpg,hibogi_ai_03232_png,HIBOGI_AI_03232_png_jpg.rf.25d24e6c51c0c7e94857654bbf7392bd.jpg,,0,0,no_caries,no_caries,0.7708,0.77083,0.15623,0.04767,0.02527
crops/hibogi_ai_03232_png_13.jpg,hibogi_ai_03232_png,HIBOGI_AI_03232_png_jpg.rf.25d24e6c51c0c7e94857654bbf7392bd.jpg,,0,0,no_caries,no_caries,0.8376,0.83764,0.07075,0.07003,0.02157
crops/hibogi_ai_03232_png_14.jpg,hibogi_ai_03232_png,HIBOGI_AI_03232_png_jpg.rf.25d24e6c51c0c7e94857654bbf7392bd.jpg,,0,0,no_caries,no_caries,0.4614,0.46143,0.12751,0.21464,0.19642
crops/hibogi_ai_03241_png_0.jpg,hibogi_ai_03241_png,HIBOGI_AI_03241_png_jpg.rf.6842bbfed116bc66fb60e41dbeea595c.jpg,,0,0,no_caries,mild,0.4327,0.42734,0.43273,0.11669,0.02324
crops/hibogi_ai_03241_png_1.jpg,hibogi_ai_03241_png,HIBOGI_AI_03241_png_jpg.rf.6842bbfed116bc66fb60e41dbeea595c.jpg,,0,0,no_caries,mild,0.4827,0.22095,0.48272,0.22866,0.06767
crops/hibogi_ai_03241_png_2.jpg,hibogi_ai_03241_png,HIBOGI_AI_03241_png_jpg.rf.6842bbfed116bc66fb60e41dbeea595c.jpg,,0,0,no_caries,moderate,0.4406,0.31336,0.15221,0.44063,0.0938
crops/hibogi_ai_03241_png_3.jpg,hibogi_ai_03241_png,HIBOGI_AI_03241_png_jpg.rf.6842bbfed116bc66fb60e41dbeea595c.jpg,,0,0,no_caries,no_caries,0.6279,0.62788,0.13015,0.194,0.04797
crops/hibogi_ai_03241_png_4.jpg,hibogi_ai_03241_png,HIBOGI_AI_03241_png_jpg.rf.6842bbfed116bc66fb60e41dbeea595c.jpg,,0,0,no_caries,no_caries,0.5986,0.59864,0.18089,0.15887,0.0616
crops/hibogi_ai_03241_png_5.jpg,hibogi_ai_03241_png,HIBOGI_AI_03241_png_jpg.rf.6842bbfed116bc66fb60e41dbeea595c.jpg,,0,0,no_caries,no_caries,0.5604,0.56045,0.27858,0.10551,0.05547
crops/hibogi_ai_03241_png_6.jpg,hibogi_ai_03241_png,HIBOGI_AI_03241_png_jpg.rf.6842bbfed116bc66fb60e41dbeea595c.jpg,,0,0,no_caries,no_caries,0.6116,0.61161,0.26178,0.09603,0.03058
crops/hibogi_ai_03241_png_7.jpg,hibogi_ai_03241_png,HIBOGI_AI_03241_png_jpg.rf.6842bbfed116bc66fb60e41dbeea595c.jpg,,0,0,no_caries,no_caries,0.4713,0.47128,0.31734,0.1407,0.07067
crops/hibogi_ai_03241_png_8.jpg,hibogi_ai_03241_png,HIBOGI_AI_03241_png_jpg.rf.6842bbfed116bc66fb60e41dbeea595c.jpg,,0,0,no_caries,mild,0.6639,0.13692,0.66392,0.10784,0.09131
crops/hibogi_ai_03241_png_9.jpg,hibogi_ai_03241_png,HIBOGI_AI_03241_png_jpg.rf.6842bbfed116bc66fb60e41dbeea595c.jpg,,0,0,no_caries,no_caries,0.5755,0.57548,0.21697,0.17463,0.03292
crops/hibogi_ai_03241_png_10.jpg,hibogi_ai_03241_png,HIBOGI_AI_03241_png_jpg.rf.6842bbfed116bc66fb60e41dbeea595c.jpg,,0,0,no_caries,no_caries,0.6018,0.60183,0.24276,0.14264,0.01276
crops/hibogi_ai_03241_png_11.jpg,hibogi_ai_03241_png,HIBOGI_AI_03241_png_jpg.rf.6842bbfed116bc66fb60e41dbeea595c.jpg,,0,0,no_caries,no_caries,0.4694,0.46936,0.17319,0.30631,0.05113
crops/hibogi_ai_03241_png_12.jpg,hibogi_ai_03241_png,HIBOGI_AI_03241_png_jpg.rf.6842bbfed116bc66fb60e41dbeea595c.jpg,,0,0,no_caries,no_caries,0.4256,0.42558,0.38881,0.10345,0.08216
crops/hibogi_ai_03241_png_13.jpg,hibogi_ai_03241_png,HIBOGI_AI_03241_png_jpg.rf.6842bbfed116bc66fb60e41dbeea595c.jpg,,0,0,no_caries,no_caries,0.6851,0.68508,0.21544,0.07589,0.02359
crops/hibogi_ai_03241_png_14.jpg,hibogi_ai_03241_png,HIBOGI_AI_03241_png_jpg.rf.6842bbfed116bc66fb60e41dbeea595c.jpg,,0,0,no_caries,no_caries,0.7154,0.71545,0.15805,0.09603,0.03047
crops/hibogi_ai_03241_png_15.jpg,hibogi_ai_03241_png,HIBOGI_AI_03241_png_jpg.rf.6842bbfed116bc66fb60e41dbeea595c.jpg,,0,0,no_caries,no_caries,0.513,0.51302,0.37716,0.08314,0.02668
crops/hibogi_ai_03241_png_16.jpg,hibogi_ai_03241_png,HIBOGI_AI_03241_png_jpg.rf.6842bbfed116bc66fb60e41dbeea595c.jpg,,0,0,no_caries,mild,0.5403,0.39156,0.54031,0.05579,0.01234
crops/hibogi_ai_03248_png_0.jpg,hibogi_ai_03248_png,HIBOGI_AI_03248_png_jpg.rf.a8287c8f6a10f42bfdf919ee3aaabd7e.jpg,,0,0,no_caries,no_caries,0.8645,0.86453,0.0618,0.04657,0.02711
crops/hibogi_ai_03248_png_1.jpg,hibogi_ai_03248_png,HIBOGI_AI_03248_png_jpg.rf.a8287c8f6a10f42bfdf919ee3aaabd7e.jpg,,0,0,no_caries,no_caries,0.583,0.58304,0.0642,0.23267,0.1201
crops/hibogi_ai_03248_png_2.jpg,hibogi_ai_03248_png,HIBOGI_AI_03248_png_jpg.rf.a8287c8f6a10f42bfdf919ee3aaabd7e.jpg,,0,0,no_caries,no_caries,0.7653,0.76533,0.10161,0.08634,0.04672
crops/hibogi_ai_03248_png_3.jpg,hibogi_ai_03248_png,HIBOGI_AI_03248_png_jpg.rf.a8287c8f6a10f42bfdf919ee3aaabd7e.jpg,,0,0,no_caries,no_caries,0.7555,0.75549,0.09303,0.11373,0.03774
crops/hibogi_ai_03248_png_4.jpg,hibogi_ai_03248_png,HIBOGI_AI_03248_png_jpg.rf.a8287c8f6a10f42bfdf919ee3aaabd7e.jpg,,0,0,no_caries,no_caries,0.6518,0.65177,0.21435,0.08797,0.04592
crops/hibogi_ai_03248_png_5.jpg,hibogi_ai_03248_png,HIBOGI_AI_03248_png_jpg.rf.a8287c8f6a10f42bfdf919ee3aaabd7e.jpg,,0,0,no_caries,no_caries,0.4865,0.48649,0.30781,0.1582,0.0475
crops/hibogi_ai_03248_png_6.jpg,hibogi_ai_03248_png,HIBOGI_AI_03248_png_jpg.rf.a8287c8f6a10f42bfdf919ee3aaabd7e.jpg,,0,0,no_caries,moderate,0.4509,0.32713,0.11866,0.45094,0.10327
crops/hibogi_ai_03248_png_7.jpg,hibogi_ai_03248_png,HIBOGI_AI_03248_png_jpg.rf.a8287c8f6a10f42bfdf919ee3aaabd7e.jpg,,0,0,no_caries,no_caries,0.7666,0.76658,0.14237,0.05361,0.03744
crops/hibogi_ai_03248_png_8.jpg,hibogi_ai_03248_png,HIBOGI_AI_03248_png_jpg.rf.a8287c8f6a10f42bfdf919ee3aaabd7e.jpg,,0,0,no_caries,no_caries,0.7624,0.7624,0.10017,0.08544,0.05199
crops/hibogi_ai_03262_png_0.jpg,hibogi_ai_03262_png,HIBOGI_AI_03262_png_jpg.rf.af09d6b68ee9f1794d6e00c0d7676f2d.jpg,,2,0,mild,advanced,0.6894,0.05127,0.13793,0.12137,0.68944
crops/hibogi_ai_03262_png_1.jpg,hibogi_ai_03262_png,HIBOGI_AI_03262_png_jpg.rf.af09d6b68ee9f1794d6e00c0d7676f2d.jpg,,0,0,no_caries,no_caries,0.6692,0.66924,0.14214,0.08995,0.09867
crops/hibogi_ai_03262_png_2.jpg,hibogi_ai_03262_png,HIBOGI_AI_03262_png_jpg.rf.af09d6b68ee9f1794d6e00c0d7676f2d.jpg,,0,0,no_caries,no_caries,0.4637,0.46366,0.39689,0.06223,0.07722
crops/hibogi_ai_03262_png_3.jpg,hibogi_ai_03262_png,HIBOGI_AI_03262_png_jpg.rf.af09d6b68ee9f1794d6e00c0d7676f2d.jpg,,0,0,no_caries,no_caries,0.689,0.68901,0.11649,0.15175,0.04275
crops/hibogi_ai_03262_png_4.jpg,hibogi_ai_03262_png,HIBOGI_AI_03262_png_jpg.rf.af09d6b68ee9f1794d6e00c0d7676f2d.jpg,,0,0,no_caries,no_caries,0.5487,0.54868,0.2446,0.13108,0.07564
crops/hibogi_ai_03262_png_5.jpg,hibogi_ai_03262_png,HIBOGI_AI_03262_png_jpg.rf.af09d6b68ee9f1794d6e00c0d7676f2d.jpg,,3,0,moderate,no_caries,0.3032,0.30318,0.26097,0.28652,0.14932
crops/hibogi_ai_03262_png_6.jpg,hibogi_ai_03262_png,HIBOGI_AI_03262_png_jpg.rf.af09d6b68ee9f1794d6e00c0d7676f2d.jpg,,0,0,no_caries,no_caries,0.7118,0.71175,0.10513,0.07386,0.10926
crops/hibogi_ai_03262_png_7.jpg,hibogi_ai_03262_png,HIBOGI_AI_03262_png_jpg.rf.af09d6b68ee9f1794d6e00c0d7676f2d.jpg,,0,0,no_caries,mild,0.4707,0.40051,0.47074,0.0586,0.07015
crops/hibogi_ai_03262_png_8.jpg,hibogi_ai_03262_png,HIBOGI_AI_03262_png_jpg.rf.af09d6b68ee9f1794d6e00c0d7676f2d.jpg,,0,0,no_caries,no_caries,0.6011,0.6011,0.30714,0.04907,0.04269
crops/hibogi_ai_03262_png_9.jpg,hibogi_ai_03262_png,HIBOGI_AI_03262_png_jpg.rf.af09d6b68ee9f1794d6e00c0d7676f2d.jpg,,1,0,mild,mild,0.3813,0.26755,0.38125,0.07953,0.27167
crops/hibogi_ai_03262_png_10.jpg,hibogi_ai_03262_png,HIBOGI_AI_03262_png_jpg.rf.af09d6b68ee9f1794d6e00c0d7676f2d.jpg,,0,0,no_caries,advanced,0.4831,0.08566,0.36861,0.06263,0.4831
crops/hibogi_ai_03262_png_11.jpg,hibogi_ai_03262_png,HIBOGI_AI_03262_png_jpg.rf.af09d6b68ee9f1794d6e00c0d7676f2d.jpg,,0,0,no_caries,no_caries,0.6318,0.63185,0.13824,0.14726,0.08265
crops/hibogi_ai_03265_png_0.jpg,hibogi_ai_03265_png,HIBOGI_AI_03265_png_jpg.rf.3b6cf190412c3ccee5f2c87c8cd3e740.jpg,,0,0,no_caries,no_caries,0.3751,0.37509,0.35875,0.18797,0.07819
crops/hibogi_ai_03265_png_1.jpg,hibogi_ai_03265_png,HIBOGI_AI_03265_png_jpg.rf.3b6cf190412c3ccee5f2c87c8cd3e740.jpg,,5,0,advanced,advanced,0.9263,0.02109,0.02957,0.02306,0.92628
crops/hibogi_ai_03265_png_2.jpg,hibogi_ai_03265_png,HIBOGI_AI_03265_png_jpg.rf.3b6cf190412c3ccee5f2c87c8cd3e740.jpg,,0,0,no_caries,no_caries,0.8849,0.88492,0.05996,0.03408,0.02104
crops/hibogi_ai_03265_png_3.jpg,hibogi_ai_03265_png,HIBOGI_AI_03265_png_jpg.rf.3b6cf190412c3ccee5f2c87c8cd3e740.jpg,,0,0,no_caries,no_caries,0.7138,0.71383,0.11961,0.07879,0.08777
crops/hibogi_ai_03265_png_4.jpg,hibogi_ai_03265_png,HIBOGI_AI_03265_png_jpg.rf.3b6cf190412c3ccee5f2c87c8cd3e740.jpg,,0,0,no_caries,no_caries,0.6822,0.68222,0.22163,0.05572,0.04044
crops/hibogi_ai_03265_png_5.jpg,hibogi_ai_03265_png,HIBOGI_AI_03265_png_jpg.rf.3b6cf190412c3ccee5f2c87c8cd3e740.jpg,,0,0,no_caries,no_caries,0.5988,0.59876,0.32261,0.04748,0.03116
crops/hibogi_ai_03265_png_6.jpg,hibogi_ai_03265_png,HIBOGI_AI_03265_png_jpg.rf.3b6cf190412c3ccee5f2c87c8cd3e740.jpg,,0,0,no_caries,no_caries,0.7266,0.72656,0.20167,0.04598,0.02579
crops/hibogi_ai_03265_png_7.jpg,hibogi_ai_03265_png,HIBOGI_AI_03265_png_jpg.rf.3b6cf190412c3ccee5f2c87c8cd3e740.jpg,,0,0,no_caries,mild,0.5216,0.25504,0.52165,0.17959,0.04372
crops/hibogi_ai_03265_png_8.jpg,hibogi_ai_03265_png,HIBOGI_AI_03265_png_jpg.rf.3b6cf190412c3ccee5f2c87c8cd3e740.jpg,,0,0,no_caries,no_caries,0.5397,0.5397,0.33945,0.07435,0.0465
crops/hibogi_ai_03265_png_9.jpg,hibogi_ai_03265_png,HIBOGI_AI_03265_png_jpg.rf.3b6cf190412c3ccee5f2c87c8cd3e740.jpg,,0,0,no_caries,no_caries,0.626,0.62599,0.26886,0.08025,0.02491
crops/hibogi_ai_03265_png_10.jpg,hibogi_ai_03265_png,HIBOGI_AI_03265_png_jpg.rf.3b6cf190412c3ccee5f2c87c8cd3e740.jpg,,0,0,no_caries,no_caries,0.3838,0.38376,0.3297,0.17973,0.10681
crops/hibogi_ai_03268_png_0.jpg,hibogi_ai_03268_png,HIBOGI_AI_03268_png_jpg.rf.5c3145cf3542749cc0ded8c6a0383d22.jpg,,0,0,no_caries,no_caries,0.7119,0.71191,0.10054,0.14729,0.04027
crops/hibogi_ai_03268_png_1.jpg,hibogi_ai_03268_png,HIBOGI_AI_03268_png_jpg.rf.5c3145cf3542749cc0ded8c6a0383d22.jpg,,0,0,no_caries,no_caries,0.6537,0.65367,0.2067,0.09388,0.04576
crops/hibogi_ai_03268_png_2.jpg,hibogi_ai_03268_png,HIBOGI_AI_03268_png_jpg.rf.5c3145cf3542749cc0ded8c6a0383d22.jpg,,0,0,no_caries,no_caries,0.4659,0.46586,0.37849,0.11461,0.04104
crops/hibogi_ai_03268_png_3.jpg,hibogi_ai_03268_png,HIBOGI_AI_03268_png_jpg.rf.5c3145cf3542749cc0ded8c6a0383d22.jpg,,0,0,no_caries,no_caries,0.531,0.53096,0.25405,0.14735,0.06764
crops/hibogi_ai_03268_png_4.jpg,hibogi_ai_03268_png,HIBOGI_AI_03268_png_jpg.rf.5c3145cf3542749cc0ded8c6a0383d22.jpg,,6,0,advanced,advanced,0.5572,0.01239,0.20849,0.22195,0.55716
crops/hibogi_ai_03268_png_5.jpg,hibogi_ai_03268_png,HIBOGI_AI_03268_png_jpg.rf.5c3145cf3542749cc0ded8c6a0383d22.jpg,,0,0,no_caries,mild,0.5791,0.26752,0.5791,0.11052,0.04286
crops/hibogi_ai_03268_png_6.jpg,hibogi_ai_03268_png,HIBOGI_AI_03268_png_jpg.rf.5c3145cf3542749cc0ded8c6a0383d22.jpg,,0,0,no_caries,no_caries,0.3992,0.3992,0.38578,0.15801,0.05701
crops/hibogi_ai_03268_png_7.jpg,hibogi_ai_03268_png,HIBOGI_AI_03268_png_jpg.rf.5c3145cf3542749cc0ded8c6a0383d22.jpg,,3,0,moderate,moderate,0.4401,0.03713,0.41089,0.44009,0.11189
crops/hibogi_ai_03268_png_8.jpg,hibogi_ai_03268_png,HIBOGI_AI_03268_png_jpg.rf.5c3145cf3542749cc0ded8c6a0383d22.jpg,,0,0,no_caries,no_caries,0.6189,0.61892,0.32527,0.04289,0.01291
crops/hibogi_ai_03268_png_9.jpg,hibogi_ai_03268_png,HIBOGI_AI_03268_png_jpg.rf.5c3145cf3542749cc0ded8c6a0383d22.jpg,,0,0,no_caries,mild,0.4602,0.39858,0.46019,0.1175,0.02373
crops/hibogi_ai_03268_png_10.jpg,hibogi_ai_03268_png,HIBOGI_AI_03268_png_jpg.rf.5c3145cf3542749cc0ded8c6a0383d22.jpg,,0,0,no_caries,no_caries,0.5331,0.53309,0.37367,0.07093,0.0223
crops/hibogi_ai_03274_png_0.jpg,hibogi_ai_03274_png,HIBOGI_AI_03274_png_jpg.rf.cbff64a267771dfa4d4911758b31f8b0.jpg,,1,0,mild,mild,0.4239,0.18375,0.42387,0.20766,0.18472
crops/hibogi_ai_03274_png_1.jpg,hibogi_ai_03274_png,HIBOGI_AI_03274_png_jpg.rf.cbff64a267771dfa4d4911758b31f8b0.jpg,,3,0,moderate,advanced,0.5422,0.01344,0.08695,0.35742,0.54219
crops/hibogi_ai_03274_png_2.jpg,hibogi_ai_03274_png,HIBOGI_AI_03274_png_jpg.rf.cbff64a267771dfa4d4911758b31f8b0.jpg,,0,0,no_caries,no_caries,0.6688,0.66882,0.1524,0.14926,0.02953
crops/hibogi_ai_03274_png_3.jpg,hibogi_ai_03274_png,HIBOGI_AI_03274_png_jpg.rf.cbff64a267771dfa4d4911758b31f8b0.jpg,,0,0,no_caries,no_caries,0.8343,0.83427,0.06053,0.07496,0.03024
crops/hibogi_ai_03274_png_4.jpg,hibogi_ai_03274_png,HIBOGI_AI_03274_png_jpg.rf.cbff64a267771dfa4d4911758b31f8b0.jpg,,0,0,no_caries,no_caries,0.7881,0.78812,0.12396,0.06088,0.02704
crops/hibogi_ai_03274_png_5.jpg,hibogi_ai_03274_png,HIBOGI_AI_03274_png_jpg.rf.cbff64a267771dfa4d4911758b31f8b0.jpg,,0,0,no_caries,no_caries,0.6359,0.63586,0.05606,0.2304,0.07769
crops/hibogi_ai_03274_png_6.jpg,hibogi_ai_03274_png,HIBOGI_AI_03274_png_jpg.rf.cbff64a267771dfa4d4911758b31f8b0.jpg,,0,0,no_caries,no_caries,0.8593,0.85932,0.04931,0.03206,0.05931
crops/hibogi_ai_03274_png_7.jpg,hibogi_ai_03274_png,HIBOGI_AI_03274_png_jpg.rf.cbff64a267771dfa4d4911758b31f8b0.jpg,,0,0,no_caries,no_caries,0.8361,0.83612,0.09009,0.04674,0.02705
crops/hibogi_ai_03274_png_8.jpg,hibogi_ai_03274_png,HIBOGI_AI_03274_png_jpg.rf.cbff64a267771dfa4d4911758b31f8b0.jpg,,0,0,no_caries,no_caries,0.8593,0.85929,0.06713,0.04855,0.02504
crops/hibogi_ai_03274_png_9.jpg,hibogi_ai_03274_png,HIBOGI_AI_03274_png_jpg.rf.cbff64a267771dfa4d4911758b31f8b0.jpg,,3,0,moderate,moderate,0.6424,0.13467,0.11423,0.64237,0.10873
crops/hibogi_ai_03274_png_10.jpg,hibogi_ai_03274_png,HIBOGI_AI_03274_png_jpg.rf.cbff64a267771dfa4d4911758b31f8b0.jpg,,0,0,no_caries,no_caries,0.8033,0.80331,0.05894,0.08897,0.04878
crops/hibogi_ai_03274_png_11.jpg,hibogi_ai_03274_png,HIBOGI_AI_03274_png_jpg.rf.cbff64a267771dfa4d4911758b31f8b0.jpg,,2,0,mild,mild,0.4888,0.08984,0.4888,0.37266,0.0487
crops/hibogi_ai_03274_png_12.jpg,hibogi_ai_03274_png,HIBOGI_AI_03274_png_jpg.rf.cbff64a267771dfa4d4911758b31f8b0.jpg,,5,0,advanced,advanced,0.4618,0.09852,0.20368,0.23596,0.46184
crops/hibogi_ai_03286_png_0.jpg,hibogi_ai_03286_png,HIBOGI_AI_03286_png_jpg.rf.3cdb43a604a830db03ec733289e85f96.jpg,,0,0,no_caries,no_caries,0.674,0.67399,0.21082,0.08112,0.03407
crops/hibogi_ai_03286_png_1.jpg,hibogi_ai_03286_png,HIBOGI_AI_03286_png_jpg.rf.3cdb43a604a830db03ec733289e85f96.jpg,,0,0,no_caries,no_caries,0.8326,0.83263,0.07588,0.06356,0.02793
crops/hibogi_ai_03286_png_2.jpg,hibogi_ai_03286_png,HIBOGI_AI_03286_png_jpg.rf.3cdb43a604a830db03ec733289e85f96.jpg,,0,0,no_caries,no_caries,0.8491,0.84907,0.05455,0.05906,0.03732
crops/hibogi_ai_03286_png_3.jpg,hibogi_ai_03286_png,HIBOGI_AI_03286_png_jpg.rf.3cdb43a604a830db03ec733289e85f96.jpg,,0,0,no_caries,no_caries,0.744,0.74401,0.13899,0.07517,0.04183
crops/hibogi_ai_03286_png_4.jpg,hibogi_ai_03286_png,HIBOGI_AI_03286_png_jpg.rf.3cdb43a604a830db03ec733289e85f96.jpg,,0,0,no_caries,no_caries,0.8124,0.81237,0.06568,0.07859,0.04336
crops/hibogi_ai_03286_png_5.jpg,hibogi_ai_03286_png,HIBOGI_AI_03286_png_jpg.rf.3cdb43a604a830db03ec733289e85f96.jpg,,0,0,no_caries,no_caries,0.7911,0.79114,0.11202,0.0635,0.03334
crops/hibogi_ai_03286_png_6.jpg,hibogi_ai_03286_png,HIBOGI_AI_03286_png_jpg.rf.3cdb43a604a830db03ec733289e85f96.jpg,,0,0,no_caries,no_caries,0.631,0.63104,0.11626,0.21159,0.04111
crops/hibogi_ai_03286_png_7.jpg,hibogi_ai_03286_png,HIBOGI_AI_03286_png_jpg.rf.3cdb43a604a830db03ec733289e85f96.jpg,,4,0,moderate,moderate,0.5687,0.26144,0.12841,0.56871,0.04143
crops/hibogi_ai_03286_png_8.jpg,hibogi_ai_03286_png,HIBOGI_AI_03286_png_jpg.rf.3cdb43a604a830db03ec733289e85f96.jpg,,0,0,no_caries,no_caries,0.6439,0.64394,0.10917,0.21319,0.0337
crops/hibogi_ai_03286_png_9.jpg,hibogi_ai_03286_png,HIBOGI_AI_03286_png_jpg.rf.3cdb43a604a830db03ec733289e85f96.jpg,,4,0,moderate,mild,0.3798,0.35766,0.3798,0.21736,0.04519
crops/hibogi_ai_03286_png_10.jpg,hibogi_ai_03286_png,HIBOGI_AI_03286_png_jpg.rf.3cdb43a604a830db03ec733289e85f96.jpg,,0,0,no_caries,no_caries,0.6148,0.61478,0.20653,0.12984,0.04885
crops/hibogi_ai_03286_png_11.jpg,hibogi_ai_03286_png,HIBOGI_AI_03286_png_jpg.rf.3cdb43a604a830db03ec733289e85f96.jpg,,0,0,no_caries,mild,0.5371,0.25249,0.53711,0.08237,0.12803
crops/hibogi_ai_03286_png_12.jpg,hibogi_ai_03286_png,HIBOGI_AI_03286_png_jpg.rf.3cdb43a604a830db03ec733289e85f96.jpg,,0,0,no_caries,no_caries,0.8664,0.86638,0.06278,0.03783,0.033
crops/hibogi_ai_03286_png_13.jpg,hibogi_ai_03286_png,HIBOGI_AI_03286_png_jpg.rf.3cdb43a604a830db03ec733289e85f96.jpg,,0,0,no_caries,no_caries,0.7859,0.78595,0.11719,0.06193,0.03493
crops/hibogi_ai_03286_png_14.jpg,hibogi_ai_03286_png,HIBOGI_AI_03286_png_jpg.rf.3cdb43a604a830db03ec733289e85f96.jpg,,0,0,no_caries,no_caries,0.6499,0.64991,0.24847,0.06627,0.03535
crops/hibogi_ai_03286_png_15.jpg,hibogi_ai_03286_png,HIBOGI_AI_03286_png_jpg.rf.3cdb43a604a830db03ec733289e85f96.jpg,,0,0,no_caries,no_caries,0.6295,0.62945,0.30116,0.03173,0.03766
crops/hibogi_ai_03286_png_16.jpg,hibogi_ai_03286_png,HIBOGI_AI_03286_png_jpg.rf.3cdb43a604a830db03ec733289e85f96.jpg,,4,0,moderate,advanced,0.3608,0.11386,0.31501,0.21031,0.36082
crops/hibogi_ai_03287_png_0.jpg,hibogi_ai_03287_png,HIBOGI_AI_03287_png_jpg.rf.c4e89fad7cd26506145787127c362eea.jpg,,0,0,no_caries,no_caries,0.5996,0.59963,0.243,0.09699,0.06038
crops/hibogi_ai_03287_png_1.jpg,hibogi_ai_03287_png,HIBOGI_AI_03287_png_jpg.rf.c4e89fad7cd26506145787127c362eea.jpg,,6,0,advanced,advanced,0.9785,0.00223,0.00808,0.01122,0.97847
crops/hibogi_ai_03287_png_2.jpg,hibogi_ai_03287_png,HIBOGI_AI_03287_png_jpg.rf.c4e89fad7cd26506145787127c362eea.jpg,,0,0,no_caries,no_caries,0.3602,0.36022,0.28716,0.10166,0.25096
crops/hibogi_ai_03287_png_3.jpg,hibogi_ai_03287_png,HIBOGI_AI_03287_png_jpg.rf.c4e89fad7cd26506145787127c362eea.jpg,,0,0,no_caries,no_caries,0.7964,0.79644,0.12124,0.04513,0.03719
crops/hibogi_ai_03287_png_4.jpg,hibogi_ai_03287_png,HIBOGI_AI_03287_png_jpg.rf.c4e89fad7cd26506145787127c362eea.jpg,,0,0,no_caries,no_caries,0.7548,0.75475,0.1106,0.06593,0.06872
crops/hibogi_ai_03287_png_5.jpg,hibogi_ai_03287_png,HIBOGI_AI_03287_png_jpg.rf.c4e89fad7cd26506145787127c362eea.jpg,,0,0,no_caries,no_caries,0.7945,0.79447,0.10279,0.06439,0.03835
crops/hibogi_ai_03287_png_6.jpg,hibogi_ai_03287_png,HIBOGI_AI_03287_png_jpg.rf.c4e89fad7cd26506145787127c362eea.jpg,,0,0,no_caries,no_caries,0.6988,0.6988,0.24816,0.02206,0.03098
crops/hibogi_ai_03287_png_7.jpg,hibogi_ai_03287_png,HIBOGI_AI_03287_png_jpg.rf.c4e89fad7cd26506145787127c362eea.jpg,,0,0,no_caries,no_caries,0.6694,0.66944,0.24256,0.06184,0.02616
crops/hibogi_ai_03287_png_8.jpg,hibogi_ai_03287_png,HIBOGI_AI_03287_png_jpg.rf.c4e89fad7cd26506145787127c362eea.jpg,,0,0,no_caries,no_caries,0.8034,0.80343,0.11567,0.04311,0.03779
crops/hibogi_ai_03287_png_9.jpg,hibogi_ai_03287_png,HIBOGI_AI_03287_png_jpg.rf.c4e89fad7cd26506145787127c362eea.jpg,,0,0,no_caries,no_caries,0.7236,0.72363,0.11876,0.11874,0.03886
crops/hibogi_ai_03298_png_0.jpg,hibogi_ai_03298_png,HIBOGI_AI_03298_png_jpg.rf.fcde42c53d4a59755df6abe7b91dbacf.jpg,,0,0,no_caries,no_caries,0.7125,0.71248,0.20057,0.05664,0.0303
crops/hibogi_ai_03298_png_1.jpg,hibogi_ai_03298_png,HIBOGI_AI_03298_png_jpg.rf.fcde42c53d4a59755df6abe7b91dbacf.jpg,,0,0,no_caries,moderate,0.3345,0.11358,0.22723,0.33449,0.3247
crops/hibogi_ai_03298_png_2.jpg,hibogi_ai_03298_png,HIBOGI_AI_03298_png_jpg.rf.fcde42c53d4a59755df6abe7b91dbacf.jpg,,0,0,no_caries,no_caries,0.7067,0.70665,0.09681,0.111,0.08554
crops/hibogi_ai_03298_png_3.jpg,hibogi_ai_03298_png,HIBOGI_AI_03298_png_jpg.rf.fcde42c53d4a59755df6abe7b91dbacf.jpg,,0,0,no_caries,no_caries,0.7047,0.70468,0.11671,0.11116,0.06744
crops/hibogi_ai_03298_png_4.jpg,hibogi_ai_03298_png,HIBOGI_AI_03298_png_jpg.rf.fcde42c53d4a59755df6abe7b91dbacf.jpg,,0,0,no_caries,no_caries,0.801,0.80102,0.1177,0.05203,0.02924
crops/hibogi_ai_03298_png_5.jpg,hibogi_ai_03298_png,HIBOGI_AI_03298_png_jpg.rf.fcde42c53d4a59755df6abe7b91dbacf.jpg,,0,0,no_caries,no_caries,0.4718,0.47183,0.14032,0.28739,0.10046
crops/hibogi_ai_03298_png_6.jpg,hibogi_ai_03298_png,HIBOGI_AI_03298_png_jpg.rf.fcde42c53d4a59755df6abe7b91dbacf.jpg,,0,0,no_caries,no_caries,0.491,0.49099,0.37732,0.09447,0.03722
crops/hibogi_ai_03298_png_7.jpg,hibogi_ai_03298_png,HIBOGI_AI_03298_png_jpg.rf.fcde42c53d4a59755df6abe7b91dbacf.jpg,,0,0,no_caries,no_caries,0.7713,0.77134,0.1268,0.06873,0.03313
crops/hibogi_ai_03298_png_8.jpg,hibogi_ai_03298_png,HIBOGI_AI_03298_png_jpg.rf.fcde42c53d4a59755df6abe7b91dbacf.jpg,,0,0,no_caries,no_caries,0.7536,0.75365,0.13759,0.06005,0.04871
crops/hibogi_ai_03298_png_9.jpg,hibogi_ai_03298_png,HIBOGI_AI_03298_png_jpg.rf.fcde42c53d4a59755df6abe7b91dbacf.jpg,,0,0,no_caries,no_caries,0.5888,0.58877,0.30409,0.07886,0.02827
crops/hibogi_ai_03298_png_10.jpg,hibogi_ai_03298_png,HIBOGI_AI_03298_png_jpg.rf.fcde42c53d4a59755df6abe7b91dbacf.jpg,,0,0,no_caries,no_caries,0.7586,0.75861,0.12679,0.07799,0.03661
crops/hibogi_ai_03298_png_11.jpg,hibogi_ai_03298_png,HIBOGI_AI_03298_png_jpg.rf.fcde42c53d4a59755df6abe7b91dbacf.jpg,,0,0,no_caries,no_caries,0.5072,0.5072,0.21228,0.24186,0.03866
crops/hibogi_ai_03327_png_0.jpg,hibogi_ai_03327_png,HIBOGI_AI_03327_png_jpg.rf.082978d98bba14feda8b5c6e6969c5c6.jpg,,0,0,no_caries,mild,0.415,0.39916,0.415,0.09435,0.09149
crops/hibogi_ai_03327_png_1.jpg,hibogi_ai_03327_png,HIBOGI_AI_03327_png_jpg.rf.082978d98bba14feda8b5c6e6969c5c6.jpg,,0,0,no_caries,no_caries,0.664,0.66404,0.19099,0.11396,0.03102
crops/hibogi_ai_03327_png_2.jpg,hibogi_ai_03327_png,HIBOGI_AI_03327_png_jpg.rf.082978d98bba14feda8b5c6e6969c5c6.jpg,,0,0,no_caries,no_caries,0.4552,0.45524,0.4143,0.07312,0.05734
crops/hibogi_ai_03327_png_3.jpg,hibogi_ai_03327_png,HIBOGI_AI_03327_png_jpg.rf.082978d98bba14feda8b5c6e6969c5c6.jpg,,0,0,no_caries,mild,0.5525,0.30779,0.55253,0.08478,0.0549
crops/hibogi_ai_03327_png_4.jpg,hibogi_ai_03327_png,HIBOGI_AI_03327_png_jpg.rf.082978d98bba14feda8b5c6e6969c5c6.jpg,,0,0,no_caries,no_caries,0.5457,0.5457,0.27208,0.10299,0.07923
crops/hibogi_ai_03327_png_5.jpg,hibogi_ai_03327_png,HIBOGI_AI_03327_png_jpg.rf.082978d98bba14feda8b5c6e6969c5c6.jpg,,0,0,no_caries,no_caries,0.5795,0.57945,0.26472,0.10344,0.05239
crops/hibogi_ai_03327_png_6.jpg,hibogi_ai_03327_png,HIBOGI_AI_03327_png_jpg.rf.082978d98bba14feda8b5c6e6969c5c6.jpg,,0,0,no_caries,no_caries,0.699,0.69902,0.13056,0.10675,0.06367
crops/hibogi_ai_03327_png_7.jpg,hibogi_ai_03327_png,HIBOGI_AI_03327_png_jpg.rf.082978d98bba14feda8b5c6e6969c5c6.jpg,,0,0,no_caries,mild,0.4283,0.31368,0.4283,0.12021,0.13781
crops/hibogi_ai_03327_png_8.jpg,hibogi_ai_03327_png,HIBOGI_AI_03327_png_jpg.rf.082978d98bba14feda8b5c6e6969c5c6.jpg,,0,0,no_caries,mild,0.5204,0.30514,0.52041,0.06765,0.1068
crops/hibogi_ai_03327_png_9.jpg,hibogi_ai_03327_png,HIBOGI_AI_03327_png_jpg.rf.082978d98bba14feda8b5c6e6969c5c6.jpg,,0,0,no_caries,no_caries,0.6663,0.66627,0.21529,0.07465,0.04379
crops/hibogi_ai_03327_png_10.jpg,hibogi_ai_03327_png,HIBOGI_AI_03327_png_jpg.rf.082978d98bba14feda8b5c6e6969c5c6.jpg,,0,0,no_caries,no_caries,0.4001,0.4001,0.36857,0.17491,0.05643
crops/hibogi_ai_03327_png_11.jpg,hibogi_ai_03327_png,HIBOGI_AI_03327_png_jpg.rf.082978d98bba14feda8b5c6e6969c5c6.jpg,,5,0,advanced,advanced,0.5819,0.09862,0.225,0.09446,0.58192
crops/hibogi_ai_03327_png_12.jpg,hibogi_ai_03327_png,HIBOGI_AI_03327_png_jpg.rf.082978d98bba14feda8b5c6e6969c5c6.jpg,,0,0,no_caries,no_caries,0.5493,0.54927,0.3833,0.03857,0.02886
crops/hibogi_ai_03327_png_13.jpg,hibogi_ai_03327_png,HIBOGI_AI_03327_png_jpg.rf.082978d98bba14feda8b5c6e6969c5c6.jpg,,0,0,no_caries,no_caries,0.4536,0.45364,0.35725,0.14218,0.04693
crops/hibogi_ai_03327_png_14.jpg,hibogi_ai_03327_png,HIBOGI_AI_03327_png_jpg.rf.082978d98bba14feda8b5c6e6969c5c6.jpg,,6,0,advanced,advanced,0.9679,0.0084,0.01462,0.00905,0.96794
crops/hibogi_ai_03328_png_0.jpg,hibogi_ai_03328_png,HIBOGI_AI_03328_png_jpg.rf.7c7fc28d0320cc1a10f850e97803a04f.jpg,,0,0,no_caries,no_caries,0.5888,0.58881,0.22968,0.12832,0.05319
crops/hibogi_ai_03328_png_1.jpg,hibogi_ai_03328_png,HIBOGI_AI_03328_png_jpg.rf.7c7fc28d0320cc1a10f850e97803a04f.jpg,,0,0,no_caries,no_caries,0.5916,0.59158,0.22112,0.12784,0.05945
crops/hibogi_ai_03328_png_2.jpg,hibogi_ai_03328_png,HIBOGI_AI_03328_png_jpg.rf.7c7fc28d0320cc1a10f850e97803a04f.jpg,,0,0,no_caries,no_caries,0.6172,0.61724,0.28624,0.06409,0.03243
crops/hibogi_ai_03328_png_3.jpg,hibogi_ai_03328_png,HIBOGI_AI_03328_png_jpg.rf.7c7fc28d0320cc1a10f850e97803a04f.jpg,,1,0,mild,no_caries,0.5302,0.5302,0.38534,0.06046,0.024
crops/hibogi_ai_03328_png_4.jpg,hibogi_ai_03328_png,HIBOGI_AI_03328_png_jpg.rf.7c7fc28d0320cc1a10f850e97803a04f.jpg,,0,0,no_caries,no_caries,0.4362,0.43621,0.38594,0.1437,0.03415
crops/hibogi_ai_03328_png_5.jpg,hibogi_ai_03328_png,HIBOGI_AI_03328_png_jpg.rf.7c7fc28d0320cc1a10f850e97803a04f.jpg,,0,0,no_caries,no_caries,0.5822,0.58216,0.20943,0.15827,0.05014
crops/hibogi_ai_03328_png_6.jpg,hibogi_ai_03328_png,HIBOGI_AI_03328_png_jpg.rf.7c7fc28d0320cc1a10f850e97803a04f.jpg,,0,0,no_caries,no_caries,0.672,0.67196,0.21799,0.06425,0.04581
crops/hibogi_ai_03328_png_7.jpg,hibogi_ai_03328_png,HIBOGI_AI_03328_png_jpg.rf.7c7fc28d0320cc1a10f850e97803a04f.jpg,,0,0,no_caries,no_caries,0.6362,0.63624,0.24344,0.07555,0.04477
crops/hibogi_ai_03328_png_8.jpg,hibogi_ai_03328_png,HIBOGI_AI_03328_png_jpg.rf.7c7fc28d0320cc1a10f850e97803a04f.jpg,,0,0,no_caries,no_caries,0.6719,0.67195,0.23163,0.0595,0.03692
crops/hibogi_ai_03328_png_9.jpg,hibogi_ai_03328_png,HIBOGI_AI_03328_png_jpg.rf.7c7fc28d0320cc1a10f850e97803a04f.jpg,,0,0,no_caries,no_caries,0.6167,0.61668,0.24977,0.07303,0.06053
crops/hibogi_ai_03328_png_10.jpg,hibogi_ai_03328_png,HIBOGI_AI_03328_png_jpg.rf.7c7fc28d0320cc1a10f850e97803a04f.jpg,,0,0,no_caries,no_caries,0.539,0.539,0.33467,0.08911,0.03722
crops/hibogi_ai_03328_png_11.jpg,hibogi_ai_03328_png,HIBOGI_AI_03328_png_jpg.rf.7c7fc28d0320cc1a10f850e97803a04f.jpg,,0,0,no_caries,no_caries,0.6818,0.68184,0.17872,0.09863,0.0408
crops/hibogi_ai_03328_png_12.jpg,hibogi_ai_03328_png,HIBOGI_AI_03328_png_jpg.rf.7c7fc28d0320cc1a10f850e97803a04f.jpg,,0,0,no_caries,no_caries,0.557,0.55702,0.33074,0.06883,0.04341
crops/hibogi_ai_03328_png_13.jpg,hibogi_ai_03328_png,HIBOGI_AI_03328_png_jpg.rf.7c7fc28d0320cc1a10f850e97803a04f.jpg,,0,0,no_caries,no_caries,0.5409,0.54087,0.2366,0.1859,0.03663
crops/hibogi_ai_03345_png_0.jpg,hibogi_ai_03345_png,HIBOGI_AI_03345_png_jpg.rf.b7aa312d75d64987beee3a5d37eee2e7.jpg,,5,0,advanced,advanced,0.6178,0.12764,0.14609,0.10844,0.61783
crops/hibogi_ai_03345_png_1.jpg,hibogi_ai_03345_png,HIBOGI_AI_03345_png_jpg.rf.b7aa312d75d64987beee3a5d37eee2e7.jpg,,0,0,no_caries,no_caries,0.5014,0.5014,0.28593,0.17917,0.03351
crops/hibogi_ai_03345_png_2.jpg,hibogi_ai_03345_png,HIBOGI_AI_03345_png_jpg.rf.b7aa312d75d64987beee3a5d37eee2e7.jpg,,0,0,no_caries,no_caries,0.6104,0.61042,0.21587,0.12572,0.04799
crops/hibogi_ai_03345_png_3.jpg,hibogi_ai_03345_png,HIBOGI_AI_03345_png_jpg.rf.b7aa312d75d64987beee3a5d37eee2e7.jpg,,0,0,no_caries,no_caries,0.5531,0.55305,0.25862,0.13908,0.04925
crops/hibogi_ai_03345_png_4.jpg,hibogi_ai_03345_png,HIBOGI_AI_03345_png_jpg.rf.b7aa312d75d64987beee3a5d37eee2e7.jpg,,0,0,no_caries,no_caries,0.718,0.71802,0.1249,0.12543,0.03165
crops/hibogi_ai_03345_png_5.jpg,hibogi_ai_03345_png,HIBOGI_AI_03345_png_jpg.rf.b7aa312d75d64987beee3a5d37eee2e7.jpg,,0,0,no_caries,no_caries,0.732,0.73199,0.14877,0.07354,0.0457
crops/hibogi_ai_03345_png_6.jpg,hibogi_ai_03345_png,HIBOGI_AI_03345_png_jpg.rf.b7aa312d75d64987beee3a5d37eee2e7.jpg,,0,0,no_caries,mild,0.4893,0.20936,0.48933,0.11541,0.1859
crops/hibogi_ai_03345_png_7.jpg,hibogi_ai_03345_png,HIBOGI_AI_03345_png_jpg.rf.b7aa312d75d64987beee3a5d37eee2e7.jpg,,0,0,no_caries,no_caries,0.5842,0.58417,0.35957,0.02909,0.02716
crops/hibogi_ai_03345_png_8.jpg,hibogi_ai_03345_png,HIBOGI_AI_03345_png_jpg.rf.b7aa312d75d64987beee3a5d37eee2e7.jpg,,6,0,advanced,advanced,0.8153,0.04761,0.09589,0.04118,0.81532
crops/hibogi_ai_03345_png_9.jpg,hibogi_ai_03345_png,HIBOGI_AI_03345_png_jpg.rf.b7aa312d75d64987beee3a5d37eee2e7.jpg,,0,0,no_caries,no_caries,0.5939,0.59392,0.26813,0.10866,0.02929
crops/hibogi_ai_03345_png_10.jpg,hibogi_ai_03345_png,HIBOGI_AI_03345_png_jpg.rf.b7aa312d75d64987beee3a5d37eee2e7.jpg,,0,0,no_caries,no_caries,0.4609,0.46087,0.45637,0.05036,0.0324
crops/hibogi_ai_03345_png_11.jpg,hibogi_ai_03345_png,HIBOGI_AI_03345_png_jpg.rf.b7aa312d75d64987beee3a5d37eee2e7.jpg,,0,0,no_caries,no_caries,0.6831,0.68306,0.19113,0.08253,0.04328
crops/hibogi_ai_03345_png_12.jpg,hibogi_ai_03345_png,HIBOGI_AI_03345_png_jpg.rf.b7aa312d75d64987beee3a5d37eee2e7.jpg,,0,0,no_caries,no_caries,0.6564,0.65644,0.26086,0.03943,0.04326
crops/hibogi_ai_03345_png_13.jpg,hibogi_ai_03345_png,HIBOGI_AI_03345_png_jpg.rf.b7aa312d75d64987beee3a5d37eee2e7.jpg,,0,0,no_caries,mild,0.4373,0.42518,0.43729,0.08476,0.05277
crops/hibogi_ai_03345_png_14.jpg,hibogi_ai_03345_png,HIBOGI_AI_03345_png_jpg.rf.b7aa312d75d64987beee3a5d37eee2e7.jpg,,0,0,no_caries,mild,0.5126,0.30621,0.5126,0.11276,0.06843
crops/da8c1b7e-149_0.jpg,da8c1b7e-149,da8c1b7e-149_jpg.rf.cccc33fb7ea810b50f45ae6a9207c1fb.jpg,,5,0,advanced,advanced,0.9788,0.00466,0.00521,0.01136,0.97878
crops/da8c1b7e-149_1.jpg,da8c1b7e-149,da8c1b7e-149_jpg.rf.cccc33fb7ea810b50f45ae6a9207c1fb.jpg,,3,0,moderate,no_caries,0.5509,0.5509,0.30049,0.107,0.04161
crops/da8c1b7e-149_2.jpg,da8c1b7e-149,da8c1b7e-149_jpg.rf.cccc33fb7ea810b50f45ae6a9207c1fb.jpg,,1,0,mild,moderate,0.5311,0.01714,0.39142,0.53108,0.06036
crops/e1c4c567-202_0.jpg,e1c4c567-202,e1c4c567-202_jpg.rf.0a17ebe915fab7979acdcabfbb475495.jpg,,0,0,no_caries,mild,0.6367,0.12746,0.63668,0.21231,0.02355
crops/e1c4c567-202_1.jpg,e1c4c567-202,e1c4c567-202_jpg.rf.0a17ebe915fab7979acdcabfbb475495.jpg,,5,0,advanced,moderate,0.5928,0.02869,0.33611,0.59276,0.04244
crops/e1c4c567-202_2.jpg,e1c4c567-202,e1c4c567-202_jpg.rf.0a17ebe915fab7979acdcabfbb475495.jpg,,5,0,advanced,moderate,0.4057,0.11902,0.37957,0.40569,0.09573
crops/e1c4c567-202_3.jpg,e1c4c567-202,e1c4c567-202_jpg.rf.0a17ebe915fab7979acdcabfbb475495.jpg,,0,0,no_caries,no_caries,0.6463,0.64634,0.2827,0.05733,0.01364
crops/e1c4c567-202_4.jpg,e1c4c567-202,e1c4c567-202_jpg.rf.0a17ebe915fab7979acdcabfbb475495.jpg,,0,0,no_caries,no_caries,0.4835,0.48351,0.34571,0.13951,0.03126
crops/011_00512_10_a091_0.jpg,011_00512_10_a091,011_00512_10_a091_jpg.rf.00ea2fa83723d3c39dc0cd08398eaeb2.jpg,,4,0,moderate,mild,0.7175,0.08186,0.7175,0.17982,0.02081
crops/011_00512_10_a091_1.jpg,011_00512_10_a091,011_00512_10_a091_jpg.rf.00ea2fa83723d3c39dc0cd08398eaeb2.jpg,,3,0,moderate,no_caries,0.4009,0.40087,0.3508,0.22662,0.02171
crops/011_00512_10_a091_2.jpg,011_00512_10_a091,011_00512_10_a091_jpg.rf.00ea2fa83723d3c39dc0cd08398eaeb2.jpg,,2,0,mild,no_caries,0.7048,0.70478,0.19491,0.08286,0.01745
crops/011_00512_10_a091_3.jpg,011_00512_10_a091,011_00512_10_a091_jpg.rf.00ea2fa83723d3c39dc0cd08398eaeb2.jpg,,0,0,no_caries,no_caries,0.6218,0.62182,0.28246,0.07191,0.02381
crops/011_00512_10_a091_4.jpg,011_00512_10_a091,011_00512_10_a091_jpg.rf.00ea2fa83723d3c39dc0cd08398eaeb2.jpg,,0,0,no_caries,mild,0.4653,0.31511,0.46525,0.12315,0.09648
crops/011_00512_10_a091_5.jpg,011_00512_10_a091,011_00512_10_a091_jpg.rf.00ea2fa83723d3c39dc0cd08398eaeb2.jpg,,0,0,no_caries,no_caries,0.4531,0.45309,0.28044,0.20521,0.06126
crops/011_00512_10_a091_6.jpg,011_00512_10_a091,011_00512_10_a091_jpg.rf.00ea2fa83723d3c39dc0cd08398eaeb2.jpg,,0,0,no_caries,no_caries,0.4824,0.48239,0.3474,0.14809,0.02212
crops/011_00512_10_a091_7.jpg,011_00512_10_a091,011_00512_10_a091_jpg.rf.00ea2fa83723d3c39dc0cd08398eaeb2.jpg,,0,0,no_caries,no_caries,0.4391,0.43912,0.30752,0.17747,0.07589
crops/011_00512_10_a091_8.jpg,011_00512_10_a091,011_00512_10_a091_jpg.rf.00ea2fa83723d3c39dc0cd08398eaeb2.jpg,,0,0,no_caries,mild,0.4113,0.35631,0.41132,0.14966,0.08271
crops/011_00512_10_a091_9.jpg,011_00512_10_a091,011_00512_10_a091_jpg.rf.00ea2fa83723d3c39dc0cd08398eaeb2.jpg,,1,0,mild,no_caries,0.4888,0.4888,0.40187,0.05874,0.05059
crops/011_00512_10_a091_10.jpg,011_00512_10_a091,011_00512_10_a091_jpg.rf.00ea2fa83723d3c39dc0cd08398eaeb2.jpg,,3,0,moderate,mild,0.4054,0.1879,0.40535,0.28224,0.12451
crops/011_00512_10_a091_11.jpg,011_00512_10_a091,011_00512_10_a091_jpg.rf.00ea2fa83723d3c39dc0cd08398eaeb2.jpg,,0,0,no_caries,mild,0.5305,0.23473,0.53052,0.11554,0.1192
crops/011_00512_10_a091_12.jpg,011_00512_10_a091,011_00512_10_a091_jpg.rf.00ea2fa83723d3c39dc0cd08398eaeb2.jpg,,0,0,no_caries,mild,0.48,0.19574,0.47998,0.15763,0.16666
crops/1013_0.jpg,1013,1013_jpg.rf.bbe127f49e596e249b19c46ea1a87dc1.jpg,,4,0,moderate,moderate,0.3509,0.03393,0.26464,0.35094,0.35049
crops/1013_1.jpg,1013,1013_jpg.rf.bbe127f49e596e249b19c46ea1a87dc1.jpg,,4,0,moderate,moderate,0.5178,0.03509,0.30687,0.51784,0.1402
crops/1013_2.jpg,1013,1013_jpg.rf.bbe127f49e596e249b19c46ea1a87dc1.jpg,,1,0,mild,mild,0.5237,0.27635,0.5237,0.16448,0.03548
crops/1013_3.jpg,1013,1013_jpg.rf.bbe127f49e596e249b19c46ea1a87dc1.jpg,,1,0,mild,mild,0.3666,0.21362,0.36658,0.22189,0.19791
crops/1013_4.jpg,1013,1013_jpg.rf.bbe127f49e596e249b19c46ea1a87dc1.jpg,,4,0,moderate,advanced,0.8797,0.01569,0.06159,0.04303,0.87969
crops/1013_5.jpg,1013,1013_jpg.rf.bbe127f49e596e249b19c46ea1a87dc1.jpg,,4,0,moderate,advanced,0.9711,0.00154,0.00807,0.0193,0.97108
crops/1013_6.jpg,1013,1013_jpg.rf.bbe127f49e596e249b19c46ea1a87dc1.jpg,,2,0,mild,mild,0.6695,0.06843,0.6695,0.19848,0.06359
crops/1013_7.jpg,1013,1013_jpg.rf.bbe127f49e596e249b19c46ea1a87dc1.jpg,,5,0,advanced,mild,0.4889,0.04488,0.48889,0.22821,0.23802
crops/1013_8.jpg,1013,1013_jpg.rf.bbe127f49e596e249b19c46ea1a87dc1.jpg,,6,0,advanced,advanced,0.9001,0.0121,0.04936,0.03843,0.90012
crops/1018_0.jpg,1018,1018_jpg.rf.b1f652a937b55c84a860999c180097e8.jpg,,2,0,mild,mild,0.6111,0.26778,0.61108,0.09267,0.02847
crops/1018_1.jpg,1018,1018_jpg.rf.b1f652a937b55c84a860999c180097e8.jpg,,3,0,moderate,mild,0.4859,0.14567,0.48594,0.14037,0.22802
crops/1018_2.jpg,1018,1018_jpg.rf.b1f652a937b55c84a860999c180097e8.jpg,,5,0,advanced,mild,0.3398,0.10255,0.33981,0.22882,0.32883
crops/1018_3.jpg,1018,1018_jpg.rf.b1f652a937b55c84a860999c180097e8.jpg,,6,0,advanced,advanced,0.9905,0.00175,0.00395,0.00377,0.99054
crops/1018_4.jpg,1018,1018_jpg.rf.b1f652a937b55c84a860999c180097e8.jpg,,2,0,mild,mild,0.592,0.22558,0.59203,0.07845,0.10395
crops/1018_5.jpg,1018,1018_jpg.rf.b1f652a937b55c84a860999c180097e8.jpg,,2,0,mild,mild,0.487,0.24394,0.48698,0.24374,0.02533
crops/1018_6.jpg,1018,1018_jpg.rf.b1f652a937b55c84a860999c180097e8.jpg,,3,0,moderate,moderate,0.4714,0.05872,0.11809,0.47136,0.35183
crops/1039_0.jpg,1039,1039_jpg.rf.ccf2b767f2426a97e6124d7eddfa8927.jpg,,5,0,advanced,mild,0.4146,0.26251,0.41456,0.14492,0.17802
crops/1039_1.jpg,1039,1039_jpg.rf.ccf2b767f2426a97e6124d7eddfa8927.jpg,,0,0,no_caries,mild,0.5314,0.24218,0.53138,0.11366,0.11278
crops/1039_2.jpg,1039,1039_jpg.rf.ccf2b767f2426a97e6124d7eddfa8927.jpg,,0,0,no_caries,mild,0.482,0.1137,0.48201,0.27413,0.13017
crops/1039_3.jpg,1039,1039_jpg.rf.ccf2b767f2426a97e6124d7eddfa8927.jpg,,0,0,no_caries,mild,0.4572,0.39355,0.45723,0.10233,0.04688
crops/1039_4.jpg,1039,1039_jpg.rf.ccf2b767f2426a97e6124d7eddfa8927.jpg,,0,0,no_caries,mild,0.6746,0.19511,0.67461,0.08469,0.04559
crops/1039_5.jpg,1039,1039_jpg.rf.ccf2b767f2426a97e6124d7eddfa8927.jpg,,1,0,mild,moderate,0.4539,0.02716,0.3979,0.45389,0.12105
crops/1039_6.jpg,1039,1039_jpg.rf.ccf2b767f2426a97e6124d7eddfa8927.jpg,,0,0,no_caries,mild,0.618,0.11685,0.61802,0.14695,0.11818
crops/1039_7.jpg,1039,1039_jpg.rf.ccf2b767f2426a97e6124d7eddfa8927.jpg,,6,0,advanced,advanced,0.9873,0.00131,0.00468,0.00666,0.98734
crops/1039_8.jpg,1039,1039_jpg.rf.ccf2b767f2426a97e6124d7eddfa8927.jpg,,0,0,no_caries,no_caries,0.3909,0.39089,0.3399,0.10361,0.1656
crops/1039_9.jpg,1039,1039_jpg.rf.ccf2b767f2426a97e6124d7eddfa8927.jpg,,0,0,no_caries,no_caries,0.5145,0.51454,0.34872,0.11085,0.0259
crops/1039_10.jpg,1039,1039_jpg.rf.ccf2b767f2426a97e6124d7eddfa8927.jpg,,0,0,no_caries,mild,0.5527,0.1845,0.55265,0.21045,0.0524
crops/1039_11.jpg,1039,1039_jpg.rf.ccf2b767f2426a97e6124d7eddfa8927.jpg,,0,0,no_caries,mild,0.478,0.08666,0.47796,0.19223,0.24315
crops/1039_12.jpg,1039,1039_jpg.rf.ccf2b767f2426a97e6124d7eddfa8927.jpg,,0,0,no_caries,mild,0.4921,0.17674,0.49209,0.24676,0.08442
crops/1039_13.jpg,1039,1039_jpg.rf.ccf2b767f2426a97e6124d7eddfa8927.jpg,,0,0,no_caries,mild,0.4392,0.23564,0.43921,0.23187,0.09328
crops/1039_14.jpg,1039,1039_jpg.rf.ccf2b767f2426a97e6124d7eddfa8927.jpg,,0,0,no_caries,moderate,0.5152,0.05092,0.19592,0.51516,0.238
crops/1039_15.jpg,1039,1039_jpg.rf.ccf2b767f2426a97e6124d7eddfa8927.jpg,,0,0,no_caries,mild,0.5949,0.13713,0.59488,0.1874,0.08059
crops/1039_16.jpg,1039,1039_jpg.rf.ccf2b767f2426a97e6124d7eddfa8927.jpg,,0,0,no_caries,mild,0.497,0.32626,0.49698,0.12495,0.05182
crops/1039_17.jpg,1039,1039_jpg.rf.ccf2b767f2426a97e6124d7eddfa8927.jpg,,0,0,no_caries,no_caries,0.5913,0.59128,0.24341,0.0914,0.07391
crops/1039_18.jpg,1039,1039_jpg.rf.ccf2b767f2426a97e6124d7eddfa8927.jpg,,0,0,no_caries,no_caries,0.5312,0.53117,0.28498,0.13165,0.05221
crops/1184_0.jpg,1184,1184_jpg.rf.9aff2bb54e3d65961d983ad7806a44cb.jpg,,0,0,no_caries,mild,0.5389,0.16688,0.53895,0.21172,0.08245
crops/1184_1.jpg,1184,1184_jpg.rf.9aff2bb54e3d65961d983ad7806a44cb.jpg,,5,0,advanced,advanced,0.874,0.00411,0.01352,0.1084,0.87397
crops/1184_2.jpg,1184,1184_jpg.rf.9aff2bb54e3d65961d983ad7806a44cb.jpg,,0,0,no_caries,no_caries,0.4468,0.44676,0.41175,0.09849,0.04299
crops/1184_3.jpg,1184,1184_jpg.rf.9aff2bb54e3d65961d983ad7806a44cb.jpg,,0,0,no_caries,no_caries,0.6409,0.64085,0.20508,0.08926,0.06481
crops/1184_4.jpg,1184,1184_jpg.rf.9aff2bb54e3d65961d983ad7806a44cb.jpg,,0,0,no_caries,no_caries,0.8383,0.83833,0.04786,0.06343,0.05038
crops/1184_5.jpg,1184,1184_jpg.rf.9aff2bb54e3d65961d983ad7806a44cb.jpg,,0,0,no_caries,no_caries,0.8209,0.82085,0.05902,0.07289,0.04723
crops/1184_6.jpg,1184,1184_jpg.rf.9aff2bb54e3d65961d983ad7806a44cb.jpg,,0,0,no_caries,no_caries,0.6117,0.61173,0.25047,0.09423,0.04357
crops/1184_7.jpg,1184,1184_jpg.rf.9aff2bb54e3d65961d983ad7806a44cb.jpg,,0,0,no_caries,no_caries,0.6787,0.67873,0.17606,0.07964,0.06557
crops/1184_8.jpg,1184,1184_jpg.rf.9aff2bb54e3d65961d983ad7806a44cb.jpg,,0,0,no_caries,no_caries,0.6024,0.60238,0.22539,0.12277,0.04946
crops/1184_9.jpg,1184,1184_jpg.rf.9aff2bb54e3d65961d983ad7806a44cb.jpg,,0,0,no_caries,mild,0.3951,0.3852,0.3951,0.1509,0.0688
crops/1225_0.jpg,1225,1225_jpg.rf.29b60dce4fe94ed561437d55bfe78a6b.jpg,,6,0,advanced,advanced,0.9966,0.00014,0.00232,0.00096,0.99658
crops/1225_1.jpg,1225,1225_jpg.rf.29b60dce4fe94ed561437d55bfe78a6b.jpg,,3,0,moderate,moderate,0.5512,0.05516,0.37177,0.55124,0.02183
crops/1225_2.jpg,1225,1225_jpg.rf.29b60dce4fe94ed561437d55bfe78a6b.jpg,,3,0,moderate,moderate,0.6625,0.00797,0.30009,0.66254,0.0294
crops/1225_3.jpg,1225,1225_jpg.rf.29b60dce4fe94ed561437d55bfe78a6b.jpg,,3,0,moderate,advanced,0.9628,0.00216,0.00868,0.0264,0.96276
crops/1225_4.jpg,1225,1225_jpg.rf.29b60dce4fe94ed561437d55bfe78a6b.jpg,,1,0,mild,moderate,0.4614,0.0115,0.23528,0.46136,0.29186
crops/1225_5.jpg,1225,1225_jpg.rf.29b60dce4fe94ed561437d55bfe78a6b.jpg,,5,0,advanced,advanced,0.9234,0.00559,0.0296,0.04137,0.92344
crops/1225_6.jpg,1225,1225_jpg.rf.29b60dce4fe94ed561437d55bfe78a6b.jpg,,3,0,moderate,mild,0.6275,0.02586,0.62752,0.32586,0.02076
crops/1225_7.jpg,1225,1225_jpg.rf.29b60dce4fe94ed561437d55bfe78a6b.jpg,,1,0,mild,mild,0.6969,0.07123,0.69691,0.227,0.00486
crops/1304_0.jpg,1304,1304_jpg.rf.b25583c05dc3cd4b87294c551df7b525.jpg,,0,0,no_caries,no_caries,0.7616,0.76157,0.11151,0.08204,0.04488
crops/1304_1.jpg,1304,1304_jpg.rf.b25583c05dc3cd4b87294c551df7b525.jpg,,0,0,no_caries,no_caries,0.7465,0.74655,0.09003,0.11785,0.04557
crops/1304_2.jpg,1304,1304_jpg.rf.b25583c05dc3cd4b87294c551df7b525.jpg,,0,0,no_caries,mild,0.6178,0.24723,0.61781,0.09578,0.03918
crops/1304_3.jpg,1304,1304_jpg.rf.b25583c05dc3cd4b87294c551df7b525.jpg,,5,0,advanced,mild,0.4479,0.28201,0.44788,0.17684,0.09326
crops/1304_4.jpg,1304,1304_jpg.rf.b25583c05dc3cd4b87294c551df7b525.jpg,,0,0,no_caries,no_caries,0.4686,0.4686,0.17773,0.18942,0.16425
crops/1304_5.jpg,1304,1304_jpg.rf.b25583c05dc3cd4b87294c551df7b525.jpg,,1,0,mild,moderate,0.5243,0.05118,0.16007,0.52427,0.26447
crops/1304_6.jpg,1304,1304_jpg.rf.b25583c05dc3cd4b87294c551df7b525.jpg,,0,0,no_caries,no_caries,0.5788,0.57882,0.2306,0.10674,0.08384
crops/1304_7.jpg,1304,1304_jpg.rf.b25583c05dc3cd4b87294c551df7b525.jpg,,0,0,no_caries,no_caries,0.5909,0.59089,0.24559,0.11225,0.05127
crops/1304_8.jpg,1304,1304_jpg.rf.b25583c05dc3cd4b87294c551df7b525.jpg,,0,0,no_caries,no_caries,0.6248,0.62479,0.20414,0.13166,0.0394
crops/1304_9.jpg,1304,1304_jpg.rf.b25583c05dc3cd4b87294c551df7b525.jpg,,0,0,no_caries,no_caries,0.6356,0.63556,0.2352,0.09954,0.0297
crops/1304_10.jpg,1304,1304_jpg.rf.b25583c05dc3cd4b87294c551df7b525.jpg,,0,0,no_caries,no_caries,0.5778,0.57778,0.20567,0.17153,0.04502
crops/1382_0.jpg,1382,1382_jpg.rf.e6cc0cb7fac1b3b22199fdf289bf17ca.jpg,,0,0,no_caries,no_caries,0.7243,0.72435,0.11855,0.0627,0.09441
crops/1382_1.jpg,1382,1382_jpg.rf.e6cc0cb7fac1b3b22199fdf289bf17ca.jpg,,0,0,no_caries,mild,0.5248,0.27845,0.52485,0.10002,0.09668
crops/1382_2.jpg,1382,1382_jpg.rf.e6cc0cb7fac1b3b22199fdf289bf17ca.jpg,,2,0,mild,no_caries,0.5244,0.52442,0.15542,0.21514,0.10502
crops/1382_3.jpg,1382,1382_jpg.rf.e6cc0cb7fac1b3b22199fdf289bf17ca.jpg,,0,0,no_caries,no_caries,0.6596,0.65958,0.17797,0.09443,0.06803
crops/1382_4.jpg,1382,1382_jpg.rf.e6cc0cb7fac1b3b22199fdf289bf17ca.jpg,,5,0,advanced,advanced,0.9773,0.00354,0.00753,0.01165,0.97728
crops/1382_5.jpg,1382,1382_jpg.rf.e6cc0cb7fac1b3b22199fdf289bf17ca.jpg,,0,0,no_caries,no_caries,0.6192,0.61921,0.18235,0.14754,0.0509
crops/1382_6.jpg,1382,1382_jpg.rf.e6cc0cb7fac1b3b22199fdf289bf17ca.jpg,,4,0,moderate,no_caries,0.3883,0.38828,0.36206,0.19969,0.04997
crops/1382_7.jpg,1382,1382_jpg.rf.e6cc0cb7fac1b3b22199fdf289bf17ca.jpg,,6,0,advanced,advanced,0.9534,0.01954,0.0148,0.01227,0.95339
crops/1382_8.jpg,1382,1382_jpg.rf.e6cc0cb7fac1b3b22199fdf289bf17ca.jpg,,0,0,no_caries,no_caries,0.4388,0.43877,0.27812,0.24735,0.03576
crops/1400_0.jpg,1400,1400_jpg.rf.77139d7bfffbacd20f87e5bd7881fcdf.jpg,,5,0,advanced,advanced,0.9745,0.00372,0.01178,0.01002,0.97448
crops/1400_1.jpg,1400,1400_jpg.rf.77139d7bfffbacd20f87e5bd7881fcdf.jpg,,5,0,advanced,advanced,0.7812,0.0454,0.10361,0.06983,0.78116
crops/1400_2.jpg,1400,1400_jpg.rf.77139d7bfffbacd20f87e5bd7881fcdf.jpg,,5,0,advanced,advanced,0.9727,0.00811,0.01049,0.00869,0.9727
crops/1400_3.jpg,1400,1400_jpg.rf.77139d7bfffbacd20f87e5bd7881fcdf.jpg,,4,0,moderate,advanced,0.3416,0.11721,0.34016,0.20105,0.34159
crops/1400_4.jpg,1400,1400_jpg.rf.77139d7bfffbacd20f87e5bd7881fcdf.jpg,,0,0,no_caries,no_caries,0.7585,0.75847,0.06838,0.13569,0.03746
crops/1400_5.jpg,1400,1400_jpg.rf.77139d7bfffbacd20f87e5bd7881fcdf.jpg,,0,0,no_caries,no_caries,0.7944,0.79435,0.06857,0.09952,0.03756
crops/1400_6.jpg,1400,1400_jpg.rf.77139d7bfffbacd20f87e5bd7881fcdf.jpg,,0,0,no_caries,no_caries,0.8076,0.80762,0.1046,0.06951,0.01827
crops/1409_0.jpg,1409,1409_jpg.rf.04e78b53be3eed0bbf7910d4ee005704.jpg,,1,0,mild,no_caries,0.5472,0.54722,0.25389,0.17195,0.02694
crops/1409_1.jpg,1409,1409_jpg.rf.04e78b53be3eed0bbf7910d4ee005704.jpg,,0,0,no_caries,no_caries,0.5602,0.56017,0.25705,0.14019,0.04259
crops/1409_2.jpg,1409,1409_jpg.rf.04e78b53be3eed0bbf7910d4ee005704.jpg,,5,0,advanced,mild,0.605,0.05818,0.60499,0.21567,0.12117
crops/1409_3.jpg,1409,1409_jpg.rf.04e78b53be3eed0bbf7910d4ee005704.jpg,,2,0,mild,no_caries,0.6007,0.60071,0.19965,0.1476,0.05203
crops/1409_4.jpg,1409,1409_jpg.rf.04e78b53be3eed0bbf7910d4ee005704.jpg,,2,0,mild,mild,0.4526,0.29039,0.45262,0.18473,0.07226
crops/1409_5.jpg,1409,1409_jpg.rf.04e78b53be3eed0bbf7910d4ee005704.jpg,,0,0,no_caries,no_caries,0.6252,0.62519,0.18285,0.15867,0.03329
crops/1409_6.jpg,1409,1409_jpg.rf.04e78b53be3eed0bbf7910d4ee005704.jpg,,0,0,no_caries,no_caries,0.6111,0.6111,0.27388,0.0872,0.02781
crops/1409_7.jpg,1409,1409_jpg.rf.04e78b53be3eed0bbf7910d4ee005704.jpg,,0,0,no_caries,no_caries,0.5825,0.58252,0.30904,0.08111,0.02733
crops/1409_8.jpg,1409,1409_jpg.rf.04e78b53be3eed0bbf7910d4ee005704.jpg,,5,0,advanced,mild,0.4388,0.28542,0.4388,0.17476,0.10102
crops/1409_9.jpg,1409,1409_jpg.rf.04e78b53be3eed0bbf7910d4ee005704.jpg,,1,0,mild,mild,0.4673,0.4636,0.46728,0.04668,0.02244
crops/1409_10.jpg,1409,1409_jpg.rf.04e78b53be3eed0bbf7910d4ee005704.jpg,,2,0,mild,advanced,0.6869,0.05781,0.1977,0.05763,0.68687
crops/1409_11.jpg,1409,1409_jpg.rf.04e78b53be3eed0bbf7910d4ee005704.jpg,,2,0,mild,mild,0.4393,0.28433,0.43926,0.04636,0.23004
crops/1409_12.jpg,1409,1409_jpg.rf.04e78b53be3eed0bbf7910d4ee005704.jpg,,2,0,mild,no_caries,0.6496,0.64958,0.28862,0.034,0.02779
crops/1409_13.jpg,1409,1409_jpg.rf.04e78b53be3eed0bbf7910d4ee005704.jpg,,0,0,no_caries,mild,0.4918,0.41568,0.49184,0.06442,0.02806
crops/1413_0.jpg,1413,1413_jpg.rf.c2f98ee659f11c0a795d5abc6f8a1010.jpg,,6,0,advanced,advanced,0.9604,0.00265,0.02613,0.0108,0.96042
crops/1413_1.jpg,1413,1413_jpg.rf.c2f98ee659f11c0a795d5abc6f8a1010.jpg,,6,0,advanced,advanced,0.9662,0.00182,0.01461,0.01735,0.96621
crops/1413_2.jpg,1413,1413_jpg.rf.c2f98ee659f11c0a795d5abc6f8a1010.jpg,,6,0,advanced,advanced,0.7484,0.01834,0.18789,0.04535,0.74842
crops/1413_3.jpg,1413,1413_jpg.rf.c2f98ee659f11c0a795d5abc6f8a1010.jpg,,6,0,advanced,mild,0.5253,0.05748,0.52531,0.0702,0.347
crops/1413_4.jpg,1413,1413_jpg.rf.c2f98ee659f11c0a795d5abc6f8a1010.jpg,,4,0,moderate,advanced,0.887,0.00479,0.09756,0.01066,0.88699
crops/1413_5.jpg,1413,1413_jpg.rf.c2f98ee659f11c0a795d5abc6f8a1010.jpg,,3,0,moderate,mild,0.7467,0.02067,0.74668,0.06445,0.1682
crops/1413_6.jpg,1413,1413_jpg.rf.c2f98ee659f11c0a795d5abc6f8a1010.jpg,,0,0,no_caries,moderate,0.385,0.30411,0.22425,0.38498,0.08667
crops/1413_7.jpg,1413,1413_jpg.rf.c2f98ee659f11c0a795d5abc6f8a1010.jpg,,2,0,mild,mild,0.4655,0.26325,0.46546,0.21601,0.05528
crops/1413_8.jpg,1413,1413_jpg.rf.c2f98ee659f11c0a795d5abc6f8a1010.jpg,,2,0,mild,mild,0.5319,0.31417,0.53186,0.12578,0.02818
crops/1413_9.jpg,1413,1413_jpg.rf.c2f98ee659f11c0a795d5abc6f8a1010.jpg,,0,0,no_caries,no_caries,0.7551,0.75511,0.1084,0.10315,0.03334
crops/1413_10.jpg,1413,1413_jpg.rf.c2f98ee659f11c0a795d5abc6f8a1010.jpg,,0,0,no_caries,no_caries,0.7094,0.70936,0.1324,0.1296,0.02864
crops/1413_11.jpg,1413,1413_jpg.rf.c2f98ee659f11c0a795d5abc6f8a1010.jpg,,0,0,no_caries,no_caries,0.6225,0.62252,0.18235,0.14169,0.05345
crops/1413_12.jpg,1413,1413_jpg.rf.c2f98ee659f11c0a795d5abc6f8a1010.jpg,,0,0,no_caries,no_caries,0.609,0.60902,0.1738,0.15797,0.05921
crops/1413_13.jpg,1413,1413_jpg.rf.c2f98ee659f11c0a795d5abc6f8a1010.jpg,,4,0,moderate,mild,0.3265,0.29274,0.32652,0.27115,0.10959
crops/1422_0.jpg,1422,1422_jpg.rf.810d6f94f8cb98b2df7bfb00abe473e8.jpg,,5,0,advanced,advanced,0.9108,0.00876,0.05588,0.02457,0.91079
crops/1422_1.jpg,1422,1422_jpg.rf.810d6f94f8cb98b2df7bfb00abe473e8.jpg,,6,0,advanced,advanced,0.9947,0.00034,0.00224,0.00274,0.99469
crops/1422_2.jpg,1422,1422_jpg.rf.810d6f94f8cb98b2df7bfb00abe473e8.jpg,,0,0,no_caries,mild,0.4358,0.10874,0.43575,0.18849,0.26702
crops/1422_3.jpg,1422,1422_jpg.rf.810d6f94f8cb98b2df7bfb00abe473e8.jpg,,2,0,mild,no_caries,0.4081,0.40808,0.37762,0.16778,0.04652
crops/1626_0.jpg,1626,1626_jpg.rf.9db3f794917533740096ccad45bd8f3c.jpg,,0,0,no_caries,no_caries,0.6187,0.61871,0.20333,0.14014,0.03781
crops/1626_1.jpg,1626,1626_jpg.rf.9db3f794917533740096ccad45bd8f3c.jpg,,0,0,no_caries,no_caries,0.5212,0.52116,0.35603,0.0738,0.04901
crops/1626_2.jpg,1626,1626_jpg.rf.9db3f794917533740096ccad45bd8f3c.jpg,,0,0,no_caries,no_caries,0.684,0.68398,0.18555,0.0871,0.04336
crops/1626_3.jpg,1626,1626_jpg.rf.9db3f794917533740096ccad45bd8f3c.jpg,,0,0,no_caries,mild,0.396,0.25075,0.39598,0.28951,0.06375
crops/1626_4.jpg,1626,1626_jpg.rf.9db3f794917533740096ccad45bd8f3c.jpg,,0,0,no_caries,no_caries,0.6281,0.62808,0.17246,0.13202,0.06745
crops/1626_5.jpg,1626,1626_jpg.rf.9db3f794917533740096ccad45bd8f3c.jpg,,0,0,no_caries,no_caries,0.5965,0.59653,0.29333,0.07248,0.03766
crops/1626_6.jpg,1626,1626_jpg.rf.9db3f794917533740096ccad45bd8f3c.jpg,,0,0,no_caries,no_caries,0.7248,0.72481,0.16648,0.08458,0.02413
crops/1626_7.jpg,1626,1626_jpg.rf.9db3f794917533740096ccad45bd8f3c.jpg,,0,0,no_caries,mild,0.5141,0.13371,0.51408,0.23759,0.11461
crops/1736_0.jpg,1736,1736_jpg.rf.3f29f927f62880cd64fd8a96d743467e.jpg,,5,0,advanced,moderate,0.3902,0.06525,0.2715,0.39023,0.27303
crops/1736_1.jpg,1736,1736_jpg.rf.3f29f927f62880cd64fd8a96d743467e.jpg,,5,0,advanced,advanced,0.7294,0.00533,0.05067,0.2146,0.72939
crops/1736_2.jpg,1736,1736_jpg.rf.3f29f927f62880cd64fd8a96d743467e.jpg,,3,0,moderate,moderate,0.4674,0.11764,0.33596,0.46742,0.07898
crops/1736_3.jpg,1736,1736_jpg.rf.3f29f927f62880cd64fd8a96d743467e.jpg,,4,0,moderate,moderate,0.5316,0.04176,0.11322,0.53164,0.31338
crops/1736_4.jpg,1736,1736_jpg.rf.3f29f927f62880cd64fd8a96d743467e.jpg,,2,0,mild,mild,0.5085,0.21415,0.50852,0.14786,0.12947
crops/1736_5.jpg,1736,1736_jpg.rf.3f29f927f62880cd64fd8a96d743467e.jpg,,2,0,mild,advanced,0.4802,0.01878,0.29953,0.20154,0.48015
crops/1823_0.jpg,1823,1823_jpg.rf.ba64fa223ad2f563305a0bbb906f9411.jpg,,6,0,advanced,advanced,0.5796,0.05466,0.06918,0.29658,0.57958
crops/1823_1.jpg,1823,1823_jpg.rf.ba64fa223ad2f563305a0bbb906f9411.jpg,,2,0,mild,no_caries,0.3664,0.36635,0.27884,0.09622,0.25859
crops/1823_2.jpg,1823,1823_jpg.rf.ba64fa223ad2f563305a0bbb906f9411.jpg,,1,0,mild,mild,0.4631,0.34808,0.46314,0.13261,0.05617
crops/1823_3.jpg,1823,1823_jpg.rf.ba64fa223ad2f563305a0bbb906f9411.jpg,,5,0,advanced,advanced,0.8734,0.01133,0.04393,0.07139,0.87336
crops/1823_4.jpg,1823,1823_jpg.rf.ba64fa223ad2f563305a0bbb906f9411.jpg,,1,0,mild,mild,0.5942,0.04487,0.59423,0.3067,0.0542
crops/1823_5.jpg,1823,1823_jpg.rf.ba64fa223ad2f563305a0bbb906f9411.jpg,,1,0,mild,mild,0.4482,0.3041,0.44815,0.19754,0.05021
crops/1823_6.jpg,1823,1823_jpg.rf.ba64fa223ad2f563305a0bbb906f9411.jpg,,1,0,mild,no_caries,0.5586,0.55855,0.29003,0.11757,0.03385
crops/1823_7.jpg,1823,1823_jpg.rf.ba64fa223ad2f563305a0bbb906f9411.jpg,,1,0,mild,no_caries,0.5101,0.51006,0.26348,0.16279,0.06366
crops/1823_8.jpg,1823,1823_jpg.rf.ba64fa223ad2f563305a0bbb906f9411.jpg,,1,0,mild,no_caries,0.7042,0.70419,0.20226,0.07033,0.02323
crops/1823_9.jpg,1823,1823_jpg.rf.ba64fa223ad2f563305a0bbb906f9411.jpg,,0,0,no_caries,no_caries,0.6431,0.64305,0.12651,0.20874,0.0217
crops/1823_10.jpg,1823,1823_jpg.rf.ba64fa223ad2f563305a0bbb906f9411.jpg,,0,0,no_caries,no_caries,0.5507,0.55069,0.2926,0.13956,0.01715
crops/1823_11.jpg,1823,1823_jpg.rf.ba64fa223ad2f563305a0bbb906f9411.jpg,,1,0,mild,mild,0.4497,0.2251,0.44968,0.18651,0.13872
crops/1823_12.jpg,1823,1823_jpg.rf.ba64fa223ad2f563305a0bbb906f9411.jpg,,0,0,no_caries,no_caries,0.5756,0.57556,0.32908,0.07642,0.01894
crops/1840_0.jpg,1840,1840_jpg.rf.bc91e365762e4b9a7f4172d6d654d0bd.jpg,,2,0,mild,mild,0.6286,0.25114,0.62859,0.08564,0.03463
crops/1840_1.jpg,1840,1840_jpg.rf.bc91e365762e4b9a7f4172d6d654d0bd.jpg,,3,0,moderate,mild,0.4479,0.06098,0.44792,0.1233,0.36779
crops/1840_2.jpg,1840,1840_jpg.rf.bc91e365762e4b9a7f4172d6d654d0bd.jpg,,3,0,moderate,mild,0.4666,0.02121,0.46661,0.11841,0.39376
crops/1840_3.jpg,1840,1840_jpg.rf.bc91e365762e4b9a7f4172d6d654d0bd.jpg,,4,0,moderate,advanced,0.6923,0.01224,0.22079,0.07462,0.69235
crops/1840_4.jpg,1840,1840_jpg.rf.bc91e365762e4b9a7f4172d6d654d0bd.jpg,,4,0,moderate,advanced,0.9693,0.00155,0.0161,0.01303,0.96932
crops/1840_5.jpg,1840,1840_jpg.rf.bc91e365762e4b9a7f4172d6d654d0bd.jpg,,3,0,moderate,advanced,0.8278,0.00528,0.12078,0.0461,0.82784
crops/1840_6.jpg,1840,1840_jpg.rf.bc91e365762e4b9a7f4172d6d654d0bd.jpg,,2,0,mild,mild,0.6581,0.13018,0.6581,0.12977,0.08196
crops/1840_7.jpg,1840,1840_jpg.rf.bc91e365762e4b9a7f4172d6d654d0bd.jpg,,2,0,mild,mild,0.673,0.02884,0.67302,0.29001,0.00813
crops/1840_8.jpg,1840,1840_jpg.rf.bc91e365762e4b9a7f4172d6d654d0bd.jpg,,3,0,moderate,moderate,0.505,0.06258,0.34756,0.50496,0.0849
crops/1845_0.jpg,1845,1845_jpg.rf.9c36c72fe02ae286ccba42be73a4a2db.jpg,,4,0,moderate,advanced,0.6982,0.01067,0.19237,0.09879,0.69817
crops/1845_1.jpg,1845,1845_jpg.rf.9c36c72fe02ae286ccba42be73a4a2db.jpg,,4,0,moderate,advanced,0.8558,0.00698,0.03612,0.1011,0.85579
crops/1845_2.jpg,1845,1845_jpg.rf.9c36c72fe02ae286ccba42be73a4a2db.jpg,,2,0,mild,moderate,0.4383,0.09951,0.40579,0.43828,0.05642
crops/1845_3.jpg,1845,1845_jpg.rf.9c36c72fe02ae286ccba42be73a4a2db.jpg,,0,0,no_caries,mild,0.4782,0.13136,0.47823,0.36153,0.02887
crops/1845_4.jpg,1845,1845_jpg.rf.9c36c72fe02ae286ccba42be73a4a2db.jpg,,0,0,no_caries,no_caries,0.5263,0.52627,0.18509,0.26734,0.02129
crops/1845_5.jpg,1845,1845_jpg.rf.9c36c72fe02ae286ccba42be73a4a2db.jpg,,1,0,mild,no_caries,0.4286,0.42857,0.42539,0.10889,0.03714
crops/1845_6.jpg,1845,1845_jpg.rf.9c36c72fe02ae286ccba42be73a4a2db.jpg,,0,0,no_caries,no_caries,0.6096,0.6096,0.1993,0.13585,0.05525
crops/1845_7.jpg,1845,1845_jpg.rf.9c36c72fe02ae286ccba42be73a4a2db.jpg,,0,0,no_caries,no_caries,0.3096,0.30956,0.27553,0.19996,0.21496
crops/1845_8.jpg,1845,1845_jpg.rf.9c36c72fe02ae286ccba42be73a4a2db.jpg,,0,0,no_caries,no_caries,0.6035,0.60351,0.24717,0.10521,0.04412
crops/1845_9.jpg,1845,1845_jpg.rf.9c36c72fe02ae286ccba42be73a4a2db.jpg,,0,0,no_caries,no_caries,0.5228,0.52277,0.15445,0.22473,0.09806
crops/1845_10.jpg,1845,1845_jpg.rf.9c36c72fe02ae286ccba42be73a4a2db.jpg,,1,0,mild,no_caries,0.4413,0.44133,0.35332,0.12978,0.07556
crops/1845_11.jpg,1845,1845_jpg.rf.9c36c72fe02ae286ccba42be73a4a2db.jpg,,1,0,mild,mild,0.4275,0.36452,0.42748,0.17777,0.03023
crops/1845_12.jpg,1845,1845_jpg.rf.9c36c72fe02ae286ccba42be73a4a2db.jpg,,1,0,mild,mild,0.4736,0.2148,0.47363,0.14391,0.16766
crops/1845_13.jpg,1845,1845_jpg.rf.9c36c72fe02ae286ccba42be73a4a2db.jpg,,4,0,moderate,moderate,0.4495,0.02568,0.15414,0.44949,0.37069
crops/1845_14.jpg,1845,1845_jpg.rf.9c36c72fe02ae286ccba42be73a4a2db.jpg,,3,0,moderate,mild,0.4988,0.0271,0.49884,0.16514,0.30892
crops/1845_15.jpg,1845,1845_jpg.rf.9c36c72fe02ae286ccba42be73a4a2db.jpg,,6,0,advanced,advanced,0.9587,0.0017,0.00902,0.03054,0.95874
crops/1845_16.jpg,1845,1845_jpg.rf.9c36c72fe02ae286ccba42be73a4a2db.jpg,,0,0,no_caries,mild,0.4615,0.42918,0.46146,0.09405,0.01531
crops/1845_17.jpg,1845,1845_jpg.rf.9c36c72fe02ae286ccba42be73a4a2db.jpg,,0,0,no_caries,no_caries,0.6698,0.66976,0.16803,0.13729,0.02493
crops/1845_18.jpg,1845,1845_jpg.rf.9c36c72fe02ae286ccba42be73a4a2db.jpg,,0,0,no_caries,mild,0.4669,0.24656,0.46693,0.24933,0.03718
crops/1845_19.jpg,1845,1845_jpg.rf.9c36c72fe02ae286ccba42be73a4a2db.jpg,,2,0,mild,mild,0.4458,0.37399,0.44582,0.15163,0.02856
crops/1845_20.jpg,1845,1845_jpg.rf.9c36c72fe02ae286ccba42be73a4a2db.jpg,,2,0,mild,no_caries,0.4837,0.48371,0.33349,0.16183,0.02097
crops/1857_0.jpg,1857,1857_jpg.rf.b5ae23a5e068eae51e55a89dfde26fa8.jpg,,6,0,advanced,advanced,0.9765,0.00269,0.01139,0.00944,0.97648
crops/1857_1.jpg,1857,1857_jpg.rf.b5ae23a5e068eae51e55a89dfde26fa8.jpg,,6,0,advanced,advanced,0.9454,0.00347,0.02619,0.02497,0.94537
crops/1857_2.jpg,1857,1857_jpg.rf.b5ae23a5e068eae51e55a89dfde26fa8.jpg,,6,0,advanced,advanced,0.9416,0.00332,0.02707,0.02799,0.94163
crops/1857_3.jpg,1857,1857_jpg.rf.b5ae23a5e068eae51e55a89dfde26fa8.jpg,,6,0,advanced,advanced,0.939,0.0057,0.03425,0.02108,0.93896
crops/1857_4.jpg,1857,1857_jpg.rf.b5ae23a5e068eae51e55a89dfde26fa8.jpg,,2,0,mild,no_caries,0.4946,0.49458,0.34172,0.10155,0.06215
crops/1857_5.jpg,1857,1857_jpg.rf.b5ae23a5e068eae51e55a89dfde26fa8.jpg,,1,0,mild,no_caries,0.6646,0.66464,0.16585,0.11922,0.05029
crops/1857_6.jpg,1857,1857_jpg.rf.b5ae23a5e068eae51e55a89dfde26fa8.jpg,,0,0,no_caries,no_caries,0.3982,0.39815,0.39169,0.1614,0.04876
crops/1857_7.jpg,1857,1857_jpg.rf.b5ae23a5e068eae51e55a89dfde26fa8.jpg,,0,0,no_caries,mild,0.4206,0.29542,0.42061,0.14199,0.14198
crops/1857_8.jpg,1857,1857_jpg.rf.b5ae23a5e068eae51e55a89dfde26fa8.jpg,,0,0,no_caries,moderate,0.4641,0.29054,0.17968,0.46407,0.06571
crops/1857_9.jpg,1857,1857_jpg.rf.b5ae23a5e068eae51e55a89dfde26fa8.jpg,,0,0,no_caries,moderate,0.5131,0.27751,0.18469,0.51309,0.02471
crops/1857_10.jpg,1857,1857_jpg.rf.b5ae23a5e068eae51e55a89dfde26fa8.jpg,,3,0,moderate,moderate,0.5051,0.22005,0.22787,0.50514,0.04695
crops/1857_11.jpg,1857,1857_jpg.rf.b5ae23a5e068eae51e55a89dfde26fa8.jpg,,0,0,no_caries,moderate,0.5573,0.08771,0.26404,0.55731,0.09095
crops/1857_12.jpg,1857,1857_jpg.rf.b5ae23a5e068eae51e55a89dfde26fa8.jpg,,0,0,no_caries,mild,0.4724,0.23369,0.47237,0.22036,0.07358
crops/1857_13.jpg,1857,1857_jpg.rf.b5ae23a5e068eae51e55a89dfde26fa8.jpg,,0,0,no_caries,no_caries,0.4349,0.4349,0.31347,0.19242,0.05922
crops/351_0.jpg,351,351_jpg.rf.94653fb84ad780b0cf4ae6e823db612a.jpg,,6,0,advanced,advanced,0.926,0.00743,0.03045,0.03617,0.92596
crops/351_1.jpg,351,351_jpg.rf.94653fb84ad780b0cf4ae6e823db612a.jpg,,6,0,advanced,advanced,0.9858,0.00092,0.00471,0.0086,0.98576
crops/351_2.jpg,351,351_jpg.rf.94653fb84ad780b0cf4ae6e823db612a.jpg,,5,0,advanced,advanced,0.6797,0.08187,0.06247,0.17596,0.6797
crops/351_3.jpg,351,351_jpg.rf.94653fb84ad780b0cf4ae6e823db612a.jpg,,0,0,no_caries,no_caries,0.603,0.60301,0.12783,0.20321,0.06595
crops/351_4.jpg,351,351_jpg.rf.94653fb84ad780b0cf4ae6e823db612a.jpg,,1,0,mild,moderate,0.4609,0.30197,0.16752,0.46087,0.06963
crops/351_5.jpg,351,351_jpg.rf.94653fb84ad780b0cf4ae6e823db612a.jpg,,1,0,mild,no_caries,0.6063,0.6063,0.1933,0.16533,0.03507
crops/351_6.jpg,351,351_jpg.rf.94653fb84ad780b0cf4ae6e823db612a.jpg,,0,0,no_caries,no_caries,0.5227,0.52268,0.23105,0.20446,0.0418
crops/351_7.jpg,351,351_jpg.rf.94653fb84ad780b0cf4ae6e823db612a.jpg,,0,0,no_caries,no_caries,0.721,0.72097,0.11608,0.12626,0.03669
crops/351_8.jpg,351,351_jpg.rf.94653fb84ad780b0cf4ae6e823db612a.jpg,,0,0,no_caries,no_caries,0.3467,0.34665,0.18507,0.20782,0.26046
crops/351_9.jpg,351,351_jpg.rf.94653fb84ad780b0cf4ae6e823db612a.jpg,,0,0,no_caries,no_caries,0.8074,0.80744,0.13058,0.04526,0.01672
crops/351_10.jpg,351,351_jpg.rf.94653fb84ad780b0cf4ae6e823db612a.jpg,,0,0,no_caries,moderate,0.3756,0.36497,0.09506,0.37559,0.16439
crops/351_11.jpg,351,351_jpg.rf.94653fb84ad780b0cf4ae6e823db612a.jpg,,0,0,no_caries,no_caries,0.6071,0.60708,0.24627,0.13614,0.01051
crops/352_0.jpg,352,352_jpg.rf.2d2910ff97b47dc2e193e7209e65ce2b.jpg,,4,0,moderate,advanced,0.6851,0.05238,0.18268,0.07983,0.68511
crops/352_1.jpg,352,352_jpg.rf.2d2910ff97b47dc2e193e7209e65ce2b.jpg,,4,0,moderate,mild,0.5994,0.27922,0.59938,0.08908,0.03231
crops/352_2.jpg,352,352_jpg.rf.2d2910ff97b47dc2e193e7209e65ce2b.jpg,,4,0,moderate,mild,0.5921,0.26268,0.59214,0.11777,0.02741
crops/352_3.jpg,352,352_jpg.rf.2d2910ff97b47dc2e193e7209e65ce2b.jpg,,4,0,moderate,mild,0.5497,0.31664,0.54969,0.10099,0.03268
crops/352_4.jpg,352,352_jpg.rf.2d2910ff97b47dc2e193e7209e65ce2b.jpg,,4,0,moderate,mild,0.7049,0.0847,0.70487,0.18543,0.025
crops/352_5.jpg,352,352_jpg.rf.2d2910ff97b47dc2e193e7209e65ce2b.jpg,,4,0,moderate,moderate,0.4049,0.11635,0.28157,0.40487,0.19721
crops/352_6.jpg,352,352_jpg.rf.2d2910ff97b47dc2e193e7209e65ce2b.jpg,,4,0,moderate,advanced,0.917,0.00204,0.02649,0.05452,0.91696
crops/352_7.jpg,352,352_jpg.rf.2d2910ff97b47dc2e193e7209e65ce2b.jpg,,5,0,advanced,advanced,0.9773,0.00062,0.00801,0.01402,0.97734
crops/352_8.jpg,352,352_jpg.rf.2d2910ff97b47dc2e193e7209e65ce2b.jpg,,4,0,moderate,advanced,0.3986,0.03003,0.31232,0.2591,0.39856
crops/352_9.jpg,352,352_jpg.rf.2d2910ff97b47dc2e193e7209e65ce2b.jpg,,6,0,advanced,advanced,0.9535,0.0038,0.02046,0.02221,0.95353
crops/352_10.jpg,352,352_jpg.rf.2d2910ff97b47dc2e193e7209e65ce2b.jpg,,2,0,mild,mild,0.5238,0.14415,0.52385,0.18269,0.14931
crops/352_11.jpg,352,352_jpg.rf.2d2910ff97b47dc2e193e7209e65ce2b.jpg,,3,0,moderate,moderate,0.6678,0.10401,0.2035,0.66776,0.02472
crops/352_12.jpg,352,352_jpg.rf.2d2910ff97b47dc2e193e7209e65ce2b.jpg,,3,0,moderate,mild,0.4443,0.20581,0.44432,0.30851,0.04136
crops/352_13.jpg,352,352_jpg.rf.2d2910ff97b47dc2e193e7209e65ce2b.jpg,,6,0,advanced,mild,0.4106,0.20377,0.41065,0.07816,0.30743
crops/352_14.jpg,352,352_jpg.rf.2d2910ff97b47dc2e193e7209e65ce2b.jpg,,2,0,mild,mild,0.4184,0.3201,0.41844,0.21085,0.05061
crops/404_0.jpg,404,404_jpg.rf.746473fc7ad52f47d72db5c474f2c6c5.jpg,,6,0,advanced,advanced,0.9495,0.00116,0.01194,0.03735,0.94955
crops/404_1.jpg,404,404_jpg.rf.746473fc7ad52f47d72db5c474f2c6c5.jpg,,3,0,moderate,moderate,0.6397,0.00391,0.05663,0.63972,0.29974
crops/404_2.jpg,404,404_jpg.rf.746473fc7ad52f47d72db5c474f2c6c5.jpg,,5,0,advanced,mild,0.4564,0.21815,0.45636,0.21089,0.1146
crops/404_3.jpg,404,404_jpg.rf.746473fc7ad52f47d72db5c474f2c6c5.jpg,,3,0,moderate,advanced,0.4416,0.02721,0.13359,0.39758,0.44162
crops/404_4.jpg,404,404_jpg.rf.746473fc7ad52f47d72db5c474f2c6c5.jpg,,6,0,advanced,advanced,0.9546,0.00298,0.02726,0.01513,0.95463
crops/404_5.jpg,404,404_jpg.rf.746473fc7ad52f47d72db5c474f2c6c5.jpg,,5,0,advanced,advanced,0.4189,0.01809,0.4047,0.15829,0.41892
crops/404_6.jpg,404,404_jpg.rf.746473fc7ad52f47d72db5c474f2c6c5.jpg,,3,0,moderate,mild,0.596,0.14349,0.59602,0.11258,0.14791
crops/404_7.jpg,404,404_jpg.rf.746473fc7ad52f47d72db5c474f2c6c5.jpg,,0,0,no_caries,no_caries,0.6804,0.6804,0.17998,0.10106,0.03856
crops/404_8.jpg,404,404_jpg.rf.746473fc7ad52f47d72db5c474f2c6c5.jpg,,0,0,no_caries,moderate,0.4876,0.24612,0.23273,0.48764,0.03351
crops/404_9.jpg,404,404_jpg.rf.746473fc7ad52f47d72db5c474f2c6c5.jpg,,0,0,no_caries,no_caries,0.4001,0.40014,0.3792,0.13631,0.08435
crops/404_10.jpg,404,404_jpg.rf.746473fc7ad52f47d72db5c474f2c6c5.jpg,,0,0,no_caries,no_caries,0.6114,0.61144,0.33901,0.03437,0.01519
crops/404_11.jpg,404,404_jpg.rf.746473fc7ad52f47d72db5c474f2c6c5.jpg,,3,0,moderate,mild,0.5291,0.165,0.52911,0.28663,0.01926
crops/404_12.jpg,404,404_jpg.rf.746473fc7ad52f47d72db5c474f2c6c5.jpg,,3,0,moderate,no_caries,0.4499,0.44991,0.31193,0.21606,0.0221
crops/437_0.jpg,437,437_jpg.rf.ba49cb3f03103a00e5ac202c2a95c233.jpg,,5,0,advanced,advanced,0.4339,0.06585,0.40101,0.09927,0.43387
crops/437_1.jpg,437,437_jpg.rf.ba49cb3f03103a00e5ac202c2a95c233.jpg,,5,0,advanced,advanced,0.909,0.02897,0.0337,0.02837,0.90896
crops/437_2.jpg,437,437_jpg.rf.ba49cb3f03103a00e5ac202c2a95c233.jpg,,5,0,advanced,advanced,0.9698,0.00407,0.00968,0.01646,0.96979
crops/437_3.jpg,437,437_jpg.rf.ba49cb3f03103a00e5ac202c2a95c233.jpg,,5,0,advanced,moderate,0.3385,0.14118,0.2741,0.33851,0.24621
crops/437_4.jpg,437,437_jpg.rf.ba49cb3f03103a00e5ac202c2a95c233.jpg,,0,0,no_caries,no_caries,0.5363,0.53627,0.33889,0.09522,0.02962
crops/437_5.jpg,437,437_jpg.rf.ba49cb3f03103a00e5ac202c2a95c233.jpg,,0,0,no_caries,no_caries,0.3853,0.38527,0.19881,0.2895,0.12642
crops/437_6.jpg,437,437_jpg.rf.ba49cb3f03103a00e5ac202c2a95c233.jpg,,0,0,no_caries,no_caries,0.7884,0.78841,0.07409,0.11007,0.02743
crops/437_7.jpg,437,437_jpg.rf.ba49cb3f03103a00e5ac202c2a95c233.jpg,,0,0,no_caries,no_caries,0.8027,0.8027,0.07864,0.09736,0.0213
crops/437_8.jpg,437,437_jpg.rf.ba49cb3f03103a00e5ac202c2a95c233.jpg,,0,0,no_caries,no_caries,0.8553,0.85532,0.05789,0.06908,0.01771
crops/437_9.jpg,437,437_jpg.rf.ba49cb3f03103a00e5ac202c2a95c233.jpg,,0,0,no_caries,no_caries,0.7288,0.72882,0.07193,0.14228,0.05697
crops/452_0.jpg,452,452_jpg.rf.95ece85baa35089349895de3f21fb17f.jpg,,3,0,moderate,moderate,0.9805,0.0003,0.01318,0.98053,0.00598
crops/452_1.jpg,452,452_jpg.rf.95ece85baa35089349895de3f21fb17f.jpg,,0,0,no_caries,no_caries,0.4443,0.44426,0.39317,0.1261,0.03647
crops/452_2.jpg,452,452_jpg.rf.95ece85baa35089349895de3f21fb17f.jpg,,2,0,mild,moderate,0.3507,0.21401,0.32237,0.35068,0.11293
crops/452_3.jpg,452,452_jpg.rf.95ece85baa35089349895de3f21fb17f.jpg,,0,0,no_caries,no_caries,0.7208,0.7208,0.13296,0.10916,0.03709
crops/452_4.jpg,452,452_jpg.rf.95ece85baa35089349895de3f21fb17f.jpg,,0,0,no_caries,no_caries,0.6647,0.66471,0.05675,0.25396,0.02458
crops/499_0.jpg,499,499_jpg.rf.393a39eb5169425da9b34de9247788cb.jpg,,2,0,mild,no_caries,0.6223,0.62226,0.18606,0.16139,0.03028
crops/499_1.jpg,499,499_jpg.rf.393a39eb5169425da9b34de9247788cb.jpg,,2,0,mild,moderate,0.4248,0.09593,0.32597,0.42482,0.15328
crops/499_2.jpg,499,499_jpg.rf.393a39eb5169425da9b34de9247788cb.jpg,,5,0,advanced,moderate,0.5298,0.00809,0.12267,0.52978,0.33946
crops/499_3.jpg,499,499_jpg.rf.393a39eb5169425da9b34de9247788cb.jpg,,5,0,advanced,moderate,0.5523,0.01796,0.13933,0.55231,0.29039
crops/499_4.jpg,499,499_jpg.rf.393a39eb5169425da9b34de9247788cb.jpg,,5,0,advanced,advanced,0.3953,0.0407,0.22276,0.34123,0.39531
crops/499_5.jpg,499,499_jpg.rf.393a39eb5169425da9b34de9247788cb.jpg,,6,0,advanced,advanced,0.9946,0.00018,0.00338,0.00185,0.99459
crops/499_6.jpg,499,499_jpg.rf.393a39eb5169425da9b34de9247788cb.jpg,,5,0,advanced,advanced,0.985,0.00204,0.00559,0.00733,0.98503
crops/499_7.jpg,499,499_jpg.rf.393a39eb5169425da9b34de9247788cb.jpg,,0,0,no_caries,no_caries,0.7464,0.74642,0.09534,0.14492,0.01332
crops/499_8.jpg,499,499_jpg.rf.393a39eb5169425da9b34de9247788cb.jpg,,0,0,no_caries,no_caries,0.7617,0.76172,0.16781,0.04385,0.02663
crops/499_9.jpg,499,499_jpg.rf.393a39eb5169425da9b34de9247788cb.jpg,,0,0,no_caries,no_caries,0.7413,0.74132,0.18292,0.05766,0.0181
crops/499_10.jpg,499,499_jpg.rf.393a39eb5169425da9b34de9247788cb.jpg,,3,0,moderate,no_caries,0.7365,0.73648,0.13371,0.10598,0.02384
crops/499_11.jpg,499,499_jpg.rf.393a39eb5169425da9b34de9247788cb.jpg,,0,0,no_caries,no_caries,0.5435,0.54353,0.21289,0.18542,0.05816
crops/499_12.jpg,499,499_jpg.rf.393a39eb5169425da9b34de9247788cb.jpg,,0,0,no_caries,no_caries,0.657,0.65701,0.11348,0.18637,0.04314
crops/512_0.jpg,512,512_jpg.rf.3611b45ae6a32edc313eb25da2bf8cb4.jpg,,5,0,advanced,mild,0.6777,0.01146,0.67765,0.22596,0.08493
crops/512_1.jpg,512,512_jpg.rf.3611b45ae6a32edc313eb25da2bf8cb4.jpg,,4,0,moderate,mild,0.4283,0.00374,0.42829,0.1584,0.40957
crops/512_2.jpg,512,512_jpg.rf.3611b45ae6a32edc313eb25da2bf8cb4.jpg,,4,0,moderate,advanced,0.4902,0.02924,0.33847,0.14205,0.49023
crops/512_3.jpg,512,512_jpg.rf.3611b45ae6a32edc313eb25da2bf8cb4.jpg,,4,0,moderate,mild,0.4581,0.01428,0.45808,0.35991,0.16773
crops/537_0.jpg,537,537_jpg.rf.ed307f1128f5b7e286522a2b440c2e24.jpg,,4,0,moderate,advanced,0.941,0.00237,0.01384,0.04276,0.94103
crops/541_0.jpg,541,541_jpg.rf.c3ddf94bf9f4c3115f2166c3fd807868.jpg,,0,0,no_caries,no_caries,0.4193,0.41928,0.4121,0.11543,0.05318
crops/541_1.jpg,541,541_jpg.rf.c3ddf94bf9f4c3115f2166c3fd807868.jpg,,0,0,no_caries,no_caries,0.7122,0.71217,0.22107,0.04577,0.02099
crops/541_2.jpg,541,541_jpg.rf.c3ddf94bf9f4c3115f2166c3fd807868.jpg,,0,0,no_caries,no_caries,0.6123,0.61227,0.21434,0.15006,0.02333
crops/541_3.jpg,541,541_jpg.rf.c3ddf94bf9f4c3115f2166c3fd807868.jpg,,0,0,no_caries,no_caries,0.7653,0.76529,0.1383,0.07066,0.02575
crops/541_4.jpg,541,541_jpg.rf.c3ddf94bf9f4c3115f2166c3fd807868.jpg,,0,0,no_caries,no_caries,0.7733,0.77326,0.15307,0.04628,0.02739
crops/541_5.jpg,541,541_jpg.rf.c3ddf94bf9f4c3115f2166c3fd807868.jpg,,0,0,no_caries,no_caries,0.7188,0.71883,0.18288,0.06719,0.0311
crops/541_6.jpg,541,541_jpg.rf.c3ddf94bf9f4c3115f2166c3fd807868.jpg,,0,0,no_caries,no_caries,0.6433,0.64332,0.27879,0.04815,0.02974
crops/541_7.jpg,541,541_jpg.rf.c3ddf94bf9f4c3115f2166c3fd807868.jpg,,0,0,no_caries,no_caries,0.7625,0.76248,0.13848,0.06518,0.03385
crops/541_8.jpg,541,541_jpg.rf.c3ddf94bf9f4c3115f2166c3fd807868.jpg,,0,0,no_caries,no_caries,0.7962,0.79616,0.12095,0.0592,0.0237
crops/541_9.jpg,541,541_jpg.rf.c3ddf94bf9f4c3115f2166c3fd807868.jpg,,0,0,no_caries,no_caries,0.7739,0.77388,0.13426,0.06474,0.02712
crops/541_10.jpg,541,541_jpg.rf.c3ddf94bf9f4c3115f2166c3fd807868.jpg,,0,0,no_caries,no_caries,0.5963,0.59626,0.23495,0.15234,0.01645
crops/541_11.jpg,541,541_jpg.rf.c3ddf94bf9f4c3115f2166c3fd807868.jpg,,0,0,no_caries,no_caries,0.7615,0.76151,0.16434,0.0558,0.01835
crops/541_12.jpg,541,541_jpg.rf.c3ddf94bf9f4c3115f2166c3fd807868.jpg,,0,0,no_caries,no_caries,0.6991,0.69912,0.22038,0.06723,0.01327
crops/541_13.jpg,541,541_jpg.rf.c3ddf94bf9f4c3115f2166c3fd807868.jpg,,3,0,moderate,mild,0.4745,0.18796,0.47453,0.30894,0.02858
crops/549_0.jpg,549,549_jpg.rf.3327794c5fa97896a1153a26abd4433a.jpg,,2,0,mild,mild,0.554,0.13378,0.55404,0.21658,0.09561
crops/549_1.jpg,549,549_jpg.rf.3327794c5fa97896a1153a26abd4433a.jpg,,0,0,no_caries,advanced,0.5438,0.16049,0.11246,0.18327,0.54378
crops/549_2.jpg,549,549_jpg.rf.3327794c5fa97896a1153a26abd4433a.jpg,,0,0,no_caries,no_caries,0.6059,0.60592,0.26844,0.09335,0.03229
crops/549_3.jpg,549,549_jpg.rf.3327794c5fa97896a1153a26abd4433a.jpg,,0,0,no_caries,no_caries,0.7518,0.75183,0.13824,0.08561,0.02432
crops/549_4.jpg,549,549_jpg.rf.3327794c5fa97896a1153a26abd4433a.jpg,,0,0,no_caries,no_caries,0.7069,0.70692,0.18407,0.08486,0.02415
crops/549_5.jpg,549,549_jpg.rf.3327794c5fa97896a1153a26abd4433a.jpg,,0,0,no_caries,no_caries,0.7285,0.72847,0.17889,0.08153,0.01111
crops/549_6.jpg,549,549_jpg.rf.3327794c5fa97896a1153a26abd4433a.jpg,,0,0,no_caries,no_caries,0.7703,0.77034,0.10405,0.10905,0.01656
crops/549_7.jpg,549,549_jpg.rf.3327794c5fa97896a1153a26abd4433a.jpg,,0,0,no_caries,no_caries,0.7422,0.74219,0.13704,0.10356,0.0172
crops/549_8.jpg,549,549_jpg.rf.3327794c5fa97896a1153a26abd4433a.jpg,,0,0,no_caries,no_caries,0.6706,0.67059,0.14407,0.13512,0.05022
crops/549_9.jpg,549,549_jpg.rf.3327794c5fa97896a1153a26abd4433a.jpg,,0,0,no_caries,no_caries,0.6807,0.68075,0.16359,0.13026,0.02541
crops/549_10.jpg,549,549_jpg.rf.3327794c5fa97896a1153a26abd4433a.jpg,,3,0,moderate,no_caries,0.7352,0.7352,0.0972,0.14744,0.02016
crops/549_11.jpg,549,549_jpg.rf.3327794c5fa97896a1153a26abd4433a.jpg,,3,0,moderate,no_caries,0.6842,0.68425,0.0669,0.22132,0.02753
crops/549_12.jpg,549,549_jpg.rf.3327794c5fa97896a1153a26abd4433a.jpg,,3,0,moderate,no_caries,0.553,0.553,0.06657,0.34457,0.03586
crops/590_0.jpg,590,590_jpg.rf.b4ae3fb5be6e5aec7fa86b4025e2cd8d.jpg,,0,0,no_caries,no_caries,0.4832,0.48324,0.30857,0.16208,0.04611
crops/590_1.jpg,590,590_jpg.rf.b4ae3fb5be6e5aec7fa86b4025e2cd8d.jpg,,0,0,no_caries,no_caries,0.5283,0.52832,0.16992,0.23255,0.06921
crops/590_2.jpg,590,590_jpg.rf.b4ae3fb5be6e5aec7fa86b4025e2cd8d.jpg,,2,0,mild,no_caries,0.3382,0.33822,0.33043,0.2392,0.09214
crops/590_3.jpg,590,590_jpg.rf.b4ae3fb5be6e5aec7fa86b4025e2cd8d.jpg,,3,0,moderate,moderate,0.8471,0.01126,0.11312,0.84708,0.02854
crops/590_4.jpg,590,590_jpg.rf.b4ae3fb5be6e5aec7fa86b4025e2cd8d.jpg,,5,0,advanced,mild,0.5372,0.02901,0.53723,0.38912,0.04465
crops/590_5.jpg,590,590_jpg.rf.b4ae3fb5be6e5aec7fa86b4025e2cd8d.jpg,,3,0,moderate,mild,0.7254,0.08789,0.72535,0.16614,0.02062
crops/590_6.jpg,590,590_jpg.rf.b4ae3fb5be6e5aec7fa86b4025e2cd8d.jpg,,2,0,mild,no_caries,0.5042,0.50423,0.18698,0.25942,0.04936
crops/590_7.jpg,590,590_jpg.rf.b4ae3fb5be6e5aec7fa86b4025e2cd8d.jpg,,3,0,moderate,moderate,0.9738,0.00165,0.01633,0.97383,0.0082
crops/590_8.jpg,590,590_jpg.rf.b4ae3fb5be6e5aec7fa86b4025e2cd8d.jpg,,2,0,mild,moderate,0.5422,0.04698,0.2698,0.54223,0.141
crops/590_9.jpg,590,590_jpg.rf.b4ae3fb5be6e5aec7fa86b4025e2cd8d.jpg,,2,0,mild,mild,0.5218,0.35823,0.52179,0.08046,0.03952
crops/590_10.jpg,590,590_jpg.rf.b4ae3fb5be6e5aec7fa86b4025e2cd8d.jpg,,3,0,moderate,mild,0.4223,0.21774,0.42227,0.18701,0.17298
crops/590_11.jpg,590,590_jpg.rf.b4ae3fb5be6e5aec7fa86b4025e2cd8d.jpg,,1,0,mild,mild,0.461,0.25121,0.461,0.22355,0.06424
crops/590_12.jpg,590,590_jpg.rf.b4ae3fb5be6e5aec7fa86b4025e2cd8d.jpg,,0,0,no_caries,mild,0.4147,0.32399,0.41474,0.14661,0.11466
crops/593_0.jpg,593,593_jpg.rf.c2a522c6cfaa3eba94c081ea5df42fa0.jpg,,1,0,mild,mild,0.429,0.40085,0.42902,0.1251,0.04502
crops/593_1.jpg,593,593_jpg.rf.c2a522c6cfaa3eba94c081ea5df42fa0.jpg,,1,0,mild,no_caries,0.47,0.47002,0.32458,0.14388,0.06152
crops/593_2.jpg,593,593_jpg.rf.c2a522c6cfaa3eba94c081ea5df42fa0.jpg,,1,0,mild,mild,0.4397,0.34167,0.43966,0.17476,0.04391
crops/593_3.jpg,593,593_jpg.rf.c2a522c6cfaa3eba94c081ea5df42fa0.jpg,,1,0,mild,mild,0.6821,0.2188,0.68206,0.05889,0.04026
crops/593_4.jpg,593,593_jpg.rf.c2a522c6cfaa3eba94c081ea5df42fa0.jpg,,2,0,mild,mild,0.6359,0.12937,0.63587,0.06921,0.16555
crops/593_5.jpg,593,593_jpg.rf.c2a522c6cfaa3eba94c081ea5df42fa0.jpg,,2,0,mild,moderate,0.3795,0.01362,0.25681,0.37954,0.35004
crops/593_6.jpg,593,593_jpg.rf.c2a522c6cfaa3eba94c081ea5df42fa0.jpg,,1,0,mild,mild,0.5167,0.36236,0.51668,0.07926,0.0417
crops/593_7.jpg,593,593_jpg.rf.c2a522c6cfaa3eba94c081ea5df42fa0.jpg,,1,0,mild,mild,0.4738,0.40635,0.4738,0.09718,0.02266
crops/593_8.jpg,593,593_jpg.rf.c2a522c6cfaa3eba94c081ea5df42fa0.jpg,,1,0,mild,mild,0.5007,0.31334,0.50071,0.14868,0.03727
crops/593_9.jpg,593,593_jpg.rf.c2a522c6cfaa3eba94c081ea5df42fa0.jpg,,1,0,mild,no_caries,0.4776,0.47758,0.44969,0.04625,0.02649
crops/593_10.jpg,593,593_jpg.rf.c2a522c6cfaa3eba94c081ea5df42fa0.jpg,,1,0,mild,no_caries,0.6964,0.69636,0.18659,0.10018,0.01688
crops/593_11.jpg,593,593_jpg.rf.c2a522c6cfaa3eba94c081ea5df42fa0.jpg,,1,0,mild,mild,0.4252,0.39001,0.42518,0.15521,0.0296
crops/593_12.jpg,593,593_jpg.rf.c2a522c6cfaa3eba94c081ea5df42fa0.jpg,,1,0,mild,mild,0.4874,0.38501,0.48736,0.0825,0.04513
crops/601_0.jpg,601,601_jpg.rf.fd2d69d3c7f0304c646b8a6971f6ccb5.jpg,,6,0,advanced,advanced,0.851,0.00723,0.11476,0.02703,0.85098
crops/601_1.jpg,601,601_jpg.rf.fd2d69d3c7f0304c646b8a6971f6ccb5.jpg,,0,0,no_caries,mild,0.4591,0.14461,0.45914,0.15505,0.2412
crops/601_2.jpg,601,601_jpg.rf.fd2d69d3c7f0304c646b8a6971f6ccb5.jpg,,0,0,no_caries,no_caries,0.5451,0.54514,0.25589,0.09815,0.10083
crops/601_3.jpg,601,601_jpg.rf.fd2d69d3c7f0304c646b8a6971f6ccb5.jpg,,0,0,no_caries,mild,0.7597,0.0397,0.75973,0.05347,0.14711
crops/601_4.jpg,601,601_jpg.rf.fd2d69d3c7f0304c646b8a6971f6ccb5.jpg,,5,0,advanced,no_caries,0.4302,0.43021,0.3523,0.04642,0.17106
crops/601_5.jpg,601,601_jpg.rf.fd2d69d3c7f0304c646b8a6971f6ccb5.jpg,,5,0,advanced,no_caries,0.5444,0.54437,0.27022,0.08868,0.09674
crops/601_6.jpg,601,601_jpg.rf.fd2d69d3c7f0304c646b8a6971f6ccb5.jpg,,5,0,advanced,mild,0.5054,0.3111,0.5054,0.08974,0.09375
crops/601_7.jpg,601,601_jpg.rf.fd2d69d3c7f0304c646b8a6971f6ccb5.jpg,,5,0,advanced,mild,0.4895,0.19311,0.4895,0.11722,0.20017
crops/601_8.jpg,601,601_jpg.rf.fd2d69d3c7f0304c646b8a6971f6ccb5.jpg,,2,0,mild,mild,0.3471,0.29477,0.34713,0.20975,0.14836
crops/601_9.jpg,601,601_jpg.rf.fd2d69d3c7f0304c646b8a6971f6ccb5.jpg,,5,0,advanced,mild,0.5181,0.16282,0.51808,0.14768,0.17143
crops/601_10.jpg,601,601_jpg.rf.fd2d69d3c7f0304c646b8a6971f6ccb5.jpg,,5,0,advanced,mild,0.5304,0.15509,0.53037,0.06894,0.2456
crops/601_11.jpg,601,601_jpg.rf.fd2d69d3c7f0304c646b8a6971f6ccb5.jpg,,5,0,advanced,mild,0.6464,0.16694,0.6464,0.08517,0.10149
crops/601_12.jpg,601,601_jpg.rf.fd2d69d3c7f0304c646b8a6971f6ccb5.jpg,,5,0,advanced,no_caries,0.5811,0.58112,0.21747,0.12149,0.07992
crops/601_13.jpg,601,601_jpg.rf.fd2d69d3c7f0304c646b8a6971f6ccb5.jpg,,0,0,no_caries,no_caries,0.4827,0.48274,0.39542,0.08449,0.03735
crops/601_14.jpg,601,601_jpg.rf.fd2d69d3c7f0304c646b8a6971f6ccb5.jpg,,0,0,no_caries,mild,0.5617,0.24863,0.56171,0.1131,0.07656
crops/601_15.jpg,601,601_jpg.rf.fd2d69d3c7f0304c646b8a6971f6ccb5.jpg,,0,0,no_caries,mild,0.5565,0.26003,0.55651,0.12286,0.06061
crops/601_16.jpg,601,601_jpg.rf.fd2d69d3c7f0304c646b8a6971f6ccb5.jpg,,5,0,advanced,no_caries,0.3922,0.39218,0.24411,0.2525,0.11121
crops/605_0.jpg,605,605_jpg.rf.2b40458effbb8e9f0ee495dcf08d0134.jpg,,1,0,mild,mild,0.4396,0.15553,0.43964,0.23902,0.16581
crops/605_1.jpg,605,605_jpg.rf.2b40458effbb8e9f0ee495dcf08d0134.jpg,,4,0,moderate,advanced,0.9737,0.0038,0.00756,0.01499,0.97366
crops/605_2.jpg,605,605_jpg.rf.2b40458effbb8e9f0ee495dcf08d0134.jpg,,4,0,moderate,mild,0.4366,0.24735,0.43661,0.25896,0.05708
crops/605_3.jpg,605,605_jpg.rf.2b40458effbb8e9f0ee495dcf08d0134.jpg,,3,0,moderate,moderate,0.499,0.0518,0.3136,0.49896,0.13564
crops/605_4.jpg,605,605_jpg.rf.2b40458effbb8e9f0ee495dcf08d0134.jpg,,1,0,mild,mild,0.5449,0.30299,0.54489,0.13242,0.0197
crops/605_5.jpg,605,605_jpg.rf.2b40458effbb8e9f0ee495dcf08d0134.jpg,,4,0,moderate,advanced,0.9802,0.00146,0.00815,0.01021,0.98019
crops/605_6.jpg,605,605_jpg.rf.2b40458effbb8e9f0ee495dcf08d0134.jpg,,4,0,moderate,advanced,0.9708,0.00172,0.00485,0.02266,0.97078
crops/605_7.jpg,605,605_jpg.rf.2b40458effbb8e9f0ee495dcf08d0134.jpg,,0,0,no_caries,no_caries,0.6063,0.60628,0.1949,0.16466,0.03415
crops/605_8.jpg,605,605_jpg.rf.2b40458effbb8e9f0ee495dcf08d0134.jpg,,0,0,no_caries,no_caries,0.5521,0.55211,0.13731,0.27795,0.03262
crops/605_9.jpg,605,605_jpg.rf.2b40458effbb8e9f0ee495dcf08d0134.jpg,,0,0,no_caries,no_caries,0.7322,0.7322,0.12176,0.12457,0.02147
crops/605_10.jpg,605,605_jpg.rf.2b40458effbb8e9f0ee495dcf08d0134.jpg,,0,0,no_caries,no_caries,0.5434,0.54339,0.31699,0.11805,0.02157
crops/605_11.jpg,605,605_jpg.rf.2b40458effbb8e9f0ee495dcf08d0134.jpg,,0,0,no_caries,no_caries,0.5483,0.5483,0.34089,0.08229,0.02852
crops/605_12.jpg,605,605_jpg.rf.2b40458effbb8e9f0ee495dcf08d0134.jpg,,0,0,no_caries,no_caries,0.786,0.78604,0.11748,0.07913,0.01735
crops/605_13.jpg,605,605_jpg.rf.2b40458effbb8e9f0ee495dcf08d0134.jpg,,0,0,no_caries,no_caries,0.8982,0.89818,0.05025,0.03587,0.0157
crops/605_14.jpg,605,605_jpg.rf.2b40458effbb8e9f0ee495dcf08d0134.jpg,,0,0,no_caries,no_caries,0.5851,0.5851,0.2781,0.0942,0.0426
crops/779_0.jpg,779,779_jpg.rf.7c8ec7502ae3343dc876c831ab4873b2.jpg,,3,0,moderate,mild,0.5034,0.08444,0.50342,0.37142,0.04072
crops/779_1.jpg,779,779_jpg.rf.7c8ec7502ae3343dc876c831ab4873b2.jpg,,5,0,advanced,advanced,0.8696,0.01347,0.03954,0.07741,0.86958
crops/779_2.jpg,779,779_jpg.rf.7c8ec7502ae3343dc876c831ab4873b2.jpg,,6,0,advanced,advanced,0.9916,0.00062,0.00369,0.0041,0.99159
crops/779_3.jpg,779,779_jpg.rf.7c8ec7502ae3343dc876c831ab4873b2.jpg,,0,0,no_caries,no_caries,0.6663,0.6663,0.16609,0.10931,0.0583
crops/779_4.jpg,779,779_jpg.rf.7c8ec7502ae3343dc876c831ab4873b2.jpg,,1,0,mild,no_caries,0.6727,0.67266,0.15737,0.13789,0.03208
crops/790_0.jpg,790,790_jpg.rf.18d396b1cea3077d08934977a12b06ea.jpg,,0,0,no_caries,mild,0.6906,0.24243,0.69061,0.04925,0.0177
crops/790_1.jpg,790,790_jpg.rf.18d396b1cea3077d08934977a12b06ea.jpg,,0,0,no_caries,no_caries,0.5279,0.52788,0.31039,0.12659,0.03514
crops/790_2.jpg,790,790_jpg.rf.18d396b1cea3077d08934977a12b06ea.jpg,,0,0,no_caries,no_caries,0.705,0.70499,0.16171,0.09602,0.03727
crops/790_3.jpg,790,790_jpg.rf.18d396b1cea3077d08934977a12b06ea.jpg,,0,0,no_caries,no_caries,0.4513,0.45129,0.27117,0.24835,0.02919
crops/790_4.jpg,790,790_jpg.rf.18d396b1cea3077d08934977a12b06ea.jpg,,0,0,no_caries,no_caries,0.4775,0.47747,0.37271,0.1169,0.03293
crops/790_5.jpg,790,790_jpg.rf.18d396b1cea3077d08934977a12b06ea.jpg,,0,0,no_caries,no_caries,0.427,0.42699,0.37981,0.12041,0.07279
crops/790_6.jpg,790,790_jpg.rf.18d396b1cea3077d08934977a12b06ea.jpg,,0,0,no_caries,no_caries,0.602,0.60203,0.24752,0.13144,0.01901
crops/790_8.jpg,790,790_jpg.rf.18d396b1cea3077d08934977a12b06ea.jpg,,0,0,no_caries,no_caries,0.6041,0.60407,0.13143,0.19603,0.06847
crops/790_9.jpg,790,790_jpg.rf.18d396b1cea3077d08934977a12b06ea.jpg,,0,0,no_caries,no_caries,0.7383,0.73829,0.16379,0.08178,0.01615
crops/790_10.jpg,790,790_jpg.rf.18d396b1cea3077d08934977a12b06ea.jpg,,0,0,no_caries,no_caries,0.486,0.48599,0.39893,0.09098,0.02409
crops/790_11.jpg,790,790_jpg.rf.18d396b1cea3077d08934977a12b06ea.jpg,,0,0,no_caries,mild,0.4145,0.41127,0.41446,0.14928,0.025
crops/790_12.jpg,790,790_jpg.rf.18d396b1cea3077d08934977a12b06ea.jpg,,0,0,no_caries,no_caries,0.4563,0.4563,0.39092,0.12089,0.03189
crops/790_13.jpg,790,790_jpg.rf.18d396b1cea3077d08934977a12b06ea.jpg,,4,0,moderate,advanced,0.6416,0.01063,0.07924,0.2685,0.64163
crops/790_14.jpg,790,790_jpg.rf.18d396b1cea3077d08934977a12b06ea.jpg,,4,0,moderate,mild,0.5162,0.37981,0.51617,0.07222,0.0318
crops/791_0.jpg,791,791_jpg.rf.46bae07392c01cb076210800bc4f8b83.jpg,,3,0,moderate,moderate,0.726,0.00816,0.06432,0.72603,0.20148
crops/791_1.jpg,791,791_jpg.rf.46bae07392c01cb076210800bc4f8b83.jpg,,3,0,moderate,moderate,0.3938,0.23561,0.26855,0.39383,0.10201
crops/791_2.jpg,791,791_jpg.rf.46bae07392c01cb076210800bc4f8b83.jpg,,4,0,moderate,mild,0.3576,0.10231,0.35759,0.23429,0.30582
crops/791_3.jpg,791,791_jpg.rf.46bae07392c01cb076210800bc4f8b83.jpg,,4,0,moderate,advanced,0.4951,0.03804,0.16724,0.29958,0.49513
crops/791_4.jpg,791,791_jpg.rf.46bae07392c01cb076210800bc4f8b83.jpg,,4,0,moderate,mild,0.4196,0.22247,0.41956,0.21098,0.147
crops/791_5.jpg,791,791_jpg.rf.46bae07392c01cb076210800bc4f8b83.jpg,,3,0,moderate,moderate,0.4027,0.15956,0.24911,0.40272,0.18861
crops/791_6.jpg,791,791_jpg.rf.46bae07392c01cb076210800bc4f8b83.jpg,,0,0,no_caries,mild,0.4884,0.2805,0.48839,0.11712,0.11399
crops/791_7.jpg,791,791_jpg.rf.46bae07392c01cb076210800bc4f8b83.jpg,,2,0,mild,mild,0.4326,0.01483,0.43257,0.36284,0.18977
crops/791_8.jpg,791,791_jpg.rf.46bae07392c01cb076210800bc4f8b83.jpg,,0,0,no_caries,no_caries,0.4933,0.49334,0.34231,0.13996,0.02439
crops/791_9.jpg,791,791_jpg.rf.46bae07392c01cb076210800bc4f8b83.jpg,,1,0,mild,no_caries,0.4649,0.46494,0.31914,0.19871,0.0172
crops/791_10.jpg,791,791_jpg.rf.46bae07392c01cb076210800bc4f8b83.jpg,,1,0,mild,no_caries,0.6238,0.62382,0.18214,0.16709,0.02696
crops/791_11.jpg,791,791_jpg.rf.46bae07392c01cb076210800bc4f8b83.jpg,,1,0,mild,no_caries,0.6871,0.68709,0.13522,0.15587,0.02183
crops/791_12.jpg,791,791_jpg.rf.46bae07392c01cb076210800bc4f8b83.jpg,,0,0,no_caries,no_caries,0.7569,0.75694,0.12846,0.09002,0.02459
crops/791_13.jpg,791,791_jpg.rf.46bae07392c01cb076210800bc4f8b83.jpg,,0,0,no_caries,no_caries,0.5063,0.50634,0.28882,0.15507,0.04978
crops/807_0.jpg,807,807_jpg.rf.55eca21b988655d8e7f525e7eb193ef3.jpg,,2,0,mild,mild,0.7291,0.15671,0.72912,0.08926,0.02491
crops/807_1.jpg,807,807_jpg.rf.55eca21b988655d8e7f525e7eb193ef3.jpg,,5,0,advanced,advanced,0.8467,0.00728,0.09064,0.05542,0.84666
crops/807_2.jpg,807,807_jpg.rf.55eca21b988655d8e7f525e7eb193ef3.jpg,,5,0,advanced,advanced,0.6718,0.01777,0.24093,0.06953,0.67177
crops/807_3.jpg,807,807_jpg.rf.55eca21b988655d8e7f525e7eb193ef3.jpg,,0,0,no_caries,mild,0.484,0.33835,0.48401,0.13207,0.04557
crops/807_4.jpg,807,807_jpg.rf.55eca21b988655d8e7f525e7eb193ef3.jpg,,4,0,moderate,no_caries,0.3532,0.35319,0.31713,0.28637,0.04331
crops/823_0.jpg,823,823_jpg.rf.4e21938deac13f953b12c349c189d9a4.jpg,,5,0,advanced,advanced,0.9787,0.00591,0.01023,0.00521,0.97865
crops/823_1.jpg,823,823_jpg.rf.4e21938deac13f953b12c349c189d9a4.jpg,,0,0,no_caries,no_caries,0.7096,0.70958,0.12937,0.12574,0.03531
crops/823_2.jpg,823,823_jpg.rf.4e21938deac13f953b12c349c189d9a4.jpg,,0,0,no_caries,no_caries,0.5295,0.52949,0.29714,0.13065,0.04272
crops/823_3.jpg,823,823_jpg.rf.4e21938deac13f953b12c349c189d9a4.jpg,,0,0,no_caries,no_caries,0.706,0.70597,0.18457,0.08726,0.02219
crops/823_4.jpg,823,823_jpg.rf.4e21938deac13f953b12c349c189d9a4.jpg,,0,0,no_caries,no_caries,0.7174,0.71739,0.19991,0.05298,0.02971
crops/823_5.jpg,823,823_jpg.rf.4e21938deac13f953b12c349c189d9a4.jpg,,0,0,no_caries,no_caries,0.4121,0.41212,0.26566,0.19466,0.12756
crops/823_6.jpg,823,823_jpg.rf.4e21938deac13f953b12c349c189d9a4.jpg,,0,0,no_caries,no_caries,0.6989,0.69888,0.2379,0.04112,0.02211
crops/823_7.jpg,823,823_jpg.rf.4e21938deac13f953b12c349c189d9a4.jpg,,0,0,no_caries,no_caries,0.5782,0.57823,0.21096,0.16579,0.04501
crops/823_8.jpg,823,823_jpg.rf.4e21938deac13f953b12c349c189d9a4.jpg,,0,0,no_caries,moderate,0.3795,0.23503,0.28825,0.37946,0.09726
crops/823_9.jpg,823,823_jpg.rf.4e21938deac13f953b12c349c189d9a4.jpg,,0,0,no_caries,no_caries,0.6813,0.68131,0.22463,0.06847,0.02559
crops/823_10.jpg,823,823_jpg.rf.4e21938deac13f953b12c349c189d9a4.jpg,,6,0,advanced,advanced,0.9728,0.00643,0.01322,0.00753,0.97283
crops/823_11.jpg,823,823_jpg.rf.4e21938deac13f953b12c349c189d9a4.jpg,,6,0,advanced,advanced,0.9912,0.00097,0.00425,0.00357,0.99121
crops/823_12.jpg,823,823_jpg.rf.4e21938deac13f953b12c349c189d9a4.jpg,,0,0,no_caries,no_caries,0.7242,0.72423,0.13599,0.10089,0.03889
crops/836_0.jpg,836,836_jpg.rf.35d532918b76ab39b6d6621a99a8f6b0.jpg,,5,0,advanced,no_caries,0.4277,0.42766,0.35753,0.14298,0.07184
crops/836_1.jpg,836,836_jpg.rf.35d532918b76ab39b6d6621a99a8f6b0.jpg,,5,0,advanced,mild,0.4334,0.15425,0.43337,0.25229,0.16009
crops/836_2.jpg,836,836_jpg.rf.35d532918b76ab39b6d6621a99a8f6b0.jpg,,5,0,advanced,mild,0.4346,0.06339,0.43464,0.30595,0.19602
crops/836_3.jpg,836,836_jpg.rf.35d532918b76ab39b6d6621a99a8f6b0.jpg,,0,0,no_caries,mild,0.425,0.21316,0.42498,0.26338,0.09847
crops/836_4.jpg,836,836_jpg.rf.35d532918b76ab39b6d6621a99a8f6b0.jpg,,2,0,mild,advanced,0.4037,0.01682,0.22992,0.34955,0.40371
crops/836_5.jpg,836,836_jpg.rf.35d532918b76ab39b6d6621a99a8f6b0.jpg,,1,0,mild,moderate,0.4857,0.01259,0.20452,0.48572,0.29717
crops/836_6.jpg,836,836_jpg.rf.35d532918b76ab39b6d6621a99a8f6b0.jpg,,1,0,mild,advanced,0.663,0.01286,0.10969,0.21445,0.663
crops/836_7.jpg,836,836_jpg.rf.35d532918b76ab39b6d6621a99a8f6b0.jpg,,3,0,moderate,advanced,0.9202,0.00171,0.02477,0.05334,0.92018
crops/836_8.jpg,836,836_jpg.rf.35d532918b76ab39b6d6621a99a8f6b0.jpg,,6,0,advanced,advanced,0.9773,0.00066,0.00905,0.013,0.9773
crops/836_9.jpg,836,836_jpg.rf.35d532918b76ab39b6d6621a99a8f6b0.jpg,,5,0,advanced,advanced,0.8568,0.00432,0.05075,0.08816,0.85678
crops/836_10.jpg,836,836_jpg.rf.35d532918b76ab39b6d6621a99a8f6b0.jpg,,6,0,advanced,advanced,0.9821,0.00064,0.00578,0.01146,0.98212
crops/836_11.jpg,836,836_jpg.rf.35d532918b76ab39b6d6621a99a8f6b0.jpg,,5,0,advanced,mild,0.3711,0.12294,0.37108,0.17924,0.32674
crops/836_12.jpg,836,836_jpg.rf.35d532918b76ab39b6d6621a99a8f6b0.jpg,,0,0,no_caries,mild,0.3746,0.3121,0.37461,0.15171,0.16158
crops/836_13.jpg,836,836_jpg.rf.35d532918b76ab39b6d6621a99a8f6b0.jpg,,5,0,advanced,advanced,0.6726,0.02608,0.09311,0.20823,0.67258
crops/836_14.jpg,836,836_jpg.rf.35d532918b76ab39b6d6621a99a8f6b0.jpg,,3,0,moderate,moderate,0.6515,0.00526,0.06196,0.65148,0.28131
crops/836_15.jpg,836,836_jpg.rf.35d532918b76ab39b6d6621a99a8f6b0.jpg,,4,0,moderate,advanced,0.4475,0.01876,0.22884,0.30488,0.44751
crops/843_0.jpg,843,843_jpg.rf.3bc39b12bee88f46444acded02949e2c.jpg,,1,0,mild,no_caries,0.7243,0.72426,0.10586,0.15133,0.01855
crops/843_1.jpg,843,843_jpg.rf.3bc39b12bee88f46444acded02949e2c.jpg,,1,0,mild,no_caries,0.7321,0.73208,0.11593,0.13597,0.01602
crops/843_2.jpg,843,843_jpg.rf.3bc39b12bee88f46444acded02949e2c.jpg,,3,0,moderate,advanced,0.3223,0.07853,0.31913,0.28006,0.32228
crops/843_3.jpg,843,843_jpg.rf.3bc39b12bee88f46444acded02949e2c.jpg,,3,0,moderate,moderate,0.712,0.01522,0.08382,0.71199,0.18897
crops/843_4.jpg,843,843_jpg.rf.3bc39b12bee88f46444acded02949e2c.jpg,,3,0,moderate,advanced,0.5889,0.0053,0.04001,0.36575,0.58894
crops/843_5.jpg,843,843_jpg.rf.3bc39b12bee88f46444acded02949e2c.jpg,,1,0,mild,no_caries,0.7099,0.70989,0.19273,0.05527,0.04211
crops/843_6.jpg,843,843_jpg.rf.3bc39b12bee88f46444acded02949e2c.jpg,,0,0,no_caries,no_caries,0.4483,0.44828,0.39004,0.14679,0.0149
crops/843_7.jpg,843,843_jpg.rf.3bc39b12bee88f46444acded02949e2c.jpg,,1,0,mild,mild,0.4546,0.23551,0.45463,0.28894,0.02092
crops/843_8.jpg,843,843_jpg.rf.3bc39b12bee88f46444acded02949e2c.jpg,,1,0,mild,no_caries,0.7821,0.78214,0.15608,0.04414,0.01764
crops/843_9.jpg,843,843_jpg.rf.3bc39b12bee88f46444acded02949e2c.jpg,,0,0,no_caries,no_caries,0.8036,0.80364,0.13374,0.04701,0.01562
crops/843_10.jpg,843,843_jpg.rf.3bc39b12bee88f46444acded02949e2c.jpg,,3,0,moderate,advanced,0.8922,0.01282,0.02469,0.07029,0.8922
crops/843_11.jpg,843,843_jpg.rf.3bc39b12bee88f46444acded02949e2c.jpg,,3,0,moderate,moderate,0.7102,0.0362,0.21045,0.71024,0.04312
crops/843_12.jpg,843,843_jpg.rf.3bc39b12bee88f46444acded02949e2c.jpg,,2,0,mild,moderate,0.6353,0.09512,0.21591,0.6353,0.05367
crops/884_0.jpg,884,884_jpg.rf.97cfa7df8fc658919509e74afdfc2c8b.jpg,,5,0,advanced,moderate,0.6392,0.00417,0.02234,0.63918,0.33431
crops/884_1.jpg,884,884_jpg.rf.97cfa7df8fc658919509e74afdfc2c8b.jpg,,3,0,moderate,moderate,0.758,0.05723,0.15256,0.75799,0.03222
crops/884_2.jpg,884,884_jpg.rf.97cfa7df8fc658919509e74afdfc2c8b.jpg,,3,0,moderate,moderate,0.728,0.01079,0.07382,0.72796,0.18744
crops/884_3.jpg,884,884_jpg.rf.97cfa7df8fc658919509e74afdfc2c8b.jpg,,4,0,moderate,advanced,0.9161,0.00276,0.02659,0.05457,0.91608
crops/884_4.jpg,884,884_jpg.rf.97cfa7df8fc658919509e74afdfc2c8b.jpg,,3,0,moderate,advanced,0.6543,0.02236,0.17173,0.15159,0.65433
crops/884_5.jpg,884,884_jpg.rf.97cfa7df8fc658919509e74afdfc2c8b.jpg,,3,0,moderate,advanced,0.8332,0.00397,0.05156,0.11123,0.83323
crops/884_6.jpg,884,884_jpg.rf.97cfa7df8fc658919509e74afdfc2c8b.jpg,,3,0,moderate,mild,0.4725,0.02566,0.47253,0.24234,0.25947
crops/884_7.jpg,884,884_jpg.rf.97cfa7df8fc658919509e74afdfc2c8b.jpg,,2,0,mild,mild,0.5897,0.05534,0.58971,0.1907,0.16426
crops/884_8.jpg,884,884_jpg.rf.97cfa7df8fc658919509e74afdfc2c8b.jpg,,2,0,mild,mild,0.5219,0.0141,0.52193,0.42323,0.04074
crops/884_9.jpg,884,884_jpg.rf.97cfa7df8fc658919509e74afdfc2c8b.jpg,,2,0,mild,mild,0.6056,0.16677,0.60564,0.16962,0.05797
crops/884_10.jpg,884,884_jpg.rf.97cfa7df8fc658919509e74afdfc2c8b.jpg,,2,0,mild,mild,0.5857,0.13156,0.58567,0.20756,0.07521
crops/965_0.jpg,965,965_jpg.rf.b3f046529d625affd5f6ca1a068ff420.jpg,,0,0,no_caries,no_caries,0.4295,0.42954,0.34111,0.13144,0.09791
crops/965_1.jpg,965,965_jpg.rf.b3f046529d625affd5f6ca1a068ff420.jpg,,0,0,no_caries,moderate,0.3992,0.07714,0.37221,0.3992,0.15146
crops/965_2.jpg,965,965_jpg.rf.b3f046529d625affd5f6ca1a068ff420.jpg,,3,0,moderate,mild,0.4535,0.3234,0.45353,0.17664,0.04642
crops/965_3.jpg,965,965_jpg.rf.b3f046529d625affd5f6ca1a068ff420.jpg,,5,0,advanced,advanced,0.6701,0.00979,0.22322,0.09685,0.67014
crops/965_4.jpg,965,965_jpg.rf.b3f046529d625affd5f6ca1a068ff420.jpg,,0,0,no_caries,mild,0.4098,0.07931,0.40982,0.34061,0.17027
crops/965_5.jpg,965,965_jpg.rf.b3f046529d625affd5f6ca1a068ff420.jpg,,5,0,advanced,advanced,0.9759,0.00479,0.0116,0.0077,0.97592
crops/965_6.jpg,965,965_jpg.rf.b3f046529d625affd5f6ca1a068ff420.jpg,,5,0,advanced,advanced,0.9555,0.00828,0.01692,0.01934,0.95546
crops/965_7.jpg,965,965_jpg.rf.b3f046529d625affd5f6ca1a068ff420.jpg,,5,0,advanced,advanced,0.9602,0.00994,0.0164,0.0135,0.96016
crops/965_8.jpg,965,965_jpg.rf.b3f046529d625affd5f6ca1a068ff420.jpg,,5,0,advanced,advanced,0.9701,0.00779,0.01242,0.00969,0.9701
crops/965_9.jpg,965,965_jpg.rf.b3f046529d625affd5f6ca1a068ff420.jpg,,1,0,mild,mild,0.4222,0.22905,0.42223,0.32919,0.01953
crops/965_10.jpg,965,965_jpg.rf.b3f046529d625affd5f6ca1a068ff420.jpg,,5,0,advanced,advanced,0.971,0.00809,0.0099,0.01104,0.97097
crops/967_0.jpg,967,967_jpg.rf.384a00b2ea5c10d5ce386e3830e2c327.jpg,,5,0,advanced,no_caries,0.419,0.41897,0.29032,0.26002,0.03069
crops/967_1.jpg,967,967_jpg.rf.384a00b2ea5c10d5ce386e3830e2c327.jpg,,5,0,advanced,no_caries,0.5682,0.5682,0.32311,0.08511,0.02358
crops/967_2.jpg,967,967_jpg.rf.384a00b2ea5c10d5ce386e3830e2c327.jpg,,0,0,no_caries,no_caries,0.6214,0.62136,0.26323,0.09175,0.02367
crops/967_3.jpg,967,967_jpg.rf.384a00b2ea5c10d5ce386e3830e2c327.jpg,,0,0,no_caries,no_caries,0.628,0.62797,0.28053,0.07412,0.01738
crops/967_4.jpg,967,967_jpg.rf.384a00b2ea5c10d5ce386e3830e2c327.jpg,,0,0,no_caries,no_caries,0.7079,0.70794,0.19997,0.06943,0.02267
crops/967_5.jpg,967,967_jpg.rf.384a00b2ea5c10d5ce386e3830e2c327.jpg,,0,0,no_caries,no_caries,0.8042,0.80423,0.10122,0.06504,0.02951
crops/967_6.jpg,967,967_jpg.rf.384a00b2ea5c10d5ce386e3830e2c327.jpg,,0,0,no_caries,no_caries,0.8193,0.81928,0.09658,0.05432,0.02982
crops/967_7.jpg,967,967_jpg.rf.384a00b2ea5c10d5ce386e3830e2c327.jpg,,0,0,no_caries,no_caries,0.8102,0.81015,0.1192,0.05448,0.01616
crops/967_8.jpg,967,967_jpg.rf.384a00b2ea5c10d5ce386e3830e2c327.jpg,,0,0,no_caries,no_caries,0.8056,0.80557,0.10039,0.06927,0.02477
crops/967_9.jpg,967,967_jpg.rf.384a00b2ea5c10d5ce386e3830e2c327.jpg,,0,0,no_caries,no_caries,0.7078,0.70781,0.17048,0.07701,0.0447
crops/967_10.jpg,967,967_jpg.rf.384a00b2ea5c10d5ce386e3830e2c327.jpg,,3,0,moderate,no_caries,0.406,0.40596,0.22861,0.30729,0.05814
crops/967_11.jpg,967,967_jpg.rf.384a00b2ea5c10d5ce386e3830e2c327.jpg,,2,0,mild,no_caries,0.5041,0.50411,0.25394,0.21551,0.02644
crops/967_12.jpg,967,967_jpg.rf.384a00b2ea5c10d5ce386e3830e2c327.jpg,,1,0,mild,no_caries,0.4969,0.49686,0.37238,0.11261,0.01815
crops/967_13.jpg,967,967_jpg.rf.384a00b2ea5c10d5ce386e3830e2c327.jpg,,3,0,moderate,mild,0.3937,0.26402,0.39374,0.30633,0.03591
crops/971_0.jpg,971,971_jpg.rf.0af43d8d3db51f862059d0c024618e1d.jpg,,3,0,moderate,advanced,0.8439,0.01757,0.06117,0.07733,0.84394
crops/971_1.jpg,971,971_jpg.rf.0af43d8d3db51f862059d0c024618e1d.jpg,,3,0,moderate,advanced,0.4279,0.04162,0.2126,0.31787,0.4279
crops/971_2.jpg,971,971_jpg.rf.0af43d8d3db51f862059d0c024618e1d.jpg,,5,0,advanced,advanced,0.6513,0.06616,0.25217,0.03038,0.6513
crops/971_3.jpg,971,971_jpg.rf.0af43d8d3db51f862059d0c024618e1d.jpg,,5,0,advanced,advanced,0.7842,0.02319,0.14064,0.05198,0.78419
crops/971_4.jpg,971,971_jpg.rf.0af43d8d3db51f862059d0c024618e1d.jpg,,0,0,no_caries,no_caries,0.4915,0.49149,0.29001,0.14214,0.07637
crops/971_5.jpg,971,971_jpg.rf.0af43d8d3db51f862059d0c024618e1d.jpg,,0,0,no_caries,no_caries,0.6947,0.6947,0.16399,0.11657,0.02475
crops/971_6.jpg,971,971_jpg.rf.0af43d8d3db51f862059d0c024618e1d.jpg,,0,0,no_caries,no_caries,0.596,0.59599,0.2459,0.11232,0.0458
crops/971_7.jpg,971,971_jpg.rf.0af43d8d3db51f862059d0c024618e1d.jpg,,0,0,no_caries,no_caries,0.5555,0.55553,0.24271,0.15857,0.04319
crops/971_8.jpg,971,971_jpg.rf.0af43d8d3db51f862059d0c024618e1d.jpg,,0,0,no_caries,mild,0.6635,0.24136,0.66349,0.06138,0.03376
crops/971_9.jpg,971,971_jpg.rf.0af43d8d3db51f862059d0c024618e1d.jpg,,0,0,no_caries,mild,0.5548,0.20448,0.55479,0.07449,0.16624
crops/971_10.jpg,971,971_jpg.rf.0af43d8d3db51f862059d0c024618e1d.jpg,,0,0,no_caries,mild,0.381,0.28066,0.38104,0.14263,0.19568
crops/971_11.jpg,971,971_jpg.rf.0af43d8d3db51f862059d0c024618e1d.jpg,,0,0,no_caries,no_caries,0.3697,0.36966,0.21607,0.20307,0.2112
crops/971_12.jpg,971,971_jpg.rf.0af43d8d3db51f862059d0c024618e1d.jpg,,1,0,mild,no_caries,0.5092,0.50918,0.39474,0.0652,0.03089
crops/987_0.jpg,987,987_jpg.rf.ac6e59819041831c65d09d816d1fcf9d.jpg,,5,0,advanced,advanced,0.9777,0.00501,0.00666,0.01062,0.97772
crops/987_1.jpg,987,987_jpg.rf.ac6e59819041831c65d09d816d1fcf9d.jpg,,4,0,moderate,mild,0.4593,0.0848,0.45926,0.40405,0.0519
crops/987_2.jpg,987,987_jpg.rf.ac6e59819041831c65d09d816d1fcf9d.jpg,,3,0,moderate,mild,0.5311,0.04472,0.5311,0.33924,0.08494
crops/987_3.jpg,987,987_jpg.rf.ac6e59819041831c65d09d816d1fcf9d.jpg,,3,0,moderate,moderate,0.8333,0.0135,0.11261,0.83332,0.04057
crops/987_4.jpg,987,987_jpg.rf.ac6e59819041831c65d09d816d1fcf9d.jpg,,2,0,mild,moderate,0.4202,0.12218,0.30839,0.42018,0.14925
crops/987_5.jpg,987,987_jpg.rf.ac6e59819041831c65d09d816d1fcf9d.jpg,,4,0,moderate,advanced,0.5225,0.02742,0.12396,0.32614,0.52248
crops/987_6.jpg,987,987_jpg.rf.ac6e59819041831c65d09d816d1fcf9d.jpg,,0,0,no_caries,no_caries,0.5877,0.5877,0.27792,0.08992,0.04446
crops/987_7.jpg,987,987_jpg.rf.ac6e59819041831c65d09d816d1fcf9d.jpg,,0,0,no_caries,no_caries,0.6287,0.62874,0.24498,0.07207,0.05422
crops/hibogi_ai_00914_png_0.jpg,hibogi_ai_00914_png,HIBOGI_AI_00914_png_jpg.rf.fa2516ee7f6bd6e563a576e3158f875b.jpg,,0,0,no_caries,mild,0.4687,0.40625,0.46872,0.05335,0.07167
crops/hibogi_ai_00914_png_1.jpg,hibogi_ai_00914_png,HIBOGI_AI_00914_png_jpg.rf.fa2516ee7f6bd6e563a576e3158f875b.jpg,,0,0,no_caries,no_caries,0.6296,0.62959,0.24085,0.06535,0.06421
crops/hibogi_ai_00914_png_2.jpg,hibogi_ai_00914_png,HIBOGI_AI_00914_png_jpg.rf.fa2516ee7f6bd6e563a576e3158f875b.jpg,,0,0,no_caries,no_caries,0.7335,0.73346,0.11944,0.11233,0.03478
crops/hibogi_ai_00914_png_3.jpg,hibogi_ai_00914_png,HIBOGI_AI_00914_png_jpg.rf.fa2516ee7f6bd6e563a576e3158f875b.jpg,,0,0,no_caries,no_caries,0.7034,0.70342,0.17666,0.07753,0.0424
crops/hibogi_ai_00914_png_4.jpg,hibogi_ai_00914_png,HIBOGI_AI_00914_png_jpg.rf.fa2516ee7f6bd6e563a576e3158f875b.jpg,,0,0,no_caries,no_caries,0.5765,0.57647,0.36102,0.04346,0.01905
crops/hibogi_ai_00914_png_5.jpg,hibogi_ai_00914_png,HIBOGI_AI_00914_png_jpg.rf.fa2516ee7f6bd6e563a576e3158f875b.jpg,,3,0,moderate,moderate,0.7702,0.02742,0.14316,0.77016,0.05926
crops/hibogi_ai_00914_png_6.jpg,hibogi_ai_00914_png,HIBOGI_AI_00914_png_jpg.rf.fa2516ee7f6bd6e563a576e3158f875b.jpg,,3,0,moderate,no_caries,0.4314,0.43145,0.18854,0.0821,0.29791
crops/hibogi_ai_00914_png_7.jpg,hibogi_ai_00914_png,HIBOGI_AI_00914_png_jpg.rf.fa2516ee7f6bd6e563a576e3158f875b.jpg,,0,0,no_caries,no_caries,0.7846,0.78462,0.03851,0.15964,0.01723
crops/hibogi_ai_00930_png_0.jpg,hibogi_ai_00930_png,HIBOGI_AI_00930_png_jpg.rf.5411e35f49098ef62ab8249eff88479e.jpg,,0,0,no_caries,no_caries,0.6591,0.6591,0.07918,0.20201,0.05971
crops/hibogi_ai_00930_png_1.jpg,hibogi_ai_00930_png,HIBOGI_AI_00930_png_jpg.rf.5411e35f49098ef62ab8249eff88479e.jpg,,0,0,no_caries,no_caries,0.6263,0.62627,0.16407,0.1745,0.03516
crops/hibogi_ai_00930_png_2.jpg,hibogi_ai_00930_png,HIBOGI_AI_00930_png_jpg.rf.5411e35f49098ef62ab8249eff88479e.jpg,,6,0,advanced,advanced,0.9065,0.01038,0.06565,0.01743,0.90654
crops/hibogi_ai_00930_png_3.jpg,hibogi_ai_00930_png,HIBOGI_AI_00930_png_jpg.rf.5411e35f49098ef62ab8249eff88479e.jpg,,6,0,advanced,mild,0.3364,0.33086,0.33638,0.15971,0.17305
crops/hibogi_ai_00930_png_4.jpg,hibogi_ai_00930_png,HIBOGI_AI_00930_png_jpg.rf.5411e35f49098ef62ab8249eff88479e.jpg,,2,0,mild,mild,0.5678,0.2726,0.56776,0.09681,0.06282
crops/hibogi_ai_00930_png_5.jpg,hibogi_ai_00930_png,HIBOGI_AI_00930_png_jpg.rf.5411e35f49098ef62ab8249eff88479e.jpg,,0,0,no_caries,no_caries,0.637,0.63699,0.20018,0.11047,0.05235
crops/hibogi_ai_00930_png_6.jpg,hibogi_ai_00930_png,HIBOGI_AI_00930_png_jpg.rf.5411e35f49098ef62ab8249eff88479e.jpg,,0,0,no_caries,no_caries,0.6525,0.65248,0.26355,0.06415,0.01981
crops/hibogi_ai_00930_png_7.jpg,hibogi_ai_00930_png,HIBOGI_AI_00930_png_jpg.rf.5411e35f49098ef62ab8249eff88479e.jpg,,0,0,no_caries,advanced,0.3141,0.28082,0.30147,0.10366,0.31406
crops/hibogi_ai_00930_png_8.jpg,hibogi_ai_00930_png,HIBOGI_AI_00930_png_jpg.rf.5411e35f49098ef62ab8249eff88479e.jpg,,0,0,no_caries,moderate,0.4908,0.34337,0.10086,0.49081,0.06496
crops/hibogi_ai_00930_png_9.jpg,hibogi_ai_00930_png,HIBOGI_AI_00930_png_jpg.rf.5411e35f49098ef62ab8249eff88479e.jpg,,6,0,advanced,advanced,0.3181,0.29696,0.19725,0.18768,0.3181
crops/hibogi_ai_00948_png_0.jpg,hibogi_ai_00948_png,HIBOGI_AI_00948_png_jpg.rf.f91001f033007530be1ad1b1bb6da66f.jpg,,5,0,advanced,advanced,0.4913,0.09776,0.34006,0.07084,0.49134
crops/hibogi_ai_00948_png_1.jpg,hibogi_ai_00948_png,HIBOGI_AI_00948_png_jpg.rf.f91001f033007530be1ad1b1bb6da66f.jpg,,0,0,no_caries,no_caries,0.8414,0.84139,0.07673,0.0375,0.04438
crops/hibogi_ai_00948_png_2.jpg,hibogi_ai_00948_png,HIBOGI_AI_00948_png_jpg.rf.f91001f033007530be1ad1b1bb6da66f.jpg,,0,0,no_caries,no_caries,0.6866,0.68663,0.21403,0.05557,0.04377
crops/hibogi_ai_00948_png_3.jpg,hibogi_ai_00948_png,HIBOGI_AI_00948_png_jpg.rf.f91001f033007530be1ad1b1bb6da66f.jpg,,0,0,no_caries,no_caries,0.8286,0.82855,0.07956,0.05943,0.03245
crops/hibogi_ai_00948_png_4.jpg,hibogi_ai_00948_png,HIBOGI_AI_00948_png_jpg.rf.f91001f033007530be1ad1b1bb6da66f.jpg,,0,0,no_caries,no_caries,0.8013,0.80127,0.12604,0.04529,0.02739
crops/hibogi_ai_00948_png_5.jpg,hibogi_ai_00948_png,HIBOGI_AI_00948_png_jpg.rf.f91001f033007530be1ad1b1bb6da66f.jpg,,0,0,no_caries,no_caries,0.5535,0.55352,0.32359,0.0786,0.04429
crops/hibogi_ai_00948_png_6.jpg,hibogi_ai_00948_png,HIBOGI_AI_00948_png_jpg.rf.f91001f033007530be1ad1b1bb6da66f.jpg,,0,0,no_caries,no_caries,0.805,0.80502,0.11747,0.05826,0.01925
crops/hibogi_ai_00948_png_7.jpg,hibogi_ai_00948_png,HIBOGI_AI_00948_png_jpg.rf.f91001f033007530be1ad1b1bb6da66f.jpg,,0,0,no_caries,no_caries,0.81,0.81001,0.15282,0.02041,0.01676
crops/hibogi_ai_00948_png_8.jpg,hibogi_ai_00948_png,HIBOGI_AI_00948_png_jpg.rf.f91001f033007530be1ad1b1bb6da66f.jpg,,0,0,no_caries,no_caries,0.7152,0.71517,0.2064,0.0532,0.02523
crops/hibogi_ai_00948_png_9.jpg,hibogi_ai_00948_png,HIBOGI_AI_00948_png_jpg.rf.f91001f033007530be1ad1b1bb6da66f.jpg,,0,0,no_caries,no_caries,0.5321,0.53206,0.41603,0.02002,0.0319
crops/hibogi_ai_00948_png_10.jpg,hibogi_ai_00948_png,HIBOGI_AI_00948_png_jpg.rf.f91001f033007530be1ad1b1bb6da66f.jpg,,0,0,no_caries,no_caries,0.6611,0.66108,0.25321,0.02661,0.05909
crops/hibogi_ai_00948_png_11.jpg,hibogi_ai_00948_png,HIBOGI_AI_00948_png_jpg.rf.f91001f033007530be1ad1b1bb6da66f.jpg,,0,0,no_caries,no_caries,0.7398,0.73975,0.13969,0.03209,0.08846
crops/hibogi_ai_01071_png_0.jpg,hibogi_ai_01071_png,HIBOGI_AI_01071_png_jpg.rf.f3521fa143d740d27c0a1565c73edf4b.jpg,,0,0,no_caries,no_caries,0.8121,0.8121,0.10219,0.04106,0.04465
crops/hibogi_ai_01071_png_1.jpg,hibogi_ai_01071_png,HIBOGI_AI_01071_png_jpg.rf.f3521fa143d740d27c0a1565c73edf4b.jpg,,0,0,no_caries,no_caries,0.8624,0.86241,0.06452,0.04236,0.03072
crops/hibogi_ai_01071_png_2.jpg,hibogi_ai_01071_png,HIBOGI_AI_01071_png_jpg.rf.f3521fa143d740d27c0a1565c73edf4b.jpg,,0,0,no_caries,no_caries,0.8385,0.83853,0.06878,0.06879,0.0239
crops/hibogi_ai_01071_png_3.jpg,hibogi_ai_01071_png,HIBOGI_AI_01071_png_jpg.rf.f3521fa143d740d27c0a1565c73edf4b.jpg,,0,0,no_caries,no_caries,0.7992,0.79921,0.07417,0.08289,0.04373
crops/hibogi_ai_01071_png_4.jpg,hibogi_ai_01071_png,HIBOGI_AI_01071_png_jpg.rf.f3521fa143d740d27c0a1565c73edf4b.jpg,,0,0,no_caries,no_caries,0.4287,0.42865,0.23665,0.29368,0.04102
crops/hibogi_ai_01071_png_5.jpg,hibogi_ai_01071_png,HIBOGI_AI_01071_png_jpg.rf.f3521fa143d740d27c0a1565c73edf4b.jpg,,0,0,no_caries,no_caries,0.8118,0.81176,0.07723,0.07748,0.03353
crops/hibogi_ai_01071_png_6.jpg,hibogi_ai_01071_png,HIBOGI_AI_01071_png_jpg.rf.f3521fa143d740d27c0a1565c73edf4b.jpg,,0,0,no_caries,no_caries,0.7948,0.79475,0.07736,0.09,0.03789
crops/hibogi_ai_01071_png_7.jpg,hibogi_ai_01071_png,HIBOGI_AI_01071_png_jpg.rf.f3521fa143d740d27c0a1565c73edf4b.jpg,,0,0,no_caries,mild,0.388,0.26481,0.38796,0.23824,0.10899
crops/hibogi_ai_01071_png_8.jpg,hibogi_ai_01071_png,HIBOGI_AI_01071_png_jpg.rf.f3521fa143d740d27c0a1565c73edf4b.jpg,,0,0,no_caries,no_caries,0.8556,0.85559,0.01369,0.11176,0.01897
crops/hibogi_ai_01071_png_9.jpg,hibogi_ai_01071_png,HIBOGI_AI_01071_png_jpg.rf.f3521fa143d740d27c0a1565c73edf4b.jpg,,0,0,no_caries,no_caries,0.7909,0.79086,0.04184,0.14126,0.02604
crops/hibogi_ai_01077_png_0.jpg,hibogi_ai_01077_png,HIBOGI_AI_01077_png_jpg.rf.43ce54577d952edf53dc5eda3535132a.jpg,,0,0,no_caries,no_caries,0.5507,0.55066,0.17744,0.09801,0.1739
crops/hibogi_ai_01077_png_1.jpg,hibogi_ai_01077_png,HIBOGI_AI_01077_png_jpg.rf.43ce54577d952edf53dc5eda3535132a.jpg,,0,0,no_caries,no_caries,0.3916,0.39158,0.17607,0.13324,0.29911
crops/hibogi_ai_01077_png_2.jpg,hibogi_ai_01077_png,HIBOGI_AI_01077_png_jpg.rf.43ce54577d952edf53dc5eda3535132a.jpg,,0,0,no_caries,no_caries,0.6779,0.67785,0.14737,0.15017,0.02461
crops/hibogi_ai_01077_png_3.jpg,hibogi_ai_01077_png,HIBOGI_AI_01077_png_jpg.rf.43ce54577d952edf53dc5eda3535132a.jpg,,5,0,advanced,advanced,0.9825,0.00109,0.00695,0.00947,0.9825
crops/hibogi_ai_01077_png_4.jpg,hibogi_ai_01077_png,HIBOGI_AI_01077_png_jpg.rf.43ce54577d952edf53dc5eda3535132a.jpg,,0,0,no_caries,no_caries,0.7361,0.7361,0.0915,0.11243,0.05998
crops/hibogi_ai_01077_png_5.jpg,hibogi_ai_01077_png,HIBOGI_AI_01077_png_jpg.rf.43ce54577d952edf53dc5eda3535132a.jpg,,0,0,no_caries,moderate,0.495,0.18887,0.13819,0.49502,0.17792
crops/hibogi_ai_01077_png_6.jpg,hibogi_ai_01077_png,HIBOGI_AI_01077_png_jpg.rf.43ce54577d952edf53dc5eda3535132a.jpg,,0,0,no_caries,no_caries,0.7746,0.77465,0.09084,0.10206,0.03245
crops/hibogi_ai_01077_png_7.jpg,hibogi_ai_01077_png,HIBOGI_AI_01077_png_jpg.rf.43ce54577d952edf53dc5eda3535132a.jpg,,0,0,no_caries,no_caries,0.7308,0.73078,0.15838,0.08757,0.02327
crops/hibogi_ai_01077_png_8.jpg,hibogi_ai_01077_png,HIBOGI_AI_01077_png_jpg.rf.43ce54577d952edf53dc5eda3535132a.jpg,,0,0,no_caries,no_caries,0.5928,0.59284,0.18431,0.14777,0.07508
crops/hibogi_ai_01077_png_9.jpg,hibogi_ai_01077_png,HIBOGI_AI_01077_png_jpg.rf.43ce54577d952edf53dc5eda3535132a.jpg,,0,0,no_caries,no_caries,0.7145,0.71449,0.19016,0.06291,0.03244
crops/hibogi_ai_01077_png_10.jpg,hibogi_ai_01077_png,HIBOGI_AI_01077_png_jpg.rf.43ce54577d952edf53dc5eda3535132a.jpg,,0,0,no_caries,no_caries,0.8232,0.82321,0.10621,0.05225,0.01833
crops/hibogi_ai_01077_png_11.jpg,hibogi_ai_01077_png,HIBOGI_AI_01077_png_jpg.rf.43ce54577d952edf53dc5eda3535132a.jpg,,0,0,no_caries,no_caries,0.8037,0.80369,0.10469,0.06638,0.02524
crops/hibogi_ai_01077_png_12.jpg,hibogi_ai_01077_png,HIBOGI_AI_01077_png_jpg.rf.43ce54577d952edf53dc5eda3535132a.jpg,,0,0,no_caries,no_caries,0.8463,0.84629,0.05287,0.07239,0.02845
crops/hibogi_ai_01077_png_13.jpg,hibogi_ai_01077_png,HIBOGI_AI_01077_png_jpg.rf.43ce54577d952edf53dc5eda3535132a.jpg,,0,0,no_caries,no_caries,0.5452,0.54521,0.17697,0.19598,0.08183
crops/hibogi_ai_01077_png_14.jpg,hibogi_ai_01077_png,HIBOGI_AI_01077_png_jpg.rf.43ce54577d952edf53dc5eda3535132a.jpg,,0,0,no_caries,no_caries,0.8319,0.83194,0.0729,0.07301,0.02214
crops/hibogi_ai_01077_png_15.jpg,hibogi_ai_01077_png,HIBOGI_AI_01077_png_jpg.rf.43ce54577d952edf53dc5eda3535132a.jpg,,1,0,mild,no_caries,0.3239,0.32392,0.20897,0.31387,0.15325
crops/hibogi_ai_01097_0.jpg,hibogi_ai_01097,HIBOGI_AI_01097_jpg.rf.1cbb4ed30fd1b5ef931e4b48e1d066c1.jpg,,6,0,advanced,advanced,0.9815,0.00451,0.00915,0.00483,0.98151
crops/hibogi_ai_01097_1.jpg,hibogi_ai_01097,HIBOGI_AI_01097_jpg.rf.1cbb4ed30fd1b5ef931e4b48e1d066c1.jpg,,5,0,advanced,no_caries,0.4373,0.43733,0.39701,0.10614,0.05952
crops/hibogi_ai_01097_2.jpg,hibogi_ai_01097,HIBOGI_AI_01097_jpg.rf.1cbb4ed30fd1b5ef931e4b48e1d066c1.jpg,,0,0,no_caries,no_caries,0.7095,0.70952,0.15963,0.08011,0.05074
crops/hibogi_ai_01097_3.jpg,hibogi_ai_01097,HIBOGI_AI_01097_jpg.rf.1cbb4ed30fd1b5ef931e4b48e1d066c1.jpg,,0,0,no_caries,no_caries,0.8486,0.84856,0.05163,0.06532,0.03449
crops/hibogi_ai_01097_4.jpg,hibogi_ai_01097,HIBOGI_AI_01097_jpg.rf.1cbb4ed30fd1b5ef931e4b48e1d066c1.jpg,,0,0,no_caries,no_caries,0.8317,0.83172,0.06544,0.06476,0.03807
crops/hibogi_ai_01097_5.jpg,hibogi_ai_01097,HIBOGI_AI_01097_jpg.rf.1cbb4ed30fd1b5ef931e4b48e1d066c1.jpg,,0,0,no_caries,no_caries,0.6385,0.63855,0.1995,0.12158,0.04038
crops/hibogi_ai_01097_6.jpg,hibogi_ai_01097,HIBOGI_AI_01097_jpg.rf.1cbb4ed30fd1b5ef931e4b48e1d066c1.jpg,,0,0,no_caries,no_caries,0.6102,0.61021,0.27061,0.06787,0.05131
crops/hibogi_ai_01097_7.jpg,hibogi_ai_01097,HIBOGI_AI_01097_jpg.rf.1cbb4ed30fd1b5ef931e4b48e1d066c1.jpg,,0,0,no_caries,mild,0.434,0.4161,0.43398,0.06568,0.08424
crops/hibogi_ai_01097_8.jpg,hibogi_ai_01097,HIBOGI_AI_01097_jpg.rf.1cbb4ed30fd1b5ef931e4b48e1d066c1.jpg,,0,0,no_caries,no_caries,0.7123,0.71225,0.15677,0.09947,0.03151
crops/hibogi_ai_01097_9.jpg,hibogi_ai_01097,HIBOGI_AI_01097_jpg.rf.1cbb4ed30fd1b5ef931e4b48e1d066c1.jpg,,0,0,no_caries,no_caries,0.791,0.79103,0.10717,0.06341,0.03839
crops/hibogi_ai_01097_10.jpg,hibogi_ai_01097,HIBOGI_AI_01097_jpg.rf.1cbb4ed30fd1b5ef931e4b48e1d066c1.jpg,,0,0,no_caries,no_caries,0.7854,0.78538,0.11286,0.06148,0.04027
crops/hibogi_ai_01097_11.jpg,hibogi_ai_01097,HIBOGI_AI_01097_jpg.rf.1cbb4ed30fd1b5ef931e4b48e1d066c1.jpg,,0,0,no_caries,no_caries,0.804,0.80404,0.11761,0.05277,0.02558
crops/hibogi_ai_01097_12.jpg,hibogi_ai_01097,HIBOGI_AI_01097_jpg.rf.1cbb4ed30fd1b5ef931e4b48e1d066c1.jpg,,0,0,no_caries,no_caries,0.7204,0.72039,0.18431,0.06192,0.03338
crops/hibogi_ai_01097_13.jpg,hibogi_ai_01097,HIBOGI_AI_01097_jpg.rf.1cbb4ed30fd1b5ef931e4b48e1d066c1.jpg,,0,0,no_caries,no_caries,0.6471,0.64706,0.21463,0.08234,0.05597
crops/hibogi_ai_01145_png_0.jpg,hibogi_ai_01145_png,HIBOGI_AI_01145_png_jpg.rf.132c6d6fc197a559691aa8d8ec683f1e.jpg,,0,0,no_caries,no_caries,0.8521,0.85214,0.05525,0.04355,0.04906
crops/hibogi_ai_01145_png_1.jpg,hibogi_ai_01145_png,HIBOGI_AI_01145_png_jpg.rf.132c6d6fc197a559691aa8d8ec683f1e.jpg,,0,0,no_caries,no_caries,0.9353,0.93531,0.01936,0.0259,0.01943
crops/hibogi_ai_01145_png_2.jpg,hibogi_ai_01145_png,HIBOGI_AI_01145_png_jpg.rf.132c6d6fc197a559691aa8d8ec683f1e.jpg,,3,0,moderate,mild,0.4479,0.06908,0.44789,0.22375,0.25928
crops/hibogi_ai_01145_png_3.jpg,hibogi_ai_01145_png,HIBOGI_AI_01145_png_jpg.rf.132c6d6fc197a559691aa8d8ec683f1e.jpg,,0,0,no_caries,no_caries,0.8083,0.80829,0.11627,0.04358,0.03185
crops/hibogi_ai_01145_png_4.jpg,hibogi_ai_01145_png,HIBOGI_AI_01145_png_jpg.rf.132c6d6fc197a559691aa8d8ec683f1e.jpg,,3,0,moderate,moderate,0.3874,0.32245,0.23333,0.38737,0.05686
crops/hibogi_ai_01145_png_5.jpg,hibogi_ai_01145_png,HIBOGI_AI_01145_png_jpg.rf.132c6d6fc197a559691aa8d8ec683f1e.jpg,,6,0,advanced,advanced,0.6349,0.03203,0.14651,0.18651,0.63494
crops/hibogi_ai_01369_png_0.jpg,hibogi_ai_01369_png,HIBOGI_AI_01369_png_jpg.rf.a16e7b7b3af35c3b66498a61bd9d1edb.jpg,,0,0,no_caries,no_caries,0.4715,0.47147,0.42086,0.07632,0.03136
crops/hibogi_ai_01369_png_1.jpg,hibogi_ai_01369_png,HIBOGI_AI_01369_png_jpg.rf.a16e7b7b3af35c3b66498a61bd9d1edb.jpg,,0,0,no_caries,no_caries,0.6312,0.63116,0.22909,0.10386,0.03589
crops/hibogi_ai_01369_png_2.jpg,hibogi_ai_01369_png,HIBOGI_AI_01369_png_jpg.rf.a16e7b7b3af35c3b66498a61bd9d1edb.jpg,,0,0,no_caries,no_caries,0.869,0.86904,0.07436,0.03425,0.02235
crops/hibogi_ai_01369_png_3.jpg,hibogi_ai_01369_png,HIBOGI_AI_01369_png_jpg.rf.a16e7b7b3af35c3b66498a61bd9d1edb.jpg,,0,0,no_caries,no_caries,0.8874,0.88741,0.03993,0.03871,0.03395
crops/hibogi_ai_01369_png_4.jpg,hibogi_ai_01369_png,HIBOGI_AI_01369_png_jpg.rf.a16e7b7b3af35c3b66498a61bd9d1edb.jpg,,0,0,no_caries,no_caries,0.8204,0.82045,0.09798,0.0488,0.03277
crops/hibogi_ai_01369_png_5.jpg,hibogi_ai_01369_png,HIBOGI_AI_01369_png_jpg.rf.a16e7b7b3af35c3b66498a61bd9d1edb.jpg,,0,0,no_caries,no_caries,0.3484,0.34836,0.31305,0.1473,0.19129
crops/hibogi_ai_01369_png_6.jpg,hibogi_ai_01369_png,HIBOGI_AI_01369_png_jpg.rf.a16e7b7b3af35c3b66498a61bd9d1edb.jpg,,6,0,advanced,advanced,0.9631,0.00593,0.01246,0.0185,0.96312
crops/hibogi_ai_01369_png_7.jpg,hibogi_ai_01369_png,HIBOGI_AI_01369_png_jpg.rf.a16e7b7b3af35c3b66498a61bd9d1edb.jpg,,0,0,no_caries,no_caries,0.4537,0.45367,0.31751,0.14751,0.08131
crops/hibogi_ai_01369_png_8.jpg,hibogi_ai_01369_png,HIBOGI_AI_01369_png_jpg.rf.a16e7b7b3af35c3b66498a61bd9d1edb.jpg,,6,0,advanced,advanced,0.4354,0.06499,0.21459,0.28499,0.43542
crops/hibogi_ai_01384_png_0.jpg,hibogi_ai_01384_png,HIBOGI_AI_01384_png_jpg.rf.96b8d9516b46df47892b5277f245886e.jpg,,3,0,moderate,moderate,0.8467,0.0316,0.08312,0.84669,0.03859
crops/hibogi_ai_01384_png_1.jpg,hibogi_ai_01384_png,HIBOGI_AI_01384_png_jpg.rf.96b8d9516b46df47892b5277f245886e.jpg,,2,0,mild,no_caries,0.7945,0.79452,0.1124,0.05628,0.0368
crops/hibogi_ai_01384_png_2.jpg,hibogi_ai_01384_png,HIBOGI_AI_01384_png_jpg.rf.96b8d9516b46df47892b5277f245886e.jpg,,3,0,moderate,moderate,0.4983,0.04396,0.1796,0.49832,0.27811
crops/hibogi_ai_01384_png_3.jpg,hibogi_ai_01384_png,HIBOGI_AI_01384_png_jpg.rf.96b8d9516b46df47892b5277f245886e.jpg,,0,0,no_caries,no_caries,0.8595,0.8595,0.06454,0.0391,0.03686
crops/hibogi_ai_01384_png_4.jpg,hibogi_ai_01384_png,HIBOGI_AI_01384_png_jpg.rf.96b8d9516b46df47892b5277f245886e.jpg,,0,0,no_caries,no_caries,0.8332,0.83316,0.08071,0.04726,0.03888
crops/hibogi_ai_01384_png_5.jpg,hibogi_ai_01384_png,HIBOGI_AI_01384_png_jpg.rf.96b8d9516b46df47892b5277f245886e.jpg,,2,0,mild,no_caries,0.4883,0.48825,0.33449,0.07905,0.09821
crops/hibogi_ai_01384_png_6.jpg,hibogi_ai_01384_png,HIBOGI_AI_01384_png_jpg.rf.96b8d9516b46df47892b5277f245886e.jpg,,3,0,moderate,no_caries,0.784,0.784,0.10201,0.07912,0.03487
crops/hibogi_ai_01384_png_7.jpg,hibogi_ai_01384_png,HIBOGI_AI_01384_png_jpg.rf.96b8d9516b46df47892b5277f245886e.jpg,,2,0,mild,no_caries,0.4313,0.4313,0.3113,0.22249,0.03491
crops/hibogi_ai_01515_png_0.jpg,hibogi_ai_01515_png,HIBOGI_AI_01515_png_jpg.rf.39fb49856f42dff413e00baca095ee48.jpg,,0,0,no_caries,no_caries,0.6313,0.63126,0.0993,0.22392,0.04552
crops/hibogi_ai_01515_png_1.jpg,hibogi_ai_01515_png,HIBOGI_AI_01515_png_jpg.rf.39fb49856f42dff413e00baca095ee48.jpg,,6,0,advanced,advanced,0.9166,0.02054,0.04236,0.02053,0.91657
crops/hibogi_ai_01515_png_2.jpg,hibogi_ai_01515_png,HIBOGI_AI_01515_png_jpg.rf.39fb49856f42dff413e00baca095ee48.jpg,,0,0,no_caries,advanced,0.5398,0.30966,0.09294,0.05755,0.53984
crops/hibogi_ai_01515_png_3.jpg,hibogi_ai_01515_png,HIBOGI_AI_01515_png_jpg.rf.39fb49856f42dff413e00baca095ee48.jpg,,0,0,no_caries,no_caries,0.8176,0.81758,0.0496,0.09015,0.04267
crops/hibogi_ai_01515_png_4.jpg,hibogi_ai_01515_png,HIBOGI_AI_01515_png_jpg.rf.39fb49856f42dff413e00baca095ee48.jpg,,0,0,no_caries,no_caries,0.8474,0.84736,0.03824,0.07228,0.04212
crops/hibogi_ai_01515_png_5.jpg,hibogi_ai_01515_png,HIBOGI_AI_01515_png_jpg.rf.39fb49856f42dff413e00baca095ee48.jpg,,0,0,no_caries,no_caries,0.8358,0.83575,0.04486,0.07237,0.04701
crops/hibogi_ai_01515_png_6.jpg,hibogi_ai_01515_png,HIBOGI_AI_01515_png_jpg.rf.39fb49856f42dff413e00baca095ee48.jpg,,0,0,no_caries,no_caries,0.8468,0.84684,0.07826,0.04985,0.02505
crops/hibogi_ai_01515_png_7.jpg,hibogi_ai_01515_png,HIBOGI_AI_01515_png_jpg.rf.39fb49856f42dff413e00baca095ee48.jpg,,0,0,no_caries,no_caries,0.6477,0.64773,0.23381,0.05744,0.06102
crops/hibogi_ai_01515_png_8.jpg,hibogi_ai_01515_png,HIBOGI_AI_01515_png_jpg.rf.39fb49856f42dff413e00baca095ee48.jpg,,0,0,no_caries,no_caries,0.8038,0.80383,0.07714,0.07582,0.04321
crops/hibogi_ai_01515_png_9.jpg,hibogi_ai_01515_png,HIBOGI_AI_01515_png_jpg.rf.39fb49856f42dff413e00baca095ee48.jpg,,0,0,no_caries,no_caries,0.7801,0.78014,0.09453,0.07935,0.04598
crops/hibogi_ai_01515_png_10.jpg,hibogi_ai_01515_png,HIBOGI_AI_01515_png_jpg.rf.39fb49856f42dff413e00baca095ee48.jpg,,0,0,no_caries,no_caries,0.7321,0.73206,0.06599,0.13007,0.07188
crops/hibogi_ai_01515_png_11.jpg,hibogi_ai_01515_png,HIBOGI_AI_01515_png_jpg.rf.39fb49856f42dff413e00baca095ee48.jpg,,0,0,no_caries,no_caries,0.742,0.74196,0.07613,0.11919,0.06271
crops/hibogi_ai_01515_png_12.jpg,hibogi_ai_01515_png,HIBOGI_AI_01515_png_jpg.rf.39fb49856f42dff413e00baca095ee48.jpg,,0,0,no_caries,no_caries,0.7822,0.78224,0.08399,0.07956,0.05421
crops/hibogi_ai_01515_png_13.jpg,hibogi_ai_01515_png,HIBOGI_AI_01515_png_jpg.rf.39fb49856f42dff413e00baca095ee48.jpg,,0,0,no_caries,no_caries,0.8613,0.86134,0.04516,0.06015,0.03335
crops/hibogi_ai_01515_png_14.jpg,hibogi_ai_01515_png,HIBOGI_AI_01515_png_jpg.rf.39fb49856f42dff413e00baca095ee48.jpg,,0,0,no_caries,no_caries,0.6893,0.68932,0.19559,0.06999,0.04511
crops/hibogi_ai_01680_png_0.jpg,hibogi_ai_01680_png,HIBOGI_AI_01680_png_jpg.rf.8e87697fe96cc04ba0f18e60560129fd.jpg,,1,0,mild,mild,0.6634,0.16291,0.66337,0.09488,0.07885
crops/hibogi_ai_01680_png_1.jpg,hibogi_ai_01680_png,HIBOGI_AI_01680_png_jpg.rf.8e87697fe96cc04ba0f18e60560129fd.jpg,,1,0,mild,mild,0.4355,0.25432,0.43551,0.24711,0.06306
crops/hibogi_ai_01680_png_2.jpg,hibogi_ai_01680_png,HIBOGI_AI_01680_png_jpg.rf.8e87697fe96cc04ba0f18e60560129fd.jpg,,6,0,advanced,moderate,0.3299,0.07903,0.26528,0.32987,0.32583
crops/hibogi_ai_01680_png_3.jpg,hibogi_ai_01680_png,HIBOGI_AI_01680_png_jpg.rf.8e87697fe96cc04ba0f18e60560129fd.jpg,,0,0,no_caries,no_caries,0.6885,0.68852,0.19103,0.07034,0.05011
crops/hibogi_ai_01680_png_4.jpg,hibogi_ai_01680_png,HIBOGI_AI_01680_png_jpg.rf.8e87697fe96cc04ba0f18e60560129fd.jpg,,0,0,no_caries,no_caries,0.7494,0.74938,0.18346,0.03784,0.02932
crops/hibogi_ai_01680_png_5.jpg,hibogi_ai_01680_png,HIBOGI_AI_01680_png_jpg.rf.8e87697fe96cc04ba0f18e60560129fd.jpg,,0,0,no_caries,no_caries,0.8032,0.80316,0.12538,0.03783,0.03362
crops/hibogi_ai_01680_png_6.jpg,hibogi_ai_01680_png,HIBOGI_AI_01680_png_jpg.rf.8e87697fe96cc04ba0f18e60560129fd.jpg,,0,0,no_caries,no_caries,0.8403,0.84025,0.07999,0.04517,0.03459
crops/hibogi_ai_01680_png_7.jpg,hibogi_ai_01680_png,HIBOGI_AI_01680_png_jpg.rf.8e87697fe96cc04ba0f18e60560129fd.jpg,,0,0,no_caries,no_caries,0.8481,0.84811,0.07404,0.04454,0.03331
crops/hibogi_ai_01680_png_8.jpg,hibogi_ai_01680_png,HIBOGI_AI_01680_png_jpg.rf.8e87697fe96cc04ba0f18e60560129fd.jpg,,0,0,no_caries,no_caries,0.8337,0.83372,0.05113,0.06966,0.0455
crops/hibogi_ai_01680_png_9.jpg,hibogi_ai_01680_png,HIBOGI_AI_01680_png_jpg.rf.8e87697fe96cc04ba0f18e60560129fd.jpg,,0,0,no_caries,no_caries,0.7548,0.75482,0.17961,0.03596,0.0296
crops/hibogi_ai_01680_png_10.jpg,hibogi_ai_01680_png,HIBOGI_AI_01680_png_jpg.rf.8e87697fe96cc04ba0f18e60560129fd.jpg,,2,0,mild,no_caries,0.5253,0.5253,0.34293,0.10907,0.02269
crops/hibogi_ai_01680_png_11.jpg,hibogi_ai_01680_png,HIBOGI_AI_01680_png_jpg.rf.8e87697fe96cc04ba0f18e60560129fd.jpg,,5,0,advanced,advanced,0.8594,0.00206,0.04645,0.09206,0.85944
crops/hibogi_ai_01680_png_12.jpg,hibogi_ai_01680_png,HIBOGI_AI_01680_png_jpg.rf.8e87697fe96cc04ba0f18e60560129fd.jpg,,3,0,moderate,moderate,0.4723,0.07265,0.37966,0.47226,0.07543
crops/hibogi_ai_01680_png_13.jpg,hibogi_ai_01680_png,HIBOGI_AI_01680_png_jpg.rf.8e87697fe96cc04ba0f18e60560129fd.jpg,,2,0,mild,mild,0.3525,0.06291,0.35253,0.32917,0.25538
crops/hibogi_ai_01771_png_0.jpg,hibogi_ai_01771_png,HIBOGI_AI_01771_png_jpg.rf.d6ee2e8a26d439f52d83862b5454bd0f.jpg,,0,0,no_caries,no_caries,0.6879,0.68791,0.2099,0.07693,0.02526
crops/hibogi_ai_01771_png_1.jpg,hibogi_ai_01771_png,HIBOGI_AI_01771_png_jpg.rf.d6ee2e8a26d439f52d83862b5454bd0f.jpg,,3,0,moderate,no_caries,0.7876,0.78757,0.08535,0.0962,0.03087
crops/hibogi_ai_01771_png_2.jpg,hibogi_ai_01771_png,HIBOGI_AI_01771_png_jpg.rf.d6ee2e8a26d439f52d83862b5454bd0f.jpg,,0,0,no_caries,no_caries,0.5333,0.53325,0.28575,0.0791,0.1019
crops/hibogi_ai_01771_png_3.jpg,hibogi_ai_01771_png,HIBOGI_AI_01771_png_jpg.rf.d6ee2e8a26d439f52d83862b5454bd0f.jpg,,3,0,moderate,no_caries,0.4815,0.48152,0.23088,0.19725,0.09035
crops/hibogi_ai_01771_png_4.jpg,hibogi_ai_01771_png,HIBOGI_AI_01771_png_jpg.rf.d6ee2e8a26d439f52d83862b5454bd0f.jpg,,0,0,no_caries,no_caries,0.7696,0.76958,0.096,0.09163,0.04279
crops/hibogi_ai_01771_png_5.jpg,hibogi_ai_01771_png,HIBOGI_AI_01771_png_jpg.rf.d6ee2e8a26d439f52d83862b5454bd0f.jpg,,0,0,no_caries,no_caries,0.6794,0.67944,0.16873,0.08498,0.06685
crops/hibogi_ai_01771_png_6.jpg,hibogi_ai_01771_png,HIBOGI_AI_01771_png_jpg.rf.d6ee2e8a26d439f52d83862b5454bd0f.jpg,,5,0,advanced,advanced,0.9341,0.00728,0.01408,0.04453,0.93411
crops/hibogi_ai_01771_png_7.jpg,hibogi_ai_01771_png,HIBOGI_AI_01771_png_jpg.rf.d6ee2e8a26d439f52d83862b5454bd0f.jpg,,0,0,no_caries,no_caries,0.5704,0.57035,0.11573,0.26359,0.05034
crops/hibogi_ai_01771_png_8.jpg,hibogi_ai_01771_png,HIBOGI_AI_01771_png_jpg.rf.d6ee2e8a26d439f52d83862b5454bd0f.jpg,,0,0,no_caries,no_caries,0.6989,0.69889,0.17134,0.08763,0.04214
crops/hibogi_ai_01771_png_9.jpg,hibogi_ai_01771_png,HIBOGI_AI_01771_png_jpg.rf.d6ee2e8a26d439f52d83862b5454bd0f.jpg,,0,0,no_caries,no_caries,0.7599,0.7599,0.13687,0.07288,0.03034
crops/hibogi_ai_01771_png_10.jpg,hibogi_ai_01771_png,HIBOGI_AI_01771_png_jpg.rf.d6ee2e8a26d439f52d83862b5454bd0f.jpg,,0,0,no_caries,no_caries,0.7232,0.7232,0.12012,0.11252,0.04415
crops/hibogi_ai_01771_png_11.jpg,hibogi_ai_01771_png,HIBOGI_AI_01771_png_jpg.rf.d6ee2e8a26d439f52d83862b5454bd0f.jpg,,0,0,no_caries,no_caries,0.7881,0.78812,0.08059,0.09158,0.03971
crops/hibogi_ai_01771_png_12.jpg,hibogi_ai_01771_png,HIBOGI_AI_01771_png_jpg.rf.d6ee2e8a26d439f52d83862b5454bd0f.jpg,,0,0,no_caries,no_caries,0.7583,0.75827,0.11303,0.08729,0.04141
crops/hibogi_ai_01771_png_13.jpg,hibogi_ai_01771_png,HIBOGI_AI_01771_png_jpg.rf.d6ee2e8a26d439f52d83862b5454bd0f.jpg,,0,0,no_caries,no_caries,0.7965,0.79646,0.05969,0.09697,0.04688
crops/hibogi_ai_01771_png_14.jpg,hibogi_ai_01771_png,HIBOGI_AI_01771_png_jpg.rf.d6ee2e8a26d439f52d83862b5454bd0f.jpg,,0,0,no_caries,no_caries,0.6626,0.66262,0.24428,0.05789,0.03522
crops/hibogi_ai_01771_png_15.jpg,hibogi_ai_01771_png,HIBOGI_AI_01771_png_jpg.rf.d6ee2e8a26d439f52d83862b5454bd0f.jpg,,0,0,no_caries,no_caries,0.7179,0.7179,0.10091,0.14183,0.03936
crops/hibogi_ai_01771_png_16.jpg,hibogi_ai_01771_png,HIBOGI_AI_01771_png_jpg.rf.d6ee2e8a26d439f52d83862b5454bd0f.jpg,,0,0,no_caries,no_caries,0.8055,0.80551,0.0674,0.09145,0.03563
crops/hibogi_ai_01771_png_17.jpg,hibogi_ai_01771_png,HIBOGI_AI_01771_png_jpg.rf.d6ee2e8a26d439f52d83862b5454bd0f.jpg,,0,0,no_caries,no_caries,0.7931,0.79312,0.09629,0.07677,0.03382
crops/hibogi_ai_01889_png_0.jpg,hibogi_ai_01889_png,HIBOGI_AI_01889_png_jpg.rf.be9161cba90689ccfc9137b8c1b4cfd0.jpg,,6,0,advanced,mild,0.4001,0.11214,0.4001,0.37706,0.11071
crops/hibogi_ai_01889_png_1.jpg,hibogi_ai_01889_png,HIBOGI_AI_01889_png_jpg.rf.be9161cba90689ccfc9137b8c1b4cfd0.jpg,,4,0,moderate,mild,0.4504,0.24714,0.4504,0.18608,0.11639
crops/hibogi_ai_01889_png_2.jpg,hibogi_ai_01889_png,HIBOGI_AI_01889_png_jpg.rf.be9161cba90689ccfc9137b8c1b4cfd0.jpg,,1,0,mild,no_caries,0.3129,0.3129,0.30664,0.18748,0.19298
crops/hibogi_ai_01889_png_3.jpg,hibogi_ai_01889_png,HIBOGI_AI_01889_png_jpg.rf.be9161cba90689ccfc9137b8c1b4cfd0.jpg,,0,0,no_caries,no_caries,0.5098,0.50981,0.38344,0.06094,0.04582
crops/hibogi_ai_01889_png_4.jpg,hibogi_ai_01889_png,HIBOGI_AI_01889_png_jpg.rf.be9161cba90689ccfc9137b8c1b4cfd0.jpg,,0,0,no_caries,mild,0.845,0.07486,0.845,0.02932,0.05082
crops/hibogi_ai_01889_png_5.jpg,hibogi_ai_01889_png,HIBOGI_AI_01889_png_jpg.rf.be9161cba90689ccfc9137b8c1b4cfd0.jpg,,0,0,no_caries,mild,0.7479,0.14299,0.74787,0.05493,0.05421
crops/hibogi_ai_01889_png_6.jpg,hibogi_ai_01889_png,HIBOGI_AI_01889_png_jpg.rf.be9161cba90689ccfc9137b8c1b4cfd0.jpg,,0,0,no_caries,mild,0.8221,0.15385,0.82209,0.00774,0.01632
crops/hibogi_ai_01889_png_7.jpg,hibogi_ai_01889_png,HIBOGI_AI_01889_png_jpg.rf.be9161cba90689ccfc9137b8c1b4cfd0.jpg,,0,0,no_caries,no_caries,0.6677,0.66766,0.25055,0.06036,0.02142
crops/hibogi_ai_01889_png_8.jpg,hibogi_ai_01889_png,HIBOGI_AI_01889_png_jpg.rf.be9161cba90689ccfc9137b8c1b4cfd0.jpg,,0,0,no_caries,no_caries,0.6252,0.62521,0.21258,0.10543,0.05678
crops/hibogi_ai_01889_png_9.jpg,hibogi_ai_01889_png,HIBOGI_AI_01889_png_jpg.rf.be9161cba90689ccfc9137b8c1b4cfd0.jpg,,0,0,no_caries,no_caries,0.5762,0.57622,0.2405,0.10602,0.07726
crops/hibogi_ai_01889_png_10.jpg,hibogi_ai_01889_png,HIBOGI_AI_01889_png_jpg.rf.be9161cba90689ccfc9137b8c1b4cfd0.jpg,,0,0,no_caries,no_caries,0.4805,0.48054,0.38857,0.08338,0.04751
crops/hibogi_ai_01889_png_11.jpg,hibogi_ai_01889_png,HIBOGI_AI_01889_png_jpg.rf.be9161cba90689ccfc9137b8c1b4cfd0.jpg,,5,0,advanced,mild,0.5019,0.1142,0.50191,0.21974,0.16415
crops/hibogi_ai_01889_png_12.jpg,hibogi_ai_01889_png,HIBOGI_AI_01889_png_jpg.rf.be9161cba90689ccfc9137b8c1b4cfd0.jpg,,5,0,advanced,advanced,0.9289,0.00712,0.017,0.04694,0.92894
crops/hibogi_ai_01909_png_0.jpg,hibogi_ai_01909_png,HIBOGI_AI_01909_png_jpg.rf.7ae45c781971df002090d3ef58c89e48.jpg,,0,0,no_caries,no_caries,0.6204,0.62037,0.25807,0.07644,0.04512
crops/hibogi_ai_01909_png_1.jpg,hibogi_ai_01909_png,HIBOGI_AI_01909_png_jpg.rf.7ae45c781971df002090d3ef58c89e48.jpg,,0,0,no_caries,no_caries,0.754,0.75396,0.14454,0.07254,0.02896
crops/hibogi_ai_01909_png_2.jpg,hibogi_ai_01909_png,HIBOGI_AI_01909_png_jpg.rf.7ae45c781971df002090d3ef58c89e48.jpg,,2,0,mild,no_caries,0.4427,0.44272,0.43458,0.08087,0.04183
crops/hibogi_ai_01909_png_3.jpg,hibogi_ai_01909_png,HIBOGI_AI_01909_png_jpg.rf.7ae45c781971df002090d3ef58c89e48.jpg,,2,0,mild,mild,0.7209,0.17693,0.72091,0.05806,0.04409
crops/hibogi_ai_01909_png_4.jpg,hibogi_ai_01909_png,HIBOGI_AI_01909_png_jpg.rf.7ae45c781971df002090d3ef58c89e48.jpg,,0,0,no_caries,no_caries,0.4481,0.44812,0.36048,0.09719,0.09421
crops/hibogi_ai_01913_png_0.jpg,hibogi_ai_01913_png,HIBOGI_AI_01913_png_jpg.rf.390d4ec51dcef9b0ef092c88cf42c56c.jpg,,2,0,mild,no_caries,0.5087,0.50874,0.3842,0.09232,0.01475
crops/hibogi_ai_01913_png_1.jpg,hibogi_ai_01913_png,HIBOGI_AI_01913_png_jpg.rf.390d4ec51dcef9b0ef092c88cf42c56c.jpg,,2,0,mild,mild,0.8129,0.07683,0.81292,0.08837,0.02189
crops/hibogi_ai_01913_png_2.jpg,hibogi_ai_01913_png,HIBOGI_AI_01913_png_jpg.rf.390d4ec51dcef9b0ef092c88cf42c56c.jpg,,2,0,mild,mild,0.7217,0.07438,0.72171,0.11438,0.08952
crops/hibogi_ai_01913_png_3.jpg,hibogi_ai_01913_png,HIBOGI_AI_01913_png_jpg.rf.390d4ec51dcef9b0ef092c88cf42c56c.jpg,,2,0,mild,mild,0.3982,0.173,0.39817,0.23786,0.19098
crops/hibogi_ai_01913_png_4.jpg,hibogi_ai_01913_png,HIBOGI_AI_01913_png_jpg.rf.390d4ec51dcef9b0ef092c88cf42c56c.jpg,,0,0,no_caries,mild,0.7662,0.13091,0.76624,0.07888,0.02396
crops/hibogi_ai_01913_png_5.jpg,hibogi_ai_01913_png,HIBOGI_AI_01913_png_jpg.rf.390d4ec51dcef9b0ef092c88cf42c56c.jpg,,3,0,moderate,moderate,0.7839,0.00719,0.04625,0.78391,0.16265
crops/hibogi_ai_01913_png_6.jpg,hibogi_ai_01913_png,HIBOGI_AI_01913_png_jpg.rf.390d4ec51dcef9b0ef092c88cf42c56c.jpg,,6,0,advanced,moderate,0.4919,0.05152,0.27228,0.49188,0.18432
crops/hibogi_ai_01913_png_7.jpg,hibogi_ai_01913_png,HIBOGI_AI_01913_png_jpg.rf.390d4ec51dcef9b0ef092c88cf42c56c.jpg,,2,0,mild,mild,0.7448,0.13981,0.74483,0.05885,0.05651
crops/hibogi_ai_01913_png_8.jpg,hibogi_ai_01913_png,HIBOGI_AI_01913_png_jpg.rf.390d4ec51dcef9b0ef092c88cf42c56c.jpg,,5,0,advanced,advanced,0.5329,0.09635,0.19494,0.17582,0.5329
crops/hibogi_ai_01913_png_9.jpg,hibogi_ai_01913_png,HIBOGI_AI_01913_png_jpg.rf.390d4ec51dcef9b0ef092c88cf42c56c.jpg,,6,0,advanced,advanced,0.9229,0.00329,0.03703,0.03678,0.92291
crops/hibogi_ai_01913_png_10.jpg,hibogi_ai_01913_png,HIBOGI_AI_01913_png_jpg.rf.390d4ec51dcef9b0ef092c88cf42c56c.jpg,,0,0,no_caries,no_caries,0.7468,0.74681,0.105,0.10681,0.04138
crops/hibogi_ai_01913_png_11.jpg,hibogi_ai_01913_png,HIBOGI_AI_01913_png_jpg.rf.390d4ec51dcef9b0ef092c88cf42c56c.jpg,,0,0,no_caries,mild,0.3904,0.36091,0.3904,0.19133,0.05736
crops/hibogi_ai_01913_png_12.jpg,hibogi_ai_01913_png,HIBOGI_AI_01913_png_jpg.rf.390d4ec51dcef9b0ef092c88cf42c56c.jpg,,0,0,no_caries,mild,0.5546,0.37868,0.55463,0.04541,0.02128
crops/hibogi_ai_01913_png_13.jpg,hibogi_ai_01913_png,HIBOGI_AI_01913_png_jpg.rf.390d4ec51dcef9b0ef092c88cf42c56c.jpg,,0,0,no_caries,no_caries,0.5536,0.55359,0.39351,0.02656,0.02633
crops/hibogi_ai_01913_png_14.jpg,hibogi_ai_01913_png,HIBOGI_AI_01913_png_jpg.rf.390d4ec51dcef9b0ef092c88cf42c56c.jpg,,0,0,no_caries,no_caries,0.7104,0.71035,0.20986,0.04377,0.03602
crops/hibogi_ai_01913_png_15.jpg,hibogi_ai_01913_png,HIBOGI_AI_01913_png_jpg.rf.390d4ec51dcef9b0ef092c88cf42c56c.jpg,,0,0,no_caries,no_caries,0.4451,0.44514,0.44167,0.08109,0.0321
crops/hibogi_ai_01913_png_16.jpg,hibogi_ai_01913_png,HIBOGI_AI_01913_png_jpg.rf.390d4ec51dcef9b0ef092c88cf42c56c.jpg,,0,0,no_caries,advanced,0.3852,0.08203,0.36359,0.16915,0.38522
crops/hibogi_ai_01913_png_17.jpg,hibogi_ai_01913_png,HIBOGI_AI_01913_png_jpg.rf.390d4ec51dcef9b0ef092c88cf42c56c.jpg,,0,0,no_caries,mild,0.4871,0.29914,0.4871,0.09559,0.11817
crops/hibogi_ai_01913_png_18.jpg,hibogi_ai_01913_png,HIBOGI_AI_01913_png_jpg.rf.390d4ec51dcef9b0ef092c88cf42c56c.jpg,,6,0,advanced,no_caries,0.5282,0.5282,0.11674,0.19073,0.16433
crops/hibogi_ai_01920_png_0.jpg,hibogi_ai_01920_png,HIBOGI_AI_01920_png_jpg.rf.f9a983f236d4502adeb553b453ff8e2d.jpg,,0,0,no_caries,no_caries,0.7091,0.70915,0.12628,0.09839,0.06618
crops/hibogi_ai_01920_png_1.jpg,hibogi_ai_01920_png,HIBOGI_AI_01920_png_jpg.rf.f9a983f236d4502adeb553b453ff8e2d.jpg,,6,0,advanced,advanced,0.9614,0.01557,0.01653,0.00653,0.96137
crops/hibogi_ai_01920_png_2.jpg,hibogi_ai_01920_png,HIBOGI_AI_01920_png_jpg.rf.f9a983f236d4502adeb553b453ff8e2d.jpg,,5,0,advanced,advanced,0.8632,0.01323,0.11447,0.00906,0.86323
crops/hibogi_ai_01920_png_3.jpg,hibogi_ai_01920_png,HIBOGI_AI_01920_png_jpg.rf.f9a983f236d4502adeb553b453ff8e2d.jpg,,5,0,advanced,advanced,0.9861,0.00171,0.00908,0.0031,0.98611
crops/hibogi_ai_01920_png_4.jpg,hibogi_ai_01920_png,HIBOGI_AI_01920_png_jpg.rf.f9a983f236d4502adeb553b453ff8e2d.jpg,,1,0,mild,mild,0.7083,0.10344,0.70833,0.04853,0.13969
crops/hibogi_ai_01920_png_5.jpg,hibogi_ai_01920_png,HIBOGI_AI_01920_png_jpg.rf.f9a983f236d4502adeb553b453ff8e2d.jpg,,1,0,mild,no_caries,0.6448,0.64477,0.16861,0.15245,0.03417
crops/hibogi_ai_01920_png_6.jpg,hibogi_ai_01920_png,HIBOGI_AI_01920_png_jpg.rf.f9a983f236d4502adeb553b453ff8e2d.jpg,,1,0,mild,no_caries,0.8647,0.86466,0.06327,0.05395,0.01811
crops/hibogi_ai_01920_png_7.jpg,hibogi_ai_01920_png,HIBOGI_AI_01920_png_jpg.rf.f9a983f236d4502adeb553b453ff8e2d.jpg,,1,0,mild,no_caries,0.8351,0.83511,0.06094,0.07723,0.02672
crops/hibogi_ai_01920_png_8.jpg,hibogi_ai_01920_png,HIBOGI_AI_01920_png_jpg.rf.f9a983f236d4502adeb553b453ff8e2d.jpg,,1,0,mild,no_caries,0.9089,0.90888,0.03275,0.03025,0.02812
crops/hibogi_ai_01920_png_9.jpg,hibogi_ai_01920_png,HIBOGI_AI_01920_png_jpg.rf.f9a983f236d4502adeb553b453ff8e2d.jpg,,1,0,mild,no_caries,0.8375,0.83751,0.07475,0.04942,0.03831
crops/hibogi_ai_01920_png_10.jpg,hibogi_ai_01920_png,HIBOGI_AI_01920_png_jpg.rf.f9a983f236d4502adeb553b453ff8e2d.jpg,,0,0,no_caries,no_caries,0.7687,0.76871,0.07056,0.12495,0.03578
crops/hibogi_ai_01920_png_11.jpg,hibogi_ai_01920_png,HIBOGI_AI_01920_png_jpg.rf.f9a983f236d4502adeb553b453ff8e2d.jpg,,0,0,no_caries,no_caries,0.761,0.76103,0.06743,0.12495,0.0466
crops/hibogi_ai_01920_png_12.jpg,hibogi_ai_01920_png,HIBOGI_AI_01920_png_jpg.rf.f9a983f236d4502adeb553b453ff8e2d.jpg,,0,0,no_caries,no_caries,0.7906,0.79062,0.06552,0.10489,0.03897
crops/hibogi_ai_01920_png_13.jpg,hibogi_ai_01920_png,HIBOGI_AI_01920_png_jpg.rf.f9a983f236d4502adeb553b453ff8e2d.jpg,,6,0,advanced,no_caries,0.6047,0.60471,0.0998,0.22823,0.06725
crops/hibogi_ai_02350_png_0.jpg,hibogi_ai_02350_png,HIBOGI_AI_02350_png_jpg.rf.27bf67ee37a6c2d6732e90eb9a296d63.jpg,,0,0,no_caries,no_caries,0.8321,0.8321,0.08565,0.05203,0.03021
crops/hibogi_ai_02350_png_1.jpg,hibogi_ai_02350_png,HIBOGI_AI_02350_png_jpg.rf.27bf67ee37a6c2d6732e90eb9a296d63.jpg,,0,0,no_caries,no_caries,0.7835,0.78352,0.09459,0.08458,0.0373
crops/hibogi_ai_02350_png_2.jpg,hibogi_ai_02350_png,HIBOGI_AI_02350_png_jpg.rf.27bf67ee37a6c2d6732e90eb9a296d63.jpg,,0,0,no_caries,no_caries,0.6535,0.65347,0.21364,0.09348,0.03941
crops/hibogi_ai_02350_png_3.jpg,hibogi_ai_02350_png,HIBOGI_AI_02350_png_jpg.rf.27bf67ee37a6c2d6732e90eb9a296d63.jpg,,0,0,no_caries,no_caries,0.6319,0.63189,0.13242,0.17112,0.06457
crops/hibogi_ai_02350_png_4.jpg,hibogi_ai_02350_png,HIBOGI_AI_02350_png_jpg.rf.27bf67ee37a6c2d6732e90eb9a296d63.jpg,,0,0,no_caries,no_caries,0.7502,0.75016,0.09487,0.096,0.05897
crops/hibogi_ai_02350_png_5.jpg,hibogi_ai_02350_png,HIBOGI_AI_02350_png_jpg.rf.27bf67ee37a6c2d6732e90eb9a296d63.jpg,,0,0,no_caries,no_caries,0.7255,0.72547,0.11146,0.11357,0.04951
crops/hibogi_ai_02350_png_6.jpg,hibogi_ai_02350_png,HIBOGI_AI_02350_png_jpg.rf.27bf67ee37a6c2d6732e90eb9a296d63.jpg,,0,0,no_caries,no_caries,0.5968,0.59683,0.25323,0.09014,0.0598
crops/hibogi_ai_02350_png_7.jpg,hibogi_ai_02350_png,HIBOGI_AI_02350_png_jpg.rf.27bf67ee37a6c2d6732e90eb9a296d63.jpg,,0,0,no_caries,no_caries,0.7502,0.75016,0.13027,0.07045,0.04913
crops/hibogi_ai_02350_png_8.jpg,hibogi_ai_02350_png,HIBOGI_AI_02350_png_jpg.rf.27bf67ee37a6c2d6732e90eb9a296d63.jpg,,0,0,no_caries,no_caries,0.6093,0.60934,0.14952,0.20049,0.04066
crops/hibogi_ai_02350_png_9.jpg,hibogi_ai_02350_png,HIBOGI_AI_02350_png_jpg.rf.27bf67ee37a6c2d6732e90eb9a296d63.jpg,,0,0,no_caries,no_caries,0.6525,0.65254,0.1702,0.1025,0.07476
crops/hibogi_ai_02402_png_0.jpg,hibogi_ai_02402_png,HIBOGI_AI_02402_png_jpg.rf.3561cb19b579ceee2438c7e69ec7b138.jpg,,6,0,advanced,advanced,0.9852,0.00236,0.00814,0.00432,0.98518
crops/hibogi_ai_02402_png_1.jpg,hibogi_ai_02402_png,HIBOGI_AI_02402_png_jpg.rf.3561cb19b579ceee2438c7e69ec7b138.jpg,,6,0,advanced,advanced,0.9952,0.00027,0.00234,0.00223,0.99515
crops/hibogi_ai_02402_png_2.jpg,hibogi_ai_02402_png,HIBOGI_AI_02402_png_jpg.rf.3561cb19b579ceee2438c7e69ec7b138.jpg,,6,0,advanced,advanced,0.9959,0.00055,0.00215,0.0014,0.9959
crops/hibogi_ai_02402_png_3.jpg,hibogi_ai_02402_png,HIBOGI_AI_02402_png_jpg.rf.3561cb19b579ceee2438c7e69ec7b138.jpg,,6,0,advanced,advanced,0.9849,0.00299,0.0084,0.00369,0.98492
crops/hibogi_ai_02402_png_4.jpg,hibogi_ai_02402_png,HIBOGI_AI_02402_png_jpg.rf.3561cb19b579ceee2438c7e69ec7b138.jpg,,0,0,no_caries,mild,0.5493,0.27099,0.54926,0.07726,0.10249
crops/hibogi_ai_02402_png_5.jpg,hibogi_ai_02402_png,HIBOGI_AI_02402_png_jpg.rf.3561cb19b579ceee2438c7e69ec7b138.jpg,,0,0,no_caries,no_caries,0.2899,0.28989,0.19998,0.28197,0.22816
crops/hibogi_ai_02402_png_6.jpg,hibogi_ai_02402_png,HIBOGI_AI_02402_png_jpg.rf.3561cb19b579ceee2438c7e69ec7b138.jpg,,0,0,no_caries,no_caries,0.7377,0.73769,0.1523,0.08415,0.02587
crops/hibogi_ai_02402_png_7.jpg,hibogi_ai_02402_png,HIBOGI_AI_02402_png_jpg.rf.3561cb19b579ceee2438c7e69ec7b138.jpg,,0,0,no_caries,no_caries,0.741,0.74098,0.1324,0.09134,0.03528
crops/hibogi_ai_02402_png_8.jpg,hibogi_ai_02402_png,HIBOGI_AI_02402_png_jpg.rf.3561cb19b579ceee2438c7e69ec7b138.jpg,,0,0,no_caries,no_caries,0.714,0.71395,0.18375,0.06014,0.04215
crops/hibogi_ai_02402_png_9.jpg,hibogi_ai_02402_png,HIBOGI_AI_02402_png_jpg.rf.3561cb19b579ceee2438c7e69ec7b138.jpg,,0,0,no_caries,no_caries,0.7451,0.74513,0.14423,0.08344,0.0272
crops/hibogi_ai_02402_png_10.jpg,hibogi_ai_02402_png,HIBOGI_AI_02402_png_jpg.rf.3561cb19b579ceee2438c7e69ec7b138.jpg,,0,0,no_caries,no_caries,0.6571,0.65709,0.17045,0.12136,0.05109
crops/hibogi_ai_02402_png_11.jpg,hibogi_ai_02402_png,HIBOGI_AI_02402_png_jpg.rf.3561cb19b579ceee2438c7e69ec7b138.jpg,,0,0,no_caries,mild,0.8058,0.08043,0.80576,0.05348,0.06034
crops/hibogi_ai_02402_png_12.jpg,hibogi_ai_02402_png,HIBOGI_AI_02402_png_jpg.rf.3561cb19b579ceee2438c7e69ec7b138.jpg,,1,0,mild,advanced,0.7782,0.05091,0.102,0.06885,0.77824
crops/hibogi_ai_02440_png_0.jpg,hibogi_ai_02440_png,HIBOGI_AI_02440_png_jpg.rf.926ec9b0711863859767c6c9a3a10d86.jpg,,3,0,moderate,moderate,0.6127,0.0998,0.16083,0.6127,0.12667
crops/hibogi_ai_02440_png_1.jpg,hibogi_ai_02440_png,HIBOGI_AI_02440_png_jpg.rf.926ec9b0711863859767c6c9a3a10d86.jpg,,0,0,no_caries,no_caries,0.4429,0.44286,0.22071,0.10026,0.23617
crops/hibogi_ai_02440_png_2.jpg,hibogi_ai_02440_png,HIBOGI_AI_02440_png_jpg.rf.926ec9b0711863859767c6c9a3a10d86.jpg,,6,0,advanced,advanced,0.9956,0.00029,0.0025,0.00164,0.99557
crops/hibogi_ai_02440_png_3.jpg,hibogi_ai_02440_png,HIBOGI_AI_02440_png_jpg.rf.926ec9b0711863859767c6c9a3a10d86.jpg,,6,0,advanced,advanced,0.9921,0.00103,0.004,0.00285,0.99212
crops/hibogi_ai_02440_png_4.jpg,hibogi_ai_02440_png,HIBOGI_AI_02440_png_jpg.rf.926ec9b0711863859767c6c9a3a10d86.jpg,,6,0,advanced,advanced,0.9882,0.00208,0.00624,0.00349,0.98819
crops/hibogi_ai_02440_png_5.jpg,hibogi_ai_02440_png,HIBOGI_AI_02440_png_jpg.rf.926ec9b0711863859767c6c9a3a10d86.jpg,,6,0,advanced,advanced,0.9757,0.00413,0.00819,0.01193,0.97575
crops/hibogi_ai_02440_png_6.jpg,hibogi_ai_02440_png,HIBOGI_AI_02440_png_jpg.rf.926ec9b0711863859767c6c9a3a10d86.jpg,,0,0,no_caries,no_caries,0.654,0.65402,0.2022,0.09891,0.04487
crops/hibogi_ai_02440_png_7.jpg,hibogi_ai_02440_png,HIBOGI_AI_02440_png_jpg.rf.926ec9b0711863859767c6c9a3a10d86.jpg,,1,0,mild,no_caries,0.4972,0.49718,0.33736,0.12899,0.03647
crops/hibogi_ai_02440_png_8.jpg,hibogi_ai_02440_png,HIBOGI_AI_02440_png_jpg.rf.926ec9b0711863859767c6c9a3a10d86.jpg,,0,0,no_caries,no_caries,0.6374,0.63738,0.23406,0.09774,0.03082
crops/hibogi_ai_02702_png_0.jpg,hibogi_ai_02702_png,HIBOGI_AI_02702_png_jpg.rf.cbba75d26fc554c7a5af93aac995eee4.jpg,,0,0,no_caries,no_caries,0.4722,0.47217,0.33287,0.15235,0.04262
crops/hibogi_ai_02702_png_1.jpg,hibogi_ai_02702_png,HIBOGI_AI_02702_png_jpg.rf.cbba75d26fc554c7a5af93aac995eee4.jpg,,2,0,mild,moderate,0.3467,0.283,0.27236,0.34666,0.09798
crops/hibogi_ai_02702_png_2.jpg,hibogi_ai_02702_png,HIBOGI_AI_02702_png_jpg.rf.cbba75d26fc554c7a5af93aac995eee4.jpg,,5,0,advanced,advanced,0.9909,0.00073,0.00637,0.00197,0.99094
crops/hibogi_ai_02702_png_3.jpg,hibogi_ai_02702_png,HIBOGI_AI_02702_png_jpg.rf.cbba75d26fc554c7a5af93aac995eee4.jpg,,3,0,moderate,advanced,0.9267,0.00777,0.02964,0.0359,0.92669
crops/hibogi_ai_02702_png_4.jpg,hibogi_ai_02702_png,HIBOGI_AI_02702_png_jpg.rf.cbba75d26fc554c7a5af93aac995eee4.jpg,,1,0,mild,mild,0.5637,0.15838,0.5637,0.09712,0.1808
crops/hibogi_ai_02702_png_5.jpg,hibogi_ai_02702_png,HIBOGI_AI_02702_png_jpg.rf.cbba75d26fc554c7a5af93aac995eee4.jpg,,0,0,no_caries,no_caries,0.4502,0.45017,0.27895,0.22845,0.04243
crops/hibogi_ai_02702_png_6.jpg,hibogi_ai_02702_png,HIBOGI_AI_02702_png_jpg.rf.cbba75d26fc554c7a5af93aac995eee4.jpg,,0,0,no_caries,no_caries,0.6993,0.69926,0.13506,0.11546,0.05022
crops/hibogi_ai_02702_png_7.jpg,hibogi_ai_02702_png,HIBOGI_AI_02702_png_jpg.rf.cbba75d26fc554c7a5af93aac995eee4.jpg,,0,0,no_caries,no_caries,0.824,0.82404,0.09901,0.05929,0.01767
crops/hibogi_ai_02702_png_8.jpg,hibogi_ai_02702_png,HIBOGI_AI_02702_png_jpg.rf.cbba75d26fc554c7a5af93aac995eee4.jpg,,0,0,no_caries,no_caries,0.8391,0.83905,0.06787,0.04833,0.04476
crops/hibogi_ai_02702_png_9.jpg,hibogi_ai_02702_png,HIBOGI_AI_02702_png_jpg.rf.cbba75d26fc554c7a5af93aac995eee4.jpg,,0,0,no_caries,no_caries,0.8811,0.88108,0.03835,0.04774,0.03283
crops/hibogi_ai_02702_png_10.jpg,hibogi_ai_02702_png,HIBOGI_AI_02702_png_jpg.rf.cbba75d26fc554c7a5af93aac995eee4.jpg,,0,0,no_caries,no_caries,0.8585,0.85854,0.05176,0.05641,0.03329
crops/hibogi_ai_02702_png_11.jpg,hibogi_ai_02702_png,HIBOGI_AI_02702_png_jpg.rf.cbba75d26fc554c7a5af93aac995eee4.jpg,,0,0,no_caries,no_caries,0.8561,0.85613,0.0629,0.05778,0.02319
crops/hibogi_ai_02702_png_12.jpg,hibogi_ai_02702_png,HIBOGI_AI_02702_png_jpg.rf.cbba75d26fc554c7a5af93aac995eee4.jpg,,0,0,no_caries,no_caries,0.6211,0.62106,0.25765,0.07967,0.04161
crops/hibogi_ai_02712_png_0.jpg,hibogi_ai_02712_png,HIBOGI_AI_02712_png_jpg.rf.f1f57dd3364f52046ca483dc2d7808a5.jpg,,4,0,moderate,mild,0.495,0.36899,0.495,0.05271,0.0833
crops/hibogi_ai_02712_png_1.jpg,hibogi_ai_02712_png,HIBOGI_AI_02712_png_jpg.rf.f1f57dd3364f52046ca483dc2d7808a5.jpg,,3,0,moderate,advanced,0.3439,0.08104,0.28402,0.29104,0.3439
crops/hibogi_ai_02712_png_2.jpg,hibogi_ai_02712_png,HIBOGI_AI_02712_png_jpg.rf.f1f57dd3364f52046ca483dc2d7808a5.jpg,,3,0,moderate,no_caries,0.4297,0.42975,0.35516,0.12576,0.08933
crops/hibogi_ai_02712_png_3.jpg,hibogi_ai_02712_png,HIBOGI_AI_02712_png_jpg.rf.f1f57dd3364f52046ca483dc2d7808a5.jpg,,1,0,mild,no_caries,0.7097,0.7097,0.18211,0.06178,0.0464
crops/hibogi_ai_02712_png_4.jpg,hibogi_ai_02712_png,HIBOGI_AI_02712_png_jpg.rf.f1f57dd3364f52046ca483dc2d7808a5.jpg,,1,0,mild,moderate,0.5466,0.28814,0.12655,0.54662,0.03868
crops/hibogi_ai_02712_png_5.jpg,hibogi_ai_02712_png,HIBOGI_AI_02712_png_jpg.rf.f1f57dd3364f52046ca483dc2d7808a5.jpg,,1,0,mild,no_caries,0.5915,0.59151,0.24417,0.12077,0.04355
crops/hibogi_ai_02712_png_6.jpg,hibogi_ai_02712_png,HIBOGI_AI_02712_png_jpg.rf.f1f57dd3364f52046ca483dc2d7808a5.jpg,,1,0,mild,no_caries,0.813,0.81304,0.10349,0.05294,0.03053
crops/hibogi_ai_02712_png_7.jpg,hibogi_ai_02712_png,HIBOGI_AI_02712_png_jpg.rf.f1f57dd3364f52046ca483dc2d7808a5.jpg,,1,0,mild,no_caries,0.4125,0.41252,0.40929,0.11008,0.06811
crops/hibogi_ai_02820_png_0.jpg,hibogi_ai_02820_png,HIBOGI_AI_02820_png_jpg.rf.06fb546feee12e2c604073dd4a0b5432.jpg,,0,0,no_caries,no_caries,0.7125,0.71251,0.10289,0.10488,0.07972
crops/hibogi_ai_02820_png_1.jpg,hibogi_ai_02820_png,HIBOGI_AI_02820_png_jpg.rf.06fb546feee12e2c604073dd4a0b5432.jpg,,0,0,no_caries,advanced,0.9093,0.00238,0.07362,0.01471,0.90929
crops/hibogi_ai_02820_png_2.jpg,hibogi_ai_02820_png,HIBOGI_AI_02820_png_jpg.rf.06fb546feee12e2c604073dd4a0b5432.jpg,,2,0,mild,mild,0.452,0.03996,0.45204,0.05851,0.44949
crops/hibogi_ai_02820_png_3.jpg,hibogi_ai_02820_png,HIBOGI_AI_02820_png_jpg.rf.06fb546feee12e2c604073dd4a0b5432.jpg,,2,0,mild,mild,0.5159,0.05506,0.51593,0.08542,0.34359
crops/hibogi_ai_02820_png_4.jpg,hibogi_ai_02820_png,HIBOGI_AI_02820_png_jpg.rf.06fb546feee12e2c604073dd4a0b5432.jpg,,1,0,mild,mild,0.3824,0.27424,0.38236,0.14241,0.201
crops/hibogi_ai_02820_png_5.jpg,hibogi_ai_02820_png,HIBOGI_AI_02820_png_jpg.rf.06fb546feee12e2c604073dd4a0b5432.jpg,,0,0,no_caries,no_caries,0.5715,0.57152,0.33045,0.05772,0.0403
crops/hibogi_ai_02820_png_6.jpg,hibogi_ai_02820_png,HIBOGI_AI_02820_png_jpg.rf.06fb546feee12e2c604073dd4a0b5432.jpg,,0,0,no_caries,mild,0.5069,0.22101,0.50693,0.0568,0.21526
crops/hibogi_ai_02820_png_7.jpg,hibogi_ai_02820_png,HIBOGI_AI_02820_png_jpg.rf.06fb546feee12e2c604073dd4a0b5432.jpg,,3,0,moderate,no_caries,0.8438,0.84383,0.08766,0.05522,0.01329
crops/hibogi_ai_02820_png_8.jpg,hibogi_ai_02820_png,HIBOGI_AI_02820_png_jpg.rf.06fb546feee12e2c604073dd4a0b5432.jpg,,3,0,moderate,no_caries,0.6921,0.69206,0.08433,0.17539,0.04822
crops/hibogi_ai_02820_png_9.jpg,hibogi_ai_02820_png,HIBOGI_AI_02820_png_jpg.rf.06fb546feee12e2c604073dd4a0b5432.jpg,,3,0,moderate,no_caries,0.5683,0.5683,0.18189,0.22422,0.02559
crops/hibogi_ai_02820_png_10.jpg,hibogi_ai_02820_png,HIBOGI_AI_02820_png_jpg.rf.06fb546feee12e2c604073dd4a0b5432.jpg,,3,0,moderate,no_caries,0.6589,0.6589,0.07625,0.10878,0.15607
crops/hibogi_ai_02820_png_11.jpg,hibogi_ai_02820_png,HIBOGI_AI_02820_png_jpg.rf.06fb546feee12e2c604073dd4a0b5432.jpg,,0,0,no_caries,no_caries,0.5708,0.57078,0.32479,0.0583,0.04613
crops/hibogi_ai_02878_png_0.jpg,hibogi_ai_02878_png,HIBOGI_AI_02878_png_jpg.rf.a81a1f68cd1ff52bcb687f0257563775.jpg,,1,0,mild,no_caries,0.4561,0.45614,0.35792,0.10269,0.08325
crops/hibogi_ai_02878_png_1.jpg,hibogi_ai_02878_png,HIBOGI_AI_02878_png_jpg.rf.a81a1f68cd1ff52bcb687f0257563775.jpg,,1,0,mild,no_caries,0.4716,0.47161,0.33597,0.10574,0.08668
crops/hibogi_ai_02878_png_2.jpg,hibogi_ai_02878_png,HIBOGI_AI_02878_png_jpg.rf.a81a1f68cd1ff52bcb687f0257563775.jpg,,1,0,mild,no_caries,0.4399,0.43986,0.40679,0.0793,0.07405
crops/hibogi_ai_02878_png_3.jpg,hibogi_ai_02878_png,HIBOGI_AI_02878_png_jpg.rf.a81a1f68cd1ff52bcb687f0257563775.jpg,,0,0,no_caries,no_caries,0.4874,0.48741,0.37316,0.08478,0.05465
crops/hibogi_ai_02878_png_4.jpg,hibogi_ai_02878_png,HIBOGI_AI_02878_png_jpg.rf.a81a1f68cd1ff52bcb687f0257563775.jpg,,0,0,no_caries,mild,0.4263,0.33953,0.4263,0.16134,0.07283
crops/hibogi_ai_02878_png_5.jpg,hibogi_ai_02878_png,HIBOGI_AI_02878_png_jpg.rf.a81a1f68cd1ff52bcb687f0257563775.jpg,,0,0,no_caries,mild,0.5938,0.30851,0.59375,0.04525,0.05248
crops/hibogi_ai_02878_png_6.jpg,hibogi_ai_02878_png,HIBOGI_AI_02878_png_jpg.rf.a81a1f68cd1ff52bcb687f0257563775.jpg,,2,0,mild,mild,0.3738,0.17835,0.37384,0.12228,0.32553
crops/hibogi_ai_02878_png_7.jpg,hibogi_ai_02878_png,HIBOGI_AI_02878_png_jpg.rf.a81a1f68cd1ff52bcb687f0257563775.jpg,,1,0,mild,no_caries,0.6749,0.67487,0.17545,0.08473,0.06494
crops/hibogi_ai_02878_png_8.jpg,hibogi_ai_02878_png,HIBOGI_AI_02878_png_jpg.rf.a81a1f68cd1ff52bcb687f0257563775.jpg,,0,0,no_caries,no_caries,0.5902,0.59017,0.27759,0.06127,0.07097
crops/hibogi_ai_02878_png_9.jpg,hibogi_ai_02878_png,HIBOGI_AI_02878_png_jpg.rf.a81a1f68cd1ff52bcb687f0257563775.jpg,,0,0,no_caries,mild,0.7076,0.21948,0.70762,0.02505,0.04785
crops/hibogi_ai_02878_png_10.jpg,hibogi_ai_02878_png,HIBOGI_AI_02878_png_jpg.rf.a81a1f68cd1ff52bcb687f0257563775.jpg,,0,0,no_caries,mild,0.5458,0.3264,0.5458,0.07461,0.05319
crops/hibogi_ai_02878_png_11.jpg,hibogi_ai_02878_png,HIBOGI_AI_02878_png_jpg.rf.a81a1f68cd1ff52bcb687f0257563775.jpg,,0,0,no_caries,no_caries,0.5088,0.50879,0.32664,0.117,0.04757
crops/hibogi_ai_02878_png_12.jpg,hibogi_ai_02878_png,HIBOGI_AI_02878_png_jpg.rf.a81a1f68cd1ff52bcb687f0257563775.jpg,,1,0,mild,mild,0.6856,0.1841,0.68561,0.07495,0.05534
crops/hibogi_ai_02878_png_13.jpg,hibogi_ai_02878_png,HIBOGI_AI_02878_png_jpg.rf.a81a1f68cd1ff52bcb687f0257563775.jpg,,1,0,mild,mild,0.5832,0.278,0.58318,0.03057,0.10825
crops/hibogi_ai_02878_png_14.jpg,hibogi_ai_02878_png,HIBOGI_AI_02878_png_jpg.rf.a81a1f68cd1ff52bcb687f0257563775.jpg,,0,0,no_caries,mild,0.4869,0.22034,0.48691,0.04114,0.25162
crops/hibogi_ai_02928_png_0.jpg,hibogi_ai_02928_png,HIBOGI_AI_02928_png_jpg.rf.75f5f4f04557d7d1454c7f37a2064ab4.jpg,,3,0,moderate,moderate,0.7007,0.02631,0.14546,0.70068,0.12755
crops/hibogi_ai_02928_png_1.jpg,hibogi_ai_02928_png,HIBOGI_AI_02928_png_jpg.rf.75f5f4f04557d7d1454c7f37a2064ab4.jpg,,3,0,moderate,moderate,0.3608,0.12779,0.33919,0.3608,0.17222
crops/hibogi_ai_02928_png_2.jpg,hibogi_ai_02928_png,HIBOGI_AI_02928_png_jpg.rf.75f5f4f04557d7d1454c7f37a2064ab4.jpg,,5,0,advanced,advanced,0.6967,0.00812,0.07202,0.22316,0.6967
crops/hibogi_ai_02928_png_3.jpg,hibogi_ai_02928_png,HIBOGI_AI_02928_png_jpg.rf.75f5f4f04557d7d1454c7f37a2064ab4.jpg,,3,0,moderate,mild,0.5158,0.03823,0.51578,0.34218,0.10381
crops/hibogi_ai_02928_png_4.jpg,hibogi_ai_02928_png,HIBOGI_AI_02928_png_jpg.rf.75f5f4f04557d7d1454c7f37a2064ab4.jpg,,3,0,moderate,mild,0.6777,0.10453,0.67767,0.19115,0.02665
crops/hibogi_ai_02928_png_5.jpg,hibogi_ai_02928_png,HIBOGI_AI_02928_png_jpg.rf.75f5f4f04557d7d1454c7f37a2064ab4.jpg,,2,0,mild,advanced,0.4247,0.04011,0.32648,0.20867,0.42474
crops/hibogi_ai_02928_png_6.jpg,hibogi_ai_02928_png,HIBOGI_AI_02928_png_jpg.rf.75f5f4f04557d7d1454c7f37a2064ab4.jpg,,2,0,mild,mild,0.535,0.01202,0.53501,0.22291,0.23006
crops/hibogi_ai_02928_png_7.jpg,hibogi_ai_02928_png,HIBOGI_AI_02928_png_jpg.rf.75f5f4f04557d7d1454c7f37a2064ab4.jpg,,2,0,mild,mild,0.5104,0.14387,0.51042,0.20723,0.13849
crops/hibogi_ai_02928_png_8.jpg,hibogi_ai_02928_png,HIBOGI_AI_02928_png_jpg.rf.75f5f4f04557d7d1454c7f37a2064ab4.jpg,,2,0,mild,mild,0.4887,0.18754,0.48869,0.28867,0.0351
crops/hibogi_ai_02928_png_9.jpg,hibogi_ai_02928_png,HIBOGI_AI_02928_png_jpg.rf.75f5f4f04557d7d1454c7f37a2064ab4.jpg,,2,0,mild,no_caries,0.5368,0.53676,0.33465,0.09193,0.03666
crops/hibogi_ai_02928_png_10.jpg,hibogi_ai_02928_png,HIBOGI_AI_02928_png_jpg.rf.75f5f4f04557d7d1454c7f37a2064ab4.jpg,,3,0,moderate,moderate,0.8152,0.01089,0.12623,0.81517,0.04771
crops/hibogi_ai_02928_png_11.jpg,hibogi_ai_02928_png,HIBOGI_AI_02928_png_jpg.rf.75f5f4f04557d7d1454c7f37a2064ab4.jpg,,3,0,moderate,advanced,0.4095,0.03486,0.27755,0.27808,0.4095
crops/hibogi_ai_02928_png_12.jpg,hibogi_ai_02928_png,HIBOGI_AI_02928_png_jpg.rf.75f5f4f04557d7d1454c7f37a2064ab4.jpg,,5,0,advanced,moderate,0.5342,0.05084,0.20544,0.53418,0.20955
crops/hibogi_ai_02991_png_0.jpg,hibogi_ai_02991_png,HIBOGI_AI_02991_png_jpg.rf.be86b8dd9f1f9163efac72a7f29da4c9.jpg,,1,0,mild,moderate,0.5784,0.0282,0.35052,0.57844,0.04284
crops/hibogi_ai_02991_png_1.jpg,hibogi_ai_02991_png,HIBOGI_AI_02991_png_jpg.rf.be86b8dd9f1f9163efac72a7f29da4c9.jpg,,3,0,moderate,mild,0.5742,0.05581,0.5742,0.34662,0.02337
crops/hibogi_ai_02991_png_2.jpg,hibogi_ai_02991_png,HIBOGI_AI_02991_png_jpg.rf.be86b8dd9f1f9163efac72a7f29da4c9.jpg,,3,0,moderate,mild,0.5553,0.38538,0.55525,0.04613,0.01323
crops/hibogi_ai_02991_png_3.jpg,hibogi_ai_02991_png,HIBOGI_AI_02991_png_jpg.rf.be86b8dd9f1f9163efac72a7f29da4c9.jpg,,2,0,mild,mild,0.4812,0.36845,0.48121,0.11931,0.03103
crops/hibogi_ai_02991_png_4.jpg,hibogi_ai_02991_png,HIBOGI_AI_02991_png_jpg.rf.be86b8dd9f1f9163efac72a7f29da4c9.jpg,,0,0,no_caries,no_caries,0.6114,0.61138,0.25242,0.10506,0.03115
crops/hibogi_ai_02991_png_5.jpg,hibogi_ai_02991_png,HIBOGI_AI_02991_png_jpg.rf.be86b8dd9f1f9163efac72a7f29da4c9.jpg,,0,0,no_caries,no_caries,0.5706,0.57062,0.23485,0.14098,0.05354
crops/hibogi_ai_02991_png_6.jpg,hibogi_ai_02991_png,HIBOGI_AI_02991_png_jpg.rf.be86b8dd9f1f9163efac72a7f29da4c9.jpg,,0,0,no_caries,no_caries,0.484,0.48397,0.28477,0.16847,0.06279
crops/hibogi_ai_02991_png_7.jpg,hibogi_ai_02991_png,HIBOGI_AI_02991_png_jpg.rf.be86b8dd9f1f9163efac72a7f29da4c9.jpg,,0,0,no_caries,no_caries,0.5555,0.55552,0.22489,0.1724,0.04719
crops/hibogi_ai_02991_png_8.jpg,hibogi_ai_02991_png,HIBOGI_AI_02991_png_jpg.rf.be86b8dd9f1f9163efac72a7f29da4c9.jpg,,0,0,no_caries,no_caries,0.5689,0.56892,0.25013,0.1359,0.04506
crops/hibogi_ai_02991_png_9.jpg,hibogi_ai_02991_png,HIBOGI_AI_02991_png_jpg.rf.be86b8dd9f1f9163efac72a7f29da4c9.jpg,,0,0,no_caries,no_caries,0.5236,0.52355,0.33131,0.12039,0.02475
crops/hibogi_ai_02991_png_10.jpg,hibogi_ai_02991_png,HIBOGI_AI_02991_png_jpg.rf.be86b8dd9f1f9163efac72a7f29da4c9.jpg,,0,0,no_caries,mild,0.3668,0.30116,0.36684,0.27041,0.06159
crops/hibogi_ai_02991_png_11.jpg,hibogi_ai_02991_png,HIBOGI_AI_02991_png_jpg.rf.be86b8dd9f1f9163efac72a7f29da4c9.jpg,,0,0,no_caries,mild,0.6667,0.2186,0.66665,0.10106,0.01369
crops/hibogi_ai_02991_png_12.jpg,hibogi_ai_02991_png,HIBOGI_AI_02991_png_jpg.rf.be86b8dd9f1f9163efac72a7f29da4c9.jpg,,4,0,moderate,moderate,0.7971,0.00465,0.18801,0.79713,0.0102
crops/hibogi_ai_03021_png_0.jpg,hibogi_ai_03021_png,HIBOGI_AI_03021_png_jpg.rf.2fefa5efeaccff6978eadf3f80f56931.jpg,,2,0,mild,mild,0.519,0.18969,0.51899,0.23532,0.056
crops/hibogi_ai_03021_png_1.jpg,hibogi_ai_03021_png,HIBOGI_AI_03021_png_jpg.rf.2fefa5efeaccff6978eadf3f80f56931.jpg,,6,0,advanced,advanced,0.9659,0.00239,0.01355,0.01812,0.96594
crops/hibogi_ai_03021_png_2.jpg,hibogi_ai_03021_png,HIBOGI_AI_03021_png_jpg.rf.2fefa5efeaccff6978eadf3f80f56931.jpg,,3,0,moderate,mild,0.7595,0.06117,0.75953,0.08553,0.09377
crops/hibogi_ai_03021_png_3.jpg,hibogi_ai_03021_png,HIBOGI_AI_03021_png_jpg.rf.2fefa5efeaccff6978eadf3f80f56931.jpg,,2,0,mild,moderate,0.4772,0.10494,0.32531,0.4772,0.09255
crops/hibogi_ai_03021_png_4.jpg,hibogi_ai_03021_png,HIBOGI_AI_03021_png_jpg.rf.2fefa5efeaccff6978eadf3f80f56931.jpg,,1,0,mild,mild,0.4161,0.37196,0.4161,0.16326,0.04867
crops/hibogi_ai_03021_png_5.jpg,hibogi_ai_03021_png,HIBOGI_AI_03021_png_jpg.rf.2fefa5efeaccff6978eadf3f80f56931.jpg,,2,0,mild,mild,0.5048,0.3337,0.50482,0.11498,0.0465
crops/hibogi_ai_03021_png_6.jpg,hibogi_ai_03021_png,HIBOGI_AI_03021_png_jpg.rf.2fefa5efeaccff6978eadf3f80f56931.jpg,,2,0,mild,no_caries,0.4018,0.4018,0.36902,0.15056,0.07863
crops/hibogi_ai_03021_png_7.jpg,hibogi_ai_03021_png,HIBOGI_AI_03021_png_jpg.rf.2fefa5efeaccff6978eadf3f80f56931.jpg,,2,0,mild,no_caries,0.5888,0.58878,0.22982,0.14278,0.03861
crops/hibogi_ai_03021_png_8.jpg,hibogi_ai_03021_png,HIBOGI_AI_03021_png_jpg.rf.2fefa5efeaccff6978eadf3f80f56931.jpg,,2,0,mild,no_caries,0.4125,0.41251,0.35242,0.17183,0.06324
crops/hibogi_ai_03021_png_9.jpg,hibogi_ai_03021_png,HIBOGI_AI_03021_png_jpg.rf.2fefa5efeaccff6978eadf3f80f56931.jpg,,2,0,mild,no_caries,0.4297,0.42971,0.39899,0.12249,0.04881
crops/hibogi_ai_03021_png_10.jpg,hibogi_ai_03021_png,HIBOGI_AI_03021_png_jpg.rf.2fefa5efeaccff6978eadf3f80f56931.jpg,,2,0,mild,moderate,0.5499,0.06066,0.26591,0.5499,0.12353
crops/hibogi_ai_03021_png_11.jpg,hibogi_ai_03021_png,HIBOGI_AI_03021_png_jpg.rf.2fefa5efeaccff6978eadf3f80f56931.jpg,,3,0,moderate,mild,0.4549,0.01691,0.45495,0.08793,0.44021
crops/hibogi_ai_03021_png_12.jpg,hibogi_ai_03021_png,HIBOGI_AI_03021_png_jpg.rf.2fefa5efeaccff6978eadf3f80f56931.jpg,,5,0,advanced,advanced,0.5619,0.03117,0.13174,0.27518,0.56192
crops/hibogi_ai_03058_png_0.jpg,hibogi_ai_03058_png,HIBOGI_AI_03058_png_jpg.rf.7ffeddff62109c7ffbe44d80585a04a9.jpg,,0,0,no_caries,no_caries,0.6874,0.68742,0.20558,0.06363,0.04337
crops/hibogi_ai_03058_png_1.jpg,hibogi_ai_03058_png,HIBOGI_AI_03058_png_jpg.rf.7ffeddff62109c7ffbe44d80585a04a9.jpg,,0,0,no_caries,no_caries,0.3239,0.32394,0.25589,0.11855,0.30162
crops/hibogi_ai_03058_png_2.jpg,hibogi_ai_03058_png,HIBOGI_AI_03058_png_jpg.rf.7ffeddff62109c7ffbe44d80585a04a9.jpg,,1,0,mild,no_caries,0.4612,0.46119,0.44857,0.03905,0.05119
crops/hibogi_ai_03058_png_3.jpg,hibogi_ai_03058_png,HIBOGI_AI_03058_png_jpg.rf.7ffeddff62109c7ffbe44d80585a04a9.jpg,,2,0,mild,advanced,0.9559,0.0011,0.02397,0.01907,0.95585
crops/hibogi_ai_03058_png_4.jpg,hibogi_ai_03058_png,HIBOGI_AI_03058_png_jpg.rf.7ffeddff62109c7ffbe44d80585a04a9.jpg,,2,0,mild,mild,0.519,0.10483,0.51898,0.19171,0.18448
crops/hibogi_ai_03058_png_5.jpg,hibogi_ai_03058_png,HIBOGI_AI_03058_png_jpg.rf.7ffeddff62109c7ffbe44d80585a04a9.jpg,,2,0,mild,advanced,0.836,0.0055,0.0773,0.08125,0.83595
crops/hibogi_ai_03058_png_6.jpg,hibogi_ai_03058_png,HIBOGI_AI_03058_png_jpg.rf.7ffeddff62109c7ffbe44d80585a04a9.jpg,,5,0,advanced,advanced,0.9255,0.00535,0.03958,0.02954,0.92552
crops/hibogi_ai_03058_png_7.jpg,hibogi_ai_03058_png,HIBOGI_AI_03058_png_jpg.rf.7ffeddff62109c7ffbe44d80585a04a9.jpg,,2,0,mild,mild,0.6337,0.08109,0.63371,0.18285,0.10235
crops/hibogi_ai_03058_png_8.jpg,hibogi_ai_03058_png,HIBOGI_AI_03058_png_jpg.rf.7ffeddff62109c7ffbe44d80585a04a9.jpg,,5,0,advanced,mild,0.688,0.03938,0.68804,0.14981,0.12278
crops/hibogi_ai_03137_png_0.jpg,hibogi_ai_03137_png,HIBOGI_AI_03137_png_jpg.rf.19c88bbe066a1ea611a8d9dc416bd2cc.jpg,,3,0,moderate,moderate,0.406,0.08494,0.29842,0.40596,0.21069
crops/hibogi_ai_03137_png_1.jpg,hibogi_ai_03137_png,HIBOGI_AI_03137_png_jpg.rf.19c88bbe066a1ea611a8d9dc416bd2cc.jpg,,2,0,mild,no_caries,0.7296,0.72956,0.11288,0.12017,0.03739
crops/hibogi_ai_03137_png_2.jpg,hibogi_ai_03137_png,HIBOGI_AI_03137_png_jpg.rf.19c88bbe066a1ea611a8d9dc416bd2cc.jpg,,1,0,mild,mild,0.6275,0.07148,0.6275,0.12788,0.17314
crops/hibogi_ai_03137_png_3.jpg,hibogi_ai_03137_png,HIBOGI_AI_03137_png_jpg.rf.19c88bbe066a1ea611a8d9dc416bd2cc.jpg,,0,0,no_caries,no_caries,0.7794,0.77939,0.07745,0.11138,0.03178
crops/hibogi_ai_03137_png_4.jpg,hibogi_ai_03137_png,HIBOGI_AI_03137_png_jpg.rf.19c88bbe066a1ea611a8d9dc416bd2cc.jpg,,0,0,no_caries,no_caries,0.7033,0.7033,0.09019,0.17848,0.02803
crops/hibogi_ai_03137_png_5.jpg,hibogi_ai_03137_png,HIBOGI_AI_03137_png_jpg.rf.19c88bbe066a1ea611a8d9dc416bd2cc.jpg,,0,0,no_caries,no_caries,0.7234,0.72337,0.09742,0.13705,0.04216
crops/hibogi_ai_03137_png_6.jpg,hibogi_ai_03137_png,HIBOGI_AI_03137_png_jpg.rf.19c88bbe066a1ea611a8d9dc416bd2cc.jpg,,0,0,no_caries,no_caries,0.6633,0.66327,0.15614,0.14873,0.03186
crops/hibogi_ai_03180_png_0.jpg,hibogi_ai_03180_png,HIBOGI_AI_03180_png_jpg.rf.9d023e2366186ed7e79361a03a9a8bfc.jpg,,3,0,moderate,mild,0.6002,0.15193,0.60023,0.06568,0.18215
crops/hibogi_ai_03180_png_1.jpg,hibogi_ai_03180_png,HIBOGI_AI_03180_png_jpg.rf.9d023e2366186ed7e79361a03a9a8bfc.jpg,,1,0,mild,mild,0.459,0.26011,0.45904,0.14469,0.13616
crops/hibogi_ai_03180_png_2.jpg,hibogi_ai_03180_png,HIBOGI_AI_03180_png_jpg.rf.9d023e2366186ed7e79361a03a9a8bfc.jpg,,0,0,no_caries,no_caries,0.7729,0.77291,0.12551,0.05298,0.0486
crops/hibogi_ai_03180_png_3.jpg,hibogi_ai_03180_png,HIBOGI_AI_03180_png_jpg.rf.9d023e2366186ed7e79361a03a9a8bfc.jpg,,0,0,no_caries,no_caries,0.7051,0.70513,0.12555,0.10915,0.06017
crops/hibogi_ai_03180_png_4.jpg,hibogi_ai_03180_png,HIBOGI_AI_03180_png_jpg.rf.9d023e2366186ed7e79361a03a9a8bfc.jpg,,0,0,no_caries,no_caries,0.7226,0.72261,0.14508,0.08545,0.04686
crops/hibogi_ai_03180_png_5.jpg,hibogi_ai_03180_png,HIBOGI_AI_03180_png_jpg.rf.9d023e2366186ed7e79361a03a9a8bfc.jpg,,0,0,no_caries,no_caries,0.6704,0.67044,0.21505,0.05267,0.06184
crops/hibogi_ai_03180_png_6.jpg,hibogi_ai_03180_png,HIBOGI_AI_03180_png_jpg.rf.9d023e2366186ed7e79361a03a9a8bfc.jpg,,0,0,no_caries,no_caries,0.7493,0.74934,0.15781,0.06239,0.03047
crops/hibogi_ai_03180_png_7.jpg,hibogi_ai_03180_png,HIBOGI_AI_03180_png_jpg.rf.9d023e2366186ed7e79361a03a9a8bfc.jpg,,0,0,no_caries,no_caries,0.7983,0.79827,0.15366,0.02065,0.02742
crops/hibogi_ai_03180_png_8.jpg,hibogi_ai_03180_png,HIBOGI_AI_03180_png_jpg.rf.9d023e2366186ed7e79361a03a9a8bfc.jpg,,0,0,no_caries,no_caries,0.723,0.72301,0.22595,0.02356,0.02748
crops/hibogi_ai_03180_png_9.jpg,hibogi_ai_03180_png,HIBOGI_AI_03180_png_jpg.rf.9d023e2366186ed7e79361a03a9a8bfc.jpg,,0,0,no_caries,no_caries,0.4693,0.4693,0.46888,0.02773,0.03409
crops/hibogi_ai_03180_png_10.jpg,hibogi_ai_03180_png,HIBOGI_AI_03180_png_jpg.rf.9d023e2366186ed7e79361a03a9a8bfc.jpg,,0,0,no_caries,no_caries,0.7228,0.72275,0.19324,0.04846,0.03555
crops/hibogi_ai_03180_png_11.jpg,hibogi_ai_03180_png,HIBOGI_AI_03180_png_jpg.rf.9d023e2366186ed7e79361a03a9a8bfc.jpg,,0,0,no_caries,no_caries,0.8095,0.80949,0.09025,0.0704,0.02987
crops/hibogi_ai_03180_png_12.jpg,hibogi_ai_03180_png,HIBOGI_AI_03180_png_jpg.rf.9d023e2366186ed7e79361a03a9a8bfc.jpg,,0,0,no_caries,no_caries,0.7737,0.77369,0.15391,0.04313,0.02928
crops/hibogi_ai_03180_png_13.jpg,hibogi_ai_03180_png,HIBOGI_AI_03180_png_jpg.rf.9d023e2366186ed7e79361a03a9a8bfc.jpg,,0,0,no_caries,no_caries,0.7088,0.7088,0.1339,0.11797,0.03933
crops/hibogi_ai_03194_png_0.jpg,hibogi_ai_03194_png,HIBOGI_AI_03194_png_jpg.rf.86670fe349fb0079f7d4683a818eeb9e.jpg,,0,0,no_caries,no_caries,0.8236,0.82364,0.06473,0.07898,0.03265
crops/hibogi_ai_03194_png_1.jpg,hibogi_ai_03194_png,HIBOGI_AI_03194_png_jpg.rf.86670fe349fb0079f7d4683a818eeb9e.jpg,,0,0,no_caries,no_caries,0.7761,0.77612,0.14229,0.04428,0.03731
crops/hibogi_ai_03194_png_2.jpg,hibogi_ai_03194_png,HIBOGI_AI_03194_png_jpg.rf.86670fe349fb0079f7d4683a818eeb9e.jpg,,0,0,no_caries,no_caries,0.6265,0.62654,0.21441,0.12945,0.0296
crops/hibogi_ai_03194_png_3.jpg,hibogi_ai_03194_png,HIBOGI_AI_03194_png_jpg.rf.86670fe349fb0079f7d4683a818eeb9e.jpg,,0,0,no_caries,no_caries,0.6578,0.65781,0.26202,0.05578,0.0244
crops/hibogi_ai_03194_png_4.jpg,hibogi_ai_03194_png,HIBOGI_AI_03194_png_jpg.rf.86670fe349fb0079f7d4683a818eeb9e.jpg,,0,0,no_caries,no_caries,0.8809,0.88094,0.04011,0.0469,0.03204
crops/hibogi_ai_03194_png_5.jpg,hibogi_ai_03194_png,HIBOGI_AI_03194_png_jpg.rf.86670fe349fb0079f7d4683a818eeb9e.jpg,,0,0,no_caries,no_caries,0.3461,0.34605,0.14045,0.31531,0.19819
crops/hibogi_ai_03194_png_6.jpg,hibogi_ai_03194_png,HIBOGI_AI_03194_png_jpg.rf.86670fe349fb0079f7d4683a818eeb9e.jpg,,0,0,no_caries,no_caries,0.7389,0.73894,0.12279,0.09804,0.04024
crops/hibogi_ai_03194_png_7.jpg,hibogi_ai_03194_png,HIBOGI_AI_03194_png_jpg.rf.86670fe349fb0079f7d4683a818eeb9e.jpg,,0,0,no_caries,no_caries,0.6347,0.63468,0.27715,0.04454,0.04363
crops/hibogi_ai_03333_png_0.jpg,hibogi_ai_03333_png,HIBOGI_AI_03333_png_jpg.rf.47643e6b931d62469b61dec4d869532a.jpg,,0,0,no_caries,no_caries,0.7172,0.71723,0.10892,0.12734,0.04652
crops/hibogi_ai_03333_png_1.jpg,hibogi_ai_03333_png,HIBOGI_AI_03333_png_jpg.rf.47643e6b931d62469b61dec4d869532a.jpg,,2,0,mild,no_caries,0.7425,0.74245,0.10841,0.0846,0.06454
crops/hibogi_ai_03333_png_2.jpg,hibogi_ai_03333_png,HIBOGI_AI_03333_png_jpg.rf.47643e6b931d62469b61dec4d869532a.jpg,,0,0,no_caries,no_caries,0.6671,0.66712,0.22317,0.05895,0.05076
crops/hibogi_ai_03333_png_3.jpg,hibogi_ai_03333_png,HIBOGI_AI_03333_png_jpg.rf.47643e6b931d62469b61dec4d869532a.jpg,,0,0,no_caries,no_caries,0.7879,0.78789,0.0505,0.12399,0.03762
crops/hibogi_ai_03333_png_4.jpg,hibogi_ai_03333_png,HIBOGI_AI_03333_png_jpg.rf.47643e6b931d62469b61dec4d869532a.jpg,,0,0,no_caries,no_caries,0.8219,0.82187,0.06181,0.07846,0.03786
crops/hibogi_ai_03333_png_5.jpg,hibogi_ai_03333_png,HIBOGI_AI_03333_png_jpg.rf.47643e6b931d62469b61dec4d869532a.jpg,,0,0,no_caries,no_caries,0.7705,0.77045,0.09365,0.09798,0.03792
crops/hibogi_ai_03333_png_6.jpg,hibogi_ai_03333_png,HIBOGI_AI_03333_png_jpg.rf.47643e6b931d62469b61dec4d869532a.jpg,,0,0,no_caries,no_caries,0.7894,0.78938,0.09853,0.06946,0.04263
crops/hibogi_ai_03333_png_7.jpg,hibogi_ai_03333_png,HIBOGI_AI_03333_png_jpg.rf.47643e6b931d62469b61dec4d869532a.jpg,,0,0,no_caries,no_caries,0.7746,0.77463,0.1244,0.06654,0.03443
crops/hibogi_ai_03333_png_8.jpg,hibogi_ai_03333_png,HIBOGI_AI_03333_png_jpg.rf.47643e6b931d62469b61dec4d869532a.jpg,,0,0,no_caries,moderate,0.5079,0.23386,0.17135,0.50792,0.08687
crops/hibogi_ai_03333_png_9.jpg,hibogi_ai_03333_png,HIBOGI_AI_03333_png_jpg.rf.47643e6b931d62469b61dec4d869532a.jpg,,3,0,moderate,no_caries,0.4023,0.40229,0.17251,0.34316,0.08203
crops/hibogi_ai_03336_png_0.jpg,hibogi_ai_03336_png,HIBOGI_AI_03336_png_jpg.rf.9d2ea201f12f33f7124eca9d4f01324e.jpg,,5,0,advanced,advanced,0.6972,0.0117,0.03465,0.25645,0.69721
crops/hibogi_ai_03336_png_1.jpg,hibogi_ai_03336_png,HIBOGI_AI_03336_png_jpg.rf.9d2ea201f12f33f7124eca9d4f01324e.jpg,,5,0,advanced,advanced,0.8517,0.00652,0.01338,0.12841,0.85169
crops/hibogi_ai_03336_png_2.jpg,hibogi_ai_03336_png,HIBOGI_AI_03336_png_jpg.rf.9d2ea201f12f33f7124eca9d4f01324e.jpg,,5,0,advanced,moderate,0.7076,0.00656,0.03809,0.70759,0.24776
crops/hibogi_ai_03336_png_3.jpg,hibogi_ai_03336_png,HIBOGI_AI_03336_png_jpg.rf.9d2ea201f12f33f7124eca9d4f01324e.jpg,,0,0,no_caries,no_caries,0.8424,0.84235,0.09358,0.03963,0.02444
crops/hibogi_ai_03336_png_4.jpg,hibogi_ai_03336_png,HIBOGI_AI_03336_png_jpg.rf.9d2ea201f12f33f7124eca9d4f01324e.jpg,,0,0,no_caries,no_caries,0.8365,0.83646,0.09757,0.03783,0.02814
crops/hibogi_ai_03336_png_5.jpg,hibogi_ai_03336_png,HIBOGI_AI_03336_png_jpg.rf.9d2ea201f12f33f7124eca9d4f01324e.jpg,,0,0,no_caries,no_caries,0.8544,0.85437,0.07552,0.04402,0.02609
crops/hibogi_ai_03336_png_6.jpg,hibogi_ai_03336_png,HIBOGI_AI_03336_png_jpg.rf.9d2ea201f12f33f7124eca9d4f01324e.jpg,,0,0,no_caries,no_caries,0.9079,0.90791,0.04405,0.03083,0.01721
crops/hibogi_ai_03336_png_7.jpg,hibogi_ai_03336_png,HIBOGI_AI_03336_png_jpg.rf.9d2ea201f12f33f7124eca9d4f01324e.jpg,,0,0,no_caries,no_caries,0.8959,0.89593,0.04964,0.03184,0.02258
crops/hibogi_ai_03336_png_8.jpg,hibogi_ai_03336_png,HIBOGI_AI_03336_png_jpg.rf.9d2ea201f12f33f7124eca9d4f01324e.jpg,,0,0,no_caries,no_caries,0.712,0.71196,0.11545,0.10589,0.06671
crops/hibogi_ai_03336_png_9.jpg,hibogi_ai_03336_png,HIBOGI_AI_03336_png_jpg.rf.9d2ea201f12f33f7124eca9d4f01324e.jpg,,0,0,no_caries,mild,0.4077,0.21556,0.40773,0.32456,0.05215
crops/hibogi_ai_03336_png_10.jpg,hibogi_ai_03336_png,HIBOGI_AI_03336_png_jpg.rf.9d2ea201f12f33f7124eca9d4f01324e.jpg,,4,0,moderate,moderate,0.4291,0.10045,0.42124,0.42914,0.04918
crops/hibogi_ai_03336_png_11.jpg,hibogi_ai_03336_png,HIBOGI_AI_03336_png_jpg.rf.9d2ea201f12f33f7124eca9d4f01324e.jpg,,5,0,advanced,advanced,0.9413,0.00489,0.01347,0.04031,0.94133
